{"type":"FeatureCollection","features":[{"type":"Feature","id":"street-135207","properties":{"id":"street-135207","dataset":"street","gu":"영등포구","species":"양버즘나무","heightM":7.0,"crownWidthM":2.0,"rawHeight":7.0,"rawCrownWidth":2.0,"quality":"valid","sourceYear":2013},"geometry":{"type":"Point","coordinates":[126.91211662,37.52148749]}},{"type":"Feature","id":"street-135215","properties":{"id":"street-135215","dataset":"street","gu":"영등포구","species":"은행나무","heightM":9.0,"crownWidthM":3.0,"rawHeight":9.0,"rawCrownWidth":3.0,"quality":"valid","sourceYear":2013},"geometry":{"type":"Point","coordinates":[126.91826321,37.52519814]}},{"type":"Feature","id":"street-135219","properties":{"id":"street-135219","dataset":"street","gu":"영등포구","species":"벚나무","heightM":6.0,"crownWidthM":5.0,"rawHeight":6.0,"rawCrownWidth":5.0,"quality":"valid","sourceYear":2013},"geometry":{"type":"Point","coordinates":[126.91552582,37.52385953]}},{"type":"Feature","id":"street-135663","properties":{"id":"street-135663","dataset":"street","gu":"영등포구","species":"은행나무","heightM":9.0,"crownWidthM":4.0,"rawHeight":9.0,"rawCrownWidth":4.0,"quality":"valid","sourceYear":2013},"geometry":{"type":"Point","coordinates":[126.91650534,37.52699276]}},{"type":"Feature","id":"street-135667","properties":{"id":"street-135667","dataset":"street","gu":"영등포구","species":"양버즘나무","heightM":6.0,"crownWidthM":2.0,"rawHeight":6.0,"rawCrownWidth":2.0,"quality":"valid","sourceYear":2013},"geometry":{"type":"Point","coordinates":[126.91023753,37.52389207]}},{"type":"Feature","id":"street-135672","properties":{"id":"street-135672","dataset":"street","gu":"영등포구","species":"은행나무","heightM":9.0,"crownWidthM":6.0,"rawHeight":9.0,"rawCrownWidth":6.0,"quality":"valid","sourceYear":2013},"geometry":{"type":"Point","coordinates":[126.9184053,37.52526725]}},{"type":"Feature","id":"street-135864","properties":{"id":"street-135864","dataset":"street","gu":"영등포구","species":"은행나무","heightM":9.0,"crownWidthM":5.0,"rawHeight":9.0,"rawCrownWidth":5.0,"quality":"valid","sourceYear":2013},"geometry":{"type":"Point","coordinates":[126.91817998,37.52846638]}},{"type":"Feature","id":"street-135957","properties":{"id":"street-135957","dataset":"street","gu":"영등포구","species":"벚나무","heightM":6.0,"crownWidthM":4.0,"rawHeight":6.0,"rawCrownWidth":4.0,"quality":"valid","sourceYear":2013},"geometry":{"type":"Point","coordinates":[126.91452954,37.52573025]}},{"type":"Feature","id":"street-136125","properties":{"id":"street-136125","dataset":"street","gu":"영등포구","species":"은행나무","heightM":8.0,"crownWidthM":2.0,"rawHeight":8.0,"rawCrownWidth":2.0,"quality":"valid","sourceYear":2013},"geometry":{"type":"Point","coordinates":[126.91762879,37.52962046]}},{"type":"Feature","id":"street-136320","properties":{"id":"street-136320","dataset":"street","gu":"영등포구","species":"벚나무","heightM":6.0,"crownWidthM":3.0,"rawHeight":6.0,"rawCrownWidth":3.0,"quality":"valid","sourceYear":2013},"geometry":{"type":"Point","coordinates":[126.91473918,37.52543082]}},{"type":"Feature","id":"street-136329","properties":{"id":"street-136329","dataset":"street","gu":"영등포구","species":"벚나무","heightM":8.0,"crownWidthM":5.0,"rawHeight":8.0,"rawCrownWidth":5.0,"quality":"valid","sourceYear":2013},"geometry":{"type":"Point","coordinates":[126.91309496,37.52766807]}},{"type":"Feature","id":"street-136419","properties":{"id":"street-136419","dataset":"street","gu":"영등포구","species":"은행나무","heightM":7.0,"crownWidthM":3.0,"rawHeight":7.0,"rawCrownWidth":3.0,"quality":"valid","sourceYear":2013},"geometry":{"type":"Point","coordinates":[126.91878865,37.52191975]}},{"type":"Feature","id":"street-136424","properties":{"id":"street-136424","dataset":"street","gu":"영등포구","species":"은행나무","heightM":9.0,"crownWidthM":5.0,"rawHeight":9.0,"rawCrownWidth":5.0,"quality":"valid","sourceYear":2013},"geometry":{"type":"Point","coordinates":[126.91754385,37.52614148]}},{"type":"Feature","id":"street-136498","properties":{"id":"street-136498","dataset":"street","gu":"영등포구","species":"양버즘나무","heightM":7.0,"crownWidthM":4.0,"rawHeight":7.0,"rawCrownWidth":4.0,"quality":"valid","sourceYear":2013},"geometry":{"type":"Point","coordinates":[126.9197041,37.5272499]}},{"type":"Feature","id":"street-136503","properties":{"id":"street-136503","dataset":"street","gu":"영등포구","species":"벚나무","heightM":7.0,"crownWidthM":6.0,"rawHeight":7.0,"rawCrownWidth":6.0,"quality":"valid","sourceYear":2013},"geometry":{"type":"Point","coordinates":[126.91502554,37.52459825]}},{"type":"Feature","id":"street-136506","properties":{"id":"street-136506","dataset":"street","gu":"영등포구","species":"은행나무","heightM":7.0,"crownWidthM":3.0,"rawHeight":7.0,"rawCrownWidth":3.0,"quality":"valid","sourceYear":2013},"geometry":{"type":"Point","coordinates":[126.91894754,37.52061244]}},{"type":"Feature","id":"street-136627","properties":{"id":"street-136627","dataset":"street","gu":"영등포구","species":"양버즘나무","heightM":6.0,"crownWidthM":3.0,"rawHeight":6.0,"rawCrownWidth":3.0,"quality":"valid","sourceYear":2013},"geometry":{"type":"Point","coordinates":[126.91124718,37.52277682]}},{"type":"Feature","id":"street-136637","properties":{"id":"street-136637","dataset":"street","gu":"영등포구","species":"양버즘나무","heightM":6.0,"crownWidthM":2.0,"rawHeight":6.0,"rawCrownWidth":2.0,"quality":"valid","sourceYear":2013},"geometry":{"type":"Point","coordinates":[126.91001793,37.52455796]}},{"type":"Feature","id":"street-136650","properties":{"id":"street-136650","dataset":"street","gu":"영등포구","species":"은행나무","heightM":7.0,"crownWidthM":3.0,"rawHeight":7.0,"rawCrownWidth":3.0,"quality":"valid","sourceYear":2013},"geometry":{"type":"Point","coordinates":[126.91780161,37.52972928]}},{"type":"Feature","id":"street-136653","properties":{"id":"street-136653","dataset":"street","gu":"영등포구","species":"은행나무","heightM":9.0,"crownWidthM":5.0,"rawHeight":9.0,"rawCrownWidth":5.0,"quality":"valid","sourceYear":2013},"geometry":{"type":"Point","coordinates":[126.91832842,37.5269546]}},{"type":"Feature","id":"street-136656","properties":{"id":"street-136656","dataset":"street","gu":"영등포구","species":"느티나무","heightM":6.0,"crownWidthM":2.0,"rawHeight":6.0,"rawCrownWidth":2.0,"quality":"valid","sourceYear":2013},"geometry":{"type":"Point","coordinates":[126.91397188,37.52656038]}},{"type":"Feature","id":"street-136688","properties":{"id":"street-136688","dataset":"street","gu":"영등포구","species":"은행나무","heightM":7.0,"crownWidthM":4.0,"rawHeight":7.0,"rawCrownWidth":4.0,"quality":"valid","sourceYear":2013},"geometry":{"type":"Point","coordinates":[126.9196596,37.52188915]}},{"type":"Feature","id":"street-136689","properties":{"id":"street-136689","dataset":"street","gu":"영등포구","species":"벚나무","heightM":7.0,"crownWidthM":6.0,"rawHeight":7.0,"rawCrownWidth":6.0,"quality":"valid","sourceYear":2013},"geometry":{"type":"Point","coordinates":[126.91537055,37.52410123]}},{"type":"Feature","id":"street-136693","properties":{"id":"street-136693","dataset":"street","gu":"영등포구","species":"양버즘나무","heightM":7.0,"crownWidthM":3.0,"rawHeight":7.0,"rawCrownWidth":3.0,"quality":"valid","sourceYear":2013},"geometry":{"type":"Point","coordinates":[126.91035764,37.52371315]}},{"type":"Feature","id":"street-136778","properties":{"id":"street-136778","dataset":"street","gu":"영등포구","species":"양버즘나무","heightM":6.0,"crownWidthM":2.0,"rawHeight":6.0,"rawCrownWidth":2.0,"quality":"valid","sourceYear":2013},"geometry":{"type":"Point","coordinates":[126.9108801,37.52330383]}},{"type":"Feature","id":"street-136790","properties":{"id":"street-136790","dataset":"street","gu":"영등포구","species":"은행나무","heightM":9.0,"crownWidthM":3.0,"rawHeight":9.0,"rawCrownWidth":3.0,"quality":"valid","sourceYear":2013},"geometry":{"type":"Point","coordinates":[126.91845414,37.52500234]}},{"type":"Feature","id":"street-136810","properties":{"id":"street-136810","dataset":"street","gu":"영등포구","species":"은행나무","heightM":8.0,"crownWidthM":3.0,"rawHeight":8.0,"rawCrownWidth":3.0,"quality":"valid","sourceYear":2013},"geometry":{"type":"Point","coordinates":[126.91453668,37.52769206]}},{"type":"Feature","id":"street-136814","properties":{"id":"street-136814","dataset":"street","gu":"영등포구","species":"은행나무","heightM":7.0,"crownWidthM":4.0,"rawHeight":7.0,"rawCrownWidth":4.0,"quality":"valid","sourceYear":2013},"geometry":{"type":"Point","coordinates":[126.91586642,37.52851737]}},{"type":"Feature","id":"street-136819","properties":{"id":"street-136819","dataset":"street","gu":"영등포구","species":"벚나무","heightM":7.0,"crownWidthM":5.0,"rawHeight":7.0,"rawCrownWidth":5.0,"quality":"valid","sourceYear":2013},"geometry":{"type":"Point","coordinates":[126.91562356,37.52372274]}},{"type":"Feature","id":"street-136844","properties":{"id":"street-136844","dataset":"street","gu":"영등포구","species":"은행나무","heightM":9.0,"crownWidthM":4.0,"rawHeight":9.0,"rawCrownWidth":4.0,"quality":"valid","sourceYear":2013},"geometry":{"type":"Point","coordinates":[126.91502762,37.52669143]}},{"type":"Feature","id":"street-136881","properties":{"id":"street-136881","dataset":"street","gu":"영등포구","species":"양버즘나무","heightM":7.0,"crownWidthM":2.0,"rawHeight":7.0,"rawCrownWidth":2.0,"quality":"valid","sourceYear":2013},"geometry":{"type":"Point","coordinates":[126.91149113,37.52207326]}},{"type":"Feature","id":"street-136975","properties":{"id":"street-136975","dataset":"street","gu":"영등포구","species":"은행나무","heightM":6.0,"crownWidthM":2.0,"rawHeight":6.0,"rawCrownWidth":2.0,"quality":"valid","sourceYear":2013},"geometry":{"type":"Point","coordinates":[126.91463271,37.52626328]}},{"type":"Feature","id":"street-136976","properties":{"id":"street-136976","dataset":"street","gu":"영등포구","species":"은행나무","heightM":8.0,"crownWidthM":4.0,"rawHeight":8.0,"rawCrownWidth":4.0,"quality":"valid","sourceYear":2013},"geometry":{"type":"Point","coordinates":[126.9158218,37.52699755]}},{"type":"Feature","id":"street-136989","properties":{"id":"street-136989","dataset":"street","gu":"영등포구","species":"은행나무","heightM":9.0,"crownWidthM":3.0,"rawHeight":9.0,"rawCrownWidth":3.0,"quality":"valid","sourceYear":2013},"geometry":{"type":"Point","coordinates":[126.91850249,37.52495201]}},{"type":"Feature","id":"street-137011","properties":{"id":"street-137011","dataset":"street","gu":"영등포구","species":"은행나무","heightM":8.0,"crownWidthM":4.0,"rawHeight":8.0,"rawCrownWidth":4.0,"quality":"valid","sourceYear":2013},"geometry":{"type":"Point","coordinates":[126.91547673,37.52827746]}},{"type":"Feature","id":"street-137067","properties":{"id":"street-137067","dataset":"street","gu":"영등포구","species":"양버즘나무","heightM":7.0,"crownWidthM":2.0,"rawHeight":7.0,"rawCrownWidth":2.0,"quality":"valid","sourceYear":2013},"geometry":{"type":"Point","coordinates":[126.91190394,37.52145899]}},{"type":"Feature","id":"street-137071","properties":{"id":"street-137071","dataset":"street","gu":"영등포구","species":"양버즘나무","heightM":6.0,"crownWidthM":2.0,"rawHeight":6.0,"rawCrownWidth":2.0,"quality":"valid","sourceYear":2013},"geometry":{"type":"Point","coordinates":[126.91047022,37.5235581]}},{"type":"Feature","id":"street-137092","properties":{"id":"street-137092","dataset":"street","gu":"영등포구","species":"은행나무","heightM":8.0,"crownWidthM":4.0,"rawHeight":8.0,"rawCrownWidth":4.0,"quality":"valid","sourceYear":2013},"geometry":{"type":"Point","coordinates":[126.91956324,37.5217711]}},{"type":"Feature","id":"street-137106","properties":{"id":"street-137106","dataset":"street","gu":"영등포구","species":"벚나무","heightM":7.0,"crownWidthM":2.0,"rawHeight":7.0,"rawCrownWidth":2.0,"quality":"valid","sourceYear":2013},"geometry":{"type":"Point","coordinates":[126.91581325,37.5234399]}},{"type":"Feature","id":"street-137155","properties":{"id":"street-137155","dataset":"street","gu":"영등포구","species":"양버즘나무","heightM":5.0,"crownWidthM":1.0,"rawHeight":5.0,"rawCrownWidth":1.0,"quality":"valid","sourceYear":2013},"geometry":{"type":"Point","coordinates":[126.91013359,37.52439406]}},{"type":"Feature","id":"street-137182","properties":{"id":"street-137182","dataset":"street","gu":"영등포구","species":"은행나무","heightM":9.0,"crownWidthM":6.0,"rawHeight":9.0,"rawCrownWidth":6.0,"quality":"valid","sourceYear":2013},"geometry":{"type":"Point","coordinates":[126.91841403,37.52644256]}},{"type":"Feature","id":"street-137192","properties":{"id":"street-137192","dataset":"street","gu":"영등포구","species":"은행나무","heightM":9.0,"crownWidthM":3.0,"rawHeight":9.0,"rawCrownWidth":3.0,"quality":"valid","sourceYear":2013},"geometry":{"type":"Point","coordinates":[126.91439322,37.52628839]}},{"type":"Feature","id":"street-137256","properties":{"id":"street-137256","dataset":"street","gu":"영등포구","species":"벚나무","heightM":7.0,"crownWidthM":7.0,"rawHeight":7.0,"rawCrownWidth":7.0,"quality":"valid","sourceYear":2013},"geometry":{"type":"Point","coordinates":[126.91404733,37.52601677]}},{"type":"Feature","id":"street-137261","properties":{"id":"street-137261","dataset":"street","gu":"영등포구","species":"은행나무","heightM":9.0,"crownWidthM":5.0,"rawHeight":9.0,"rawCrownWidth":5.0,"quality":"valid","sourceYear":2013},"geometry":{"type":"Point","coordinates":[126.91546473,37.52677672]}},{"type":"Feature","id":"street-137273","properties":{"id":"street-137273","dataset":"street","gu":"영등포구","species":"은행나무","heightM":6.0,"crownWidthM":2.0,"rawHeight":6.0,"rawCrownWidth":2.0,"quality":"valid","sourceYear":2013},"geometry":{"type":"Point","coordinates":[126.91967051,37.52122763]}},{"type":"Feature","id":"street-137286","properties":{"id":"street-137286","dataset":"street","gu":"영등포구","species":"양버즘나무","heightM":7.0,"crownWidthM":2.0,"rawHeight":7.0,"rawCrownWidth":2.0,"quality":"valid","sourceYear":2013},"geometry":{"type":"Point","coordinates":[126.91207155,37.52155402]}},{"type":"Feature","id":"street-137292","properties":{"id":"street-137292","dataset":"street","gu":"영등포구","species":"은행나무","heightM":6.0,"crownWidthM":3.0,"rawHeight":6.0,"rawCrownWidth":3.0,"quality":"valid","sourceYear":2013},"geometry":{"type":"Point","coordinates":[126.91831248,37.52162196]}},{"type":"Feature","id":"street-137345","properties":{"id":"street-137345","dataset":"street","gu":"영등포구","species":"벚나무","heightM":7.0,"crownWidthM":6.0,"rawHeight":7.0,"rawCrownWidth":6.0,"quality":"valid","sourceYear":2013},"geometry":{"type":"Point","coordinates":[126.91295751,37.52794964]}},{"type":"Feature","id":"street-137384","properties":{"id":"street-137384","dataset":"street","gu":"영등포구","species":"양버즘나무","heightM":8.0,"crownWidthM":4.0,"rawHeight":8.0,"rawCrownWidth":4.0,"quality":"valid","sourceYear":2013},"geometry":{"type":"Point","coordinates":[126.91427287,37.52003033]}},{"type":"Feature","id":"street-137468","properties":{"id":"street-137468","dataset":"street","gu":"영등포구","species":"벚나무","heightM":7.0,"crownWidthM":5.0,"rawHeight":7.0,"rawCrownWidth":5.0,"quality":"valid","sourceYear":2013},"geometry":{"type":"Point","coordinates":[126.91527851,37.52426999]}},{"type":"Feature","id":"street-137473","properties":{"id":"street-137473","dataset":"street","gu":"영등포구","species":"은행나무","heightM":9.0,"crownWidthM":3.0,"rawHeight":9.0,"rawCrownWidth":3.0,"quality":"valid","sourceYear":2013},"geometry":{"type":"Point","coordinates":[126.91475404,37.52633781]}},{"type":"Feature","id":"street-137521","properties":{"id":"street-137521","dataset":"street","gu":"영등포구","species":"은행나무","heightM":8.0,"crownWidthM":4.0,"rawHeight":8.0,"rawCrownWidth":4.0,"quality":"valid","sourceYear":2013},"geometry":{"type":"Point","coordinates":[126.91828838,37.52972279]}},{"type":"Feature","id":"street-137535","properties":{"id":"street-137535","dataset":"street","gu":"영등포구","species":"벚나무","heightM":5.0,"crownWidthM":1.0,"rawHeight":5.0,"rawCrownWidth":1.0,"quality":"valid","sourceYear":2013},"geometry":{"type":"Point","coordinates":[126.91639444,37.52253424]}},{"type":"Feature","id":"street-137561","properties":{"id":"street-137561","dataset":"street","gu":"영등포구","species":"느티나무","heightM":8.0,"crownWidthM":4.0,"rawHeight":8.0,"rawCrownWidth":4.0,"quality":"valid","sourceYear":2013},"geometry":{"type":"Point","coordinates":[126.91293731,37.5285203]}},{"type":"Feature","id":"street-137598","properties":{"id":"street-137598","dataset":"street","gu":"영등포구","species":"은행나무","heightM":9.0,"crownWidthM":6.0,"rawHeight":9.0,"rawCrownWidth":6.0,"quality":"valid","sourceYear":2013},"geometry":{"type":"Point","coordinates":[126.91836288,37.5282803]}},{"type":"Feature","id":"street-137625","properties":{"id":"street-137625","dataset":"street","gu":"영등포구","species":"은행나무","heightM":8.0,"crownWidthM":2.0,"rawHeight":8.0,"rawCrownWidth":2.0,"quality":"valid","sourceYear":2013},"geometry":{"type":"Point","coordinates":[126.91659569,37.52689631]}},{"type":"Feature","id":"street-137653","properties":{"id":"street-137653","dataset":"street","gu":"영등포구","species":"벚나무","heightM":6.0,"crownWidthM":2.0,"rawHeight":6.0,"rawCrownWidth":2.0,"quality":"valid","sourceYear":2013},"geometry":{"type":"Point","coordinates":[126.91902585,37.5200041]}},{"type":"Feature","id":"street-137749","properties":{"id":"street-137749","dataset":"street","gu":"영등포구","species":"은행나무","heightM":9.0,"crownWidthM":4.0,"rawHeight":9.0,"rawCrownWidth":4.0,"quality":"valid","sourceYear":2013},"geometry":{"type":"Point","coordinates":[126.91538499,37.52778411]}},{"type":"Feature","id":"street-137758","properties":{"id":"street-137758","dataset":"street","gu":"영등포구","species":"벚나무","heightM":5.0,"crownWidthM":2.0,"rawHeight":5.0,"rawCrownWidth":2.0,"quality":"valid","sourceYear":2013},"geometry":{"type":"Point","coordinates":[126.91588206,37.52373761]}},{"type":"Feature","id":"street-137802","properties":{"id":"street-137802","dataset":"street","gu":"영등포구","species":"벚나무","heightM":7.0,"crownWidthM":3.0,"rawHeight":7.0,"rawCrownWidth":3.0,"quality":"valid","sourceYear":2013},"geometry":{"type":"Point","coordinates":[126.91309136,37.52761856]}},{"type":"Feature","id":"street-137857","properties":{"id":"street-137857","dataset":"street","gu":"영등포구","species":"은행나무","heightM":6.0,"crownWidthM":4.0,"rawHeight":6.0,"rawCrownWidth":4.0,"quality":"valid","sourceYear":2013},"geometry":{"type":"Point","coordinates":[126.91884347,37.52195413]}},{"type":"Feature","id":"street-137906","properties":{"id":"street-137906","dataset":"street","gu":"영등포구","species":"은행나무","heightM":7.0,"crownWidthM":4.0,"rawHeight":7.0,"rawCrownWidth":4.0,"quality":"valid","sourceYear":2013},"geometry":{"type":"Point","coordinates":[126.91966324,37.52166956]}},{"type":"Feature","id":"street-137908","properties":{"id":"street-137908","dataset":"street","gu":"영등포구","species":"은행나무","heightM":9.0,"crownWidthM":6.0,"rawHeight":9.0,"rawCrownWidth":6.0,"quality":"valid","sourceYear":2013},"geometry":{"type":"Point","coordinates":[126.91760933,37.52904789]}},{"type":"Feature","id":"street-137948","properties":{"id":"street-137948","dataset":"street","gu":"영등포구","species":"벚나무","heightM":6.0,"crownWidthM":4.0,"rawHeight":6.0,"rawCrownWidth":4.0,"quality":"valid","sourceYear":2013},"geometry":{"type":"Point","coordinates":[126.91550281,37.52389601]}},{"type":"Feature","id":"street-137999","properties":{"id":"street-137999","dataset":"street","gu":"영등포구","species":"벚나무","heightM":5.0,"crownWidthM":4.0,"rawHeight":5.0,"rawCrownWidth":4.0,"quality":"valid","sourceYear":2013},"geometry":{"type":"Point","coordinates":[126.91438678,37.52559098]}},{"type":"Feature","id":"street-138013","properties":{"id":"street-138013","dataset":"street","gu":"영등포구","species":"은행나무","heightM":9.0,"crownWidthM":6.0,"rawHeight":9.0,"rawCrownWidth":6.0,"quality":"valid","sourceYear":2013},"geometry":{"type":"Point","coordinates":[126.91825784,37.52634568]}},{"type":"Feature","id":"street-138033","properties":{"id":"street-138033","dataset":"street","gu":"영등포구","species":"양버즘나무","heightM":8.0,"crownWidthM":4.0,"rawHeight":8.0,"rawCrownWidth":4.0,"quality":"valid","sourceYear":2013},"geometry":{"type":"Point","coordinates":[126.91380984,37.52008626]}},{"type":"Feature","id":"street-138080","properties":{"id":"street-138080","dataset":"street","gu":"영등포구","species":"은행나무","heightM":9.0,"crownWidthM":5.0,"rawHeight":9.0,"rawCrownWidth":5.0,"quality":"valid","sourceYear":2013},"geometry":{"type":"Point","coordinates":[126.91562042,37.5270641]}},{"type":"Feature","id":"street-138128","properties":{"id":"street-138128","dataset":"street","gu":"영등포구","species":"은행나무","heightM":9.0,"crownWidthM":6.0,"rawHeight":9.0,"rawCrownWidth":6.0,"quality":"valid","sourceYear":2013},"geometry":{"type":"Point","coordinates":[126.91831898,37.52832682]}},{"type":"Feature","id":"street-138141","properties":{"id":"street-138141","dataset":"street","gu":"영등포구","species":"벚나무","heightM":7.0,"crownWidthM":5.0,"rawHeight":7.0,"rawCrownWidth":5.0,"quality":"valid","sourceYear":2013},"geometry":{"type":"Point","coordinates":[126.91539352,37.5240967]}},{"type":"Feature","id":"street-138143","properties":{"id":"street-138143","dataset":"street","gu":"영등포구","species":"벚나무","heightM":6.0,"crownWidthM":2.0,"rawHeight":6.0,"rawCrownWidth":2.0,"quality":"valid","sourceYear":2013},"geometry":{"type":"Point","coordinates":[126.91628497,37.52270317]}},{"type":"Feature","id":"street-138146","properties":{"id":"street-138146","dataset":"street","gu":"영등포구","species":"느티나무","heightM":7.0,"crownWidthM":4.0,"rawHeight":7.0,"rawCrownWidth":4.0,"quality":"valid","sourceYear":2013},"geometry":{"type":"Point","coordinates":[126.91301838,37.52835015]}},{"type":"Feature","id":"street-138179","properties":{"id":"street-138179","dataset":"street","gu":"영등포구","species":"양버즘나무","heightM":7.0,"crownWidthM":2.0,"rawHeight":7.0,"rawCrownWidth":2.0,"quality":"valid","sourceYear":2013},"geometry":{"type":"Point","coordinates":[126.91175598,37.52204011]}},{"type":"Feature","id":"street-138214","properties":{"id":"street-138214","dataset":"street","gu":"영등포구","species":"벚나무","heightM":8.0,"crownWidthM":8.0,"rawHeight":8.0,"rawCrownWidth":8.0,"quality":"valid","sourceYear":2013},"geometry":{"type":"Point","coordinates":[126.91272835,37.52848557]}},{"type":"Feature","id":"street-138225","properties":{"id":"street-138225","dataset":"street","gu":"영등포구","species":"벚나무","heightM":6.0,"crownWidthM":5.0,"rawHeight":6.0,"rawCrownWidth":5.0,"quality":"valid","sourceYear":2013},"geometry":{"type":"Point","coordinates":[126.91402422,37.52612658]}},{"type":"Feature","id":"street-138264","properties":{"id":"street-138264","dataset":"street","gu":"영등포구","species":"양버즘나무","heightM":8.0,"crownWidthM":3.0,"rawHeight":8.0,"rawCrownWidth":3.0,"quality":"valid","sourceYear":2013},"geometry":{"type":"Point","coordinates":[126.91410563,37.52007626]}},{"type":"Feature","id":"street-138285","properties":{"id":"street-138285","dataset":"street","gu":"영등포구","species":"양버즘나무","heightM":6.0,"crownWidthM":3.0,"rawHeight":6.0,"rawCrownWidth":3.0,"quality":"valid","sourceYear":2013},"geometry":{"type":"Point","coordinates":[126.91168512,37.52214753]}},{"type":"Feature","id":"street-138309","properties":{"id":"street-138309","dataset":"street","gu":"영등포구","species":"은행나무","heightM":8.0,"crownWidthM":3.0,"rawHeight":8.0,"rawCrownWidth":3.0,"quality":"valid","sourceYear":2013},"geometry":{"type":"Point","coordinates":[126.91705087,37.52642792]}},{"type":"Feature","id":"street-138327","properties":{"id":"street-138327","dataset":"street","gu":"영등포구","species":"은행나무","heightM":6.0,"crownWidthM":3.0,"rawHeight":6.0,"rawCrownWidth":3.0,"quality":"valid","sourceYear":2013},"geometry":{"type":"Point","coordinates":[126.91851454,37.52175103]}},{"type":"Feature","id":"street-138354","properties":{"id":"street-138354","dataset":"street","gu":"영등포구","species":"벚나무","heightM":5.0,"crownWidthM":4.0,"rawHeight":5.0,"rawCrownWidth":4.0,"quality":"valid","sourceYear":2013},"geometry":{"type":"Point","coordinates":[126.9140645,37.52606707]}},{"type":"Feature","id":"street-138413","properties":{"id":"street-138413","dataset":"street","gu":"영등포구","species":"양버즘나무","heightM":7.0,"crownWidthM":2.0,"rawHeight":7.0,"rawCrownWidth":2.0,"quality":"valid","sourceYear":2013},"geometry":{"type":"Point","coordinates":[126.9114536,37.52212095]}},{"type":"Feature","id":"street-138449","properties":{"id":"street-138449","dataset":"street","gu":"영등포구","species":"양버즘나무","heightM":7.0,"crownWidthM":2.0,"rawHeight":7.0,"rawCrownWidth":2.0,"quality":"valid","sourceYear":2013},"geometry":{"type":"Point","coordinates":[126.91199429,37.52167175]}},{"type":"Feature","id":"street-138496","properties":{"id":"street-138496","dataset":"street","gu":"영등포구","species":"은행나무","heightM":7.0,"crownWidthM":2.0,"rawHeight":7.0,"rawCrownWidth":2.0,"quality":"valid","sourceYear":2013},"geometry":{"type":"Point","coordinates":[126.91784514,37.52119816]}},{"type":"Feature","id":"street-138499","properties":{"id":"street-138499","dataset":"street","gu":"영등포구","species":"벚나무","heightM":7.0,"crownWidthM":2.0,"rawHeight":7.0,"rawCrownWidth":2.0,"quality":"valid","sourceYear":2013},"geometry":{"type":"Point","coordinates":[126.91638854,37.5226119]}},{"type":"Feature","id":"street-138516","properties":{"id":"street-138516","dataset":"street","gu":"영등포구","species":"벚나무","heightM":6.0,"crownWidthM":3.0,"rawHeight":6.0,"rawCrownWidth":3.0,"quality":"valid","sourceYear":2013},"geometry":{"type":"Point","coordinates":[126.9144676,37.52582122]}},{"type":"Feature","id":"street-138530","properties":{"id":"street-138530","dataset":"street","gu":"영등포구","species":"벚나무","heightM":7.0,"crownWidthM":5.0,"rawHeight":7.0,"rawCrownWidth":5.0,"quality":"valid","sourceYear":2013},"geometry":{"type":"Point","coordinates":[126.91516926,37.52442502]}},{"type":"Feature","id":"street-138566","properties":{"id":"street-138566","dataset":"street","gu":"영등포구","species":"벚나무","heightM":8.0,"crownWidthM":8.0,"rawHeight":8.0,"rawCrownWidth":8.0,"quality":"valid","sourceYear":2013},"geometry":{"type":"Point","coordinates":[126.91228134,37.52961196]}},{"type":"Feature","id":"street-138687","properties":{"id":"street-138687","dataset":"street","gu":"영등포구","species":"은행나무","heightM":6.0,"crownWidthM":2.0,"rawHeight":6.0,"rawCrownWidth":2.0,"quality":"valid","sourceYear":2013},"geometry":{"type":"Point","coordinates":[126.91901641,37.52065641]}},{"type":"Feature","id":"street-138688","properties":{"id":"street-138688","dataset":"street","gu":"영등포구","species":"은행나무","heightM":9.0,"crownWidthM":5.0,"rawHeight":9.0,"rawCrownWidth":5.0,"quality":"valid","sourceYear":2013},"geometry":{"type":"Point","coordinates":[126.91803367,37.52861175]}},{"type":"Feature","id":"street-138727","properties":{"id":"street-138727","dataset":"street","gu":"영등포구","species":"은행나무","heightM":9.0,"crownWidthM":4.0,"rawHeight":9.0,"rawCrownWidth":4.0,"quality":"valid","sourceYear":2013},"geometry":{"type":"Point","coordinates":[126.91516312,37.52659177]}},{"type":"Feature","id":"street-138738","properties":{"id":"street-138738","dataset":"street","gu":"영등포구","species":"은행나무","heightM":9.0,"crownWidthM":4.0,"rawHeight":9.0,"rawCrownWidth":4.0,"quality":"valid","sourceYear":2013},"geometry":{"type":"Point","coordinates":[126.91961497,37.52171622]}},{"type":"Feature","id":"street-138740","properties":{"id":"street-138740","dataset":"street","gu":"영등포구","species":"양버즘나무","heightM":8.0,"crownWidthM":2.0,"rawHeight":8.0,"rawCrownWidth":2.0,"quality":"valid","sourceYear":2013},"geometry":{"type":"Point","coordinates":[126.91350764,37.52000402]}},{"type":"Feature","id":"street-138753","properties":{"id":"street-138753","dataset":"street","gu":"영등포구","species":"양버즘나무","heightM":7.0,"crownWidthM":2.0,"rawHeight":7.0,"rawCrownWidth":2.0,"quality":"valid","sourceYear":2013},"geometry":{"type":"Point","coordinates":[126.91203292,37.52161545]}},{"type":"Feature","id":"street-138775","properties":{"id":"street-138775","dataset":"street","gu":"영등포구","species":"양버즘나무","heightM":6.0,"crownWidthM":1.0,"rawHeight":6.0,"rawCrownWidth":1.0,"quality":"valid","sourceYear":2013},"geometry":{"type":"Point","coordinates":[126.91064181,37.52365177]}},{"type":"Feature","id":"street-138793","properties":{"id":"street-138793","dataset":"street","gu":"영등포구","species":"벚나무","heightM":6.0,"crownWidthM":3.0,"rawHeight":6.0,"rawCrownWidth":3.0,"quality":"valid","sourceYear":2013},"geometry":{"type":"Point","coordinates":[126.91580112,37.52385843]}},{"type":"Feature","id":"street-138804","properties":{"id":"street-138804","dataset":"street","gu":"영등포구","species":"은행나무","heightM":6.0,"crownWidthM":4.0,"rawHeight":6.0,"rawCrownWidth":4.0,"quality":"valid","sourceYear":2013},"geometry":{"type":"Point","coordinates":[126.91784501,37.52128554]}},{"type":"Feature","id":"street-138886","properties":{"id":"street-138886","dataset":"street","gu":"영등포구","species":"느티나무","heightM":7.0,"crownWidthM":3.0,"rawHeight":7.0,"rawCrownWidth":3.0,"quality":"valid","sourceYear":2013},"geometry":{"type":"Point","coordinates":[126.91323353,37.52786177]}},{"type":"Feature","id":"street-138899","properties":{"id":"street-138899","dataset":"street","gu":"영등포구","species":"은행나무","heightM":9.0,"crownWidthM":2.0,"rawHeight":9.0,"rawCrownWidth":2.0,"quality":"valid","sourceYear":2013},"geometry":{"type":"Point","coordinates":[126.91592203,37.5272518]}},{"type":"Feature","id":"street-138936","properties":{"id":"street-138936","dataset":"street","gu":"영등포구","species":"은행나무","heightM":7.0,"crownWidthM":4.0,"rawHeight":7.0,"rawCrownWidth":4.0,"quality":"valid","sourceYear":2013},"geometry":{"type":"Point","coordinates":[126.91856162,37.52510177]}},{"type":"Feature","id":"street-138937","properties":{"id":"street-138937","dataset":"street","gu":"영등포구","species":"은행나무","heightM":9.0,"crownWidthM":4.0,"rawHeight":9.0,"rawCrownWidth":4.0,"quality":"valid","sourceYear":2013},"geometry":{"type":"Point","coordinates":[126.91849561,37.52517624]}},{"type":"Feature","id":"street-138955","properties":{"id":"street-138955","dataset":"street","gu":"영등포구","species":"은행나무","heightM":6.0,"crownWidthM":2.0,"rawHeight":6.0,"rawCrownWidth":2.0,"quality":"valid","sourceYear":2013},"geometry":{"type":"Point","coordinates":[126.918696,37.52062324]}},{"type":"Feature","id":"street-138983","properties":{"id":"street-138983","dataset":"street","gu":"영등포구","species":"양버즘나무","heightM":6.0,"crownWidthM":2.0,"rawHeight":6.0,"rawCrownWidth":2.0,"quality":"valid","sourceYear":2013},"geometry":{"type":"Point","coordinates":[126.91203153,37.52125018]}},{"type":"Feature","id":"street-138985","properties":{"id":"street-138985","dataset":"street","gu":"영등포구","species":"은행나무","heightM":9.0,"crownWidthM":6.0,"rawHeight":9.0,"rawCrownWidth":6.0,"quality":"valid","sourceYear":2013},"geometry":{"type":"Point","coordinates":[126.9192794,37.52599629]}},{"type":"Feature","id":"street-139029","properties":{"id":"street-139029","dataset":"street","gu":"영등포구","species":"은행나무","heightM":8.0,"crownWidthM":5.0,"rawHeight":8.0,"rawCrownWidth":5.0,"quality":"valid","sourceYear":2013},"geometry":{"type":"Point","coordinates":[126.91862625,37.52801281]}},{"type":"Feature","id":"street-139039","properties":{"id":"street-139039","dataset":"street","gu":"영등포구","species":"벚나무","heightM":5.0,"crownWidthM":1.0,"rawHeight":5.0,"rawCrownWidth":1.0,"quality":"valid","sourceYear":2013},"geometry":{"type":"Point","coordinates":[126.91554879,37.5242322]}},{"type":"Feature","id":"street-139040","properties":{"id":"street-139040","dataset":"street","gu":"영등포구","species":"은행나무","heightM":9.0,"crownWidthM":4.0,"rawHeight":9.0,"rawCrownWidth":4.0,"quality":"valid","sourceYear":2013},"geometry":{"type":"Point","coordinates":[126.91865155,37.52637823]}},{"type":"Feature","id":"street-139050","properties":{"id":"street-139050","dataset":"street","gu":"영등포구","species":"벚나무","heightM":8.0,"crownWidthM":7.0,"rawHeight":8.0,"rawCrownWidth":7.0,"quality":"valid","sourceYear":2013},"geometry":{"type":"Point","coordinates":[126.91267105,37.52862182]}},{"type":"Feature","id":"street-139060","properties":{"id":"street-139060","dataset":"street","gu":"영등포구","species":"양버즘나무","heightM":6.0,"crownWidthM":2.0,"rawHeight":6.0,"rawCrownWidth":2.0,"quality":"valid","sourceYear":2013},"geometry":{"type":"Point","coordinates":[126.9126189,37.52062241]}},{"type":"Feature","id":"street-139064","properties":{"id":"street-139064","dataset":"street","gu":"영등포구","species":"버드나무","heightM":6.0,"crownWidthM":4.0,"rawHeight":6.0,"rawCrownWidth":4.0,"quality":"valid","sourceYear":2013},"geometry":{"type":"Point","coordinates":[126.9161582,37.52290862]}},{"type":"Feature","id":"street-139071","properties":{"id":"street-139071","dataset":"street","gu":"영등포구","species":"은행나무","heightM":8.0,"crownWidthM":4.0,"rawHeight":8.0,"rawCrownWidth":4.0,"quality":"valid","sourceYear":2013},"geometry":{"type":"Point","coordinates":[126.91809586,37.52624419]}},{"type":"Feature","id":"street-139088","properties":{"id":"street-139088","dataset":"street","gu":"영등포구","species":"은행나무","heightM":7.0,"crownWidthM":4.0,"rawHeight":7.0,"rawCrownWidth":4.0,"quality":"valid","sourceYear":2013},"geometry":{"type":"Point","coordinates":[126.91834225,37.52164168]}},{"type":"Feature","id":"street-139156","properties":{"id":"street-139156","dataset":"street","gu":"영등포구","species":"은행나무","heightM":7.0,"crownWidthM":4.0,"rawHeight":7.0,"rawCrownWidth":4.0,"quality":"valid","sourceYear":2013},"geometry":{"type":"Point","coordinates":[126.91799145,37.52942132]}},{"type":"Feature","id":"street-139215","properties":{"id":"street-139215","dataset":"street","gu":"영등포구","species":"은행나무","heightM":8.0,"crownWidthM":5.0,"rawHeight":8.0,"rawCrownWidth":5.0,"quality":"valid","sourceYear":2013},"geometry":{"type":"Point","coordinates":[126.91788157,37.52589998]}},{"type":"Feature","id":"street-139235","properties":{"id":"street-139235","dataset":"street","gu":"영등포구","species":"은행나무","heightM":8.0,"crownWidthM":4.0,"rawHeight":8.0,"rawCrownWidth":4.0,"quality":"valid","sourceYear":2013},"geometry":{"type":"Point","coordinates":[126.91400238,37.52735938]}},{"type":"Feature","id":"street-139237","properties":{"id":"street-139237","dataset":"street","gu":"영등포구","species":"은행나무","heightM":9.0,"crownWidthM":3.0,"rawHeight":9.0,"rawCrownWidth":3.0,"quality":"valid","sourceYear":2013},"geometry":{"type":"Point","coordinates":[126.91814859,37.52531397]}},{"type":"Feature","id":"street-139248","properties":{"id":"street-139248","dataset":"street","gu":"영등포구","species":"은행나무","heightM":8.0,"crownWidthM":4.0,"rawHeight":8.0,"rawCrownWidth":4.0,"quality":"valid","sourceYear":2013},"geometry":{"type":"Point","coordinates":[126.91812509,37.5260645]}},{"type":"Feature","id":"street-139253","properties":{"id":"street-139253","dataset":"street","gu":"영등포구","species":"은행나무","heightM":8.0,"crownWidthM":4.0,"rawHeight":8.0,"rawCrownWidth":4.0,"quality":"valid","sourceYear":2013},"geometry":{"type":"Point","coordinates":[126.91937095,37.52104365]}},{"type":"Feature","id":"street-139271","properties":{"id":"street-139271","dataset":"street","gu":"영등포구","species":"은행나무","heightM":9.0,"crownWidthM":5.0,"rawHeight":9.0,"rawCrownWidth":5.0,"quality":"valid","sourceYear":2013},"geometry":{"type":"Point","coordinates":[126.9165641,37.52714472]}},{"type":"Feature","id":"street-139274","properties":{"id":"street-139274","dataset":"street","gu":"영등포구","species":"은행나무","heightM":9.0,"crownWidthM":3.0,"rawHeight":9.0,"rawCrownWidth":3.0,"quality":"valid","sourceYear":2013},"geometry":{"type":"Point","coordinates":[126.91504178,37.52651724]}},{"type":"Feature","id":"street-139284","properties":{"id":"street-139284","dataset":"street","gu":"영등포구","species":"벚나무","heightM":6.0,"crownWidthM":4.0,"rawHeight":6.0,"rawCrownWidth":4.0,"quality":"valid","sourceYear":2013},"geometry":{"type":"Point","coordinates":[126.91817677,37.5206793]}},{"type":"Feature","id":"street-139302","properties":{"id":"street-139302","dataset":"street","gu":"영등포구","species":"은행나무","heightM":7.0,"crownWidthM":3.0,"rawHeight":7.0,"rawCrownWidth":3.0,"quality":"valid","sourceYear":2013},"geometry":{"type":"Point","coordinates":[126.91552961,37.52787689]}},{"type":"Feature","id":"street-139309","properties":{"id":"street-139309","dataset":"street","gu":"영등포구","species":"벚나무","heightM":6.0,"crownWidthM":4.0,"rawHeight":6.0,"rawCrownWidth":4.0,"quality":"valid","sourceYear":2013},"geometry":{"type":"Point","coordinates":[126.91516314,37.52480986]}},{"type":"Feature","id":"street-139324","properties":{"id":"street-139324","dataset":"street","gu":"영등포구","species":"은행나무","heightM":7.0,"crownWidthM":3.0,"rawHeight":7.0,"rawCrownWidth":3.0,"quality":"valid","sourceYear":2013},"geometry":{"type":"Point","coordinates":[126.91857328,37.52178228]}},{"type":"Feature","id":"street-139339","properties":{"id":"street-139339","dataset":"street","gu":"영등포구","species":"은행나무","heightM":6.0,"crownWidthM":2.0,"rawHeight":6.0,"rawCrownWidth":2.0,"quality":"valid","sourceYear":2013},"geometry":{"type":"Point","coordinates":[126.91390195,37.5272954]}},{"type":"Feature","id":"street-139374","properties":{"id":"street-139374","dataset":"street","gu":"영등포구","species":"은행나무","heightM":8.0,"crownWidthM":6.0,"rawHeight":8.0,"rawCrownWidth":6.0,"quality":"valid","sourceYear":2013},"geometry":{"type":"Point","coordinates":[126.91960889,37.52550765]}},{"type":"Feature","id":"street-139387","properties":{"id":"street-139387","dataset":"street","gu":"영등포구","species":"양버즘나무","heightM":6.0,"crownWidthM":2.0,"rawHeight":6.0,"rawCrownWidth":2.0,"quality":"valid","sourceYear":2013},"geometry":{"type":"Point","coordinates":[126.91108573,37.52267548]}},{"type":"Feature","id":"street-139389","properties":{"id":"street-139389","dataset":"street","gu":"영등포구","species":"벚나무","heightM":7.0,"crownWidthM":5.0,"rawHeight":7.0,"rawCrownWidth":5.0,"quality":"valid","sourceYear":2013},"geometry":{"type":"Point","coordinates":[126.91430628,37.52564596]}},{"type":"Feature","id":"street-139421","properties":{"id":"street-139421","dataset":"street","gu":"영등포구","species":"은행나무","heightM":8.0,"crownWidthM":4.0,"rawHeight":8.0,"rawCrownWidth":4.0,"quality":"valid","sourceYear":2013},"geometry":{"type":"Point","coordinates":[126.91853584,37.52630902]}},{"type":"Feature","id":"street-139441","properties":{"id":"street-139441","dataset":"street","gu":"영등포구","species":"벚나무","heightM":6.0,"crownWidthM":7.0,"rawHeight":6.0,"rawCrownWidth":7.0,"quality":"valid","sourceYear":2013},"geometry":{"type":"Point","coordinates":[126.91872508,37.52030425]}},{"type":"Feature","id":"street-139485","properties":{"id":"street-139485","dataset":"street","gu":"영등포구","species":"은행나무","heightM":8.0,"crownWidthM":3.0,"rawHeight":8.0,"rawCrownWidth":3.0,"quality":"valid","sourceYear":2013},"geometry":{"type":"Point","coordinates":[126.91573033,37.52777452]}},{"type":"Feature","id":"street-139543","properties":{"id":"street-139543","dataset":"street","gu":"영등포구","species":"양버즘나무","heightM":6.0,"crownWidthM":2.0,"rawHeight":6.0,"rawCrownWidth":2.0,"quality":"valid","sourceYear":2013},"geometry":{"type":"Point","coordinates":[126.91042927,37.52396389]}},{"type":"Feature","id":"street-139547","properties":{"id":"street-139547","dataset":"street","gu":"영등포구","species":"벚나무","heightM":8.0,"crownWidthM":3.0,"rawHeight":8.0,"rawCrownWidth":3.0,"quality":"valid","sourceYear":2013},"geometry":{"type":"Point","coordinates":[126.91305886,37.52767748]}},{"type":"Feature","id":"street-139583","properties":{"id":"street-139583","dataset":"street","gu":"영등포구","species":"벚나무","heightM":6.0,"crownWidthM":4.0,"rawHeight":6.0,"rawCrownWidth":4.0,"quality":"valid","sourceYear":2013},"geometry":{"type":"Point","coordinates":[126.91453071,37.52532551]}},{"type":"Feature","id":"street-139586","properties":{"id":"street-139586","dataset":"street","gu":"영등포구","species":"은행나무","heightM":9.0,"crownWidthM":3.0,"rawHeight":9.0,"rawCrownWidth":3.0,"quality":"valid","sourceYear":2013},"geometry":{"type":"Point","coordinates":[126.9147623,37.52739705]}},{"type":"Feature","id":"street-139588","properties":{"id":"street-139588","dataset":"street","gu":"영등포구","species":"은행나무","heightM":9.0,"crownWidthM":4.0,"rawHeight":9.0,"rawCrownWidth":4.0,"quality":"valid","sourceYear":2013},"geometry":{"type":"Point","coordinates":[126.91630382,37.52719664]}},{"type":"Feature","id":"street-139620","properties":{"id":"street-139620","dataset":"street","gu":"영등포구","species":"은행나무","heightM":8.0,"crownWidthM":3.0,"rawHeight":8.0,"rawCrownWidth":3.0,"quality":"valid","sourceYear":2013},"geometry":{"type":"Point","coordinates":[126.91455643,37.52621911]}},{"type":"Feature","id":"street-139734","properties":{"id":"street-139734","dataset":"street","gu":"영등포구","species":"은행나무","heightM":8.0,"crownWidthM":4.0,"rawHeight":8.0,"rawCrownWidth":4.0,"quality":"valid","sourceYear":2013},"geometry":{"type":"Point","coordinates":[126.91868469,37.52499027]}},{"type":"Feature","id":"street-139735","properties":{"id":"street-139735","dataset":"street","gu":"영등포구","species":"벚나무","heightM":6.0,"crownWidthM":2.0,"rawHeight":6.0,"rawCrownWidth":2.0,"quality":"valid","sourceYear":2013},"geometry":{"type":"Point","coordinates":[126.91598684,37.52357922]}},{"type":"Feature","id":"street-139742","properties":{"id":"street-139742","dataset":"street","gu":"영등포구","species":"은행나무","heightM":9.0,"crownWidthM":3.0,"rawHeight":9.0,"rawCrownWidth":3.0,"quality":"valid","sourceYear":2013},"geometry":{"type":"Point","coordinates":[126.91582496,37.52719108]}},{"type":"Feature","id":"street-139797","properties":{"id":"street-139797","dataset":"street","gu":"영등포구","species":"벚나무","heightM":6.0,"crownWidthM":4.0,"rawHeight":6.0,"rawCrownWidth":4.0,"quality":"valid","sourceYear":2013},"geometry":{"type":"Point","coordinates":[126.9162216,37.52279904]}},{"type":"Feature","id":"street-139804","properties":{"id":"street-139804","dataset":"street","gu":"영등포구","species":"양버즘나무","heightM":7.0,"crownWidthM":2.0,"rawHeight":7.0,"rawCrownWidth":2.0,"quality":"valid","sourceYear":2013},"geometry":{"type":"Point","coordinates":[126.91244497,37.52098587]}},{"type":"Feature","id":"street-139807","properties":{"id":"street-139807","dataset":"street","gu":"영등포구","species":"은행나무","heightM":8.0,"crownWidthM":3.0,"rawHeight":8.0,"rawCrownWidth":3.0,"quality":"valid","sourceYear":2013},"geometry":{"type":"Point","coordinates":[126.91499063,37.52797677]}},{"type":"Feature","id":"street-139822","properties":{"id":"street-139822","dataset":"street","gu":"영등포구","species":"은행나무","heightM":8.0,"crownWidthM":2.0,"rawHeight":8.0,"rawCrownWidth":2.0,"quality":"valid","sourceYear":2013},"geometry":{"type":"Point","coordinates":[126.91835663,37.52976772]}},{"type":"Feature","id":"street-139834","properties":{"id":"street-139834","dataset":"street","gu":"영등포구","species":"은행나무","heightM":9.0,"crownWidthM":3.0,"rawHeight":9.0,"rawCrownWidth":3.0,"quality":"valid","sourceYear":2013},"geometry":{"type":"Point","coordinates":[126.91533646,37.52669666]}},{"type":"Feature","id":"street-139974","properties":{"id":"street-139974","dataset":"street","gu":"영등포구","species":"벚나무","heightM":6.0,"crownWidthM":3.0,"rawHeight":6.0,"rawCrownWidth":3.0,"quality":"valid","sourceYear":2013},"geometry":{"type":"Point","coordinates":[126.9146153,37.52561275]}},{"type":"Feature","id":"street-139985","properties":{"id":"street-139985","dataset":"street","gu":"영등포구","species":"은행나무","heightM":9.0,"crownWidthM":3.0,"rawHeight":9.0,"rawCrownWidth":3.0,"quality":"valid","sourceYear":2013},"geometry":{"type":"Point","coordinates":[126.91404323,37.52694602]}},{"type":"Feature","id":"street-139986","properties":{"id":"street-139986","dataset":"street","gu":"영등포구","species":"은행나무","heightM":6.0,"crownWidthM":3.0,"rawHeight":6.0,"rawCrownWidth":3.0,"quality":"valid","sourceYear":2013},"geometry":{"type":"Point","coordinates":[126.91936321,37.52197679]}},{"type":"Feature","id":"street-139990","properties":{"id":"street-139990","dataset":"street","gu":"영등포구","species":"양버즘나무","heightM":7.0,"crownWidthM":3.0,"rawHeight":7.0,"rawCrownWidth":3.0,"quality":"valid","sourceYear":2013},"geometry":{"type":"Point","coordinates":[126.91222663,37.52095786]}},{"type":"Feature","id":"street-139993","properties":{"id":"street-139993","dataset":"street","gu":"영등포구","species":"벚나무","heightM":6.0,"crownWidthM":7.0,"rawHeight":6.0,"rawCrownWidth":7.0,"quality":"valid","sourceYear":2013},"geometry":{"type":"Point","coordinates":[126.91842439,37.52051053]}},{"type":"Feature","id":"street-139996","properties":{"id":"street-139996","dataset":"street","gu":"영등포구","species":"은행나무","heightM":8.0,"crownWidthM":2.0,"rawHeight":8.0,"rawCrownWidth":2.0,"quality":"valid","sourceYear":2013},"geometry":{"type":"Point","coordinates":[126.91877176,37.52066995]}},{"type":"Feature","id":"street-139997","properties":{"id":"street-139997","dataset":"street","gu":"영등포구","species":"은행나무","heightM":6.0,"crownWidthM":3.0,"rawHeight":6.0,"rawCrownWidth":3.0,"quality":"valid","sourceYear":2013},"geometry":{"type":"Point","coordinates":[126.91815429,37.52152295]}},{"type":"Feature","id":"street-139998","properties":{"id":"street-139998","dataset":"street","gu":"영등포구","species":"은행나무","heightM":8.0,"crownWidthM":3.0,"rawHeight":8.0,"rawCrownWidth":3.0,"quality":"valid","sourceYear":2013},"geometry":{"type":"Point","coordinates":[126.91778267,37.52929294]}},{"type":"Feature","id":"street-140063","properties":{"id":"street-140063","dataset":"street","gu":"영등포구","species":"벚나무","heightM":5.0,"crownWidthM":5.0,"rawHeight":5.0,"rawCrownWidth":5.0,"quality":"valid","sourceYear":2013},"geometry":{"type":"Point","coordinates":[126.91372503,37.52646085]}},{"type":"Feature","id":"street-140067","properties":{"id":"street-140067","dataset":"street","gu":"영등포구","species":"느티나무","heightM":7.0,"crownWidthM":3.0,"rawHeight":7.0,"rawCrownWidth":3.0,"quality":"valid","sourceYear":2013},"geometry":{"type":"Point","coordinates":[126.91305654,37.52825939]}},{"type":"Feature","id":"street-140281","properties":{"id":"street-140281","dataset":"street","gu":"영등포구","species":"양버즘나무","heightM":7.0,"crownWidthM":2.0,"rawHeight":7.0,"rawCrownWidth":2.0,"quality":"valid","sourceYear":2013},"geometry":{"type":"Point","coordinates":[126.91189769,37.52183038]}},{"type":"Feature","id":"street-140285","properties":{"id":"street-140285","dataset":"street","gu":"영등포구","species":"벚나무","heightM":8.0,"crownWidthM":9.0,"rawHeight":8.0,"rawCrownWidth":9.0,"quality":"valid","sourceYear":2013},"geometry":{"type":"Point","coordinates":[126.91220111,37.5298118]}},{"type":"Feature","id":"street-140342","properties":{"id":"street-140342","dataset":"street","gu":"영등포구","species":"양버즘나무","heightM":7.0,"crownWidthM":2.0,"rawHeight":7.0,"rawCrownWidth":2.0,"quality":"valid","sourceYear":2013},"geometry":{"type":"Point","coordinates":[126.91102568,37.52276494]}},{"type":"Feature","id":"street-140372","properties":{"id":"street-140372","dataset":"street","gu":"영등포구","species":"은행나무","heightM":9.0,"crownWidthM":3.0,"rawHeight":9.0,"rawCrownWidth":3.0,"quality":"valid","sourceYear":2013},"geometry":{"type":"Point","coordinates":[126.91459358,37.5272915]}},{"type":"Feature","id":"street-140429","properties":{"id":"street-140429","dataset":"street","gu":"영등포구","species":"은행나무","heightM":6.0,"crownWidthM":2.0,"rawHeight":6.0,"rawCrownWidth":2.0,"quality":"valid","sourceYear":2013},"geometry":{"type":"Point","coordinates":[126.91632087,37.52739269]}},{"type":"Feature","id":"street-140527","properties":{"id":"street-140527","dataset":"street","gu":"영등포구","species":"벚나무","heightM":5.0,"crownWidthM":2.0,"rawHeight":5.0,"rawCrownWidth":2.0,"quality":"valid","sourceYear":2013},"geometry":{"type":"Point","coordinates":[126.91531549,37.52458711]}},{"type":"Feature","id":"street-140532","properties":{"id":"street-140532","dataset":"street","gu":"영등포구","species":"은행나무","heightM":7.0,"crownWidthM":4.0,"rawHeight":7.0,"rawCrownWidth":4.0,"quality":"valid","sourceYear":2013},"geometry":{"type":"Point","coordinates":[126.91877503,37.52498552]}},{"type":"Feature","id":"street-140546","properties":{"id":"street-140546","dataset":"street","gu":"영등포구","species":"벚나무","heightM":5.0,"crownWidthM":4.0,"rawHeight":5.0,"rawCrownWidth":4.0,"quality":"valid","sourceYear":2013},"geometry":{"type":"Point","coordinates":[126.91375632,37.52642879]}},{"type":"Feature","id":"street-140551","properties":{"id":"street-140551","dataset":"street","gu":"영등포구","species":"벚나무","heightM":5.0,"crownWidthM":1.0,"rawHeight":5.0,"rawCrownWidth":1.0,"quality":"valid","sourceYear":2013},"geometry":{"type":"Point","coordinates":[126.91648663,37.52238357]}},{"type":"Feature","id":"street-140564","properties":{"id":"street-140564","dataset":"street","gu":"영등포구","species":"은행나무","heightM":9.0,"crownWidthM":3.0,"rawHeight":9.0,"rawCrownWidth":3.0,"quality":"valid","sourceYear":2013},"geometry":{"type":"Point","coordinates":[126.91468095,37.52647058]}},{"type":"Feature","id":"street-140649","properties":{"id":"street-140649","dataset":"street","gu":"영등포구","species":"은행나무","heightM":8.0,"crownWidthM":4.0,"rawHeight":8.0,"rawCrownWidth":4.0,"quality":"valid","sourceYear":2013},"geometry":{"type":"Point","coordinates":[126.91538835,37.52822308]}},{"type":"Feature","id":"street-140663","properties":{"id":"street-140663","dataset":"street","gu":"영등포구","species":"은행나무","heightM":8.0,"crownWidthM":4.0,"rawHeight":8.0,"rawCrownWidth":4.0,"quality":"valid","sourceYear":2013},"geometry":{"type":"Point","coordinates":[126.91790128,37.52112177]}},{"type":"Feature","id":"street-140664","properties":{"id":"street-140664","dataset":"street","gu":"영등포구","species":"은행나무","heightM":8.0,"crownWidthM":3.0,"rawHeight":8.0,"rawCrownWidth":3.0,"quality":"valid","sourceYear":2013},"geometry":{"type":"Point","coordinates":[126.91451137,37.52619151]}},{"type":"Feature","id":"street-140702","properties":{"id":"street-140702","dataset":"street","gu":"영등포구","species":"은행나무","heightM":9.0,"crownWidthM":3.0,"rawHeight":9.0,"rawCrownWidth":3.0,"quality":"valid","sourceYear":2013},"geometry":{"type":"Point","coordinates":[126.91426818,37.52708997]}},{"type":"Feature","id":"street-140711","properties":{"id":"street-140711","dataset":"street","gu":"영등포구","species":"은행나무","heightM":7.0,"crownWidthM":4.0,"rawHeight":7.0,"rawCrownWidth":4.0,"quality":"valid","sourceYear":2013},"geometry":{"type":"Point","coordinates":[126.91785494,37.52934108]}},{"type":"Feature","id":"street-140753","properties":{"id":"street-140753","dataset":"street","gu":"영등포구","species":"은행나무","heightM":9.0,"crownWidthM":4.0,"rawHeight":9.0,"rawCrownWidth":4.0,"quality":"valid","sourceYear":2013},"geometry":{"type":"Point","coordinates":[126.91759943,37.52608356]}},{"type":"Feature","id":"street-140883","properties":{"id":"street-140883","dataset":"street","gu":"영등포구","species":"느티나무","heightM":5.0,"crownWidthM":4.0,"rawHeight":5.0,"rawCrownWidth":4.0,"quality":"valid","sourceYear":2013},"geometry":{"type":"Point","coordinates":[126.91272742,37.52901945]}},{"type":"Feature","id":"street-140885","properties":{"id":"street-140885","dataset":"street","gu":"영등포구","species":"은행나무","heightM":9.0,"crownWidthM":4.0,"rawHeight":9.0,"rawCrownWidth":4.0,"quality":"valid","sourceYear":2013},"geometry":{"type":"Point","coordinates":[126.91654357,37.52694866]}},{"type":"Feature","id":"street-140890","properties":{"id":"street-140890","dataset":"street","gu":"영등포구","species":"벚나무","heightM":5.0,"crownWidthM":2.0,"rawHeight":5.0,"rawCrownWidth":2.0,"quality":"valid","sourceYear":2013},"geometry":{"type":"Point","coordinates":[126.91596299,37.52362057]}},{"type":"Feature","id":"street-140895","properties":{"id":"street-140895","dataset":"street","gu":"영등포구","species":"벚나무","heightM":5.0,"crownWidthM":3.0,"rawHeight":5.0,"rawCrownWidth":3.0,"quality":"valid","sourceYear":2013},"geometry":{"type":"Point","coordinates":[126.91470583,37.5254763]}},{"type":"Feature","id":"street-140927","properties":{"id":"street-140927","dataset":"street","gu":"영등포구","species":"은행나무","heightM":9.0,"crownWidthM":4.0,"rawHeight":9.0,"rawCrownWidth":4.0,"quality":"valid","sourceYear":2013},"geometry":{"type":"Point","coordinates":[126.91800941,37.52142922]}},{"type":"Feature","id":"street-140946","properties":{"id":"street-140946","dataset":"street","gu":"영등포구","species":"느티나무","heightM":6.0,"crownWidthM":3.0,"rawHeight":6.0,"rawCrownWidth":3.0,"quality":"valid","sourceYear":2013},"geometry":{"type":"Point","coordinates":[126.91418162,37.52623818]}},{"type":"Feature","id":"street-140951","properties":{"id":"street-140951","dataset":"street","gu":"영등포구","species":"은행나무","heightM":7.0,"crownWidthM":4.0,"rawHeight":7.0,"rawCrownWidth":4.0,"quality":"valid","sourceYear":2013},"geometry":{"type":"Point","coordinates":[126.91716172,37.52653858]}},{"type":"Feature","id":"street-140953","properties":{"id":"street-140953","dataset":"street","gu":"영등포구","species":"은행나무","heightM":9.0,"crownWidthM":4.0,"rawHeight":9.0,"rawCrownWidth":4.0,"quality":"valid","sourceYear":2013},"geometry":{"type":"Point","coordinates":[126.91791586,37.52554838]}},{"type":"Feature","id":"street-141080","properties":{"id":"street-141080","dataset":"street","gu":"영등포구","species":"은행나무","heightM":8.0,"crownWidthM":3.0,"rawHeight":8.0,"rawCrownWidth":3.0,"quality":"valid","sourceYear":2013},"geometry":{"type":"Point","coordinates":[126.91561734,37.52836383]}},{"type":"Feature","id":"street-141095","properties":{"id":"street-141095","dataset":"street","gu":"영등포구","species":"벚나무","heightM":6.0,"crownWidthM":2.0,"rawHeight":6.0,"rawCrownWidth":2.0,"quality":"valid","sourceYear":2013},"geometry":{"type":"Point","coordinates":[126.91518695,37.52477588]}},{"type":"Feature","id":"street-141097","properties":{"id":"street-141097","dataset":"street","gu":"영등포구","species":"은행나무","heightM":9.0,"crownWidthM":3.0,"rawHeight":9.0,"rawCrownWidth":3.0,"quality":"valid","sourceYear":2013},"geometry":{"type":"Point","coordinates":[126.91531669,37.52774253]}},{"type":"Feature","id":"street-141110","properties":{"id":"street-141110","dataset":"street","gu":"영등포구","species":"은행나무","heightM":9.0,"crownWidthM":4.0,"rawHeight":9.0,"rawCrownWidth":4.0,"quality":"valid","sourceYear":2013},"geometry":{"type":"Point","coordinates":[126.91470897,37.5263102]}},{"type":"Feature","id":"street-141133","properties":{"id":"street-141133","dataset":"street","gu":"영등포구","species":"은행나무","heightM":7.0,"crownWidthM":2.0,"rawHeight":7.0,"rawCrownWidth":2.0,"quality":"valid","sourceYear":2013},"geometry":{"type":"Point","coordinates":[126.91813607,37.52851873]}},{"type":"Feature","id":"street-141136","properties":{"id":"street-141136","dataset":"street","gu":"영등포구","species":"은행나무","heightM":8.0,"crownWidthM":5.0,"rawHeight":8.0,"rawCrownWidth":5.0,"quality":"valid","sourceYear":2013},"geometry":{"type":"Point","coordinates":[126.91569556,37.52781326]}},{"type":"Feature","id":"street-141174","properties":{"id":"street-141174","dataset":"street","gu":"영등포구","species":"벚나무","heightM":6.0,"crownWidthM":6.0,"rawHeight":6.0,"rawCrownWidth":6.0,"quality":"valid","sourceYear":2013},"geometry":{"type":"Point","coordinates":[126.91317512,37.52751366]}},{"type":"Feature","id":"street-141187","properties":{"id":"street-141187","dataset":"street","gu":"영등포구","species":"벚나무","heightM":7.0,"crownWidthM":1.0,"rawHeight":7.0,"rawCrownWidth":1.0,"quality":"valid","sourceYear":2013},"geometry":{"type":"Point","coordinates":[126.91478206,37.52536638]}},{"type":"Feature","id":"street-141222","properties":{"id":"street-141222","dataset":"street","gu":"영등포구","species":"은행나무","heightM":8.0,"crownWidthM":2.0,"rawHeight":8.0,"rawCrownWidth":2.0,"quality":"valid","sourceYear":2013},"geometry":{"type":"Point","coordinates":[126.91858595,37.52990535]}},{"type":"Feature","id":"street-141233","properties":{"id":"street-141233","dataset":"street","gu":"영등포구","species":"은행나무","heightM":7.0,"crownWidthM":3.0,"rawHeight":7.0,"rawCrownWidth":3.0,"quality":"valid","sourceYear":2013},"geometry":{"type":"Point","coordinates":[126.9180743,37.52455095]}},{"type":"Feature","id":"street-141244","properties":{"id":"street-141244","dataset":"street","gu":"영등포구","species":"은행나무","heightM":7.0,"crownWidthM":3.0,"rawHeight":7.0,"rawCrownWidth":3.0,"quality":"valid","sourceYear":2013},"geometry":{"type":"Point","coordinates":[126.9157459,37.5284438]}},{"type":"Feature","id":"street-141251","properties":{"id":"street-141251","dataset":"street","gu":"영등포구","species":"은행나무","heightM":8.0,"crownWidthM":4.0,"rawHeight":8.0,"rawCrownWidth":4.0,"quality":"valid","sourceYear":2013},"geometry":{"type":"Point","coordinates":[126.9183532,37.5253224]}},{"type":"Feature","id":"street-141352","properties":{"id":"street-141352","dataset":"street","gu":"영등포구","species":"은행나무","heightM":7.0,"crownWidthM":4.0,"rawHeight":7.0,"rawCrownWidth":4.0,"quality":"valid","sourceYear":2013},"geometry":{"type":"Point","coordinates":[126.91610885,37.52760827]}},{"type":"Feature","id":"street-141392","properties":{"id":"street-141392","dataset":"street","gu":"영등포구","species":"벚나무","heightM":8.0,"crownWidthM":8.0,"rawHeight":8.0,"rawCrownWidth":8.0,"quality":"valid","sourceYear":2013},"geometry":{"type":"Point","coordinates":[126.91264811,37.5286945]}},{"type":"Feature","id":"street-141400","properties":{"id":"street-141400","dataset":"street","gu":"영등포구","species":"은행나무","heightM":8.0,"crownWidthM":4.0,"rawHeight":8.0,"rawCrownWidth":4.0,"quality":"valid","sourceYear":2013},"geometry":{"type":"Point","coordinates":[126.91809164,37.52148233]}},{"type":"Feature","id":"street-141401","properties":{"id":"street-141401","dataset":"street","gu":"영등포구","species":"은행나무","heightM":9.0,"crownWidthM":3.0,"rawHeight":9.0,"rawCrownWidth":3.0,"quality":"valid","sourceYear":2013},"geometry":{"type":"Point","coordinates":[126.91540895,37.52693159]}},{"type":"Feature","id":"street-141407","properties":{"id":"street-141407","dataset":"street","gu":"영등포구","species":"은행나무","heightM":9.0,"crownWidthM":3.0,"rawHeight":9.0,"rawCrownWidth":3.0,"quality":"valid","sourceYear":2013},"geometry":{"type":"Point","coordinates":[126.91545328,37.5278289]}},{"type":"Feature","id":"street-141413","properties":{"id":"street-141413","dataset":"street","gu":"영등포구","species":"느티나무","heightM":6.0,"crownWidthM":3.0,"rawHeight":6.0,"rawCrownWidth":3.0,"quality":"valid","sourceYear":2013},"geometry":{"type":"Point","coordinates":[126.91307562,37.5282178]}},{"type":"Feature","id":"street-141417","properties":{"id":"street-141417","dataset":"street","gu":"영등포구","species":"은행나무","heightM":8.0,"crownWidthM":5.0,"rawHeight":8.0,"rawCrownWidth":5.0,"quality":"valid","sourceYear":2013},"geometry":{"type":"Point","coordinates":[126.91683165,37.52686643]}},{"type":"Feature","id":"street-141432","properties":{"id":"street-141432","dataset":"street","gu":"영등포구","species":"느티나무","heightM":7.0,"crownWidthM":3.0,"rawHeight":7.0,"rawCrownWidth":3.0,"quality":"valid","sourceYear":2013},"geometry":{"type":"Point","coordinates":[126.91414348,37.52629883]}},{"type":"Feature","id":"street-141446","properties":{"id":"street-141446","dataset":"street","gu":"영등포구","species":"은행나무","heightM":6.0,"crownWidthM":3.0,"rawHeight":6.0,"rawCrownWidth":3.0,"quality":"valid","sourceYear":2013},"geometry":{"type":"Point","coordinates":[126.91797844,37.52141312]}},{"type":"Feature","id":"street-141480","properties":{"id":"street-141480","dataset":"street","gu":"영등포구","species":"은행나무","heightM":6.0,"crownWidthM":3.0,"rawHeight":6.0,"rawCrownWidth":3.0,"quality":"valid","sourceYear":2013},"geometry":{"type":"Point","coordinates":[126.91946667,37.52187258]}},{"type":"Feature","id":"street-141483","properties":{"id":"street-141483","dataset":"street","gu":"영등포구","species":"은행나무","heightM":9.0,"crownWidthM":6.0,"rawHeight":9.0,"rawCrownWidth":6.0,"quality":"valid","sourceYear":2013},"geometry":{"type":"Point","coordinates":[126.91798246,37.52866409]}},{"type":"Feature","id":"street-141485","properties":{"id":"street-141485","dataset":"street","gu":"영등포구","species":"은행나무","heightM":9.0,"crownWidthM":4.0,"rawHeight":9.0,"rawCrownWidth":4.0,"quality":"valid","sourceYear":2013},"geometry":{"type":"Point","coordinates":[126.9157903,37.52716899]}},{"type":"Feature","id":"street-141490","properties":{"id":"street-141490","dataset":"street","gu":"영등포구","species":"벚나무","heightM":8.0,"crownWidthM":3.0,"rawHeight":8.0,"rawCrownWidth":3.0,"quality":"valid","sourceYear":2013},"geometry":{"type":"Point","coordinates":[126.9129892,37.52782479]}},{"type":"Feature","id":"street-141521","properties":{"id":"street-141521","dataset":"street","gu":"영등포구","species":"은행나무","heightM":9.0,"crownWidthM":4.0,"rawHeight":9.0,"rawCrownWidth":4.0,"quality":"valid","sourceYear":2013},"geometry":{"type":"Point","coordinates":[126.91885725,37.52503868]}},{"type":"Feature","id":"street-141527","properties":{"id":"street-141527","dataset":"street","gu":"영등포구","species":"은행나무","heightM":8.0,"crownWidthM":5.0,"rawHeight":8.0,"rawCrownWidth":5.0,"quality":"valid","sourceYear":2013},"geometry":{"type":"Point","coordinates":[126.9187094,37.52641053]}},{"type":"Feature","id":"street-141581","properties":{"id":"street-141581","dataset":"street","gu":"영등포구","species":"은행나무","heightM":7.0,"crownWidthM":2.0,"rawHeight":7.0,"rawCrownWidth":2.0,"quality":"valid","sourceYear":2013},"geometry":{"type":"Point","coordinates":[126.91607457,37.52734842]}},{"type":"Feature","id":"street-141603","properties":{"id":"street-141603","dataset":"street","gu":"영등포구","species":"은행나무","heightM":7.0,"crownWidthM":2.0,"rawHeight":7.0,"rawCrownWidth":2.0,"quality":"valid","sourceYear":2013},"geometry":{"type":"Point","coordinates":[126.91864603,37.52502679]}},{"type":"Feature","id":"street-141618","properties":{"id":"street-141618","dataset":"street","gu":"영등포구","species":"벚나무","heightM":8.0,"crownWidthM":9.0,"rawHeight":8.0,"rawCrownWidth":9.0,"quality":"valid","sourceYear":2013},"geometry":{"type":"Point","coordinates":[126.91222402,37.52976638]}},{"type":"Feature","id":"street-141639","properties":{"id":"street-141639","dataset":"street","gu":"영등포구","species":"은행나무","heightM":6.0,"crownWidthM":4.0,"rawHeight":6.0,"rawCrownWidth":4.0,"quality":"valid","sourceYear":2013},"geometry":{"type":"Point","coordinates":[126.91828351,37.52160106]}},{"type":"Feature","id":"street-141649","properties":{"id":"street-141649","dataset":"street","gu":"영등포구","species":"벚나무","heightM":7.0,"crownWidthM":7.0,"rawHeight":7.0,"rawCrownWidth":7.0,"quality":"valid","sourceYear":2013},"geometry":{"type":"Point","coordinates":[126.91557756,37.52379114]}},{"type":"Feature","id":"street-141686","properties":{"id":"street-141686","dataset":"street","gu":"영등포구","species":"느티나무","heightM":5.0,"crownWidthM":3.0,"rawHeight":5.0,"rawCrownWidth":3.0,"quality":"valid","sourceYear":2013},"geometry":{"type":"Point","coordinates":[126.91270355,37.52908374]}},{"type":"Feature","id":"street-141687","properties":{"id":"street-141687","dataset":"street","gu":"영등포구","species":"양버즘나무","heightM":6.0,"crownWidthM":3.0,"rawHeight":6.0,"rawCrownWidth":3.0,"quality":"valid","sourceYear":2013},"geometry":{"type":"Point","coordinates":[126.91061285,37.52334937]}},{"type":"Feature","id":"street-141695","properties":{"id":"street-141695","dataset":"street","gu":"영등포구","species":"은행나무","heightM":8.0,"crownWidthM":3.0,"rawHeight":8.0,"rawCrownWidth":3.0,"quality":"valid","sourceYear":2013},"geometry":{"type":"Point","coordinates":[126.91589369,37.52761124]}},{"type":"Feature","id":"street-141725","properties":{"id":"street-141725","dataset":"street","gu":"영등포구","species":"은행나무","heightM":6.0,"crownWidthM":2.0,"rawHeight":6.0,"rawCrownWidth":2.0,"quality":"valid","sourceYear":2013},"geometry":{"type":"Point","coordinates":[126.91753103,37.52776772]}},{"type":"Feature","id":"street-141726","properties":{"id":"street-141726","dataset":"street","gu":"영등포구","species":"은행나무","heightM":9.0,"crownWidthM":5.0,"rawHeight":9.0,"rawCrownWidth":5.0,"quality":"valid","sourceYear":2013},"geometry":{"type":"Point","coordinates":[126.91791564,37.52593492]}},{"type":"Feature","id":"street-141738","properties":{"id":"street-141738","dataset":"street","gu":"영등포구","species":"벚나무","heightM":6.0,"crownWidthM":5.0,"rawHeight":6.0,"rawCrownWidth":5.0,"quality":"valid","sourceYear":2013},"geometry":{"type":"Point","coordinates":[126.91424298,37.52573752]}},{"type":"Feature","id":"street-141740","properties":{"id":"street-141740","dataset":"street","gu":"영등포구","species":"은행나무","heightM":9.0,"crownWidthM":4.0,"rawHeight":9.0,"rawCrownWidth":4.0,"quality":"valid","sourceYear":2013},"geometry":{"type":"Point","coordinates":[126.91443828,37.52631875]}},{"type":"Feature","id":"street-141761","properties":{"id":"street-141761","dataset":"street","gu":"영등포구","species":"은행나무","heightM":9.0,"crownWidthM":4.0,"rawHeight":9.0,"rawCrownWidth":4.0,"quality":"valid","sourceYear":2013},"geometry":{"type":"Point","coordinates":[126.91523909,37.52682393]}},{"type":"Feature","id":"street-141799","properties":{"id":"street-141799","dataset":"street","gu":"영등포구","species":"벚나무","heightM":7.0,"crownWidthM":6.0,"rawHeight":7.0,"rawCrownWidth":6.0,"quality":"valid","sourceYear":2013},"geometry":{"type":"Point","coordinates":[126.91523826,37.5243247]}},{"type":"Feature","id":"street-141807","properties":{"id":"street-141807","dataset":"street","gu":"영등포구","species":"은행나무","heightM":7.0,"crownWidthM":3.0,"rawHeight":7.0,"rawCrownWidth":3.0,"quality":"valid","sourceYear":2013},"geometry":{"type":"Point","coordinates":[126.91805569,37.52946304]}},{"type":"Feature","id":"street-141817","properties":{"id":"street-141817","dataset":"street","gu":"영등포구","species":"벚나무","heightM":5.0,"crownWidthM":4.0,"rawHeight":5.0,"rawCrownWidth":4.0,"quality":"valid","sourceYear":2013},"geometry":{"type":"Point","coordinates":[126.91447886,37.52545365]}},{"type":"Feature","id":"street-141865","properties":{"id":"street-141865","dataset":"street","gu":"영등포구","species":"양버즘나무","heightM":6.0,"crownWidthM":2.0,"rawHeight":6.0,"rawCrownWidth":2.0,"quality":"valid","sourceYear":2013},"geometry":{"type":"Point","coordinates":[126.91058385,37.52372851]}},{"type":"Feature","id":"street-141881","properties":{"id":"street-141881","dataset":"street","gu":"영등포구","species":"은행나무","heightM":9.0,"crownWidthM":3.0,"rawHeight":9.0,"rawCrownWidth":3.0,"quality":"valid","sourceYear":2013},"geometry":{"type":"Point","coordinates":[126.91885096,37.52071941]}},{"type":"Feature","id":"street-141910","properties":{"id":"street-141910","dataset":"street","gu":"영등포구","species":"양버즘나무","heightM":6.0,"crownWidthM":1.0,"rawHeight":6.0,"rawCrownWidth":1.0,"quality":"valid","sourceYear":2013},"geometry":{"type":"Point","coordinates":[126.9108028,37.52342664]}},{"type":"Feature","id":"street-141916","properties":{"id":"street-141916","dataset":"street","gu":"영등포구","species":"은행나무","heightM":9.0,"crownWidthM":5.0,"rawHeight":9.0,"rawCrownWidth":5.0,"quality":"valid","sourceYear":2013},"geometry":{"type":"Point","coordinates":[126.91661274,37.52709512]}},{"type":"Feature","id":"street-141932","properties":{"id":"street-141932","dataset":"street","gu":"영등포구","species":"느티나무","heightM":6.0,"crownWidthM":5.0,"rawHeight":6.0,"rawCrownWidth":5.0,"quality":"valid","sourceYear":2013},"geometry":{"type":"Point","coordinates":[126.91337197,37.52759509]}},{"type":"Feature","id":"street-141949","properties":{"id":"street-141949","dataset":"street","gu":"영등포구","species":"은행나무","heightM":9.0,"crownWidthM":3.0,"rawHeight":9.0,"rawCrownWidth":3.0,"quality":"valid","sourceYear":2013},"geometry":{"type":"Point","coordinates":[126.91835353,37.52510714]}},{"type":"Feature","id":"street-141976","properties":{"id":"street-141976","dataset":"street","gu":"영등포구","species":"은행나무","heightM":7.0,"crownWidthM":3.0,"rawHeight":7.0,"rawCrownWidth":3.0,"quality":"valid","sourceYear":2013},"geometry":{"type":"Point","coordinates":[126.91934317,37.52728665]}},{"type":"Feature","id":"street-141977","properties":{"id":"street-141977","dataset":"street","gu":"영등포구","species":"은행나무","heightM":9.0,"crownWidthM":4.0,"rawHeight":9.0,"rawCrownWidth":4.0,"quality":"valid","sourceYear":2013},"geometry":{"type":"Point","coordinates":[126.91838543,37.52621675]}},{"type":"Feature","id":"street-141981","properties":{"id":"street-141981","dataset":"street","gu":"영등포구","species":"은행나무","heightM":9.0,"crownWidthM":2.0,"rawHeight":9.0,"rawCrownWidth":2.0,"quality":"valid","sourceYear":2013},"geometry":{"type":"Point","coordinates":[126.91565386,37.52785476]}},{"type":"Feature","id":"street-141998","properties":{"id":"street-141998","dataset":"street","gu":"영등포구","species":"벚나무","heightM":5.0,"crownWidthM":4.0,"rawHeight":5.0,"rawCrownWidth":4.0,"quality":"valid","sourceYear":2013},"geometry":{"type":"Point","coordinates":[126.91444433,37.525504]}},{"type":"Feature","id":"street-142008","properties":{"id":"street-142008","dataset":"street","gu":"영등포구","species":"은행나무","heightM":7.0,"crownWidthM":4.0,"rawHeight":7.0,"rawCrownWidth":4.0,"quality":"valid","sourceYear":2013},"geometry":{"type":"Point","coordinates":[126.91908873,37.52070037]}},{"type":"Feature","id":"street-142043","properties":{"id":"street-142043","dataset":"street","gu":"영등포구","species":"은행나무","heightM":8.0,"crownWidthM":4.0,"rawHeight":8.0,"rawCrownWidth":4.0,"quality":"valid","sourceYear":2013},"geometry":{"type":"Point","coordinates":[126.91943664,37.52540136]}},{"type":"Feature","id":"street-142045","properties":{"id":"street-142045","dataset":"street","gu":"영등포구","species":"벚나무","heightM":6.0,"crownWidthM":2.0,"rawHeight":6.0,"rawCrownWidth":2.0,"quality":"valid","sourceYear":2013},"geometry":{"type":"Point","coordinates":[126.91576157,37.52351754]}},{"type":"Feature","id":"street-142068","properties":{"id":"street-142068","dataset":"street","gu":"영등포구","species":"벚나무","heightM":8.0,"crownWidthM":9.0,"rawHeight":8.0,"rawCrownWidth":9.0,"quality":"valid","sourceYear":2013},"geometry":{"type":"Point","coordinates":[126.91280856,37.52829481]}},{"type":"Feature","id":"street-142070","properties":{"id":"street-142070","dataset":"street","gu":"영등포구","species":"은행나무","heightM":5.0,"crownWidthM":2.0,"rawHeight":5.0,"rawCrownWidth":2.0,"quality":"valid","sourceYear":2013},"geometry":{"type":"Point","coordinates":[126.91960443,37.52194678]}},{"type":"Feature","id":"street-142073","properties":{"id":"street-142073","dataset":"street","gu":"영등포구","species":"벚나무","heightM":7.0,"crownWidthM":6.0,"rawHeight":7.0,"rawCrownWidth":6.0,"quality":"valid","sourceYear":2013},"geometry":{"type":"Point","coordinates":[126.91525555,37.52425625]}},{"type":"Feature","id":"street-142077","properties":{"id":"street-142077","dataset":"street","gu":"영등포구","species":"은행나무","heightM":9.0,"crownWidthM":4.0,"rawHeight":9.0,"rawCrownWidth":4.0,"quality":"valid","sourceYear":2013},"geometry":{"type":"Point","coordinates":[126.91518015,37.52678528]}},{"type":"Feature","id":"street-142086","properties":{"id":"street-142086","dataset":"street","gu":"영등포구","species":"느티나무","heightM":6.0,"crownWidthM":3.0,"rawHeight":6.0,"rawCrownWidth":3.0,"quality":"valid","sourceYear":2013},"geometry":{"type":"Point","coordinates":[126.91309469,37.5281762]}},{"type":"Feature","id":"street-142087","properties":{"id":"street-142087","dataset":"street","gu":"영등포구","species":"벚나무","heightM":7.0,"crownWidthM":1.0,"rawHeight":7.0,"rawCrownWidth":1.0,"quality":"valid","sourceYear":2013},"geometry":{"type":"Point","coordinates":[126.91626756,37.52279451]}},{"type":"Feature","id":"street-142105","properties":{"id":"street-142105","dataset":"street","gu":"영등포구","species":"벚나무","heightM":6.0,"crownWidthM":4.0,"rawHeight":6.0,"rawCrownWidth":4.0,"quality":"valid","sourceYear":2013},"geometry":{"type":"Point","coordinates":[126.915037,37.52462567]}},{"type":"Feature","id":"street-142109","properties":{"id":"street-142109","dataset":"street","gu":"영등포구","species":"벚나무","heightM":5.0,"crownWidthM":2.0,"rawHeight":5.0,"rawCrownWidth":2.0,"quality":"valid","sourceYear":2013},"geometry":{"type":"Point","coordinates":[126.91584873,37.52378669]}},{"type":"Feature","id":"street-142119","properties":{"id":"street-142119","dataset":"street","gu":"영등포구","species":"은행나무","heightM":9.0,"crownWidthM":3.0,"rawHeight":9.0,"rawCrownWidth":3.0,"quality":"valid","sourceYear":2013},"geometry":{"type":"Point","coordinates":[126.91720027,37.52627914]}},{"type":"Feature","id":"street-142132","properties":{"id":"street-142132","dataset":"street","gu":"영등포구","species":"벚나무","heightM":7.0,"crownWidthM":7.0,"rawHeight":7.0,"rawCrownWidth":7.0,"quality":"valid","sourceYear":2013},"geometry":{"type":"Point","coordinates":[126.91539355,37.52406474]}},{"type":"Feature","id":"street-142140","properties":{"id":"street-142140","dataset":"street","gu":"영등포구","species":"은행나무","heightM":8.0,"crownWidthM":3.0,"rawHeight":8.0,"rawCrownWidth":3.0,"quality":"valid","sourceYear":2013},"geometry":{"type":"Point","coordinates":[126.91597434,37.5270914]}},{"type":"Feature","id":"street-142167","properties":{"id":"street-142167","dataset":"street","gu":"영등포구","species":"은행나무","heightM":9.0,"crownWidthM":4.0,"rawHeight":9.0,"rawCrownWidth":4.0,"quality":"valid","sourceYear":2013},"geometry":{"type":"Point","coordinates":[126.91628613,37.52742851]}},{"type":"Feature","id":"street-142175","properties":{"id":"street-142175","dataset":"street","gu":"영등포구","species":"은행나무","heightM":9.0,"crownWidthM":4.0,"rawHeight":9.0,"rawCrownWidth":4.0,"quality":"valid","sourceYear":2013},"geometry":{"type":"Point","coordinates":[126.91803397,37.52542428]}},{"type":"Feature","id":"street-142183","properties":{"id":"street-142183","dataset":"street","gu":"영등포구","species":"벚나무","heightM":6.0,"crownWidthM":3.0,"rawHeight":6.0,"rawCrownWidth":3.0,"quality":"valid","sourceYear":2013},"geometry":{"type":"Point","coordinates":[126.91463911,37.52558242]}},{"type":"Feature","id":"street-142215","properties":{"id":"street-142215","dataset":"street","gu":"영등포구","species":"은행나무","heightM":8.0,"crownWidthM":3.0,"rawHeight":8.0,"rawCrownWidth":3.0,"quality":"valid","sourceYear":2013},"geometry":{"type":"Point","coordinates":[126.91852557,37.5298702]}},{"type":"Feature","id":"street-142244","properties":{"id":"street-142244","dataset":"street","gu":"영등포구","species":"느티나무","heightM":5.0,"crownWidthM":4.0,"rawHeight":5.0,"rawCrownWidth":4.0,"quality":"valid","sourceYear":2013},"geometry":{"type":"Point","coordinates":[126.9134669,37.52741626]}},{"type":"Feature","id":"street-142272","properties":{"id":"street-142272","dataset":"street","gu":"영등포구","species":"은행나무","heightM":8.0,"crownWidthM":4.0,"rawHeight":8.0,"rawCrownWidth":4.0,"quality":"valid","sourceYear":2013},"geometry":{"type":"Point","coordinates":[126.91942874,37.52190823]}},{"type":"Feature","id":"street-142313","properties":{"id":"street-142313","dataset":"street","gu":"영등포구","species":"양버즘나무","heightM":7.0,"crownWidthM":4.0,"rawHeight":7.0,"rawCrownWidth":4.0,"quality":"valid","sourceYear":2013},"geometry":{"type":"Point","coordinates":[126.91197899,37.52134564]}},{"type":"Feature","id":"street-142334","properties":{"id":"street-142334","dataset":"street","gu":"영등포구","species":"양버즘나무","heightM":7.0,"crownWidthM":2.0,"rawHeight":7.0,"rawCrownWidth":2.0,"quality":"valid","sourceYear":2013},"geometry":{"type":"Point","coordinates":[126.91216812,37.52141583]}},{"type":"Feature","id":"street-142345","properties":{"id":"street-142345","dataset":"street","gu":"영등포구","species":"벚나무","heightM":8.0,"crownWidthM":8.0,"rawHeight":8.0,"rawCrownWidth":8.0,"quality":"valid","sourceYear":2013},"geometry":{"type":"Point","coordinates":[126.9121896,37.5298754]}},{"type":"Feature","id":"street-142351","properties":{"id":"street-142351","dataset":"street","gu":"영등포구","species":"양버즘나무","heightM":6.0,"crownWidthM":2.0,"rawHeight":6.0,"rawCrownWidth":2.0,"quality":"valid","sourceYear":2013},"geometry":{"type":"Point","coordinates":[126.91119834,37.52250253]}},{"type":"Feature","id":"street-142353","properties":{"id":"street-142353","dataset":"street","gu":"영등포구","species":"양버즘나무","heightM":6.0,"crownWidthM":2.0,"rawHeight":6.0,"rawCrownWidth":2.0,"quality":"valid","sourceYear":2013},"geometry":{"type":"Point","coordinates":[126.91180639,37.52160813]}},{"type":"Feature","id":"street-142356","properties":{"id":"street-142356","dataset":"street","gu":"영등포구","species":"은행나무","heightM":7.0,"crownWidthM":4.0,"rawHeight":7.0,"rawCrownWidth":4.0,"quality":"valid","sourceYear":2013},"geometry":{"type":"Point","coordinates":[126.91793892,37.52138859]}},{"type":"Feature","id":"street-142367","properties":{"id":"street-142367","dataset":"street","gu":"영등포구","species":"은행나무","heightM":7.0,"crownWidthM":1.0,"rawHeight":7.0,"rawCrownWidth":1.0,"quality":"valid","sourceYear":2013},"geometry":{"type":"Point","coordinates":[126.91495135,37.5266445]}},{"type":"Feature","id":"street-142376","properties":{"id":"street-142376","dataset":"street","gu":"영등포구","species":"벚나무","heightM":6.0,"crownWidthM":2.0,"rawHeight":6.0,"rawCrownWidth":2.0,"quality":"valid","sourceYear":2013},"geometry":{"type":"Point","coordinates":[126.91457242,37.52567339]}},{"type":"Feature","id":"street-142400","properties":{"id":"street-142400","dataset":"street","gu":"영등포구","species":"양버즘나무","heightM":6.0,"crownWidthM":2.0,"rawHeight":6.0,"rawCrownWidth":2.0,"quality":"valid","sourceYear":2013},"geometry":{"type":"Point","coordinates":[126.91077047,37.52313469]}},{"type":"Feature","id":"street-142433","properties":{"id":"street-142433","dataset":"street","gu":"영등포구","species":"은행나무","heightM":8.0,"crownWidthM":4.0,"rawHeight":8.0,"rawCrownWidth":4.0,"quality":"valid","sourceYear":2013},"geometry":{"type":"Point","coordinates":[126.91905414,37.52084307]}},{"type":"Feature","id":"street-142457","properties":{"id":"street-142457","dataset":"street","gu":"영등포구","species":"은행나무","heightM":8.0,"crownWidthM":5.0,"rawHeight":8.0,"rawCrownWidth":5.0,"quality":"valid","sourceYear":2013},"geometry":{"type":"Point","coordinates":[126.91955346,37.52115352]}},{"type":"Feature","id":"street-142459","properties":{"id":"street-142459","dataset":"street","gu":"영등포구","species":"은행나무","heightM":6.0,"crownWidthM":3.0,"rawHeight":6.0,"rawCrownWidth":3.0,"quality":"valid","sourceYear":2013},"geometry":{"type":"Point","coordinates":[126.91940089,37.52218815]}},{"type":"Feature","id":"street-142471","properties":{"id":"street-142471","dataset":"street","gu":"영등포구","species":"양버즘나무","heightM":6.0,"crownWidthM":1.0,"rawHeight":6.0,"rawCrownWidth":1.0,"quality":"valid","sourceYear":2013},"geometry":{"type":"Point","coordinates":[126.91007576,37.52447089]}},{"type":"Feature","id":"street-142475","properties":{"id":"street-142475","dataset":"street","gu":"영등포구","species":"벚나무","heightM":5.0,"crownWidthM":3.0,"rawHeight":5.0,"rawCrownWidth":3.0,"quality":"valid","sourceYear":2013},"geometry":{"type":"Point","coordinates":[126.91806476,37.52074492]}},{"type":"Feature","id":"street-142476","properties":{"id":"street-142476","dataset":"street","gu":"영등포구","species":"벚나무","heightM":6.0,"crownWidthM":7.0,"rawHeight":6.0,"rawCrownWidth":7.0,"quality":"valid","sourceYear":2013},"geometry":{"type":"Point","coordinates":[126.91847746,37.52047302]}},{"type":"Feature","id":"street-142478","properties":{"id":"street-142478","dataset":"street","gu":"영등포구","species":"은행나무","heightM":6.0,"crownWidthM":3.0,"rawHeight":6.0,"rawCrownWidth":3.0,"quality":"valid","sourceYear":2013},"geometry":{"type":"Point","coordinates":[126.91840098,37.52167605]}},{"type":"Feature","id":"street-142501","properties":{"id":"street-142501","dataset":"street","gu":"영등포구","species":"벚나무","heightM":6.0,"crownWidthM":2.0,"rawHeight":6.0,"rawCrownWidth":2.0,"quality":"valid","sourceYear":2013},"geometry":{"type":"Point","coordinates":[126.91469153,37.52550283]}},{"type":"Feature","id":"street-142502","properties":{"id":"street-142502","dataset":"street","gu":"영등포구","species":"벚나무","heightM":6.0,"crownWidthM":5.0,"rawHeight":6.0,"rawCrownWidth":5.0,"quality":"valid","sourceYear":2013},"geometry":{"type":"Point","coordinates":[126.9182711,37.52061836]}},{"type":"Feature","id":"street-142508","properties":{"id":"street-142508","dataset":"street","gu":"영등포구","species":"벚나무","heightM":5.0,"crownWidthM":1.0,"rawHeight":5.0,"rawCrownWidth":1.0,"quality":"valid","sourceYear":2013},"geometry":{"type":"Point","coordinates":[126.91544881,37.52438322]}},{"type":"Feature","id":"street-142525","properties":{"id":"street-142525","dataset":"street","gu":"영등포구","species":"벚나무","heightM":6.0,"crownWidthM":2.0,"rawHeight":6.0,"rawCrownWidth":2.0,"quality":"valid","sourceYear":2013},"geometry":{"type":"Point","coordinates":[126.9160152,37.52353713]}},{"type":"Feature","id":"street-142530","properties":{"id":"street-142530","dataset":"street","gu":"영등포구","species":"은행나무","heightM":8.0,"crownWidthM":2.0,"rawHeight":8.0,"rawCrownWidth":2.0,"quality":"valid","sourceYear":2013},"geometry":{"type":"Point","coordinates":[126.91622269,37.52831734]}},{"type":"Feature","id":"street-142572","properties":{"id":"street-142572","dataset":"street","gu":"영등포구","species":"양버즘나무","heightM":7.0,"crownWidthM":2.0,"rawHeight":7.0,"rawCrownWidth":2.0,"quality":"valid","sourceYear":2013},"geometry":{"type":"Point","coordinates":[126.91154368,37.52199575]}},{"type":"Feature","id":"street-142615","properties":{"id":"street-142615","dataset":"street","gu":"영등포구","species":"벚나무","heightM":7.0,"crownWidthM":6.0,"rawHeight":7.0,"rawCrownWidth":6.0,"quality":"valid","sourceYear":2013},"geometry":{"type":"Point","coordinates":[126.9151405,37.52447519]}},{"type":"Feature","id":"street-142635","properties":{"id":"street-142635","dataset":"street","gu":"영등포구","species":"은행나무","heightM":8.0,"crownWidthM":5.0,"rawHeight":8.0,"rawCrownWidth":5.0,"quality":"valid","sourceYear":2013},"geometry":{"type":"Point","coordinates":[126.91830456,37.52537204]}},{"type":"Feature","id":"street-142642","properties":{"id":"street-142642","dataset":"street","gu":"영등포구","species":"은행나무","heightM":8.0,"crownWidthM":5.0,"rawHeight":8.0,"rawCrownWidth":5.0,"quality":"valid","sourceYear":2013},"geometry":{"type":"Point","coordinates":[126.91997707,37.52124683]}},{"type":"Feature","id":"street-142653","properties":{"id":"street-142653","dataset":"street","gu":"영등포구","species":"은행나무","heightM":8.0,"crownWidthM":4.0,"rawHeight":8.0,"rawCrownWidth":4.0,"quality":"valid","sourceYear":2013},"geometry":{"type":"Point","coordinates":[126.91554503,37.52831905]}},{"type":"Feature","id":"street-142696","properties":{"id":"street-142696","dataset":"street","gu":"영등포구","species":"양버즘나무","heightM":6.0,"crownWidthM":2.0,"rawHeight":6.0,"rawCrownWidth":2.0,"quality":"valid","sourceYear":2013},"geometry":{"type":"Point","coordinates":[126.91258668,37.5206992]}},{"type":"Feature","id":"street-142708","properties":{"id":"street-142708","dataset":"street","gu":"영등포구","species":"은행나무","heightM":9.0,"crownWidthM":4.0,"rawHeight":9.0,"rawCrownWidth":4.0,"quality":"valid","sourceYear":2013},"geometry":{"type":"Point","coordinates":[126.91561033,37.52686781]}},{"type":"Feature","id":"street-142728","properties":{"id":"street-142728","dataset":"street","gu":"영등포구","species":"은행나무","heightM":8.0,"crownWidthM":3.0,"rawHeight":8.0,"rawCrownWidth":3.0,"quality":"valid","sourceYear":2013},"geometry":{"type":"Point","coordinates":[126.91927613,37.52529817]}},{"type":"Feature","id":"street-142740","properties":{"id":"street-142740","dataset":"street","gu":"영등포구","species":"은행나무","heightM":8.0,"crownWidthM":2.0,"rawHeight":8.0,"rawCrownWidth":2.0,"quality":"valid","sourceYear":2013},"geometry":{"type":"Point","coordinates":[126.91770917,37.52967167]}},{"type":"Feature","id":"street-142745","properties":{"id":"street-142745","dataset":"street","gu":"영등포구","species":"양버즘나무","heightM":6.0,"crownWidthM":2.0,"rawHeight":6.0,"rawCrownWidth":2.0,"quality":"valid","sourceYear":2013},"geometry":{"type":"Point","coordinates":[126.91075129,37.52349315]}},{"type":"Feature","id":"street-142776","properties":{"id":"street-142776","dataset":"street","gu":"영등포구","species":"은행나무","heightM":6.0,"crownWidthM":3.0,"rawHeight":6.0,"rawCrownWidth":3.0,"quality":"valid","sourceYear":2013},"geometry":{"type":"Point","coordinates":[126.91986647,37.52167778]}},{"type":"Feature","id":"street-142809","properties":{"id":"street-142809","dataset":"street","gu":"영등포구","species":"벚나무","heightM":5.0,"crownWidthM":2.0,"rawHeight":5.0,"rawCrownWidth":2.0,"quality":"valid","sourceYear":2013},"geometry":{"type":"Point","coordinates":[126.91562973,37.52411517]}},{"type":"Feature","id":"street-142833","properties":{"id":"street-142833","dataset":"street","gu":"영등포구","species":"느티나무","heightM":7.0,"crownWidthM":2.0,"rawHeight":7.0,"rawCrownWidth":2.0,"quality":"valid","sourceYear":2013},"geometry":{"type":"Point","coordinates":[126.91411012,37.5263481]}},{"type":"Feature","id":"street-142852","properties":{"id":"street-142852","dataset":"street","gu":"영등포구","species":"은행나무","heightM":9.0,"crownWidthM":5.0,"rawHeight":9.0,"rawCrownWidth":5.0,"quality":"valid","sourceYear":2013},"geometry":{"type":"Point","coordinates":[126.91712036,37.52635628]}},{"type":"Feature","id":"street-142858","properties":{"id":"street-142858","dataset":"street","gu":"영등포구","species":"은행나무","heightM":8.0,"crownWidthM":2.0,"rawHeight":8.0,"rawCrownWidth":2.0,"quality":"valid","sourceYear":2013},"geometry":{"type":"Point","coordinates":[126.91615024,37.52826852]}},{"type":"Feature","id":"street-142871","properties":{"id":"street-142871","dataset":"street","gu":"영등포구","species":"벚나무","heightM":7.0,"crownWidthM":2.0,"rawHeight":7.0,"rawCrownWidth":2.0,"quality":"valid","sourceYear":2013},"geometry":{"type":"Point","coordinates":[126.91310529,37.5275891]}},{"type":"Feature","id":"street-142879","properties":{"id":"street-142879","dataset":"street","gu":"영등포구","species":"양버즘나무","heightM":8.0,"crownWidthM":4.0,"rawHeight":8.0,"rawCrownWidth":4.0,"quality":"valid","sourceYear":2013},"geometry":{"type":"Point","coordinates":[126.91419567,37.52005586]}},{"type":"Feature","id":"street-142887","properties":{"id":"street-142887","dataset":"street","gu":"영등포구","species":"벚나무","heightM":6.0,"crownWidthM":6.0,"rawHeight":6.0,"rawCrownWidth":6.0,"quality":"valid","sourceYear":2013},"geometry":{"type":"Point","coordinates":[126.91559478,37.52380487]}},{"type":"Feature","id":"street-142893","properties":{"id":"street-142893","dataset":"street","gu":"영등포구","species":"벚나무","heightM":6.0,"crownWidthM":4.0,"rawHeight":6.0,"rawCrownWidth":4.0,"quality":"valid","sourceYear":2013},"geometry":{"type":"Point","coordinates":[126.91568103,37.52367719]}},{"type":"Feature","id":"street-142908","properties":{"id":"street-142908","dataset":"street","gu":"영등포구","species":"벚나무","heightM":6.0,"crownWidthM":2.0,"rawHeight":6.0,"rawCrownWidth":2.0,"quality":"valid","sourceYear":2013},"geometry":{"type":"Point","coordinates":[126.91552499,37.52426996]}},{"type":"Feature","id":"street-142925","properties":{"id":"street-142925","dataset":"street","gu":"영등포구","species":"벚나무","heightM":6.0,"crownWidthM":4.0,"rawHeight":6.0,"rawCrownWidth":4.0,"quality":"valid","sourceYear":2013},"geometry":{"type":"Point","coordinates":[126.91864254,37.5203652]}},{"type":"Feature","id":"street-142957","properties":{"id":"street-142957","dataset":"street","gu":"영등포구","species":"은행나무","heightM":9.0,"crownWidthM":3.0,"rawHeight":9.0,"rawCrownWidth":3.0,"quality":"valid","sourceYear":2013},"geometry":{"type":"Point","coordinates":[126.91444093,37.52719553]}},{"type":"Feature","id":"street-142974","properties":{"id":"street-142974","dataset":"street","gu":"영등포구","species":"은행나무","heightM":9.0,"crownWidthM":3.0,"rawHeight":9.0,"rawCrownWidth":3.0,"quality":"valid","sourceYear":2013},"geometry":{"type":"Point","coordinates":[126.91602634,37.52712453]}},{"type":"Feature","id":"street-142977","properties":{"id":"street-142977","dataset":"street","gu":"영등포구","species":"벚나무","heightM":7.0,"crownWidthM":5.0,"rawHeight":7.0,"rawCrownWidth":5.0,"quality":"valid","sourceYear":2013},"geometry":{"type":"Point","coordinates":[126.91512903,37.52445691]}},{"type":"Feature","id":"street-142978","properties":{"id":"street-142978","dataset":"street","gu":"영등포구","species":"은행나무","heightM":8.0,"crownWidthM":4.0,"rawHeight":8.0,"rawCrownWidth":4.0,"quality":"valid","sourceYear":2013},"geometry":{"type":"Point","coordinates":[126.91922304,37.52077732]}},{"type":"Feature","id":"street-142988","properties":{"id":"street-142988","dataset":"street","gu":"영등포구","species":"양버즘나무","heightM":6.0,"crownWidthM":3.0,"rawHeight":6.0,"rawCrownWidth":3.0,"quality":"valid","sourceYear":2013},"geometry":{"type":"Point","coordinates":[126.91093162,37.5232322]}},{"type":"Feature","id":"street-142994","properties":{"id":"street-142994","dataset":"street","gu":"영등포구","species":"느티나무","heightM":7.0,"crownWidthM":3.0,"rawHeight":7.0,"rawCrownWidth":3.0,"quality":"valid","sourceYear":2013},"geometry":{"type":"Point","coordinates":[126.91287532,37.52865643]}},{"type":"Feature","id":"street-142999","properties":{"id":"street-142999","dataset":"street","gu":"영등포구","species":"은행나무","heightM":8.0,"crownWidthM":4.0,"rawHeight":8.0,"rawCrownWidth":4.0,"quality":"valid","sourceYear":2013},"geometry":{"type":"Point","coordinates":[126.91775324,37.52435378]}},{"type":"Feature","id":"street-143000","properties":{"id":"street-143000","dataset":"street","gu":"영등포구","species":"벚나무","heightM":8.0,"crownWidthM":7.0,"rawHeight":8.0,"rawCrownWidth":7.0,"quality":"valid","sourceYear":2013},"geometry":{"type":"Point","coordinates":[126.91278563,37.5283584]}},{"type":"Feature","id":"street-143007","properties":{"id":"street-143007","dataset":"street","gu":"영등포구","species":"은행나무","heightM":9.0,"crownWidthM":4.0,"rawHeight":9.0,"rawCrownWidth":4.0,"quality":"valid","sourceYear":2013},"geometry":{"type":"Point","coordinates":[126.91509724,37.52655313]}},{"type":"Feature","id":"street-143036","properties":{"id":"street-143036","dataset":"street","gu":"영등포구","species":"벚나무","heightM":5.0,"crownWidthM":4.0,"rawHeight":5.0,"rawCrownWidth":4.0,"quality":"valid","sourceYear":2013},"geometry":{"type":"Point","coordinates":[126.9164404,37.52252971]}},{"type":"Feature","id":"street-143040","properties":{"id":"street-143040","dataset":"street","gu":"영등포구","species":"은행나무","heightM":9.0,"crownWidthM":3.0,"rawHeight":9.0,"rawCrownWidth":3.0,"quality":"valid","sourceYear":2013},"geometry":{"type":"Point","coordinates":[126.91484764,37.52639578]}},{"type":"Feature","id":"street-143052","properties":{"id":"street-143052","dataset":"street","gu":"영등포구","species":"벚나무","heightM":6.0,"crownWidthM":7.0,"rawHeight":6.0,"rawCrownWidth":7.0,"quality":"valid","sourceYear":2013},"geometry":{"type":"Point","coordinates":[126.91835365,37.52055741]}},{"type":"Feature","id":"street-143066","properties":{"id":"street-143066","dataset":"street","gu":"영등포구","species":"은행나무","heightM":8.0,"crownWidthM":2.0,"rawHeight":8.0,"rawCrownWidth":2.0,"quality":"valid","sourceYear":2013},"geometry":{"type":"Point","coordinates":[126.91840883,37.52979981]}},{"type":"Feature","id":"street-143097","properties":{"id":"street-143097","dataset":"street","gu":"영등포구","species":"양버즘나무","heightM":6.0,"crownWidthM":2.0,"rawHeight":6.0,"rawCrownWidth":2.0,"quality":"valid","sourceYear":2013},"geometry":{"type":"Point","coordinates":[126.9101851,37.52396967]}},{"type":"Feature","id":"street-143112","properties":{"id":"street-143112","dataset":"street","gu":"영등포구","species":"은행나무","heightM":8.0,"crownWidthM":4.0,"rawHeight":8.0,"rawCrownWidth":4.0,"quality":"valid","sourceYear":2013},"geometry":{"type":"Point","coordinates":[126.91976304,37.52178209]}},{"type":"Feature","id":"street-143116","properties":{"id":"street-143116","dataset":"street","gu":"영등포구","species":"벚나무","heightM":6.0,"crownWidthM":1.0,"rawHeight":6.0,"rawCrownWidth":1.0,"quality":"valid","sourceYear":2013},"geometry":{"type":"Point","coordinates":[126.91451048,37.52576057]}},{"type":"Feature","id":"street-143117","properties":{"id":"street-143117","dataset":"street","gu":"영등포구","species":"은행나무","heightM":9.0,"crownWidthM":4.0,"rawHeight":9.0,"rawCrownWidth":4.0,"quality":"valid","sourceYear":2013},"geometry":{"type":"Point","coordinates":[126.91601564,37.52730977]}},{"type":"Feature","id":"street-143133","properties":{"id":"street-143133","dataset":"street","gu":"영등포구","species":"은행나무","heightM":7.0,"crownWidthM":4.0,"rawHeight":7.0,"rawCrownWidth":4.0,"quality":"valid","sourceYear":2013},"geometry":{"type":"Point","coordinates":[126.91958082,37.52567526]}},{"type":"Feature","id":"street-143151","properties":{"id":"street-143151","dataset":"street","gu":"영등포구","species":"은행나무","heightM":8.0,"crownWidthM":5.0,"rawHeight":8.0,"rawCrownWidth":5.0,"quality":"valid","sourceYear":2013},"geometry":{"type":"Point","coordinates":[126.91589334,37.52782965]}},{"type":"Feature","id":"street-143154","properties":{"id":"street-143154","dataset":"street","gu":"영등포구","species":"벚나무","heightM":6.0,"crownWidthM":6.0,"rawHeight":6.0,"rawCrownWidth":6.0,"quality":"valid","sourceYear":2013},"geometry":{"type":"Point","coordinates":[126.91395525,37.5261541]}},{"type":"Feature","id":"street-143170","properties":{"id":"street-143170","dataset":"street","gu":"영등포구","species":"벚나무","heightM":6.0,"crownWidthM":2.0,"rawHeight":6.0,"rawCrownWidth":2.0,"quality":"valid","sourceYear":2013},"geometry":{"type":"Point","coordinates":[126.91645782,37.52242923]}},{"type":"Feature","id":"street-143176","properties":{"id":"street-143176","dataset":"street","gu":"영등포구","species":"벚나무","heightM":6.0,"crownWidthM":2.0,"rawHeight":6.0,"rawCrownWidth":2.0,"quality":"valid","sourceYear":2013},"geometry":{"type":"Point","coordinates":[126.91573447,37.52395659]}},{"type":"Feature","id":"street-143240","properties":{"id":"street-143240","dataset":"street","gu":"영등포구","species":"벚나무","heightM":6.0,"crownWidthM":2.0,"rawHeight":6.0,"rawCrownWidth":2.0,"quality":"valid","sourceYear":2013},"geometry":{"type":"Point","coordinates":[126.91507744,37.52494201]}},{"type":"Feature","id":"street-143264","properties":{"id":"street-143264","dataset":"street","gu":"영등포구","species":"은행나무","heightM":6.0,"crownWidthM":2.0,"rawHeight":6.0,"rawCrownWidth":2.0,"quality":"valid","sourceYear":2013},"geometry":{"type":"Point","coordinates":[126.91811627,37.52717531]}},{"type":"Feature","id":"street-143265","properties":{"id":"street-143265","dataset":"street","gu":"영등포구","species":"벚나무","heightM":5.0,"crownWidthM":2.0,"rawHeight":5.0,"rawCrownWidth":2.0,"quality":"valid","sourceYear":2013},"geometry":{"type":"Point","coordinates":[126.91439134,37.52593491]}},{"type":"Feature","id":"street-143291","properties":{"id":"street-143291","dataset":"street","gu":"영등포구","species":"느티나무","heightM":5.0,"crownWidthM":3.0,"rawHeight":5.0,"rawCrownWidth":3.0,"quality":"valid","sourceYear":2013},"geometry":{"type":"Point","coordinates":[126.91275128,37.52895517]}},{"type":"Feature","id":"street-143310","properties":{"id":"street-143310","dataset":"street","gu":"영등포구","species":"은행나무","heightM":8.0,"crownWidthM":3.0,"rawHeight":8.0,"rawCrownWidth":3.0,"quality":"valid","sourceYear":2013},"geometry":{"type":"Point","coordinates":[126.91479564,37.52636542]}},{"type":"Feature","id":"street-143344","properties":{"id":"street-143344","dataset":"street","gu":"영등포구","species":"은행나무","heightM":8.0,"crownWidthM":3.0,"rawHeight":8.0,"rawCrownWidth":3.0,"quality":"valid","sourceYear":2013},"geometry":{"type":"Point","coordinates":[126.91722774,37.5264669]}},{"type":"Feature","id":"street-143356","properties":{"id":"street-143356","dataset":"street","gu":"영등포구","species":"벚나무","heightM":5.0,"crownWidthM":5.0,"rawHeight":5.0,"rawCrownWidth":5.0,"quality":"valid","sourceYear":2013},"geometry":{"type":"Point","coordinates":[126.91299186,37.52788606]}},{"type":"Feature","id":"street-143361","properties":{"id":"street-143361","dataset":"street","gu":"영등포구","species":"벚나무","heightM":5.0,"crownWidthM":4.0,"rawHeight":5.0,"rawCrownWidth":4.0,"quality":"valid","sourceYear":2013},"geometry":{"type":"Point","coordinates":[126.91811192,37.5207168]}},{"type":"Feature","id":"street-143370","properties":{"id":"street-143370","dataset":"street","gu":"영등포구","species":"은행나무","heightM":8.0,"crownWidthM":2.0,"rawHeight":8.0,"rawCrownWidth":2.0,"quality":"valid","sourceYear":2013},"geometry":{"type":"Point","coordinates":[126.91701893,37.52829043]}},{"type":"Feature","id":"street-143371","properties":{"id":"street-143371","dataset":"street","gu":"영등포구","species":"은행나무","heightM":8.0,"crownWidthM":5.0,"rawHeight":8.0,"rawCrownWidth":5.0,"quality":"valid","sourceYear":2013},"geometry":{"type":"Point","coordinates":[126.91928502,37.52081853]}},{"type":"Feature","id":"street-143387","properties":{"id":"street-143387","dataset":"street","gu":"영등포구","species":"벚나무","heightM":7.0,"crownWidthM":3.0,"rawHeight":7.0,"rawCrownWidth":3.0,"quality":"valid","sourceYear":2013},"geometry":{"type":"Point","coordinates":[126.91578683,37.52388486]}},{"type":"Feature","id":"street-143411","properties":{"id":"street-143411","dataset":"street","gu":"영등포구","species":"벚나무","heightM":7.0,"crownWidthM":8.0,"rawHeight":7.0,"rawCrownWidth":8.0,"quality":"valid","sourceYear":2013},"geometry":{"type":"Point","coordinates":[126.91516929,37.52439306]}},{"type":"Feature","id":"street-143443","properties":{"id":"street-143443","dataset":"street","gu":"영등포구","species":"은행나무","heightM":8.0,"crownWidthM":5.0,"rawHeight":8.0,"rawCrownWidth":5.0,"quality":"valid","sourceYear":2013},"geometry":{"type":"Point","coordinates":[126.91961095,37.52241957]}},{"type":"Feature","id":"street-143513","properties":{"id":"street-143513","dataset":"street","gu":"영등포구","species":"은행나무","heightM":8.0,"crownWidthM":5.0,"rawHeight":8.0,"rawCrownWidth":5.0,"quality":"valid","sourceYear":2013},"geometry":{"type":"Point","coordinates":[126.91579602,37.52792927]}},{"type":"Feature","id":"street-143517","properties":{"id":"street-143517","dataset":"street","gu":"영등포구","species":"은행나무","heightM":8.0,"crownWidthM":4.0,"rawHeight":8.0,"rawCrownWidth":4.0,"quality":"valid","sourceYear":2013},"geometry":{"type":"Point","coordinates":[126.9182594,37.52542169]}},{"type":"Feature","id":"street-143528","properties":{"id":"street-143528","dataset":"street","gu":"영등포구","species":"은행나무","heightM":6.0,"crownWidthM":4.0,"rawHeight":6.0,"rawCrownWidth":4.0,"quality":"valid","sourceYear":2013},"geometry":{"type":"Point","coordinates":[126.91993156,37.52262545]}},{"type":"Feature","id":"street-143548","properties":{"id":"street-143548","dataset":"street","gu":"영등포구","species":"은행나무","heightM":7.0,"crownWidthM":3.0,"rawHeight":7.0,"rawCrownWidth":3.0,"quality":"valid","sourceYear":2013},"geometry":{"type":"Point","coordinates":[126.91575084,37.52797632]}},{"type":"Feature","id":"street-143558","properties":{"id":"street-143558","dataset":"street","gu":"영등포구","species":"은행나무","heightM":9.0,"crownWidthM":4.0,"rawHeight":9.0,"rawCrownWidth":4.0,"quality":"valid","sourceYear":2013},"geometry":{"type":"Point","coordinates":[126.91488201,37.52660033]}},{"type":"Feature","id":"street-143567","properties":{"id":"street-143567","dataset":"street","gu":"영등포구","species":"느티나무","heightM":5.0,"crownWidthM":4.0,"rawHeight":5.0,"rawCrownWidth":4.0,"quality":"valid","sourceYear":2013},"geometry":{"type":"Point","coordinates":[126.91985148,37.52712339]}},{"type":"Feature","id":"street-143575","properties":{"id":"street-143575","dataset":"street","gu":"영등포구","species":"벚나무","heightM":5.0,"crownWidthM":2.0,"rawHeight":5.0,"rawCrownWidth":2.0,"quality":"valid","sourceYear":2013},"geometry":{"type":"Point","coordinates":[126.91562928,37.52375014]}},{"type":"Feature","id":"street-143587","properties":{"id":"street-143587","dataset":"street","gu":"영등포구","species":"은행나무","heightM":9.0,"crownWidthM":5.0,"rawHeight":9.0,"rawCrownWidth":5.0,"quality":"valid","sourceYear":2013},"geometry":{"type":"Point","coordinates":[126.91915505,37.52611825]}},{"type":"Feature","id":"street-143593","properties":{"id":"street-143593","dataset":"street","gu":"영등포구","species":"은행나무","heightM":8.0,"crownWidthM":4.0,"rawHeight":8.0,"rawCrownWidth":4.0,"quality":"valid","sourceYear":2013},"geometry":{"type":"Point","coordinates":[126.91487413,37.52790319]}},{"type":"Feature","id":"street-143622","properties":{"id":"street-143622","dataset":"street","gu":"영등포구","species":"벚나무","heightM":7.0,"crownWidthM":5.0,"rawHeight":7.0,"rawCrownWidth":5.0,"quality":"valid","sourceYear":2013},"geometry":{"type":"Point","coordinates":[126.91417968,37.52582908]}},{"type":"Feature","id":"street-143635","properties":{"id":"street-143635","dataset":"street","gu":"영등포구","species":"은행나무","heightM":8.0,"crownWidthM":3.0,"rawHeight":8.0,"rawCrownWidth":3.0,"quality":"valid","sourceYear":2013},"geometry":{"type":"Point","coordinates":[126.91664781,37.52684121]}},{"type":"Feature","id":"street-143640","properties":{"id":"street-143640","dataset":"street","gu":"영등포구","species":"벚나무","heightM":8.0,"crownWidthM":8.0,"rawHeight":8.0,"rawCrownWidth":8.0,"quality":"valid","sourceYear":2013},"geometry":{"type":"Point","coordinates":[126.91290022,37.52808589]}},{"type":"Feature","id":"street-143643","properties":{"id":"street-143643","dataset":"street","gu":"영등포구","species":"은행나무","heightM":6.0,"crownWidthM":3.0,"rawHeight":6.0,"rawCrownWidth":3.0,"quality":"valid","sourceYear":2013},"geometry":{"type":"Point","coordinates":[126.91791645,37.52137191]}},{"type":"Feature","id":"street-143645","properties":{"id":"street-143645","dataset":"street","gu":"영등포구","species":"벚나무","heightM":6.0,"crownWidthM":2.0,"rawHeight":6.0,"rawCrownWidth":2.0,"quality":"valid","sourceYear":2013},"geometry":{"type":"Point","coordinates":[126.91665946,37.52212334]}},{"type":"Feature","id":"street-143657","properties":{"id":"street-143657","dataset":"street","gu":"영등포구","species":"양버즘나무","heightM":8.0,"crownWidthM":3.0,"rawHeight":8.0,"rawCrownWidth":3.0,"quality":"valid","sourceYear":2013},"geometry":{"type":"Point","coordinates":[126.91243686,37.52051632]}},{"type":"Feature","id":"street-143663","properties":{"id":"street-143663","dataset":"street","gu":"영등포구","species":"은행나무","heightM":9.0,"crownWidthM":5.0,"rawHeight":9.0,"rawCrownWidth":5.0,"quality":"valid","sourceYear":2013},"geometry":{"type":"Point","coordinates":[126.91844547,37.52683844]}},{"type":"Feature","id":"street-143670","properties":{"id":"street-143670","dataset":"street","gu":"영등포구","species":"벚나무","heightM":5.0,"crownWidthM":4.0,"rawHeight":5.0,"rawCrownWidth":4.0,"quality":"valid","sourceYear":2013},"geometry":{"type":"Point","coordinates":[126.91414506,37.52595262]}},{"type":"Feature","id":"street-143686","properties":{"id":"street-143686","dataset":"street","gu":"영등포구","species":"은행나무","heightM":8.0,"crownWidthM":6.0,"rawHeight":8.0,"rawCrownWidth":6.0,"quality":"valid","sourceYear":2013},"geometry":{"type":"Point","coordinates":[126.91700884,37.52669286]}},{"type":"Feature","id":"street-143687","properties":{"id":"street-143687","dataset":"street","gu":"영등포구","species":"은행나무","heightM":7.0,"crownWidthM":4.0,"rawHeight":7.0,"rawCrownWidth":4.0,"quality":"valid","sourceYear":2013},"geometry":{"type":"Point","coordinates":[126.91664527,37.52366703]}},{"type":"Feature","id":"street-143703","properties":{"id":"street-143703","dataset":"street","gu":"영등포구","species":"은행나무","heightM":8.0,"crownWidthM":2.0,"rawHeight":8.0,"rawCrownWidth":2.0,"quality":"valid","sourceYear":2013},"geometry":{"type":"Point","coordinates":[126.91600145,37.52750055]}},{"type":"Feature","id":"street-143720","properties":{"id":"street-143720","dataset":"street","gu":"영등포구","species":"벚나무","heightM":7.0,"crownWidthM":5.0,"rawHeight":7.0,"rawCrownWidth":5.0,"quality":"valid","sourceYear":2013},"geometry":{"type":"Point","coordinates":[126.91294277,37.52791317]}},{"type":"Feature","id":"street-143722","properties":{"id":"street-143722","dataset":"street","gu":"영등포구","species":"은행나무","heightM":9.0,"crownWidthM":3.0,"rawHeight":9.0,"rawCrownWidth":3.0,"quality":"valid","sourceYear":2013},"geometry":{"type":"Point","coordinates":[126.91518814,37.52766256]}},{"type":"Feature","id":"street-143745","properties":{"id":"street-143745","dataset":"street","gu":"영등포구","species":"은행나무","heightM":9.0,"crownWidthM":6.0,"rawHeight":9.0,"rawCrownWidth":6.0,"quality":"valid","sourceYear":2013},"geometry":{"type":"Point","coordinates":[126.91827508,37.52837334]}},{"type":"Feature","id":"street-143760","properties":{"id":"street-143760","dataset":"street","gu":"영등포구","species":"은행나무","heightM":6.0,"crownWidthM":4.0,"rawHeight":6.0,"rawCrownWidth":4.0,"quality":"valid","sourceYear":2013},"geometry":{"type":"Point","coordinates":[126.91991474,37.52162563]}},{"type":"Feature","id":"street-143772","properties":{"id":"street-143772","dataset":"street","gu":"영등포구","species":"벚나무","heightM":8.0,"crownWidthM":7.0,"rawHeight":8.0,"rawCrownWidth":7.0,"quality":"valid","sourceYear":2013},"geometry":{"type":"Point","coordinates":[126.91262519,37.528749]}},{"type":"Feature","id":"street-143809","properties":{"id":"street-143809","dataset":"street","gu":"영등포구","species":"벚나무","heightM":6.0,"crownWidthM":6.0,"rawHeight":6.0,"rawCrownWidth":6.0,"quality":"valid","sourceYear":2013},"geometry":{"type":"Point","coordinates":[126.91573854,37.52358598]}},{"type":"Feature","id":"street-143833","properties":{"id":"street-143833","dataset":"street","gu":"영등포구","species":"벚나무","heightM":5.0,"crownWidthM":4.0,"rawHeight":5.0,"rawCrownWidth":4.0,"quality":"valid","sourceYear":2013},"geometry":{"type":"Point","coordinates":[126.91428895,37.52573289]}},{"type":"Feature","id":"street-143834","properties":{"id":"street-143834","dataset":"street","gu":"영등포구","species":"벚나무","heightM":7.0,"crownWidthM":4.0,"rawHeight":7.0,"rawCrownWidth":4.0,"quality":"valid","sourceYear":2013},"geometry":{"type":"Point","coordinates":[126.91297063,37.52785425]}},{"type":"Feature","id":"street-143840","properties":{"id":"street-143840","dataset":"street","gu":"영등포구","species":"벚나무","heightM":6.0,"crownWidthM":5.0,"rawHeight":6.0,"rawCrownWidth":5.0,"quality":"valid","sourceYear":2013},"geometry":{"type":"Point","coordinates":[126.91566957,37.52364521]}},{"type":"Feature","id":"street-143859","properties":{"id":"street-143859","dataset":"street","gu":"영등포구","species":"벚나무","heightM":7.0,"crownWidthM":2.0,"rawHeight":7.0,"rawCrownWidth":2.0,"quality":"valid","sourceYear":2013},"geometry":{"type":"Point","coordinates":[126.91634246,37.52267581]}},{"type":"Feature","id":"street-143940","properties":{"id":"street-143940","dataset":"street","gu":"영등포구","species":"벚나무","heightM":6.0,"crownWidthM":2.0,"rawHeight":6.0,"rawCrownWidth":2.0,"quality":"valid","sourceYear":2013},"geometry":{"type":"Point","coordinates":[126.91655579,37.52226943]}},{"type":"Feature","id":"street-143946","properties":{"id":"street-143946","dataset":"street","gu":"영등포구","species":"벚나무","heightM":7.0,"crownWidthM":2.0,"rawHeight":7.0,"rawCrownWidth":2.0,"quality":"valid","sourceYear":2013},"geometry":{"type":"Point","coordinates":[126.91472488,37.52545356]}},{"type":"Feature","id":"street-143964","properties":{"id":"street-143964","dataset":"street","gu":"영등포구","species":"양버즘나무","heightM":6.0,"crownWidthM":2.0,"rawHeight":6.0,"rawCrownWidth":2.0,"quality":"valid","sourceYear":2013},"geometry":{"type":"Point","coordinates":[126.91069333,37.52358014]}},{"type":"Feature","id":"street-144004","properties":{"id":"street-144004","dataset":"street","gu":"영등포구","species":"은행나무","heightM":7.0,"crownWidthM":3.0,"rawHeight":7.0,"rawCrownWidth":3.0,"quality":"valid","sourceYear":2013},"geometry":{"type":"Point","coordinates":[126.9194017,37.52722275]}},{"type":"Feature","id":"street-144007","properties":{"id":"street-144007","dataset":"street","gu":"영등포구","species":"은행나무","heightM":7.0,"crownWidthM":2.0,"rawHeight":7.0,"rawCrownWidth":2.0,"quality":"valid","sourceYear":2013},"geometry":{"type":"Point","coordinates":[126.91695418,37.52675437]}},{"type":"Feature","id":"street-144045","properties":{"id":"street-144045","dataset":"street","gu":"영등포구","species":"벚나무","heightM":7.0,"crownWidthM":2.0,"rawHeight":7.0,"rawCrownWidth":2.0,"quality":"valid","sourceYear":2013},"geometry":{"type":"Point","coordinates":[126.91631955,37.52264381]}},{"type":"Feature","id":"street-144056","properties":{"id":"street-144056","dataset":"street","gu":"영등포구","species":"은행나무","heightM":9.0,"crownWidthM":5.0,"rawHeight":9.0,"rawCrownWidth":5.0,"quality":"valid","sourceYear":2013},"geometry":{"type":"Point","coordinates":[126.9181135,37.52557613]}},{"type":"Feature","id":"street-144067","properties":{"id":"street-144067","dataset":"street","gu":"영등포구","species":"벚나무","heightM":7.0,"crownWidthM":5.0,"rawHeight":7.0,"rawCrownWidth":5.0,"quality":"valid","sourceYear":2013},"geometry":{"type":"Point","coordinates":[126.91428327,37.52567343]}},{"type":"Feature","id":"street-144080","properties":{"id":"street-144080","dataset":"street","gu":"영등포구","species":"은행나무","heightM":8.0,"crownWidthM":4.0,"rawHeight":8.0,"rawCrownWidth":4.0,"quality":"valid","sourceYear":2013},"geometry":{"type":"Point","coordinates":[126.91941588,37.52090097]}},{"type":"Feature","id":"street-144081","properties":{"id":"street-144081","dataset":"street","gu":"영등포구","species":"양버즘나무","heightM":7.0,"crownWidthM":3.0,"rawHeight":7.0,"rawCrownWidth":3.0,"quality":"valid","sourceYear":2013},"geometry":{"type":"Point","coordinates":[126.91157371,37.52194805]}},{"type":"Feature","id":"street-144083","properties":{"id":"street-144083","dataset":"street","gu":"영등포구","species":"은행나무","heightM":9.0,"crownWidthM":3.0,"rawHeight":9.0,"rawCrownWidth":3.0,"quality":"valid","sourceYear":2013},"geometry":{"type":"Point","coordinates":[126.91566549,37.5270917]}},{"type":"Feature","id":"street-144099","properties":{"id":"street-144099","dataset":"street","gu":"영등포구","species":"은행나무","heightM":6.0,"crownWidthM":3.0,"rawHeight":6.0,"rawCrownWidth":3.0,"quality":"valid","sourceYear":2013},"geometry":{"type":"Point","coordinates":[126.91812652,37.5215038]}},{"type":"Feature","id":"street-144106","properties":{"id":"street-144106","dataset":"street","gu":"영등포구","species":"느티나무","heightM":6.0,"crownWidthM":3.0,"rawHeight":6.0,"rawCrownWidth":3.0,"quality":"valid","sourceYear":2013},"geometry":{"type":"Point","coordinates":[126.91239334,37.52991569]}},{"type":"Feature","id":"street-144109","properties":{"id":"street-144109","dataset":"street","gu":"영등포구","species":"은행나무","heightM":9.0,"crownWidthM":5.0,"rawHeight":9.0,"rawCrownWidth":5.0,"quality":"valid","sourceYear":2013},"geometry":{"type":"Point","coordinates":[126.9177283,37.52573316]}},{"type":"Feature","id":"street-144120","properties":{"id":"street-144120","dataset":"street","gu":"영등포구","species":"벚나무","heightM":7.0,"crownWidthM":5.0,"rawHeight":7.0,"rawCrownWidth":5.0,"quality":"valid","sourceYear":2013},"geometry":{"type":"Point","coordinates":[126.91552002,37.52391431]}},{"type":"Feature","id":"street-144121","properties":{"id":"street-144121","dataset":"street","gu":"영등포구","species":"벚나무","heightM":5.0,"crownWidthM":2.0,"rawHeight":5.0,"rawCrownWidth":2.0,"quality":"valid","sourceYear":2013},"geometry":{"type":"Point","coordinates":[126.91521076,37.52473434]}},{"type":"Feature","id":"street-144130","properties":{"id":"street-144130","dataset":"street","gu":"영등포구","species":"은행나무","heightM":9.0,"crownWidthM":7.0,"rawHeight":9.0,"rawCrownWidth":7.0,"quality":"valid","sourceYear":2013},"geometry":{"type":"Point","coordinates":[126.91836197,37.52641027]}},{"type":"Feature","id":"street-144131","properties":{"id":"street-144131","dataset":"street","gu":"영등포구","species":"은행나무","heightM":7.0,"crownWidthM":5.0,"rawHeight":7.0,"rawCrownWidth":5.0,"quality":"valid","sourceYear":2013},"geometry":{"type":"Point","coordinates":[126.91688801,37.52381686]}},{"type":"Feature","id":"street-144202","properties":{"id":"street-144202","dataset":"street","gu":"영등포구","species":"은행나무","heightM":8.0,"crownWidthM":4.0,"rawHeight":8.0,"rawCrownWidth":4.0,"quality":"valid","sourceYear":2013},"geometry":{"type":"Point","coordinates":[126.9190213,37.52761189]}},{"type":"Feature","id":"street-144236","properties":{"id":"street-144236","dataset":"street","gu":"영등포구","species":"양버즘나무","heightM":7.0,"crownWidthM":2.0,"rawHeight":7.0,"rawCrownWidth":2.0,"quality":"valid","sourceYear":2013},"geometry":{"type":"Point","coordinates":[126.91216659,37.52105928]}},{"type":"Feature","id":"street-144254","properties":{"id":"street-144254","dataset":"street","gu":"영등포구","species":"양버즘나무","heightM":8.0,"crownWidthM":2.0,"rawHeight":8.0,"rawCrownWidth":2.0,"quality":"valid","sourceYear":2013},"geometry":{"type":"Point","coordinates":[126.91131158,37.52268472]}},{"type":"Feature","id":"street-144272","properties":{"id":"street-144272","dataset":"street","gu":"영등포구","species":"은행나무","heightM":9.0,"crownWidthM":3.0,"rawHeight":9.0,"rawCrownWidth":3.0,"quality":"valid","sourceYear":2013},"geometry":{"type":"Point","coordinates":[126.91489618,37.52642614]}},{"type":"Feature","id":"street-144279","properties":{"id":"street-144279","dataset":"street","gu":"영등포구","species":"은행나무","heightM":8.0,"crownWidthM":3.0,"rawHeight":8.0,"rawCrownWidth":3.0,"quality":"valid","sourceYear":2013},"geometry":{"type":"Point","coordinates":[126.91706444,37.52663224]}},{"type":"Feature","id":"street-144287","properties":{"id":"street-144287","dataset":"street","gu":"영등포구","species":"은행나무","heightM":6.0,"crownWidthM":3.0,"rawHeight":6.0,"rawCrownWidth":3.0,"quality":"valid","sourceYear":2013},"geometry":{"type":"Point","coordinates":[126.91905101,37.52208223]}},{"type":"Feature","id":"street-144308","properties":{"id":"street-144308","dataset":"street","gu":"영등포구","species":"벚나무","heightM":6.0,"crownWidthM":5.0,"rawHeight":6.0,"rawCrownWidth":5.0,"quality":"valid","sourceYear":2013},"geometry":{"type":"Point","coordinates":[126.91496803,37.52468946]}},{"type":"Feature","id":"street-144320","properties":{"id":"street-144320","dataset":"street","gu":"영등포구","species":"벚나무","heightM":7.0,"crownWidthM":8.0,"rawHeight":7.0,"rawCrownWidth":8.0,"quality":"valid","sourceYear":2013},"geometry":{"type":"Point","coordinates":[126.91247623,37.52909417]}},{"type":"Feature","id":"street-144329","properties":{"id":"street-144329","dataset":"street","gu":"영등포구","species":"은행나무","heightM":8.0,"crownWidthM":5.0,"rawHeight":8.0,"rawCrownWidth":5.0,"quality":"valid","sourceYear":2013},"geometry":{"type":"Point","coordinates":[126.91901775,37.52513558]}},{"type":"Feature","id":"street-144332","properties":{"id":"street-144332","dataset":"street","gu":"영등포구","species":"벚나무","heightM":5.0,"crownWidthM":3.0,"rawHeight":5.0,"rawCrownWidth":3.0,"quality":"valid","sourceYear":2013},"geometry":{"type":"Point","coordinates":[126.91801759,37.52077305]}},{"type":"Feature","id":"street-144391","properties":{"id":"street-144391","dataset":"street","gu":"영등포구","species":"은행나무","heightM":9.0,"crownWidthM":5.0,"rawHeight":9.0,"rawCrownWidth":5.0,"quality":"valid","sourceYear":2013},"geometry":{"type":"Point","coordinates":[126.91619228,37.52752249]}},{"type":"Feature","id":"street-144399","properties":{"id":"street-144399","dataset":"street","gu":"영등포구","species":"은행나무","heightM":8.0,"crownWidthM":5.0,"rawHeight":8.0,"rawCrownWidth":5.0,"quality":"valid","sourceYear":2013},"geometry":{"type":"Point","coordinates":[126.91675173,37.52695185]}},{"type":"Feature","id":"street-144406","properties":{"id":"street-144406","dataset":"street","gu":"영등포구","species":"은행나무","heightM":8.0,"crownWidthM":5.0,"rawHeight":8.0,"rawCrownWidth":5.0,"quality":"valid","sourceYear":2013},"geometry":{"type":"Point","coordinates":[126.91424065,37.52621665]}},{"type":"Feature","id":"street-144432","properties":{"id":"street-144432","dataset":"street","gu":"영등포구","species":"느티나무","heightM":7.0,"crownWidthM":4.0,"rawHeight":7.0,"rawCrownWidth":4.0,"quality":"valid","sourceYear":2013},"geometry":{"type":"Point","coordinates":[126.91303747,37.52830098]}},{"type":"Feature","id":"street-144442","properties":{"id":"street-144442","dataset":"street","gu":"영등포구","species":"벚나무","heightM":6.0,"crownWidthM":2.0,"rawHeight":6.0,"rawCrownWidth":2.0,"quality":"valid","sourceYear":2013},"geometry":{"type":"Point","coordinates":[126.91618702,37.5228584]}},{"type":"Feature","id":"street-144452","properties":{"id":"street-144452","dataset":"street","gu":"영등포구","species":"은행나무","heightM":8.0,"crownWidthM":4.0,"rawHeight":8.0,"rawCrownWidth":4.0,"quality":"valid","sourceYear":2013},"geometry":{"type":"Point","coordinates":[126.91872341,37.52497973]}},{"type":"Feature","id":"street-144460","properties":{"id":"street-144460","dataset":"street","gu":"영등포구","species":"벚나무","heightM":7.0,"crownWidthM":5.0,"rawHeight":7.0,"rawCrownWidth":5.0,"quality":"valid","sourceYear":2013},"geometry":{"type":"Point","coordinates":[126.91496799,37.52472598]}},{"type":"Feature","id":"street-144462","properties":{"id":"street-144462","dataset":"street","gu":"영등포구","species":"양버즘나무","heightM":6.0,"crownWidthM":2.0,"rawHeight":6.0,"rawCrownWidth":2.0,"quality":"valid","sourceYear":2013},"geometry":{"type":"Point","coordinates":[126.91029758,37.52380261]}},{"type":"Feature","id":"street-144474","properties":{"id":"street-144474","dataset":"street","gu":"영등포구","species":"은행나무","heightM":6.0,"crownWidthM":3.0,"rawHeight":6.0,"rawCrownWidth":3.0,"quality":"valid","sourceYear":2013},"geometry":{"type":"Point","coordinates":[126.91783949,37.52440726]}},{"type":"Feature","id":"street-144483","properties":{"id":"street-144483","dataset":"street","gu":"영등포구","species":"은행나무","heightM":8.0,"crownWidthM":4.0,"rawHeight":8.0,"rawCrownWidth":4.0,"quality":"valid","sourceYear":2013},"geometry":{"type":"Point","coordinates":[126.91821766,37.52611525]}},{"type":"Feature","id":"street-144493","properties":{"id":"street-144493","dataset":"street","gu":"영등포구","species":"은행나무","heightM":6.0,"crownWidthM":3.0,"rawHeight":6.0,"rawCrownWidth":3.0,"quality":"valid","sourceYear":2013},"geometry":{"type":"Point","coordinates":[126.91862418,37.52181665]}},{"type":"Feature","id":"street-144510","properties":{"id":"street-144510","dataset":"street","gu":"영등포구","species":"벚나무","heightM":8.0,"crownWidthM":8.0,"rawHeight":8.0,"rawCrownWidth":8.0,"quality":"valid","sourceYear":2013},"geometry":{"type":"Point","coordinates":[126.91270542,37.52854916]}},{"type":"Feature","id":"street-144514","properties":{"id":"street-144514","dataset":"street","gu":"영등포구","species":"은행나무","heightM":8.0,"crownWidthM":5.0,"rawHeight":8.0,"rawCrownWidth":5.0,"quality":"valid","sourceYear":2013},"geometry":{"type":"Point","coordinates":[126.91766537,37.52605325]}},{"type":"Feature","id":"street-144517","properties":{"id":"street-144517","dataset":"street","gu":"영등포구","species":"벚나무","heightM":5.0,"crownWidthM":2.0,"rawHeight":5.0,"rawCrownWidth":2.0,"quality":"valid","sourceYear":2013},"geometry":{"type":"Point","coordinates":[126.91583445,37.52380935]}},{"type":"Feature","id":"street-144530","properties":{"id":"street-144530","dataset":"street","gu":"영등포구","species":"양버즘나무","heightM":8.0,"crownWidthM":3.0,"rawHeight":8.0,"rawCrownWidth":3.0,"quality":"valid","sourceYear":2013},"geometry":{"type":"Point","coordinates":[126.91401559,37.52008643]}},{"type":"Feature","id":"street-144598","properties":{"id":"street-144598","dataset":"street","gu":"영등포구","species":"은행나무","heightM":9.0,"crownWidthM":4.0,"rawHeight":9.0,"rawCrownWidth":4.0,"quality":"valid","sourceYear":2013},"geometry":{"type":"Point","coordinates":[126.91783944,37.52562561]}},{"type":"Feature","id":"street-144611","properties":{"id":"street-144611","dataset":"street","gu":"영등포구","species":"은행나무","heightM":9.0,"crownWidthM":4.0,"rawHeight":9.0,"rawCrownWidth":4.0,"quality":"valid","sourceYear":2013},"geometry":{"type":"Point","coordinates":[126.91783723,37.52124497]}},{"type":"Feature","id":"street-144624","properties":{"id":"street-144624","dataset":"street","gu":"영등포구","species":"은행나무","heightM":9.0,"crownWidthM":3.0,"rawHeight":9.0,"rawCrownWidth":3.0,"quality":"valid","sourceYear":2013},"geometry":{"type":"Point","coordinates":[126.91574869,37.52714415]}},{"type":"Feature","id":"street-144626","properties":{"id":"street-144626","dataset":"street","gu":"영등포구","species":"은행나무","heightM":6.0,"crownWidthM":3.0,"rawHeight":6.0,"rawCrownWidth":3.0,"quality":"valid","sourceYear":2013},"geometry":{"type":"Point","coordinates":[126.91974281,37.52127154]}},{"type":"Feature","id":"street-144715","properties":{"id":"street-144715","dataset":"street","gu":"영등포구","species":"벚나무","heightM":6.0,"crownWidthM":5.0,"rawHeight":6.0,"rawCrownWidth":5.0,"quality":"valid","sourceYear":2013},"geometry":{"type":"Point","coordinates":[126.91831237,37.52059023]}},{"type":"Feature","id":"street-144760","properties":{"id":"street-144760","dataset":"street","gu":"영등포구","species":"은행나무","heightM":8.0,"crownWidthM":3.0,"rawHeight":8.0,"rawCrownWidth":3.0,"quality":"valid","sourceYear":2013},"geometry":{"type":"Point","coordinates":[126.91572127,37.52693682]}},{"type":"Feature","id":"street-144775","properties":{"id":"street-144775","dataset":"street","gu":"영등포구","species":"벚나무","heightM":5.0,"crownWidthM":6.0,"rawHeight":5.0,"rawCrownWidth":6.0,"quality":"valid","sourceYear":2013},"geometry":{"type":"Point","coordinates":[126.91464576,37.52520187]}},{"type":"Feature","id":"street-144855","properties":{"id":"street-144855","dataset":"street","gu":"영등포구","species":"은행나무","heightM":6.0,"crownWidthM":3.0,"rawHeight":6.0,"rawCrownWidth":3.0,"quality":"valid","sourceYear":2013},"geometry":{"type":"Point","coordinates":[126.91977357,37.52155152]}},{"type":"Feature","id":"street-144856","properties":{"id":"street-144856","dataset":"street","gu":"영등포구","species":"양버즘나무","heightM":6.0,"crownWidthM":2.0,"rawHeight":6.0,"rawCrownWidth":2.0,"quality":"valid","sourceYear":2013},"geometry":{"type":"Point","coordinates":[126.91114578,37.52258603]}},{"type":"Feature","id":"street-144886","properties":{"id":"street-144886","dataset":"street","gu":"영등포구","species":"벚나무","heightM":6.0,"crownWidthM":2.0,"rawHeight":6.0,"rawCrownWidth":2.0,"quality":"valid","sourceYear":2013},"geometry":{"type":"Point","coordinates":[126.9144104,37.52590838]}},{"type":"Feature","id":"street-144913","properties":{"id":"street-144913","dataset":"street","gu":"영등포구","species":"양버즘나무","heightM":7.0,"crownWidthM":2.0,"rawHeight":7.0,"rawCrownWidth":2.0,"quality":"valid","sourceYear":2013},"geometry":{"type":"Point","coordinates":[126.91136349,37.52227001]}},{"type":"Feature","id":"street-144942","properties":{"id":"street-144942","dataset":"street","gu":"영등포구","species":"벚나무","heightM":8.0,"crownWidthM":8.0,"rawHeight":8.0,"rawCrownWidth":8.0,"quality":"valid","sourceYear":2013},"geometry":{"type":"Point","coordinates":[126.91259081,37.52883075]}},{"type":"Feature","id":"street-144944","properties":{"id":"street-144944","dataset":"street","gu":"영등포구","species":"은행나무","heightM":8.0,"crownWidthM":3.0,"rawHeight":8.0,"rawCrownWidth":3.0,"quality":"valid","sourceYear":2013},"geometry":{"type":"Point","coordinates":[126.91695308,37.52836014]}},{"type":"Feature","id":"street-144946","properties":{"id":"street-144946","dataset":"street","gu":"영등포구","species":"은행나무","heightM":6.0,"crownWidthM":3.0,"rawHeight":6.0,"rawCrownWidth":3.0,"quality":"valid","sourceYear":2013},"geometry":{"type":"Point","coordinates":[126.91910976,37.52211348]}},{"type":"Feature","id":"street-144957","properties":{"id":"street-144957","dataset":"street","gu":"영등포구","species":"벚나무","heightM":5.0,"crownWidthM":2.0,"rawHeight":5.0,"rawCrownWidth":2.0,"quality":"valid","sourceYear":2013},"geometry":{"type":"Point","coordinates":[126.91576779,37.52391129]}},{"type":"Feature","id":"street-144963","properties":{"id":"street-144963","dataset":"street","gu":"영등포구","species":"은행나무","heightM":9.0,"crownWidthM":5.0,"rawHeight":9.0,"rawCrownWidth":5.0,"quality":"valid","sourceYear":2013},"geometry":{"type":"Point","coordinates":[126.9188405,37.52643769]}},{"type":"Feature","id":"street-144987","properties":{"id":"street-144987","dataset":"street","gu":"영등포구","species":"은행나무","heightM":9.0,"crownWidthM":4.0,"rawHeight":9.0,"rawCrownWidth":4.0,"quality":"valid","sourceYear":2013},"geometry":{"type":"Point","coordinates":[126.91726628,37.52621302]}},{"type":"Feature","id":"street-144993","properties":{"id":"street-144993","dataset":"street","gu":"영등포구","species":"은행나무","heightM":8.0,"crownWidthM":4.0,"rawHeight":8.0,"rawCrownWidth":4.0,"quality":"valid","sourceYear":2013},"geometry":{"type":"Point","coordinates":[126.91920174,37.52525127]}},{"type":"Feature","id":"street-145006","properties":{"id":"street-145006","dataset":"street","gu":"영등포구","species":"벚나무","heightM":6.0,"crownWidthM":6.0,"rawHeight":6.0,"rawCrownWidth":6.0,"quality":"valid","sourceYear":2013},"geometry":{"type":"Point","coordinates":[126.91293458,37.52801323]}},{"type":"Feature","id":"street-145027","properties":{"id":"street-145027","dataset":"street","gu":"영등포구","species":"은행나무","heightM":6.0,"crownWidthM":2.0,"rawHeight":6.0,"rawCrownWidth":2.0,"quality":"valid","sourceYear":2013},"geometry":{"type":"Point","coordinates":[126.91819566,37.52462599]}},{"type":"Feature","id":"street-145035","properties":{"id":"street-145035","dataset":"street","gu":"영등포구","species":"은행나무","heightM":9.0,"crownWidthM":5.0,"rawHeight":9.0,"rawCrownWidth":5.0,"quality":"valid","sourceYear":2013},"geometry":{"type":"Point","coordinates":[126.91460468,37.52642366]}},{"type":"Feature","id":"street-145052","properties":{"id":"street-145052","dataset":"street","gu":"영등포구","species":"벚나무","heightM":6.0,"crownWidthM":4.0,"rawHeight":6.0,"rawCrownWidth":4.0,"quality":"valid","sourceYear":2013},"geometry":{"type":"Point","coordinates":[126.91493928,37.52473506]}},{"type":"Feature","id":"street-145065","properties":{"id":"street-145065","dataset":"street","gu":"영등포구","species":"느티나무","heightM":7.0,"crownWidthM":3.0,"rawHeight":7.0,"rawCrownWidth":3.0,"quality":"valid","sourceYear":2013},"geometry":{"type":"Point","coordinates":[126.91349459,37.52736292]}},{"type":"Feature","id":"street-145082","properties":{"id":"street-145082","dataset":"street","gu":"영등포구","species":"벚나무","heightM":8.0,"crownWidthM":10.0,"rawHeight":8.0,"rawCrownWidth":10.0,"quality":"valid","sourceYear":2013},"geometry":{"type":"Point","coordinates":[126.9123501,37.52944845]}},{"type":"Feature","id":"street-145097","properties":{"id":"street-145097","dataset":"street","gu":"영등포구","species":"은행나무","heightM":6.0,"crownWidthM":3.0,"rawHeight":6.0,"rawCrownWidth":3.0,"quality":"valid","sourceYear":2013},"geometry":{"type":"Point","coordinates":[126.91868293,37.52185102]}},{"type":"Feature","id":"street-145134","properties":{"id":"street-145134","dataset":"street","gu":"영등포구","species":"양버즘나무","heightM":7.0,"crownWidthM":3.0,"rawHeight":7.0,"rawCrownWidth":3.0,"quality":"valid","sourceYear":2013},"geometry":{"type":"Point","coordinates":[126.9123999,37.52105753]}},{"type":"Feature","id":"street-145142","properties":{"id":"street-145142","dataset":"street","gu":"영등포구","species":"양버즘나무","heightM":7.0,"crownWidthM":2.0,"rawHeight":7.0,"rawCrownWidth":2.0,"quality":"valid","sourceYear":2013},"geometry":{"type":"Point","coordinates":[126.9122132,37.52133905]}},{"type":"Feature","id":"street-145145","properties":{"id":"street-145145","dataset":"street","gu":"영등포구","species":"은행나무","heightM":8.0,"crownWidthM":5.0,"rawHeight":8.0,"rawCrownWidth":5.0,"quality":"valid","sourceYear":2013},"geometry":{"type":"Point","coordinates":[126.91870672,37.52793139]}},{"type":"Feature","id":"street-145147","properties":{"id":"street-145147","dataset":"street","gu":"영등포구","species":"벚나무","heightM":5.0,"crownWidthM":4.0,"rawHeight":5.0,"rawCrownWidth":4.0,"quality":"valid","sourceYear":2013},"geometry":{"type":"Point","coordinates":[126.91425441,37.52578783]}},{"type":"Feature","id":"street-145151","properties":{"id":"street-145151","dataset":"street","gu":"영등포구","species":"양버즘나무","heightM":7.0,"crownWidthM":3.0,"rawHeight":7.0,"rawCrownWidth":3.0,"quality":"valid","sourceYear":2013},"geometry":{"type":"Point","coordinates":[126.91171734,37.52209638]}},{"type":"Feature","id":"street-145158","properties":{"id":"street-145158","dataset":"street","gu":"영등포구","species":"양버즘나무","heightM":7.0,"crownWidthM":3.0,"rawHeight":7.0,"rawCrownWidth":3.0,"quality":"valid","sourceYear":2013},"geometry":{"type":"Point","coordinates":[126.91212906,37.52111894]}},{"type":"Feature","id":"street-145199","properties":{"id":"street-145199","dataset":"street","gu":"영등포구","species":"은행나무","heightM":8.0,"crownWidthM":3.0,"rawHeight":8.0,"rawCrownWidth":3.0,"quality":"valid","sourceYear":2013},"geometry":{"type":"Point","coordinates":[126.91466589,37.52733627]}},{"type":"Feature","id":"street-145208","properties":{"id":"street-145208","dataset":"street","gu":"영등포구","species":"벚나무","heightM":7.0,"crownWidthM":5.0,"rawHeight":7.0,"rawCrownWidth":5.0,"quality":"valid","sourceYear":2013},"geometry":{"type":"Point","coordinates":[126.91535902,37.52415143]}},{"type":"Feature","id":"street-145210","properties":{"id":"street-145210","dataset":"street","gu":"영등포구","species":"벚나무","heightM":6.0,"crownWidthM":8.0,"rawHeight":6.0,"rawCrownWidth":8.0,"quality":"valid","sourceYear":2013},"geometry":{"type":"Point","coordinates":[126.9154223,37.52401914]}},{"type":"Feature","id":"street-145221","properties":{"id":"street-145221","dataset":"street","gu":"영등포구","species":"은행나무","heightM":8.0,"crownWidthM":4.0,"rawHeight":8.0,"rawCrownWidth":4.0,"quality":"valid","sourceYear":2013},"geometry":{"type":"Point","coordinates":[126.91969476,37.52107117]}},{"type":"Feature","id":"street-145290","properties":{"id":"street-145290","dataset":"street","gu":"영등포구","species":"은행나무","heightM":9.0,"crownWidthM":3.0,"rawHeight":9.0,"rawCrownWidth":3.0,"quality":"valid","sourceYear":2013},"geometry":{"type":"Point","coordinates":[126.91588737,37.52722972]}},{"type":"Feature","id":"street-145309","properties":{"id":"street-145309","dataset":"street","gu":"영등포구","species":"은행나무","heightM":8.0,"crownWidthM":5.0,"rawHeight":8.0,"rawCrownWidth":5.0,"quality":"valid","sourceYear":2013},"geometry":{"type":"Point","coordinates":[126.91982559,37.52115351]}},{"type":"Feature","id":"street-145310","properties":{"id":"street-145310","dataset":"street","gu":"영등포구","species":"은행나무","heightM":7.0,"crownWidthM":2.0,"rawHeight":7.0,"rawCrownWidth":2.0,"quality":"valid","sourceYear":2013},"geometry":{"type":"Point","coordinates":[126.91981475,37.52173268]}},{"type":"Feature","id":"street-145357","properties":{"id":"street-145357","dataset":"street","gu":"영등포구","species":"은행나무","heightM":9.0,"crownWidthM":4.0,"rawHeight":9.0,"rawCrownWidth":4.0,"quality":"valid","sourceYear":2013},"geometry":{"type":"Point","coordinates":[126.91451323,37.52724352]}},{"type":"Feature","id":"street-145375","properties":{"id":"street-145375","dataset":"street","gu":"영등포구","species":"은행나무","heightM":9.0,"crownWidthM":4.0,"rawHeight":9.0,"rawCrownWidth":4.0,"quality":"valid","sourceYear":2013},"geometry":{"type":"Point","coordinates":[126.918226,37.52706496]}},{"type":"Feature","id":"street-145377","properties":{"id":"street-145377","dataset":"street","gu":"영등포구","species":"은행나무","heightM":8.0,"crownWidthM":4.0,"rawHeight":8.0,"rawCrownWidth":4.0,"quality":"valid","sourceYear":2013},"geometry":{"type":"Point","coordinates":[126.91846063,37.5262675]}},{"type":"Feature","id":"street-145383","properties":{"id":"street-145383","dataset":"street","gu":"영등포구","species":"벚나무","heightM":5.0,"crownWidthM":3.0,"rawHeight":5.0,"rawCrownWidth":3.0,"quality":"valid","sourceYear":2013},"geometry":{"type":"Point","coordinates":[126.91568686,37.52403211]}},{"type":"Feature","id":"street-145387","properties":{"id":"street-145387","dataset":"street","gu":"영등포구","species":"벚나무","heightM":6.0,"crownWidthM":3.0,"rawHeight":6.0,"rawCrownWidth":3.0,"quality":"valid","sourceYear":2013},"geometry":{"type":"Point","coordinates":[126.91630212,37.5227443]}},{"type":"Feature","id":"street-145405","properties":{"id":"street-145405","dataset":"street","gu":"영등포구","species":"양버즘나무","heightM":7.0,"crownWidthM":3.0,"rawHeight":7.0,"rawCrownWidth":3.0,"quality":"valid","sourceYear":2013},"geometry":{"type":"Point","coordinates":[126.91183971,37.52191734]}},{"type":"Feature","id":"street-145409","properties":{"id":"street-145409","dataset":"street","gu":"영등포구","species":"양버즘나무","heightM":6.0,"crownWidthM":2.0,"rawHeight":6.0,"rawCrownWidth":2.0,"quality":"valid","sourceYear":2013},"geometry":{"type":"Point","coordinates":[126.91000535,37.52423234]}},{"type":"Feature","id":"street-145413","properties":{"id":"street-145413","dataset":"street","gu":"영등포구","species":"은행나무","heightM":8.0,"crownWidthM":6.0,"rawHeight":8.0,"rawCrownWidth":6.0,"quality":"valid","sourceYear":2013},"geometry":{"type":"Point","coordinates":[126.91815949,37.52628571]}},{"type":"Feature","id":"street-145425","properties":{"id":"street-145425","dataset":"street","gu":"영등포구","species":"은행나무","heightM":9.0,"crownWidthM":2.0,"rawHeight":9.0,"rawCrownWidth":2.0,"quality":"valid","sourceYear":2013},"geometry":{"type":"Point","coordinates":[126.91854046,37.52489615]}},{"type":"Feature","id":"street-145439","properties":{"id":"street-145439","dataset":"street","gu":"영등포구","species":"벚나무","heightM":6.0,"crownWidthM":3.0,"rawHeight":6.0,"rawCrownWidth":3.0,"quality":"valid","sourceYear":2013},"geometry":{"type":"Point","coordinates":[126.91623299,37.5228493]}},{"type":"Feature","id":"street-145449","properties":{"id":"street-145449","dataset":"street","gu":"영등포구","species":"은행나무","heightM":8.0,"crownWidthM":4.0,"rawHeight":8.0,"rawCrownWidth":4.0,"quality":"valid","sourceYear":2013},"geometry":{"type":"Point","coordinates":[126.91932274,37.52101342]}},{"type":"Feature","id":"street-145469","properties":{"id":"street-145469","dataset":"street","gu":"영등포구","species":"벚나무","heightM":8.0,"crownWidthM":8.0,"rawHeight":8.0,"rawCrownWidth":8.0,"quality":"valid","sourceYear":2013},"geometry":{"type":"Point","coordinates":[126.91248773,37.52903966]}},{"type":"Feature","id":"street-145470","properties":{"id":"street-145470","dataset":"street","gu":"영등포구","species":"벚나무","heightM":7.0,"crownWidthM":6.0,"rawHeight":7.0,"rawCrownWidth":6.0,"quality":"valid","sourceYear":2013},"geometry":{"type":"Point","coordinates":[126.91531302,37.52421526]}},{"type":"Feature","id":"street-145504","properties":{"id":"street-145504","dataset":"street","gu":"영등포구","species":"벚나무","heightM":8.0,"crownWidthM":8.0,"rawHeight":8.0,"rawCrownWidth":8.0,"quality":"valid","sourceYear":2013},"geometry":{"type":"Point","coordinates":[126.91214376,37.5299844]}},{"type":"Feature","id":"street-145528","properties":{"id":"street-145528","dataset":"street","gu":"영등포구","species":"느티나무","heightM":6.0,"crownWidthM":3.0,"rawHeight":6.0,"rawCrownWidth":3.0,"quality":"valid","sourceYear":2013},"geometry":{"type":"Point","coordinates":[126.91401955,37.52648457]}},{"type":"Feature","id":"street-145546","properties":{"id":"street-145546","dataset":"street","gu":"영등포구","species":"은행나무","heightM":9.0,"crownWidthM":6.0,"rawHeight":9.0,"rawCrownWidth":6.0,"quality":"valid","sourceYear":2013},"geometry":{"type":"Point","coordinates":[126.91646365,37.52703408]}},{"type":"Feature","id":"street-145566","properties":{"id":"street-145566","dataset":"street","gu":"영등포구","species":"은행나무","heightM":7.0,"crownWidthM":4.0,"rawHeight":7.0,"rawCrownWidth":4.0,"quality":"valid","sourceYear":2013},"geometry":{"type":"Point","coordinates":[126.91960862,37.52564198]}},{"type":"Feature","id":"street-145570","properties":{"id":"street-145570","dataset":"street","gu":"영등포구","species":"벚나무","heightM":5.0,"crownWidthM":3.0,"rawHeight":5.0,"rawCrownWidth":3.0,"quality":"valid","sourceYear":2013},"geometry":{"type":"Point","coordinates":[126.914266,37.52570547]}},{"type":"Feature","id":"street-145582","properties":{"id":"street-145582","dataset":"street","gu":"영등포구","species":"벚나무","heightM":6.0,"crownWidthM":3.0,"rawHeight":6.0,"rawCrownWidth":3.0,"quality":"valid","sourceYear":2013},"geometry":{"type":"Point","coordinates":[126.91591062,37.52369608]}},{"type":"Feature","id":"street-145625","properties":{"id":"street-145625","dataset":"street","gu":"영등포구","species":"벚나무","heightM":5.0,"crownWidthM":1.0,"rawHeight":5.0,"rawCrownWidth":1.0,"quality":"valid","sourceYear":2013},"geometry":{"type":"Point","coordinates":[126.91526313,37.52466262]}},{"type":"Feature","id":"street-145693","properties":{"id":"street-145693","dataset":"street","gu":"영등포구","species":"벚나무","heightM":7.0,"crownWidthM":6.0,"rawHeight":7.0,"rawCrownWidth":6.0,"quality":"valid","sourceYear":2013},"geometry":{"type":"Point","coordinates":[126.91460547,37.52526139]}},{"type":"Feature","id":"street-145696","properties":{"id":"street-145696","dataset":"street","gu":"영등포구","species":"벚나무","heightM":7.0,"crownWidthM":8.0,"rawHeight":7.0,"rawCrownWidth":8.0,"quality":"valid","sourceYear":2013},"geometry":{"type":"Point","coordinates":[126.91245331,37.52914867]}},{"type":"Feature","id":"street-145707","properties":{"id":"street-145707","dataset":"street","gu":"영등포구","species":"벚나무","heightM":5.0,"crownWidthM":1.0,"rawHeight":5.0,"rawCrownWidth":1.0,"quality":"valid","sourceYear":2013},"geometry":{"type":"Point","coordinates":[126.91671129,37.5220411]}},{"type":"Feature","id":"street-145710","properties":{"id":"street-145710","dataset":"street","gu":"영등포구","species":"은행나무","heightM":8.0,"crownWidthM":4.0,"rawHeight":8.0,"rawCrownWidth":4.0,"quality":"valid","sourceYear":2013},"geometry":{"type":"Point","coordinates":[126.9170172,37.52389802]}},{"type":"Feature","id":"street-145711","properties":{"id":"street-145711","dataset":"street","gu":"영등포구","species":"양버즘나무","heightM":7.0,"crownWidthM":3.0,"rawHeight":7.0,"rawCrownWidth":3.0,"quality":"valid","sourceYear":2013},"geometry":{"type":"Point","coordinates":[126.91976195,37.52729141]}},{"type":"Feature","id":"street-145712","properties":{"id":"street-145712","dataset":"street","gu":"영등포구","species":"벚나무","heightM":7.0,"crownWidthM":5.0,"rawHeight":7.0,"rawCrownWidth":5.0,"quality":"valid","sourceYear":2013},"geometry":{"type":"Point","coordinates":[126.91445015,37.52543996]}},{"type":"Feature","id":"street-145717","properties":{"id":"street-145717","dataset":"street","gu":"영등포구","species":"은행나무","heightM":8.0,"crownWidthM":4.0,"rawHeight":8.0,"rawCrownWidth":4.0,"quality":"valid","sourceYear":2013},"geometry":{"type":"Point","coordinates":[126.91941108,37.5258627]}},{"type":"Feature","id":"street-145736","properties":{"id":"street-145736","dataset":"street","gu":"영등포구","species":"은행나무","heightM":9.0,"crownWidthM":3.0,"rawHeight":9.0,"rawCrownWidth":3.0,"quality":"valid","sourceYear":2013},"geometry":{"type":"Point","coordinates":[126.91808954,37.52537189]}},{"type":"Feature","id":"street-145754","properties":{"id":"street-145754","dataset":"street","gu":"영등포구","species":"양버즘나무","heightM":6.0,"crownWidthM":2.0,"rawHeight":6.0,"rawCrownWidth":2.0,"quality":"valid","sourceYear":2013},"geometry":{"type":"Point","coordinates":[126.91053232,37.52381038]}},{"type":"Feature","id":"street-145766","properties":{"id":"street-145766","dataset":"street","gu":"영등포구","species":"벚나무","heightM":7.0,"crownWidthM":2.0,"rawHeight":7.0,"rawCrownWidth":2.0,"quality":"valid","sourceYear":2013},"geometry":{"type":"Point","coordinates":[126.91528693,37.52462486]}},{"type":"Feature","id":"street-145788","properties":{"id":"street-145788","dataset":"street","gu":"영등포구","species":"벚나무","heightM":6.0,"crownWidthM":2.0,"rawHeight":6.0,"rawCrownWidth":2.0,"quality":"valid","sourceYear":2013},"geometry":{"type":"Point","coordinates":[126.91652121,37.52232422]}},{"type":"Feature","id":"street-145816","properties":{"id":"street-145816","dataset":"street","gu":"영등포구","species":"벚나무","heightM":6.0,"crownWidthM":4.0,"rawHeight":6.0,"rawCrownWidth":4.0,"quality":"valid","sourceYear":2013},"geometry":{"type":"Point","coordinates":[126.91611202,37.52302279]}},{"type":"Feature","id":"street-145818","properties":{"id":"street-145818","dataset":"street","gu":"영등포구","species":"은행나무","heightM":7.0,"crownWidthM":3.0,"rawHeight":7.0,"rawCrownWidth":3.0,"quality":"valid","sourceYear":2013},"geometry":{"type":"Point","coordinates":[126.91845795,37.5247917]}},{"type":"Feature","id":"street-145819","properties":{"id":"street-145819","dataset":"street","gu":"영등포구","species":"은행나무","heightM":8.0,"crownWidthM":4.0,"rawHeight":8.0,"rawCrownWidth":4.0,"quality":"valid","sourceYear":2013},"geometry":{"type":"Point","coordinates":[126.91878719,37.52785583]}},{"type":"Feature","id":"street-145823","properties":{"id":"street-145823","dataset":"street","gu":"영등포구","species":"벚나무","heightM":6.0,"crownWidthM":2.0,"rawHeight":6.0,"rawCrownWidth":2.0,"quality":"valid","sourceYear":2013},"geometry":{"type":"Point","coordinates":[126.91450769,37.52536213]}},{"type":"Feature","id":"street-145825","properties":{"id":"street-145825","dataset":"street","gu":"영등포구","species":"느티나무","heightM":6.0,"crownWidthM":4.0,"rawHeight":6.0,"rawCrownWidth":4.0,"quality":"valid","sourceYear":2013},"geometry":{"type":"Point","coordinates":[126.9133166,37.52769863]}},{"type":"Feature","id":"street-145826","properties":{"id":"street-145826","dataset":"street","gu":"영등포구","species":"느티나무","heightM":7.0,"crownWidthM":3.0,"rawHeight":7.0,"rawCrownWidth":3.0,"quality":"valid","sourceYear":2013},"geometry":{"type":"Point","coordinates":[126.91298023,37.52842955]}},{"type":"Feature","id":"street-145827","properties":{"id":"street-145827","dataset":"street","gu":"영등포구","species":"벚나무","heightM":5.0,"crownWidthM":5.0,"rawHeight":5.0,"rawCrownWidth":5.0,"quality":"valid","sourceYear":2013},"geometry":{"type":"Point","coordinates":[126.91371344,37.52652949]}},{"type":"Feature","id":"street-145837","properties":{"id":"street-145837","dataset":"street","gu":"영등포구","species":"은행나무","heightM":9.0,"crownWidthM":3.0,"rawHeight":9.0,"rawCrownWidth":3.0,"quality":"valid","sourceYear":2013},"geometry":{"type":"Point","coordinates":[126.91494818,37.5264565]}},{"type":"Feature","id":"street-145839","properties":{"id":"street-145839","dataset":"street","gu":"영등포구","species":"은행나무","heightM":7.0,"crownWidthM":2.0,"rawHeight":7.0,"rawCrownWidth":2.0,"quality":"valid","sourceYear":2013},"geometry":{"type":"Point","coordinates":[126.91376939,37.52721541]}},{"type":"Feature","id":"street-145854","properties":{"id":"street-145854","dataset":"street","gu":"영등포구","species":"은행나무","heightM":7.0,"crownWidthM":4.0,"rawHeight":7.0,"rawCrownWidth":4.0,"quality":"valid","sourceYear":2013},"geometry":{"type":"Point","coordinates":[126.91800582,37.52568645]}},{"type":"Feature","id":"street-145925","properties":{"id":"street-145925","dataset":"street","gu":"영등포구","species":"은행나무","heightM":7.0,"crownWidthM":3.0,"rawHeight":7.0,"rawCrownWidth":3.0,"quality":"valid","sourceYear":2013},"geometry":{"type":"Point","coordinates":[126.91404657,37.52738817]}},{"type":"Feature","id":"street-145931","properties":{"id":"street-145931","dataset":"street","gu":"영등포구","species":"은행나무","heightM":9.0,"crownWidthM":5.0,"rawHeight":9.0,"rawCrownWidth":5.0,"quality":"valid","sourceYear":2013},"geometry":{"type":"Point","coordinates":[126.91922088,37.52605437]}},{"type":"Feature","id":"street-145953","properties":{"id":"street-145953","dataset":"street","gu":"영등포구","species":"벚나무","heightM":6.0,"crownWidthM":5.0,"rawHeight":6.0,"rawCrownWidth":5.0,"quality":"valid","sourceYear":2013},"geometry":{"type":"Point","coordinates":[126.91510601,37.52452078]}},{"type":"Feature","id":"street-145986","properties":{"id":"street-145986","dataset":"street","gu":"영등포구","species":"양버즘나무","heightM":8.0,"crownWidthM":3.0,"rawHeight":8.0,"rawCrownWidth":3.0,"quality":"valid","sourceYear":2013},"geometry":{"type":"Point","coordinates":[126.91360417,37.5200349]}},{"type":"Feature","id":"street-145988","properties":{"id":"street-145988","dataset":"street","gu":"영등포구","species":"은행나무","heightM":7.0,"crownWidthM":4.0,"rawHeight":7.0,"rawCrownWidth":4.0,"quality":"valid","sourceYear":2013},"geometry":{"type":"Point","coordinates":[126.91409879,37.52742336]}},{"type":"Feature","id":"street-146002","properties":{"id":"street-146002","dataset":"street","gu":"영등포구","species":"은행나무","heightM":7.0,"crownWidthM":3.0,"rawHeight":7.0,"rawCrownWidth":3.0,"quality":"valid","sourceYear":2013},"geometry":{"type":"Point","coordinates":[126.91830443,37.52617061]}},{"type":"Feature","id":"street-146023","properties":{"id":"street-146023","dataset":"street","gu":"영등포구","species":"은행나무","heightM":9.0,"crownWidthM":5.0,"rawHeight":9.0,"rawCrownWidth":5.0,"quality":"valid","sourceYear":2013},"geometry":{"type":"Point","coordinates":[126.91535695,37.52689847]}},{"type":"Feature","id":"street-146048","properties":{"id":"street-146048","dataset":"street","gu":"영등포구","species":"은행나무","heightM":7.0,"crownWidthM":4.0,"rawHeight":7.0,"rawCrownWidth":4.0,"quality":"valid","sourceYear":2013},"geometry":{"type":"Point","coordinates":[126.91935442,37.52534505]}},{"type":"Feature","id":"street-146069","properties":{"id":"street-146069","dataset":"street","gu":"영등포구","species":"양버즘나무","heightM":7.0,"crownWidthM":2.0,"rawHeight":7.0,"rawCrownWidth":2.0,"quality":"valid","sourceYear":2013},"geometry":{"type":"Point","coordinates":[126.91030708,37.52413284]}},{"type":"Feature","id":"street-146127","properties":{"id":"street-146127","dataset":"street","gu":"영등포구","species":"은행나무","heightM":9.0,"crownWidthM":4.0,"rawHeight":9.0,"rawCrownWidth":4.0,"quality":"valid","sourceYear":2013},"geometry":{"type":"Point","coordinates":[126.91578672,37.52803683]}},{"type":"Feature","id":"street-146147","properties":{"id":"street-146147","dataset":"street","gu":"영등포구","species":"은행나무","heightM":9.0,"crownWidthM":3.0,"rawHeight":9.0,"rawCrownWidth":3.0,"quality":"valid","sourceYear":2013},"geometry":{"type":"Point","coordinates":[126.9159671,37.52727941]}},{"type":"Feature","id":"street-146167","properties":{"id":"street-146167","dataset":"street","gu":"영등포구","species":"은행나무","heightM":9.0,"crownWidthM":4.0,"rawHeight":9.0,"rawCrownWidth":4.0,"quality":"valid","sourceYear":2013},"geometry":{"type":"Point","coordinates":[126.91778386,37.52568352]}},{"type":"Feature","id":"street-146188","properties":{"id":"street-146188","dataset":"street","gu":"영등포구","species":"은행나무","heightM":9.0,"crownWidthM":2.0,"rawHeight":9.0,"rawCrownWidth":2.0,"quality":"valid","sourceYear":2013},"geometry":{"type":"Point","coordinates":[126.91613728,37.52719078]}},{"type":"Feature","id":"street-146203","properties":{"id":"street-146203","dataset":"street","gu":"영등포구","species":"은행나무","heightM":7.0,"crownWidthM":3.0,"rawHeight":7.0,"rawCrownWidth":3.0,"quality":"valid","sourceYear":2013},"geometry":{"type":"Point","coordinates":[126.91808295,37.52990532]}},{"type":"Feature","id":"street-146204","properties":{"id":"street-146204","dataset":"street","gu":"영등포구","species":"은행나무","heightM":9.0,"crownWidthM":4.0,"rawHeight":9.0,"rawCrownWidth":4.0,"quality":"valid","sourceYear":2013},"geometry":{"type":"Point","coordinates":[126.91510041,37.52673836]}},{"type":"Feature","id":"street-146245","properties":{"id":"street-146245","dataset":"street","gu":"영등포구","species":"은행나무","heightM":9.0,"crownWidthM":6.0,"rawHeight":9.0,"rawCrownWidth":6.0,"quality":"valid","sourceYear":2013},"geometry":{"type":"Point","coordinates":[126.91994393,37.526685]}},{"type":"Feature","id":"street-146254","properties":{"id":"street-146254","dataset":"street","gu":"영등포구","species":"벚나무","heightM":6.0,"crownWidthM":4.0,"rawHeight":6.0,"rawCrownWidth":4.0,"quality":"valid","sourceYear":2013},"geometry":{"type":"Point","coordinates":[126.91509454,37.5245025]}},{"type":"Feature","id":"street-146282","properties":{"id":"street-146282","dataset":"street","gu":"영등포구","species":"벚나무","heightM":7.0,"crownWidthM":6.0,"rawHeight":7.0,"rawCrownWidth":6.0,"quality":"valid","sourceYear":2013},"geometry":{"type":"Point","coordinates":[126.9150025,37.52467583]}},{"type":"Feature","id":"street-146343","properties":{"id":"street-146343","dataset":"street","gu":"영등포구","species":"벚나무","heightM":5.0,"crownWidthM":3.0,"rawHeight":5.0,"rawCrownWidth":3.0,"quality":"valid","sourceYear":2013},"geometry":{"type":"Point","coordinates":[126.91859537,37.52039332]}},{"type":"Feature","id":"street-146348","properties":{"id":"street-146348","dataset":"street","gu":"영등포구","species":"은행나무","heightM":6.0,"crownWidthM":3.0,"rawHeight":6.0,"rawCrownWidth":3.0,"quality":"valid","sourceYear":2013},"geometry":{"type":"Point","coordinates":[126.91984163,37.5225693]}},{"type":"Feature","id":"street-146385","properties":{"id":"street-146385","dataset":"street","gu":"영등포구","species":"은행나무","heightM":7.0,"crownWidthM":5.0,"rawHeight":7.0,"rawCrownWidth":5.0,"quality":"valid","sourceYear":2013},"geometry":{"type":"Point","coordinates":[126.91968914,37.5224726]}},{"type":"Feature","id":"street-146406","properties":{"id":"street-146406","dataset":"street","gu":"영등포구","species":"벚나무","heightM":8.0,"crownWidthM":8.0,"rawHeight":8.0,"rawCrownWidth":8.0,"quality":"valid","sourceYear":2013},"geometry":{"type":"Point","coordinates":[126.91226985,37.52965738]}},{"type":"Feature","id":"street-146418","properties":{"id":"street-146418","dataset":"street","gu":"영등포구","species":"양버즘나무","heightM":6.0,"crownWidthM":2.0,"rawHeight":6.0,"rawCrownWidth":2.0,"quality":"valid","sourceYear":2013},"geometry":{"type":"Point","coordinates":[126.91081551,37.52306312]}},{"type":"Feature","id":"street-146423","properties":{"id":"street-146423","dataset":"street","gu":"영등포구","species":"은행나무","heightM":8.0,"crownWidthM":3.0,"rawHeight":8.0,"rawCrownWidth":3.0,"quality":"valid","sourceYear":2013},"geometry":{"type":"Point","coordinates":[126.91649014,37.528495]}},{"type":"Feature","id":"street-146432","properties":{"id":"street-146432","dataset":"street","gu":"영등포구","species":"벚나무","heightM":6.0,"crownWidthM":4.0,"rawHeight":6.0,"rawCrownWidth":4.0,"quality":"valid","sourceYear":2013},"geometry":{"type":"Point","coordinates":[126.91543377,37.52404199]}},{"type":"Feature","id":"street-146501","properties":{"id":"street-146501","dataset":"street","gu":"영등포구","species":"은행나무","heightM":6.0,"crownWidthM":2.0,"rawHeight":6.0,"rawCrownWidth":2.0,"quality":"valid","sourceYear":2013},"geometry":{"type":"Point","coordinates":[126.91887867,37.52056848]}},{"type":"Feature","id":"street-146506","properties":{"id":"street-146506","dataset":"street","gu":"영등포구","species":"느티나무","heightM":6.0,"crownWidthM":3.0,"rawHeight":6.0,"rawCrownWidth":3.0,"quality":"valid","sourceYear":2013},"geometry":{"type":"Point","coordinates":[126.91244106,37.5297909]}},{"type":"Feature","id":"street-146525","properties":{"id":"street-146525","dataset":"street","gu":"영등포구","species":"양버즘나무","heightM":7.0,"crownWidthM":3.0,"rawHeight":7.0,"rawCrownWidth":3.0,"quality":"valid","sourceYear":2013},"geometry":{"type":"Point","coordinates":[126.91136312,37.52259773]}},{"type":"Feature","id":"street-146548","properties":{"id":"street-146548","dataset":"street","gu":"영등포구","species":"은행나무","heightM":8.0,"crownWidthM":3.0,"rawHeight":8.0,"rawCrownWidth":3.0,"quality":"valid","sourceYear":2013},"geometry":{"type":"Point","coordinates":[126.91989429,37.5213731]}},{"type":"Feature","id":"street-146579","properties":{"id":"street-146579","dataset":"street","gu":"영등포구","species":"은행나무","heightM":8.0,"crownWidthM":3.0,"rawHeight":8.0,"rawCrownWidth":3.0,"quality":"valid","sourceYear":2013},"geometry":{"type":"Point","coordinates":[126.91419922,37.52748414]}},{"type":"Feature","id":"street-146606","properties":{"id":"street-146606","dataset":"street","gu":"영등포구","species":"벚나무","heightM":6.0,"crownWidthM":2.0,"rawHeight":6.0,"rawCrownWidth":2.0,"quality":"valid","sourceYear":2013},"geometry":{"type":"Point","coordinates":[126.91659034,37.52222378]}},{"type":"Feature","id":"street-146614","properties":{"id":"street-146614","dataset":"street","gu":"영등포구","species":"벚나무","heightM":6.0,"crownWidthM":2.0,"rawHeight":6.0,"rawCrownWidth":2.0,"quality":"valid","sourceYear":2013},"geometry":{"type":"Point","coordinates":[126.91675735,37.52197253]}},{"type":"Feature","id":"street-146657","properties":{"id":"street-146657","dataset":"street","gu":"영등포구","species":"은행나무","heightM":9.0,"crownWidthM":3.0,"rawHeight":9.0,"rawCrownWidth":3.0,"quality":"valid","sourceYear":2013},"geometry":{"type":"Point","coordinates":[126.91583091,37.52806562]}},{"type":"Feature","id":"street-146691","properties":{"id":"street-146691","dataset":"street","gu":"영등포구","species":"은단풍","heightM":8.0,"crownWidthM":5.0,"rawHeight":8.0,"rawCrownWidth":5.0,"quality":"valid","sourceYear":2013},"geometry":{"type":"Point","coordinates":[126.91547737,37.52434169]}},{"type":"Feature","id":"street-146696","properties":{"id":"street-146696","dataset":"street","gu":"영등포구","species":"벚나무","heightM":7.0,"crownWidthM":1.0,"rawHeight":7.0,"rawCrownWidth":1.0,"quality":"valid","sourceYear":2013},"geometry":{"type":"Point","coordinates":[126.91635987,37.52258446]}},{"type":"Feature","id":"street-146706","properties":{"id":"street-146706","dataset":"street","gu":"영등포구","species":"은행나무","heightM":8.0,"crownWidthM":5.0,"rawHeight":8.0,"rawCrownWidth":5.0,"quality":"valid","sourceYear":2013},"geometry":{"type":"Point","coordinates":[126.91935389,37.5208625]}},{"type":"Feature","id":"street-146711","properties":{"id":"street-146711","dataset":"street","gu":"영등포구","species":"은행나무","heightM":8.0,"crownWidthM":5.0,"rawHeight":8.0,"rawCrownWidth":5.0,"quality":"valid","sourceYear":2013},"geometry":{"type":"Point","coordinates":[126.91594201,37.52777708]}},{"type":"Feature","id":"street-146739","properties":{"id":"street-146739","dataset":"street","gu":"영등포구","species":"은행나무","heightM":8.0,"crownWidthM":6.0,"rawHeight":8.0,"rawCrownWidth":6.0,"quality":"valid","sourceYear":2013},"geometry":{"type":"Point","coordinates":[126.91946752,37.52717049]}},{"type":"Feature","id":"street-146745","properties":{"id":"street-146745","dataset":"street","gu":"영등포구","species":"은행나무","heightM":8.0,"crownWidthM":4.0,"rawHeight":8.0,"rawCrownWidth":4.0,"quality":"valid","sourceYear":2013},"geometry":{"type":"Point","coordinates":[126.91608528,37.52715765]}},{"type":"Feature","id":"street-146759","properties":{"id":"street-146759","dataset":"street","gu":"영등포구","species":"은행나무","heightM":7.0,"crownWidthM":3.0,"rawHeight":7.0,"rawCrownWidth":3.0,"quality":"valid","sourceYear":2013},"geometry":{"type":"Point","coordinates":[126.91771442,37.52924801]}},{"type":"Feature","id":"street-146797","properties":{"id":"street-146797","dataset":"street","gu":"영등포구","species":"은행나무","heightM":9.0,"crownWidthM":4.0,"rawHeight":9.0,"rawCrownWidth":4.0,"quality":"valid","sourceYear":2013},"geometry":{"type":"Point","coordinates":[126.91449028,37.52635188]}},{"type":"Feature","id":"street-146818","properties":{"id":"street-146818","dataset":"street","gu":"영등포구","species":"벚나무","heightM":5.0,"crownWidthM":1.0,"rawHeight":5.0,"rawCrownWidth":1.0,"quality":"valid","sourceYear":2013},"geometry":{"type":"Point","coordinates":[126.91673431,37.5220091]}},{"type":"Feature","id":"street-146821","properties":{"id":"street-146821","dataset":"street","gu":"영등포구","species":"은행나무","heightM":9.0,"crownWidthM":3.0,"rawHeight":9.0,"rawCrownWidth":3.0,"quality":"valid","sourceYear":2013},"geometry":{"type":"Point","coordinates":[126.91411151,37.52699081]}},{"type":"Feature","id":"street-146835","properties":{"id":"street-146835","dataset":"street","gu":"영등포구","species":"벚나무","heightM":6.0,"crownWidthM":2.0,"rawHeight":6.0,"rawCrownWidth":2.0,"quality":"valid","sourceYear":2013},"geometry":{"type":"Point","coordinates":[126.91442946,37.52588184]}},{"type":"Feature","id":"street-146839","properties":{"id":"street-146839","dataset":"street","gu":"영등포구","species":"은행나무","heightM":8.0,"crownWidthM":4.0,"rawHeight":8.0,"rawCrownWidth":4.0,"quality":"valid","sourceYear":2013},"geometry":{"type":"Point","coordinates":[126.91530399,37.5281687]}},{"type":"Feature","id":"street-146841","properties":{"id":"street-146841","dataset":"street","gu":"영등포구","species":"벚나무","heightM":6.0,"crownWidthM":2.0,"rawHeight":6.0,"rawCrownWidth":2.0,"quality":"valid","sourceYear":2013},"geometry":{"type":"Point","coordinates":[126.91513934,37.52484762]}},{"type":"Feature","id":"street-146880","properties":{"id":"street-146880","dataset":"street","gu":"영등포구","species":"은행나무","heightM":6.0,"crownWidthM":3.0,"rawHeight":6.0,"rawCrownWidth":3.0,"quality":"valid","sourceYear":2013},"geometry":{"type":"Point","coordinates":[126.91759098,37.52424901]}},{"type":"Feature","id":"street-146899","properties":{"id":"street-146899","dataset":"street","gu":"영등포구","species":"양버즘나무","heightM":8.0,"crownWidthM":3.0,"rawHeight":8.0,"rawCrownWidth":3.0,"quality":"valid","sourceYear":2013},"geometry":{"type":"Point","coordinates":[126.91248225,37.52008063]}},{"type":"Feature","id":"street-146910","properties":{"id":"street-146910","dataset":"street","gu":"영등포구","species":"은행나무","heightM":9.0,"crownWidthM":4.0,"rawHeight":9.0,"rawCrownWidth":4.0,"quality":"valid","sourceYear":2013},"geometry":{"type":"Point","coordinates":[126.91641848,37.52708092]}},{"type":"Feature","id":"street-146915","properties":{"id":"street-146915","dataset":"street","gu":"영등포구","species":"은행나무","heightM":9.0,"crownWidthM":6.0,"rawHeight":9.0,"rawCrownWidth":6.0,"quality":"valid","sourceYear":2013},"geometry":{"type":"Point","coordinates":[126.91767518,37.5289781]}},{"type":"Feature","id":"street-146916","properties":{"id":"street-146916","dataset":"street","gu":"영등포구","species":"벚나무","heightM":7.0,"crownWidthM":6.0,"rawHeight":7.0,"rawCrownWidth":6.0,"quality":"valid","sourceYear":2013},"geometry":{"type":"Point","coordinates":[126.91448468,37.5253896]}},{"type":"Feature","id":"street-146920","properties":{"id":"street-146920","dataset":"street","gu":"영등포구","species":"벚나무","heightM":6.0,"crownWidthM":2.0,"rawHeight":6.0,"rawCrownWidth":2.0,"quality":"valid","sourceYear":2013},"geometry":{"type":"Point","coordinates":[126.91560116,37.52415291]}},{"type":"Feature","id":"street-146929","properties":{"id":"street-146929","dataset":"street","gu":"영등포구","species":"벚나무","heightM":7.0,"crownWidthM":3.0,"rawHeight":7.0,"rawCrownWidth":3.0,"quality":"valid","sourceYear":2013},"geometry":{"type":"Point","coordinates":[126.9130728,37.52764802]}},{"type":"Feature","id":"street-146934","properties":{"id":"street-146934","dataset":"street","gu":"영등포구","species":"은행나무","heightM":9.0,"crownWidthM":5.0,"rawHeight":9.0,"rawCrownWidth":5.0,"quality":"valid","sourceYear":2013},"geometry":{"type":"Point","coordinates":[126.91877885,37.52643362]}},{"type":"Feature","id":"street-146973","properties":{"id":"street-146973","dataset":"street","gu":"영등포구","species":"벚나무","heightM":6.0,"crownWidthM":4.0,"rawHeight":6.0,"rawCrownWidth":4.0,"quality":"valid","sourceYear":2013},"geometry":{"type":"Point","coordinates":[126.91490473,37.52481277]}},{"type":"Feature","id":"street-146997","properties":{"id":"street-146997","dataset":"street","gu":"영등포구","species":"벚나무","heightM":6.0,"crownWidthM":2.0,"rawHeight":6.0,"rawCrownWidth":2.0,"quality":"valid","sourceYear":2013},"geometry":{"type":"Point","coordinates":[126.91509649,37.5249118]}},{"type":"Feature","id":"street-147036","properties":{"id":"street-147036","dataset":"street","gu":"영등포구","species":"느티나무","heightM":7.0,"crownWidthM":4.0,"rawHeight":7.0,"rawCrownWidth":4.0,"quality":"valid","sourceYear":2013},"geometry":{"type":"Point","coordinates":[126.91299931,37.52838417]}},{"type":"Feature","id":"street-147047","properties":{"id":"street-147047","dataset":"street","gu":"영등포구","species":"은행나무","heightM":8.0,"crownWidthM":3.0,"rawHeight":8.0,"rawCrownWidth":3.0,"quality":"valid","sourceYear":2013},"geometry":{"type":"Point","coordinates":[126.91798649,37.52984451]}},{"type":"Feature","id":"street-147105","properties":{"id":"street-147105","dataset":"street","gu":"영등포구","species":"벚나무","heightM":5.0,"crownWidthM":4.0,"rawHeight":5.0,"rawCrownWidth":4.0,"quality":"valid","sourceYear":2013},"geometry":{"type":"Point","coordinates":[126.91493925,37.52476702]}},{"type":"Feature","id":"street-147112","properties":{"id":"street-147112","dataset":"street","gu":"영등포구","species":"벚나무","heightM":5.0,"crownWidthM":4.0,"rawHeight":5.0,"rawCrownWidth":4.0,"quality":"valid","sourceYear":2013},"geometry":{"type":"Point","coordinates":[126.91314075,37.52758633]}},{"type":"Feature","id":"street-147121","properties":{"id":"street-147121","dataset":"street","gu":"영등포구","species":"은행나무","heightM":8.0,"crownWidthM":4.0,"rawHeight":8.0,"rawCrownWidth":4.0,"quality":"valid","sourceYear":2013},"geometry":{"type":"Point","coordinates":[126.91910177,37.52753058]}},{"type":"Feature","id":"street-147129","properties":{"id":"street-147129","dataset":"street","gu":"영등포구","species":"벚나무","heightM":5.0,"crownWidthM":6.0,"rawHeight":5.0,"rawCrownWidth":6.0,"quality":"valid","sourceYear":2013},"geometry":{"type":"Point","coordinates":[126.91375947,37.52647454]}},{"type":"Feature","id":"street-147140","properties":{"id":"street-147140","dataset":"street","gu":"영등포구","species":"양버즘나무","heightM":6.0,"crownWidthM":2.0,"rawHeight":6.0,"rawCrownWidth":2.0,"quality":"valid","sourceYear":2013},"geometry":{"type":"Point","coordinates":[126.91125838,37.52242502]}},{"type":"Feature","id":"street-147169","properties":{"id":"street-147169","dataset":"street","gu":"영등포구","species":"느티나무","heightM":7.0,"crownWidthM":2.0,"rawHeight":7.0,"rawCrownWidth":2.0,"quality":"valid","sourceYear":2013},"geometry":{"type":"Point","coordinates":[126.91406722,37.52640876]}},{"type":"Feature","id":"street-147173","properties":{"id":"street-147173","dataset":"street","gu":"영등포구","species":"벚나무","heightM":7.0,"crownWidthM":7.0,"rawHeight":7.0,"rawCrownWidth":7.0,"quality":"valid","sourceYear":2013},"geometry":{"type":"Point","coordinates":[126.91238454,37.52932126]}},{"type":"Feature","id":"street-147179","properties":{"id":"street-147179","dataset":"street","gu":"영등포구","species":"벚나무","heightM":7.0,"crownWidthM":8.0,"rawHeight":7.0,"rawCrownWidth":8.0,"quality":"valid","sourceYear":2013},"geometry":{"type":"Point","coordinates":[126.91241889,37.52925769]}},{"type":"Feature","id":"street-147210","properties":{"id":"street-147210","dataset":"street","gu":"영등포구","species":"은행나무","heightM":8.0,"crownWidthM":4.0,"rawHeight":8.0,"rawCrownWidth":4.0,"quality":"valid","sourceYear":2013},"geometry":{"type":"Point","coordinates":[126.91893554,37.52508557]}},{"type":"Feature","id":"street-147225","properties":{"id":"street-147225","dataset":"street","gu":"영등포구","species":"은행나무","heightM":6.0,"crownWidthM":3.0,"rawHeight":6.0,"rawCrownWidth":3.0,"quality":"valid","sourceYear":2013},"geometry":{"type":"Point","coordinates":[126.91953891,37.52200986]}},{"type":"Feature","id":"street-147242","properties":{"id":"street-147242","dataset":"street","gu":"영등포구","species":"양버즘나무","heightM":6.0,"crownWidthM":2.0,"rawHeight":6.0,"rawCrownWidth":2.0,"quality":"valid","sourceYear":2013},"geometry":{"type":"Point","coordinates":[126.91043269,37.52361774]}},{"type":"Feature","id":"street-147255","properties":{"id":"street-147255","dataset":"street","gu":"영등포구","species":"벚나무","heightM":8.0,"crownWidthM":9.0,"rawHeight":8.0,"rawCrownWidth":9.0,"quality":"valid","sourceYear":2013},"geometry":{"type":"Point","coordinates":[126.91224694,37.52971188]}},{"type":"Feature","id":"street-147308","properties":{"id":"street-147308","dataset":"street","gu":"영등포구","species":"양버즘나무","heightM":7.0,"crownWidthM":2.0,"rawHeight":7.0,"rawCrownWidth":2.0,"quality":"valid","sourceYear":2013},"geometry":{"type":"Point","coordinates":[126.91161876,37.52188247]}},{"type":"Feature","id":"street-147309","properties":{"id":"street-147309","dataset":"street","gu":"영등포구","species":"양버즘나무","heightM":6.0,"crownWidthM":3.0,"rawHeight":6.0,"rawCrownWidth":3.0,"quality":"valid","sourceYear":2013},"geometry":{"type":"Point","coordinates":[126.91037777,37.52403041]}},{"type":"Feature","id":"street-147341","properties":{"id":"street-147341","dataset":"street","gu":"영등포구","species":"벚나무","heightM":7.0,"crownWidthM":8.0,"rawHeight":7.0,"rawCrownWidth":8.0,"quality":"valid","sourceYear":2013},"geometry":{"type":"Point","coordinates":[126.91245892,37.5289935]}},{"type":"Feature","id":"street-147342","properties":{"id":"street-147342","dataset":"street","gu":"영등포구","species":"벚나무","heightM":8.0,"crownWidthM":8.0,"rawHeight":8.0,"rawCrownWidth":8.0,"quality":"valid","sourceYear":2013},"geometry":{"type":"Point","coordinates":[126.91249329,37.52891175]}},{"type":"Feature","id":"street-147346","properties":{"id":"street-147346","dataset":"street","gu":"영등포구","species":"은행나무","heightM":6.0,"crownWidthM":1.0,"rawHeight":6.0,"rawCrownWidth":1.0,"quality":"valid","sourceYear":2013},"geometry":{"type":"Point","coordinates":[126.9157698,37.52696443]}},{"type":"Feature","id":"street-147350","properties":{"id":"street-147350","dataset":"street","gu":"영등포구","species":"양버즘나무","heightM":6.0,"crownWidthM":2.0,"rawHeight":6.0,"rawCrownWidth":2.0,"quality":"valid","sourceYear":2013},"geometry":{"type":"Point","coordinates":[126.91019142,37.52430699]}},{"type":"Feature","id":"street-147354","properties":{"id":"street-147354","dataset":"street","gu":"영등포구","species":"은행나무","heightM":9.0,"crownWidthM":5.0,"rawHeight":9.0,"rawCrownWidth":5.0,"quality":"valid","sourceYear":2013},"geometry":{"type":"Point","coordinates":[126.91850659,37.52650254]}},{"type":"Feature","id":"street-147377","properties":{"id":"street-147377","dataset":"street","gu":"영등포구","species":"은행나무","heightM":9.0,"crownWidthM":5.0,"rawHeight":9.0,"rawCrownWidth":5.0,"quality":"valid","sourceYear":2013},"geometry":{"type":"Point","coordinates":[126.91646682,37.52724115]}},{"type":"Feature","id":"street-147385","properties":{"id":"street-147385","dataset":"street","gu":"영등포구","species":"벚나무","heightM":6.0,"crownWidthM":9.0,"rawHeight":6.0,"rawCrownWidth":9.0,"quality":"valid","sourceYear":2013},"geometry":{"type":"Point","coordinates":[126.91877224,37.52027612]}},{"type":"Feature","id":"street-147402","properties":{"id":"street-147402","dataset":"street","gu":"영등포구","species":"은행나무","heightM":9.0,"crownWidthM":3.0,"rawHeight":9.0,"rawCrownWidth":3.0,"quality":"valid","sourceYear":2013},"geometry":{"type":"Point","coordinates":[126.91529455,37.52685982]}},{"type":"Feature","id":"street-147415","properties":{"id":"street-147415","dataset":"street","gu":"영등포구","species":"벚나무","heightM":8.0,"crownWidthM":8.0,"rawHeight":8.0,"rawCrownWidth":8.0,"quality":"valid","sourceYear":2013},"geometry":{"type":"Point","coordinates":[126.91242458,37.52904799]}},{"type":"Feature","id":"street-147421","properties":{"id":"street-147421","dataset":"street","gu":"영등포구","species":"은행나무","heightM":7.0,"crownWidthM":3.0,"rawHeight":7.0,"rawCrownWidth":3.0,"quality":"valid","sourceYear":2013},"geometry":{"type":"Point","coordinates":[126.91792319,37.5293828]}},{"type":"Feature","id":"street-147471","properties":{"id":"street-147471","dataset":"street","gu":"영등포구","species":"은행나무","heightM":8.0,"crownWidthM":5.0,"rawHeight":8.0,"rawCrownWidth":5.0,"quality":"valid","sourceYear":2013},"geometry":{"type":"Point","coordinates":[126.91585163,37.52787393]}},{"type":"Feature","id":"street-147476","properties":{"id":"street-147476","dataset":"street","gu":"영등포구","species":"은행나무","heightM":9.0,"crownWidthM":4.0,"rawHeight":9.0,"rawCrownWidth":4.0,"quality":"valid","sourceYear":2013},"geometry":{"type":"Point","coordinates":[126.91821772,37.52546582]}},{"type":"Feature","id":"street-147484","properties":{"id":"street-147484","dataset":"street","gu":"영등포구","species":"은행나무","heightM":9.0,"crownWidthM":4.0,"rawHeight":9.0,"rawCrownWidth":4.0,"quality":"valid","sourceYear":2013},"geometry":{"type":"Point","coordinates":[126.91739935,37.5279013]}},{"type":"Feature","id":"street-147509","properties":{"id":"street-147509","dataset":"street","gu":"영등포구","species":"양버즘나무","heightM":7.0,"crownWidthM":2.0,"rawHeight":7.0,"rawCrownWidth":2.0,"quality":"valid","sourceYear":2013},"geometry":{"type":"Point","coordinates":[126.91249005,37.52090909]}},{"type":"Feature","id":"street-147510","properties":{"id":"street-147510","dataset":"street","gu":"영등포구","species":"은행나무","heightM":7.0,"crownWidthM":3.0,"rawHeight":7.0,"rawCrownWidth":3.0,"quality":"valid","sourceYear":2013},"geometry":{"type":"Point","coordinates":[126.91786829,37.52131424]}},{"type":"Feature","id":"street-147530","properties":{"id":"street-147530","dataset":"street","gu":"영등포구","species":"벚나무","heightM":5.0,"crownWidthM":2.0,"rawHeight":5.0,"rawCrownWidth":2.0,"quality":"valid","sourceYear":2013},"geometry":{"type":"Point","coordinates":[126.91581541,37.52383199]}},{"type":"Feature","id":"street-147531","properties":{"id":"street-147531","dataset":"street","gu":"영등포구","species":"벚나무","heightM":7.0,"crownWidthM":7.0,"rawHeight":7.0,"rawCrownWidth":7.0,"quality":"valid","sourceYear":2013},"geometry":{"type":"Point","coordinates":[126.91411063,37.52592522]}},{"type":"Feature","id":"street-147555","properties":{"id":"street-147555","dataset":"street","gu":"영등포구","species":"양버즘나무","heightM":6.0,"crownWidthM":2.0,"rawHeight":6.0,"rawCrownWidth":2.0,"quality":"valid","sourceYear":2013},"geometry":{"type":"Point","coordinates":[126.91086805,37.52299156]}},{"type":"Feature","id":"street-147556","properties":{"id":"street-147556","dataset":"street","gu":"영등포구","species":"은행나무","heightM":9.0,"crownWidthM":6.0,"rawHeight":9.0,"rawCrownWidth":6.0,"quality":"valid","sourceYear":2013},"geometry":{"type":"Point","coordinates":[126.91990133,37.52119742]}},{"type":"Feature","id":"street-147566","properties":{"id":"street-147566","dataset":"street","gu":"영등포구","species":"은행나무","heightM":9.0,"crownWidthM":3.0,"rawHeight":9.0,"rawCrownWidth":3.0,"quality":"valid","sourceYear":2013},"geometry":{"type":"Point","coordinates":[126.91505155,37.52757619]}},{"type":"Feature","id":"street-147570","properties":{"id":"street-147570","dataset":"street","gu":"영등포구","species":"벚나무","heightM":6.0,"crownWidthM":2.0,"rawHeight":6.0,"rawCrownWidth":2.0,"quality":"valid","sourceYear":2013},"geometry":{"type":"Point","coordinates":[126.91642326,37.52247945]}},{"type":"Feature","id":"street-147592","properties":{"id":"street-147592","dataset":"street","gu":"영등포구","species":"벚나무","heightM":5.0,"crownWidthM":3.0,"rawHeight":5.0,"rawCrownWidth":3.0,"quality":"valid","sourceYear":2013},"geometry":{"type":"Point","coordinates":[126.91797215,37.52054155]}},{"type":"Feature","id":"street-147593","properties":{"id":"street-147593","dataset":"street","gu":"영등포구","species":"벚나무","heightM":6.0,"crownWidthM":4.0,"rawHeight":6.0,"rawCrownWidth":4.0,"quality":"valid","sourceYear":2013},"geometry":{"type":"Point","coordinates":[126.91791909,37.52057436]}},{"type":"Feature","id":"street-147607","properties":{"id":"street-147607","dataset":"street","gu":"영등포구","species":"은행나무","heightM":9.0,"crownWidthM":4.0,"rawHeight":9.0,"rawCrownWidth":4.0,"quality":"valid","sourceYear":2013},"geometry":{"type":"Point","coordinates":[126.91828451,37.52701269]}},{"type":"Feature","id":"street-147612","properties":{"id":"street-147612","dataset":"street","gu":"영등포구","species":"은행나무","heightM":9.0,"crownWidthM":4.0,"rawHeight":9.0,"rawCrownWidth":4.0,"quality":"valid","sourceYear":2013},"geometry":{"type":"Point","coordinates":[126.91830837,37.52515126]}},{"type":"Feature","id":"street-147623","properties":{"id":"street-147623","dataset":"street","gu":"영등포구","species":"은행나무","heightM":8.0,"crownWidthM":4.0,"rawHeight":8.0,"rawCrownWidth":4.0,"quality":"valid","sourceYear":2013},"geometry":{"type":"Point","coordinates":[126.91463711,37.52775605]}},{"type":"Feature","id":"street-147629","properties":{"id":"street-147629","dataset":"street","gu":"영등포구","species":"벚나무","heightM":6.0,"crownWidthM":5.0,"rawHeight":6.0,"rawCrownWidth":5.0,"quality":"valid","sourceYear":2013},"geometry":{"type":"Point","coordinates":[126.91401855,37.52606255]}},{"type":"Feature","id":"street-147630","properties":{"id":"street-147630","dataset":"street","gu":"영등포구","species":"벚나무","heightM":7.0,"crownWidthM":6.0,"rawHeight":7.0,"rawCrownWidth":6.0,"quality":"valid","sourceYear":2013},"geometry":{"type":"Point","coordinates":[126.91435231,37.52558645]}},{"type":"Feature","id":"street-147635","properties":{"id":"street-147635","dataset":"street","gu":"영등포구","species":"벚나무","heightM":5.0,"crownWidthM":1.0,"rawHeight":5.0,"rawCrownWidth":1.0,"quality":"valid","sourceYear":2013},"geometry":{"type":"Point","coordinates":[126.91437533,37.5255544]}},{"type":"Feature","id":"street-147638","properties":{"id":"street-147638","dataset":"street","gu":"영등포구","species":"벚나무","heightM":6.0,"crownWidthM":1.0,"rawHeight":6.0,"rawCrownWidth":1.0,"quality":"valid","sourceYear":2013},"geometry":{"type":"Point","coordinates":[126.91571066,37.52399435]}},{"type":"Feature","id":"street-147646","properties":{"id":"street-147646","dataset":"street","gu":"영등포구","species":"은행나무","heightM":6.0,"crownWidthM":3.0,"rawHeight":6.0,"rawCrownWidth":3.0,"quality":"valid","sourceYear":2013},"geometry":{"type":"Point","coordinates":[126.91789195,37.52134487]}},{"type":"Feature","id":"street-147662","properties":{"id":"street-147662","dataset":"street","gu":"영등포구","species":"벚나무","heightM":5.0,"crownWidthM":2.0,"rawHeight":5.0,"rawCrownWidth":2.0,"quality":"valid","sourceYear":2013},"geometry":{"type":"Point","coordinates":[126.91523932,37.52469659]}},{"type":"Feature","id":"street-147670","properties":{"id":"street-147670","dataset":"street","gu":"영등포구","species":"은행나무","heightM":8.0,"crownWidthM":3.0,"rawHeight":8.0,"rawCrownWidth":3.0,"quality":"valid","sourceYear":2013},"geometry":{"type":"Point","coordinates":[126.91444026,37.52763128]}},{"type":"Feature","id":"street-147676","properties":{"id":"street-147676","dataset":"street","gu":"영등포구","species":"벚나무","heightM":6.0,"crownWidthM":7.0,"rawHeight":6.0,"rawCrownWidth":7.0,"quality":"valid","sourceYear":2013},"geometry":{"type":"Point","coordinates":[126.91856207,37.52022871]}},{"type":"Feature","id":"street-147677","properties":{"id":"street-147677","dataset":"street","gu":"영등포구","species":"벚나무","heightM":6.0,"crownWidthM":9.0,"rawHeight":6.0,"rawCrownWidth":9.0,"quality":"valid","sourceYear":2013},"geometry":{"type":"Point","coordinates":[126.9185208,37.52026153]}},{"type":"Feature","id":"street-147678","properties":{"id":"street-147678","dataset":"street","gu":"영등포구","species":"벚나무","heightM":6.0,"crownWidthM":9.0,"rawHeight":6.0,"rawCrownWidth":9.0,"quality":"valid","sourceYear":2013},"geometry":{"type":"Point","coordinates":[126.91860923,37.52020058]}},{"type":"Feature","id":"street-147679","properties":{"id":"street-147679","dataset":"street","gu":"영등포구","species":"벚나무","heightM":6.0,"crownWidthM":2.0,"rawHeight":6.0,"rawCrownWidth":2.0,"quality":"valid","sourceYear":2013},"geometry":{"type":"Point","coordinates":[126.91696184,37.52261445]}},{"type":"Feature","id":"street-147680","properties":{"id":"street-147680","dataset":"street","gu":"영등포구","species":"벚나무","heightM":5.0,"crownWidthM":4.0,"rawHeight":5.0,"rawCrownWidth":4.0,"quality":"valid","sourceYear":2013},"geometry":{"type":"Point","coordinates":[126.91706553,37.52246379]}},{"type":"Feature","id":"street-147681","properties":{"id":"street-147681","dataset":"street","gu":"영등포구","species":"벚나무","heightM":5.0,"crownWidthM":1.0,"rawHeight":5.0,"rawCrownWidth":1.0,"quality":"valid","sourceYear":2013},"geometry":{"type":"Point","coordinates":[126.91715192,37.52233133]}},{"type":"Feature","id":"street-147682","properties":{"id":"street-147682","dataset":"street","gu":"영등포구","species":"벚나무","heightM":6.0,"crownWidthM":2.0,"rawHeight":6.0,"rawCrownWidth":2.0,"quality":"valid","sourceYear":2013},"geometry":{"type":"Point","coordinates":[126.91699642,37.52255967]}},{"type":"Feature","id":"street-147683","properties":{"id":"street-147683","dataset":"street","gu":"영등포구","species":"벚나무","heightM":6.0,"crownWidthM":2.0,"rawHeight":6.0,"rawCrownWidth":2.0,"quality":"valid","sourceYear":2013},"geometry":{"type":"Point","coordinates":[126.91712888,37.52237247]}},{"type":"Feature","id":"street-147684","properties":{"id":"street-147684","dataset":"street","gu":"영등포구","species":"벚나무","heightM":5.0,"crownWidthM":1.0,"rawHeight":5.0,"rawCrownWidth":1.0,"quality":"valid","sourceYear":2013},"geometry":{"type":"Point","coordinates":[126.91717494,37.52229934]}},{"type":"Feature","id":"street-147685","properties":{"id":"street-147685","dataset":"street","gu":"영등포구","species":"은행나무","heightM":9.0,"crownWidthM":6.0,"rawHeight":9.0,"rawCrownWidth":6.0,"quality":"valid","sourceYear":2013},"geometry":{"type":"Point","coordinates":[126.91605011,37.52745074]}},{"type":"Feature","id":"street-147701","properties":{"id":"street-147701","dataset":"street","gu":"영등포구","species":"벚나무","heightM":8.0,"crownWidthM":8.0,"rawHeight":8.0,"rawCrownWidth":8.0,"quality":"valid","sourceYear":2013},"geometry":{"type":"Point","coordinates":[126.91222969,37.52956578]}},{"type":"Feature","id":"street-147702","properties":{"id":"street-147702","dataset":"street","gu":"영등포구","species":"벚나무","heightM":8.0,"crownWidthM":9.0,"rawHeight":8.0,"rawCrownWidth":9.0,"quality":"valid","sourceYear":2013},"geometry":{"type":"Point","coordinates":[126.91229846,37.52939319]}},{"type":"Feature","id":"street-147703","properties":{"id":"street-147703","dataset":"street","gu":"영등포구","species":"벚나무","heightM":7.0,"crownWidthM":8.0,"rawHeight":7.0,"rawCrownWidth":8.0,"quality":"valid","sourceYear":2013},"geometry":{"type":"Point","coordinates":[126.91241308,37.52910251]}},{"type":"Feature","id":"street-147737","properties":{"id":"street-147737","dataset":"street","gu":"영등포구","species":"벚나무","heightM":8.0,"crownWidthM":8.0,"rawHeight":8.0,"rawCrownWidth":8.0,"quality":"valid","sourceYear":2013},"geometry":{"type":"Point","coordinates":[126.91216668,37.5299299]}},{"type":"Feature","id":"street-147740","properties":{"id":"street-147740","dataset":"street","gu":"영등포구","species":"벚나무","heightM":7.0,"crownWidthM":2.0,"rawHeight":7.0,"rawCrownWidth":2.0,"quality":"valid","sourceYear":2013},"geometry":{"type":"Point","coordinates":[126.91546828,37.5239827]}},{"type":"Feature","id":"street-147757","properties":{"id":"street-147757","dataset":"street","gu":"영등포구","species":"은행나무","heightM":9.0,"crownWidthM":4.0,"rawHeight":9.0,"rawCrownWidth":4.0,"quality":"valid","sourceYear":2013},"geometry":{"type":"Point","coordinates":[126.91571056,37.52712207]}},{"type":"Feature","id":"street-147783","properties":{"id":"street-147783","dataset":"street","gu":"영등포구","species":"벚나무","heightM":6.0,"crownWidthM":2.0,"rawHeight":6.0,"rawCrownWidth":2.0,"quality":"valid","sourceYear":2013},"geometry":{"type":"Point","coordinates":[126.91710009,37.52241357]}},{"type":"Feature","id":"street-147800","properties":{"id":"street-147800","dataset":"street","gu":"영등포구","species":"벚나무","heightM":5.0,"crownWidthM":4.0,"rawHeight":5.0,"rawCrownWidth":4.0,"quality":"valid","sourceYear":2013},"geometry":{"type":"Point","coordinates":[126.91649802,37.52243383]}},{"type":"Feature","id":"street-147815","properties":{"id":"street-147815","dataset":"street","gu":"영등포구","species":"양버즘나무","heightM":7.0,"crownWidthM":4.0,"rawHeight":7.0,"rawCrownWidth":4.0,"quality":"valid","sourceYear":2013},"geometry":{"type":"Point","coordinates":[126.91982558,37.52733293]}},{"type":"Feature","id":"street-147843","properties":{"id":"street-147843","dataset":"street","gu":"영등포구","species":"은행나무","heightM":7.0,"crownWidthM":4.0,"rawHeight":7.0,"rawCrownWidth":4.0,"quality":"valid","sourceYear":2013},"geometry":{"type":"Point","coordinates":[126.91915416,37.5207361]}},{"type":"Feature","id":"street-147847","properties":{"id":"street-147847","dataset":"street","gu":"영등포구","species":"은행나무","heightM":8.0,"crownWidthM":4.0,"rawHeight":8.0,"rawCrownWidth":4.0,"quality":"valid","sourceYear":2013},"geometry":{"type":"Point","coordinates":[126.91475763,37.52782962]}},{"type":"Feature","id":"street-147857","properties":{"id":"street-147857","dataset":"street","gu":"영등포구","species":"벚나무","heightM":5.0,"crownWidthM":1.0,"rawHeight":5.0,"rawCrownWidth":1.0,"quality":"valid","sourceYear":2013},"geometry":{"type":"Point","coordinates":[126.91675499,37.52204919]}},{"type":"Feature","id":"street-147858","properties":{"id":"street-147858","dataset":"street","gu":"영등포구","species":"벚나무","heightM":6.0,"crownWidthM":2.0,"rawHeight":6.0,"rawCrownWidth":2.0,"quality":"valid","sourceYear":2013},"geometry":{"type":"Point","coordinates":[126.91668013,37.52216342]}},{"type":"Feature","id":"street-147862","properties":{"id":"street-147862","dataset":"street","gu":"영등포구","species":"벚나무","heightM":8.0,"crownWidthM":8.0,"rawHeight":8.0,"rawCrownWidth":8.0,"quality":"valid","sourceYear":2013},"geometry":{"type":"Point","coordinates":[126.91209827,37.52993823]}},{"type":"Feature","id":"street-147863","properties":{"id":"street-147863","dataset":"street","gu":"영등포구","species":"벚나무","heightM":8.0,"crownWidthM":9.0,"rawHeight":8.0,"rawCrownWidth":9.0,"quality":"valid","sourceYear":2013},"geometry":{"type":"Point","coordinates":[126.9121327,37.52982013]}},{"type":"Feature","id":"street-147865","properties":{"id":"street-147865","dataset":"street","gu":"영등포구","species":"벚나무","heightM":8.0,"crownWidthM":8.0,"rawHeight":8.0,"rawCrownWidth":8.0,"quality":"valid","sourceYear":2013},"geometry":{"type":"Point","coordinates":[126.91212119,37.52988373]}},{"type":"Feature","id":"street-147901","properties":{"id":"street-147901","dataset":"street","gu":"영등포구","species":"은행나무","heightM":6.0,"crownWidthM":3.0,"rawHeight":6.0,"rawCrownWidth":3.0,"quality":"valid","sourceYear":2013},"geometry":{"type":"Point","coordinates":[126.9196051,37.52118646]}},{"type":"Feature","id":"street-147911","properties":{"id":"street-147911","dataset":"street","gu":"영등포구","species":"은행나무","heightM":8.0,"crownWidthM":3.0,"rawHeight":8.0,"rawCrownWidth":3.0,"quality":"valid","sourceYear":2013},"geometry":{"type":"Point","coordinates":[126.91521158,37.52811432]}},{"type":"Feature","id":"street-147921","properties":{"id":"street-147921","dataset":"street","gu":"영등포구","species":"은행나무","heightM":7.0,"crownWidthM":3.0,"rawHeight":7.0,"rawCrownWidth":3.0,"quality":"valid","sourceYear":2013},"geometry":{"type":"Point","coordinates":[126.91709939,37.52821493]}},{"type":"Feature","id":"street-147931","properties":{"id":"street-147931","dataset":"street","gu":"영등포구","species":"벚나무","heightM":7.0,"crownWidthM":5.0,"rawHeight":7.0,"rawCrownWidth":5.0,"quality":"valid","sourceYear":2013},"geometry":{"type":"Point","coordinates":[126.91555453,37.52385958]}},{"type":"Feature","id":"street-147933","properties":{"id":"street-147933","dataset":"street","gu":"영등포구","species":"벚나무","heightM":5.0,"crownWidthM":4.0,"rawHeight":5.0,"rawCrownWidth":4.0,"quality":"valid","sourceYear":2013},"geometry":{"type":"Point","coordinates":[126.9141796,37.52589769]}},{"type":"Feature","id":"street-147936","properties":{"id":"street-147936","dataset":"street","gu":"영등포구","species":"벚나무","heightM":8.0,"crownWidthM":8.0,"rawHeight":8.0,"rawCrownWidth":8.0,"quality":"valid","sourceYear":2013},"geometry":{"type":"Point","coordinates":[126.91207535,37.52999273]}},{"type":"Feature","id":"street-147950","properties":{"id":"street-147950","dataset":"street","gu":"영등포구","species":"은행나무","heightM":8.0,"crownWidthM":2.0,"rawHeight":8.0,"rawCrownWidth":2.0,"quality":"valid","sourceYear":2013},"geometry":{"type":"Point","coordinates":[126.91679936,37.52851739]}},{"type":"Feature","id":"street-147970","properties":{"id":"street-147970","dataset":"street","gu":"영등포구","species":"양버즘나무","heightM":7.0,"crownWidthM":3.0,"rawHeight":7.0,"rawCrownWidth":3.0,"quality":"valid","sourceYear":2013},"geometry":{"type":"Point","coordinates":[126.91131844,37.52234156]}},{"type":"Feature","id":"street-147993","properties":{"id":"street-147993","dataset":"street","gu":"영등포구","species":"은행나무","heightM":6.0,"crownWidthM":3.0,"rawHeight":6.0,"rawCrownWidth":3.0,"quality":"valid","sourceYear":2013},"geometry":{"type":"Point","coordinates":[126.9181821,37.52711142]}},{"type":"Feature","id":"street-148047","properties":{"id":"street-148047","dataset":"street","gu":"영등포구","species":"벚나무","heightM":7.0,"crownWidthM":6.0,"rawHeight":7.0,"rawCrownWidth":6.0,"quality":"valid","sourceYear":2013},"geometry":{"type":"Point","coordinates":[126.91544531,37.52397809]}},{"type":"Feature","id":"street-148077","properties":{"id":"street-148077","dataset":"street","gu":"영등포구","species":"양버즘나무","heightM":6.0,"crownWidthM":2.0,"rawHeight":6.0,"rawCrownWidth":2.0,"quality":"valid","sourceYear":2013},"geometry":{"type":"Point","coordinates":[126.91006527,37.52414279]}},{"type":"Feature","id":"street-148107","properties":{"id":"street-148107","dataset":"street","gu":"영등포구","species":"벚나무","heightM":5.0,"crownWidthM":2.0,"rawHeight":5.0,"rawCrownWidth":2.0,"quality":"valid","sourceYear":2013},"geometry":{"type":"Point","coordinates":[126.91491052,37.52477617]}},{"type":"Feature","id":"street-148112","properties":{"id":"street-148112","dataset":"street","gu":"영등포구","species":"벚나무","heightM":6.0,"crownWidthM":2.0,"rawHeight":6.0,"rawCrownWidth":2.0,"quality":"valid","sourceYear":2013},"geometry":{"type":"Point","coordinates":[126.91701029,37.52247393]}},{"type":"Feature","id":"street-148113","properties":{"id":"street-148113","dataset":"street","gu":"영등포구","species":"벚나무","heightM":7.0,"crownWidthM":1.0,"rawHeight":7.0,"rawCrownWidth":1.0,"quality":"valid","sourceYear":2013},"geometry":{"type":"Point","coordinates":[126.91677983,37.52283461]}},{"type":"Feature","id":"street-148114","properties":{"id":"street-148114","dataset":"street","gu":"영등포구","species":"벚나무","heightM":7.0,"crownWidthM":2.0,"rawHeight":7.0,"rawCrownWidth":2.0,"quality":"valid","sourceYear":2013},"geometry":{"type":"Point","coordinates":[126.91676242,37.52292596]}},{"type":"Feature","id":"street-148115","properties":{"id":"street-148115","dataset":"street","gu":"영등포구","species":"벚나무","heightM":7.0,"crownWidthM":1.0,"rawHeight":7.0,"rawCrownWidth":1.0,"quality":"valid","sourceYear":2013},"geometry":{"type":"Point","coordinates":[126.91668752,37.52304467]}},{"type":"Feature","id":"street-148116","properties":{"id":"street-148116","dataset":"street","gu":"영등포구","species":"벚나무","heightM":5.0,"crownWidthM":4.0,"rawHeight":5.0,"rawCrownWidth":4.0,"quality":"valid","sourceYear":2013},"geometry":{"type":"Point","coordinates":[126.91691799,37.52268398]}},{"type":"Feature","id":"street-148117","properties":{"id":"street-148117","dataset":"street","gu":"영등포구","species":"벚나무","heightM":5.0,"crownWidthM":1.0,"rawHeight":5.0,"rawCrownWidth":1.0,"quality":"valid","sourceYear":2013},"geometry":{"type":"Point","coordinates":[126.9168144,37.52278439]}},{"type":"Feature","id":"street-148118","properties":{"id":"street-148118","dataset":"street","gu":"영등포구","species":"벚나무","heightM":6.0,"crownWidthM":2.0,"rawHeight":6.0,"rawCrownWidth":2.0,"quality":"valid","sourceYear":2013},"geometry":{"type":"Point","coordinates":[126.91697574,37.52251958]}},{"type":"Feature","id":"street-148119","properties":{"id":"street-148119","dataset":"street","gu":"영등포구","species":"벚나무","heightM":6.0,"crownWidthM":4.0,"rawHeight":6.0,"rawCrownWidth":4.0,"quality":"valid","sourceYear":2013},"geometry":{"type":"Point","coordinates":[126.91664156,37.52304919]}},{"type":"Feature","id":"street-148120","properties":{"id":"street-148120","dataset":"street","gu":"영등포구","species":"벚나무","heightM":6.0,"crownWidthM":2.0,"rawHeight":6.0,"rawCrownWidth":2.0,"quality":"valid","sourceYear":2013},"geometry":{"type":"Point","coordinates":[126.91707942,37.52237349]}},{"type":"Feature","id":"street-148121","properties":{"id":"street-148121","dataset":"street","gu":"영등포구","species":"벚나무","heightM":5.0,"crownWidthM":1.0,"rawHeight":5.0,"rawCrownWidth":1.0,"quality":"valid","sourceYear":2013},"geometry":{"type":"Point","coordinates":[126.91667612,37.52299897]}},{"type":"Feature","id":"street-148122","properties":{"id":"street-148122","dataset":"street","gu":"영등포구","species":"벚나무","heightM":6.0,"crownWidthM":2.0,"rawHeight":6.0,"rawCrownWidth":2.0,"quality":"valid","sourceYear":2013},"geometry":{"type":"Point","coordinates":[126.91687778,37.52267938]}},{"type":"Feature","id":"street-148123","properties":{"id":"street-148123","dataset":"street","gu":"영등포구","species":"벚나무","heightM":6.0,"crownWidthM":2.0,"rawHeight":6.0,"rawCrownWidth":2.0,"quality":"valid","sourceYear":2013},"geometry":{"type":"Point","coordinates":[126.91717731,37.52222268]}},{"type":"Feature","id":"street-148124","properties":{"id":"street-148124","dataset":"street","gu":"영등포구","species":"벚나무","heightM":5.0,"crownWidthM":4.0,"rawHeight":5.0,"rawCrownWidth":4.0,"quality":"valid","sourceYear":2013},"geometry":{"type":"Point","coordinates":[126.91686036,37.52277986]}},{"type":"Feature","id":"street-148125","properties":{"id":"street-148125","dataset":"street","gu":"영등포구","species":"벚나무","heightM":6.0,"crownWidthM":3.0,"rawHeight":6.0,"rawCrownWidth":3.0,"quality":"valid","sourceYear":2013},"geometry":{"type":"Point","coordinates":[126.91672208,37.52299444]}},{"type":"Feature","id":"street-148126","properties":{"id":"street-148126","dataset":"street","gu":"영등포구","species":"벚나무","heightM":6.0,"crownWidthM":2.0,"rawHeight":6.0,"rawCrownWidth":2.0,"quality":"valid","sourceYear":2013},"geometry":{"type":"Point","coordinates":[126.91670493,37.52295332]}},{"type":"Feature","id":"street-148127","properties":{"id":"street-148127","dataset":"street","gu":"영등포구","species":"벚나무","heightM":6.0,"crownWidthM":3.0,"rawHeight":6.0,"rawCrownWidth":3.0,"quality":"valid","sourceYear":2013},"geometry":{"type":"Point","coordinates":[126.91665295,37.52309945]}},{"type":"Feature","id":"street-148128","properties":{"id":"street-148128","dataset":"street","gu":"영등포구","species":"벚나무","heightM":7.0,"crownWidthM":2.0,"rawHeight":7.0,"rawCrownWidth":2.0,"quality":"valid","sourceYear":2013},"geometry":{"type":"Point","coordinates":[126.9168085,37.52286205]}},{"type":"Feature","id":"street-148130","properties":{"id":"street-148130","dataset":"street","gu":"영등포구","species":"은행나무","heightM":8.0,"crownWidthM":5.0,"rawHeight":8.0,"rawCrownWidth":5.0,"quality":"valid","sourceYear":2013},"geometry":{"type":"Point","coordinates":[126.91787602,37.526115]}},{"type":"Feature","id":"street-148143","properties":{"id":"street-148143","dataset":"street","gu":"영등포구","species":"느티나무","heightM":7.0,"crownWidthM":3.0,"rawHeight":7.0,"rawCrownWidth":3.0,"quality":"valid","sourceYear":2013},"geometry":{"type":"Point","coordinates":[126.91281808,37.528785]}},{"type":"Feature","id":"street-148151","properties":{"id":"street-148151","dataset":"street","gu":"영등포구","species":"은행나무","heightM":8.0,"crownWidthM":5.0,"rawHeight":8.0,"rawCrownWidth":5.0,"quality":"valid","sourceYear":2013},"geometry":{"type":"Point","coordinates":[126.91910779,37.52519186]}},{"type":"Feature","id":"street-148154","properties":{"id":"street-148154","dataset":"street","gu":"영등포구","species":"은행나무","heightM":8.0,"crownWidthM":4.0,"rawHeight":8.0,"rawCrownWidth":4.0,"quality":"valid","sourceYear":2013},"geometry":{"type":"Point","coordinates":[126.91792956,37.52446036]}},{"type":"Feature","id":"street-148155","properties":{"id":"street-148155","dataset":"street","gu":"영등포구","species":"벚나무","heightM":6.0,"crownWidthM":5.0,"rawHeight":6.0,"rawCrownWidth":5.0,"quality":"valid","sourceYear":2013},"geometry":{"type":"Point","coordinates":[126.91580761,37.5234768]}},{"type":"Feature","id":"street-148168","properties":{"id":"street-148168","dataset":"street","gu":"영등포구","species":"벚나무","heightM":8.0,"crownWidthM":8.0,"rawHeight":8.0,"rawCrownWidth":8.0,"quality":"valid","sourceYear":2013},"geometry":{"type":"Point","coordinates":[126.91306059,37.52774073]}},{"type":"Feature","id":"street-148191","properties":{"id":"street-148191","dataset":"street","gu":"영등포구","species":"은행나무","heightM":9.0,"crownWidthM":3.0,"rawHeight":9.0,"rawCrownWidth":3.0,"quality":"valid","sourceYear":2013},"geometry":{"type":"Point","coordinates":[126.91435656,37.52714435]}},{"type":"Feature","id":"street-148200","properties":{"id":"street-148200","dataset":"street","gu":"영등포구","species":"느티나무","heightM":7.0,"crownWidthM":3.0,"rawHeight":7.0,"rawCrownWidth":3.0,"quality":"valid","sourceYear":2013},"geometry":{"type":"Point","coordinates":[126.91283716,37.52873962]}},{"type":"Feature","id":"street-148215","properties":{"id":"street-148215","dataset":"street","gu":"영등포구","species":"벚나무","heightM":7.0,"crownWidthM":7.0,"rawHeight":7.0,"rawCrownWidth":7.0,"quality":"valid","sourceYear":2013},"geometry":{"type":"Point","coordinates":[126.91560056,37.52375466]}},{"type":"Feature","id":"street-148233","properties":{"id":"street-148233","dataset":"street","gu":"영등포구","species":"벚나무","heightM":8.0,"crownWidthM":9.0,"rawHeight":8.0,"rawCrownWidth":9.0,"quality":"valid","sourceYear":2013},"geometry":{"type":"Point","coordinates":[126.91275722,37.52832934]}},{"type":"Feature","id":"street-148234","properties":{"id":"street-148234","dataset":"street","gu":"영등포구","species":"벚나무","heightM":7.0,"crownWidthM":5.0,"rawHeight":7.0,"rawCrownWidth":5.0,"quality":"valid","sourceYear":2013},"geometry":{"type":"Point","coordinates":[126.91278016,37.52825667]}},{"type":"Feature","id":"street-148235","properties":{"id":"street-148235","dataset":"street","gu":"영등포구","species":"벚나무","heightM":6.0,"crownWidthM":6.0,"rawHeight":6.0,"rawCrownWidth":6.0,"quality":"valid","sourceYear":2013},"geometry":{"type":"Point","coordinates":[126.91288324,37.52804776]}},{"type":"Feature","id":"street-148236","properties":{"id":"street-148236","dataset":"street","gu":"영등포구","species":"벚나무","heightM":8.0,"crownWidthM":7.0,"rawHeight":8.0,"rawCrownWidth":7.0,"quality":"valid","sourceYear":2013},"geometry":{"type":"Point","coordinates":[126.91282595,37.52818402]}},{"type":"Feature","id":"street-148237","properties":{"id":"street-148237","dataset":"street","gu":"영등포구","species":"벚나무","heightM":8.0,"crownWidthM":8.0,"rawHeight":8.0,"rawCrownWidth":8.0,"quality":"valid","sourceYear":2013},"geometry":{"type":"Point","coordinates":[126.91284888,37.52812043]}},{"type":"Feature","id":"street-148238","properties":{"id":"street-148238","dataset":"street","gu":"영등포구","species":"벚나무","heightM":8.0,"crownWidthM":7.0,"rawHeight":8.0,"rawCrownWidth":7.0,"quality":"valid","sourceYear":2013},"geometry":{"type":"Point","coordinates":[126.91273429,37.52839293]}},{"type":"Feature","id":"street-148239","properties":{"id":"street-148239","dataset":"street","gu":"영등포구","species":"은행나무","heightM":9.0,"crownWidthM":5.0,"rawHeight":9.0,"rawCrownWidth":5.0,"quality":"valid","sourceYear":2013},"geometry":{"type":"Point","coordinates":[126.91808487,37.52856524]}},{"type":"Feature","id":"street-148252","properties":{"id":"street-148252","dataset":"street","gu":"영등포구","species":"벚나무","heightM":5.0,"crownWidthM":5.0,"rawHeight":5.0,"rawCrownWidth":5.0,"quality":"valid","sourceYear":2013},"geometry":{"type":"Point","coordinates":[126.91384587,37.52631889]}},{"type":"Feature","id":"street-148254","properties":{"id":"street-148254","dataset":"street","gu":"영등포구","species":"은행나무","heightM":6.0,"crownWidthM":3.0,"rawHeight":6.0,"rawCrownWidth":3.0,"quality":"valid","sourceYear":2013},"geometry":{"type":"Point","coordinates":[126.91766711,37.52429759]}},{"type":"Feature","id":"street-148256","properties":{"id":"street-148256","dataset":"street","gu":"영등포구","species":"벚나무","heightM":6.0,"crownWidthM":6.0,"rawHeight":6.0,"rawCrownWidth":6.0,"quality":"valid","sourceYear":2013},"geometry":{"type":"Point","coordinates":[126.9146918,37.52513321]}},{"type":"Feature","id":"street-148257","properties":{"id":"street-148257","dataset":"street","gu":"영등포구","species":"은행나무","heightM":9.0,"crownWidthM":5.0,"rawHeight":9.0,"rawCrownWidth":5.0,"quality":"valid","sourceYear":2013},"geometry":{"type":"Point","coordinates":[126.91899412,37.52628088]}},{"type":"Feature","id":"street-148286","properties":{"id":"street-148286","dataset":"street","gu":"영등포구","species":"벚나무","heightM":7.0,"crownWidthM":9.0,"rawHeight":7.0,"rawCrownWidth":9.0,"quality":"valid","sourceYear":2013},"geometry":{"type":"Point","coordinates":[126.91243039,37.52920318]}},{"type":"Feature","id":"street-148289","properties":{"id":"street-148289","dataset":"street","gu":"영등포구","species":"양버즘나무","heightM":6.0,"crownWidthM":2.0,"rawHeight":6.0,"rawCrownWidth":2.0,"quality":"valid","sourceYear":2013},"geometry":{"type":"Point","coordinates":[126.9101177,37.52405921]}},{"type":"Feature","id":"street-148294","properties":{"id":"street-148294","dataset":"street","gu":"영등포구","species":"은행나무","heightM":8.0,"crownWidthM":3.0,"rawHeight":8.0,"rawCrownWidth":3.0,"quality":"valid","sourceYear":2013},"geometry":{"type":"Point","coordinates":[126.91813694,37.52459161]}},{"type":"Feature","id":"street-148300","properties":{"id":"street-148300","dataset":"street","gu":"영등포구","species":"양버즘나무","heightM":7.0,"crownWidthM":2.0,"rawHeight":7.0,"rawCrownWidth":2.0,"quality":"valid","sourceYear":2013},"geometry":{"type":"Point","coordinates":[126.91168632,37.52178111]}},{"type":"Feature","id":"street-148307","properties":{"id":"street-148307","dataset":"street","gu":"영등포구","species":"은행나무","heightM":9.0,"crownWidthM":4.0,"rawHeight":9.0,"rawCrownWidth":4.0,"quality":"valid","sourceYear":2013},"geometry":{"type":"Point","coordinates":[126.91481269,37.5265534]}},{"type":"Feature","id":"street-148323","properties":{"id":"street-148323","dataset":"street","gu":"영등포구","species":"벚나무","heightM":7.0,"crownWidthM":6.0,"rawHeight":7.0,"rawCrownWidth":6.0,"quality":"valid","sourceYear":2013},"geometry":{"type":"Point","coordinates":[126.91408185,37.52597099]}},{"type":"Feature","id":"street-148350","properties":{"id":"street-148350","dataset":"street","gu":"영등포구","species":"은행나무","heightM":9.0,"crownWidthM":5.0,"rawHeight":9.0,"rawCrownWidth":5.0,"quality":"valid","sourceYear":2013},"geometry":{"type":"Point","coordinates":[126.9178807,37.52586022]}},{"type":"Feature","id":"street-148396","properties":{"id":"street-148396","dataset":"street","gu":"영등포구","species":"벚나무","heightM":8.0,"crownWidthM":10.0,"rawHeight":8.0,"rawCrownWidth":10.0,"quality":"valid","sourceYear":2013},"geometry":{"type":"Point","coordinates":[126.91228695,37.52945679]}},{"type":"Feature","id":"street-148397","properties":{"id":"street-148397","dataset":"street","gu":"영등포구","species":"벚나무","heightM":8.0,"crownWidthM":8.0,"rawHeight":8.0,"rawCrownWidth":8.0,"quality":"valid","sourceYear":2013},"geometry":{"type":"Point","coordinates":[126.91220671,37.52966572]}},{"type":"Feature","id":"street-148411","properties":{"id":"street-148411","dataset":"street","gu":"영등포구","species":"벚나무","heightM":8.0,"crownWidthM":6.0,"rawHeight":8.0,"rawCrownWidth":6.0,"quality":"valid","sourceYear":2013},"geometry":{"type":"Point","coordinates":[126.91523254,37.52430186]}},{"type":"Feature","id":"street-148417","properties":{"id":"street-148417","dataset":"street","gu":"영등포구","species":"벚나무","heightM":5.0,"crownWidthM":4.0,"rawHeight":5.0,"rawCrownWidth":4.0,"quality":"valid","sourceYear":2013},"geometry":{"type":"Point","coordinates":[126.91389758,37.52630512]}},{"type":"Feature","id":"street-148426","properties":{"id":"street-148426","dataset":"street","gu":"영등포구","species":"양버즘나무","heightM":8.0,"crownWidthM":3.0,"rawHeight":8.0,"rawCrownWidth":3.0,"quality":"valid","sourceYear":2013},"geometry":{"type":"Point","coordinates":[126.91247462,37.52021791]}},{"type":"Feature","id":"street-148442","properties":{"id":"street-148442","dataset":"street","gu":"영등포구","species":"벚나무","heightM":5.0,"crownWidthM":2.0,"rawHeight":5.0,"rawCrownWidth":2.0,"quality":"valid","sourceYear":2013},"geometry":{"type":"Point","coordinates":[126.91594495,37.52327389]}},{"type":"Feature","id":"street-148450","properties":{"id":"street-148450","dataset":"street","gu":"영등포구","species":"은행나무","heightM":9.0,"crownWidthM":4.0,"rawHeight":9.0,"rawCrownWidth":4.0,"quality":"valid","sourceYear":2013},"geometry":{"type":"Point","coordinates":[126.91725303,37.52805231]}},{"type":"Feature","id":"street-148452","properties":{"id":"street-148452","dataset":"street","gu":"영등포구","species":"은행나무","heightM":6.0,"crownWidthM":2.0,"rawHeight":6.0,"rawCrownWidth":2.0,"quality":"valid","sourceYear":2013},"geometry":{"type":"Point","coordinates":[126.9180542,37.52145984]}},{"type":"Feature","id":"street-148461","properties":{"id":"street-148461","dataset":"street","gu":"영등포구","species":"은행나무","heightM":6.0,"crownWidthM":2.0,"rawHeight":6.0,"rawCrownWidth":2.0,"quality":"valid","sourceYear":2013},"geometry":{"type":"Point","coordinates":[126.91821694,37.52156044]}},{"type":"Feature","id":"street-148471","properties":{"id":"street-148471","dataset":"street","gu":"영등포구","species":"은행나무","heightM":8.0,"crownWidthM":4.0,"rawHeight":8.0,"rawCrownWidth":4.0,"quality":"valid","sourceYear":2013},"geometry":{"type":"Point","coordinates":[126.9196259,37.52103]}},{"type":"Feature","id":"street-148475","properties":{"id":"street-148475","dataset":"street","gu":"영등포구","species":"벚나무","heightM":6.0,"crownWidthM":2.0,"rawHeight":6.0,"rawCrownWidth":2.0,"quality":"valid","sourceYear":2013},"geometry":{"type":"Point","coordinates":[126.91459624,37.52564307]}},{"type":"Feature","id":"street-148485","properties":{"id":"street-148485","dataset":"street","gu":"영등포구","species":"은행나무","heightM":9.0,"crownWidthM":5.0,"rawHeight":9.0,"rawCrownWidth":5.0,"quality":"valid","sourceYear":2013},"geometry":{"type":"Point","coordinates":[126.91837963,37.52690233]}},{"type":"Feature","id":"street-148487","properties":{"id":"street-148487","dataset":"street","gu":"영등포구","species":"벚나무","heightM":6.0,"crownWidthM":2.0,"rawHeight":6.0,"rawCrownWidth":2.0,"quality":"valid","sourceYear":2013},"geometry":{"type":"Point","coordinates":[126.91684322,37.5227296]}},{"type":"Feature","id":"street-148488","properties":{"id":"street-148488","dataset":"street","gu":"영등포구","species":"벚나무","heightM":5.0,"crownWidthM":4.0,"rawHeight":5.0,"rawCrownWidth":4.0,"quality":"valid","sourceYear":2013},"geometry":{"type":"Point","coordinates":[126.91704486,37.52242371]}},{"type":"Feature","id":"street-148489","properties":{"id":"street-148489","dataset":"street","gu":"영등포구","species":"벚나무","heightM":6.0,"crownWidthM":2.0,"rawHeight":6.0,"rawCrownWidth":2.0,"quality":"valid","sourceYear":2013},"geometry":{"type":"Point","coordinates":[126.91660698,37.52310855]}},{"type":"Feature","id":"street-148490","properties":{"id":"street-148490","dataset":"street","gu":"영등포구","species":"벚나무","heightM":6.0,"crownWidthM":2.0,"rawHeight":6.0,"rawCrownWidth":2.0,"quality":"valid","sourceYear":2013},"geometry":{"type":"Point","coordinates":[126.91710821,37.52233238]}},{"type":"Feature","id":"street-148491","properties":{"id":"street-148491","dataset":"street","gu":"영등포구","species":"벚나무","heightM":7.0,"crownWidthM":2.0,"rawHeight":7.0,"rawCrownWidth":2.0,"quality":"valid","sourceYear":2013},"geometry":{"type":"Point","coordinates":[126.91673951,37.52289396]}},{"type":"Feature","id":"street-148492","properties":{"id":"street-148492","dataset":"street","gu":"영등포구","species":"벚나무","heightM":5.0,"crownWidthM":1.0,"rawHeight":5.0,"rawCrownWidth":1.0,"quality":"valid","sourceYear":2013},"geometry":{"type":"Point","coordinates":[126.91715427,37.52225925]}},{"type":"Feature","id":"street-148495","properties":{"id":"street-148495","dataset":"street","gu":"영등포구","species":"느티나무","heightM":7.0,"crownWidthM":5.0,"rawHeight":7.0,"rawCrownWidth":5.0,"quality":"valid","sourceYear":2013},"geometry":{"type":"Point","coordinates":[126.91343526,37.52747273]}},{"type":"Feature","id":"street-148497","properties":{"id":"street-148497","dataset":"street","gu":"영등포구","species":"은행나무","heightM":8.0,"crownWidthM":5.0,"rawHeight":8.0,"rawCrownWidth":5.0,"quality":"valid","sourceYear":2013},"geometry":{"type":"Point","coordinates":[126.91933794,37.5259324]}},{"type":"Feature","id":"street-148550","properties":{"id":"street-148550","dataset":"street","gu":"영등포구","species":"은행나무","heightM":6.0,"crownWidthM":2.0,"rawHeight":6.0,"rawCrownWidth":2.0,"quality":"valid","sourceYear":2013},"geometry":{"type":"Point","coordinates":[126.91930113,37.52203987]}},{"type":"Feature","id":"street-148558","properties":{"id":"street-148558","dataset":"street","gu":"영등포구","species":"은행나무","heightM":9.0,"crownWidthM":4.0,"rawHeight":9.0,"rawCrownWidth":4.0,"quality":"valid","sourceYear":2013},"geometry":{"type":"Point","coordinates":[126.9169779,37.52650231]}},{"type":"Feature","id":"street-148568","properties":{"id":"street-148568","dataset":"street","gu":"영등포구","species":"양버즘나무","heightM":8.0,"crownWidthM":4.0,"rawHeight":8.0,"rawCrownWidth":4.0,"quality":"valid","sourceYear":2013},"geometry":{"type":"Point","coordinates":[126.91240678,37.52062374]}},{"type":"Feature","id":"street-148577","properties":{"id":"street-148577","dataset":"street","gu":"영등포구","species":"은행나무","heightM":8.0,"crownWidthM":3.0,"rawHeight":8.0,"rawCrownWidth":3.0,"quality":"valid","sourceYear":2013},"geometry":{"type":"Point","coordinates":[126.91924592,37.52209198]}},{"type":"Feature","id":"street-148584","properties":{"id":"street-148584","dataset":"street","gu":"영등포구","species":"은행나무","heightM":6.0,"crownWidthM":2.0,"rawHeight":6.0,"rawCrownWidth":2.0,"quality":"valid","sourceYear":2013},"geometry":{"type":"Point","coordinates":[126.91899619,37.52204786]}},{"type":"Feature","id":"street-148622","properties":{"id":"street-148622","dataset":"street","gu":"영등포구","species":"벚나무","heightM":5.0,"crownWidthM":3.0,"rawHeight":5.0,"rawCrownWidth":3.0,"quality":"valid","sourceYear":2013},"geometry":{"type":"Point","coordinates":[126.91465817,37.52555589]}},{"type":"Feature","id":"street-148632","properties":{"id":"street-148632","dataset":"street","gu":"영등포구","species":"양버즘나무","heightM":6.0,"crownWidthM":2.0,"rawHeight":6.0,"rawCrownWidth":2.0,"quality":"valid","sourceYear":2013},"geometry":{"type":"Point","coordinates":[126.9125287,37.52082718]}},{"type":"Feature","id":"street-148644","properties":{"id":"street-148644","dataset":"street","gu":"영등포구","species":"은행나무","heightM":8.0,"crownWidthM":6.0,"rawHeight":8.0,"rawCrownWidth":6.0,"quality":"valid","sourceYear":2013},"geometry":{"type":"Point","coordinates":[126.91600458,37.52771343]}},{"type":"Feature","id":"street-148647","properties":{"id":"street-148647","dataset":"street","gu":"영등포구","species":"벚나무","heightM":5.0,"crownWidthM":4.0,"rawHeight":5.0,"rawCrownWidth":4.0,"quality":"valid","sourceYear":2013},"geometry":{"type":"Point","coordinates":[126.9166249,37.52217356]}},{"type":"Feature","id":"street-148670","properties":{"id":"street-148670","dataset":"street","gu":"영등포구","species":"은행나무","heightM":8.0,"crownWidthM":2.0,"rawHeight":8.0,"rawCrownWidth":2.0,"quality":"valid","sourceYear":2013},"geometry":{"type":"Point","coordinates":[126.91606664,37.52821971]}},{"type":"Feature","id":"street-148675","properties":{"id":"street-148675","dataset":"street","gu":"영등포구","species":"벚나무","heightM":5.0,"crownWidthM":6.0,"rawHeight":5.0,"rawCrownWidth":6.0,"quality":"valid","sourceYear":2013},"geometry":{"type":"Point","coordinates":[126.91378258,37.52639216]}},{"type":"Feature","id":"street-148720","properties":{"id":"street-148720","dataset":"street","gu":"영등포구","species":"은행나무","heightM":7.0,"crownWidthM":2.0,"rawHeight":7.0,"rawCrownWidth":2.0,"quality":"valid","sourceYear":2013},"geometry":{"type":"Point","coordinates":[126.91708876,37.5266102]}},{"type":"Feature","id":"street-148727","properties":{"id":"street-148727","dataset":"street","gu":"영등포구","species":"은행나무","heightM":9.0,"crownWidthM":5.0,"rawHeight":9.0,"rawCrownWidth":5.0,"quality":"valid","sourceYear":2013},"geometry":{"type":"Point","coordinates":[126.91454922,37.52638777]}},{"type":"Feature","id":"street-148730","properties":{"id":"street-148730","dataset":"street","gu":"영등포구","species":"벚나무","heightM":5.0,"crownWidthM":2.0,"rawHeight":5.0,"rawCrownWidth":2.0,"quality":"valid","sourceYear":2013},"geometry":{"type":"Point","coordinates":[126.91589634,37.52371495]}},{"type":"Feature","id":"street-148734","properties":{"id":"street-148734","dataset":"street","gu":"영등포구","species":"양버즘나무","heightM":6.0,"crownWidthM":2.0,"rawHeight":6.0,"rawCrownWidth":2.0,"quality":"valid","sourceYear":2013},"geometry":{"type":"Point","coordinates":[126.91165293,37.52218845]}},{"type":"Feature","id":"street-148765","properties":{"id":"street-148765","dataset":"street","gu":"영등포구","species":"벚나무","heightM":7.0,"crownWidthM":2.0,"rawHeight":7.0,"rawCrownWidth":2.0,"quality":"valid","sourceYear":2013},"geometry":{"type":"Point","coordinates":[126.91304493,37.52770694]}},{"type":"Feature","id":"street-148813","properties":{"id":"street-148813","dataset":"street","gu":"영등포구","species":"은행나무","heightM":9.0,"crownWidthM":5.0,"rawHeight":9.0,"rawCrownWidth":5.0,"quality":"valid","sourceYear":2013},"geometry":{"type":"Point","coordinates":[126.91789465,37.52581056]}},{"type":"Feature","id":"street-148818","properties":{"id":"street-148818","dataset":"street","gu":"영등포구","species":"느티나무","heightM":6.0,"crownWidthM":3.0,"rawHeight":6.0,"rawCrownWidth":3.0,"quality":"valid","sourceYear":2013},"geometry":{"type":"Point","coordinates":[126.91313285,37.52808923]}},{"type":"Feature","id":"street-148820","properties":{"id":"street-148820","dataset":"street","gu":"영등포구","species":"벚나무","heightM":8.0,"crownWidthM":8.0,"rawHeight":8.0,"rawCrownWidth":8.0,"quality":"valid","sourceYear":2013},"geometry":{"type":"Point","coordinates":[126.91255644,37.52890342]}},{"type":"Feature","id":"street-148841","properties":{"id":"street-148841","dataset":"street","gu":"영등포구","species":"은행나무","heightM":9.0,"crownWidthM":5.0,"rawHeight":9.0,"rawCrownWidth":5.0,"quality":"valid","sourceYear":2013},"geometry":{"type":"Point","coordinates":[126.91856041,37.52807677]}},{"type":"Feature","id":"street-148846","properties":{"id":"street-148846","dataset":"street","gu":"영등포구","species":"양버즘나무","heightM":7.0,"crownWidthM":3.0,"rawHeight":7.0,"rawCrownWidth":3.0,"quality":"valid","sourceYear":2013},"geometry":{"type":"Point","coordinates":[126.91152116,37.52202556]}},{"type":"Feature","id":"street-148883","properties":{"id":"street-148883","dataset":"street","gu":"영등포구","species":"느티나무","heightM":6.0,"crownWidthM":4.0,"rawHeight":6.0,"rawCrownWidth":4.0,"quality":"valid","sourceYear":2013},"geometry":{"type":"Point","coordinates":[126.91310901,37.5281346]}},{"type":"Feature","id":"street-148889","properties":{"id":"street-148889","dataset":"street","gu":"영등포구","species":"은행나무","heightM":8.0,"crownWidthM":4.0,"rawHeight":8.0,"rawCrownWidth":4.0,"quality":"valid","sourceYear":2013},"geometry":{"type":"Point","coordinates":[126.91511919,37.52805354]}},{"type":"Feature","id":"street-148892","properties":{"id":"street-148892","dataset":"street","gu":"영등포구","species":"은행나무","heightM":6.0,"crownWidthM":2.0,"rawHeight":6.0,"rawCrownWidth":2.0,"quality":"valid","sourceYear":2013},"geometry":{"type":"Point","coordinates":[126.91920021,37.52743427]}},{"type":"Feature","id":"street-148897","properties":{"id":"street-148897","dataset":"street","gu":"영등포구","species":"벚나무","heightM":7.0,"crownWidthM":5.0,"rawHeight":7.0,"rawCrownWidth":5.0,"quality":"valid","sourceYear":2013},"geometry":{"type":"Point","coordinates":[126.9143926,37.52552236]}},{"type":"Feature","id":"street-148915","properties":{"id":"street-148915","dataset":"street","gu":"영등포구","species":"양버즘나무","heightM":6.0,"crownWidthM":2.0,"rawHeight":6.0,"rawCrownWidth":2.0,"quality":"valid","sourceYear":2013},"geometry":{"type":"Point","coordinates":[126.91054529,37.52345076]}},{"type":"Feature","id":"street-148919","properties":{"id":"street-148919","dataset":"street","gu":"영등포구","species":"은행나무","heightM":8.0,"crownWidthM":4.0,"rawHeight":8.0,"rawCrownWidth":4.0,"quality":"valid","sourceYear":2013},"geometry":{"type":"Point","coordinates":[126.91732153,37.52637314]}},{"type":"Feature","id":"street-148920","properties":{"id":"street-148920","dataset":"street","gu":"영등포구","species":"은행나무","heightM":9.0,"crownWidthM":5.0,"rawHeight":9.0,"rawCrownWidth":5.0,"quality":"valid","sourceYear":2013},"geometry":{"type":"Point","coordinates":[126.9180614,37.52563129]}},{"type":"Feature","id":"street-148945","properties":{"id":"street-148945","dataset":"street","gu":"영등포구","species":"벚나무","heightM":6.0,"crownWidthM":5.0,"rawHeight":6.0,"rawCrownWidth":5.0,"quality":"valid","sourceYear":2013},"geometry":{"type":"Point","coordinates":[126.91520951,37.52437031]}},{"type":"Feature","id":"street-148952","properties":{"id":"street-148952","dataset":"street","gu":"영등포구","species":"은행나무","heightM":8.0,"crownWidthM":7.0,"rawHeight":8.0,"rawCrownWidth":7.0,"quality":"valid","sourceYear":2013},"geometry":{"type":"Point","coordinates":[126.91891364,37.526368]}},{"type":"Feature","id":"street-148953","properties":{"id":"street-148953","dataset":"street","gu":"영등포구","species":"은행나무","heightM":8.0,"crownWidthM":5.0,"rawHeight":8.0,"rawCrownWidth":5.0,"quality":"valid","sourceYear":2013},"geometry":{"type":"Point","coordinates":[126.91794329,37.5257554]}},{"type":"Feature","id":"street-148958","properties":{"id":"street-148958","dataset":"street","gu":"영등포구","species":"양버즘나무","heightM":7.0,"crownWidthM":2.0,"rawHeight":7.0,"rawCrownWidth":2.0,"quality":"valid","sourceYear":2013},"geometry":{"type":"Point","coordinates":[126.91157565,37.52229075]}},{"type":"Feature","id":"street-148967","properties":{"id":"street-148967","dataset":"street","gu":"영등포구","species":"은행나무","heightM":9.0,"crownWidthM":3.0,"rawHeight":9.0,"rawCrownWidth":3.0,"quality":"valid","sourceYear":2013},"geometry":{"type":"Point","coordinates":[126.91587911,37.52809761]}},{"type":"Feature","id":"street-148978","properties":{"id":"street-148978","dataset":"street","gu":"영등포구","species":"은행나무","heightM":8.0,"crownWidthM":4.0,"rawHeight":8.0,"rawCrownWidth":4.0,"quality":"valid","sourceYear":2013},"geometry":{"type":"Point","coordinates":[126.91982199,37.52132369]}},{"type":"Feature","id":"street-149007","properties":{"id":"street-149007","dataset":"street","gu":"영등포구","species":"양버즘나무","heightM":7.0,"crownWidthM":2.0,"rawHeight":7.0,"rawCrownWidth":2.0,"quality":"valid","sourceYear":2013},"geometry":{"type":"Point","coordinates":[126.91256091,37.52075551]}},{"type":"Feature","id":"street-149084","properties":{"id":"street-149084","dataset":"street","gu":"영등포구","species":"은행나무","heightM":7.0,"crownWidthM":2.0,"rawHeight":7.0,"rawCrownWidth":2.0,"quality":"valid","sourceYear":2013},"geometry":{"type":"Point","coordinates":[126.91459457,37.5262412]}},{"type":"Feature","id":"street-149085","properties":{"id":"street-149085","dataset":"street","gu":"영등포구","species":"벚나무","heightM":6.0,"crownWidthM":1.0,"rawHeight":6.0,"rawCrownWidth":1.0,"quality":"valid","sourceYear":2013},"geometry":{"type":"Point","coordinates":[126.91595654,37.52322365]}},{"type":"Feature","id":"street-149111","properties":{"id":"street-149111","dataset":"street","gu":"영등포구","species":"은행나무","heightM":8.0,"crownWidthM":5.0,"rawHeight":8.0,"rawCrownWidth":5.0,"quality":"valid","sourceYear":2013},"geometry":{"type":"Point","coordinates":[126.91962856,37.5255642]}},{"type":"Feature","id":"street-149114","properties":{"id":"street-149114","dataset":"street","gu":"영등포구","species":"은행나무","heightM":9.0,"crownWidthM":4.0,"rawHeight":9.0,"rawCrownWidth":4.0,"quality":"valid","sourceYear":2013},"geometry":{"type":"Point","coordinates":[126.91566233,37.52690094]}},{"type":"Feature","id":"street-149119","properties":{"id":"street-149119","dataset":"street","gu":"영등포구","species":"느티나무","heightM":7.0,"crownWidthM":2.0,"rawHeight":7.0,"rawCrownWidth":2.0,"quality":"valid","sourceYear":2013},"geometry":{"type":"Point","coordinates":[126.91404339,37.52644666]}},{"type":"Feature","id":"street-149133","properties":{"id":"street-149133","dataset":"street","gu":"영등포구","species":"은행나무","heightM":8.0,"crownWidthM":3.0,"rawHeight":8.0,"rawCrownWidth":3.0,"quality":"valid","sourceYear":2013},"geometry":{"type":"Point","coordinates":[126.91434786,37.5275737]}},{"type":"Feature","id":"street-149141","properties":{"id":"street-149141","dataset":"street","gu":"영등포구","species":"은행나무","heightM":9.0,"crownWidthM":3.0,"rawHeight":9.0,"rawCrownWidth":3.0,"quality":"valid","sourceYear":2013},"geometry":{"type":"Point","coordinates":[126.91526045,37.52770734]}},{"type":"Feature","id":"street-149178","properties":{"id":"street-149178","dataset":"street","gu":"영등포구","species":"은행나무","heightM":8.0,"crownWidthM":5.0,"rawHeight":8.0,"rawCrownWidth":5.0,"quality":"valid","sourceYear":2013},"geometry":{"type":"Point","coordinates":[126.91803253,37.52600453]}},{"type":"Feature","id":"street-149180","properties":{"id":"street-149180","dataset":"street","gu":"영등포구","species":"은행나무","heightM":8.0,"crownWidthM":5.0,"rawHeight":8.0,"rawCrownWidth":5.0,"quality":"valid","sourceYear":2013},"geometry":{"type":"Point","coordinates":[126.91746519,37.5278316]}},{"type":"Feature","id":"street-149186","properties":{"id":"street-149186","dataset":"street","gu":"영등포구","species":"은행나무","heightM":7.0,"crownWidthM":4.0,"rawHeight":7.0,"rawCrownWidth":4.0,"quality":"valid","sourceYear":2013},"geometry":{"type":"Point","coordinates":[126.91580616,37.52847898]}},{"type":"Feature","id":"street-149189","properties":{"id":"street-149189","dataset":"street","gu":"영등포구","species":"벚나무","heightM":5.0,"crownWidthM":5.0,"rawHeight":5.0,"rawCrownWidth":5.0,"quality":"valid","sourceYear":2013},"geometry":{"type":"Point","coordinates":[126.91435801,37.52563218]}},{"type":"Feature","id":"street-149201","properties":{"id":"street-149201","dataset":"street","gu":"영등포구","species":"은행나무","heightM":7.0,"crownWidthM":4.0,"rawHeight":7.0,"rawCrownWidth":4.0,"quality":"valid","sourceYear":2013},"geometry":{"type":"Point","coordinates":[126.91947683,37.52207568]}},{"type":"Feature","id":"street-149205","properties":{"id":"street-149205","dataset":"street","gu":"영등포구","species":"은행나무","heightM":8.0,"crownWidthM":4.0,"rawHeight":8.0,"rawCrownWidth":4.0,"quality":"valid","sourceYear":2013},"geometry":{"type":"Point","coordinates":[126.91853035,37.52513762]}},{"type":"Feature","id":"street-149249","properties":{"id":"street-149249","dataset":"street","gu":"영등포구","species":"벚나무","heightM":5.0,"crownWidthM":4.0,"rawHeight":5.0,"rawCrownWidth":4.0,"quality":"valid","sourceYear":2013},"geometry":{"type":"Point","coordinates":[126.91421412,37.52585191]}},{"type":"Feature","id":"street-149253","properties":{"id":"street-149253","dataset":"street","gu":"영등포구","species":"벚나무","heightM":7.0,"crownWidthM":2.0,"rawHeight":7.0,"rawCrownWidth":2.0,"quality":"valid","sourceYear":2013},"geometry":{"type":"Point","coordinates":[126.91587603,37.52333364]}},{"type":"Feature","id":"street-149261","properties":{"id":"street-149261","dataset":"street","gu":"영등포구","species":"은행나무","heightM":8.0,"crownWidthM":5.0,"rawHeight":8.0,"rawCrownWidth":5.0,"quality":"valid","sourceYear":2013},"geometry":{"type":"Point","coordinates":[126.91886035,37.52778033]}},{"type":"Feature","id":"street-149296","properties":{"id":"street-149296","dataset":"street","gu":"영등포구","species":"은행나무","heightM":6.0,"crownWidthM":3.0,"rawHeight":6.0,"rawCrownWidth":3.0,"quality":"valid","sourceYear":2013},"geometry":{"type":"Point","coordinates":[126.91889438,37.52198537]}},{"type":"Feature","id":"street-149300","properties":{"id":"street-149300","dataset":"street","gu":"영등포구","species":"벚나무","heightM":8.0,"crownWidthM":7.0,"rawHeight":8.0,"rawCrownWidth":7.0,"quality":"valid","sourceYear":2013},"geometry":{"type":"Point","coordinates":[126.91287729,37.52814948]}},{"type":"Feature","id":"street-149306","properties":{"id":"street-149306","dataset":"street","gu":"영등포구","species":"벚나무","heightM":6.0,"crownWidthM":2.0,"rawHeight":6.0,"rawCrownWidth":2.0,"quality":"valid","sourceYear":2013},"geometry":{"type":"Point","coordinates":[126.91475823,37.52540807]}},{"type":"Feature","id":"street-149312","properties":{"id":"street-149312","dataset":"street","gu":"영등포구","species":"은행나무","heightM":9.0,"crownWidthM":3.0,"rawHeight":9.0,"rawCrownWidth":3.0,"quality":"valid","sourceYear":2013},"geometry":{"type":"Point","coordinates":[126.91820416,37.52526158]}},{"type":"Feature","id":"street-149342","properties":{"id":"street-149342","dataset":"street","gu":"영등포구","species":"은행나무","heightM":9.0,"crownWidthM":4.0,"rawHeight":9.0,"rawCrownWidth":4.0,"quality":"valid","sourceYear":2013},"geometry":{"type":"Point","coordinates":[126.91792393,37.52872224]}},{"type":"Feature","id":"street-149356","properties":{"id":"street-149356","dataset":"street","gu":"영등포구","species":"벚나무","heightM":6.0,"crownWidthM":7.0,"rawHeight":6.0,"rawCrownWidth":7.0,"quality":"valid","sourceYear":2013},"geometry":{"type":"Point","coordinates":[126.91499678,37.52464386]}},{"type":"Feature","id":"street-149388","properties":{"id":"street-149388","dataset":"street","gu":"영등포구","species":"벚나무","heightM":6.0,"crownWidthM":5.0,"rawHeight":6.0,"rawCrownWidth":5.0,"quality":"valid","sourceYear":2013},"geometry":{"type":"Point","coordinates":[126.91457669,37.52531174]}},{"type":"Feature","id":"street-149401","properties":{"id":"street-149401","dataset":"street","gu":"영등포구","species":"벚나무","heightM":5.0,"crownWidthM":4.0,"rawHeight":5.0,"rawCrownWidth":4.0,"quality":"valid","sourceYear":2013},"geometry":{"type":"Point","coordinates":[126.91451339,37.52540329]}},{"type":"Feature","id":"street-149406","properties":{"id":"street-149406","dataset":"street","gu":"영등포구","species":"양버즘나무","heightM":7.0,"crownWidthM":3.0,"rawHeight":7.0,"rawCrownWidth":3.0,"quality":"valid","sourceYear":2013},"geometry":{"type":"Point","coordinates":[126.91153056,37.52235725]}},{"type":"Feature","id":"street-149411","properties":{"id":"street-149411","dataset":"street","gu":"영등포구","species":"양버즘나무","heightM":6.0,"crownWidthM":2.0,"rawHeight":6.0,"rawCrownWidth":2.0,"quality":"valid","sourceYear":2013},"geometry":{"type":"Point","coordinates":[126.9109281,37.52290807]}},{"type":"Feature","id":"street-149439","properties":{"id":"street-149439","dataset":"street","gu":"영등포구","species":"양버즘나무","heightM":6.0,"crownWidthM":3.0,"rawHeight":6.0,"rawCrownWidth":3.0,"quality":"valid","sourceYear":2013},"geometry":{"type":"Point","coordinates":[126.91147903,37.52243399]}},{"type":"Feature","id":"street-149495","properties":{"id":"street-149495","dataset":"street","gu":"영등포구","species":"벚나무","heightM":5.0,"crownWidthM":5.0,"rawHeight":5.0,"rawCrownWidth":5.0,"quality":"valid","sourceYear":2013},"geometry":{"type":"Point","coordinates":[126.91432347,37.52568711]}},{"type":"Feature","id":"street-149510","properties":{"id":"street-149510","dataset":"street","gu":"영등포구","species":"느티나무","heightM":7.0,"crownWidthM":3.0,"rawHeight":7.0,"rawCrownWidth":3.0,"quality":"valid","sourceYear":2013},"geometry":{"type":"Point","coordinates":[126.9129564,37.52847493]}},{"type":"Feature","id":"street-149513","properties":{"id":"street-149513","dataset":"street","gu":"영등포구","species":"은행나무","heightM":8.0,"crownWidthM":5.0,"rawHeight":8.0,"rawCrownWidth":5.0,"quality":"valid","sourceYear":2013},"geometry":{"type":"Point","coordinates":[126.91948475,37.52094217]}},{"type":"Feature","id":"street-149546","properties":{"id":"street-149546","dataset":"street","gu":"영등포구","species":"벚나무","heightM":6.0,"crownWidthM":3.0,"rawHeight":6.0,"rawCrownWidth":3.0,"quality":"valid","sourceYear":2013},"geometry":{"type":"Point","coordinates":[126.91594395,37.523647]}},{"type":"Feature","id":"street-149576","properties":{"id":"street-149576","dataset":"street","gu":"영등포구","species":"은행나무","heightM":8.0,"crownWidthM":3.0,"rawHeight":8.0,"rawCrownWidth":3.0,"quality":"valid","sourceYear":2013},"geometry":{"type":"Point","coordinates":[126.91751987,37.52595379]}},{"type":"Feature","id":"street-149609","properties":{"id":"street-149609","dataset":"street","gu":"영등포구","species":"은행나무","heightM":6.0,"crownWidthM":2.0,"rawHeight":6.0,"rawCrownWidth":2.0,"quality":"valid","sourceYear":2013},"geometry":{"type":"Point","coordinates":[126.9185245,37.52483549]}},{"type":"Feature","id":"street-149628","properties":{"id":"street-149628","dataset":"street","gu":"영등포구","species":"벚나무","heightM":6.0,"crownWidthM":6.0,"rawHeight":6.0,"rawCrownWidth":6.0,"quality":"valid","sourceYear":2013},"geometry":{"type":"Point","coordinates":[126.91564657,37.52368626]}},{"type":"Feature","id":"street-149631","properties":{"id":"street-149631","dataset":"street","gu":"영등포구","species":"느티나무","heightM":5.0,"crownWidthM":4.0,"rawHeight":5.0,"rawCrownWidth":4.0,"quality":"valid","sourceYear":2013},"geometry":{"type":"Point","coordinates":[126.91974483,37.52705724]}},{"type":"Feature","id":"street-149637","properties":{"id":"street-149637","dataset":"street","gu":"영등포구","species":"벚나무","heightM":7.0,"crownWidthM":6.0,"rawHeight":7.0,"rawCrownWidth":6.0,"quality":"valid","sourceYear":2013},"geometry":{"type":"Point","coordinates":[126.91506575,37.52458006]}},{"type":"Feature","id":"street-149671","properties":{"id":"street-149671","dataset":"street","gu":"영등포구","species":"은행나무","heightM":9.0,"crownWidthM":5.0,"rawHeight":9.0,"rawCrownWidth":5.0,"quality":"valid","sourceYear":2013},"geometry":{"type":"Point","coordinates":[126.91822387,37.52842568]}},{"type":"Feature","id":"street-149688","properties":{"id":"street-149688","dataset":"street","gu":"영등포구","species":"벚나무","heightM":6.0,"crownWidthM":2.0,"rawHeight":6.0,"rawCrownWidth":2.0,"quality":"valid","sourceYear":2013},"geometry":{"type":"Point","coordinates":[126.91668825,37.52208224]}},{"type":"Feature","id":"street-149689","properties":{"id":"street-149689","dataset":"street","gu":"영등포구","species":"벚나무","heightM":7.0,"crownWidthM":2.0,"rawHeight":7.0,"rawCrownWidth":2.0,"quality":"valid","sourceYear":2013},"geometry":{"type":"Point","coordinates":[126.91300314,37.52779164]}},{"type":"Feature","id":"street-149692","properties":{"id":"street-149692","dataset":"street","gu":"영등포구","species":"벚나무","heightM":8.0,"crownWidthM":9.0,"rawHeight":8.0,"rawCrownWidth":9.0,"quality":"valid","sourceYear":2013},"geometry":{"type":"Point","coordinates":[126.91236161,37.52938485]}},{"type":"Feature","id":"street-149693","properties":{"id":"street-149693","dataset":"street","gu":"영등포구","species":"양버즘나무","heightM":6.0,"crownWidthM":2.0,"rawHeight":6.0,"rawCrownWidth":2.0,"quality":"valid","sourceYear":2013},"geometry":{"type":"Point","coordinates":[126.91098313,37.52316569]}},{"type":"Feature","id":"street-149745","properties":{"id":"street-149745","dataset":"street","gu":"영등포구","species":"양버즘나무","heightM":6.0,"crownWidthM":2.0,"rawHeight":6.0,"rawCrownWidth":2.0,"quality":"valid","sourceYear":2013},"geometry":{"type":"Point","coordinates":[126.91102821,37.52309917]}},{"type":"Feature","id":"street-149746","properties":{"id":"street-149746","dataset":"street","gu":"영등포구","species":"은행나무","heightM":9.0,"crownWidthM":4.0,"rawHeight":9.0,"rawCrownWidth":4.0,"quality":"valid","sourceYear":2013},"geometry":{"type":"Point","coordinates":[126.91540578,37.5267436]}},{"type":"Feature","id":"street-149796","properties":{"id":"street-149796","dataset":"street","gu":"영등포구","species":"벚나무","heightM":6.0,"crownWidthM":2.0,"rawHeight":6.0,"rawCrownWidth":2.0,"quality":"valid","sourceYear":2013},"geometry":{"type":"Point","coordinates":[126.91455336,37.52569993]}},{"type":"Feature","id":"street-149798","properties":{"id":"street-149798","dataset":"street","gu":"영등포구","species":"벚나무","heightM":6.0,"crownWidthM":2.0,"rawHeight":6.0,"rawCrownWidth":2.0,"quality":"valid","sourceYear":2013},"geometry":{"type":"Point","coordinates":[126.91586777,37.52376405]}},{"type":"Feature","id":"street-149800","properties":{"id":"street-149800","dataset":"street","gu":"영등포구","species":"은행나무","heightM":9.0,"crownWidthM":4.0,"rawHeight":9.0,"rawCrownWidth":4.0,"quality":"valid","sourceYear":2013},"geometry":{"type":"Point","coordinates":[126.91585616,37.5272104]}},{"type":"Feature","id":"street-149803","properties":{"id":"street-149803","dataset":"street","gu":"영등포구","species":"벚나무","heightM":8.0,"crownWidthM":8.0,"rawHeight":8.0,"rawCrownWidth":8.0,"quality":"valid","sourceYear":2013},"geometry":{"type":"Point","coordinates":[126.91231576,37.52950294]}},{"type":"Feature","id":"street-149901","properties":{"id":"street-149901","dataset":"street","gu":"영등포구","species":"은행나무","heightM":8.0,"crownWidthM":3.0,"rawHeight":8.0,"rawCrownWidth":3.0,"quality":"valid","sourceYear":2013},"geometry":{"type":"Point","coordinates":[126.91598758,37.52816799]}},{"type":"Feature","id":"street-149922","properties":{"id":"street-149922","dataset":"street","gu":"영등포구","species":"은행나무","heightM":9.0,"crownWidthM":3.0,"rawHeight":9.0,"rawCrownWidth":3.0,"quality":"valid","sourceYear":2013},"geometry":{"type":"Point","coordinates":[126.91492299,37.52749622]}},{"type":"Feature","id":"street-149927","properties":{"id":"street-149927","dataset":"street","gu":"영등포구","species":"은행나무","heightM":8.0,"crownWidthM":3.0,"rawHeight":8.0,"rawCrownWidth":3.0,"quality":"valid","sourceYear":2013},"geometry":{"type":"Point","coordinates":[126.91911957,37.52088428]}},{"type":"Feature","id":"street-149929","properties":{"id":"street-149929","dataset":"street","gu":"영등포구","species":"양버즘나무","heightM":8.0,"crownWidthM":3.0,"rawHeight":8.0,"rawCrownWidth":3.0,"quality":"valid","sourceYear":2013},"geometry":{"type":"Point","coordinates":[126.91370699,37.5200657]}},{"type":"Feature","id":"street-149951","properties":{"id":"street-149951","dataset":"street","gu":"영등포구","species":"은행나무","heightM":8.0,"crownWidthM":4.0,"rawHeight":8.0,"rawCrownWidth":4.0,"quality":"valid","sourceYear":2013},"geometry":{"type":"Point","coordinates":[126.91591864,37.52855256]}},{"type":"Feature","id":"street-149965","properties":{"id":"street-149965","dataset":"street","gu":"영등포구","species":"벚나무","heightM":8.0,"crownWidthM":8.0,"rawHeight":8.0,"rawCrownWidth":8.0,"quality":"valid","sourceYear":2013},"geometry":{"type":"Point","coordinates":[126.91229284,37.52955744]}},{"type":"Feature","id":"street-149979","properties":{"id":"street-149979","dataset":"street","gu":"영등포구","species":"느티나무","heightM":6.0,"crownWidthM":4.0,"rawHeight":6.0,"rawCrownWidth":4.0,"quality":"valid","sourceYear":2013},"geometry":{"type":"Point","coordinates":[126.91315669,37.52803629]}},{"type":"Feature","id":"street-150022","properties":{"id":"street-150022","dataset":"street","gu":"영등포구","species":"은행나무","heightM":7.0,"crownWidthM":4.0,"rawHeight":7.0,"rawCrownWidth":4.0,"quality":"valid","sourceYear":2013},"geometry":{"type":"Point","coordinates":[126.91975952,37.52251939]}},{"type":"Feature","id":"street-150093","properties":{"id":"street-150093","dataset":"street","gu":"영등포구","species":"벚나무","heightM":6.0,"crownWidthM":5.0,"rawHeight":6.0,"rawCrownWidth":5.0,"quality":"valid","sourceYear":2013},"geometry":{"type":"Point","coordinates":[126.9138689,37.52628227]}},{"type":"Feature","id":"street-150118","properties":{"id":"street-150118","dataset":"street","gu":"영등포구","species":"벚나무","heightM":5.0,"crownWidthM":3.0,"rawHeight":5.0,"rawCrownWidth":3.0,"quality":"valid","sourceYear":2013},"geometry":{"type":"Point","coordinates":[126.91536787,37.52450782]}},{"type":"Feature","id":"street-150128","properties":{"id":"street-150128","dataset":"street","gu":"영등포구","species":"벚나무","heightM":6.0,"crownWidthM":2.0,"rawHeight":6.0,"rawCrownWidth":2.0,"quality":"valid","sourceYear":2013},"geometry":{"type":"Point","coordinates":[126.91677802,37.52201262]}},{"type":"Feature","id":"street-150129","properties":{"id":"street-150129","dataset":"street","gu":"영등포구","species":"벚나무","heightM":6.0,"crownWidthM":2.0,"rawHeight":6.0,"rawCrownWidth":2.0,"quality":"valid","sourceYear":2013},"geometry":{"type":"Point","coordinates":[126.91654188,37.5223643]}},{"type":"Feature","id":"street-150130","properties":{"id":"street-150130","dataset":"street","gu":"영등포구","species":"벚나무","heightM":5.0,"crownWidthM":4.0,"rawHeight":5.0,"rawCrownWidth":4.0,"quality":"valid","sourceYear":2013},"geometry":{"type":"Point","coordinates":[126.91664557,37.52221365]}},{"type":"Feature","id":"street-150131","properties":{"id":"street-150131","dataset":"street","gu":"영등포구","species":"벚나무","heightM":5.0,"crownWidthM":1.0,"rawHeight":5.0,"rawCrownWidth":1.0,"quality":"valid","sourceYear":2013},"geometry":{"type":"Point","coordinates":[126.91673196,37.52208118]}},{"type":"Feature","id":"street-150132","properties":{"id":"street-150132","dataset":"street","gu":"영등포구","species":"벚나무","heightM":6.0,"crownWidthM":2.0,"rawHeight":6.0,"rawCrownWidth":2.0,"quality":"valid","sourceYear":2013},"geometry":{"type":"Point","coordinates":[126.91657646,37.52230952]}},{"type":"Feature","id":"street-150133","properties":{"id":"street-150133","dataset":"street","gu":"영등포구","species":"벚나무","heightM":6.0,"crownWidthM":2.0,"rawHeight":6.0,"rawCrownWidth":2.0,"quality":"valid","sourceYear":2013},"geometry":{"type":"Point","coordinates":[126.91670892,37.52212232]}},{"type":"Feature","id":"street-150158","properties":{"id":"street-150158","dataset":"street","gu":"영등포구","species":"벚나무","heightM":5.0,"crownWidthM":4.0,"rawHeight":5.0,"rawCrownWidth":4.0,"quality":"valid","sourceYear":2013},"geometry":{"type":"Point","coordinates":[126.91410478,37.52601213]}},{"type":"Feature","id":"street-150261","properties":{"id":"street-150261","dataset":"street","gu":"영등포구","species":"은행나무","heightM":8.0,"crownWidthM":3.0,"rawHeight":8.0,"rawCrownWidth":3.0,"quality":"valid","sourceYear":2013},"geometry":{"type":"Point","coordinates":[126.91732187,37.52615511]}},{"type":"Feature","id":"street-150273","properties":{"id":"street-150273","dataset":"street","gu":"영등포구","species":"벚나무","heightM":6.0,"crownWidthM":2.0,"rawHeight":6.0,"rawCrownWidth":2.0,"quality":"valid","sourceYear":2013},"geometry":{"type":"Point","coordinates":[126.91597728,37.52359792]}},{"type":"Feature","id":"street-150274","properties":{"id":"street-150274","dataset":"street","gu":"영등포구","species":"벚나무","heightM":7.0,"crownWidthM":8.0,"rawHeight":7.0,"rawCrownWidth":8.0,"quality":"valid","sourceYear":2013},"geometry":{"type":"Point","coordinates":[126.91252207,37.52898517]}},{"type":"Feature","id":"street-150327","properties":{"id":"street-150327","dataset":"street","gu":"영등포구","species":"은행나무","heightM":8.0,"crownWidthM":2.0,"rawHeight":8.0,"rawCrownWidth":2.0,"quality":"valid","sourceYear":2013},"geometry":{"type":"Point","coordinates":[126.91686528,37.52845318]}},{"type":"Feature","id":"street-150343","properties":{"id":"street-150343","dataset":"street","gu":"영등포구","species":"은행나무","heightM":7.0,"crownWidthM":3.0,"rawHeight":7.0,"rawCrownWidth":3.0,"quality":"valid","sourceYear":2013},"geometry":{"type":"Point","coordinates":[126.91395819,37.52733059]}},{"type":"Feature","id":"street-150368","properties":{"id":"street-150368","dataset":"street","gu":"영등포구","species":"양버즘나무","heightM":7.0,"crownWidthM":3.0,"rawHeight":7.0,"rawCrownWidth":3.0,"quality":"valid","sourceYear":2013},"geometry":{"type":"Point","coordinates":[126.91989499,37.52738367]}},{"type":"Feature","id":"street-150477","properties":{"id":"street-150477","dataset":"street","gu":"영등포구","species":"느티나무","heightM":5.0,"crownWidthM":5.0,"rawHeight":5.0,"rawCrownWidth":5.0,"quality":"valid","sourceYear":2013},"geometry":{"type":"Point","coordinates":[126.91991074,37.52715647]}},{"type":"Feature","id":"street-150479","properties":{"id":"street-150479","dataset":"street","gu":"영등포구","species":"느티나무","heightM":7.0,"crownWidthM":4.0,"rawHeight":7.0,"rawCrownWidth":4.0,"quality":"valid","sourceYear":2013},"geometry":{"type":"Point","coordinates":[126.91340361,37.52753862]}},{"type":"Feature","id":"street-150494","properties":{"id":"street-150494","dataset":"street","gu":"영등포구","species":"은행나무","heightM":6.0,"crownWidthM":2.0,"rawHeight":6.0,"rawCrownWidth":2.0,"quality":"valid","sourceYear":2013},"geometry":{"type":"Point","coordinates":[126.91873775,37.52188539]}},{"type":"Feature","id":"street-150771","properties":{"id":"street-150771","dataset":"street","gu":"영등포구","species":"은행나무","heightM":8.0,"crownWidthM":5.0,"rawHeight":8.0,"rawCrownWidth":5.0,"quality":"valid","sourceYear":2013},"geometry":{"type":"Point","coordinates":[126.91671003,37.52699594]}},{"type":"Feature","id":"street-150777","properties":{"id":"street-150777","dataset":"street","gu":"영등포구","species":"양버즘나무","heightM":6.0,"crownWidthM":2.0,"rawHeight":6.0,"rawCrownWidth":2.0,"quality":"valid","sourceYear":2013},"geometry":{"type":"Point","coordinates":[126.91058282,37.52339708]}},{"type":"Feature","id":"street-150837","properties":{"id":"street-150837","dataset":"street","gu":"영등포구","species":"은행나무","heightM":9.0,"crownWidthM":6.0,"rawHeight":9.0,"rawCrownWidth":6.0,"quality":"valid","sourceYear":2013},"geometry":{"type":"Point","coordinates":[126.9173335,37.527971]}},{"type":"Feature","id":"street-150867","properties":{"id":"street-150867","dataset":"street","gu":"영등포구","species":"은행나무","heightM":6.0,"crownWidthM":3.0,"rawHeight":6.0,"rawCrownWidth":3.0,"quality":"valid","sourceYear":2013},"geometry":{"type":"Point","coordinates":[126.91681362,37.52377004]}},{"type":"Feature","id":"street-150883","properties":{"id":"street-150883","dataset":"street","gu":"영등포구","species":"벚나무","heightM":7.0,"crownWidthM":2.0,"rawHeight":7.0,"rawCrownWidth":2.0,"quality":"valid","sourceYear":2013},"geometry":{"type":"Point","coordinates":[126.91448666,37.5257909]}},{"type":"Feature","id":"street-150889","properties":{"id":"street-150889","dataset":"street","gu":"영등포구","species":"벚나무","heightM":6.0,"crownWidthM":4.0,"rawHeight":6.0,"rawCrownWidth":4.0,"quality":"valid","sourceYear":2013},"geometry":{"type":"Point","coordinates":[126.91440987,37.5254949]}},{"type":"Feature","id":"street-150964","properties":{"id":"street-150964","dataset":"street","gu":"영등포구","species":"은행나무","heightM":5.0,"crownWidthM":3.0,"rawHeight":5.0,"rawCrownWidth":3.0,"quality":"valid","sourceYear":2013},"geometry":{"type":"Point","coordinates":[126.91764214,37.52920628]}},{"type":"Feature","id":"street-151050","properties":{"id":"street-151050","dataset":"street","gu":"영등포구","species":"은행나무","heightM":8.0,"crownWidthM":2.0,"rawHeight":8.0,"rawCrownWidth":2.0,"quality":"valid","sourceYear":2013},"geometry":{"type":"Point","coordinates":[126.91631187,37.52837504]}},{"type":"Feature","id":"street-151054","properties":{"id":"street-151054","dataset":"street","gu":"영등포구","species":"벚나무","heightM":6.0,"crownWidthM":5.0,"rawHeight":6.0,"rawCrownWidth":5.0,"quality":"valid","sourceYear":2013},"geometry":{"type":"Point","coordinates":[126.9152843,37.52422434]}},{"type":"Feature","id":"street-151065","properties":{"id":"street-151065","dataset":"street","gu":"영등포구","species":"벚나무","heightM":6.0,"crownWidthM":5.0,"rawHeight":6.0,"rawCrownWidth":5.0,"quality":"valid","sourceYear":2013},"geometry":{"type":"Point","coordinates":[126.91421421,37.52577872]}},{"type":"Feature","id":"street-151116","properties":{"id":"street-151116","dataset":"street","gu":"영등포구","species":"벚나무","heightM":5.0,"crownWidthM":2.0,"rawHeight":5.0,"rawCrownWidth":2.0,"quality":"valid","sourceYear":2013},"geometry":{"type":"Point","coordinates":[126.9153393,37.52454935]}},{"type":"Feature","id":"street-151243","properties":{"id":"street-151243","dataset":"street","gu":"영등포구","species":"양버즘나무","heightM":7.0,"crownWidthM":2.0,"rawHeight":7.0,"rawCrownWidth":2.0,"quality":"valid","sourceYear":2013},"geometry":{"type":"Point","coordinates":[126.9121966,37.52101155]}},{"type":"Feature","id":"street-151277","properties":{"id":"street-151277","dataset":"street","gu":"영등포구","species":"은행나무","heightM":9.0,"crownWidthM":4.0,"rawHeight":9.0,"rawCrownWidth":4.0,"quality":"valid","sourceYear":2013},"geometry":{"type":"Point","coordinates":[126.91545749,37.52696196]}},{"type":"Feature","id":"street-151397","properties":{"id":"street-151397","dataset":"street","gu":"영등포구","species":"벚나무","heightM":7.0,"crownWidthM":2.0,"rawHeight":7.0,"rawCrownWidth":2.0,"quality":"valid","sourceYear":2013},"geometry":{"type":"Point","coordinates":[126.91584178,37.52338909]}},{"type":"Feature","id":"street-151518","properties":{"id":"street-151518","dataset":"street","gu":"영등포구","species":"벚나무","heightM":7.0,"crownWidthM":7.0,"rawHeight":7.0,"rawCrownWidth":7.0,"quality":"valid","sourceYear":2013},"geometry":{"type":"Point","coordinates":[126.91520379,37.5243429]}},{"type":"Feature","id":"street-151549","properties":{"id":"street-151549","dataset":"street","gu":"영등포구","species":"은행나무","heightM":8.0,"crownWidthM":4.0,"rawHeight":8.0,"rawCrownWidth":4.0,"quality":"valid","sourceYear":2013},"geometry":{"type":"Point","coordinates":[126.9174226,37.52605307]}},{"type":"Feature","id":"street-151652","properties":{"id":"street-151652","dataset":"street","gu":"영등포구","species":"은행나무","heightM":9.0,"crownWidthM":6.0,"rawHeight":9.0,"rawCrownWidth":6.0,"quality":"valid","sourceYear":2013},"geometry":{"type":"Point","coordinates":[126.91979394,37.52683386]}},{"type":"Feature","id":"street-151654","properties":{"id":"street-151654","dataset":"street","gu":"영등포구","species":"은행나무","heightM":9.0,"crownWidthM":4.0,"rawHeight":9.0,"rawCrownWidth":4.0,"quality":"valid","sourceYear":2013},"geometry":{"type":"Point","coordinates":[126.91786479,37.52116697]}},{"type":"Feature","id":"street-151718","properties":{"id":"street-151718","dataset":"street","gu":"영등포구","species":"양버즘나무","heightM":6.0,"crownWidthM":2.0,"rawHeight":6.0,"rawCrownWidth":2.0,"quality":"valid","sourceYear":2013},"geometry":{"type":"Point","coordinates":[126.9112021,37.52284334]}},{"type":"Feature","id":"street-151722","properties":{"id":"street-151722","dataset":"street","gu":"영등포구","species":"은행나무","heightM":9.0,"crownWidthM":6.0,"rawHeight":9.0,"rawCrownWidth":6.0,"quality":"valid","sourceYear":2013},"geometry":{"type":"Point","coordinates":[126.91907458,37.52620538]}},{"type":"Feature","id":"street-151724","properties":{"id":"street-151724","dataset":"street","gu":"영등포구","species":"벚나무","heightM":5.0,"crownWidthM":3.0,"rawHeight":5.0,"rawCrownWidth":3.0,"quality":"valid","sourceYear":2013},"geometry":{"type":"Point","coordinates":[126.91843236,37.52031778]}},{"type":"Feature","id":"street-151725","properties":{"id":"street-151725","dataset":"street","gu":"영등포구","species":"벚나무","heightM":5.0,"crownWidthM":4.0,"rawHeight":5.0,"rawCrownWidth":4.0,"quality":"valid","sourceYear":2013},"geometry":{"type":"Point","coordinates":[126.91785424,37.52061186]}},{"type":"Feature","id":"street-151726","properties":{"id":"street-151726","dataset":"street","gu":"영등포구","species":"벚나무","heightM":5.0,"crownWidthM":3.0,"rawHeight":5.0,"rawCrownWidth":3.0,"quality":"valid","sourceYear":2013},"geometry":{"type":"Point","coordinates":[126.91780708,37.52063999]}},{"type":"Feature","id":"street-151727","properties":{"id":"street-151727","dataset":"street","gu":"영등포구","species":"벚나무","heightM":6.0,"crownWidthM":7.0,"rawHeight":6.0,"rawCrownWidth":7.0,"quality":"valid","sourceYear":2013},"geometry":{"type":"Point","coordinates":[126.91821978,37.52036808]}},{"type":"Feature","id":"street-151757","properties":{"id":"street-151757","dataset":"street","gu":"영등포구","species":"벚나무","heightM":5.0,"crownWidthM":4.0,"rawHeight":5.0,"rawCrownWidth":4.0,"quality":"valid","sourceYear":2013},"geometry":{"type":"Point","coordinates":[126.9129567,37.52788371]}},{"type":"Feature","id":"street-151765","properties":{"id":"street-151765","dataset":"street","gu":"영등포구","species":"은행나무","heightM":9.0,"crownWidthM":3.0,"rawHeight":9.0,"rawCrownWidth":3.0,"quality":"valid","sourceYear":2013},"geometry":{"type":"Point","coordinates":[126.91840563,37.52505198]}},{"type":"Feature","id":"street-151778","properties":{"id":"street-151778","dataset":"street","gu":"영등포구","species":"은행나무","heightM":8.0,"crownWidthM":4.0,"rawHeight":8.0,"rawCrownWidth":4.0,"quality":"valid","sourceYear":2013},"geometry":{"type":"Point","coordinates":[126.91926076,37.52097221]}},{"type":"Feature","id":"street-151818","properties":{"id":"street-151818","dataset":"street","gu":"영등포구","species":"벚나무","heightM":6.0,"crownWidthM":2.0,"rawHeight":6.0,"rawCrownWidth":2.0,"quality":"valid","sourceYear":2013},"geometry":{"type":"Point","coordinates":[126.91694117,37.52257437]}},{"type":"Feature","id":"street-151819","properties":{"id":"street-151819","dataset":"street","gu":"영등포구","species":"벚나무","heightM":5.0,"crownWidthM":1.0,"rawHeight":5.0,"rawCrownWidth":1.0,"quality":"valid","sourceYear":2013},"geometry":{"type":"Point","coordinates":[126.9169066,37.52263372]}},{"type":"Feature","id":"street-151820","properties":{"id":"street-151820","dataset":"street","gu":"영등포구","species":"벚나무","heightM":6.0,"crownWidthM":2.0,"rawHeight":6.0,"rawCrownWidth":2.0,"quality":"valid","sourceYear":2013},"geometry":{"type":"Point","coordinates":[126.91703097,37.52251401]}},{"type":"Feature","id":"street-151829","properties":{"id":"street-151829","dataset":"street","gu":"영등포구","species":"은행나무","heightM":8.0,"crownWidthM":4.0,"rawHeight":8.0,"rawCrownWidth":4.0,"quality":"valid","sourceYear":2013},"geometry":{"type":"Point","coordinates":[126.91647693,37.52356401]}},{"type":"Feature","id":"street-151881","properties":{"id":"street-151881","dataset":"street","gu":"영등포구","species":"은행나무","heightM":9.0,"crownWidthM":3.0,"rawHeight":9.0,"rawCrownWidth":3.0,"quality":"valid","sourceYear":2013},"geometry":{"type":"Point","coordinates":[126.91466737,37.52628536]}},{"type":"Feature","id":"street-151887","properties":{"id":"street-151887","dataset":"street","gu":"영등포구","species":"은행나무","heightM":9.0,"crownWidthM":7.0,"rawHeight":9.0,"rawCrownWidth":7.0,"quality":"valid","sourceYear":2013},"geometry":{"type":"Point","coordinates":[126.91845453,37.52646563]}},{"type":"Feature","id":"street-151900","properties":{"id":"street-151900","dataset":"street","gu":"영등포구","species":"벚나무","heightM":6.0,"crownWidthM":5.0,"rawHeight":6.0,"rawCrownWidth":5.0,"quality":"valid","sourceYear":2013},"geometry":{"type":"Point","coordinates":[126.91801342,37.52051342]}},{"type":"Feature","id":"street-151901","properties":{"id":"street-151901","dataset":"street","gu":"영등포구","species":"벚나무","heightM":5.0,"crownWidthM":3.0,"rawHeight":5.0,"rawCrownWidth":3.0,"quality":"valid","sourceYear":2013},"geometry":{"type":"Point","coordinates":[126.91775992,37.52066811]}},{"type":"Feature","id":"street-151902","properties":{"id":"street-151902","dataset":"street","gu":"영등포구","species":"벚나무","heightM":6.0,"crownWidthM":5.0,"rawHeight":6.0,"rawCrownWidth":5.0,"quality":"valid","sourceYear":2013},"geometry":{"type":"Point","coordinates":[126.91805469,37.52048529]}},{"type":"Feature","id":"street-151903","properties":{"id":"street-151903","dataset":"street","gu":"영등포구","species":"벚나무","heightM":6.0,"crownWidthM":7.0,"rawHeight":6.0,"rawCrownWidth":7.0,"quality":"valid","sourceYear":2013},"geometry":{"type":"Point","coordinates":[126.91816672,37.52040559]}},{"type":"Feature","id":"street-151976","properties":{"id":"street-151976","dataset":"street","gu":"영등포구","species":"은행나무","heightM":9.0,"crownWidthM":5.0,"rawHeight":9.0,"rawCrownWidth":5.0,"quality":"valid","sourceYear":2013},"geometry":{"type":"Point","coordinates":[126.91551295,37.52699785]}},{"type":"Feature","id":"street-151987","properties":{"id":"street-151987","dataset":"street","gu":"영등포구","species":"은행나무","heightM":8.0,"crownWidthM":4.0,"rawHeight":8.0,"rawCrownWidth":4.0,"quality":"valid","sourceYear":2013},"geometry":{"type":"Point","coordinates":[126.91568564,37.52840862]}},{"type":"Feature","id":"street-151997","properties":{"id":"street-151997","dataset":"street","gu":"영등포구","species":"느티나무","heightM":6.0,"crownWidthM":4.0,"rawHeight":6.0,"rawCrownWidth":4.0,"quality":"valid","sourceYear":2013},"geometry":{"type":"Point","coordinates":[126.91352624,37.52730018]}},{"type":"Feature","id":"street-152073","properties":{"id":"street-152073","dataset":"street","gu":"영등포구","species":"은행나무","heightM":8.0,"crownWidthM":3.0,"rawHeight":8.0,"rawCrownWidth":3.0,"quality":"valid","sourceYear":2013},"geometry":{"type":"Point","coordinates":[126.91595279,37.52755036]}},{"type":"Feature","id":"street-152097","properties":{"id":"street-152097","dataset":"street","gu":"영등포구","species":"은행나무","heightM":9.0,"crownWidthM":2.0,"rawHeight":9.0,"rawCrownWidth":2.0,"quality":"valid","sourceYear":2013},"geometry":{"type":"Point","coordinates":[126.91419186,37.52703879]}},{"type":"Feature","id":"street-152126","properties":{"id":"street-152126","dataset":"street","gu":"영등포구","species":"벚나무","heightM":7.0,"crownWidthM":3.0,"rawHeight":7.0,"rawCrownWidth":3.0,"quality":"valid","sourceYear":2013},"geometry":{"type":"Point","coordinates":[126.91505364,37.52497598]}},{"type":"Feature","id":"street-152129","properties":{"id":"street-152129","dataset":"street","gu":"영등포구","species":"은행나무","heightM":8.0,"crownWidthM":3.0,"rawHeight":8.0,"rawCrownWidth":3.0,"quality":"valid","sourceYear":2013},"geometry":{"type":"Point","coordinates":[126.91846921,37.52983505]}},{"type":"Feature","id":"street-152154","properties":{"id":"street-152154","dataset":"street","gu":"영등포구","species":"벚나무","heightM":6.0,"crownWidthM":9.0,"rawHeight":6.0,"rawCrownWidth":9.0,"quality":"valid","sourceYear":2013},"geometry":{"type":"Point","coordinates":[126.91868381,37.52033707]}},{"type":"Feature","id":"street-152161","properties":{"id":"street-152161","dataset":"street","gu":"영등포구","species":"은행나무","heightM":7.0,"crownWidthM":4.0,"rawHeight":7.0,"rawCrownWidth":4.0,"quality":"valid","sourceYear":2013},"geometry":{"type":"Point","coordinates":[126.919877,37.52144447]}},{"type":"Feature","id":"street-152168","properties":{"id":"street-152168","dataset":"street","gu":"영등포구","species":"은행나무","heightM":7.0,"crownWidthM":4.0,"rawHeight":7.0,"rawCrownWidth":4.0,"quality":"valid","sourceYear":2013},"geometry":{"type":"Point","coordinates":[126.9183914,37.52475106]}},{"type":"Feature","id":"street-152241","properties":{"id":"street-152241","dataset":"street","gu":"영등포구","species":"은행나무","heightM":7.0,"crownWidthM":4.0,"rawHeight":7.0,"rawCrownWidth":4.0,"quality":"valid","sourceYear":2013},"geometry":{"type":"Point","coordinates":[126.91712698,37.52657163]}},{"type":"Feature","id":"street-152260","properties":{"id":"street-152260","dataset":"street","gu":"영등포구","species":"은행나무","heightM":6.0,"crownWidthM":2.0,"rawHeight":6.0,"rawCrownWidth":2.0,"quality":"valid","sourceYear":2013},"geometry":{"type":"Point","coordinates":[126.91882013,37.52052727]}},{"type":"Feature","id":"street-152263","properties":{"id":"street-152263","dataset":"street","gu":"영등포구","species":"양버즘나무","heightM":6.0,"crownWidthM":2.0,"rawHeight":6.0,"rawCrownWidth":2.0,"quality":"valid","sourceYear":2013},"geometry":{"type":"Point","coordinates":[126.91115703,37.52289961]}},{"type":"Feature","id":"street-152335","properties":{"id":"street-152335","dataset":"street","gu":"영등포구","species":"벚나무","heightM":6.0,"crownWidthM":4.0,"rawHeight":6.0,"rawCrownWidth":4.0,"quality":"valid","sourceYear":2013},"geometry":{"type":"Point","coordinates":[126.91619266,37.52290865]}},{"type":"Feature","id":"street-152349","properties":{"id":"street-152349","dataset":"street","gu":"영등포구","species":"벚나무","heightM":5.0,"crownWidthM":4.0,"rawHeight":5.0,"rawCrownWidth":4.0,"quality":"valid","sourceYear":2013},"geometry":{"type":"Point","coordinates":[126.91441555,37.52554978]}},{"type":"Feature","id":"street-152355","properties":{"id":"street-152355","dataset":"street","gu":"영등포구","species":"은행나무","heightM":9.0,"crownWidthM":5.0,"rawHeight":9.0,"rawCrownWidth":5.0,"quality":"valid","sourceYear":2013},"geometry":{"type":"Point","coordinates":[126.91860491,37.52658094]}},{"type":"Feature","id":"street-152373","properties":{"id":"street-152373","dataset":"street","gu":"영등포구","species":"은행나무","heightM":9.0,"crownWidthM":6.0,"rawHeight":9.0,"rawCrownWidth":6.0,"quality":"valid","sourceYear":2013},"geometry":{"type":"Point","coordinates":[126.91737363,37.52632074]}},{"type":"Feature","id":"street-152425","properties":{"id":"street-152425","dataset":"street","gu":"영등포구","species":"벚나무","heightM":5.0,"crownWidthM":2.0,"rawHeight":5.0,"rawCrownWidth":2.0,"quality":"valid","sourceYear":2013},"geometry":{"type":"Point","coordinates":[126.91565829,37.52407363]}},{"type":"Feature","id":"street-152453","properties":{"id":"street-152453","dataset":"street","gu":"영등포구","species":"벚나무","heightM":7.0,"crownWidthM":9.0,"rawHeight":7.0,"rawCrownWidth":9.0,"quality":"valid","sourceYear":2013},"geometry":{"type":"Point","coordinates":[126.91236724,37.52921151]}},{"type":"Feature","id":"street-152454","properties":{"id":"street-152454","dataset":"street","gu":"영등포구","species":"벚나무","heightM":7.0,"crownWidthM":7.0,"rawHeight":7.0,"rawCrownWidth":7.0,"quality":"valid","sourceYear":2013},"geometry":{"type":"Point","coordinates":[126.91232139,37.5293296]}},{"type":"Feature","id":"street-152455","properties":{"id":"street-152455","dataset":"street","gu":"영등포구","species":"벚나무","heightM":8.0,"crownWidthM":8.0,"rawHeight":8.0,"rawCrownWidth":8.0,"quality":"valid","sourceYear":2013},"geometry":{"type":"Point","coordinates":[126.91252766,37.52883909]}},{"type":"Feature","id":"street-152456","properties":{"id":"street-152456","dataset":"street","gu":"영등포구","species":"벚나무","heightM":8.0,"crownWidthM":9.0,"rawHeight":8.0,"rawCrownWidth":9.0,"quality":"valid","sourceYear":2013},"geometry":{"type":"Point","coordinates":[126.91218379,37.52972022]}},{"type":"Feature","id":"street-152457","properties":{"id":"street-152457","dataset":"street","gu":"영등포구","species":"벚나무","heightM":8.0,"crownWidthM":8.0,"rawHeight":8.0,"rawCrownWidth":8.0,"quality":"valid","sourceYear":2013},"geometry":{"type":"Point","coordinates":[126.91225261,37.52951128]}},{"type":"Feature","id":"street-152458","properties":{"id":"street-152458","dataset":"street","gu":"영등포구","species":"벚나무","heightM":7.0,"crownWidthM":8.0,"rawHeight":7.0,"rawCrownWidth":8.0,"quality":"valid","sourceYear":2013},"geometry":{"type":"Point","coordinates":[126.91235574,37.52926602]}},{"type":"Feature","id":"street-152532","properties":{"id":"street-152532","dataset":"street","gu":"영등포구","species":"양버즘나무","heightM":8.0,"crownWidthM":3.0,"rawHeight":8.0,"rawCrownWidth":3.0,"quality":"valid","sourceYear":2013},"geometry":{"type":"Point","coordinates":[126.91391913,37.52009659]}},{"type":"Feature","id":"street-152542","properties":{"id":"street-152542","dataset":"street","gu":"영등포구","species":"은행나무","heightM":8.0,"crownWidthM":3.0,"rawHeight":8.0,"rawCrownWidth":3.0,"quality":"valid","sourceYear":2013},"geometry":{"type":"Point","coordinates":[126.91754841,37.52956925]}},{"type":"Feature","id":"street-152550","properties":{"id":"street-152550","dataset":"street","gu":"영등포구","species":"은행나무","heightM":9.0,"crownWidthM":3.0,"rawHeight":9.0,"rawCrownWidth":3.0,"quality":"valid","sourceYear":2013},"geometry":{"type":"Point","coordinates":[126.91483863,37.52744504]}},{"type":"Feature","id":"street-152562","properties":{"id":"street-152562","dataset":"street","gu":"영등포구","species":"벚나무","heightM":7.0,"crownWidthM":5.0,"rawHeight":7.0,"rawCrownWidth":5.0,"quality":"valid","sourceYear":2013},"geometry":{"type":"Point","coordinates":[126.91555456,37.52382762]}},{"type":"Feature","id":"street-152636","properties":{"id":"street-152636","dataset":"street","gu":"영등포구","species":"벚나무","heightM":7.0,"crownWidthM":6.0,"rawHeight":7.0,"rawCrownWidth":6.0,"quality":"valid","sourceYear":2013},"geometry":{"type":"Point","coordinates":[126.91446741,37.52541707]}},{"type":"Feature","id":"street-152651","properties":{"id":"street-152651","dataset":"street","gu":"영등포구","species":"벚나무","heightM":6.0,"crownWidthM":2.0,"rawHeight":6.0,"rawCrownWidth":2.0,"quality":"valid","sourceYear":2013},"geometry":{"type":"Point","coordinates":[126.91573282,37.52355857]}},{"type":"Feature","id":"street-152670","properties":{"id":"street-152670","dataset":"street","gu":"영등포구","species":"은행나무","heightM":8.0,"crownWidthM":4.0,"rawHeight":8.0,"rawCrownWidth":4.0,"quality":"valid","sourceYear":2013},"geometry":{"type":"Point","coordinates":[126.91956393,37.52099157]}},{"type":"Feature","id":"street-152686","properties":{"id":"street-152686","dataset":"street","gu":"영등포구","species":"은행나무","heightM":6.0,"crownWidthM":2.0,"rawHeight":6.0,"rawCrownWidth":2.0,"quality":"valid","sourceYear":2013},"geometry":{"type":"Point","coordinates":[126.91852594,37.52675713]}},{"type":"Feature","id":"street-152751","properties":{"id":"street-152751","dataset":"street","gu":"영등포구","species":"양버즘나무","heightM":7.0,"crownWidthM":5.0,"rawHeight":7.0,"rawCrownWidth":5.0,"quality":"valid","sourceYear":2013},"geometry":{"type":"Point","coordinates":[126.91997598,37.52743442]}},{"type":"Feature","id":"street-152752","properties":{"id":"street-152752","dataset":"street","gu":"영등포구","species":"벚나무","heightM":6.0,"crownWidthM":6.0,"rawHeight":6.0,"rawCrownWidth":6.0,"quality":"valid","sourceYear":2013},"geometry":{"type":"Point","coordinates":[126.91398402,37.52610833]}},{"type":"Feature","id":"street-152753","properties":{"id":"street-152753","dataset":"street","gu":"영등포구","species":"벚나무","heightM":6.0,"crownWidthM":4.0,"rawHeight":6.0,"rawCrownWidth":4.0,"quality":"valid","sourceYear":2013},"geometry":{"type":"Point","coordinates":[126.91398394,37.52618152]}},{"type":"Feature","id":"street-152754","properties":{"id":"street-152754","dataset":"street","gu":"영등포구","species":"느티나무","heightM":7.0,"crownWidthM":3.0,"rawHeight":7.0,"rawCrownWidth":3.0,"quality":"valid","sourceYear":2013},"geometry":{"type":"Point","coordinates":[126.91291824,37.52855811]}},{"type":"Feature","id":"street-152762","properties":{"id":"street-152762","dataset":"street","gu":"영등포구","species":"은행나무","heightM":8.0,"crownWidthM":3.0,"rawHeight":8.0,"rawCrownWidth":3.0,"quality":"valid","sourceYear":2013},"geometry":{"type":"Point","coordinates":[126.91892673,37.52076612]}},{"type":"Feature","id":"street-152842","properties":{"id":"street-152842","dataset":"street","gu":"영등포구","species":"벚나무","heightM":7.0,"crownWidthM":6.0,"rawHeight":7.0,"rawCrownWidth":6.0,"quality":"valid","sourceYear":2013},"geometry":{"type":"Point","coordinates":[126.91534755,37.52413314]}},{"type":"Feature","id":"street-152850","properties":{"id":"street-152850","dataset":"street","gu":"영등포구","species":"은행나무","heightM":7.0,"crownWidthM":3.0,"rawHeight":7.0,"rawCrownWidth":3.0,"quality":"valid","sourceYear":2013},"geometry":{"type":"Point","coordinates":[126.91818751,37.52996927]}},{"type":"Feature","id":"street-152867","properties":{"id":"street-152867","dataset":"street","gu":"영등포구","species":"느티나무","heightM":6.0,"crownWidthM":5.0,"rawHeight":6.0,"rawCrownWidth":5.0,"quality":"valid","sourceYear":2013},"geometry":{"type":"Point","coordinates":[126.91996999,37.52718955]}},{"type":"Feature","id":"street-153124","properties":{"id":"street-153124","dataset":"street","gu":"영등포구","species":"은행나무","heightM":7.0,"crownWidthM":4.0,"rawHeight":7.0,"rawCrownWidth":4.0,"quality":"valid","sourceYear":2013},"geometry":{"type":"Point","coordinates":[126.91982184,37.52149937]}},{"type":"Feature","id":"street-153137","properties":{"id":"street-153137","dataset":"street","gu":"영등포구","species":"은행나무","heightM":9.0,"crownWidthM":5.0,"rawHeight":9.0,"rawCrownWidth":5.0,"quality":"valid","sourceYear":2013},"geometry":{"type":"Point","coordinates":[126.91950806,37.52182869]}},{"type":"Feature","id":"street-153147","properties":{"id":"street-153147","dataset":"street","gu":"영등포구","species":"벚나무","heightM":5.0,"crownWidthM":1.0,"rawHeight":5.0,"rawCrownWidth":1.0,"quality":"valid","sourceYear":2013},"geometry":{"type":"Point","coordinates":[126.91625616,37.52274882]}},{"type":"Feature","id":"street-154610","properties":{"id":"street-154610","dataset":"street","gu":"영등포구","species":"벚나무","heightM":7.0,"crownWidthM":1.0,"rawHeight":7.0,"rawCrownWidth":1.0,"quality":"valid","sourceYear":2013},"geometry":{"type":"Point","coordinates":[126.91301706,37.52776587]}},{"type":"Feature","id":"street-154796","properties":{"id":"street-154796","dataset":"street","gu":"영등포구","species":"벚나무","heightM":5.0,"crownWidthM":5.0,"rawHeight":5.0,"rawCrownWidth":5.0,"quality":"valid","sourceYear":2013},"geometry":{"type":"Point","coordinates":[126.91389769,37.52624108]}},{"type":"Feature","id":"street-154811","properties":{"id":"street-154811","dataset":"street","gu":"영등포구","species":"은행나무","heightM":9.0,"crownWidthM":3.0,"rawHeight":9.0,"rawCrownWidth":3.0,"quality":"valid","sourceYear":2013},"geometry":{"type":"Point","coordinates":[126.91498727,37.5275378]}},{"type":"Feature","id":"street-154884","properties":{"id":"street-154884","dataset":"street","gu":"영등포구","species":"느티나무","heightM":7.0,"crownWidthM":3.0,"rawHeight":7.0,"rawCrownWidth":3.0,"quality":"valid","sourceYear":2013},"geometry":{"type":"Point","coordinates":[126.91279901,37.52882281]}},{"type":"Feature","id":"street-154885","properties":{"id":"street-154885","dataset":"street","gu":"영등포구","species":"벚나무","heightM":6.0,"crownWidthM":4.0,"rawHeight":6.0,"rawCrownWidth":4.0,"quality":"valid","sourceYear":2013},"geometry":{"type":"Point","coordinates":[126.91454792,37.52535294]}},{"type":"Feature","id":"street-154887","properties":{"id":"street-154887","dataset":"street","gu":"영등포구","species":"벚나무","heightM":6.0,"crownWidthM":6.0,"rawHeight":6.0,"rawCrownWidth":6.0,"quality":"valid","sourceYear":2013},"geometry":{"type":"Point","coordinates":[126.91392647,37.52619531]}},{"type":"Feature","id":"street-155042","properties":{"id":"street-155042","dataset":"street","gu":"영등포구","species":"벚나무","heightM":5.0,"crownWidthM":3.0,"rawHeight":5.0,"rawCrownWidth":3.0,"quality":"valid","sourceYear":2013},"geometry":{"type":"Point","coordinates":[126.91822983,37.52064649]}},{"type":"Feature","id":"street-155043","properties":{"id":"street-155043","dataset":"street","gu":"영등포구","species":"느티나무","heightM":7.0,"crownWidthM":3.0,"rawHeight":7.0,"rawCrownWidth":3.0,"quality":"valid","sourceYear":2013},"geometry":{"type":"Point","coordinates":[126.91288964,37.52861105]}},{"type":"Feature","id":"street-155056","properties":{"id":"street-155056","dataset":"street","gu":"영등포구","species":"벚나무","heightM":5.0,"crownWidthM":4.0,"rawHeight":5.0,"rawCrownWidth":4.0,"quality":"valid","sourceYear":2013},"geometry":{"type":"Point","coordinates":[126.91380552,37.52641044]}},{"type":"Feature","id":"street-155060","properties":{"id":"street-155060","dataset":"street","gu":"영등포구","species":"양버즘나무","heightM":6.0,"crownWidthM":2.0,"rawHeight":6.0,"rawCrownWidth":2.0,"quality":"valid","sourceYear":2013},"geometry":{"type":"Point","coordinates":[126.9110733,37.52302753]}},{"type":"Feature","id":"street-155141","properties":{"id":"street-155141","dataset":"street","gu":"영등포구","species":"은행나무","heightM":9.0,"crownWidthM":4.0,"rawHeight":9.0,"rawCrownWidth":4.0,"quality":"valid","sourceYear":2013},"geometry":{"type":"Point","coordinates":[126.91474335,37.52651199]}},{"type":"Feature","id":"street-155396","properties":{"id":"street-155396","dataset":"street","gu":"영등포구","species":"벚나무","heightM":6.0,"crownWidthM":2.0,"rawHeight":6.0,"rawCrownWidth":2.0,"quality":"valid","sourceYear":2013},"geometry":{"type":"Point","coordinates":[126.91444854,37.52585154]}},{"type":"Feature","id":"street-155589","properties":{"id":"street-155589","dataset":"street","gu":"영등포구","species":"은행나무","heightM":8.0,"crownWidthM":6.0,"rawHeight":8.0,"rawCrownWidth":6.0,"quality":"valid","sourceYear":2013},"geometry":{"type":"Point","coordinates":[126.91678995,37.52691052]}},{"type":"Feature","id":"street-155688","properties":{"id":"street-155688","dataset":"street","gu":"영등포구","species":"은행나무","heightM":8.0,"crownWidthM":7.0,"rawHeight":8.0,"rawCrownWidth":7.0,"quality":"valid","sourceYear":2013},"geometry":{"type":"Point","coordinates":[126.91783552,37.52608732]}},{"type":"Feature","id":"street-155849","properties":{"id":"street-155849","dataset":"street","gu":"영등포구","species":"은행나무","heightM":9.0,"crownWidthM":6.0,"rawHeight":9.0,"rawCrownWidth":6.0,"quality":"valid","sourceYear":2013},"geometry":{"type":"Point","coordinates":[126.91986269,37.52676439]}},{"type":"Feature","id":"street-155853","properties":{"id":"street-155853","dataset":"street","gu":"영등포구","species":"은행나무","heightM":9.0,"crownWidthM":3.0,"rawHeight":9.0,"rawCrownWidth":3.0,"quality":"valid","sourceYear":2013},"geometry":{"type":"Point","coordinates":[126.91522898,37.52663318]}},{"type":"Feature","id":"street-155860","properties":{"id":"street-155860","dataset":"street","gu":"영등포구","species":"벚나무","heightM":7.0,"crownWidthM":5.0,"rawHeight":7.0,"rawCrownWidth":5.0,"quality":"valid","sourceYear":2013},"geometry":{"type":"Point","coordinates":[126.9154798,37.52393706]}},{"type":"Feature","id":"street-155862","properties":{"id":"street-155862","dataset":"street","gu":"영등포구","species":"느티나무","heightM":7.0,"crownWidthM":3.0,"rawHeight":7.0,"rawCrownWidth":3.0,"quality":"valid","sourceYear":2013},"geometry":{"type":"Point","coordinates":[126.91327704,37.5277802]}},{"type":"Feature","id":"street-158704","properties":{"id":"street-158704","dataset":"street","gu":"영등포구","species":"은행나무","heightM":6.0,"crownWidthM":3.0,"rawHeight":6.0,"rawCrownWidth":3.0,"quality":"valid","sourceYear":2013},"geometry":{"type":"Point","coordinates":[126.91641038,37.52352031]}},{"type":"Feature","id":"street-218535","properties":{"id":"street-218535","dataset":"street","gu":"영등포구","species":"은행나무","heightM":8.0,"crownWidthM":4.0,"rawHeight":8.0,"rawCrownWidth":4.0,"quality":"valid","sourceYear":2013},"geometry":{"type":"Point","coordinates":[126.91918844,37.52092824]}},{"type":"Feature","id":"street-218537","properties":{"id":"street-218537","dataset":"street","gu":"영등포구","species":"양버즘나무","heightM":7.0,"crownWidthM":3.0,"rawHeight":7.0,"rawCrownWidth":3.0,"quality":"valid","sourceYear":2013},"geometry":{"type":"Point","coordinates":[126.91233552,37.52114966]}},{"type":"Feature","id":"street-219263","properties":{"id":"street-219263","dataset":"street","gu":"영등포구","species":"양버즘나무","heightM":7.0,"crownWidthM":2.0,"rawHeight":7.0,"rawCrownWidth":2.0,"quality":"valid","sourceYear":2013},"geometry":{"type":"Point","coordinates":[126.91180107,37.52197361]}},{"type":"Feature","id":"street-219987","properties":{"id":"street-219987","dataset":"street","gu":"영등포구","species":"양버즘나무","heightM":6.0,"crownWidthM":2.0,"rawHeight":6.0,"rawCrownWidth":2.0,"quality":"valid","sourceYear":2013},"geometry":{"type":"Point","coordinates":[126.91047437,37.52388713]}},{"type":"Feature","id":"street-220356","properties":{"id":"street-220356","dataset":"street","gu":"영등포구","species":"은행나무","heightM":9.0,"crownWidthM":3.0,"rawHeight":9.0,"rawCrownWidth":3.0,"quality":"valid","sourceYear":2013},"geometry":{"type":"Point","coordinates":[126.91797839,37.52548496]}},{"type":"Feature","id":"street-220725","properties":{"id":"street-220725","dataset":"street","gu":"영등포구","species":"벚나무","heightM":7.0,"crownWidthM":6.0,"rawHeight":7.0,"rawCrownWidth":6.0,"quality":"valid","sourceYear":2013},"geometry":{"type":"Point","coordinates":[126.91531879,37.52417875]}},{"type":"Feature","id":"street-221089","properties":{"id":"street-221089","dataset":"street","gu":"영등포구","species":"은행나무","heightM":9.0,"crownWidthM":4.0,"rawHeight":9.0,"rawCrownWidth":4.0,"quality":"valid","sourceYear":2013},"geometry":{"type":"Point","coordinates":[126.91609878,37.52740093]}},{"type":"Feature","id":"street-236547","properties":{"id":"street-236547","dataset":"street","gu":"영등포구","species":"은행나무","heightM":8.0,"crownWidthM":5.0,"rawHeight":8.0,"rawCrownWidth":5.0,"quality":"valid","sourceYear":2013},"geometry":{"type":"Point","coordinates":[126.91954277,37.52571749]}},{"type":"Feature","id":"street-236912","properties":{"id":"street-236912","dataset":"street","gu":"영등포구","species":"은행나무","heightM":8.0,"crownWidthM":4.0,"rawHeight":8.0,"rawCrownWidth":4.0,"quality":"valid","sourceYear":2013},"geometry":{"type":"Point","coordinates":[126.91747123,37.52600619]}},{"type":"Feature","id":"street-236915","properties":{"id":"street-236915","dataset":"street","gu":"영등포구","species":"은행나무","heightM":6.0,"crownWidthM":3.0,"rawHeight":6.0,"rawCrownWidth":3.0,"quality":"valid","sourceYear":2013},"geometry":{"type":"Point","coordinates":[126.91924396,37.52739458]}},{"type":"Feature","id":"street-236925","properties":{"id":"street-236925","dataset":"street","gu":"영등포구","species":"은행나무","heightM":9.0,"crownWidthM":4.0,"rawHeight":9.0,"rawCrownWidth":4.0,"quality":"valid","sourceYear":2013},"geometry":{"type":"Point","coordinates":[126.91557189,37.52703373]}},{"type":"Feature","id":"street-236943","properties":{"id":"street-236943","dataset":"street","gu":"영등포구","species":"은행나무","heightM":9.0,"crownWidthM":4.0,"rawHeight":9.0,"rawCrownWidth":4.0,"quality":"valid","sourceYear":2013},"geometry":{"type":"Point","coordinates":[126.91593133,37.5281328]}},{"type":"Feature","id":"street-237301","properties":{"id":"street-237301","dataset":"street","gu":"영등포구","species":"은행나무","heightM":9.0,"crownWidthM":6.0,"rawHeight":9.0,"rawCrownWidth":6.0,"quality":"valid","sourceYear":2013},"geometry":{"type":"Point","coordinates":[126.91970644,37.52692814]}},{"type":"Feature","id":"street-237647","properties":{"id":"street-237647","dataset":"street","gu":"영등포구","species":"은행나무","heightM":9.0,"crownWidthM":6.0,"rawHeight":9.0,"rawCrownWidth":6.0,"quality":"valid","sourceYear":2013},"geometry":{"type":"Point","coordinates":[126.91859369,37.52634593]}},{"type":"Feature","id":"street-237650","properties":{"id":"street-237650","dataset":"street","gu":"영등포구","species":"은행나무","heightM":9.0,"crownWidthM":3.0,"rawHeight":9.0,"rawCrownWidth":3.0,"quality":"valid","sourceYear":2013},"geometry":{"type":"Point","coordinates":[126.91511984,37.52762097]}},{"type":"Feature","id":"street-237670","properties":{"id":"street-237670","dataset":"street","gu":"영등포구","species":"벚나무","heightM":5.0,"crownWidthM":1.0,"rawHeight":5.0,"rawCrownWidth":1.0,"quality":"valid","sourceYear":2013},"geometry":{"type":"Point","coordinates":[126.91602938,37.52351417]}},{"type":"Feature","id":"street-237671","properties":{"id":"street-237671","dataset":"street","gu":"영등포구","species":"은행나무","heightM":8.0,"crownWidthM":4.0,"rawHeight":8.0,"rawCrownWidth":4.0,"quality":"valid","sourceYear":2013},"geometry":{"type":"Point","coordinates":[126.91971132,37.5218315]}},{"type":"Feature","id":"street-237682","properties":{"id":"street-237682","dataset":"street","gu":"영등포구","species":"은행나무","heightM":8.0,"crownWidthM":4.0,"rawHeight":8.0,"rawCrownWidth":4.0,"quality":"valid","sourceYear":2013},"geometry":{"type":"Point","coordinates":[126.91948423,37.5257872]}},{"type":"Feature","id":"street-238008","properties":{"id":"street-238008","dataset":"street","gu":"영등포구","species":"양버즘나무","heightM":8.0,"crownWidthM":3.0,"rawHeight":8.0,"rawCrownWidth":3.0,"quality":"valid","sourceYear":2013},"geometry":{"type":"Point","coordinates":[126.91245195,37.5204089]}},{"type":"Feature","id":"street-238016","properties":{"id":"street-238016","dataset":"street","gu":"영등포구","species":"은행나무","heightM":9.0,"crownWidthM":2.0,"rawHeight":9.0,"rawCrownWidth":2.0,"quality":"valid","sourceYear":2013},"geometry":{"type":"Point","coordinates":[126.91655523,37.52361084]}},{"type":"Feature","id":"street-238030","properties":{"id":"street-238030","dataset":"street","gu":"영등포구","species":"은행나무","heightM":7.0,"crownWidthM":2.0,"rawHeight":7.0,"rawCrownWidth":2.0,"quality":"valid","sourceYear":2013},"geometry":{"type":"Point","coordinates":[126.91997679,37.52156798]}},{"type":"Feature","id":"street-238032","properties":{"id":"street-238032","dataset":"street","gu":"영등포구","species":"은행나무","heightM":8.0,"crownWidthM":4.0,"rawHeight":8.0,"rawCrownWidth":4.0,"quality":"valid","sourceYear":2013},"geometry":{"type":"Point","coordinates":[126.9186064,37.52667582]}},{"type":"Feature","id":"street-238034","properties":{"id":"street-238034","dataset":"street","gu":"영등포구","species":"은행나무","heightM":7.0,"crownWidthM":3.0,"rawHeight":7.0,"rawCrownWidth":3.0,"quality":"valid","sourceYear":2013},"geometry":{"type":"Point","coordinates":[126.91140852,37.52221039]}},{"type":"Feature","id":"street-238371","properties":{"id":"street-238371","dataset":"street","gu":"영등포구","species":"벚나무","heightM":7.0,"crownWidthM":4.0,"rawHeight":7.0,"rawCrownWidth":4.0,"quality":"valid","sourceYear":2013},"geometry":{"type":"Point","coordinates":[126.9143293,37.52561392]}},{"type":"Feature","id":"street-238373","properties":{"id":"street-238373","dataset":"street","gu":"영등포구","species":"은행나무","heightM":9.0,"crownWidthM":5.0,"rawHeight":9.0,"rawCrownWidth":5.0,"quality":"valid","sourceYear":2013},"geometry":{"type":"Point","coordinates":[126.91761881,37.5276806]}},{"type":"Feature","id":"street-238377","properties":{"id":"street-238377","dataset":"street","gu":"영등포구","species":"은행나무","heightM":7.0,"crownWidthM":3.0,"rawHeight":7.0,"rawCrownWidth":3.0,"quality":"valid","sourceYear":2013},"geometry":{"type":"Point","coordinates":[126.91789807,37.5297901]}},{"type":"Feature","id":"street-238400","properties":{"id":"street-238400","dataset":"street","gu":"영등포구","species":"벚나무","heightM":8.0,"crownWidthM":7.0,"rawHeight":8.0,"rawCrownWidth":7.0,"quality":"valid","sourceYear":2013},"geometry":{"type":"Point","coordinates":[126.91302623,37.5278134]}},{"type":"Feature","id":"street-238405","properties":{"id":"street-238405","dataset":"street","gu":"영등포구","species":"은행나무","heightM":8.0,"crownWidthM":3.0,"rawHeight":8.0,"rawCrownWidth":3.0,"quality":"valid","sourceYear":2013},"geometry":{"type":"Point","coordinates":[126.9167314,37.52372009]}},{"type":"Feature","id":"street-238415","properties":{"id":"street-238415","dataset":"street","gu":"영등포구","species":"벚나무","heightM":6.0,"crownWidthM":4.0,"rawHeight":6.0,"rawCrownWidth":4.0,"quality":"valid","sourceYear":2013},"geometry":{"type":"Point","coordinates":[126.91615235,37.52296344]}},{"type":"Feature","id":"street-238753","properties":{"id":"street-238753","dataset":"street","gu":"영등포구","species":"은행나무","heightM":8.0,"crownWidthM":2.0,"rawHeight":8.0,"rawCrownWidth":2.0,"quality":"valid","sourceYear":2013},"geometry":{"type":"Point","coordinates":[126.91657359,37.5285485]}},{"type":"Feature","id":"street-238775","properties":{"id":"street-238775","dataset":"street","gu":"영등포구","species":"양버즘나무","heightM":7.0,"crownWidthM":2.0,"rawHeight":7.0,"rawCrownWidth":2.0,"quality":"valid","sourceYear":2013},"geometry":{"type":"Point","coordinates":[126.91142108,37.52251586]}},{"type":"Feature","id":"street-238778","properties":{"id":"street-238778","dataset":"street","gu":"영등포구","species":"벚나무","heightM":6.0,"crownWidthM":3.0,"rawHeight":6.0,"rawCrownWidth":3.0,"quality":"valid","sourceYear":2013},"geometry":{"type":"Point","coordinates":[126.91467723,37.52552936]}},{"type":"Feature","id":"street-239126","properties":{"id":"street-239126","dataset":"street","gu":"영등포구","species":"은행나무","heightM":9.0,"crownWidthM":4.0,"rawHeight":9.0,"rawCrownWidth":4.0,"quality":"valid","sourceYear":2013},"geometry":{"type":"Point","coordinates":[126.91637679,37.52712225]}},{"type":"Feature","id":"street-251339","properties":{"id":"street-251339","dataset":"street","gu":"영등포구","species":"양버즘나무","heightM":6.0,"crownWidthM":2.0,"rawHeight":6.0,"rawCrownWidth":2.0,"quality":"valid","sourceYear":2013},"geometry":{"type":"Point","coordinates":[126.91111838,37.52296102]}},{"type":"Feature","id":"street-251358","properties":{"id":"street-251358","dataset":"street","gu":"영등포구","species":"은행나무","heightM":6.0,"crownWidthM":3.0,"rawHeight":6.0,"rawCrownWidth":3.0,"quality":"valid","sourceYear":2013},"geometry":{"type":"Point","coordinates":[126.9144663,37.52616391]}},{"type":"Feature","id":"street-251371","properties":{"id":"street-251371","dataset":"street","gu":"영등포구","species":"벚나무","heightM":6.0,"crownWidthM":3.0,"rawHeight":6.0,"rawCrownWidth":3.0,"quality":"valid","sourceYear":2013},"geometry":{"type":"Point","coordinates":[126.91476777,37.52538534]}},{"type":"Feature","id":"street-251373","properties":{"id":"street-251373","dataset":"street","gu":"영등포구","species":"벚나무","heightM":8.0,"crownWidthM":8.0,"rawHeight":8.0,"rawCrownWidth":8.0,"quality":"valid","sourceYear":2013},"geometry":{"type":"Point","coordinates":[126.91275128,37.52842198]}},{"type":"Feature","id":"street-251379","properties":{"id":"street-251379","dataset":"street","gu":"영등포구","species":"은행나무","heightM":8.0,"crownWidthM":4.0,"rawHeight":8.0,"rawCrownWidth":4.0,"quality":"valid","sourceYear":2013},"geometry":{"type":"Point","coordinates":[126.91894082,37.52769902]}},{"type":"Feature","id":"street-251690","properties":{"id":"street-251690","dataset":"street","gu":"영등포구","species":"은행나무","heightM":8.0,"crownWidthM":4.0,"rawHeight":8.0,"rawCrownWidth":4.0,"quality":"valid","sourceYear":2013},"geometry":{"type":"Point","coordinates":[126.91773716,37.52604117]}},{"type":"Feature","id":"street-251708","properties":{"id":"street-251708","dataset":"street","gu":"영등포구","species":"벚나무","heightM":6.0,"crownWidthM":4.0,"rawHeight":6.0,"rawCrownWidth":4.0,"quality":"valid","sourceYear":2013},"geometry":{"type":"Point","coordinates":[126.91506003,37.52455722]}},{"type":"Feature","id":"street-251717","properties":{"id":"street-251717","dataset":"street","gu":"영등포구","species":"느티나무","heightM":7.0,"crownWidthM":4.0,"rawHeight":7.0,"rawCrownWidth":4.0,"quality":"valid","sourceYear":2013},"geometry":{"type":"Point","coordinates":[126.91277514,37.52889088]}},{"type":"Feature","id":"street-252050","properties":{"id":"street-252050","dataset":"street","gu":"영등포구","species":"은행나무","heightM":8.0,"crownWidthM":4.0,"rawHeight":8.0,"rawCrownWidth":4.0,"quality":"valid","sourceYear":2013},"geometry":{"type":"Point","coordinates":[126.9194846,37.52111235]}},{"type":"Feature","id":"street-252067","properties":{"id":"street-252067","dataset":"street","gu":"영등포구","species":"은행나무","heightM":9.0,"crownWidthM":3.0,"rawHeight":9.0,"rawCrownWidth":3.0,"quality":"valid","sourceYear":2013},"geometry":{"type":"Point","coordinates":[126.91917248,37.52211041]}},{"type":"Feature","id":"street-252082","properties":{"id":"street-252082","dataset":"street","gu":"영등포구","species":"벚나무","heightM":6.0,"crownWidthM":5.0,"rawHeight":6.0,"rawCrownWidth":5.0,"quality":"valid","sourceYear":2013},"geometry":{"type":"Point","coordinates":[126.91394363,37.52624102]}},{"type":"Feature","id":"street-252422","properties":{"id":"street-252422","dataset":"street","gu":"영등포구","species":"벚나무","heightM":5.0,"crownWidthM":2.0,"rawHeight":5.0,"rawCrownWidth":2.0,"quality":"valid","sourceYear":2013},"geometry":{"type":"Point","coordinates":[126.91600102,37.52355626]}},{"type":"Feature","id":"street-252424","properties":{"id":"street-252424","dataset":"street","gu":"영등포구","species":"은행나무","heightM":8.0,"crownWidthM":3.0,"rawHeight":8.0,"rawCrownWidth":3.0,"quality":"valid","sourceYear":2013},"geometry":{"type":"Point","coordinates":[126.91384972,37.52726341]}},{"type":"Feature","id":"street-252430","properties":{"id":"street-252430","dataset":"street","gu":"영등포구","species":"벚나무","heightM":5.0,"crownWidthM":3.0,"rawHeight":5.0,"rawCrownWidth":3.0,"quality":"valid","sourceYear":2013},"geometry":{"type":"Point","coordinates":[126.9155726,37.52419444]}},{"type":"Feature","id":"street-252432","properties":{"id":"street-252432","dataset":"street","gu":"영등포구","species":"양버즘나무","heightM":8.0,"crownWidthM":3.0,"rawHeight":8.0,"rawCrownWidth":3.0,"quality":"valid","sourceYear":2013},"geometry":{"type":"Point","coordinates":[126.91276083,37.5201104]}},{"type":"Feature","id":"street-252448","properties":{"id":"street-252448","dataset":"street","gu":"영등포구","species":"벚나무","heightM":7.0,"crownWidthM":2.0,"rawHeight":7.0,"rawCrownWidth":2.0,"quality":"valid","sourceYear":2013},"geometry":{"type":"Point","coordinates":[126.913031,37.5277364]}},{"type":"Feature","id":"street-254110","properties":{"id":"street-254110","dataset":"street","gu":"영등포구","species":"은행나무","heightM":8.0,"crownWidthM":4.0,"rawHeight":8.0,"rawCrownWidth":4.0,"quality":"valid","sourceYear":2013},"geometry":{"type":"Point","coordinates":[126.91942605,37.52107662]}},{"type":"Feature","id":"street-254127","properties":{"id":"street-254127","dataset":"street","gu":"영등포구","species":"벚나무","heightM":8.0,"crownWidthM":8.0,"rawHeight":8.0,"rawCrownWidth":8.0,"quality":"valid","sourceYear":2013},"geometry":{"type":"Point","coordinates":[126.91221819,37.52962029]}},{"type":"Feature","id":"street-254134","properties":{"id":"street-254134","dataset":"street","gu":"영등포구","species":"벚나무","heightM":6.0,"crownWidthM":4.0,"rawHeight":6.0,"rawCrownWidth":4.0,"quality":"valid","sourceYear":2013},"geometry":{"type":"Point","coordinates":[126.91442714,37.52546743]}},{"type":"Feature","id":"street-254467","properties":{"id":"street-254467","dataset":"street","gu":"영등포구","species":"은행나무","heightM":7.0,"crownWidthM":2.0,"rawHeight":7.0,"rawCrownWidth":2.0,"quality":"valid","sourceYear":2013},"geometry":{"type":"Point","coordinates":[126.91716525,37.52813943]}},{"type":"Feature","id":"street-254499","properties":{"id":"street-254499","dataset":"street","gu":"영등포구","species":"느티나무","heightM":7.0,"crownWidthM":4.0,"rawHeight":7.0,"rawCrownWidth":4.0,"quality":"valid","sourceYear":2013},"geometry":{"type":"Point","coordinates":[126.91285624,37.52869802]}},{"type":"Feature","id":"street-254500","properties":{"id":"street-254500","dataset":"street","gu":"영등포구","species":"벚나무","heightM":6.0,"crownWidthM":7.0,"rawHeight":6.0,"rawCrownWidth":7.0,"quality":"valid","sourceYear":2013},"geometry":{"type":"Point","coordinates":[126.91809597,37.52045247]}},{"type":"Feature","id":"street-254851","properties":{"id":"street-254851","dataset":"street","gu":"영등포구","species":"벚나무","heightM":6.0,"crownWidthM":3.0,"rawHeight":6.0,"rawCrownWidth":3.0,"quality":"valid","sourceYear":2013},"geometry":{"type":"Point","coordinates":[126.91550118,37.52430394]}},{"type":"Feature","id":"street-254854","properties":{"id":"street-254854","dataset":"street","gu":"영등포구","species":"벚나무","heightM":7.0,"crownWidthM":5.0,"rawHeight":7.0,"rawCrownWidth":5.0,"quality":"valid","sourceYear":2013},"geometry":{"type":"Point","coordinates":[126.91414516,37.52587486]}},{"type":"Feature","id":"street-254855","properties":{"id":"street-254855","dataset":"street","gu":"영등포구","species":"느티나무","heightM":6.0,"crownWidthM":3.0,"rawHeight":6.0,"rawCrownWidth":3.0,"quality":"valid","sourceYear":2013},"geometry":{"type":"Point","coordinates":[126.91358097,37.52722336]}},{"type":"Feature","id":"street-255216","properties":{"id":"street-255216","dataset":"street","gu":"영등포구","species":"벚나무","heightM":7.0,"crownWidthM":5.0,"rawHeight":7.0,"rawCrownWidth":5.0,"quality":"valid","sourceYear":2013},"geometry":{"type":"Point","coordinates":[126.9128315,37.52822214]}},{"type":"Feature","id":"street-255225","properties":{"id":"street-255225","dataset":"street","gu":"영등포구","species":"벚나무","heightM":5.0,"crownWidthM":5.0,"rawHeight":5.0,"rawCrownWidth":5.0,"quality":"valid","sourceYear":2013},"geometry":{"type":"Point","coordinates":[126.91472633,37.52507828]}},{"type":"Feature","id":"street-255555","properties":{"id":"street-255555","dataset":"street","gu":"영등포구","species":"느티나무","heightM":6.0,"crownWidthM":3.0,"rawHeight":6.0,"rawCrownWidth":3.0,"quality":"valid","sourceYear":2013},"geometry":{"type":"Point","coordinates":[126.9126797,37.52914046]}},{"type":"Feature","id":"street-255556","properties":{"id":"street-255556","dataset":"street","gu":"영등포구","species":"은행나무","heightM":8.0,"crownWidthM":6.0,"rawHeight":8.0,"rawCrownWidth":6.0,"quality":"valid","sourceYear":2013},"geometry":{"type":"Point","coordinates":[126.91845972,37.52171354]}},{"type":"Feature","id":"street-255583","properties":{"id":"street-255583","dataset":"street","gu":"영등포구","species":"벚나무","heightM":5.0,"crownWidthM":2.0,"rawHeight":5.0,"rawCrownWidth":2.0,"quality":"valid","sourceYear":2013},"geometry":{"type":"Point","coordinates":[126.91511553,37.52488159]}},{"type":"Feature","id":"street-255584","properties":{"id":"street-255584","dataset":"street","gu":"영등포구","species":"벚나무","heightM":5.0,"crownWidthM":1.0,"rawHeight":5.0,"rawCrownWidth":1.0,"quality":"valid","sourceYear":2013},"geometry":{"type":"Point","coordinates":[126.91713125,37.52229124]}},{"type":"Feature","id":"street-255911","properties":{"id":"street-255911","dataset":"street","gu":"영등포구","species":"벚나무","heightM":5.0,"crownWidthM":1.0,"rawHeight":5.0,"rawCrownWidth":1.0,"quality":"valid","sourceYear":2013},"geometry":{"type":"Point","coordinates":[126.91592491,37.52367343]}},{"type":"Feature","id":"street-255923","properties":{"id":"street-255923","dataset":"street","gu":"영등포구","species":"은행나무","heightM":8.0,"crownWidthM":3.0,"rawHeight":8.0,"rawCrownWidth":3.0,"quality":"valid","sourceYear":2013},"geometry":{"type":"Point","coordinates":[126.91736703,37.52610823]}},{"type":"Feature","id":"street-255926","properties":{"id":"street-255926","dataset":"street","gu":"영등포구","species":"은행나무","heightM":6.0,"crownWidthM":5.0,"rawHeight":6.0,"rawCrownWidth":5.0,"quality":"valid","sourceYear":2013},"geometry":{"type":"Point","coordinates":[126.91940424,37.52225676]}},{"type":"Feature","id":"street-255936","properties":{"id":"street-255936","dataset":"street","gu":"영등포구","species":"벚나무","heightM":7.0,"crownWidthM":8.0,"rawHeight":7.0,"rawCrownWidth":8.0,"quality":"valid","sourceYear":2013},"geometry":{"type":"Point","coordinates":[126.91239016,37.52915701]}},{"type":"Feature","id":"street-255939","properties":{"id":"street-255939","dataset":"street","gu":"영등포구","species":"양버즘나무","heightM":8.0,"crownWidthM":3.0,"rawHeight":8.0,"rawCrownWidth":3.0,"quality":"valid","sourceYear":2013},"geometry":{"type":"Point","coordinates":[126.91246704,37.5203134]}},{"type":"Feature","id":"street-256281","properties":{"id":"street-256281","dataset":"street","gu":"영등포구","species":"벚나무","heightM":6.0,"crownWidthM":2.0,"rawHeight":6.0,"rawCrownWidth":2.0,"quality":"valid","sourceYear":2013},"geometry":{"type":"Point","coordinates":[126.91569832,37.52360417]}},{"type":"Feature","id":"street-256306","properties":{"id":"street-256306","dataset":"street","gu":"영등포구","species":"벚나무","heightM":6.0,"crownWidthM":4.0,"rawHeight":6.0,"rawCrownWidth":4.0,"quality":"valid","sourceYear":2013},"geometry":{"type":"Point","coordinates":[126.91847953,37.52028966]}},{"type":"Feature","id":"street-256307","properties":{"id":"street-256307","dataset":"street","gu":"영등포구","species":"벚나무","heightM":6.0,"crownWidthM":2.0,"rawHeight":6.0,"rawCrownWidth":2.0,"quality":"valid","sourceYear":2013},"geometry":{"type":"Point","coordinates":[126.91719798,37.52226277]}},{"type":"Feature","id":"street-256632","properties":{"id":"street-256632","dataset":"street","gu":"영등포구","species":"은행나무","heightM":8.0,"crownWidthM":4.0,"rawHeight":8.0,"rawCrownWidth":4.0,"quality":"valid","sourceYear":2013},"geometry":{"type":"Point","coordinates":[126.91597664,37.5285961]}},{"type":"Feature","id":"street-257001","properties":{"id":"street-257001","dataset":"street","gu":"영등포구","species":"은행나무","heightM":8.0,"crownWidthM":3.0,"rawHeight":8.0,"rawCrownWidth":3.0,"quality":"valid","sourceYear":2013},"geometry":{"type":"Point","coordinates":[126.91976017,37.52110959]}},{"type":"Feature","id":"street-257014","properties":{"id":"street-257014","dataset":"street","gu":"영등포구","species":"벚나무","heightM":6.0,"crownWidthM":2.0,"rawHeight":6.0,"rawCrownWidth":2.0,"quality":"valid","sourceYear":2013},"geometry":{"type":"Point","coordinates":[126.91661101,37.52226386]}},{"type":"Feature","id":"park-private-92958","properties":{"id":"park-private-92958","dataset":"park-private","gu":"영등포구","species":"양버즘나무","heightM":7.0,"crownWidthM":5.0,"rawHeight":7.0,"rawCrownWidth":5.0,"quality":"valid","sourceYear":2013},"geometry":{"type":"Point","coordinates":[126.91892734,37.52049075]}},{"type":"Feature","id":"park-private-93032","properties":{"id":"park-private-93032","dataset":"park-private","gu":"영등포구","species":"벚나무","heightM":5.0,"crownWidthM":4.0,"rawHeight":5.0,"rawCrownWidth":4.0,"quality":"valid","sourceYear":2013},"geometry":{"type":"Point","coordinates":[126.91913111,37.52628274]}},{"type":"Feature","id":"park-private-93040","properties":{"id":"park-private-93040","dataset":"park-private","gu":"영등포구","species":"소나무","heightM":11.0,"crownWidthM":4.0,"rawHeight":11.0,"rawCrownWidth":4.0,"quality":"valid","sourceYear":2013},"geometry":{"type":"Point","coordinates":[126.91904078,37.52433978]}},{"type":"Feature","id":"park-private-93053","properties":{"id":"park-private-93053","dataset":"park-private","gu":"영등포구","species":"소나무","heightM":8.0,"crownWidthM":5.0,"rawHeight":8.0,"rawCrownWidth":5.0,"quality":"valid","sourceYear":2013},"geometry":{"type":"Point","coordinates":[126.91814623,37.52270275]}},{"type":"Feature","id":"park-private-93054","properties":{"id":"park-private-93054","dataset":"park-private","gu":"영등포구","species":"은행나무","heightM":10.0,"crownWidthM":4.0,"rawHeight":10.0,"rawCrownWidth":4.0,"quality":"valid","sourceYear":2013},"geometry":{"type":"Point","coordinates":[126.91981698,37.52337325]}},{"type":"Feature","id":"park-private-93105","properties":{"id":"park-private-93105","dataset":"park-private","gu":"영등포구","species":"소나무","heightM":7.0,"crownWidthM":5.0,"rawHeight":7.0,"rawCrownWidth":5.0,"quality":"valid","sourceYear":2013},"geometry":{"type":"Point","coordinates":[126.91921933,37.52502343]}},{"type":"Feature","id":"park-private-93117","properties":{"id":"park-private-93117","dataset":"park-private","gu":"영등포구","species":"양버즘나무","heightM":10.0,"crownWidthM":6.0,"rawHeight":10.0,"rawCrownWidth":6.0,"quality":"valid","sourceYear":2013},"geometry":{"type":"Point","coordinates":[126.91920586,37.52037649]}},{"type":"Feature","id":"park-private-93120","properties":{"id":"park-private-93120","dataset":"park-private","gu":"영등포구","species":"목련","heightM":8.0,"crownWidthM":5.0,"rawHeight":8.0,"rawCrownWidth":5.0,"quality":"valid","sourceYear":2013},"geometry":{"type":"Point","coordinates":[126.91316845,37.52000774]}},{"type":"Feature","id":"park-private-93124","properties":{"id":"park-private-93124","dataset":"park-private","gu":"영등포구","species":"소나무","heightM":6.0,"crownWidthM":5.0,"rawHeight":6.0,"rawCrownWidth":5.0,"quality":"valid","sourceYear":2013},"geometry":{"type":"Point","coordinates":[126.91910814,37.52334861]}},{"type":"Feature","id":"park-private-93138","properties":{"id":"park-private-93138","dataset":"park-private","gu":"영등포구","species":"벚나무","heightM":5.0,"crownWidthM":6.0,"rawHeight":5.0,"rawCrownWidth":6.0,"quality":"valid","sourceYear":2013},"geometry":{"type":"Point","coordinates":[126.91517784,37.52432652]}},{"type":"Feature","id":"park-private-93209","properties":{"id":"park-private-93209","dataset":"park-private","gu":"영등포구","species":"소나무","heightM":8.0,"crownWidthM":5.0,"rawHeight":8.0,"rawCrownWidth":5.0,"quality":"valid","sourceYear":2013},"geometry":{"type":"Point","coordinates":[126.91742788,37.52276648]}},{"type":"Feature","id":"park-private-93212","properties":{"id":"park-private-93212","dataset":"park-private","gu":"영등포구","species":"느티나무","heightM":6.0,"crownWidthM":6.0,"rawHeight":6.0,"rawCrownWidth":6.0,"quality":"valid","sourceYear":2013},"geometry":{"type":"Point","coordinates":[126.91959,37.52355516]}},{"type":"Feature","id":"park-private-93251","properties":{"id":"park-private-93251","dataset":"park-private","gu":"영등포구","species":"소나무","heightM":8.0,"crownWidthM":5.0,"rawHeight":8.0,"rawCrownWidth":5.0,"quality":"valid","sourceYear":2013},"geometry":{"type":"Point","coordinates":[126.9177314,37.52274261]}},{"type":"Feature","id":"park-private-93258","properties":{"id":"park-private-93258","dataset":"park-private","gu":"영등포구","species":"벚나무","heightM":9.0,"crownWidthM":7.0,"rawHeight":9.0,"rawCrownWidth":7.0,"quality":"valid","sourceYear":2013},"geometry":{"type":"Point","coordinates":[126.91806541,37.52264636]}},{"type":"Feature","id":"park-private-93259","properties":{"id":"park-private-93259","dataset":"park-private","gu":"영등포구","species":"소나무","heightM":8.0,"crownWidthM":5.0,"rawHeight":8.0,"rawCrownWidth":5.0,"quality":"valid","sourceYear":2013},"geometry":{"type":"Point","coordinates":[126.91740754,37.52282278]}},{"type":"Feature","id":"park-private-93270","properties":{"id":"park-private-93270","dataset":"park-private","gu":"영등포구","species":"벚나무","heightM":6.0,"crownWidthM":6.0,"rawHeight":6.0,"rawCrownWidth":6.0,"quality":"valid","sourceYear":2013},"geometry":{"type":"Point","coordinates":[126.91281908,37.52021205]}},{"type":"Feature","id":"park-private-93329","properties":{"id":"park-private-93329","dataset":"park-private","gu":"영등포구","species":"목련","heightM":7.0,"crownWidthM":6.0,"rawHeight":7.0,"rawCrownWidth":6.0,"quality":"valid","sourceYear":2013},"geometry":{"type":"Point","coordinates":[126.91829263,37.5271901]}},{"type":"Feature","id":"park-private-93375","properties":{"id":"park-private-93375","dataset":"park-private","gu":"영등포구","species":"소나무","heightM":11.0,"crownWidthM":4.0,"rawHeight":11.0,"rawCrownWidth":4.0,"quality":"valid","sourceYear":2013},"geometry":{"type":"Point","coordinates":[126.91933542,37.52455768]}},{"type":"Feature","id":"park-private-93391","properties":{"id":"park-private-93391","dataset":"park-private","gu":"영등포구","species":"소나무","heightM":11.0,"crownWidthM":4.0,"rawHeight":11.0,"rawCrownWidth":4.0,"quality":"valid","sourceYear":2013},"geometry":{"type":"Point","coordinates":[126.9195296,37.52471266]}},{"type":"Feature","id":"park-private-93402","properties":{"id":"park-private-93402","dataset":"park-private","gu":"영등포구","species":"산수유","heightM":5.0,"crownWidthM":5.0,"rawHeight":5.0,"rawCrownWidth":5.0,"quality":"valid","sourceYear":2013},"geometry":{"type":"Point","coordinates":[126.91884933,37.52314215]}},{"type":"Feature","id":"park-private-93403","properties":{"id":"park-private-93403","dataset":"park-private","gu":"영등포구","species":"느티나무","heightM":6.0,"crownWidthM":6.0,"rawHeight":6.0,"rawCrownWidth":6.0,"quality":"valid","sourceYear":2013},"geometry":{"type":"Point","coordinates":[126.91953969,37.52352075]}},{"type":"Feature","id":"park-private-93406","properties":{"id":"park-private-93406","dataset":"park-private","gu":"영등포구","species":"벚나무","heightM":5.0,"crownWidthM":6.0,"rawHeight":5.0,"rawCrownWidth":6.0,"quality":"valid","sourceYear":2013},"geometry":{"type":"Point","coordinates":[126.91532937,37.52410386]}},{"type":"Feature","id":"park-private-93408","properties":{"id":"park-private-93408","dataset":"park-private","gu":"영등포구","species":"양버즘나무","heightM":10.0,"crownWidthM":6.0,"rawHeight":10.0,"rawCrownWidth":6.0,"quality":"valid","sourceYear":2013},"geometry":{"type":"Point","coordinates":[126.91907571,37.52029771]}},{"type":"Feature","id":"park-private-93426","properties":{"id":"park-private-93426","dataset":"park-private","gu":"영등포구","species":"느릅나무","heightM":7.0,"crownWidthM":5.0,"rawHeight":7.0,"rawCrownWidth":5.0,"quality":"valid","sourceYear":2013},"geometry":{"type":"Point","coordinates":[126.91712253,37.5229718]}},{"type":"Feature","id":"park-private-93428","properties":{"id":"park-private-93428","dataset":"park-private","gu":"영등포구","species":"은행나무","heightM":10.0,"crownWidthM":5.0,"rawHeight":10.0,"rawCrownWidth":5.0,"quality":"valid","sourceYear":2013},"geometry":{"type":"Point","coordinates":[126.91734696,37.52641594]}},{"type":"Feature","id":"park-private-93431","properties":{"id":"park-private-93431","dataset":"park-private","gu":"영등포구","species":"느티나무","heightM":7.0,"crownWidthM":8.0,"rawHeight":7.0,"rawCrownWidth":8.0,"quality":"valid","sourceYear":2013},"geometry":{"type":"Point","coordinates":[126.91739383,37.52775062]}},{"type":"Feature","id":"park-private-93449","properties":{"id":"park-private-93449","dataset":"park-private","gu":"영등포구","species":"느티나무","heightM":5.0,"crownWidthM":6.0,"rawHeight":5.0,"rawCrownWidth":6.0,"quality":"valid","sourceYear":2013},"geometry":{"type":"Point","coordinates":[126.91994544,37.52614527]}},{"type":"Feature","id":"park-private-93452","properties":{"id":"park-private-93452","dataset":"park-private","gu":"영등포구","species":"느티나무","heightM":8.0,"crownWidthM":9.0,"rawHeight":8.0,"rawCrownWidth":9.0,"quality":"valid","sourceYear":2013},"geometry":{"type":"Point","coordinates":[126.91901117,37.52617291]}},{"type":"Feature","id":"park-private-93453","properties":{"id":"park-private-93453","dataset":"park-private","gu":"영등포구","species":"메타세쿼이아","heightM":10.0,"crownWidthM":7.0,"rawHeight":10.0,"rawCrownWidth":7.0,"quality":"valid","sourceYear":2013},"geometry":{"type":"Point","coordinates":[126.91624638,37.52364838]}},{"type":"Feature","id":"park-private-93466","properties":{"id":"park-private-93466","dataset":"park-private","gu":"영등포구","species":"느티나무","heightM":5.0,"crownWidthM":4.0,"rawHeight":5.0,"rawCrownWidth":4.0,"quality":"valid","sourceYear":2013},"geometry":{"type":"Point","coordinates":[126.9191087,37.52945719]}},{"type":"Feature","id":"park-private-93475","properties":{"id":"park-private-93475","dataset":"park-private","gu":"영등포구","species":"가중나무","heightM":9.0,"crownWidthM":4.0,"rawHeight":9.0,"rawCrownWidth":4.0,"quality":"valid","sourceYear":2013},"geometry":{"type":"Point","coordinates":[126.91263722,37.52064884]}},{"type":"Feature","id":"park-private-93477","properties":{"id":"park-private-93477","dataset":"park-private","gu":"영등포구","species":"양버즘나무","heightM":10.0,"crownWidthM":6.0,"rawHeight":10.0,"rawCrownWidth":6.0,"quality":"valid","sourceYear":2013},"geometry":{"type":"Point","coordinates":[126.91402566,37.5206041]}},{"type":"Feature","id":"park-private-93505","properties":{"id":"park-private-93505","dataset":"park-private","gu":"영등포구","species":"은행나무","heightM":8.0,"crownWidthM":5.0,"rawHeight":8.0,"rawCrownWidth":5.0,"quality":"valid","sourceYear":2013},"geometry":{"type":"Point","coordinates":[126.91989192,37.52008876]}},{"type":"Feature","id":"park-private-93532","properties":{"id":"park-private-93532","dataset":"park-private","gu":"영등포구","species":"느티나무","heightM":9.0,"crownWidthM":8.0,"rawHeight":9.0,"rawCrownWidth":8.0,"quality":"valid","sourceYear":2013},"geometry":{"type":"Point","coordinates":[126.91782837,37.52681513]}},{"type":"Feature","id":"park-private-93539","properties":{"id":"park-private-93539","dataset":"park-private","gu":"영등포구","species":"가중나무","heightM":8.0,"crownWidthM":6.0,"rawHeight":8.0,"rawCrownWidth":6.0,"quality":"valid","sourceYear":2013},"geometry":{"type":"Point","coordinates":[126.91273944,37.52025526]}},{"type":"Feature","id":"park-private-93541","properties":{"id":"park-private-93541","dataset":"park-private","gu":"영등포구","species":"양버즘나무","heightM":10.0,"crownWidthM":5.0,"rawHeight":10.0,"rawCrownWidth":5.0,"quality":"valid","sourceYear":2013},"geometry":{"type":"Point","coordinates":[126.91235613,37.5233314]}},{"type":"Feature","id":"park-private-93544","properties":{"id":"park-private-93544","dataset":"park-private","gu":"영등포구","species":"가중나무","heightM":12.0,"crownWidthM":10.0,"rawHeight":12.0,"rawCrownWidth":10.0,"quality":"valid","sourceYear":2013},"geometry":{"type":"Point","coordinates":[126.91274538,37.52030059]}},{"type":"Feature","id":"park-private-93614","properties":{"id":"park-private-93614","dataset":"park-private","gu":"영등포구","species":"느티나무","heightM":7.0,"crownWidthM":7.0,"rawHeight":7.0,"rawCrownWidth":7.0,"quality":"valid","sourceYear":2013},"geometry":{"type":"Point","coordinates":[126.91770549,37.52221557]}},{"type":"Feature","id":"park-private-93615","properties":{"id":"park-private-93615","dataset":"park-private","gu":"영등포구","species":"느티나무","heightM":6.0,"crownWidthM":6.0,"rawHeight":6.0,"rawCrownWidth":6.0,"quality":"valid","sourceYear":2013},"geometry":{"type":"Point","coordinates":[126.91946503,37.52455775]}},{"type":"Feature","id":"park-private-93621","properties":{"id":"park-private-93621","dataset":"park-private","gu":"영등포구","species":"소나무","heightM":6.0,"crownWidthM":5.0,"rawHeight":6.0,"rawCrownWidth":5.0,"quality":"valid","sourceYear":2013},"geometry":{"type":"Point","coordinates":[126.91765646,37.52837571]}},{"type":"Feature","id":"park-private-93637","properties":{"id":"park-private-93637","dataset":"park-private","gu":"영등포구","species":"매화나무","heightM":6.0,"crownWidthM":3.0,"rawHeight":6.0,"rawCrownWidth":3.0,"quality":"valid","sourceYear":2013},"geometry":{"type":"Point","coordinates":[126.91890019,37.52292443]}},{"type":"Feature","id":"park-private-93662","properties":{"id":"park-private-93662","dataset":"park-private","gu":"영등포구","species":"양버즘나무","heightM":10.0,"crownWidthM":5.0,"rawHeight":10.0,"rawCrownWidth":5.0,"quality":"valid","sourceYear":2013},"geometry":{"type":"Point","coordinates":[126.91238914,37.52327895]}},{"type":"Feature","id":"park-private-93667","properties":{"id":"park-private-93667","dataset":"park-private","gu":"영등포구","species":"목련","heightM":6.0,"crownWidthM":3.0,"rawHeight":6.0,"rawCrownWidth":3.0,"quality":"valid","sourceYear":2013},"geometry":{"type":"Point","coordinates":[126.9183136,37.52846719]}},{"type":"Feature","id":"park-private-93673","properties":{"id":"park-private-93673","dataset":"park-private","gu":"영등포구","species":"느티나무","heightM":7.0,"crownWidthM":7.0,"rawHeight":7.0,"rawCrownWidth":7.0,"quality":"valid","sourceYear":2013},"geometry":{"type":"Point","coordinates":[126.91760003,37.52204719]}},{"type":"Feature","id":"park-private-93688","properties":{"id":"park-private-93688","dataset":"park-private","gu":"영등포구","species":"느티나무","heightM":8.0,"crownWidthM":9.0,"rawHeight":8.0,"rawCrownWidth":9.0,"quality":"valid","sourceYear":2013},"geometry":{"type":"Point","coordinates":[126.91898115,37.52519518]}},{"type":"Feature","id":"park-private-93730","properties":{"id":"park-private-93730","dataset":"park-private","gu":"영등포구","species":"느티나무","heightM":5.0,"crownWidthM":6.0,"rawHeight":5.0,"rawCrownWidth":6.0,"quality":"valid","sourceYear":2013},"geometry":{"type":"Point","coordinates":[126.91852331,37.52519547]}},{"type":"Feature","id":"park-private-93742","properties":{"id":"park-private-93742","dataset":"park-private","gu":"영등포구","species":"느티나무","heightM":8.0,"crownWidthM":8.0,"rawHeight":8.0,"rawCrownWidth":8.0,"quality":"valid","sourceYear":2013},"geometry":{"type":"Point","coordinates":[126.9156507,37.52685983]}},{"type":"Feature","id":"park-private-93747","properties":{"id":"park-private-93747","dataset":"park-private","gu":"영등포구","species":"느티나무","heightM":8.0,"crownWidthM":6.0,"rawHeight":8.0,"rawCrownWidth":6.0,"quality":"valid","sourceYear":2013},"geometry":{"type":"Point","coordinates":[126.91750847,37.52840241]}},{"type":"Feature","id":"park-private-93809","properties":{"id":"park-private-93809","dataset":"park-private","gu":"영등포구","species":"양버즘나무","heightM":10.0,"crownWidthM":6.0,"rawHeight":10.0,"rawCrownWidth":6.0,"quality":"valid","sourceYear":2013},"geometry":{"type":"Point","coordinates":[126.91913847,37.52041221]}},{"type":"Feature","id":"park-private-93811","properties":{"id":"park-private-93811","dataset":"park-private","gu":"영등포구","species":"벚나무","heightM":5.0,"crownWidthM":5.0,"rawHeight":5.0,"rawCrownWidth":5.0,"quality":"valid","sourceYear":2013},"geometry":{"type":"Point","coordinates":[126.91977104,37.52673989]}},{"type":"Feature","id":"park-private-93818","properties":{"id":"park-private-93818","dataset":"park-private","gu":"영등포구","species":"느티나무","heightM":8.0,"crownWidthM":7.0,"rawHeight":8.0,"rawCrownWidth":7.0,"quality":"valid","sourceYear":2013},"geometry":{"type":"Point","coordinates":[126.91926205,37.52244738]}},{"type":"Feature","id":"park-private-93822","properties":{"id":"park-private-93822","dataset":"park-private","gu":"영등포구","species":"소나무","heightM":11.0,"crownWidthM":4.0,"rawHeight":11.0,"rawCrownWidth":4.0,"quality":"valid","sourceYear":2013},"geometry":{"type":"Point","coordinates":[126.91896173,37.52428243]}},{"type":"Feature","id":"park-private-93837","properties":{"id":"park-private-93837","dataset":"park-private","gu":"영등포구","species":"느티나무","heightM":7.0,"crownWidthM":7.0,"rawHeight":7.0,"rawCrownWidth":7.0,"quality":"valid","sourceYear":2013},"geometry":{"type":"Point","coordinates":[126.91806835,37.52596688]}},{"type":"Feature","id":"park-private-93843","properties":{"id":"park-private-93843","dataset":"park-private","gu":"영등포구","species":"벚나무","heightM":5.0,"crownWidthM":6.0,"rawHeight":5.0,"rawCrownWidth":6.0,"quality":"valid","sourceYear":2013},"geometry":{"type":"Point","coordinates":[126.91507086,37.52449265]}},{"type":"Feature","id":"park-private-93849","properties":{"id":"park-private-93849","dataset":"park-private","gu":"영등포구","species":"벚나무","heightM":6.0,"crownWidthM":7.0,"rawHeight":6.0,"rawCrownWidth":7.0,"quality":"valid","sourceYear":2013},"geometry":{"type":"Point","coordinates":[126.91710239,37.52630937]}},{"type":"Feature","id":"park-private-93858","properties":{"id":"park-private-93858","dataset":"park-private","gu":"영등포구","species":"양버즘나무","heightM":10.0,"crownWidthM":5.0,"rawHeight":10.0,"rawCrownWidth":5.0,"quality":"valid","sourceYear":2013},"geometry":{"type":"Point","coordinates":[126.91285853,37.52260299]}},{"type":"Feature","id":"park-private-93903","properties":{"id":"park-private-93903","dataset":"park-private","gu":"영등포구","species":"단풍나무","heightM":5.0,"crownWidthM":5.0,"rawHeight":5.0,"rawCrownWidth":5.0,"quality":"valid","sourceYear":2013},"geometry":{"type":"Point","coordinates":[126.91888074,37.52271056]}},{"type":"Feature","id":"park-private-93926","properties":{"id":"park-private-93926","dataset":"park-private","gu":"영등포구","species":"소나무","heightM":11.0,"crownWidthM":4.0,"rawHeight":11.0,"rawCrownWidth":4.0,"quality":"valid","sourceYear":2013},"geometry":{"type":"Point","coordinates":[126.91983905,37.52485629]}},{"type":"Feature","id":"park-private-93928","properties":{"id":"park-private-93928","dataset":"park-private","gu":"영등포구","species":"은행나무","heightM":8.0,"crownWidthM":4.0,"rawHeight":8.0,"rawCrownWidth":4.0,"quality":"valid","sourceYear":2013},"geometry":{"type":"Point","coordinates":[126.91862026,37.52206076]}},{"type":"Feature","id":"park-private-93990","properties":{"id":"park-private-93990","dataset":"park-private","gu":"영등포구","species":"느티나무","heightM":6.0,"crownWidthM":6.0,"rawHeight":6.0,"rawCrownWidth":6.0,"quality":"valid","sourceYear":2013},"geometry":{"type":"Point","coordinates":[126.91811255,37.52406416]}},{"type":"Feature","id":"park-private-94018","properties":{"id":"park-private-94018","dataset":"park-private","gu":"영등포구","species":"상수리나무","heightM":8.0,"crownWidthM":5.0,"rawHeight":8.0,"rawCrownWidth":5.0,"quality":"valid","sourceYear":2013},"geometry":{"type":"Point","coordinates":[126.91738613,37.52343417]}},{"type":"Feature","id":"park-private-94019","properties":{"id":"park-private-94019","dataset":"park-private","gu":"영등포구","species":"소나무","heightM":7.0,"crownWidthM":4.0,"rawHeight":7.0,"rawCrownWidth":4.0,"quality":"valid","sourceYear":2013},"geometry":{"type":"Point","coordinates":[126.9185233,37.52398423]}},{"type":"Feature","id":"park-private-94032","properties":{"id":"park-private-94032","dataset":"park-private","gu":"영등포구","species":"소나무","heightM":10.0,"crownWidthM":3.0,"rawHeight":10.0,"rawCrownWidth":3.0,"quality":"valid","sourceYear":2013},"geometry":{"type":"Point","coordinates":[126.91977758,37.52328916]}},{"type":"Feature","id":"park-private-94094","properties":{"id":"park-private-94094","dataset":"park-private","gu":"영등포구","species":"소나무","heightM":6.0,"crownWidthM":5.0,"rawHeight":6.0,"rawCrownWidth":5.0,"quality":"valid","sourceYear":2013},"geometry":{"type":"Point","coordinates":[126.91867432,37.52405308]}},{"type":"Feature","id":"park-private-94099","properties":{"id":"park-private-94099","dataset":"park-private","gu":"영등포구","species":"소나무","heightM":14.0,"crownWidthM":5.0,"rawHeight":14.0,"rawCrownWidth":5.0,"quality":"valid","sourceYear":2013},"geometry":{"type":"Point","coordinates":[126.918399,37.52276732]}},{"type":"Feature","id":"park-private-94120","properties":{"id":"park-private-94120","dataset":"park-private","gu":"영등포구","species":"잣나무","heightM":8.0,"crownWidthM":5.0,"rawHeight":8.0,"rawCrownWidth":5.0,"quality":"valid","sourceYear":2013},"geometry":{"type":"Point","coordinates":[126.91740683,37.52319284]}},{"type":"Feature","id":"park-private-94121","properties":{"id":"park-private-94121","dataset":"park-private","gu":"영등포구","species":"소나무","heightM":5.0,"crownWidthM":3.0,"rawHeight":5.0,"rawCrownWidth":3.0,"quality":"valid","sourceYear":2013},"geometry":{"type":"Point","coordinates":[126.91778138,37.52398135]}},{"type":"Feature","id":"park-private-94122","properties":{"id":"park-private-94122","dataset":"park-private","gu":"영등포구","species":"소나무","heightM":6.0,"crownWidthM":5.0,"rawHeight":6.0,"rawCrownWidth":5.0,"quality":"valid","sourceYear":2013},"geometry":{"type":"Point","coordinates":[126.91863897,37.52380096]}},{"type":"Feature","id":"park-private-94135","properties":{"id":"park-private-94135","dataset":"park-private","gu":"영등포구","species":"은행나무","heightM":10.0,"crownWidthM":4.0,"rawHeight":10.0,"rawCrownWidth":4.0,"quality":"valid","sourceYear":2013},"geometry":{"type":"Point","coordinates":[126.91987937,37.52518162]}},{"type":"Feature","id":"park-private-94145","properties":{"id":"park-private-94145","dataset":"park-private","gu":"영등포구","species":"벚나무","heightM":5.0,"crownWidthM":6.0,"rawHeight":5.0,"rawCrownWidth":6.0,"quality":"valid","sourceYear":2013},"geometry":{"type":"Point","coordinates":[126.91501293,37.52457747]}},{"type":"Feature","id":"park-private-94146","properties":{"id":"park-private-94146","dataset":"park-private","gu":"영등포구","species":"소나무","heightM":12.0,"crownWidthM":5.0,"rawHeight":12.0,"rawCrownWidth":5.0,"quality":"valid","sourceYear":2013},"geometry":{"type":"Point","coordinates":[126.91888547,37.52308488]}},{"type":"Feature","id":"park-private-94214","properties":{"id":"park-private-94214","dataset":"park-private","gu":"영등포구","species":"느티나무","heightM":7.0,"crownWidthM":7.0,"rawHeight":7.0,"rawCrownWidth":7.0,"quality":"valid","sourceYear":2013},"geometry":{"type":"Point","coordinates":[126.9148474,37.52548989]}},{"type":"Feature","id":"park-private-94218","properties":{"id":"park-private-94218","dataset":"park-private","gu":"영등포구","species":"소나무","heightM":7.0,"crownWidthM":5.0,"rawHeight":7.0,"rawCrownWidth":5.0,"quality":"valid","sourceYear":2013},"geometry":{"type":"Point","coordinates":[126.91708239,37.52322401]}},{"type":"Feature","id":"park-private-94290","properties":{"id":"park-private-94290","dataset":"park-private","gu":"영등포구","species":"소나무","heightM":14.0,"crownWidthM":5.0,"rawHeight":14.0,"rawCrownWidth":5.0,"quality":"valid","sourceYear":2013},"geometry":{"type":"Point","coordinates":[126.91827798,37.52257414]}},{"type":"Feature","id":"park-private-94292","properties":{"id":"park-private-94292","dataset":"park-private","gu":"영등포구","species":"모과나무","heightM":6.0,"crownWidthM":5.0,"rawHeight":6.0,"rawCrownWidth":5.0,"quality":"valid","sourceYear":2013},"geometry":{"type":"Point","coordinates":[126.91816795,37.52225801]}},{"type":"Feature","id":"park-private-94366","properties":{"id":"park-private-94366","dataset":"park-private","gu":"영등포구","species":"소나무","heightM":5.0,"crownWidthM":2.0,"rawHeight":5.0,"rawCrownWidth":2.0,"quality":"valid","sourceYear":2013},"geometry":{"type":"Point","coordinates":[126.91855011,37.52309729]}},{"type":"Feature","id":"park-private-94437","properties":{"id":"park-private-94437","dataset":"park-private","gu":"영등포구","species":"느티나무","heightM":6.0,"crownWidthM":6.0,"rawHeight":6.0,"rawCrownWidth":6.0,"quality":"valid","sourceYear":2013},"geometry":{"type":"Point","coordinates":[126.91946779,37.5234806]}},{"type":"Feature","id":"park-private-94438","properties":{"id":"park-private-94438","dataset":"park-private","gu":"영등포구","species":"양버즘나무","heightM":10.0,"crownWidthM":6.0,"rawHeight":10.0,"rawCrownWidth":6.0,"quality":"valid","sourceYear":2013},"geometry":{"type":"Point","coordinates":[126.91896326,37.52049078]}},{"type":"Feature","id":"park-private-94463","properties":{"id":"park-private-94463","dataset":"park-private","gu":"영등포구","species":"소나무","heightM":7.0,"crownWidthM":4.0,"rawHeight":7.0,"rawCrownWidth":4.0,"quality":"valid","sourceYear":2013},"geometry":{"type":"Point","coordinates":[126.91783781,37.5221105]}},{"type":"Feature","id":"park-private-94520","properties":{"id":"park-private-94520","dataset":"park-private","gu":"영등포구","species":"소나무","heightM":10.0,"crownWidthM":5.0,"rawHeight":10.0,"rawCrownWidth":5.0,"quality":"valid","sourceYear":2013},"geometry":{"type":"Point","coordinates":[126.91864018,37.52323367]}},{"type":"Feature","id":"park-private-94639","properties":{"id":"park-private-94639","dataset":"park-private","gu":"영등포구","species":"은행나무","heightM":12.0,"crownWidthM":8.0,"rawHeight":12.0,"rawCrownWidth":8.0,"quality":"valid","sourceYear":2013},"geometry":{"type":"Point","coordinates":[126.91820203,37.52868691]}},{"type":"Feature","id":"park-private-94676","properties":{"id":"park-private-94676","dataset":"park-private","gu":"영등포구","species":"소나무","heightM":14.0,"crownWidthM":5.0,"rawHeight":14.0,"rawCrownWidth":5.0,"quality":"valid","sourceYear":2013},"geometry":{"type":"Point","coordinates":[126.91843965,37.52267082]}},{"type":"Feature","id":"park-private-94749","properties":{"id":"park-private-94749","dataset":"park-private","gu":"영등포구","species":"은행나무","heightM":10.0,"crownWidthM":4.0,"rawHeight":10.0,"rawCrownWidth":4.0,"quality":"valid","sourceYear":2013},"geometry":{"type":"Point","coordinates":[126.9196286,37.52504466]}},{"type":"Feature","id":"park-private-94750","properties":{"id":"park-private-94750","dataset":"park-private","gu":"영등포구","species":"소나무","heightM":11.0,"crownWidthM":4.0,"rawHeight":11.0,"rawCrownWidth":4.0,"quality":"valid","sourceYear":2013},"geometry":{"type":"Point","coordinates":[126.91904779,37.52441426]}},{"type":"Feature","id":"park-private-94760","properties":{"id":"park-private-94760","dataset":"park-private","gu":"영등포구","species":"가중나무","heightM":8.0,"crownWidthM":4.0,"rawHeight":8.0,"rawCrownWidth":4.0,"quality":"valid","sourceYear":2013},"geometry":{"type":"Point","coordinates":[126.91251717,37.5209088]}},{"type":"Feature","id":"park-private-95409","properties":{"id":"park-private-95409","dataset":"park-private","gu":"영등포구","species":"소나무","heightM":8.0,"crownWidthM":5.0,"rawHeight":8.0,"rawCrownWidth":5.0,"quality":"valid","sourceYear":2013},"geometry":{"type":"Point","coordinates":[126.91713621,37.52273008]}},{"type":"Feature","id":"park-private-95496","properties":{"id":"park-private-95496","dataset":"park-private","gu":"영등포구","species":"은행나무","heightM":10.0,"crownWidthM":6.0,"rawHeight":10.0,"rawCrownWidth":6.0,"quality":"valid","sourceYear":2013},"geometry":{"type":"Point","coordinates":[126.91965324,37.52269739]}},{"type":"Feature","id":"park-private-95604","properties":{"id":"park-private-95604","dataset":"park-private","gu":"영등포구","species":"느티나무","heightM":8.0,"crownWidthM":9.0,"rawHeight":8.0,"rawCrownWidth":9.0,"quality":"valid","sourceYear":2013},"geometry":{"type":"Point","coordinates":[126.91918938,37.52599957]}},{"type":"Feature","id":"park-private-95695","properties":{"id":"park-private-95695","dataset":"park-private","gu":"영등포구","species":"소나무","heightM":8.0,"crownWidthM":4.0,"rawHeight":8.0,"rawCrownWidth":4.0,"quality":"valid","sourceYear":2013},"geometry":{"type":"Point","coordinates":[126.91832927,37.52378354]}},{"type":"Feature","id":"park-private-95799","properties":{"id":"park-private-95799","dataset":"park-private","gu":"영등포구","species":"느티나무","heightM":5.0,"crownWidthM":5.0,"rawHeight":5.0,"rawCrownWidth":5.0,"quality":"valid","sourceYear":2013},"geometry":{"type":"Point","coordinates":[126.91930204,37.522552]}},{"type":"Feature","id":"park-private-95974","properties":{"id":"park-private-95974","dataset":"park-private","gu":"영등포구","species":"느티나무","heightM":5.0,"crownWidthM":8.0,"rawHeight":5.0,"rawCrownWidth":8.0,"quality":"valid","sourceYear":2013},"geometry":{"type":"Point","coordinates":[126.91820299,37.52520231]}},{"type":"Feature","id":"park-private-95982","properties":{"id":"park-private-95982","dataset":"park-private","gu":"영등포구","species":"소나무","heightM":6.0,"crownWidthM":4.0,"rawHeight":6.0,"rawCrownWidth":4.0,"quality":"valid","sourceYear":2013},"geometry":{"type":"Point","coordinates":[126.91706843,37.52361287]}},{"type":"Feature","id":"park-private-95994","properties":{"id":"park-private-95994","dataset":"park-private","gu":"영등포구","species":"소나무","heightM":11.0,"crownWidthM":4.0,"rawHeight":11.0,"rawCrownWidth":4.0,"quality":"valid","sourceYear":2013},"geometry":{"type":"Point","coordinates":[126.91911985,37.52439139]}},{"type":"Feature","id":"park-private-96113","properties":{"id":"park-private-96113","dataset":"park-private","gu":"영등포구","species":"양버즘나무","heightM":10.0,"crownWidthM":6.0,"rawHeight":10.0,"rawCrownWidth":6.0,"quality":"valid","sourceYear":2013},"geometry":{"type":"Point","coordinates":[126.9193047,37.52031934]}},{"type":"Feature","id":"park-private-96114","properties":{"id":"park-private-96114","dataset":"park-private","gu":"영등포구","species":"느티나무","heightM":5.0,"crownWidthM":4.0,"rawHeight":5.0,"rawCrownWidth":4.0,"quality":"valid","sourceYear":2013},"geometry":{"type":"Point","coordinates":[126.91907752,37.52948551]}},{"type":"Feature","id":"park-private-96123","properties":{"id":"park-private-96123","dataset":"park-private","gu":"영등포구","species":"양버즘나무","heightM":8.0,"crownWidthM":5.0,"rawHeight":8.0,"rawCrownWidth":5.0,"quality":"valid","sourceYear":2013},"geometry":{"type":"Point","coordinates":[126.91887791,37.52052648]}},{"type":"Feature","id":"park-private-96141","properties":{"id":"park-private-96141","dataset":"park-private","gu":"영등포구","species":"목련","heightM":8.0,"crownWidthM":5.0,"rawHeight":8.0,"rawCrownWidth":5.0,"quality":"valid","sourceYear":2013},"geometry":{"type":"Point","coordinates":[126.91281743,37.52013125]}},{"type":"Feature","id":"park-private-96155","properties":{"id":"park-private-96155","dataset":"park-private","gu":"영등포구","species":"소나무","heightM":11.0,"crownWidthM":4.0,"rawHeight":11.0,"rawCrownWidth":4.0,"quality":"valid","sourceYear":2013},"geometry":{"type":"Point","coordinates":[126.91975984,37.52488495]}},{"type":"Feature","id":"park-private-96162","properties":{"id":"park-private-96162","dataset":"park-private","gu":"영등포구","species":"목련","heightM":10.0,"crownWidthM":5.0,"rawHeight":10.0,"rawCrownWidth":5.0,"quality":"valid","sourceYear":2013},"geometry":{"type":"Point","coordinates":[126.91604099,37.52775314]}},{"type":"Feature","id":"park-private-96174","properties":{"id":"park-private-96174","dataset":"park-private","gu":"영등포구","species":"은행나무","heightM":10.0,"crownWidthM":5.0,"rawHeight":10.0,"rawCrownWidth":5.0,"quality":"valid","sourceYear":2013},"geometry":{"type":"Point","coordinates":[126.91268807,37.52225007]}},{"type":"Feature","id":"park-private-96204","properties":{"id":"park-private-96204","dataset":"park-private","gu":"영등포구","species":"소나무","heightM":7.0,"crownWidthM":5.0,"rawHeight":7.0,"rawCrownWidth":5.0,"quality":"valid","sourceYear":2013},"geometry":{"type":"Point","coordinates":[126.91740118,37.52239398]}},{"type":"Feature","id":"park-private-96205","properties":{"id":"park-private-96205","dataset":"park-private","gu":"영등포구","species":"느티나무","heightM":5.0,"crownWidthM":5.0,"rawHeight":5.0,"rawCrownWidth":5.0,"quality":"valid","sourceYear":2013},"geometry":{"type":"Point","coordinates":[126.91759933,37.52243619]}},{"type":"Feature","id":"park-private-96207","properties":{"id":"park-private-96207","dataset":"park-private","gu":"영등포구","species":"느티나무","heightM":6.0,"crownWidthM":6.0,"rawHeight":6.0,"rawCrownWidth":6.0,"quality":"valid","sourceYear":2013},"geometry":{"type":"Point","coordinates":[126.91995425,37.52482764]}},{"type":"Feature","id":"park-private-96209","properties":{"id":"park-private-96209","dataset":"park-private","gu":"영등포구","species":"벚나무","heightM":5.0,"crownWidthM":6.0,"rawHeight":5.0,"rawCrownWidth":6.0,"quality":"valid","sourceYear":2013},"geometry":{"type":"Point","coordinates":[126.91401835,37.52602805]}},{"type":"Feature","id":"park-private-96290","properties":{"id":"park-private-96290","dataset":"park-private","gu":"영등포구","species":"느티나무","heightM":7.0,"crownWidthM":8.0,"rawHeight":7.0,"rawCrownWidth":8.0,"quality":"valid","sourceYear":2013},"geometry":{"type":"Point","coordinates":[126.9192473,37.52594297]}},{"type":"Feature","id":"park-private-96302","properties":{"id":"park-private-96302","dataset":"park-private","gu":"영등포구","species":"느티나무","heightM":6.0,"crownWidthM":6.0,"rawHeight":6.0,"rawCrownWidth":6.0,"quality":"valid","sourceYear":2013},"geometry":{"type":"Point","coordinates":[126.9193716,37.52448894]}},{"type":"Feature","id":"park-private-96303","properties":{"id":"park-private-96303","dataset":"park-private","gu":"영등포구","species":"소나무","heightM":8.0,"crownWidthM":5.0,"rawHeight":8.0,"rawCrownWidth":5.0,"quality":"valid","sourceYear":2013},"geometry":{"type":"Point","coordinates":[126.9176403,37.52277471]}},{"type":"Feature","id":"park-private-96316","properties":{"id":"park-private-96316","dataset":"park-private","gu":"영등포구","species":"향나무","heightM":5.0,"crownWidthM":3.0,"rawHeight":5.0,"rawCrownWidth":3.0,"quality":"valid","sourceYear":2013},"geometry":{"type":"Point","coordinates":[126.91874756,37.52504664]}},{"type":"Feature","id":"park-private-96375","properties":{"id":"park-private-96375","dataset":"park-private","gu":"영등포구","species":"소나무","heightM":8.0,"crownWidthM":5.0,"rawHeight":8.0,"rawCrownWidth":5.0,"quality":"valid","sourceYear":2013},"geometry":{"type":"Point","coordinates":[126.91769105,37.52268626]}},{"type":"Feature","id":"park-private-96391","properties":{"id":"park-private-96391","dataset":"park-private","gu":"영등포구","species":"소나무","heightM":5.0,"crownWidthM":4.0,"rawHeight":5.0,"rawCrownWidth":4.0,"quality":"valid","sourceYear":2013},"geometry":{"type":"Point","coordinates":[126.91973704,37.52565677]}},{"type":"Feature","id":"park-private-96491","properties":{"id":"park-private-96491","dataset":"park-private","gu":"영등포구","species":"소나무","heightM":14.0,"crownWidthM":5.0,"rawHeight":14.0,"rawCrownWidth":5.0,"quality":"valid","sourceYear":2013},"geometry":{"type":"Point","coordinates":[126.91851042,37.52269502]}},{"type":"Feature","id":"park-private-96493","properties":{"id":"park-private-96493","dataset":"park-private","gu":"영등포구","species":"양버즘나무","heightM":8.0,"crownWidthM":4.0,"rawHeight":8.0,"rawCrownWidth":4.0,"quality":"valid","sourceYear":2013},"geometry":{"type":"Point","coordinates":[126.91327293,37.52200261]}},{"type":"Feature","id":"park-private-96522","properties":{"id":"park-private-96522","dataset":"park-private","gu":"영등포구","species":"벚나무","heightM":5.0,"crownWidthM":6.0,"rawHeight":5.0,"rawCrownWidth":6.0,"quality":"valid","sourceYear":2013},"geometry":{"type":"Point","coordinates":[126.91999384,37.52649932]}},{"type":"Feature","id":"park-private-96569","properties":{"id":"park-private-96569","dataset":"park-private","gu":"영등포구","species":"소나무","heightM":11.0,"crownWidthM":4.0,"rawHeight":11.0,"rawCrownWidth":4.0,"quality":"valid","sourceYear":2013},"geometry":{"type":"Point","coordinates":[126.91977429,37.52481608]}},{"type":"Feature","id":"park-private-96570","properties":{"id":"park-private-96570","dataset":"park-private","gu":"영등포구","species":"소나무","heightM":7.0,"crownWidthM":5.0,"rawHeight":7.0,"rawCrownWidth":5.0,"quality":"valid","sourceYear":2013},"geometry":{"type":"Point","coordinates":[126.91858794,37.5240473]}},{"type":"Feature","id":"park-private-96608","properties":{"id":"park-private-96608","dataset":"park-private","gu":"영등포구","species":"은행나무","heightM":8.0,"crownWidthM":4.0,"rawHeight":8.0,"rawCrownWidth":4.0,"quality":"valid","sourceYear":2013},"geometry":{"type":"Point","coordinates":[126.91272139,37.52033875]}},{"type":"Feature","id":"park-private-96620","properties":{"id":"park-private-96620","dataset":"park-private","gu":"영등포구","species":"느티나무","heightM":6.0,"crownWidthM":8.0,"rawHeight":6.0,"rawCrownWidth":8.0,"quality":"valid","sourceYear":2013},"geometry":{"type":"Point","coordinates":[126.9196658,37.52573441]}},{"type":"Feature","id":"park-private-96632","properties":{"id":"park-private-96632","dataset":"park-private","gu":"영등포구","species":"가중나무","heightM":13.0,"crownWidthM":7.0,"rawHeight":13.0,"rawCrownWidth":7.0,"quality":"valid","sourceYear":2013},"geometry":{"type":"Point","coordinates":[126.91661825,37.52212481]}},{"type":"Feature","id":"park-private-96633","properties":{"id":"park-private-96633","dataset":"park-private","gu":"영등포구","species":"느티나무","heightM":6.0,"crownWidthM":7.0,"rawHeight":6.0,"rawCrownWidth":7.0,"quality":"valid","sourceYear":2013},"geometry":{"type":"Point","coordinates":[126.91848852,37.52341119]}},{"type":"Feature","id":"park-private-96650","properties":{"id":"park-private-96650","dataset":"park-private","gu":"영등포구","species":"은행나무","heightM":8.0,"crownWidthM":5.0,"rawHeight":8.0,"rawCrownWidth":5.0,"quality":"valid","sourceYear":2013},"geometry":{"type":"Point","coordinates":[126.918555,37.52202357]}},{"type":"Feature","id":"park-private-96654","properties":{"id":"park-private-96654","dataset":"park-private","gu":"영등포구","species":"소나무","heightM":5.0,"crownWidthM":4.0,"rawHeight":5.0,"rawCrownWidth":4.0,"quality":"valid","sourceYear":2013},"geometry":{"type":"Point","coordinates":[126.91827692,37.52312924]}},{"type":"Feature","id":"park-private-96686","properties":{"id":"park-private-96686","dataset":"park-private","gu":"영등포구","species":"느티나무","heightM":7.0,"crownWidthM":7.0,"rawHeight":7.0,"rawCrownWidth":7.0,"quality":"valid","sourceYear":2013},"geometry":{"type":"Point","coordinates":[126.91831813,37.52478737]}},{"type":"Feature","id":"park-private-96718","properties":{"id":"park-private-96718","dataset":"park-private","gu":"영등포구","species":"가중나무","heightM":10.0,"crownWidthM":5.0,"rawHeight":10.0,"rawCrownWidth":5.0,"quality":"valid","sourceYear":2013},"geometry":{"type":"Point","coordinates":[126.91341645,37.52075482]}},{"type":"Feature","id":"park-private-96729","properties":{"id":"park-private-96729","dataset":"park-private","gu":"영등포구","species":"양버즘나무","heightM":12.0,"crownWidthM":8.0,"rawHeight":12.0,"rawCrownWidth":8.0,"quality":"valid","sourceYear":2013},"geometry":{"type":"Point","coordinates":[126.9140367,37.52056913]}},{"type":"Feature","id":"park-private-96741","properties":{"id":"park-private-96741","dataset":"park-private","gu":"영등포구","species":"느티나무","heightM":6.0,"crownWidthM":7.0,"rawHeight":6.0,"rawCrownWidth":7.0,"quality":"valid","sourceYear":2013},"geometry":{"type":"Point","coordinates":[126.91691965,37.52650023]}},{"type":"Feature","id":"park-private-96771","properties":{"id":"park-private-96771","dataset":"park-private","gu":"영등포구","species":"버드나무","heightM":10.0,"crownWidthM":10.0,"rawHeight":10.0,"rawCrownWidth":10.0,"quality":"valid","sourceYear":2013},"geometry":{"type":"Point","coordinates":[126.91798362,37.5230968]}},{"type":"Feature","id":"park-private-96772","properties":{"id":"park-private-96772","dataset":"park-private","gu":"영등포구","species":"양버즘나무","heightM":10.0,"crownWidthM":6.0,"rawHeight":10.0,"rawCrownWidth":6.0,"quality":"valid","sourceYear":2013},"geometry":{"type":"Point","coordinates":[126.91924184,37.52031929]}},{"type":"Feature","id":"park-private-96773","properties":{"id":"park-private-96773","dataset":"park-private","gu":"영등포구","species":"느티나무","heightM":7.0,"crownWidthM":8.0,"rawHeight":7.0,"rawCrownWidth":8.0,"quality":"valid","sourceYear":2013},"geometry":{"type":"Point","coordinates":[126.91957596,37.52266911]}},{"type":"Feature","id":"park-private-96781","properties":{"id":"park-private-96781","dataset":"park-private","gu":"영등포구","species":"양버즘나무","heightM":10.0,"crownWidthM":6.0,"rawHeight":10.0,"rawCrownWidth":6.0,"quality":"valid","sourceYear":2013},"geometry":{"type":"Point","coordinates":[126.9193272,37.52027285]}},{"type":"Feature","id":"park-private-96803","properties":{"id":"park-private-96803","dataset":"park-private","gu":"영등포구","species":"소나무","heightM":8.0,"crownWidthM":5.0,"rawHeight":8.0,"rawCrownWidth":5.0,"quality":"valid","sourceYear":2013},"geometry":{"type":"Point","coordinates":[126.91764047,37.52268622]}},{"type":"Feature","id":"park-private-96808","properties":{"id":"park-private-96808","dataset":"park-private","gu":"영등포구","species":"느티나무","heightM":5.0,"crownWidthM":5.0,"rawHeight":5.0,"rawCrownWidth":5.0,"quality":"valid","sourceYear":2013},"geometry":{"type":"Point","coordinates":[126.91941973,37.52664759]}},{"type":"Feature","id":"park-private-96810","properties":{"id":"park-private-96810","dataset":"park-private","gu":"영등포구","species":"벚나무","heightM":5.0,"crownWidthM":5.0,"rawHeight":5.0,"rawCrownWidth":5.0,"quality":"valid","sourceYear":2013},"geometry":{"type":"Point","coordinates":[126.91905983,37.52634995]}},{"type":"Feature","id":"park-private-96850","properties":{"id":"park-private-96850","dataset":"park-private","gu":"영등포구","species":"벚나무","heightM":5.0,"crownWidthM":5.0,"rawHeight":5.0,"rawCrownWidth":5.0,"quality":"valid","sourceYear":2013},"geometry":{"type":"Point","coordinates":[126.91970428,37.526754]}},{"type":"Feature","id":"park-private-96875","properties":{"id":"park-private-96875","dataset":"park-private","gu":"영등포구","species":"느티나무","heightM":6.0,"crownWidthM":6.0,"rawHeight":6.0,"rawCrownWidth":6.0,"quality":"valid","sourceYear":2013},"geometry":{"type":"Point","coordinates":[126.91970525,37.52612031]}},{"type":"Feature","id":"park-private-96880","properties":{"id":"park-private-96880","dataset":"park-private","gu":"영등포구","species":"소나무","heightM":11.0,"crownWidthM":4.0,"rawHeight":11.0,"rawCrownWidth":4.0,"quality":"valid","sourceYear":2013},"geometry":{"type":"Point","coordinates":[126.91970947,37.52485623]}},{"type":"Feature","id":"park-private-96881","properties":{"id":"park-private-96881","dataset":"park-private","gu":"영등포구","species":"소나무","heightM":14.0,"crownWidthM":5.0,"rawHeight":14.0,"rawCrownWidth":5.0,"quality":"valid","sourceYear":2013},"geometry":{"type":"Point","coordinates":[126.91821712,37.52266258]}},{"type":"Feature","id":"park-private-96890","properties":{"id":"park-private-96890","dataset":"park-private","gu":"영등포구","species":"소나무","heightM":5.0,"crownWidthM":4.0,"rawHeight":5.0,"rawCrownWidth":4.0,"quality":"valid","sourceYear":2013},"geometry":{"type":"Point","coordinates":[126.91830626,37.52747516]}},{"type":"Feature","id":"park-private-96981","properties":{"id":"park-private-96981","dataset":"park-private","gu":"영등포구","species":"느티나무","heightM":7.0,"crownWidthM":8.0,"rawHeight":7.0,"rawCrownWidth":8.0,"quality":"valid","sourceYear":2013},"geometry":{"type":"Point","coordinates":[126.91931412,37.52588284]}},{"type":"Feature","id":"park-private-96992","properties":{"id":"park-private-96992","dataset":"park-private","gu":"영등포구","species":"소나무","heightM":11.0,"crownWidthM":4.0,"rawHeight":11.0,"rawCrownWidth":4.0,"quality":"valid","sourceYear":2013},"geometry":{"type":"Point","coordinates":[126.91888264,37.52424228]}},{"type":"Feature","id":"park-private-96998","properties":{"id":"park-private-96998","dataset":"park-private","gu":"영등포구","species":"느티나무","heightM":6.0,"crownWidthM":7.0,"rawHeight":6.0,"rawCrownWidth":7.0,"quality":"valid","sourceYear":2013},"geometry":{"type":"Point","coordinates":[126.91771734,37.52568695]}},{"type":"Feature","id":"park-private-97018","properties":{"id":"park-private-97018","dataset":"park-private","gu":"영등포구","species":"단풍나무","heightM":7.0,"crownWidthM":3.0,"rawHeight":7.0,"rawCrownWidth":3.0,"quality":"valid","sourceYear":2013},"geometry":{"type":"Point","coordinates":[126.91701575,37.52351823]}},{"type":"Feature","id":"park-private-97034","properties":{"id":"park-private-97034","dataset":"park-private","gu":"영등포구","species":"은행나무","heightM":8.0,"crownWidthM":6.0,"rawHeight":8.0,"rawCrownWidth":6.0,"quality":"valid","sourceYear":2013},"geometry":{"type":"Point","coordinates":[126.91998831,37.52291227]}},{"type":"Feature","id":"park-private-97059","properties":{"id":"park-private-97059","dataset":"park-private","gu":"영등포구","species":"소나무","heightM":7.0,"crownWidthM":5.0,"rawHeight":7.0,"rawCrownWidth":5.0,"quality":"valid","sourceYear":2013},"geometry":{"type":"Point","coordinates":[126.91920617,37.52496027]}},{"type":"Feature","id":"park-private-97078","properties":{"id":"park-private-97078","dataset":"park-private","gu":"영등포구","species":"소나무","heightM":6.0,"crownWidthM":4.0,"rawHeight":6.0,"rawCrownWidth":4.0,"quality":"valid","sourceYear":2013},"geometry":{"type":"Point","coordinates":[126.91842948,37.52407012]}},{"type":"Feature","id":"park-private-97090","properties":{"id":"park-private-97090","dataset":"park-private","gu":"영등포구","species":"느티나무","heightM":7.0,"crownWidthM":8.0,"rawHeight":7.0,"rawCrownWidth":8.0,"quality":"valid","sourceYear":2013},"geometry":{"type":"Point","coordinates":[126.91886856,37.52633211]}},{"type":"Feature","id":"park-private-97154","properties":{"id":"park-private-97154","dataset":"park-private","gu":"영등포구","species":"벚나무","heightM":8.0,"crownWidthM":5.0,"rawHeight":8.0,"rawCrownWidth":5.0,"quality":"valid","sourceYear":2013},"geometry":{"type":"Point","coordinates":[126.9178816,37.52354723]}},{"type":"Feature","id":"park-private-97159","properties":{"id":"park-private-97159","dataset":"park-private","gu":"영등포구","species":"향나무","heightM":5.0,"crownWidthM":3.0,"rawHeight":5.0,"rawCrownWidth":3.0,"quality":"valid","sourceYear":2013},"geometry":{"type":"Point","coordinates":[126.91858568,37.52513533]}},{"type":"Feature","id":"park-private-97168","properties":{"id":"park-private-97168","dataset":"park-private","gu":"영등포구","species":"소나무","heightM":6.0,"crownWidthM":5.0,"rawHeight":6.0,"rawCrownWidth":5.0,"quality":"valid","sourceYear":2013},"geometry":{"type":"Point","coordinates":[126.91913702,37.52331425]}},{"type":"Feature","id":"park-private-97176","properties":{"id":"park-private-97176","dataset":"park-private","gu":"영등포구","species":"느티나무","heightM":7.0,"crownWidthM":4.0,"rawHeight":7.0,"rawCrownWidth":4.0,"quality":"valid","sourceYear":2013},"geometry":{"type":"Point","coordinates":[126.91997942,37.52608399]}},{"type":"Feature","id":"park-private-97236","properties":{"id":"park-private-97236","dataset":"park-private","gu":"영등포구","species":"소나무","heightM":8.0,"crownWidthM":4.0,"rawHeight":8.0,"rawCrownWidth":4.0,"quality":"valid","sourceYear":2013},"geometry":{"type":"Point","coordinates":[126.91821358,37.52398975]}},{"type":"Feature","id":"park-private-97253","properties":{"id":"park-private-97253","dataset":"park-private","gu":"영등포구","species":"소나무","heightM":12.0,"crownWidthM":4.0,"rawHeight":12.0,"rawCrownWidth":4.0,"quality":"valid","sourceYear":2013},"geometry":{"type":"Point","coordinates":[126.91974868,37.5234464]}},{"type":"Feature","id":"park-private-97359","properties":{"id":"park-private-97359","dataset":"park-private","gu":"영등포구","species":"느티나무","heightM":7.0,"crownWidthM":7.0,"rawHeight":7.0,"rawCrownWidth":7.0,"quality":"valid","sourceYear":2013},"geometry":{"type":"Point","coordinates":[126.91762627,37.52217347]}},{"type":"Feature","id":"park-private-97393","properties":{"id":"park-private-97393","dataset":"park-private","gu":"영등포구","species":"느티나무","heightM":6.0,"crownWidthM":6.0,"rawHeight":6.0,"rawCrownWidth":6.0,"quality":"valid","sourceYear":2013},"geometry":{"type":"Point","coordinates":[126.91753311,37.52250971]}},{"type":"Feature","id":"park-private-97396","properties":{"id":"park-private-97396","dataset":"park-private","gu":"영등포구","species":"소나무","heightM":7.0,"crownWidthM":4.0,"rawHeight":7.0,"rawCrownWidth":4.0,"quality":"valid","sourceYear":2013},"geometry":{"type":"Point","coordinates":[126.91698992,37.52320291]}},{"type":"Feature","id":"park-private-97398","properties":{"id":"park-private-97398","dataset":"park-private","gu":"영등포구","species":"소나무","heightM":11.0,"crownWidthM":4.0,"rawHeight":11.0,"rawCrownWidth":4.0,"quality":"valid","sourceYear":2013},"geometry":{"type":"Point","coordinates":[126.91926335,37.52458628]}},{"type":"Feature","id":"park-private-97407","properties":{"id":"park-private-97407","dataset":"park-private","gu":"영등포구","species":"소나무","heightM":8.0,"crownWidthM":4.0,"rawHeight":8.0,"rawCrownWidth":4.0,"quality":"valid","sourceYear":2013},"geometry":{"type":"Point","coordinates":[126.91831459,37.52392107]}},{"type":"Feature","id":"park-private-97409","properties":{"id":"park-private-97409","dataset":"park-private","gu":"영등포구","species":"느티나무","heightM":8.0,"crownWidthM":9.0,"rawHeight":8.0,"rawCrownWidth":9.0,"quality":"valid","sourceYear":2013},"geometry":{"type":"Point","coordinates":[126.91568322,37.52679414]}},{"type":"Feature","id":"park-private-97430","properties":{"id":"park-private-97430","dataset":"park-private","gu":"영등포구","species":"소나무","heightM":11.0,"crownWidthM":4.0,"rawHeight":11.0,"rawCrownWidth":4.0,"quality":"valid","sourceYear":2013},"geometry":{"type":"Point","coordinates":[126.91940721,37.52472409]}},{"type":"Feature","id":"park-private-97442","properties":{"id":"park-private-97442","dataset":"park-private","gu":"영등포구","species":"양버즘나무","heightM":10.0,"crownWidthM":5.0,"rawHeight":10.0,"rawCrownWidth":5.0,"quality":"valid","sourceYear":2013},"geometry":{"type":"Point","coordinates":[126.91249549,37.52312453]}},{"type":"Feature","id":"park-private-97468","properties":{"id":"park-private-97468","dataset":"park-private","gu":"영등포구","species":"벚나무","heightM":6.0,"crownWidthM":6.0,"rawHeight":6.0,"rawCrownWidth":6.0,"quality":"valid","sourceYear":2013},"geometry":{"type":"Point","coordinates":[126.91228195,37.52950964]}},{"type":"Feature","id":"park-private-97571","properties":{"id":"park-private-97571","dataset":"park-private","gu":"영등포구","species":"소나무","heightM":8.0,"crownWidthM":5.0,"rawHeight":8.0,"rawCrownWidth":5.0,"quality":"valid","sourceYear":2013},"geometry":{"type":"Point","coordinates":[126.91750848,37.5229355]}},{"type":"Feature","id":"park-private-97583","properties":{"id":"park-private-97583","dataset":"park-private","gu":"영등포구","species":"가중나무","heightM":7.0,"crownWidthM":5.0,"rawHeight":7.0,"rawCrownWidth":5.0,"quality":"valid","sourceYear":2013},"geometry":{"type":"Point","coordinates":[126.91445039,37.52589991]}},{"type":"Feature","id":"park-private-97595","properties":{"id":"park-private-97595","dataset":"park-private","gu":"영등포구","species":"벚나무","heightM":6.0,"crownWidthM":8.0,"rawHeight":6.0,"rawCrownWidth":8.0,"quality":"valid","sourceYear":2013},"geometry":{"type":"Point","coordinates":[126.91398018,37.52039753]}},{"type":"Feature","id":"park-private-97607","properties":{"id":"park-private-97607","dataset":"park-private","gu":"영등포구","species":"무궁화","heightM":5.0,"crownWidthM":4.0,"rawHeight":5.0,"rawCrownWidth":4.0,"quality":"valid","sourceYear":2013},"geometry":{"type":"Point","coordinates":[126.91977127,37.52658766]}},{"type":"Feature","id":"park-private-97617","properties":{"id":"park-private-97617","dataset":"park-private","gu":"영등포구","species":"현사시","heightM":8.0,"crownWidthM":6.0,"rawHeight":8.0,"rawCrownWidth":6.0,"quality":"valid","sourceYear":2013},"geometry":{"type":"Point","coordinates":[126.91114692,37.52497954]}},{"type":"Feature","id":"park-private-97706","properties":{"id":"park-private-97706","dataset":"park-private","gu":"영등포구","species":"소나무","heightM":8.0,"crownWidthM":5.0,"rawHeight":8.0,"rawCrownWidth":5.0,"quality":"valid","sourceYear":2013},"geometry":{"type":"Point","coordinates":[126.91752926,37.52265394]}},{"type":"Feature","id":"park-private-97725","properties":{"id":"park-private-97725","dataset":"park-private","gu":"영등포구","species":"소나무","heightM":14.0,"crownWidthM":5.0,"rawHeight":14.0,"rawCrownWidth":5.0,"quality":"valid","sourceYear":2013},"geometry":{"type":"Point","coordinates":[126.9181668,37.52252578]}},{"type":"Feature","id":"park-private-97727","properties":{"id":"park-private-97727","dataset":"park-private","gu":"영등포구","species":"소나무","heightM":7.0,"crownWidthM":4.0,"rawHeight":7.0,"rawCrownWidth":4.0,"quality":"valid","sourceYear":2013},"geometry":{"type":"Point","coordinates":[126.91786232,37.52304843]}},{"type":"Feature","id":"park-private-97729","properties":{"id":"park-private-97729","dataset":"park-private","gu":"영등포구","species":"느티나무","heightM":5.0,"crownWidthM":5.0,"rawHeight":5.0,"rawCrownWidth":5.0,"quality":"valid","sourceYear":2013},"geometry":{"type":"Point","coordinates":[126.91745496,37.52847681]}},{"type":"Feature","id":"park-private-97734","properties":{"id":"park-private-97734","dataset":"park-private","gu":"영등포구","species":"소나무","heightM":7.0,"crownWidthM":4.0,"rawHeight":7.0,"rawCrownWidth":4.0,"quality":"valid","sourceYear":2013},"geometry":{"type":"Point","coordinates":[126.91720197,37.5228983]}},{"type":"Feature","id":"park-private-97785","properties":{"id":"park-private-97785","dataset":"park-private","gu":"영등포구","species":"목련","heightM":5.0,"crownWidthM":2.0,"rawHeight":5.0,"rawCrownWidth":2.0,"quality":"valid","sourceYear":2013},"geometry":{"type":"Point","coordinates":[126.91917469,37.52623912]}},{"type":"Feature","id":"park-private-97819","properties":{"id":"park-private-97819","dataset":"park-private","gu":"영등포구","species":"뽕나무","heightM":7.0,"crownWidthM":6.0,"rawHeight":7.0,"rawCrownWidth":6.0,"quality":"valid","sourceYear":2013},"geometry":{"type":"Point","coordinates":[126.91874614,37.52412188]}},{"type":"Feature","id":"park-private-97873","properties":{"id":"park-private-97873","dataset":"park-private","gu":"영등포구","species":"느티나무","heightM":8.0,"crownWidthM":7.0,"rawHeight":8.0,"rawCrownWidth":7.0,"quality":"valid","sourceYear":2013},"geometry":{"type":"Point","coordinates":[126.91551285,37.52677485]}},{"type":"Feature","id":"park-private-97875","properties":{"id":"park-private-97875","dataset":"park-private","gu":"영등포구","species":"목련","heightM":9.0,"crownWidthM":6.0,"rawHeight":9.0,"rawCrownWidth":6.0,"quality":"valid","sourceYear":2013},"geometry":{"type":"Point","coordinates":[126.918176,37.52826845]}},{"type":"Feature","id":"park-private-97878","properties":{"id":"park-private-97878","dataset":"park-private","gu":"영등포구","species":"소나무","heightM":7.0,"crownWidthM":4.0,"rawHeight":7.0,"rawCrownWidth":4.0,"quality":"valid","sourceYear":2013},"geometry":{"type":"Point","coordinates":[126.91714837,37.52327662]}},{"type":"Feature","id":"park-private-97881","properties":{"id":"park-private-97881","dataset":"park-private","gu":"영등포구","species":"느티나무","heightM":7.0,"crownWidthM":6.0,"rawHeight":7.0,"rawCrownWidth":6.0,"quality":"valid","sourceYear":2013},"geometry":{"type":"Point","coordinates":[126.91978098,37.52604956]}},{"type":"Feature","id":"park-private-97885","properties":{"id":"park-private-97885","dataset":"park-private","gu":"영등포구","species":"느티나무","heightM":7.0,"crownWidthM":6.0,"rawHeight":7.0,"rawCrownWidth":6.0,"quality":"valid","sourceYear":2013},"geometry":{"type":"Point","coordinates":[126.91744133,37.52212071]}},{"type":"Feature","id":"park-private-97895","properties":{"id":"park-private-97895","dataset":"park-private","gu":"영등포구","species":"소나무","heightM":11.0,"crownWidthM":4.0,"rawHeight":11.0,"rawCrownWidth":4.0,"quality":"valid","sourceYear":2013},"geometry":{"type":"Point","coordinates":[126.91988222,37.52489648]}},{"type":"Feature","id":"park-private-97921","properties":{"id":"park-private-97921","dataset":"park-private","gu":"영등포구","species":"느티나무","heightM":6.0,"crownWidthM":5.0,"rawHeight":6.0,"rawCrownWidth":5.0,"quality":"valid","sourceYear":2013},"geometry":{"type":"Point","coordinates":[126.91860392,37.5298079]}},{"type":"Feature","id":"park-private-97983","properties":{"id":"park-private-97983","dataset":"park-private","gu":"영등포구","species":"느티나무","heightM":6.0,"crownWidthM":6.0,"rawHeight":6.0,"rawCrownWidth":6.0,"quality":"valid","sourceYear":2013},"geometry":{"type":"Point","coordinates":[126.91922791,37.52436854]}},{"type":"Feature","id":"park-private-97996","properties":{"id":"park-private-97996","dataset":"park-private","gu":"영등포구","species":"양버즘나무","heightM":7.0,"crownWidthM":5.0,"rawHeight":7.0,"rawCrownWidth":5.0,"quality":"valid","sourceYear":2013},"geometry":{"type":"Point","coordinates":[126.91884655,37.52044419]}},{"type":"Feature","id":"park-private-98038","properties":{"id":"park-private-98038","dataset":"park-private","gu":"영등포구","species":"은행나무","heightM":10.0,"crownWidthM":4.0,"rawHeight":10.0,"rawCrownWidth":4.0,"quality":"valid","sourceYear":2013},"geometry":{"type":"Point","coordinates":[126.91929868,37.52483398]}},{"type":"Feature","id":"park-private-98042","properties":{"id":"park-private-98042","dataset":"park-private","gu":"영등포구","species":"느티나무","heightM":7.0,"crownWidthM":6.0,"rawHeight":7.0,"rawCrownWidth":6.0,"quality":"valid","sourceYear":2013},"geometry":{"type":"Point","coordinates":[126.91849902,37.5220249]}},{"type":"Feature","id":"park-private-98055","properties":{"id":"park-private-98055","dataset":"park-private","gu":"영등포구","species":"소나무","heightM":7.0,"crownWidthM":4.0,"rawHeight":7.0,"rawCrownWidth":4.0,"quality":"valid","sourceYear":2013},"geometry":{"type":"Point","coordinates":[126.91962851,37.52518151]}},{"type":"Feature","id":"park-private-98083","properties":{"id":"park-private-98083","dataset":"park-private","gu":"영등포구","species":"느티나무","heightM":7.0,"crownWidthM":7.0,"rawHeight":7.0,"rawCrownWidth":7.0,"quality":"valid","sourceYear":2013},"geometry":{"type":"Point","coordinates":[126.91467758,37.52573002]}},{"type":"Feature","id":"park-private-98084","properties":{"id":"park-private-98084","dataset":"park-private","gu":"영등포구","species":"소나무","heightM":8.0,"crownWidthM":4.0,"rawHeight":8.0,"rawCrownWidth":4.0,"quality":"valid","sourceYear":2013},"geometry":{"type":"Point","coordinates":[126.91798507,37.52234059]}},{"type":"Feature","id":"park-private-98177","properties":{"id":"park-private-98177","dataset":"park-private","gu":"영등포구","species":"느티나무","heightM":6.0,"crownWidthM":6.0,"rawHeight":6.0,"rawCrownWidth":6.0,"quality":"valid","sourceYear":2013},"geometry":{"type":"Point","coordinates":[126.91973606,37.52633982]}},{"type":"Feature","id":"park-private-98191","properties":{"id":"park-private-98191","dataset":"park-private","gu":"영등포구","species":"벚나무","heightM":6.0,"crownWidthM":6.0,"rawHeight":6.0,"rawCrownWidth":6.0,"quality":"valid","sourceYear":2013},"geometry":{"type":"Point","coordinates":[126.91283134,37.5281255]}},{"type":"Feature","id":"park-private-98260","properties":{"id":"park-private-98260","dataset":"park-private","gu":"영등포구","species":"이태리포플러","heightM":9.0,"crownWidthM":6.0,"rawHeight":9.0,"rawCrownWidth":6.0,"quality":"valid","sourceYear":2013},"geometry":{"type":"Point","coordinates":[126.91249917,37.52094219]}},{"type":"Feature","id":"park-private-98261","properties":{"id":"park-private-98261","dataset":"park-private","gu":"영등포구","species":"소나무","heightM":6.0,"crownWidthM":5.0,"rawHeight":6.0,"rawCrownWidth":5.0,"quality":"valid","sourceYear":2013},"geometry":{"type":"Point","coordinates":[126.91840124,37.52446523]}},{"type":"Feature","id":"park-private-98273","properties":{"id":"park-private-98273","dataset":"park-private","gu":"영등포구","species":"소나무","heightM":8.0,"crownWidthM":5.0,"rawHeight":8.0,"rawCrownWidth":5.0,"quality":"valid","sourceYear":2013},"geometry":{"type":"Point","coordinates":[126.91764022,37.52281494]}},{"type":"Feature","id":"park-private-98348","properties":{"id":"park-private-98348","dataset":"park-private","gu":"영등포구","species":"소나무","heightM":8.0,"crownWidthM":4.0,"rawHeight":8.0,"rawCrownWidth":4.0,"quality":"valid","sourceYear":2013},"geometry":{"type":"Point","coordinates":[126.91824258,37.52389808]}},{"type":"Feature","id":"park-private-98363","properties":{"id":"park-private-98363","dataset":"park-private","gu":"영등포구","species":"소나무","heightM":11.0,"crownWidthM":5.0,"rawHeight":11.0,"rawCrownWidth":5.0,"quality":"valid","sourceYear":2013},"geometry":{"type":"Point","coordinates":[126.91884229,37.52305619]}},{"type":"Feature","id":"park-private-98370","properties":{"id":"park-private-98370","dataset":"park-private","gu":"영등포구","species":"소나무","heightM":8.0,"crownWidthM":4.0,"rawHeight":8.0,"rawCrownWidth":4.0,"quality":"valid","sourceYear":2013},"geometry":{"type":"Point","coordinates":[126.91845229,37.52351431]}},{"type":"Feature","id":"park-private-98385","properties":{"id":"park-private-98385","dataset":"park-private","gu":"영등포구","species":"소나무","heightM":5.0,"crownWidthM":4.0,"rawHeight":5.0,"rawCrownWidth":4.0,"quality":"valid","sourceYear":2013},"geometry":{"type":"Point","coordinates":[126.9172552,37.52270916]}},{"type":"Feature","id":"park-private-98433","properties":{"id":"park-private-98433","dataset":"park-private","gu":"영등포구","species":"소나무","heightM":8.0,"crownWidthM":5.0,"rawHeight":8.0,"rawCrownWidth":5.0,"quality":"valid","sourceYear":2013},"geometry":{"type":"Point","coordinates":[126.91795415,37.52263822]}},{"type":"Feature","id":"park-private-98434","properties":{"id":"park-private-98434","dataset":"park-private","gu":"영등포구","species":"느티나무","heightM":6.0,"crownWidthM":6.0,"rawHeight":6.0,"rawCrownWidth":6.0,"quality":"valid","sourceYear":2013},"geometry":{"type":"Point","coordinates":[126.91952981,37.52456352]}},{"type":"Feature","id":"park-private-98441","properties":{"id":"park-private-98441","dataset":"park-private","gu":"영등포구","species":"느티나무","heightM":5.0,"crownWidthM":5.0,"rawHeight":5.0,"rawCrownWidth":5.0,"quality":"valid","sourceYear":2013},"geometry":{"type":"Point","coordinates":[126.91979842,37.52628677]}},{"type":"Feature","id":"park-private-98443","properties":{"id":"park-private-98443","dataset":"park-private","gu":"영등포구","species":"벚나무","heightM":5.0,"crownWidthM":4.0,"rawHeight":5.0,"rawCrownWidth":4.0,"quality":"valid","sourceYear":2013},"geometry":{"type":"Point","coordinates":[126.91925573,37.52625097]}},{"type":"Feature","id":"park-private-98471","properties":{"id":"park-private-98471","dataset":"park-private","gu":"영등포구","species":"은행나무","heightM":6.0,"crownWidthM":6.0,"rawHeight":6.0,"rawCrownWidth":6.0,"quality":"valid","sourceYear":2013},"geometry":{"type":"Point","coordinates":[126.91922657,37.52243864]}},{"type":"Feature","id":"park-private-98473","properties":{"id":"park-private-98473","dataset":"park-private","gu":"영등포구","species":"소나무","heightM":11.0,"crownWidthM":4.0,"rawHeight":11.0,"rawCrownWidth":4.0,"quality":"valid","sourceYear":2013},"geometry":{"type":"Point","coordinates":[126.91981027,37.52482758]}},{"type":"Feature","id":"park-private-98503","properties":{"id":"park-private-98503","dataset":"park-private","gu":"영등포구","species":"가중나무","heightM":10.0,"crownWidthM":8.0,"rawHeight":10.0,"rawCrownWidth":8.0,"quality":"valid","sourceYear":2013},"geometry":{"type":"Point","coordinates":[126.91320443,37.52001973]}},{"type":"Feature","id":"park-private-98505","properties":{"id":"park-private-98505","dataset":"park-private","gu":"영등포구","species":"소나무","heightM":11.0,"crownWidthM":5.0,"rawHeight":11.0,"rawCrownWidth":5.0,"quality":"valid","sourceYear":2013},"geometry":{"type":"Point","coordinates":[126.91992121,37.52354963]}},{"type":"Feature","id":"park-private-98517","properties":{"id":"park-private-98517","dataset":"park-private","gu":"영등포구","species":"단풍나무","heightM":6.0,"crownWidthM":6.0,"rawHeight":6.0,"rawCrownWidth":6.0,"quality":"valid","sourceYear":2013},"geometry":{"type":"Point","coordinates":[126.91683091,37.52342348]}},{"type":"Feature","id":"park-private-98592","properties":{"id":"park-private-98592","dataset":"park-private","gu":"영등포구","species":"소나무","heightM":11.0,"crownWidthM":4.0,"rawHeight":11.0,"rawCrownWidth":4.0,"quality":"valid","sourceYear":2013},"geometry":{"type":"Point","coordinates":[126.91949358,37.52474708]}},{"type":"Feature","id":"park-private-98654","properties":{"id":"park-private-98654","dataset":"park-private","gu":"영등포구","species":"양버즘나무","heightM":10.0,"crownWidthM":5.0,"rawHeight":10.0,"rawCrownWidth":5.0,"quality":"valid","sourceYear":2013},"geometry":{"type":"Point","coordinates":[126.91293188,37.52248936]}},{"type":"Feature","id":"park-private-98687","properties":{"id":"park-private-98687","dataset":"park-private","gu":"영등포구","species":"자귀나무","heightM":7.0,"crownWidthM":8.0,"rawHeight":7.0,"rawCrownWidth":8.0,"quality":"valid","sourceYear":2013},"geometry":{"type":"Point","coordinates":[126.91878467,37.52303895]}},{"type":"Feature","id":"park-private-98691","properties":{"id":"park-private-98691","dataset":"park-private","gu":"영등포구","species":"소나무","heightM":14.0,"crownWidthM":5.0,"rawHeight":14.0,"rawCrownWidth":5.0,"quality":"valid","sourceYear":2013},"geometry":{"type":"Point","coordinates":[126.91849028,37.52264673]}},{"type":"Feature","id":"park-private-98723","properties":{"id":"park-private-98723","dataset":"park-private","gu":"영등포구","species":"느티나무","heightM":5.0,"crownWidthM":5.0,"rawHeight":5.0,"rawCrownWidth":5.0,"quality":"valid","sourceYear":2013},"geometry":{"type":"Point","coordinates":[126.91951092,37.52268669]}},{"type":"Feature","id":"park-private-98732","properties":{"id":"park-private-98732","dataset":"park-private","gu":"영등포구","species":"은행나무","heightM":10.0,"crownWidthM":5.0,"rawHeight":10.0,"rawCrownWidth":5.0,"quality":"valid","sourceYear":2013},"geometry":{"type":"Point","coordinates":[126.91880851,37.52219036]}},{"type":"Feature","id":"park-private-98733","properties":{"id":"park-private-98733","dataset":"park-private","gu":"영등포구","species":"느티나무","heightM":5.0,"crownWidthM":6.0,"rawHeight":5.0,"rawCrownWidth":6.0,"quality":"valid","sourceYear":2013},"geometry":{"type":"Point","coordinates":[126.9174966,37.52126423]}},{"type":"Feature","id":"park-private-98734","properties":{"id":"park-private-98734","dataset":"park-private","gu":"영등포구","species":"벚나무","heightM":5.0,"crownWidthM":5.0,"rawHeight":5.0,"rawCrownWidth":5.0,"quality":"valid","sourceYear":2013},"geometry":{"type":"Point","coordinates":[126.91920242,37.52620137]}},{"type":"Feature","id":"park-private-98784","properties":{"id":"park-private-98784","dataset":"park-private","gu":"영등포구","species":"소나무","heightM":5.0,"crownWidthM":3.0,"rawHeight":5.0,"rawCrownWidth":3.0,"quality":"valid","sourceYear":2013},"geometry":{"type":"Point","coordinates":[126.91786626,37.5271987]}},{"type":"Feature","id":"park-private-98824","properties":{"id":"park-private-98824","dataset":"park-private","gu":"영등포구","species":"느티나무","heightM":7.0,"crownWidthM":6.0,"rawHeight":7.0,"rawCrownWidth":6.0,"quality":"valid","sourceYear":2013},"geometry":{"type":"Point","coordinates":[126.91813996,37.52180644]}},{"type":"Feature","id":"park-private-98830","properties":{"id":"park-private-98830","dataset":"park-private","gu":"영등포구","species":"가중나무","heightM":9.0,"crownWidthM":7.0,"rawHeight":9.0,"rawCrownWidth":7.0,"quality":"valid","sourceYear":2013},"geometry":{"type":"Point","coordinates":[126.91344981,37.52075198]}},{"type":"Feature","id":"park-private-98836","properties":{"id":"park-private-98836","dataset":"park-private","gu":"영등포구","species":"소나무","heightM":7.0,"crownWidthM":5.0,"rawHeight":7.0,"rawCrownWidth":5.0,"quality":"valid","sourceYear":2013},"geometry":{"type":"Point","coordinates":[126.91914468,37.52291048]}},{"type":"Feature","id":"park-private-98838","properties":{"id":"park-private-98838","dataset":"park-private","gu":"영등포구","species":"소나무","heightM":11.0,"crownWidthM":4.0,"rawHeight":11.0,"rawCrownWidth":4.0,"quality":"valid","sourceYear":2013},"geometry":{"type":"Point","coordinates":[126.91970952,37.52477587]}},{"type":"Feature","id":"park-private-98975","properties":{"id":"park-private-98975","dataset":"park-private","gu":"영등포구","species":"은행나무","heightM":8.0,"crownWidthM":4.0,"rawHeight":8.0,"rawCrownWidth":4.0,"quality":"valid","sourceYear":2013},"geometry":{"type":"Point","coordinates":[126.91380868,37.52087677]}},{"type":"Feature","id":"park-private-98984","properties":{"id":"park-private-98984","dataset":"park-private","gu":"영등포구","species":"양버즘나무","heightM":14.0,"crownWidthM":6.0,"rawHeight":14.0,"rawCrownWidth":6.0,"quality":"valid","sourceYear":2013},"geometry":{"type":"Point","coordinates":[126.91757235,37.5212253]}},{"type":"Feature","id":"park-private-99079","properties":{"id":"park-private-99079","dataset":"park-private","gu":"영등포구","species":"느티나무","heightM":7.0,"crownWidthM":6.0,"rawHeight":7.0,"rawCrownWidth":6.0,"quality":"valid","sourceYear":2013},"geometry":{"type":"Point","coordinates":[126.91803342,37.52398959]}},{"type":"Feature","id":"park-private-99135","properties":{"id":"park-private-99135","dataset":"park-private","gu":"영등포구","species":"소나무","heightM":11.0,"crownWidthM":4.0,"rawHeight":11.0,"rawCrownWidth":4.0,"quality":"valid","sourceYear":2013},"geometry":{"type":"Point","coordinates":[126.91883209,37.52429954]}},{"type":"Feature","id":"park-private-99176","properties":{"id":"park-private-99176","dataset":"park-private","gu":"영등포구","species":"소나무","heightM":8.0,"crownWidthM":4.0,"rawHeight":8.0,"rawCrownWidth":4.0,"quality":"valid","sourceYear":2013},"geometry":{"type":"Point","coordinates":[126.91835797,37.52384661]}},{"type":"Feature","id":"park-private-99213","properties":{"id":"park-private-99213","dataset":"park-private","gu":"영등포구","species":"목련","heightM":14.0,"crownWidthM":8.0,"rawHeight":14.0,"rawCrownWidth":8.0,"quality":"valid","sourceYear":2013},"geometry":{"type":"Point","coordinates":[126.91811361,37.52833575]}},{"type":"Feature","id":"park-private-99225","properties":{"id":"park-private-99225","dataset":"park-private","gu":"영등포구","species":"벚나무","heightM":6.0,"crownWidthM":7.0,"rawHeight":6.0,"rawCrownWidth":7.0,"quality":"valid","sourceYear":2013},"geometry":{"type":"Point","coordinates":[126.91294634,37.52012665]}},{"type":"Feature","id":"park-private-99235","properties":{"id":"park-private-99235","dataset":"park-private","gu":"영등포구","species":"은행나무","heightM":8.0,"crownWidthM":5.0,"rawHeight":8.0,"rawCrownWidth":5.0,"quality":"valid","sourceYear":2013},"geometry":{"type":"Point","coordinates":[126.9198673,37.52283718]}},{"type":"Feature","id":"park-private-99268","properties":{"id":"park-private-99268","dataset":"park-private","gu":"영등포구","species":"소나무","heightM":7.0,"crownWidthM":5.0,"rawHeight":7.0,"rawCrownWidth":5.0,"quality":"valid","sourceYear":2013},"geometry":{"type":"Point","coordinates":[126.91840893,37.52286387]}},{"type":"Feature","id":"park-private-99278","properties":{"id":"park-private-99278","dataset":"park-private","gu":"영등포구","species":"양버즘나무","heightM":10.0,"crownWidthM":6.0,"rawHeight":10.0,"rawCrownWidth":6.0,"quality":"valid","sourceYear":2013},"geometry":{"type":"Point","coordinates":[126.91915657,37.52025484]}},{"type":"Feature","id":"park-private-99282","properties":{"id":"park-private-99282","dataset":"park-private","gu":"영등포구","species":"느티나무","heightM":8.0,"crownWidthM":7.0,"rawHeight":8.0,"rawCrownWidth":7.0,"quality":"valid","sourceYear":2013},"geometry":{"type":"Point","coordinates":[126.91889666,37.52514191]}},{"type":"Feature","id":"park-private-99301","properties":{"id":"park-private-99301","dataset":"park-private","gu":"영등포구","species":"양버즘나무","heightM":10.0,"crownWidthM":5.0,"rawHeight":10.0,"rawCrownWidth":5.0,"quality":"valid","sourceYear":2013},"geometry":{"type":"Point","coordinates":[126.91282552,37.52265253]}},{"type":"Feature","id":"park-private-99327","properties":{"id":"park-private-99327","dataset":"park-private","gu":"영등포구","species":"벚나무","heightM":6.0,"crownWidthM":6.0,"rawHeight":6.0,"rawCrownWidth":6.0,"quality":"valid","sourceYear":2013},"geometry":{"type":"Point","coordinates":[126.9171737,37.52623869]}},{"type":"Feature","id":"park-private-99347","properties":{"id":"park-private-99347","dataset":"park-private","gu":"영등포구","species":"은행나무","heightM":12.0,"crownWidthM":8.0,"rawHeight":12.0,"rawCrownWidth":8.0,"quality":"valid","sourceYear":2013},"geometry":{"type":"Point","coordinates":[126.91816638,37.52872232]}},{"type":"Feature","id":"park-private-99391","properties":{"id":"park-private-99391","dataset":"park-private","gu":"영등포구","species":"은행나무","heightM":8.0,"crownWidthM":6.0,"rawHeight":8.0,"rawCrownWidth":6.0,"quality":"valid","sourceYear":2013},"geometry":{"type":"Point","coordinates":[126.9136238,37.52082914]}},{"type":"Feature","id":"park-private-99406","properties":{"id":"park-private-99406","dataset":"park-private","gu":"영등포구","species":"소나무","heightM":8.0,"crownWidthM":4.0,"rawHeight":8.0,"rawCrownWidth":4.0,"quality":"valid","sourceYear":2013},"geometry":{"type":"Point","coordinates":[126.9182931,37.52385801]}},{"type":"Feature","id":"park-private-99421","properties":{"id":"park-private-99421","dataset":"park-private","gu":"영등포구","species":"느티나무","heightM":6.0,"crownWidthM":6.0,"rawHeight":6.0,"rawCrownWidth":6.0,"quality":"valid","sourceYear":2013},"geometry":{"type":"Point","coordinates":[126.91988227,37.52481613]}},{"type":"Feature","id":"park-private-99488","properties":{"id":"park-private-99488","dataset":"park-private","gu":"영등포구","species":"벚나무","heightM":7.0,"crownWidthM":6.0,"rawHeight":7.0,"rawCrownWidth":6.0,"quality":"valid","sourceYear":2013},"geometry":{"type":"Point","coordinates":[126.91521935,37.52659427]}},{"type":"Feature","id":"park-private-99490","properties":{"id":"park-private-99490","dataset":"park-private","gu":"영등포구","species":"느티나무","heightM":7.0,"crownWidthM":6.0,"rawHeight":7.0,"rawCrownWidth":6.0,"quality":"valid","sourceYear":2013},"geometry":{"type":"Point","coordinates":[126.91754385,37.52853365]}},{"type":"Feature","id":"park-private-99498","properties":{"id":"park-private-99498","dataset":"park-private","gu":"영등포구","species":"소나무","heightM":8.0,"crownWidthM":5.0,"rawHeight":8.0,"rawCrownWidth":5.0,"quality":"valid","sourceYear":2013},"geometry":{"type":"Point","coordinates":[126.91726521,37.52319272]}},{"type":"Feature","id":"park-private-99509","properties":{"id":"park-private-99509","dataset":"park-private","gu":"영등포구","species":"이태리포플러","heightM":12.0,"crownWidthM":9.0,"rawHeight":12.0,"rawCrownWidth":9.0,"quality":"valid","sourceYear":2013},"geometry":{"type":"Point","coordinates":[126.91301713,37.52108336]}},{"type":"Feature","id":"park-private-99512","properties":{"id":"park-private-99512","dataset":"park-private","gu":"영등포구","species":"벚나무","heightM":5.0,"crownWidthM":6.0,"rawHeight":5.0,"rawCrownWidth":6.0,"quality":"valid","sourceYear":2013},"geometry":{"type":"Point","coordinates":[126.91966864,37.52678938]}},{"type":"Feature","id":"park-private-99535","properties":{"id":"park-private-99535","dataset":"park-private","gu":"영등포구","species":"은행나무","heightM":8.0,"crownWidthM":6.0,"rawHeight":8.0,"rawCrownWidth":6.0,"quality":"valid","sourceYear":2013},"geometry":{"type":"Point","coordinates":[126.91774406,37.52566573]}},{"type":"Feature","id":"park-private-99551","properties":{"id":"park-private-99551","dataset":"park-private","gu":"영등포구","species":"소나무","heightM":8.0,"crownWidthM":3.0,"rawHeight":8.0,"rawCrownWidth":3.0,"quality":"valid","sourceYear":2013},"geometry":{"type":"Point","coordinates":[126.91852439,37.52349145]}},{"type":"Feature","id":"park-private-99562","properties":{"id":"park-private-99562","dataset":"park-private","gu":"영등포구","species":"양버즘나무","heightM":10.0,"crownWidthM":6.0,"rawHeight":10.0,"rawCrownWidth":6.0,"quality":"valid","sourceYear":2013},"geometry":{"type":"Point","coordinates":[126.91902616,37.52046221]}},{"type":"Feature","id":"park-private-99585","properties":{"id":"park-private-99585","dataset":"park-private","gu":"영등포구","species":"벚나무","heightM":5.0,"crownWidthM":3.0,"rawHeight":5.0,"rawCrownWidth":3.0,"quality":"valid","sourceYear":2013},"geometry":{"type":"Point","coordinates":[126.91447683,37.52606302]}},{"type":"Feature","id":"park-private-99592","properties":{"id":"park-private-99592","dataset":"park-private","gu":"영등포구","species":"굴참나무","heightM":8.0,"crownWidthM":5.0,"rawHeight":8.0,"rawCrownWidth":5.0,"quality":"valid","sourceYear":2013},"geometry":{"type":"Point","coordinates":[126.91750727,37.52356299]}},{"type":"Feature","id":"park-private-99606","properties":{"id":"park-private-99606","dataset":"park-private","gu":"영등포구","species":"은행나무","heightM":10.0,"crownWidthM":4.0,"rawHeight":10.0,"rawCrownWidth":4.0,"quality":"valid","sourceYear":2013},"geometry":{"type":"Point","coordinates":[126.91980017,37.52515001]}},{"type":"Feature","id":"park-private-99650","properties":{"id":"park-private-99650","dataset":"park-private","gu":"영등포구","species":"느티나무","heightM":6.0,"crownWidthM":7.0,"rawHeight":6.0,"rawCrownWidth":7.0,"quality":"valid","sourceYear":2013},"geometry":{"type":"Point","coordinates":[126.91714696,37.52626696]}},{"type":"Feature","id":"park-private-99657","properties":{"id":"park-private-99657","dataset":"park-private","gu":"영등포구","species":"소나무","heightM":8.0,"crownWidthM":4.0,"rawHeight":8.0,"rawCrownWidth":4.0,"quality":"valid","sourceYear":2013},"geometry":{"type":"Point","coordinates":[126.91851699,37.52359459]}},{"type":"Feature","id":"park-private-99667","properties":{"id":"park-private-99667","dataset":"park-private","gu":"영등포구","species":"소나무","heightM":8.0,"crownWidthM":3.0,"rawHeight":8.0,"rawCrownWidth":3.0,"quality":"valid","sourceYear":2013},"geometry":{"type":"Point","coordinates":[126.9185387,37.52354303]}},{"type":"Feature","id":"park-private-99677","properties":{"id":"park-private-99677","dataset":"park-private","gu":"영등포구","species":"느티나무","heightM":6.0,"crownWidthM":6.0,"rawHeight":6.0,"rawCrownWidth":6.0,"quality":"valid","sourceYear":2013},"geometry":{"type":"Point","coordinates":[126.91725974,37.52815409]}},{"type":"Feature","id":"park-private-99693","properties":{"id":"park-private-99693","dataset":"park-private","gu":"영등포구","species":"느티나무","heightM":6.0,"crownWidthM":6.0,"rawHeight":6.0,"rawCrownWidth":6.0,"quality":"valid","sourceYear":2013},"geometry":{"type":"Point","coordinates":[126.91959385,37.5262406]}},{"type":"Feature","id":"park-private-99705","properties":{"id":"park-private-99705","dataset":"park-private","gu":"영등포구","species":"소나무","heightM":5.0,"crownWidthM":5.0,"rawHeight":5.0,"rawCrownWidth":5.0,"quality":"valid","sourceYear":2013},"geometry":{"type":"Point","coordinates":[126.91928802,37.52339455]}},{"type":"Feature","id":"park-private-99721","properties":{"id":"park-private-99721","dataset":"park-private","gu":"영등포구","species":"느티나무","heightM":5.0,"crownWidthM":6.0,"rawHeight":5.0,"rawCrownWidth":6.0,"quality":"valid","sourceYear":2013},"geometry":{"type":"Point","coordinates":[126.91883663,37.52476009]}},{"type":"Feature","id":"park-private-99728","properties":{"id":"park-private-99728","dataset":"park-private","gu":"영등포구","species":"느티나무","heightM":6.0,"crownWidthM":6.0,"rawHeight":6.0,"rawCrownWidth":6.0,"quality":"valid","sourceYear":2013},"geometry":{"type":"Point","coordinates":[126.91947487,37.52352644]}},{"type":"Feature","id":"park-private-99750","properties":{"id":"park-private-99750","dataset":"park-private","gu":"영등포구","species":"소나무","heightM":7.0,"crownWidthM":5.0,"rawHeight":7.0,"rawCrownWidth":5.0,"quality":"valid","sourceYear":2013},"geometry":{"type":"Point","coordinates":[126.91817581,37.52310501]}},{"type":"Feature","id":"park-private-99758","properties":{"id":"park-private-99758","dataset":"park-private","gu":"영등포구","species":"은행나무","heightM":8.0,"crownWidthM":4.0,"rawHeight":8.0,"rawCrownWidth":4.0,"quality":"valid","sourceYear":2013},"geometry":{"type":"Point","coordinates":[126.91984726,37.52029083]}},{"type":"Feature","id":"park-private-99763","properties":{"id":"park-private-99763","dataset":"park-private","gu":"영등포구","species":"소나무","heightM":7.0,"crownWidthM":5.0,"rawHeight":7.0,"rawCrownWidth":5.0,"quality":"valid","sourceYear":2013},"geometry":{"type":"Point","coordinates":[126.91965874,37.52328909]}},{"type":"Feature","id":"park-private-99791","properties":{"id":"park-private-99791","dataset":"park-private","gu":"영등포구","species":"은행나무","heightM":9.0,"crownWidthM":7.0,"rawHeight":9.0,"rawCrownWidth":7.0,"quality":"valid","sourceYear":2013},"geometry":{"type":"Point","coordinates":[126.91973149,37.5210596]}},{"type":"Feature","id":"park-private-99792","properties":{"id":"park-private-99792","dataset":"park-private","gu":"영등포구","species":"은행나무","heightM":10.0,"crownWidthM":4.0,"rawHeight":10.0,"rawCrownWidth":4.0,"quality":"valid","sourceYear":2013},"geometry":{"type":"Point","coordinates":[126.91883693,37.52449702]}},{"type":"Feature","id":"park-private-99815","properties":{"id":"park-private-99815","dataset":"park-private","gu":"영등포구","species":"느티나무","heightM":7.0,"crownWidthM":7.0,"rawHeight":7.0,"rawCrownWidth":7.0,"quality":"valid","sourceYear":2013},"geometry":{"type":"Point","coordinates":[126.91339341,37.52000096]}},{"type":"Feature","id":"park-private-99841","properties":{"id":"park-private-99841","dataset":"park-private","gu":"영등포구","species":"벚나무","heightM":5.0,"crownWidthM":4.0,"rawHeight":5.0,"rawCrownWidth":4.0,"quality":"valid","sourceYear":2013},"geometry":{"type":"Point","coordinates":[126.91989591,37.52653819]}},{"type":"Feature","id":"park-private-99865","properties":{"id":"park-private-99865","dataset":"park-private","gu":"영등포구","species":"모과나무","heightM":6.0,"crownWidthM":5.0,"rawHeight":6.0,"rawCrownWidth":5.0,"quality":"valid","sourceYear":2013},"geometry":{"type":"Point","coordinates":[126.91831319,37.52233171]}},{"type":"Feature","id":"park-private-99886","properties":{"id":"park-private-99886","dataset":"park-private","gu":"영등포구","species":"소나무","heightM":6.0,"crownWidthM":5.0,"rawHeight":6.0,"rawCrownWidth":5.0,"quality":"valid","sourceYear":2013},"geometry":{"type":"Point","coordinates":[126.91864542,37.52409317]}},{"type":"Feature","id":"park-private-99936","properties":{"id":"park-private-99936","dataset":"park-private","gu":"영등포구","species":"벚나무","heightM":6.0,"crownWidthM":6.0,"rawHeight":6.0,"rawCrownWidth":6.0,"quality":"valid","sourceYear":2013},"geometry":{"type":"Point","coordinates":[126.91298762,37.52776798]}},{"type":"Feature","id":"park-private-99942","properties":{"id":"park-private-99942","dataset":"park-private","gu":"영등포구","species":"목련","heightM":6.0,"crownWidthM":4.0,"rawHeight":6.0,"rawCrownWidth":4.0,"quality":"valid","sourceYear":2013},"geometry":{"type":"Point","coordinates":[126.91896027,37.52745086]}},{"type":"Feature","id":"park-private-99951","properties":{"id":"park-private-99951","dataset":"park-private","gu":"영등포구","species":"양버즘나무","heightM":12.0,"crownWidthM":8.0,"rawHeight":12.0,"rawCrownWidth":8.0,"quality":"valid","sourceYear":2013},"geometry":{"type":"Point","coordinates":[126.91407722,37.52041174]}},{"type":"Feature","id":"park-private-99963","properties":{"id":"park-private-99963","dataset":"park-private","gu":"영등포구","species":"느티나무","heightM":6.0,"crownWidthM":7.0,"rawHeight":6.0,"rawCrownWidth":7.0,"quality":"valid","sourceYear":2013},"geometry":{"type":"Point","coordinates":[126.91280213,37.52045094]}},{"type":"Feature","id":"park-private-100001","properties":{"id":"park-private-100001","dataset":"park-private","gu":"영등포구","species":"소나무","heightM":8.0,"crownWidthM":7.0,"rawHeight":8.0,"rawCrownWidth":7.0,"quality":"valid","sourceYear":2013},"geometry":{"type":"Point","coordinates":[126.91872231,37.52297677]}},{"type":"Feature","id":"park-private-100007","properties":{"id":"park-private-100007","dataset":"park-private","gu":"영등포구","species":"소나무","heightM":8.0,"crownWidthM":5.0,"rawHeight":8.0,"rawCrownWidth":5.0,"quality":"valid","sourceYear":2013},"geometry":{"type":"Point","coordinates":[126.91778234,37.52255763]}},{"type":"Feature","id":"park-private-100045","properties":{"id":"park-private-100045","dataset":"park-private","gu":"영등포구","species":"가중나무","heightM":10.0,"crownWidthM":5.0,"rawHeight":10.0,"rawCrownWidth":5.0,"quality":"valid","sourceYear":2013},"geometry":{"type":"Point","coordinates":[126.91347334,37.52077633]}},{"type":"Feature","id":"park-private-100055","properties":{"id":"park-private-100055","dataset":"park-private","gu":"영등포구","species":"느티나무","heightM":7.0,"crownWidthM":6.0,"rawHeight":7.0,"rawCrownWidth":6.0,"quality":"valid","sourceYear":2013},"geometry":{"type":"Point","coordinates":[126.91863055,37.52211933]}},{"type":"Feature","id":"park-private-100058","properties":{"id":"park-private-100058","dataset":"park-private","gu":"영등포구","species":"느티나무","heightM":6.0,"crownWidthM":6.0,"rawHeight":6.0,"rawCrownWidth":6.0,"quality":"valid","sourceYear":2013},"geometry":{"type":"Point","coordinates":[126.91993505,37.52376736]}},{"type":"Feature","id":"park-private-100079","properties":{"id":"park-private-100079","dataset":"park-private","gu":"영등포구","species":"벚나무","heightM":5.0,"crownWidthM":5.0,"rawHeight":5.0,"rawCrownWidth":5.0,"quality":"valid","sourceYear":2013},"geometry":{"type":"Point","coordinates":[126.91926481,37.52612707]}},{"type":"Feature","id":"park-private-100080","properties":{"id":"park-private-100080","dataset":"park-private","gu":"영등포구","species":"느티나무","heightM":5.0,"crownWidthM":5.0,"rawHeight":5.0,"rawCrownWidth":5.0,"quality":"valid","sourceYear":2013},"geometry":{"type":"Point","coordinates":[126.91748011,37.52258323]}},{"type":"Feature","id":"park-private-100082","properties":{"id":"park-private-100082","dataset":"park-private","gu":"영등포구","species":"소나무","heightM":14.0,"crownWidthM":5.0,"rawHeight":14.0,"rawCrownWidth":5.0,"quality":"valid","sourceYear":2013},"geometry":{"type":"Point","coordinates":[126.91837888,37.52271099]}},{"type":"Feature","id":"park-private-100104","properties":{"id":"park-private-100104","dataset":"park-private","gu":"영등포구","species":"소나무","heightM":7.0,"crownWidthM":5.0,"rawHeight":7.0,"rawCrownWidth":5.0,"quality":"valid","sourceYear":2013},"geometry":{"type":"Point","coordinates":[126.91919301,37.5248971]}},{"type":"Feature","id":"park-private-100147","properties":{"id":"park-private-100147","dataset":"park-private","gu":"영등포구","species":"느티나무","heightM":7.0,"crownWidthM":7.0,"rawHeight":7.0,"rawCrownWidth":7.0,"quality":"valid","sourceYear":2013},"geometry":{"type":"Point","coordinates":[126.91730295,37.52610792]}},{"type":"Feature","id":"park-private-100177","properties":{"id":"park-private-100177","dataset":"park-private","gu":"영등포구","species":"느티나무","heightM":6.0,"crownWidthM":7.0,"rawHeight":6.0,"rawCrownWidth":7.0,"quality":"valid","sourceYear":2013},"geometry":{"type":"Point","coordinates":[126.91862556,37.52334254]}},{"type":"Feature","id":"park-private-100214","properties":{"id":"park-private-100214","dataset":"park-private","gu":"영등포구","species":"소나무","heightM":8.0,"crownWidthM":5.0,"rawHeight":8.0,"rawCrownWidth":5.0,"quality":"valid","sourceYear":2013},"geometry":{"type":"Point","coordinates":[126.91764055,37.522646]}},{"type":"Feature","id":"park-private-100225","properties":{"id":"park-private-100225","dataset":"park-private","gu":"영등포구","species":"벚나무","heightM":8.0,"crownWidthM":7.0,"rawHeight":8.0,"rawCrownWidth":7.0,"quality":"valid","sourceYear":2013},"geometry":{"type":"Point","coordinates":[126.91746173,37.52593633]}},{"type":"Feature","id":"park-private-100232","properties":{"id":"park-private-100232","dataset":"park-private","gu":"영등포구","species":"소나무","heightM":8.0,"crownWidthM":7.0,"rawHeight":8.0,"rawCrownWidth":7.0,"quality":"valid","sourceYear":2013},"geometry":{"type":"Point","coordinates":[126.91879323,37.52292051]}},{"type":"Feature","id":"park-private-100250","properties":{"id":"park-private-100250","dataset":"park-private","gu":"영등포구","species":"느티나무","heightM":7.0,"crownWidthM":7.0,"rawHeight":7.0,"rawCrownWidth":7.0,"quality":"valid","sourceYear":2013},"geometry":{"type":"Point","coordinates":[126.91933386,37.52248674]}},{"type":"Feature","id":"park-private-100259","properties":{"id":"park-private-100259","dataset":"park-private","gu":"영등포구","species":"은행나무","heightM":10.0,"crownWidthM":6.0,"rawHeight":10.0,"rawCrownWidth":6.0,"quality":"valid","sourceYear":2013},"geometry":{"type":"Point","coordinates":[126.91270651,37.52222443]}},{"type":"Feature","id":"park-private-100304","properties":{"id":"park-private-100304","dataset":"park-private","gu":"영등포구","species":"소나무","heightM":5.0,"crownWidthM":5.0,"rawHeight":5.0,"rawCrownWidth":5.0,"quality":"valid","sourceYear":2013},"geometry":{"type":"Point","coordinates":[126.91835769,37.52320975]}},{"type":"Feature","id":"park-private-100360","properties":{"id":"park-private-100360","dataset":"park-private","gu":"영등포구","species":"느티나무","heightM":5.0,"crownWidthM":3.0,"rawHeight":5.0,"rawCrownWidth":3.0,"quality":"valid","sourceYear":2013},"geometry":{"type":"Point","coordinates":[126.91882811,37.52974747]}},{"type":"Feature","id":"park-private-100364","properties":{"id":"park-private-100364","dataset":"park-private","gu":"영등포구","species":"양버즘나무","heightM":10.0,"crownWidthM":5.0,"rawHeight":10.0,"rawCrownWidth":5.0,"quality":"valid","sourceYear":2013},"geometry":{"type":"Point","coordinates":[126.9125725,37.52301673]}},{"type":"Feature","id":"park-private-100365","properties":{"id":"park-private-100365","dataset":"park-private","gu":"영등포구","species":"느티나무","heightM":8.0,"crownWidthM":9.0,"rawHeight":8.0,"rawCrownWidth":9.0,"quality":"valid","sourceYear":2013},"geometry":{"type":"Point","coordinates":[126.91750768,37.5219419]}},{"type":"Feature","id":"park-private-100372","properties":{"id":"park-private-100372","dataset":"park-private","gu":"영등포구","species":"소나무","heightM":11.0,"crownWidthM":4.0,"rawHeight":11.0,"rawCrownWidth":4.0,"quality":"valid","sourceYear":2013},"geometry":{"type":"Point","coordinates":[126.9192133,37.52444874]}},{"type":"Feature","id":"park-private-100384","properties":{"id":"park-private-100384","dataset":"park-private","gu":"영등포구","species":"벚나무","heightM":6.0,"crownWidthM":7.0,"rawHeight":6.0,"rawCrownWidth":7.0,"quality":"valid","sourceYear":2013},"geometry":{"type":"Point","coordinates":[126.91790232,37.52328981]}},{"type":"Feature","id":"park-private-100414","properties":{"id":"park-private-100414","dataset":"park-private","gu":"영등포구","species":"단풍나무","heightM":6.0,"crownWidthM":5.0,"rawHeight":6.0,"rawCrownWidth":5.0,"quality":"valid","sourceYear":2013},"geometry":{"type":"Point","coordinates":[126.91888529,37.52317657]}},{"type":"Feature","id":"park-private-100433","properties":{"id":"park-private-100433","dataset":"park-private","gu":"영등포구","species":"느티나무","heightM":6.0,"crownWidthM":7.0,"rawHeight":6.0,"rawCrownWidth":7.0,"quality":"valid","sourceYear":2013},"geometry":{"type":"Point","coordinates":[126.9199927,37.52294799]}},{"type":"Feature","id":"park-private-100440","properties":{"id":"park-private-100440","dataset":"park-private","gu":"영등포구","species":"양버즘나무","heightM":10.0,"crownWidthM":6.0,"rawHeight":10.0,"rawCrownWidth":6.0,"quality":"valid","sourceYear":2013},"geometry":{"type":"Point","coordinates":[126.91930024,37.52029072]}},{"type":"Feature","id":"park-private-100448","properties":{"id":"park-private-100448","dataset":"park-private","gu":"영등포구","species":"벚나무","heightM":5.0,"crownWidthM":6.0,"rawHeight":5.0,"rawCrownWidth":6.0,"quality":"valid","sourceYear":2013},"geometry":{"type":"Point","coordinates":[126.91444654,37.52541067]}},{"type":"Feature","id":"park-private-100503","properties":{"id":"park-private-100503","dataset":"park-private","gu":"영등포구","species":"느티나무","heightM":8.0,"crownWidthM":6.0,"rawHeight":8.0,"rawCrownWidth":6.0,"quality":"valid","sourceYear":2013},"geometry":{"type":"Point","coordinates":[126.91756176,37.52845921]}},{"type":"Feature","id":"park-private-100553","properties":{"id":"park-private-100553","dataset":"park-private","gu":"영등포구","species":"느티나무","heightM":7.0,"crownWidthM":6.0,"rawHeight":7.0,"rawCrownWidth":6.0,"quality":"valid","sourceYear":2013},"geometry":{"type":"Point","coordinates":[126.91742773,37.52597348]}},{"type":"Feature","id":"park-private-100557","properties":{"id":"park-private-100557","dataset":"park-private","gu":"영등포구","species":"산사나무","heightM":5.0,"crownWidthM":3.0,"rawHeight":5.0,"rawCrownWidth":3.0,"quality":"valid","sourceYear":2013},"geometry":{"type":"Point","coordinates":[126.91860908,37.52422492]}},{"type":"Feature","id":"park-private-100559","properties":{"id":"park-private-100559","dataset":"park-private","gu":"영등포구","species":"은행나무","heightM":7.0,"crownWidthM":3.0,"rawHeight":7.0,"rawCrownWidth":3.0,"quality":"valid","sourceYear":2013},"geometry":{"type":"Point","coordinates":[126.91884017,37.52221116]}},{"type":"Feature","id":"park-private-100580","properties":{"id":"park-private-100580","dataset":"park-private","gu":"영등포구","species":"느티나무","heightM":7.0,"crownWidthM":8.0,"rawHeight":7.0,"rawCrownWidth":8.0,"quality":"valid","sourceYear":2013},"geometry":{"type":"Point","coordinates":[126.91863724,37.52632486]}},{"type":"Feature","id":"park-private-100582","properties":{"id":"park-private-100582","dataset":"park-private","gu":"영등포구","species":"소나무","heightM":5.0,"crownWidthM":5.0,"rawHeight":5.0,"rawCrownWidth":5.0,"quality":"valid","sourceYear":2013},"geometry":{"type":"Point","coordinates":[126.91954933,37.52512885]}},{"type":"Feature","id":"park-private-100589","properties":{"id":"park-private-100589","dataset":"park-private","gu":"영등포구","species":"벚나무","heightM":6.0,"crownWidthM":6.0,"rawHeight":6.0,"rawCrownWidth":6.0,"quality":"valid","sourceYear":2013},"geometry":{"type":"Point","coordinates":[126.91863857,37.52838115]}},{"type":"Feature","id":"park-private-100602","properties":{"id":"park-private-100602","dataset":"park-private","gu":"영등포구","species":"느티나무","heightM":6.0,"crownWidthM":6.0,"rawHeight":6.0,"rawCrownWidth":6.0,"quality":"valid","sourceYear":2013},"geometry":{"type":"Point","coordinates":[126.91901228,37.52422517]}},{"type":"Feature","id":"park-private-100623","properties":{"id":"park-private-100623","dataset":"park-private","gu":"영등포구","species":"벚나무","heightM":5.0,"crownWidthM":5.0,"rawHeight":5.0,"rawCrownWidth":5.0,"quality":"valid","sourceYear":2013},"geometry":{"type":"Point","coordinates":[126.91806425,37.52324972]}},{"type":"Feature","id":"park-private-100651","properties":{"id":"park-private-100651","dataset":"park-private","gu":"영등포구","species":"느티나무","heightM":5.0,"crownWidthM":7.0,"rawHeight":5.0,"rawCrownWidth":7.0,"quality":"valid","sourceYear":2013},"geometry":{"type":"Point","coordinates":[126.91826972,37.52475843]}},{"type":"Feature","id":"park-private-100657","properties":{"id":"park-private-100657","dataset":"park-private","gu":"영등포구","species":"느티나무","heightM":8.0,"crownWidthM":8.0,"rawHeight":8.0,"rawCrownWidth":8.0,"quality":"valid","sourceYear":2013},"geometry":{"type":"Point","coordinates":[126.91913677,37.52529105]}},{"type":"Feature","id":"park-private-100676","properties":{"id":"park-private-100676","dataset":"park-private","gu":"영등포구","species":"벚나무","heightM":5.0,"crownWidthM":6.0,"rawHeight":5.0,"rawCrownWidth":6.0,"quality":"valid","sourceYear":2013},"geometry":{"type":"Point","coordinates":[126.91446439,37.52538228]}},{"type":"Feature","id":"park-private-100708","properties":{"id":"park-private-100708","dataset":"park-private","gu":"영등포구","species":"벚나무","heightM":5.0,"crownWidthM":6.0,"rawHeight":5.0,"rawCrownWidth":6.0,"quality":"valid","sourceYear":2013},"geometry":{"type":"Point","coordinates":[126.91448669,37.52535035]}},{"type":"Feature","id":"park-private-100714","properties":{"id":"park-private-100714","dataset":"park-private","gu":"영등포구","species":"벚나무","heightM":6.0,"crownWidthM":7.0,"rawHeight":6.0,"rawCrownWidth":7.0,"quality":"valid","sourceYear":2013},"geometry":{"type":"Point","coordinates":[126.91994474,37.52074459]}},{"type":"Feature","id":"park-private-100729","properties":{"id":"park-private-100729","dataset":"park-private","gu":"영등포구","species":"단풍나무","heightM":8.0,"crownWidthM":9.0,"rawHeight":8.0,"rawCrownWidth":9.0,"quality":"valid","sourceYear":2013},"geometry":{"type":"Point","coordinates":[126.91833715,37.52337063]}},{"type":"Feature","id":"park-private-100736","properties":{"id":"park-private-100736","dataset":"park-private","gu":"영등포구","species":"느티나무","heightM":7.0,"crownWidthM":7.0,"rawHeight":7.0,"rawCrownWidth":7.0,"quality":"valid","sourceYear":2013},"geometry":{"type":"Point","coordinates":[126.91810216,37.527121]}},{"type":"Feature","id":"park-private-100747","properties":{"id":"park-private-100747","dataset":"park-private","gu":"영등포구","species":"양버즘나무","heightM":10.0,"crownWidthM":6.0,"rawHeight":10.0,"rawCrownWidth":6.0,"quality":"valid","sourceYear":2013},"geometry":{"type":"Point","coordinates":[126.91903067,37.52043717]}},{"type":"Feature","id":"park-private-100750","properties":{"id":"park-private-100750","dataset":"park-private","gu":"영등포구","species":"벚나무","heightM":8.0,"crownWidthM":5.0,"rawHeight":8.0,"rawCrownWidth":5.0,"quality":"valid","sourceYear":2013},"geometry":{"type":"Point","coordinates":[126.91807372,37.52358761]}},{"type":"Feature","id":"park-private-100752","properties":{"id":"park-private-100752","dataset":"park-private","gu":"영등포구","species":"단풍나무","heightM":5.0,"crownWidthM":6.0,"rawHeight":5.0,"rawCrownWidth":6.0,"quality":"valid","sourceYear":2013},"geometry":{"type":"Point","coordinates":[126.91884198,37.52321665]}},{"type":"Feature","id":"park-private-100774","properties":{"id":"park-private-100774","dataset":"park-private","gu":"영등포구","species":"소나무","heightM":8.0,"crownWidthM":5.0,"rawHeight":8.0,"rawCrownWidth":5.0,"quality":"valid","sourceYear":2013},"geometry":{"type":"Point","coordinates":[126.91781258,37.52261397]}},{"type":"Feature","id":"park-private-100810","properties":{"id":"park-private-100810","dataset":"park-private","gu":"영등포구","species":"매화나무","heightM":5.0,"crownWidthM":3.0,"rawHeight":5.0,"rawCrownWidth":3.0,"quality":"valid","sourceYear":2013},"geometry":{"type":"Point","coordinates":[126.91872694,37.52308474]}},{"type":"Feature","id":"park-private-100815","properties":{"id":"park-private-100815","dataset":"park-private","gu":"영등포구","species":"느티나무","heightM":6.0,"crownWidthM":6.0,"rawHeight":6.0,"rawCrownWidth":6.0,"quality":"valid","sourceYear":2013},"geometry":{"type":"Point","coordinates":[126.91998301,37.52487931]}},{"type":"Feature","id":"park-private-100816","properties":{"id":"park-private-100816","dataset":"park-private","gu":"영등포구","species":"소나무","heightM":9.0,"crownWidthM":4.0,"rawHeight":9.0,"rawCrownWidth":4.0,"quality":"valid","sourceYear":2013},"geometry":{"type":"Point","coordinates":[126.9184081,37.52329829]}},{"type":"Feature","id":"park-private-100843","properties":{"id":"park-private-100843","dataset":"park-private","gu":"영등포구","species":"모과나무","heightM":6.0,"crownWidthM":4.0,"rawHeight":6.0,"rawCrownWidth":4.0,"quality":"valid","sourceYear":2013},"geometry":{"type":"Point","coordinates":[126.91878439,37.52318794]}},{"type":"Feature","id":"park-private-100846","properties":{"id":"park-private-100846","dataset":"park-private","gu":"영등포구","species":"양버즘나무","heightM":9.0,"crownWidthM":7.0,"rawHeight":9.0,"rawCrownWidth":7.0,"quality":"valid","sourceYear":2013},"geometry":{"type":"Point","coordinates":[126.91004377,37.52308911]}},{"type":"Feature","id":"park-private-100858","properties":{"id":"park-private-100858","dataset":"park-private","gu":"영등포구","species":"소나무","heightM":5.0,"crownWidthM":5.0,"rawHeight":5.0,"rawCrownWidth":5.0,"quality":"valid","sourceYear":2013},"geometry":{"type":"Point","coordinates":[126.91734793,37.52259363]}},{"type":"Feature","id":"park-private-100900","properties":{"id":"park-private-100900","dataset":"park-private","gu":"영등포구","species":"소나무","heightM":6.0,"crownWidthM":5.0,"rawHeight":6.0,"rawCrownWidth":5.0,"quality":"valid","sourceYear":2013},"geometry":{"type":"Point","coordinates":[126.9181658,37.52304869]}},{"type":"Feature","id":"park-private-100906","properties":{"id":"park-private-100906","dataset":"park-private","gu":"영등포구","species":"벚나무","heightM":5.0,"crownWidthM":6.0,"rawHeight":5.0,"rawCrownWidth":6.0,"quality":"valid","sourceYear":2013},"geometry":{"type":"Point","coordinates":[126.91434842,37.52555259]}},{"type":"Feature","id":"park-private-100923","properties":{"id":"park-private-100923","dataset":"park-private","gu":"영등포구","species":"소나무","heightM":6.0,"crownWidthM":5.0,"rawHeight":6.0,"rawCrownWidth":5.0,"quality":"valid","sourceYear":2013},"geometry":{"type":"Point","coordinates":[126.91908662,37.52331422]}},{"type":"Feature","id":"park-private-100929","properties":{"id":"park-private-100929","dataset":"park-private","gu":"영등포구","species":"소나무","heightM":7.0,"crownWidthM":5.0,"rawHeight":7.0,"rawCrownWidth":5.0,"quality":"valid","sourceYear":2013},"geometry":{"type":"Point","coordinates":[126.91956668,37.52314192]}},{"type":"Feature","id":"park-private-100988","properties":{"id":"park-private-100988","dataset":"park-private","gu":"영등포구","species":"목련","heightM":10.0,"crownWidthM":3.0,"rawHeight":10.0,"rawCrownWidth":3.0,"quality":"valid","sourceYear":2013},"geometry":{"type":"Point","coordinates":[126.9161614,37.52761826]}},{"type":"Feature","id":"park-private-101006","properties":{"id":"park-private-101006","dataset":"park-private","gu":"영등포구","species":"소나무","heightM":7.0,"crownWidthM":5.0,"rawHeight":7.0,"rawCrownWidth":5.0,"quality":"valid","sourceYear":2013},"geometry":{"type":"Point","coordinates":[126.91942151,37.52311031]}},{"type":"Feature","id":"park-private-101082","properties":{"id":"park-private-101082","dataset":"park-private","gu":"영등포구","species":"소나무","heightM":11.0,"crownWidthM":4.0,"rawHeight":11.0,"rawCrownWidth":4.0,"quality":"valid","sourceYear":2013},"geometry":{"type":"Point","coordinates":[126.91991369,37.52367567]}},{"type":"Feature","id":"park-private-101108","properties":{"id":"park-private-101108","dataset":"park-private","gu":"영등포구","species":"양버즘나무","heightM":14.0,"crownWidthM":6.0,"rawHeight":14.0,"rawCrownWidth":6.0,"quality":"valid","sourceYear":2013},"geometry":{"type":"Point","coordinates":[126.91763029,37.52117927]}},{"type":"Feature","id":"park-private-101116","properties":{"id":"park-private-101116","dataset":"park-private","gu":"영등포구","species":"양버즘나무","heightM":10.0,"crownWidthM":6.0,"rawHeight":10.0,"rawCrownWidth":6.0,"quality":"valid","sourceYear":2013},"geometry":{"type":"Point","coordinates":[126.91893637,37.52044068]}},{"type":"Feature","id":"park-private-101121","properties":{"id":"park-private-101121","dataset":"park-private","gu":"영등포구","species":"양버즘나무","heightM":10.0,"crownWidthM":5.0,"rawHeight":10.0,"rawCrownWidth":5.0,"quality":"valid","sourceYear":2013},"geometry":{"type":"Point","coordinates":[126.91229378,37.52342756]}},{"type":"Feature","id":"park-private-101143","properties":{"id":"park-private-101143","dataset":"park-private","gu":"영등포구","species":"느티나무","heightM":8.0,"crownWidthM":8.0,"rawHeight":8.0,"rawCrownWidth":8.0,"quality":"valid","sourceYear":2013},"geometry":{"type":"Point","coordinates":[126.91902562,37.52522359]}},{"type":"Feature","id":"park-private-101145","properties":{"id":"park-private-101145","dataset":"park-private","gu":"영등포구","species":"느티나무","heightM":6.0,"crownWidthM":6.0,"rawHeight":6.0,"rawCrownWidth":6.0,"quality":"valid","sourceYear":2013},"geometry":{"type":"Point","coordinates":[126.91795301,37.52407608]}},{"type":"Feature","id":"park-private-101168","properties":{"id":"park-private-101168","dataset":"park-private","gu":"영등포구","species":"단풍나무","heightM":6.0,"crownWidthM":6.0,"rawHeight":6.0,"rawCrownWidth":6.0,"quality":"valid","sourceYear":2013},"geometry":{"type":"Point","coordinates":[126.91692362,37.52331846]}},{"type":"Feature","id":"park-private-101192","properties":{"id":"park-private-101192","dataset":"park-private","gu":"영등포구","species":"벚나무","heightM":8.0,"crownWidthM":5.0,"rawHeight":8.0,"rawCrownWidth":5.0,"quality":"valid","sourceYear":2013},"geometry":{"type":"Point","coordinates":[126.9173154,37.52339388]}},{"type":"Feature","id":"park-private-101248","properties":{"id":"park-private-101248","dataset":"park-private","gu":"영등포구","species":"느티나무","heightM":5.0,"crownWidthM":8.0,"rawHeight":5.0,"rawCrownWidth":8.0,"quality":"valid","sourceYear":2013},"geometry":{"type":"Point","coordinates":[126.9183631,37.52481881]}},{"type":"Feature","id":"park-private-101318","properties":{"id":"park-private-101318","dataset":"park-private","gu":"영등포구","species":"소나무","heightM":6.0,"crownWidthM":3.0,"rawHeight":6.0,"rawCrownWidth":3.0,"quality":"valid","sourceYear":2013},"geometry":{"type":"Point","coordinates":[126.91741166,37.52381286]}},{"type":"Feature","id":"park-private-101385","properties":{"id":"park-private-101385","dataset":"park-private","gu":"영등포구","species":"소나무","heightM":14.0,"crownWidthM":5.0,"rawHeight":14.0,"rawCrownWidth":5.0,"quality":"valid","sourceYear":2013},"geometry":{"type":"Point","coordinates":[126.91827807,37.52252587]}},{"type":"Feature","id":"park-private-101402","properties":{"id":"park-private-101402","dataset":"park-private","gu":"영등포구","species":"벚나무","heightM":5.0,"crownWidthM":5.0,"rawHeight":5.0,"rawCrownWidth":5.0,"quality":"valid","sourceYear":2013},"geometry":{"type":"Point","coordinates":[126.919829,37.52665497]}},{"type":"Feature","id":"park-private-101461","properties":{"id":"park-private-101461","dataset":"park-private","gu":"영등포구","species":"소나무","heightM":5.0,"crownWidthM":4.0,"rawHeight":5.0,"rawCrownWidth":4.0,"quality":"valid","sourceYear":2013},"geometry":{"type":"Point","coordinates":[126.91928059,37.52348049]}},{"type":"Feature","id":"park-private-101462","properties":{"id":"park-private-101462","dataset":"park-private","gu":"영등포구","species":"소나무","heightM":7.0,"crownWidthM":5.0,"rawHeight":7.0,"rawCrownWidth":5.0,"quality":"valid","sourceYear":2013},"geometry":{"type":"Point","coordinates":[126.91971164,37.52325759]}},{"type":"Feature","id":"park-private-101472","properties":{"id":"park-private-101472","dataset":"park-private","gu":"영등포구","species":"느티나무","heightM":7.0,"crownWidthM":6.0,"rawHeight":7.0,"rawCrownWidth":6.0,"quality":"valid","sourceYear":2013},"geometry":{"type":"Point","coordinates":[126.91812454,37.52422338]}},{"type":"Feature","id":"park-private-101482","properties":{"id":"park-private-101482","dataset":"park-private","gu":"영등포구","species":"소나무","heightM":8.0,"crownWidthM":5.0,"rawHeight":8.0,"rawCrownWidth":5.0,"quality":"valid","sourceYear":2013},"geometry":{"type":"Point","coordinates":[126.91769139,37.52250928]}},{"type":"Feature","id":"park-private-101485","properties":{"id":"park-private-101485","dataset":"park-private","gu":"영등포구","species":"소나무","heightM":14.0,"crownWidthM":5.0,"rawHeight":14.0,"rawCrownWidth":5.0,"quality":"valid","sourceYear":2013},"geometry":{"type":"Point","coordinates":[126.9182173,37.52256605]}},{"type":"Feature","id":"park-private-101516","properties":{"id":"park-private-101516","dataset":"park-private","gu":"영등포구","species":"소나무","heightM":6.0,"crownWidthM":4.0,"rawHeight":6.0,"rawCrownWidth":4.0,"quality":"valid","sourceYear":2013},"geometry":{"type":"Point","coordinates":[126.91906538,37.52291041]}},{"type":"Feature","id":"park-private-101536","properties":{"id":"park-private-101536","dataset":"park-private","gu":"영등포구","species":"버드나무","heightM":9.0,"crownWidthM":6.0,"rawHeight":9.0,"rawCrownWidth":6.0,"quality":"valid","sourceYear":2013},"geometry":{"type":"Point","coordinates":[126.91275112,37.52055588]}},{"type":"Feature","id":"park-private-101567","properties":{"id":"park-private-101567","dataset":"park-private","gu":"영등포구","species":"이태리포플러","heightM":10.0,"crownWidthM":9.0,"rawHeight":10.0,"rawCrownWidth":9.0,"quality":"valid","sourceYear":2013},"geometry":{"type":"Point","coordinates":[126.91053946,37.52485518]}},{"type":"Feature","id":"park-private-101592","properties":{"id":"park-private-101592","dataset":"park-private","gu":"영등포구","species":"벚나무","heightM":5.0,"crownWidthM":6.0,"rawHeight":5.0,"rawCrownWidth":6.0,"quality":"valid","sourceYear":2013},"geometry":{"type":"Point","coordinates":[126.915677,37.52359492]}},{"type":"Feature","id":"park-private-101602","properties":{"id":"park-private-101602","dataset":"park-private","gu":"영등포구","species":"소나무","heightM":7.0,"crownWidthM":5.0,"rawHeight":7.0,"rawCrownWidth":5.0,"quality":"valid","sourceYear":2013},"geometry":{"type":"Point","coordinates":[126.91960616,37.52319448]}},{"type":"Feature","id":"park-private-101628","properties":{"id":"park-private-101628","dataset":"park-private","gu":"영등포구","species":"느티나무","heightM":7.0,"crownWidthM":6.0,"rawHeight":7.0,"rawCrownWidth":6.0,"quality":"valid","sourceYear":2013},"geometry":{"type":"Point","coordinates":[126.91874618,37.52219386]}},{"type":"Feature","id":"park-private-101629","properties":{"id":"park-private-101629","dataset":"park-private","gu":"영등포구","species":"소나무","heightM":5.0,"crownWidthM":5.0,"rawHeight":5.0,"rawCrownWidth":5.0,"quality":"valid","sourceYear":2013},"geometry":{"type":"Point","coordinates":[126.91721889,37.52865383]}},{"type":"Feature","id":"park-private-101676","properties":{"id":"park-private-101676","dataset":"park-private","gu":"영등포구","species":"은행나무","heightM":7.0,"crownWidthM":7.0,"rawHeight":7.0,"rawCrownWidth":7.0,"quality":"valid","sourceYear":2013},"geometry":{"type":"Point","coordinates":[126.91993301,37.52288517]}},{"type":"Feature","id":"park-private-101689","properties":{"id":"park-private-101689","dataset":"park-private","gu":"영등포구","species":"느티나무","heightM":8.0,"crownWidthM":9.0,"rawHeight":8.0,"rawCrownWidth":9.0,"quality":"valid","sourceYear":2013},"geometry":{"type":"Point","coordinates":[126.91930574,37.5253976]}},{"type":"Feature","id":"park-private-101719","properties":{"id":"park-private-101719","dataset":"park-private","gu":"영등포구","species":"소나무","heightM":7.0,"crownWidthM":5.0,"rawHeight":7.0,"rawCrownWidth":5.0,"quality":"valid","sourceYear":2013},"geometry":{"type":"Point","coordinates":[126.91967227,37.523163]}},{"type":"Feature","id":"park-private-101793","properties":{"id":"park-private-101793","dataset":"park-private","gu":"영등포구","species":"소나무","heightM":11.0,"crownWidthM":4.0,"rawHeight":11.0,"rawCrownWidth":4.0,"quality":"valid","sourceYear":2013},"geometry":{"type":"Point","coordinates":[126.91975987,37.52484477]}},{"type":"Feature","id":"park-private-101820","properties":{"id":"park-private-101820","dataset":"park-private","gu":"영등포구","species":"느티나무","heightM":9.0,"crownWidthM":8.0,"rawHeight":9.0,"rawCrownWidth":8.0,"quality":"valid","sourceYear":2013},"geometry":{"type":"Point","coordinates":[126.91788815,37.5267479]}},{"type":"Feature","id":"park-private-101880","properties":{"id":"park-private-101880","dataset":"park-private","gu":"영등포구","species":"벚나무","heightM":7.0,"crownWidthM":7.0,"rawHeight":7.0,"rawCrownWidth":7.0,"quality":"valid","sourceYear":2013},"geometry":{"type":"Point","coordinates":[126.91463984,37.52578256]}},{"type":"Feature","id":"park-private-101890","properties":{"id":"park-private-101890","dataset":"park-private","gu":"영등포구","species":"벚나무","heightM":6.0,"crownWidthM":7.0,"rawHeight":6.0,"rawCrownWidth":7.0,"quality":"valid","sourceYear":2013},"geometry":{"type":"Point","coordinates":[126.91386848,37.5262471]}},{"type":"Feature","id":"park-private-101894","properties":{"id":"park-private-101894","dataset":"park-private","gu":"영등포구","species":"목련","heightM":6.0,"crownWidthM":5.0,"rawHeight":6.0,"rawCrownWidth":5.0,"quality":"valid","sourceYear":2013},"geometry":{"type":"Point","coordinates":[126.91904929,37.52742615]}},{"type":"Feature","id":"park-private-101901","properties":{"id":"park-private-101901","dataset":"park-private","gu":"영등포구","species":"벚나무","heightM":5.0,"crownWidthM":7.0,"rawHeight":5.0,"rawCrownWidth":7.0,"quality":"valid","sourceYear":2013},"geometry":{"type":"Point","coordinates":[126.9176906,37.52571525]}},{"type":"Feature","id":"park-private-101924","properties":{"id":"park-private-101924","dataset":"park-private","gu":"영등포구","species":"측백나무","heightM":7.0,"crownWidthM":4.0,"rawHeight":7.0,"rawCrownWidth":4.0,"quality":"valid","sourceYear":2013},"geometry":{"type":"Point","coordinates":[126.91297346,37.52064954]}},{"type":"Feature","id":"park-private-101949","properties":{"id":"park-private-101949","dataset":"park-private","gu":"영등포구","species":"벚나무","heightM":8.0,"crownWidthM":5.0,"rawHeight":8.0,"rawCrownWidth":5.0,"quality":"valid","sourceYear":2013},"geometry":{"type":"Point","coordinates":[126.91728514,37.52334559]}},{"type":"Feature","id":"park-private-101950","properties":{"id":"park-private-101950","dataset":"park-private","gu":"영등포구","species":"소나무","heightM":7.0,"crownWidthM":4.0,"rawHeight":7.0,"rawCrownWidth":4.0,"quality":"valid","sourceYear":2013},"geometry":{"type":"Point","coordinates":[126.91712275,37.52285619]}},{"type":"Feature","id":"park-private-101951","properties":{"id":"park-private-101951","dataset":"park-private","gu":"영등포구","species":"소나무","heightM":10.0,"crownWidthM":5.0,"rawHeight":10.0,"rawCrownWidth":5.0,"quality":"valid","sourceYear":2013},"geometry":{"type":"Point","coordinates":[126.91884222,37.52309057]}},{"type":"Feature","id":"park-private-101959","properties":{"id":"park-private-101959","dataset":"park-private","gu":"영등포구","species":"느티나무","heightM":6.0,"crownWidthM":7.0,"rawHeight":6.0,"rawCrownWidth":7.0,"quality":"valid","sourceYear":2013},"geometry":{"type":"Point","coordinates":[126.91476689,37.52561238]}},{"type":"Feature","id":"park-private-101987","properties":{"id":"park-private-101987","dataset":"park-private","gu":"영등포구","species":"양버즘나무","heightM":10.0,"crownWidthM":5.0,"rawHeight":10.0,"rawCrownWidth":5.0,"quality":"valid","sourceYear":2013},"geometry":{"type":"Point","coordinates":[126.91300155,37.52239321]}},{"type":"Feature","id":"park-private-101994","properties":{"id":"park-private-101994","dataset":"park-private","gu":"영등포구","species":"벚나무","heightM":5.0,"crownWidthM":6.0,"rawHeight":5.0,"rawCrownWidth":6.0,"quality":"valid","sourceYear":2013},"geometry":{"type":"Point","coordinates":[126.91811388,37.52529428]}},{"type":"Feature","id":"park-private-101999","properties":{"id":"park-private-101999","dataset":"park-private","gu":"영등포구","species":"느티나무","heightM":5.0,"crownWidthM":5.0,"rawHeight":5.0,"rawCrownWidth":5.0,"quality":"valid","sourceYear":2013},"geometry":{"type":"Point","coordinates":[126.91927751,37.5265519]}},{"type":"Feature","id":"park-private-102007","properties":{"id":"park-private-102007","dataset":"park-private","gu":"영등포구","species":"소나무","heightM":5.0,"crownWidthM":4.0,"rawHeight":5.0,"rawCrownWidth":4.0,"quality":"valid","sourceYear":2013},"geometry":{"type":"Point","coordinates":[126.91722306,37.52882759]}},{"type":"Feature","id":"park-private-102046","properties":{"id":"park-private-102046","dataset":"park-private","gu":"영등포구","species":"소나무","heightM":9.0,"crownWidthM":4.0,"rawHeight":9.0,"rawCrownWidth":4.0,"quality":"valid","sourceYear":2013},"geometry":{"type":"Point","coordinates":[126.91836773,37.52324999]}},{"type":"Feature","id":"park-private-102082","properties":{"id":"park-private-102082","dataset":"park-private","gu":"영등포구","species":"느티나무","heightM":6.0,"crownWidthM":4.0,"rawHeight":6.0,"rawCrownWidth":4.0,"quality":"valid","sourceYear":2013},"geometry":{"type":"Point","coordinates":[126.91991892,37.52525533]}},{"type":"Feature","id":"park-private-102093","properties":{"id":"park-private-102093","dataset":"park-private","gu":"영등포구","species":"소나무","heightM":8.0,"crownWidthM":4.0,"rawHeight":8.0,"rawCrownWidth":4.0,"quality":"valid","sourceYear":2013},"geometry":{"type":"Point","coordinates":[126.91835054,37.52396694]}},{"type":"Feature","id":"park-private-102120","properties":{"id":"park-private-102120","dataset":"park-private","gu":"영등포구","species":"소나무","heightM":7.0,"crownWidthM":4.0,"rawHeight":7.0,"rawCrownWidth":4.0,"quality":"valid","sourceYear":2013},"geometry":{"type":"Point","coordinates":[126.91858777,37.52411032]}},{"type":"Feature","id":"park-private-102125","properties":{"id":"park-private-102125","dataset":"park-private","gu":"영등포구","species":"느티나무","heightM":6.0,"crownWidthM":7.0,"rawHeight":6.0,"rawCrownWidth":7.0,"quality":"valid","sourceYear":2013},"geometry":{"type":"Point","coordinates":[126.91844532,37.52338823]}},{"type":"Feature","id":"park-private-102201","properties":{"id":"park-private-102201","dataset":"park-private","gu":"영등포구","species":"은행나무","heightM":12.0,"crownWidthM":6.0,"rawHeight":12.0,"rawCrownWidth":6.0,"quality":"valid","sourceYear":2013},"geometry":{"type":"Point","coordinates":[126.91278133,37.52028631]}},{"type":"Feature","id":"park-private-102231","properties":{"id":"park-private-102231","dataset":"park-private","gu":"영등포구","species":"가중나무","heightM":10.0,"crownWidthM":8.0,"rawHeight":10.0,"rawCrownWidth":8.0,"quality":"valid","sourceYear":2013},"geometry":{"type":"Point","coordinates":[126.91631349,37.52712934]}},{"type":"Feature","id":"park-private-102265","properties":{"id":"park-private-102265","dataset":"park-private","gu":"영등포구","species":"느티나무","heightM":8.0,"crownWidthM":8.0,"rawHeight":8.0,"rawCrownWidth":8.0,"quality":"valid","sourceYear":2013},"geometry":{"type":"Point","coordinates":[126.91893668,37.52516677]}},{"type":"Feature","id":"park-private-102285","properties":{"id":"park-private-102285","dataset":"park-private","gu":"영등포구","species":"소나무","heightM":8.0,"crownWidthM":5.0,"rawHeight":8.0,"rawCrownWidth":5.0,"quality":"valid","sourceYear":2013},"geometry":{"type":"Point","coordinates":[126.91745806,37.522855]}},{"type":"Feature","id":"park-private-102289","properties":{"id":"park-private-102289","dataset":"park-private","gu":"영등포구","species":"소나무","heightM":11.0,"crownWidthM":4.0,"rawHeight":11.0,"rawCrownWidth":4.0,"quality":"valid","sourceYear":2013},"geometry":{"type":"Point","coordinates":[126.91993259,37.52491946]}},{"type":"Feature","id":"park-private-102300","properties":{"id":"park-private-102300","dataset":"park-private","gu":"영등포구","species":"소나무","heightM":8.0,"crownWidthM":5.0,"rawHeight":8.0,"rawCrownWidth":5.0,"quality":"valid","sourceYear":2013},"geometry":{"type":"Point","coordinates":[126.91737727,37.52278253]}},{"type":"Feature","id":"park-private-102303","properties":{"id":"park-private-102303","dataset":"park-private","gu":"영등포구","species":"향나무","heightM":5.0,"crownWidthM":5.0,"rawHeight":5.0,"rawCrownWidth":5.0,"quality":"valid","sourceYear":2013},"geometry":{"type":"Point","coordinates":[126.91720045,37.52368656]}},{"type":"Feature","id":"park-private-102367","properties":{"id":"park-private-102367","dataset":"park-private","gu":"영등포구","species":"이태리포플러","heightM":14.0,"crownWidthM":9.0,"rawHeight":14.0,"rawCrownWidth":9.0,"quality":"valid","sourceYear":2013},"geometry":{"type":"Point","coordinates":[126.91317054,37.52073056]}},{"type":"Feature","id":"park-private-102384","properties":{"id":"park-private-102384","dataset":"park-private","gu":"영등포구","species":"소나무","heightM":8.0,"crownWidthM":4.0,"rawHeight":8.0,"rawCrownWidth":4.0,"quality":"valid","sourceYear":2013},"geometry":{"type":"Point","coordinates":[126.91829997,37.52402994]}},{"type":"Feature","id":"park-private-102393","properties":{"id":"park-private-102393","dataset":"park-private","gu":"영등포구","species":"소나무","heightM":14.0,"crownWidthM":5.0,"rawHeight":14.0,"rawCrownWidth":5.0,"quality":"valid","sourceYear":2013},"geometry":{"type":"Point","coordinates":[126.91822756,37.52249365]}},{"type":"Feature","id":"park-private-102408","properties":{"id":"park-private-102408","dataset":"park-private","gu":"영등포구","species":"소나무","heightM":6.0,"crownWidthM":6.0,"rawHeight":6.0,"rawCrownWidth":6.0,"quality":"valid","sourceYear":2013},"geometry":{"type":"Point","coordinates":[126.91745435,37.52223637]}},{"type":"Feature","id":"park-private-102410","properties":{"id":"park-private-102410","dataset":"park-private","gu":"영등포구","species":"느티나무","heightM":8.0,"crownWidthM":7.0,"rawHeight":8.0,"rawCrownWidth":7.0,"quality":"valid","sourceYear":2013},"geometry":{"type":"Point","coordinates":[126.9173322,37.52608265]}},{"type":"Feature","id":"park-private-102420","properties":{"id":"park-private-102420","dataset":"park-private","gu":"영등포구","species":"느티나무","heightM":6.0,"crownWidthM":6.0,"rawHeight":6.0,"rawCrownWidth":6.0,"quality":"valid","sourceYear":2013},"geometry":{"type":"Point","coordinates":[126.91836203,37.52430759]}},{"type":"Feature","id":"park-private-102422","properties":{"id":"park-private-102422","dataset":"park-private","gu":"영등포구","species":"벚나무","heightM":5.0,"crownWidthM":6.0,"rawHeight":5.0,"rawCrownWidth":6.0,"quality":"valid","sourceYear":2013},"geometry":{"type":"Point","coordinates":[126.91398713,37.52607417]}},{"type":"Feature","id":"park-private-102443","properties":{"id":"park-private-102443","dataset":"park-private","gu":"영등포구","species":"목련","heightM":8.0,"crownWidthM":6.0,"rawHeight":8.0,"rawCrownWidth":6.0,"quality":"valid","sourceYear":2013},"geometry":{"type":"Point","coordinates":[126.9184627,37.52699736]}},{"type":"Feature","id":"park-private-102515","properties":{"id":"park-private-102515","dataset":"park-private","gu":"영등포구","species":"느티나무","heightM":5.0,"crownWidthM":5.0,"rawHeight":5.0,"rawCrownWidth":5.0,"quality":"valid","sourceYear":2013},"geometry":{"type":"Point","coordinates":[126.91918642,37.52248109]}},{"type":"Feature","id":"park-private-102538","properties":{"id":"park-private-102538","dataset":"park-private","gu":"영등포구","species":"느티나무","heightM":6.0,"crownWidthM":7.0,"rawHeight":6.0,"rawCrownWidth":7.0,"quality":"valid","sourceYear":2013},"geometry":{"type":"Point","coordinates":[126.9185605,37.52345136]}},{"type":"Feature","id":"park-private-102541","properties":{"id":"park-private-102541","dataset":"park-private","gu":"영등포구","species":"소나무","heightM":7.0,"crownWidthM":5.0,"rawHeight":7.0,"rawCrownWidth":5.0,"quality":"valid","sourceYear":2013},"geometry":{"type":"Point","coordinates":[126.91836538,37.52374346]}},{"type":"Feature","id":"park-private-102547","properties":{"id":"park-private-102547","dataset":"park-private","gu":"영등포구","species":"느티나무","heightM":5.0,"crownWidthM":5.0,"rawHeight":5.0,"rawCrownWidth":5.0,"quality":"valid","sourceYear":2013},"geometry":{"type":"Point","coordinates":[126.91401044,37.52020199]}},{"type":"Feature","id":"park-private-102570","properties":{"id":"park-private-102570","dataset":"park-private","gu":"영등포구","species":"느티나무","heightM":6.0,"crownWidthM":6.0,"rawHeight":6.0,"rawCrownWidth":6.0,"quality":"valid","sourceYear":2013},"geometry":{"type":"Point","coordinates":[126.91977435,37.52472424]}},{"type":"Feature","id":"park-private-102571","properties":{"id":"park-private-102571","dataset":"park-private","gu":"영등포구","species":"소나무","heightM":8.0,"crownWidthM":5.0,"rawHeight":8.0,"rawCrownWidth":5.0,"quality":"valid","sourceYear":2013},"geometry":{"type":"Point","coordinates":[126.91721535,37.52281423]}},{"type":"Feature","id":"park-private-102578","properties":{"id":"park-private-102578","dataset":"park-private","gu":"영등포구","species":"느티나무","heightM":6.0,"crownWidthM":6.0,"rawHeight":6.0,"rawCrownWidth":6.0,"quality":"valid","sourceYear":2013},"geometry":{"type":"Point","coordinates":[126.9195899,37.52359527]}},{"type":"Feature","id":"park-private-102585","properties":{"id":"park-private-102585","dataset":"park-private","gu":"영등포구","species":"느티나무","heightM":5.0,"crownWidthM":5.0,"rawHeight":5.0,"rawCrownWidth":5.0,"quality":"valid","sourceYear":2013},"geometry":{"type":"Point","coordinates":[126.91835894,37.52504312]}},{"type":"Feature","id":"park-private-102589","properties":{"id":"park-private-102589","dataset":"park-private","gu":"영등포구","species":"은행나무","heightM":7.0,"crownWidthM":4.0,"rawHeight":7.0,"rawCrownWidth":4.0,"quality":"valid","sourceYear":2013},"geometry":{"type":"Point","coordinates":[126.91865738,37.52203429]}},{"type":"Feature","id":"park-private-102592","properties":{"id":"park-private-102592","dataset":"park-private","gu":"영등포구","species":"양버즘나무","heightM":10.0,"crownWidthM":6.0,"rawHeight":10.0,"rawCrownWidth":6.0,"quality":"valid","sourceYear":2013},"geometry":{"type":"Point","coordinates":[126.91925528,37.52034434]}},{"type":"Feature","id":"park-private-102594","properties":{"id":"park-private-102594","dataset":"park-private","gu":"영등포구","species":"버드나무","heightM":10.0,"crownWidthM":10.0,"rawHeight":10.0,"rawCrownWidth":10.0,"quality":"valid","sourceYear":2013},"geometry":{"type":"Point","coordinates":[126.91805429,37.52316927]}},{"type":"Feature","id":"park-private-102602","properties":{"id":"park-private-102602","dataset":"park-private","gu":"영등포구","species":"은행나무","heightM":6.0,"crownWidthM":8.0,"rawHeight":6.0,"rawCrownWidth":8.0,"quality":"valid","sourceYear":2013},"geometry":{"type":"Point","coordinates":[126.91823433,37.52178863]}},{"type":"Feature","id":"park-private-102610","properties":{"id":"park-private-102610","dataset":"park-private","gu":"영등포구","species":"양버즘나무","heightM":10.0,"crownWidthM":6.0,"rawHeight":10.0,"rawCrownWidth":6.0,"quality":"valid","sourceYear":2013},"geometry":{"type":"Point","coordinates":[126.91934966,37.52026214]}},{"type":"Feature","id":"park-private-102612","properties":{"id":"park-private-102612","dataset":"park-private","gu":"영등포구","species":"소나무","heightM":5.0,"crownWidthM":5.0,"rawHeight":5.0,"rawCrownWidth":5.0,"quality":"valid","sourceYear":2013},"geometry":{"type":"Point","coordinates":[126.9173615,37.52849797]}},{"type":"Feature","id":"park-private-102626","properties":{"id":"park-private-102626","dataset":"park-private","gu":"영등포구","species":"양버즘나무","heightM":10.0,"crownWidthM":6.0,"rawHeight":10.0,"rawCrownWidth":6.0,"quality":"valid","sourceYear":2013},"geometry":{"type":"Point","coordinates":[126.9190801,37.52040859]}},{"type":"Feature","id":"park-private-102652","properties":{"id":"park-private-102652","dataset":"park-private","gu":"영등포구","species":"느티나무","heightM":7.0,"crownWidthM":7.0,"rawHeight":7.0,"rawCrownWidth":7.0,"quality":"valid","sourceYear":2013},"geometry":{"type":"Point","coordinates":[126.91950666,37.52261588]}},{"type":"Feature","id":"park-private-102668","properties":{"id":"park-private-102668","dataset":"park-private","gu":"영등포구","species":"느티나무","heightM":6.0,"crownWidthM":6.0,"rawHeight":6.0,"rawCrownWidth":6.0,"quality":"valid","sourceYear":2013},"geometry":{"type":"Point","coordinates":[126.91979128,37.52368133]}},{"type":"Feature","id":"park-private-102681","properties":{"id":"park-private-102681","dataset":"park-private","gu":"영등포구","species":"소나무","heightM":5.0,"crownWidthM":5.0,"rawHeight":5.0,"rawCrownWidth":5.0,"quality":"valid","sourceYear":2013},"geometry":{"type":"Point","coordinates":[126.91782036,37.52811203]}},{"type":"Feature","id":"park-private-102689","properties":{"id":"park-private-102689","dataset":"park-private","gu":"영등포구","species":"느티나무","heightM":6.0,"crownWidthM":6.0,"rawHeight":6.0,"rawCrownWidth":6.0,"quality":"valid","sourceYear":2013},"geometry":{"type":"Point","coordinates":[126.91935103,37.52254496]}},{"type":"Feature","id":"park-private-102702","properties":{"id":"park-private-102702","dataset":"park-private","gu":"영등포구","species":"버드나무","heightM":10.0,"crownWidthM":8.0,"rawHeight":10.0,"rawCrownWidth":8.0,"quality":"valid","sourceYear":2013},"geometry":{"type":"Point","coordinates":[126.9130896,37.52069703]}},{"type":"Feature","id":"park-private-102704","properties":{"id":"park-private-102704","dataset":"park-private","gu":"영등포구","species":"소나무","heightM":11.0,"crownWidthM":4.0,"rawHeight":11.0,"rawCrownWidth":4.0,"quality":"valid","sourceYear":2013},"geometry":{"type":"Point","coordinates":[126.91937847,37.52463797]}},{"type":"Feature","id":"park-private-102707","properties":{"id":"park-private-102707","dataset":"park-private","gu":"영등포구","species":"은행나무","heightM":8.0,"crownWidthM":7.0,"rawHeight":8.0,"rawCrownWidth":7.0,"quality":"valid","sourceYear":2013},"geometry":{"type":"Point","coordinates":[126.91937877,37.52249393]}},{"type":"Feature","id":"park-private-102709","properties":{"id":"park-private-102709","dataset":"park-private","gu":"영등포구","species":"가중나무","heightM":9.0,"crownWidthM":4.0,"rawHeight":9.0,"rawCrownWidth":4.0,"quality":"valid","sourceYear":2013},"geometry":{"type":"Point","coordinates":[126.91264323,37.52062737]}},{"type":"Feature","id":"park-private-102712","properties":{"id":"park-private-102712","dataset":"park-private","gu":"영등포구","species":"벚나무","heightM":5.0,"crownWidthM":6.0,"rawHeight":5.0,"rawCrownWidth":6.0,"quality":"valid","sourceYear":2013},"geometry":{"type":"Point","coordinates":[126.91437072,37.52552066]}},{"type":"Feature","id":"park-private-102714","properties":{"id":"park-private-102714","dataset":"park-private","gu":"영등포구","species":"소나무","heightM":10.0,"crownWidthM":5.0,"rawHeight":10.0,"rawCrownWidth":5.0,"quality":"valid","sourceYear":2013},"geometry":{"type":"Point","coordinates":[126.91864025,37.52319928]}},{"type":"Feature","id":"park-private-102720","properties":{"id":"park-private-102720","dataset":"park-private","gu":"영등포구","species":"소나무","heightM":5.0,"crownWidthM":5.0,"rawHeight":5.0,"rawCrownWidth":5.0,"quality":"valid","sourceYear":2013},"geometry":{"type":"Point","coordinates":[126.91925911,37.52343464]}},{"type":"Feature","id":"park-private-102722","properties":{"id":"park-private-102722","dataset":"park-private","gu":"영등포구","species":"양버즘나무","heightM":8.0,"crownWidthM":5.0,"rawHeight":8.0,"rawCrownWidth":5.0,"quality":"valid","sourceYear":2013},"geometry":{"type":"Point","coordinates":[126.91330592,37.52195319]}},{"type":"Feature","id":"park-private-102723","properties":{"id":"park-private-102723","dataset":"park-private","gu":"영등포구","species":"살구나무","heightM":6.0,"crownWidthM":6.0,"rawHeight":6.0,"rawCrownWidth":6.0,"quality":"valid","sourceYear":2013},"geometry":{"type":"Point","coordinates":[126.91633974,37.52368373]}},{"type":"Feature","id":"park-private-102728","properties":{"id":"park-private-102728","dataset":"park-private","gu":"영등포구","species":"소나무","heightM":8.0,"crownWidthM":4.0,"rawHeight":8.0,"rawCrownWidth":4.0,"quality":"valid","sourceYear":2013},"geometry":{"type":"Point","coordinates":[126.9184085,37.5238008]}},{"type":"Feature","id":"park-private-102742","properties":{"id":"park-private-102742","dataset":"park-private","gu":"영등포구","species":"가중나무","heightM":8.0,"crownWidthM":5.0,"rawHeight":8.0,"rawCrownWidth":5.0,"quality":"valid","sourceYear":2013},"geometry":{"type":"Point","coordinates":[126.91372601,37.52011112]}},{"type":"Feature","id":"park-private-102768","properties":{"id":"park-private-102768","dataset":"park-private","gu":"영등포구","species":"목련","heightM":10.0,"crownWidthM":5.0,"rawHeight":10.0,"rawCrownWidth":5.0,"quality":"valid","sourceYear":2013},"geometry":{"type":"Point","coordinates":[126.91357212,37.52081695]}},{"type":"Feature","id":"park-private-102786","properties":{"id":"park-private-102786","dataset":"park-private","gu":"영등포구","species":"은행나무","heightM":8.0,"crownWidthM":5.0,"rawHeight":8.0,"rawCrownWidth":5.0,"quality":"valid","sourceYear":2013},"geometry":{"type":"Point","coordinates":[126.91843945,37.52189234]}},{"type":"Feature","id":"park-private-102790","properties":{"id":"park-private-102790","dataset":"park-private","gu":"영등포구","species":"양버즘나무","heightM":8.0,"crownWidthM":4.0,"rawHeight":8.0,"rawCrownWidth":4.0,"quality":"valid","sourceYear":2013},"geometry":{"type":"Point","coordinates":[126.91303801,37.52234217]}},{"type":"Feature","id":"park-private-102819","properties":{"id":"park-private-102819","dataset":"park-private","gu":"영등포구","species":"느티나무","heightM":8.0,"crownWidthM":7.0,"rawHeight":8.0,"rawCrownWidth":7.0,"quality":"valid","sourceYear":2013},"geometry":{"type":"Point","coordinates":[126.91804019,37.52537227]}},{"type":"Feature","id":"park-private-102837","properties":{"id":"park-private-102837","dataset":"park-private","gu":"영등포구","species":"소나무","heightM":12.0,"crownWidthM":4.0,"rawHeight":12.0,"rawCrownWidth":4.0,"quality":"valid","sourceYear":2013},"geometry":{"type":"Point","coordinates":[126.91982046,37.52353238]}},{"type":"Feature","id":"park-private-102858","properties":{"id":"park-private-102858","dataset":"park-private","gu":"영등포구","species":"소나무","heightM":7.0,"crownWidthM":4.0,"rawHeight":7.0,"rawCrownWidth":4.0,"quality":"valid","sourceYear":2013},"geometry":{"type":"Point","coordinates":[126.91713499,37.52336069]}},{"type":"Feature","id":"park-private-102867","properties":{"id":"park-private-102867","dataset":"park-private","gu":"영등포구","species":"소나무","heightM":9.0,"crownWidthM":4.0,"rawHeight":9.0,"rawCrownWidth":4.0,"quality":"valid","sourceYear":2013},"geometry":{"type":"Point","coordinates":[126.91852974,37.52316968]}},{"type":"Feature","id":"park-private-102883","properties":{"id":"park-private-102883","dataset":"park-private","gu":"영등포구","species":"팥배나무","heightM":8.0,"crownWidthM":5.0,"rawHeight":8.0,"rawCrownWidth":5.0,"quality":"valid","sourceYear":2013},"geometry":{"type":"Point","coordinates":[126.91829256,37.52411587]}},{"type":"Feature","id":"park-private-102884","properties":{"id":"park-private-102884","dataset":"park-private","gu":"영등포구","species":"느티나무","heightM":5.0,"crownWidthM":5.0,"rawHeight":5.0,"rawCrownWidth":5.0,"quality":"valid","sourceYear":2013},"geometry":{"type":"Point","coordinates":[126.91953109,37.52655208]}},{"type":"Feature","id":"park-private-102896","properties":{"id":"park-private-102896","dataset":"park-private","gu":"영등포구","species":"산사나무","heightM":5.0,"crownWidthM":4.0,"rawHeight":5.0,"rawCrownWidth":4.0,"quality":"valid","sourceYear":2013},"geometry":{"type":"Point","coordinates":[126.91836182,37.52439165]}},{"type":"Feature","id":"park-private-102905","properties":{"id":"park-private-102905","dataset":"park-private","gu":"영등포구","species":"목련","heightM":8.0,"crownWidthM":7.0,"rawHeight":8.0,"rawCrownWidth":7.0,"quality":"valid","sourceYear":2013},"geometry":{"type":"Point","coordinates":[126.91301893,37.52003926]}},{"type":"Feature","id":"park-private-102927","properties":{"id":"park-private-102927","dataset":"park-private","gu":"영등포구","species":"느티나무","heightM":7.0,"crownWidthM":7.0,"rawHeight":7.0,"rawCrownWidth":7.0,"quality":"valid","sourceYear":2013},"geometry":{"type":"Point","coordinates":[126.91380847,37.52012145]}},{"type":"Feature","id":"park-private-102940","properties":{"id":"park-private-102940","dataset":"park-private","gu":"영등포구","species":"목련","heightM":6.0,"crownWidthM":3.0,"rawHeight":6.0,"rawCrownWidth":3.0,"quality":"valid","sourceYear":2013},"geometry":{"type":"Point","coordinates":[126.91826903,37.52851678]}},{"type":"Feature","id":"park-private-102943","properties":{"id":"park-private-102943","dataset":"park-private","gu":"영등포구","species":"느티나무","heightM":6.0,"crownWidthM":7.0,"rawHeight":6.0,"rawCrownWidth":7.0,"quality":"valid","sourceYear":2013},"geometry":{"type":"Point","coordinates":[126.91852479,37.52328514]}},{"type":"Feature","id":"park-private-102970","properties":{"id":"park-private-102970","dataset":"park-private","gu":"영등포구","species":"소나무","heightM":7.0,"crownWidthM":5.0,"rawHeight":7.0,"rawCrownWidth":5.0,"quality":"valid","sourceYear":2013},"geometry":{"type":"Point","coordinates":[126.91933812,37.52507612]}},{"type":"Feature","id":"park-private-102978","properties":{"id":"park-private-102978","dataset":"park-private","gu":"영등포구","species":"느티나무","heightM":5.0,"crownWidthM":3.0,"rawHeight":5.0,"rawCrownWidth":3.0,"quality":"valid","sourceYear":2013},"geometry":{"type":"Point","coordinates":[126.91901517,37.52955277]}},{"type":"Feature","id":"park-private-103039","properties":{"id":"park-private-103039","dataset":"park-private","gu":"영등포구","species":"벚나무","heightM":5.0,"crownWidthM":6.0,"rawHeight":5.0,"rawCrownWidth":6.0,"quality":"valid","sourceYear":2013},"geometry":{"type":"Point","coordinates":[126.91564135,37.52364794]}},{"type":"Feature","id":"park-private-103059","properties":{"id":"park-private-103059","dataset":"park-private","gu":"영등포구","species":"양버즘나무","heightM":14.0,"crownWidthM":6.0,"rawHeight":14.0,"rawCrownWidth":6.0,"quality":"valid","sourceYear":2013},"geometry":{"type":"Point","coordinates":[126.91744306,37.52134217]}},{"type":"Feature","id":"park-private-103072","properties":{"id":"park-private-103072","dataset":"park-private","gu":"영등포구","species":"느티나무","heightM":6.0,"crownWidthM":6.0,"rawHeight":6.0,"rawCrownWidth":6.0,"quality":"valid","sourceYear":2013},"geometry":{"type":"Point","coordinates":[126.91894748,37.52422513]}},{"type":"Feature","id":"park-private-103082","properties":{"id":"park-private-103082","dataset":"park-private","gu":"영등포구","species":"소나무","heightM":11.0,"crownWidthM":4.0,"rawHeight":11.0,"rawCrownWidth":4.0,"quality":"valid","sourceYear":2013},"geometry":{"type":"Point","coordinates":[126.91945763,37.52468393]}},{"type":"Feature","id":"park-private-103093","properties":{"id":"park-private-103093","dataset":"park-private","gu":"영등포구","species":"소나무","heightM":8.0,"crownWidthM":5.0,"rawHeight":8.0,"rawCrownWidth":5.0,"quality":"valid","sourceYear":2013},"geometry":{"type":"Point","coordinates":[126.9175897,37.52278271]}},{"type":"Feature","id":"park-private-103094","properties":{"id":"park-private-103094","dataset":"park-private","gu":"영등포구","species":"소나무","heightM":11.0,"crownWidthM":4.0,"rawHeight":11.0,"rawCrownWidth":4.0,"quality":"valid","sourceYear":2013},"geometry":{"type":"Point","coordinates":[126.91960875,37.52477009]}},{"type":"Feature","id":"park-private-103099","properties":{"id":"park-private-103099","dataset":"park-private","gu":"영등포구","species":"은행나무","heightM":9.0,"crownWidthM":4.0,"rawHeight":9.0,"rawCrownWidth":4.0,"quality":"valid","sourceYear":2013},"geometry":{"type":"Point","coordinates":[126.91732171,37.5264388]}},{"type":"Feature","id":"park-private-103105","properties":{"id":"park-private-103105","dataset":"park-private","gu":"영등포구","species":"소나무","heightM":8.0,"crownWidthM":5.0,"rawHeight":8.0,"rawCrownWidth":5.0,"quality":"valid","sourceYear":2013},"geometry":{"type":"Point","coordinates":[126.9173872,37.52287908]}},{"type":"Feature","id":"park-private-103124","properties":{"id":"park-private-103124","dataset":"park-private","gu":"영등포구","species":"느티나무","heightM":5.0,"crownWidthM":5.0,"rawHeight":5.0,"rawCrownWidth":5.0,"quality":"valid","sourceYear":2013},"geometry":{"type":"Point","coordinates":[126.91824324,37.5242865]}},{"type":"Feature","id":"park-private-103136","properties":{"id":"park-private-103136","dataset":"park-private","gu":"영등포구","species":"벚나무","heightM":5.0,"crownWidthM":5.0,"rawHeight":5.0,"rawCrownWidth":5.0,"quality":"valid","sourceYear":2013},"geometry":{"type":"Point","coordinates":[126.91977113,37.52667971]}},{"type":"Feature","id":"park-private-103161","properties":{"id":"park-private-103161","dataset":"park-private","gu":"영등포구","species":"벚나무","heightM":5.0,"crownWidthM":6.0,"rawHeight":5.0,"rawCrownWidth":6.0,"quality":"valid","sourceYear":2013},"geometry":{"type":"Point","coordinates":[126.91375965,37.52638287]}},{"type":"Feature","id":"park-private-103166","properties":{"id":"park-private-103166","dataset":"park-private","gu":"영등포구","species":"소나무","heightM":11.0,"crownWidthM":4.0,"rawHeight":11.0,"rawCrownWidth":4.0,"quality":"valid","sourceYear":2013},"geometry":{"type":"Point","coordinates":[126.9192851,37.524529]}},{"type":"Feature","id":"park-private-103177","properties":{"id":"park-private-103177","dataset":"park-private","gu":"영등포구","species":"소나무","heightM":11.0,"crownWidthM":4.0,"rawHeight":11.0,"rawCrownWidth":4.0,"quality":"valid","sourceYear":2013},"geometry":{"type":"Point","coordinates":[126.91966628,37.52485047]}},{"type":"Feature","id":"park-private-103192","properties":{"id":"park-private-103192","dataset":"park-private","gu":"영등포구","species":"소나무","heightM":8.0,"crownWidthM":4.0,"rawHeight":8.0,"rawCrownWidth":4.0,"quality":"valid","sourceYear":2013},"geometry":{"type":"Point","coordinates":[126.91824229,37.52404708]}},{"type":"Feature","id":"park-private-103212","properties":{"id":"park-private-103212","dataset":"park-private","gu":"영등포구","species":"소나무","heightM":7.0,"crownWidthM":3.0,"rawHeight":7.0,"rawCrownWidth":3.0,"quality":"valid","sourceYear":2013},"geometry":{"type":"Point","coordinates":[126.91847999,37.52402431]}},{"type":"Feature","id":"park-private-103213","properties":{"id":"park-private-103213","dataset":"park-private","gu":"영등포구","species":"느티나무","heightM":7.0,"crownWidthM":7.0,"rawHeight":7.0,"rawCrownWidth":7.0,"quality":"valid","sourceYear":2013},"geometry":{"type":"Point","coordinates":[126.91584124,37.52407297]}},{"type":"Feature","id":"park-private-103225","properties":{"id":"park-private-103225","dataset":"park-private","gu":"영등포구","species":"느티나무","heightM":5.0,"crownWidthM":5.0,"rawHeight":5.0,"rawCrownWidth":5.0,"quality":"valid","sourceYear":2013},"geometry":{"type":"Point","coordinates":[126.91950474,37.52632904]}},{"type":"Feature","id":"park-private-103227","properties":{"id":"park-private-103227","dataset":"park-private","gu":"영등포구","species":"대추나무","heightM":5.0,"crownWidthM":5.0,"rawHeight":5.0,"rawCrownWidth":5.0,"quality":"valid","sourceYear":2013},"geometry":{"type":"Point","coordinates":[126.91620215,37.52372358]}},{"type":"Feature","id":"park-private-103236","properties":{"id":"park-private-103236","dataset":"park-private","gu":"영등포구","species":"은행나무","heightM":5.0,"crownWidthM":4.0,"rawHeight":5.0,"rawCrownWidth":4.0,"quality":"valid","sourceYear":2013},"geometry":{"type":"Point","coordinates":[126.9182319,37.52779565]}},{"type":"Feature","id":"park-private-103250","properties":{"id":"park-private-103250","dataset":"park-private","gu":"영등포구","species":"소나무","heightM":6.0,"crownWidthM":6.0,"rawHeight":6.0,"rawCrownWidth":6.0,"quality":"valid","sourceYear":2013},"geometry":{"type":"Point","coordinates":[126.9186097,37.52398428]}},{"type":"Feature","id":"park-private-103264","properties":{"id":"park-private-103264","dataset":"park-private","gu":"영등포구","species":"은행나무","heightM":10.0,"crownWidthM":4.0,"rawHeight":10.0,"rawCrownWidth":4.0,"quality":"valid","sourceYear":2013},"geometry":{"type":"Point","coordinates":[126.91972099,37.52509734]}},{"type":"Feature","id":"park-private-103282","properties":{"id":"park-private-103282","dataset":"park-private","gu":"영등포구","species":"매화나무","heightM":6.0,"crownWidthM":7.0,"rawHeight":6.0,"rawCrownWidth":7.0,"quality":"valid","sourceYear":2013},"geometry":{"type":"Point","coordinates":[126.91843081,37.52343979]}},{"type":"Feature","id":"park-private-103283","properties":{"id":"park-private-103283","dataset":"park-private","gu":"영등포구","species":"느티나무","heightM":6.0,"crownWidthM":6.0,"rawHeight":6.0,"rawCrownWidth":6.0,"quality":"valid","sourceYear":2013},"geometry":{"type":"Point","coordinates":[126.91959542,37.52269382]}},{"type":"Feature","id":"park-private-103291","properties":{"id":"park-private-103291","dataset":"park-private","gu":"영등포구","species":"느티나무","heightM":6.0,"crownWidthM":6.0,"rawHeight":6.0,"rawCrownWidth":6.0,"quality":"valid","sourceYear":2013},"geometry":{"type":"Point","coordinates":[126.91964031,37.52358957]}},{"type":"Feature","id":"park-private-103310","properties":{"id":"park-private-103310","dataset":"park-private","gu":"영등포구","species":"느티나무","heightM":6.0,"crownWidthM":6.0,"rawHeight":6.0,"rawCrownWidth":6.0,"quality":"valid","sourceYear":2013},"geometry":{"type":"Point","coordinates":[126.91800573,37.5241497]}},{"type":"Feature","id":"park-private-103358","properties":{"id":"park-private-103358","dataset":"park-private","gu":"영등포구","species":"벚나무","heightM":8.0,"crownWidthM":7.0,"rawHeight":8.0,"rawCrownWidth":7.0,"quality":"valid","sourceYear":2013},"geometry":{"type":"Point","coordinates":[126.91569249,37.52688414]}},{"type":"Feature","id":"park-private-103393","properties":{"id":"park-private-103393","dataset":"park-private","gu":"영등포구","species":"벚나무","heightM":7.0,"crownWidthM":7.0,"rawHeight":7.0,"rawCrownWidth":7.0,"quality":"valid","sourceYear":2013},"geometry":{"type":"Point","coordinates":[126.91805401,37.52331407]}},{"type":"Feature","id":"park-private-103409","properties":{"id":"park-private-103409","dataset":"park-private","gu":"영등포구","species":"가중나무","heightM":10.0,"crownWidthM":7.0,"rawHeight":10.0,"rawCrownWidth":7.0,"quality":"valid","sourceYear":2013},"geometry":{"type":"Point","coordinates":[126.91303939,37.52007671]}},{"type":"Feature","id":"park-private-103421","properties":{"id":"park-private-103421","dataset":"park-private","gu":"영등포구","species":"느티나무","heightM":7.0,"crownWidthM":7.0,"rawHeight":7.0,"rawCrownWidth":7.0,"quality":"valid","sourceYear":2013},"geometry":{"type":"Point","coordinates":[126.91943107,37.5225946]}},{"type":"Feature","id":"park-private-103426","properties":{"id":"park-private-103426","dataset":"park-private","gu":"영등포구","species":"소나무","heightM":7.0,"crownWidthM":5.0,"rawHeight":7.0,"rawCrownWidth":5.0,"quality":"valid","sourceYear":2013},"geometry":{"type":"Point","coordinates":[126.91689743,37.52319232]}},{"type":"Feature","id":"park-private-103462","properties":{"id":"park-private-103462","dataset":"park-private","gu":"영등포구","species":"벚나무","heightM":9.0,"crownWidthM":7.0,"rawHeight":9.0,"rawCrownWidth":7.0,"quality":"valid","sourceYear":2013},"geometry":{"type":"Point","coordinates":[126.9180554,37.52259004]}},{"type":"Feature","id":"park-private-103463","properties":{"id":"park-private-103463","dataset":"park-private","gu":"영등포구","species":"소나무","heightM":11.0,"crownWidthM":4.0,"rawHeight":11.0,"rawCrownWidth":4.0,"quality":"valid","sourceYear":2013},"geometry":{"type":"Point","coordinates":[126.91996136,37.52495966]}},{"type":"Feature","id":"park-private-103472","properties":{"id":"park-private-103472","dataset":"park-private","gu":"영등포구","species":"소나무","heightM":6.0,"crownWidthM":5.0,"rawHeight":6.0,"rawCrownWidth":5.0,"quality":"valid","sourceYear":2013},"geometry":{"type":"Point","coordinates":[126.91868928,37.52383537]}},{"type":"Feature","id":"park-private-103476","properties":{"id":"park-private-103476","dataset":"park-private","gu":"영등포구","species":"벚나무","heightM":5.0,"crownWidthM":6.0,"rawHeight":5.0,"rawCrownWidth":6.0,"quality":"valid","sourceYear":2013},"geometry":{"type":"Point","coordinates":[126.91555222,37.52377163]}},{"type":"Feature","id":"park-private-103509","properties":{"id":"park-private-103509","dataset":"park-private","gu":"영등포구","species":"은행나무","heightM":7.0,"crownWidthM":6.0,"rawHeight":7.0,"rawCrownWidth":6.0,"quality":"valid","sourceYear":2013},"geometry":{"type":"Point","coordinates":[126.91977778,37.5227371]}},{"type":"Feature","id":"park-private-103543","properties":{"id":"park-private-103543","dataset":"park-private","gu":"영등포구","species":"양버즘나무","heightM":10.0,"crownWidthM":5.0,"rawHeight":10.0,"rawCrownWidth":5.0,"quality":"valid","sourceYear":2013},"geometry":{"type":"Point","coordinates":[126.91311522,37.52223005]}},{"type":"Feature","id":"park-private-103556","properties":{"id":"park-private-103556","dataset":"park-private","gu":"영등포구","species":"느티나무","heightM":6.0,"crownWidthM":6.0,"rawHeight":6.0,"rawCrownWidth":6.0,"quality":"valid","sourceYear":2013},"geometry":{"type":"Point","coordinates":[126.91909124,37.52431689]}},{"type":"Feature","id":"park-private-103557","properties":{"id":"park-private-103557","dataset":"park-private","gu":"영등포구","species":"양버즘나무","heightM":10.0,"crownWidthM":6.0,"rawHeight":10.0,"rawCrownWidth":6.0,"quality":"valid","sourceYear":2013},"geometry":{"type":"Point","coordinates":[126.91908007,37.52043006]}},{"type":"Feature","id":"park-private-103571","properties":{"id":"park-private-103571","dataset":"park-private","gu":"영등포구","species":"느티나무","heightM":6.0,"crownWidthM":6.0,"rawHeight":6.0,"rawCrownWidth":6.0,"quality":"valid","sourceYear":2013},"geometry":{"type":"Point","coordinates":[126.91945074,37.52451191]}},{"type":"Feature","id":"park-private-103574","properties":{"id":"park-private-103574","dataset":"park-private","gu":"영등포구","species":"느티나무","heightM":6.0,"crownWidthM":7.0,"rawHeight":6.0,"rawCrownWidth":7.0,"quality":"valid","sourceYear":2013},"geometry":{"type":"Point","coordinates":[126.91824755,37.52515632]}},{"type":"Feature","id":"park-private-103577","properties":{"id":"park-private-103577","dataset":"park-private","gu":"영등포구","species":"산수유","heightM":5.0,"crownWidthM":5.0,"rawHeight":5.0,"rawCrownWidth":5.0,"quality":"valid","sourceYear":2013},"geometry":{"type":"Point","coordinates":[126.91945375,37.52334309]}},{"type":"Feature","id":"park-private-103643","properties":{"id":"park-private-103643","dataset":"park-private","gu":"영등포구","species":"은행나무","heightM":8.0,"crownWidthM":6.0,"rawHeight":8.0,"rawCrownWidth":6.0,"quality":"valid","sourceYear":2013},"geometry":{"type":"Point","coordinates":[126.91983989,37.5227683]}},{"type":"Feature","id":"park-private-103645","properties":{"id":"park-private-103645","dataset":"park-private","gu":"영등포구","species":"은행나무","heightM":8.0,"crownWidthM":6.0,"rawHeight":8.0,"rawCrownWidth":6.0,"quality":"valid","sourceYear":2013},"geometry":{"type":"Point","coordinates":[126.91786114,37.52160479]}},{"type":"Feature","id":"park-private-103679","properties":{"id":"park-private-103679","dataset":"park-private","gu":"영등포구","species":"향나무","heightM":5.0,"crownWidthM":4.0,"rawHeight":5.0,"rawCrownWidth":4.0,"quality":"valid","sourceYear":2013},"geometry":{"type":"Point","coordinates":[126.91755685,37.52390758]}},{"type":"Feature","id":"park-private-103686","properties":{"id":"park-private-103686","dataset":"park-private","gu":"영등포구","species":"은행나무","heightM":7.0,"crownWidthM":6.0,"rawHeight":7.0,"rawCrownWidth":6.0,"quality":"valid","sourceYear":2013},"geometry":{"type":"Point","coordinates":[126.91870561,37.52206798]}},{"type":"Feature","id":"park-private-103697","properties":{"id":"park-private-103697","dataset":"park-private","gu":"영등포구","species":"느티나무","heightM":7.0,"crownWidthM":7.0,"rawHeight":7.0,"rawCrownWidth":7.0,"quality":"valid","sourceYear":2013},"geometry":{"type":"Point","coordinates":[126.91471444,37.52622502]}},{"type":"Feature","id":"park-private-103699","properties":{"id":"park-private-103699","dataset":"park-private","gu":"영등포구","species":"양버즘나무","heightM":8.0,"crownWidthM":6.0,"rawHeight":8.0,"rawCrownWidth":6.0,"quality":"valid","sourceYear":2013},"geometry":{"type":"Point","coordinates":[126.91385479,37.52013031]}},{"type":"Feature","id":"park-private-103721","properties":{"id":"park-private-103721","dataset":"park-private","gu":"영등포구","species":"소나무","heightM":5.0,"crownWidthM":5.0,"rawHeight":5.0,"rawCrownWidth":5.0,"quality":"valid","sourceYear":2013},"geometry":{"type":"Point","coordinates":[126.91788769,37.52810465]}},{"type":"Feature","id":"park-private-103727","properties":{"id":"park-private-103727","dataset":"park-private","gu":"영등포구","species":"벚나무","heightM":5.0,"crownWidthM":6.0,"rawHeight":5.0,"rawCrownWidth":6.0,"quality":"valid","sourceYear":2013},"geometry":{"type":"Point","coordinates":[126.91547645,37.52388827]}},{"type":"Feature","id":"park-private-103736","properties":{"id":"park-private-103736","dataset":"park-private","gu":"영등포구","species":"목련","heightM":8.0,"crownWidthM":6.0,"rawHeight":8.0,"rawCrownWidth":6.0,"quality":"valid","sourceYear":2013},"geometry":{"type":"Point","coordinates":[126.91839133,37.52712475]}},{"type":"Feature","id":"park-private-103737","properties":{"id":"park-private-103737","dataset":"park-private","gu":"영등포구","species":"소나무","heightM":6.0,"crownWidthM":5.0,"rawHeight":6.0,"rawCrownWidth":5.0,"quality":"valid","sourceYear":2013},"geometry":{"type":"Point","coordinates":[126.91912243,37.52338872]}},{"type":"Feature","id":"park-private-103750","properties":{"id":"park-private-103750","dataset":"park-private","gu":"영등포구","species":"매화나무","heightM":6.0,"crownWidthM":5.0,"rawHeight":6.0,"rawCrownWidth":5.0,"quality":"valid","sourceYear":2013},"geometry":{"type":"Point","coordinates":[126.91853114,37.52373214]}},{"type":"Feature","id":"park-private-103754","properties":{"id":"park-private-103754","dataset":"park-private","gu":"영등포구","species":"양버즘나무","heightM":10.0,"crownWidthM":5.0,"rawHeight":10.0,"rawCrownWidth":5.0,"quality":"valid","sourceYear":2013},"geometry":{"type":"Point","coordinates":[126.91298452,37.52241584]}},{"type":"Feature","id":"park-private-103758","properties":{"id":"park-private-103758","dataset":"park-private","gu":"영등포구","species":"벚나무","heightM":6.0,"crownWidthM":7.0,"rawHeight":6.0,"rawCrownWidth":7.0,"quality":"valid","sourceYear":2013},"geometry":{"type":"Point","coordinates":[126.91392299,37.52057159]}},{"type":"Feature","id":"park-private-103774","properties":{"id":"park-private-103774","dataset":"park-private","gu":"영등포구","species":"소나무","heightM":11.0,"crownWidthM":4.0,"rawHeight":11.0,"rawCrownWidth":4.0,"quality":"valid","sourceYear":2013},"geometry":{"type":"Point","coordinates":[126.91987061,37.52362981]}},{"type":"Feature","id":"park-private-103780","properties":{"id":"park-private-103780","dataset":"park-private","gu":"영등포구","species":"벚나무","heightM":6.0,"crownWidthM":6.0,"rawHeight":6.0,"rawCrownWidth":6.0,"quality":"valid","sourceYear":2013},"geometry":{"type":"Point","coordinates":[126.91292512,37.52790249]}},{"type":"Feature","id":"park-private-103790","properties":{"id":"park-private-103790","dataset":"park-private","gu":"영등포구","species":"느티나무","heightM":6.0,"crownWidthM":5.0,"rawHeight":6.0,"rawCrownWidth":5.0,"quality":"valid","sourceYear":2013},"geometry":{"type":"Point","coordinates":[126.91845213,37.52491852]}},{"type":"Feature","id":"park-private-103817","properties":{"id":"park-private-103817","dataset":"park-private","gu":"영등포구","species":"소나무","heightM":7.0,"crownWidthM":5.0,"rawHeight":7.0,"rawCrownWidth":5.0,"quality":"valid","sourceYear":2013},"geometry":{"type":"Point","coordinates":[126.91792302,37.52304848]}},{"type":"Feature","id":"park-private-103823","properties":{"id":"park-private-103823","dataset":"park-private","gu":"영등포구","species":"가중나무","heightM":10.0,"crownWidthM":6.0,"rawHeight":10.0,"rawCrownWidth":6.0,"quality":"valid","sourceYear":2013},"geometry":{"type":"Point","coordinates":[126.91866814,37.52027262]}},{"type":"Feature","id":"park-private-103830","properties":{"id":"park-private-103830","dataset":"park-private","gu":"영등포구","species":"소나무","heightM":5.0,"crownWidthM":5.0,"rawHeight":5.0,"rawCrownWidth":5.0,"quality":"valid","sourceYear":2013},"geometry":{"type":"Point","coordinates":[126.91716122,37.52346581]}},{"type":"Feature","id":"park-private-103838","properties":{"id":"park-private-103838","dataset":"park-private","gu":"영등포구","species":"느티나무","heightM":5.0,"crownWidthM":5.0,"rawHeight":5.0,"rawCrownWidth":5.0,"quality":"valid","sourceYear":2013},"geometry":{"type":"Point","coordinates":[126.91932617,37.52673248]}},{"type":"Feature","id":"park-private-103868","properties":{"id":"park-private-103868","dataset":"park-private","gu":"영등포구","species":"소나무","heightM":5.0,"crownWidthM":4.0,"rawHeight":5.0,"rawCrownWidth":4.0,"quality":"valid","sourceYear":2013},"geometry":{"type":"Point","coordinates":[126.91774449,37.52825375]}},{"type":"Feature","id":"park-private-103872","properties":{"id":"park-private-103872","dataset":"park-private","gu":"영등포구","species":"은행나무","heightM":7.0,"crownWidthM":4.0,"rawHeight":7.0,"rawCrownWidth":4.0,"quality":"valid","sourceYear":2013},"geometry":{"type":"Point","coordinates":[126.91926212,37.52241165]}},{"type":"Feature","id":"park-private-103876","properties":{"id":"park-private-103876","dataset":"park-private","gu":"영등포구","species":"느티나무","heightM":5.0,"crownWidthM":3.0,"rawHeight":5.0,"rawCrownWidth":3.0,"quality":"valid","sourceYear":2013},"geometry":{"type":"Point","coordinates":[126.91848952,37.5297404]}},{"type":"Feature","id":"park-private-103878","properties":{"id":"park-private-103878","dataset":"park-private","gu":"영등포구","species":"은행나무","heightM":10.0,"crownWidthM":4.0,"rawHeight":10.0,"rawCrownWidth":4.0,"quality":"valid","sourceYear":2013},"geometry":{"type":"Point","coordinates":[126.91945704,37.52493932]}},{"type":"Feature","id":"park-private-103894","properties":{"id":"park-private-103894","dataset":"park-private","gu":"영등포구","species":"느티나무","heightM":8.0,"crownWidthM":9.0,"rawHeight":8.0,"rawCrownWidth":9.0,"quality":"valid","sourceYear":2013},"geometry":{"type":"Point","coordinates":[126.91922125,37.52534075]}},{"type":"Feature","id":"park-private-103905","properties":{"id":"park-private-103905","dataset":"park-private","gu":"영등포구","species":"소나무","heightM":11.0,"crownWidthM":4.0,"rawHeight":11.0,"rawCrownWidth":4.0,"quality":"valid","sourceYear":2013},"geometry":{"type":"Point","coordinates":[126.91959432,37.524816]}},{"type":"Feature","id":"park-private-103937","properties":{"id":"park-private-103937","dataset":"park-private","gu":"영등포구","species":"느티나무","heightM":7.0,"crownWidthM":8.0,"rawHeight":7.0,"rawCrownWidth":8.0,"quality":"valid","sourceYear":2013},"geometry":{"type":"Point","coordinates":[126.91479813,37.52555562]}},{"type":"Feature","id":"park-private-103961","properties":{"id":"park-private-103961","dataset":"park-private","gu":"영등포구","species":"느티나무","heightM":6.0,"crownWidthM":6.0,"rawHeight":6.0,"rawCrownWidth":6.0,"quality":"valid","sourceYear":2013},"geometry":{"type":"Point","coordinates":[126.91887558,37.52418498]}},{"type":"Feature","id":"park-private-103963","properties":{"id":"park-private-103963","dataset":"park-private","gu":"영등포구","species":"측백나무","heightM":8.0,"crownWidthM":4.0,"rawHeight":8.0,"rawCrownWidth":4.0,"quality":"valid","sourceYear":2013},"geometry":{"type":"Point","coordinates":[126.91313432,37.5209118]}},{"type":"Feature","id":"park-private-103979","properties":{"id":"park-private-103979","dataset":"park-private","gu":"영등포구","species":"느티나무","heightM":7.0,"crownWidthM":8.0,"rawHeight":7.0,"rawCrownWidth":8.0,"quality":"valid","sourceYear":2013},"geometry":{"type":"Point","coordinates":[126.91878839,37.52639223]}},{"type":"Feature","id":"park-private-104008","properties":{"id":"park-private-104008","dataset":"park-private","gu":"영등포구","species":"은행나무","heightM":10.0,"crownWidthM":5.0,"rawHeight":10.0,"rawCrownWidth":5.0,"quality":"valid","sourceYear":2013},"geometry":{"type":"Point","coordinates":[126.91887968,37.5222365]}},{"type":"Feature","id":"park-private-104030","properties":{"id":"park-private-104030","dataset":"park-private","gu":"영등포구","species":"소나무","heightM":12.0,"crownWidthM":5.0,"rawHeight":12.0,"rawCrownWidth":5.0,"quality":"valid","sourceYear":2013},"geometry":{"type":"Point","coordinates":[126.9188928,37.52302185]}},{"type":"Feature","id":"park-private-104039","properties":{"id":"park-private-104039","dataset":"park-private","gu":"영등포구","species":"느티나무","heightM":7.0,"crownWidthM":6.0,"rawHeight":7.0,"rawCrownWidth":6.0,"quality":"valid","sourceYear":2013},"geometry":{"type":"Point","coordinates":[126.91849657,37.52522731]}},{"type":"Feature","id":"park-private-104042","properties":{"id":"park-private-104042","dataset":"park-private","gu":"영등포구","species":"소나무","heightM":11.0,"crownWidthM":4.0,"rawHeight":11.0,"rawCrownWidth":4.0,"quality":"valid","sourceYear":2013},"geometry":{"type":"Point","coordinates":[126.91888238,37.52433968]}},{"type":"Feature","id":"park-private-104056","properties":{"id":"park-private-104056","dataset":"park-private","gu":"영등포구","species":"느릅나무","heightM":7.0,"crownWidthM":5.0,"rawHeight":7.0,"rawCrownWidth":5.0,"quality":"valid","sourceYear":2013},"geometry":{"type":"Point","coordinates":[126.9180226,37.52224738]}},{"type":"Feature","id":"park-private-104074","properties":{"id":"park-private-104074","dataset":"park-private","gu":"영등포구","species":"소나무","heightM":5.0,"crownWidthM":5.0,"rawHeight":5.0,"rawCrownWidth":5.0,"quality":"valid","sourceYear":2013},"geometry":{"type":"Point","coordinates":[126.91806551,37.5278113]}},{"type":"Feature","id":"park-private-104093","properties":{"id":"park-private-104093","dataset":"park-private","gu":"영등포구","species":"느티나무","heightM":6.0,"crownWidthM":8.0,"rawHeight":6.0,"rawCrownWidth":8.0,"quality":"valid","sourceYear":2013},"geometry":{"type":"Point","coordinates":[126.91494364,37.5264243]}},{"type":"Feature","id":"park-private-104107","properties":{"id":"park-private-104107","dataset":"park-private","gu":"영등포구","species":"목련","heightM":8.0,"crownWidthM":5.0,"rawHeight":8.0,"rawCrownWidth":5.0,"quality":"valid","sourceYear":2013},"geometry":{"type":"Point","coordinates":[126.91281139,37.52017897]}},{"type":"Feature","id":"park-private-104111","properties":{"id":"park-private-104111","dataset":"park-private","gu":"영등포구","species":"벚나무","heightM":6.0,"crownWidthM":7.0,"rawHeight":6.0,"rawCrownWidth":7.0,"quality":"valid","sourceYear":2013},"geometry":{"type":"Point","coordinates":[126.91613099,37.52715021]}},{"type":"Feature","id":"park-private-104117","properties":{"id":"park-private-104117","dataset":"park-private","gu":"영등포구","species":"벚나무","heightM":6.0,"crownWidthM":5.0,"rawHeight":6.0,"rawCrownWidth":5.0,"quality":"valid","sourceYear":2013},"geometry":{"type":"Point","coordinates":[126.91394937,37.52047514]}},{"type":"Feature","id":"park-private-104123","properties":{"id":"park-private-104123","dataset":"park-private","gu":"영등포구","species":"소나무","heightM":7.0,"crownWidthM":5.0,"rawHeight":7.0,"rawCrownWidth":5.0,"quality":"valid","sourceYear":2013},"geometry":{"type":"Point","coordinates":[126.9186763,37.52318785]}},{"type":"Feature","id":"park-private-104144","properties":{"id":"park-private-104144","dataset":"park-private","gu":"영등포구","species":"양버즘나무","heightM":8.0,"crownWidthM":5.0,"rawHeight":8.0,"rawCrownWidth":5.0,"quality":"valid","sourceYear":2013},"geometry":{"type":"Point","coordinates":[126.9132326,37.52206378]}},{"type":"Feature","id":"park-private-104158","properties":{"id":"park-private-104158","dataset":"park-private","gu":"영등포구","species":"벚나무","heightM":5.0,"crownWidthM":6.0,"rawHeight":5.0,"rawCrownWidth":6.0,"quality":"valid","sourceYear":2013},"geometry":{"type":"Point","coordinates":[126.91511544,37.52442195]}},{"type":"Feature","id":"park-private-104166","properties":{"id":"park-private-104166","dataset":"park-private","gu":"영등포구","species":"느티나무","heightM":6.0,"crownWidthM":5.0,"rawHeight":6.0,"rawCrownWidth":5.0,"quality":"valid","sourceYear":2013},"geometry":{"type":"Point","coordinates":[126.91861252,37.52446536]}},{"type":"Feature","id":"park-private-104168","properties":{"id":"park-private-104168","dataset":"park-private","gu":"영등포구","species":"벚나무","heightM":6.0,"crownWidthM":6.0,"rawHeight":6.0,"rawCrownWidth":6.0,"quality":"valid","sourceYear":2013},"geometry":{"type":"Point","coordinates":[126.9199582,37.5265347]}},{"type":"Feature","id":"park-private-104192","properties":{"id":"park-private-104192","dataset":"park-private","gu":"영등포구","species":"양버즘나무","heightM":10.0,"crownWidthM":6.0,"rawHeight":10.0,"rawCrownWidth":6.0,"quality":"valid","sourceYear":2013},"geometry":{"type":"Point","coordinates":[126.91915647,37.52036573]}},{"type":"Feature","id":"park-private-104216","properties":{"id":"park-private-104216","dataset":"park-private","gu":"영등포구","species":"양버즘나무","heightM":9.0,"crownWidthM":5.0,"rawHeight":9.0,"rawCrownWidth":5.0,"quality":"valid","sourceYear":2013},"geometry":{"type":"Point","coordinates":[126.9100104,37.52343018]}},{"type":"Feature","id":"park-private-104235","properties":{"id":"park-private-104235","dataset":"park-private","gu":"영등포구","species":"소나무","heightM":14.0,"crownWidthM":5.0,"rawHeight":14.0,"rawCrownWidth":5.0,"quality":"valid","sourceYear":2013},"geometry":{"type":"Point","coordinates":[126.9181163,37.52248551]}},{"type":"Feature","id":"park-private-104247","properties":{"id":"park-private-104247","dataset":"park-private","gu":"영등포구","species":"벚나무","heightM":5.0,"crownWidthM":4.0,"rawHeight":5.0,"rawCrownWidth":4.0,"quality":"valid","sourceYear":2013},"geometry":{"type":"Point","coordinates":[126.91918451,37.52627216]}},{"type":"Feature","id":"park-private-104269","properties":{"id":"park-private-104269","dataset":"park-private","gu":"영등포구","species":"향나무","heightM":6.0,"crownWidthM":4.0,"rawHeight":6.0,"rawCrownWidth":4.0,"quality":"valid","sourceYear":2013},"geometry":{"type":"Point","coordinates":[126.91631297,37.5236374]}},{"type":"Feature","id":"park-private-104305","properties":{"id":"park-private-104305","dataset":"park-private","gu":"영등포구","species":"소나무","heightM":14.0,"crownWidthM":5.0,"rawHeight":14.0,"rawCrownWidth":5.0,"quality":"valid","sourceYear":2013},"geometry":{"type":"Point","coordinates":[126.91829803,37.5226707]}},{"type":"Feature","id":"park-private-104309","properties":{"id":"park-private-104309","dataset":"park-private","gu":"영등포구","species":"소나무","heightM":11.0,"crownWidthM":4.0,"rawHeight":11.0,"rawCrownWidth":4.0,"quality":"valid","sourceYear":2013},"geometry":{"type":"Point","coordinates":[126.91905489,37.52445438]}},{"type":"Feature","id":"park-private-104313","properties":{"id":"park-private-104313","dataset":"park-private","gu":"영등포구","species":"벚나무","heightM":7.0,"crownWidthM":7.0,"rawHeight":7.0,"rawCrownWidth":7.0,"quality":"valid","sourceYear":2013},"geometry":{"type":"Point","coordinates":[126.91749457,37.52590273]}},{"type":"Feature","id":"park-private-104315","properties":{"id":"park-private-104315","dataset":"park-private","gu":"영등포구","species":"버드나무","heightM":10.0,"crownWidthM":7.0,"rawHeight":10.0,"rawCrownWidth":7.0,"quality":"valid","sourceYear":2013},"geometry":{"type":"Point","coordinates":[126.91284917,37.52133136]}},{"type":"Feature","id":"park-private-104331","properties":{"id":"park-private-104331","dataset":"park-private","gu":"영등포구","species":"모과나무","heightM":6.0,"crownWidthM":6.0,"rawHeight":6.0,"rawCrownWidth":6.0,"quality":"valid","sourceYear":2013},"geometry":{"type":"Point","coordinates":[126.91924508,37.5232914]}},{"type":"Feature","id":"park-private-104371","properties":{"id":"park-private-104371","dataset":"park-private","gu":"영등포구","species":"버드나무","heightM":9.0,"crownWidthM":6.0,"rawHeight":9.0,"rawCrownWidth":6.0,"quality":"valid","sourceYear":2013},"geometry":{"type":"Point","coordinates":[126.91403339,37.52034758]}},{"type":"Feature","id":"park-private-104384","properties":{"id":"park-private-104384","dataset":"park-private","gu":"영등포구","species":"느티나무","heightM":5.0,"crownWidthM":3.0,"rawHeight":5.0,"rawCrownWidth":3.0,"quality":"valid","sourceYear":2013},"geometry":{"type":"Point","coordinates":[126.91904635,37.52951737]}},{"type":"Feature","id":"park-private-104388","properties":{"id":"park-private-104388","dataset":"park-private","gu":"영등포구","species":"소나무","heightM":7.0,"crownWidthM":5.0,"rawHeight":7.0,"rawCrownWidth":5.0,"quality":"valid","sourceYear":2013},"geometry":{"type":"Point","coordinates":[126.91824666,37.52308094]}},{"type":"Feature","id":"park-private-104393","properties":{"id":"park-private-104393","dataset":"park-private","gu":"영등포구","species":"느티나무","heightM":5.0,"crownWidthM":3.0,"rawHeight":5.0,"rawCrownWidth":3.0,"quality":"valid","sourceYear":2013},"geometry":{"type":"Point","coordinates":[126.91871231,37.52986075]}},{"type":"Feature","id":"park-private-104401","properties":{"id":"park-private-104401","dataset":"park-private","gu":"영등포구","species":"소나무","heightM":8.0,"crownWidthM":5.0,"rawHeight":8.0,"rawCrownWidth":5.0,"quality":"valid","sourceYear":2013},"geometry":{"type":"Point","coordinates":[126.91776183,37.52270242]}},{"type":"Feature","id":"park-private-104447","properties":{"id":"park-private-104447","dataset":"park-private","gu":"영등포구","species":"은행나무","heightM":9.0,"crownWidthM":4.0,"rawHeight":9.0,"rawCrownWidth":4.0,"quality":"valid","sourceYear":2013},"geometry":{"type":"Point","coordinates":[126.91330342,37.5200032]}},{"type":"Feature","id":"park-private-104451","properties":{"id":"park-private-104451","dataset":"park-private","gu":"영등포구","species":"소나무","heightM":8.0,"crownWidthM":4.0,"rawHeight":8.0,"rawCrownWidth":4.0,"quality":"valid","sourceYear":2013},"geometry":{"type":"Point","coordinates":[126.91843058,37.52356013]}},{"type":"Feature","id":"park-private-104454","properties":{"id":"park-private-104454","dataset":"park-private","gu":"영등포구","species":"느티나무","heightM":7.0,"crownWidthM":8.0,"rawHeight":7.0,"rawCrownWidth":8.0,"quality":"valid","sourceYear":2013},"geometry":{"type":"Point","coordinates":[126.9195369,37.52565643]}},{"type":"Feature","id":"park-private-104488","properties":{"id":"park-private-104488","dataset":"park-private","gu":"영등포구","species":"소나무","heightM":8.0,"crownWidthM":5.0,"rawHeight":8.0,"rawCrownWidth":5.0,"quality":"valid","sourceYear":2013},"geometry":{"type":"Point","coordinates":[126.9178329,37.52256571]}},{"type":"Feature","id":"park-private-104493","properties":{"id":"park-private-104493","dataset":"park-private","gu":"영등포구","species":"단풍나무","heightM":6.0,"crownWidthM":4.0,"rawHeight":6.0,"rawCrownWidth":4.0,"quality":"valid","sourceYear":2013},"geometry":{"type":"Point","coordinates":[126.91855961,37.52386393]}},{"type":"Feature","id":"park-private-104495","properties":{"id":"park-private-104495","dataset":"park-private","gu":"영등포구","species":"느티나무","heightM":5.0,"crownWidthM":5.0,"rawHeight":5.0,"rawCrownWidth":5.0,"quality":"valid","sourceYear":2013},"geometry":{"type":"Point","coordinates":[126.91808792,37.52178219]}},{"type":"Feature","id":"park-private-104505","properties":{"id":"park-private-104505","dataset":"park-private","gu":"영등포구","species":"느티나무","heightM":6.0,"crownWidthM":6.0,"rawHeight":6.0,"rawCrownWidth":6.0,"quality":"valid","sourceYear":2013},"geometry":{"type":"Point","coordinates":[126.91964739,37.52363541]}},{"type":"Feature","id":"park-private-104506","properties":{"id":"park-private-104506","dataset":"park-private","gu":"영등포구","species":"가중나무","heightM":8.0,"crownWidthM":6.0,"rawHeight":8.0,"rawCrownWidth":6.0,"quality":"valid","sourceYear":2013},"geometry":{"type":"Point","coordinates":[126.91304117,37.52105]}},{"type":"Feature","id":"park-private-104509","properties":{"id":"park-private-104509","dataset":"park-private","gu":"영등포구","species":"느릅나무","heightM":7.0,"crownWidthM":5.0,"rawHeight":7.0,"rawCrownWidth":5.0,"quality":"valid","sourceYear":2013},"geometry":{"type":"Point","coordinates":[126.91793015,37.52221577]}},{"type":"Feature","id":"park-private-104511","properties":{"id":"park-private-104511","dataset":"park-private","gu":"영등포구","species":"서어나무","heightM":5.0,"crownWidthM":4.0,"rawHeight":5.0,"rawCrownWidth":4.0,"quality":"valid","sourceYear":2013},"geometry":{"type":"Point","coordinates":[126.91789078,37.52858016]}},{"type":"Feature","id":"park-private-104525","properties":{"id":"park-private-104525","dataset":"park-private","gu":"영등포구","species":"벚나무","heightM":8.0,"crownWidthM":4.0,"rawHeight":8.0,"rawCrownWidth":4.0,"quality":"valid","sourceYear":2013},"geometry":{"type":"Point","coordinates":[126.91709577,37.52313994]}},{"type":"Feature","id":"park-private-104553","properties":{"id":"park-private-104553","dataset":"park-private","gu":"영등포구","species":"소나무","heightM":8.0,"crownWidthM":5.0,"rawHeight":8.0,"rawCrownWidth":5.0,"quality":"valid","sourceYear":2013},"geometry":{"type":"Point","coordinates":[126.91759006,37.52259768]}},{"type":"Feature","id":"park-private-104557","properties":{"id":"park-private-104557","dataset":"park-private","gu":"영등포구","species":"느티나무","heightM":6.0,"crownWidthM":6.0,"rawHeight":6.0,"rawCrownWidth":6.0,"quality":"valid","sourceYear":2013},"geometry":{"type":"Point","coordinates":[126.91982181,37.52288157]}},{"type":"Feature","id":"park-private-104565","properties":{"id":"park-private-104565","dataset":"park-private","gu":"영등포구","species":"느티나무","heightM":7.0,"crownWidthM":5.0,"rawHeight":7.0,"rawCrownWidth":5.0,"quality":"valid","sourceYear":2013},"geometry":{"type":"Point","coordinates":[126.91889179,37.52968307]}},{"type":"Feature","id":"park-private-104570","properties":{"id":"park-private-104570","dataset":"park-private","gu":"영등포구","species":"벚나무","heightM":6.0,"crownWidthM":6.0,"rawHeight":6.0,"rawCrownWidth":6.0,"quality":"valid","sourceYear":2013},"geometry":{"type":"Point","coordinates":[126.91989582,37.52659837]}},{"type":"Feature","id":"park-private-104583","properties":{"id":"park-private-104583","dataset":"park-private","gu":"영등포구","species":"소나무","heightM":9.0,"crownWidthM":5.0,"rawHeight":9.0,"rawCrownWidth":5.0,"quality":"valid","sourceYear":2013},"geometry":{"type":"Point","coordinates":[126.91897928,37.52301619]}},{"type":"Feature","id":"park-private-104590","properties":{"id":"park-private-104590","dataset":"park-private","gu":"영등포구","species":"은행나무","heightM":6.0,"crownWidthM":6.0,"rawHeight":6.0,"rawCrownWidth":6.0,"quality":"valid","sourceYear":2013},"geometry":{"type":"Point","coordinates":[126.91930223,37.52245286]}},{"type":"Feature","id":"park-private-104605","properties":{"id":"park-private-104605","dataset":"park-private","gu":"영등포구","species":"양버즘나무","heightM":8.0,"crownWidthM":6.0,"rawHeight":8.0,"rawCrownWidth":6.0,"quality":"valid","sourceYear":2013},"geometry":{"type":"Point","coordinates":[126.91602425,37.52708999]}},{"type":"Feature","id":"park-private-104632","properties":{"id":"park-private-104632","dataset":"park-private","gu":"영등포구","species":"은행나무","heightM":10.0,"crownWidthM":5.0,"rawHeight":10.0,"rawCrownWidth":5.0,"quality":"valid","sourceYear":2013},"geometry":{"type":"Point","coordinates":[126.91266964,37.52227204]}},{"type":"Feature","id":"park-private-104654","properties":{"id":"park-private-104654","dataset":"park-private","gu":"영등포구","species":"소나무","heightM":8.0,"crownWidthM":5.0,"rawHeight":8.0,"rawCrownWidth":5.0,"quality":"valid","sourceYear":2013},"geometry":{"type":"Point","coordinates":[126.91776203,37.52259783]}},{"type":"Feature","id":"park-private-104691","properties":{"id":"park-private-104691","dataset":"park-private","gu":"영등포구","species":"가중나무","heightM":10.0,"crownWidthM":6.0,"rawHeight":10.0,"rawCrownWidth":6.0,"quality":"valid","sourceYear":2013},"geometry":{"type":"Point","coordinates":[126.91856572,37.52035053]}},{"type":"Feature","id":"park-private-104692","properties":{"id":"park-private-104692","dataset":"park-private","gu":"영등포구","species":"소나무","heightM":5.0,"crownWidthM":4.0,"rawHeight":5.0,"rawCrownWidth":4.0,"quality":"valid","sourceYear":2013},"geometry":{"type":"Point","coordinates":[126.91742348,37.52868598]}},{"type":"Feature","id":"park-private-104708","properties":{"id":"park-private-104708","dataset":"park-private","gu":"영등포구","species":"은행나무","heightM":8.0,"crownWidthM":4.0,"rawHeight":8.0,"rawCrownWidth":4.0,"quality":"valid","sourceYear":2013},"geometry":{"type":"Point","coordinates":[126.91054837,37.52023973]}},{"type":"Feature","id":"park-private-104736","properties":{"id":"park-private-104736","dataset":"park-private","gu":"영등포구","species":"상수리나무","heightM":8.0,"crownWidthM":5.0,"rawHeight":8.0,"rawCrownWidth":5.0,"quality":"valid","sourceYear":2013},"geometry":{"type":"Point","coordinates":[126.91743738,37.52308828]}},{"type":"Feature","id":"park-private-104753","properties":{"id":"park-private-104753","dataset":"park-private","gu":"영등포구","species":"버드나무","heightM":8.0,"crownWidthM":7.0,"rawHeight":8.0,"rawCrownWidth":7.0,"quality":"valid","sourceYear":2013},"geometry":{"type":"Point","coordinates":[126.9178317,37.52319321]}},{"type":"Feature","id":"park-private-104762","properties":{"id":"park-private-104762","dataset":"park-private","gu":"영등포구","species":"벚나무","heightM":5.0,"crownWidthM":6.0,"rawHeight":5.0,"rawCrownWidth":6.0,"quality":"valid","sourceYear":2013},"geometry":{"type":"Point","coordinates":[126.91492825,37.52469763]}},{"type":"Feature","id":"park-private-104778","properties":{"id":"park-private-104778","dataset":"park-private","gu":"영등포구","species":"단풍나무","heightM":6.0,"crownWidthM":6.0,"rawHeight":6.0,"rawCrownWidth":6.0,"quality":"valid","sourceYear":2013},"geometry":{"type":"Point","coordinates":[126.91914436,37.52326269]}},{"type":"Feature","id":"park-private-104785","properties":{"id":"park-private-104785","dataset":"park-private","gu":"영등포구","species":"소나무","heightM":11.0,"crownWidthM":4.0,"rawHeight":11.0,"rawCrownWidth":4.0,"quality":"valid","sourceYear":2013},"geometry":{"type":"Point","coordinates":[126.91993542,37.52362412]}},{"type":"Feature","id":"park-private-104788","properties":{"id":"park-private-104788","dataset":"park-private","gu":"영등포구","species":"벚나무","heightM":5.0,"crownWidthM":6.0,"rawHeight":5.0,"rawCrownWidth":6.0,"quality":"valid","sourceYear":2013},"geometry":{"type":"Point","coordinates":[126.91524023,37.52423817]}},{"type":"Feature","id":"park-private-104800","properties":{"id":"park-private-104800","dataset":"park-private","gu":"영등포구","species":"굴참나무","heightM":12.0,"crownWidthM":4.0,"rawHeight":12.0,"rawCrownWidth":4.0,"quality":"valid","sourceYear":2013},"geometry":{"type":"Point","coordinates":[126.91819553,37.52337051]}},{"type":"Feature","id":"park-private-104830","properties":{"id":"park-private-104830","dataset":"park-private","gu":"영등포구","species":"은행나무","heightM":8.0,"crownWidthM":6.0,"rawHeight":8.0,"rawCrownWidth":6.0,"quality":"valid","sourceYear":2013},"geometry":{"type":"Point","coordinates":[126.91945953,37.52254759]}},{"type":"Feature","id":"park-private-104849","properties":{"id":"park-private-104849","dataset":"park-private","gu":"영등포구","species":"느티나무","heightM":6.0,"crownWidthM":7.0,"rawHeight":6.0,"rawCrownWidth":7.0,"quality":"valid","sourceYear":2013},"geometry":{"type":"Point","coordinates":[126.91818682,37.5270361]}},{"type":"Feature","id":"park-private-104868","properties":{"id":"park-private-104868","dataset":"park-private","gu":"영등포구","species":"느티나무","heightM":8.0,"crownWidthM":9.0,"rawHeight":8.0,"rawCrownWidth":9.0,"quality":"valid","sourceYear":2013},"geometry":{"type":"Point","coordinates":[126.91893542,37.52625073]}},{"type":"Feature","id":"park-private-104876","properties":{"id":"park-private-104876","dataset":"park-private","gu":"영등포구","species":"소나무","heightM":7.0,"crownWidthM":5.0,"rawHeight":7.0,"rawCrownWidth":5.0,"quality":"valid","sourceYear":2013},"geometry":{"type":"Point","coordinates":[126.91931179,37.52497084]}},{"type":"Feature","id":"park-private-104885","properties":{"id":"park-private-104885","dataset":"park-private","gu":"영등포구","species":"소나무","heightM":7.0,"crownWidthM":5.0,"rawHeight":7.0,"rawCrownWidth":5.0,"quality":"valid","sourceYear":2013},"geometry":{"type":"Point","coordinates":[126.9170557,37.52336062]}},{"type":"Feature","id":"park-private-104886","properties":{"id":"park-private-104886","dataset":"park-private","gu":"영등포구","species":"소나무","heightM":9.0,"crownWidthM":4.0,"rawHeight":9.0,"rawCrownWidth":4.0,"quality":"valid","sourceYear":2013},"geometry":{"type":"Point","coordinates":[126.91858038,37.52313754]}},{"type":"Feature","id":"park-private-104889","properties":{"id":"park-private-104889","dataset":"park-private","gu":"영등포구","species":"소나무","heightM":8.0,"crownWidthM":5.0,"rawHeight":8.0,"rawCrownWidth":5.0,"quality":"valid","sourceYear":2013},"geometry":{"type":"Point","coordinates":[126.91785348,37.52238875]}},{"type":"Feature","id":"park-private-104894","properties":{"id":"park-private-104894","dataset":"park-private","gu":"영등포구","species":"소나무","heightM":9.0,"crownWidthM":4.0,"rawHeight":9.0,"rawCrownWidth":4.0,"quality":"valid","sourceYear":2013},"geometry":{"type":"Point","coordinates":[126.91834741,37.52329824]}},{"type":"Feature","id":"park-private-104917","properties":{"id":"park-private-104917","dataset":"park-private","gu":"영등포구","species":"모과나무","heightM":6.0,"crownWidthM":5.0,"rawHeight":6.0,"rawCrownWidth":5.0,"quality":"valid","sourceYear":2013},"geometry":{"type":"Point","coordinates":[126.91723991,37.52378118]}},{"type":"Feature","id":"park-private-104918","properties":{"id":"park-private-104918","dataset":"park-private","gu":"영등포구","species":"은행나무","heightM":10.0,"crownWidthM":4.0,"rawHeight":10.0,"rawCrownWidth":4.0,"quality":"valid","sourceYear":2013},"geometry":{"type":"Point","coordinates":[126.91912714,37.52468653]}},{"type":"Feature","id":"park-private-104944","properties":{"id":"park-private-104944","dataset":"park-private","gu":"영등포구","species":"느티나무","heightM":7.0,"crownWidthM":7.0,"rawHeight":7.0,"rawCrownWidth":7.0,"quality":"valid","sourceYear":2013},"geometry":{"type":"Point","coordinates":[126.91623776,37.52717876]}},{"type":"Feature","id":"park-private-104950","properties":{"id":"park-private-104950","dataset":"park-private","gu":"영등포구","species":"벚나무","heightM":5.0,"crownWidthM":5.0,"rawHeight":5.0,"rawCrownWidth":5.0,"quality":"valid","sourceYear":2013},"geometry":{"type":"Point","coordinates":[126.91905083,37.52641721]}},{"type":"Feature","id":"park-private-104955","properties":{"id":"park-private-104955","dataset":"park-private","gu":"영등포구","species":"단풍나무","heightM":5.0,"crownWidthM":5.0,"rawHeight":5.0,"rawCrownWidth":5.0,"quality":"valid","sourceYear":2013},"geometry":{"type":"Point","coordinates":[126.91758314,37.52398118]}},{"type":"Feature","id":"park-private-104959","properties":{"id":"park-private-104959","dataset":"park-private","gu":"영등포구","species":"소나무","heightM":5.0,"crownWidthM":5.0,"rawHeight":5.0,"rawCrownWidth":5.0,"quality":"valid","sourceYear":2013},"geometry":{"type":"Point","coordinates":[126.91905054,37.52334857]}},{"type":"Feature","id":"park-private-104962","properties":{"id":"park-private-104962","dataset":"park-private","gu":"영등포구","species":"느티나무","heightM":5.0,"crownWidthM":3.0,"rawHeight":5.0,"rawCrownWidth":3.0,"quality":"valid","sourceYear":2013},"geometry":{"type":"Point","coordinates":[126.91876131,37.52981473]}},{"type":"Feature","id":"park-private-104975","properties":{"id":"park-private-104975","dataset":"park-private","gu":"영등포구","species":"벚나무","heightM":7.0,"crownWidthM":6.0,"rawHeight":7.0,"rawCrownWidth":6.0,"quality":"valid","sourceYear":2013},"geometry":{"type":"Point","coordinates":[126.91537675,37.52403894]}},{"type":"Feature","id":"park-private-104983","properties":{"id":"park-private-104983","dataset":"park-private","gu":"영등포구","species":"소나무","heightM":11.0,"crownWidthM":4.0,"rawHeight":11.0,"rawCrownWidth":4.0,"quality":"valid","sourceYear":2013},"geometry":{"type":"Point","coordinates":[126.91997126,37.52368717]}},{"type":"Feature","id":"park-private-104994","properties":{"id":"park-private-104994","dataset":"park-private","gu":"영등포구","species":"벚나무","heightM":5.0,"crownWidthM":6.0,"rawHeight":5.0,"rawCrownWidth":6.0,"quality":"valid","sourceYear":2013},"geometry":{"type":"Point","coordinates":[126.91414325,37.52584355]}},{"type":"Feature","id":"park-private-105011","properties":{"id":"park-private-105011","dataset":"park-private","gu":"영등포구","species":"느티나무","heightM":5.0,"crownWidthM":4.0,"rawHeight":5.0,"rawCrownWidth":4.0,"quality":"valid","sourceYear":2013},"geometry":{"type":"Point","coordinates":[126.91942007,37.52642102]}},{"type":"Feature","id":"park-private-105012","properties":{"id":"park-private-105012","dataset":"park-private","gu":"영등포구","species":"느티나무","heightM":7.0,"crownWidthM":8.0,"rawHeight":7.0,"rawCrownWidth":8.0,"quality":"valid","sourceYear":2013},"geometry":{"type":"Point","coordinates":[126.9157841,37.52694836]}},{"type":"Feature","id":"park-private-105019","properties":{"id":"park-private-105019","dataset":"park-private","gu":"영등포구","species":"느티나무","heightM":6.0,"crownWidthM":7.0,"rawHeight":6.0,"rawCrownWidth":7.0,"quality":"valid","sourceYear":2013},"geometry":{"type":"Point","coordinates":[126.9172049,37.52621042]}},{"type":"Feature","id":"park-private-105024","properties":{"id":"park-private-105024","dataset":"park-private","gu":"영등포구","species":"소나무","heightM":5.0,"crownWidthM":6.0,"rawHeight":5.0,"rawCrownWidth":6.0,"quality":"valid","sourceYear":2013},"geometry":{"type":"Point","coordinates":[126.91737454,37.52249906]}},{"type":"Feature","id":"park-private-105030","properties":{"id":"park-private-105030","dataset":"park-private","gu":"영등포구","species":"소나무","heightM":11.0,"crownWidthM":4.0,"rawHeight":11.0,"rawCrownWidth":4.0,"quality":"valid","sourceYear":2013},"geometry":{"type":"Point","coordinates":[126.91944319,37.5247528]}},{"type":"Feature","id":"park-private-105076","properties":{"id":"park-private-105076","dataset":"park-private","gu":"영등포구","species":"소나무","heightM":6.0,"crownWidthM":3.0,"rawHeight":6.0,"rawCrownWidth":3.0,"quality":"valid","sourceYear":2013},"geometry":{"type":"Point","coordinates":[126.91751739,37.52381295]}},{"type":"Feature","id":"park-private-105116","properties":{"id":"park-private-105116","dataset":"park-private","gu":"영등포구","species":"양버즘나무","heightM":10.0,"crownWidthM":6.0,"rawHeight":10.0,"rawCrownWidth":6.0,"quality":"valid","sourceYear":2013},"geometry":{"type":"Point","coordinates":[126.9192958,37.52023706]}},{"type":"Feature","id":"park-private-105124","properties":{"id":"park-private-105124","dataset":"park-private","gu":"영등포구","species":"목련","heightM":12.0,"crownWidthM":7.0,"rawHeight":12.0,"rawCrownWidth":7.0,"quality":"valid","sourceYear":2013},"geometry":{"type":"Point","coordinates":[126.91781842,37.52648356]}},{"type":"Feature","id":"park-private-105197","properties":{"id":"park-private-105197","dataset":"park-private","gu":"영등포구","species":"목련","heightM":6.0,"crownWidthM":5.0,"rawHeight":6.0,"rawCrownWidth":5.0,"quality":"valid","sourceYear":2013},"geometry":{"type":"Point","coordinates":[126.91893343,37.52754643]}},{"type":"Feature","id":"park-private-105216","properties":{"id":"park-private-105216","dataset":"park-private","gu":"영등포구","species":"소나무","heightM":11.0,"crownWidthM":4.0,"rawHeight":11.0,"rawCrownWidth":4.0,"quality":"valid","sourceYear":2013},"geometry":{"type":"Point","coordinates":[126.91931369,37.52462647]}},{"type":"Feature","id":"park-private-105234","properties":{"id":"park-private-105234","dataset":"park-private","gu":"영등포구","species":"목련","heightM":6.0,"crownWidthM":4.0,"rawHeight":6.0,"rawCrownWidth":4.0,"quality":"valid","sourceYear":2013},"geometry":{"type":"Point","coordinates":[126.91871962,37.52772328]}},{"type":"Feature","id":"park-private-105240","properties":{"id":"park-private-105240","dataset":"park-private","gu":"영등포구","species":"목련","heightM":5.0,"crownWidthM":4.0,"rawHeight":5.0,"rawCrownWidth":4.0,"quality":"valid","sourceYear":2013},"geometry":{"type":"Point","coordinates":[126.9188354,37.52764902]}},{"type":"Feature","id":"park-private-105250","properties":{"id":"park-private-105250","dataset":"park-private","gu":"영등포구","species":"양버즘나무","heightM":14.0,"crownWidthM":6.0,"rawHeight":14.0,"rawCrownWidth":6.0,"quality":"valid","sourceYear":2013},"geometry":{"type":"Point","coordinates":[126.9176615,37.52115093]}},{"type":"Feature","id":"park-private-105277","properties":{"id":"park-private-105277","dataset":"park-private","gu":"영등포구","species":"소나무","heightM":5.0,"crownWidthM":4.0,"rawHeight":5.0,"rawCrownWidth":4.0,"quality":"valid","sourceYear":2013},"geometry":{"type":"Point","coordinates":[126.91845813,37.52412743]}},{"type":"Feature","id":"park-private-105295","properties":{"id":"park-private-105295","dataset":"park-private","gu":"영등포구","species":"양버즘나무","heightM":8.0,"crownWidthM":4.0,"rawHeight":8.0,"rawCrownWidth":4.0,"quality":"valid","sourceYear":2013},"geometry":{"type":"Point","coordinates":[126.91295755,37.5224544]}},{"type":"Feature","id":"park-private-105324","properties":{"id":"park-private-105324","dataset":"park-private","gu":"영등포구","species":"양버즘나무","heightM":8.0,"crownWidthM":5.0,"rawHeight":8.0,"rawCrownWidth":5.0,"quality":"valid","sourceYear":2013},"geometry":{"type":"Point","coordinates":[126.91395585,37.52075563]}},{"type":"Feature","id":"park-private-105349","properties":{"id":"park-private-105349","dataset":"park-private","gu":"영등포구","species":"소나무","heightM":5.0,"crownWidthM":4.0,"rawHeight":5.0,"rawCrownWidth":4.0,"quality":"valid","sourceYear":2013},"geometry":{"type":"Point","coordinates":[126.91729911,37.52856527]}},{"type":"Feature","id":"park-private-105402","properties":{"id":"park-private-105402","dataset":"park-private","gu":"영등포구","species":"느티나무","heightM":6.0,"crownWidthM":4.0,"rawHeight":6.0,"rawCrownWidth":4.0,"quality":"valid","sourceYear":2013},"geometry":{"type":"Point","coordinates":[126.91840953,37.52968357]}},{"type":"Feature","id":"park-private-105429","properties":{"id":"park-private-105429","dataset":"park-private","gu":"영등포구","species":"느티나무","heightM":5.0,"crownWidthM":5.0,"rawHeight":5.0,"rawCrownWidth":5.0,"quality":"valid","sourceYear":2013},"geometry":{"type":"Point","coordinates":[126.91801242,37.52166162]}},{"type":"Feature","id":"park-private-105435","properties":{"id":"park-private-105435","dataset":"park-private","gu":"영등포구","species":"느티나무","heightM":5.0,"crownWidthM":6.0,"rawHeight":5.0,"rawCrownWidth":6.0,"quality":"valid","sourceYear":2013},"geometry":{"type":"Point","coordinates":[126.91805312,37.52718822]}},{"type":"Feature","id":"park-private-105458","properties":{"id":"park-private-105458","dataset":"park-private","gu":"영등포구","species":"소나무","heightM":8.0,"crownWidthM":4.0,"rawHeight":8.0,"rawCrownWidth":4.0,"quality":"valid","sourceYear":2013},"geometry":{"type":"Point","coordinates":[126.9179749,37.52237276]}},{"type":"Feature","id":"park-private-105471","properties":{"id":"park-private-105471","dataset":"park-private","gu":"영등포구","species":"느티나무","heightM":6.0,"crownWidthM":6.0,"rawHeight":6.0,"rawCrownWidth":6.0,"quality":"valid","sourceYear":2013},"geometry":{"type":"Point","coordinates":[126.91998528,37.52383615]}},{"type":"Feature","id":"park-private-105477","properties":{"id":"park-private-105477","dataset":"park-private","gu":"영등포구","species":"소나무","heightM":12.0,"crownWidthM":4.0,"rawHeight":12.0,"rawCrownWidth":4.0,"quality":"valid","sourceYear":2013},"geometry":{"type":"Point","coordinates":[126.91963347,37.52345206]}},{"type":"Feature","id":"park-private-105488","properties":{"id":"park-private-105488","dataset":"park-private","gu":"영등포구","species":"양버즘나무","heightM":10.0,"crownWidthM":6.0,"rawHeight":10.0,"rawCrownWidth":6.0,"quality":"valid","sourceYear":2013},"geometry":{"type":"Point","coordinates":[126.9192329,37.52027278]}},{"type":"Feature","id":"park-private-105492","properties":{"id":"park-private-105492","dataset":"park-private","gu":"영등포구","species":"소나무","heightM":14.0,"crownWidthM":5.0,"rawHeight":14.0,"rawCrownWidth":5.0,"quality":"valid","sourceYear":2013},"geometry":{"type":"Point","coordinates":[126.91846985,37.52275129]}},{"type":"Feature","id":"park-private-105512","properties":{"id":"park-private-105512","dataset":"park-private","gu":"영등포구","species":"소나무","heightM":6.0,"crownWidthM":5.0,"rawHeight":6.0,"rawCrownWidth":5.0,"quality":"valid","sourceYear":2013},"geometry":{"type":"Point","coordinates":[126.91854447,37.5241504]}},{"type":"Feature","id":"park-private-105543","properties":{"id":"park-private-105543","dataset":"park-private","gu":"영등포구","species":"양버즘나무","heightM":10.0,"crownWidthM":6.0,"rawHeight":10.0,"rawCrownWidth":6.0,"quality":"valid","sourceYear":2013},"geometry":{"type":"Point","coordinates":[126.91923744,37.52021198]}},{"type":"Feature","id":"park-private-105565","properties":{"id":"park-private-105565","dataset":"park-private","gu":"영등포구","species":"느티나무","heightM":6.0,"crownWidthM":7.0,"rawHeight":6.0,"rawCrownWidth":7.0,"quality":"valid","sourceYear":2013},"geometry":{"type":"Point","coordinates":[126.91808715,37.52531551]}},{"type":"Feature","id":"park-private-105577","properties":{"id":"park-private-105577","dataset":"park-private","gu":"영등포구","species":"느티나무","heightM":8.0,"crownWidthM":6.0,"rawHeight":8.0,"rawCrownWidth":6.0,"quality":"valid","sourceYear":2013},"geometry":{"type":"Point","coordinates":[126.91755308,37.52832445]}},{"type":"Feature","id":"park-private-105588","properties":{"id":"park-private-105588","dataset":"park-private","gu":"영등포구","species":"은행나무","heightM":8.0,"crownWidthM":4.0,"rawHeight":8.0,"rawCrownWidth":4.0,"quality":"valid","sourceYear":2013},"geometry":{"type":"Point","coordinates":[126.91998534,37.52008875]}},{"type":"Feature","id":"park-private-105591","properties":{"id":"park-private-105591","dataset":"park-private","gu":"영등포구","species":"은행나무","heightM":10.0,"crownWidthM":6.0,"rawHeight":10.0,"rawCrownWidth":6.0,"quality":"valid","sourceYear":2013},"geometry":{"type":"Point","coordinates":[126.91832382,37.52181781]}},{"type":"Feature","id":"park-private-105642","properties":{"id":"park-private-105642","dataset":"park-private","gu":"영등포구","species":"느티나무","heightM":7.0,"crownWidthM":8.0,"rawHeight":7.0,"rawCrownWidth":8.0,"quality":"valid","sourceYear":2013},"geometry":{"type":"Point","coordinates":[126.91928294,37.52591114]}},{"type":"Feature","id":"park-private-105653","properties":{"id":"park-private-105653","dataset":"park-private","gu":"영등포구","species":"양버즘나무","heightM":10.0,"crownWidthM":5.0,"rawHeight":10.0,"rawCrownWidth":5.0,"quality":"valid","sourceYear":2013},"geometry":{"type":"Point","coordinates":[126.91301989,37.52236407]}},{"type":"Feature","id":"park-private-105659","properties":{"id":"park-private-105659","dataset":"park-private","gu":"영등포구","species":"느티나무","heightM":8.0,"crownWidthM":9.0,"rawHeight":8.0,"rawCrownWidth":9.0,"quality":"valid","sourceYear":2013},"geometry":{"type":"Point","coordinates":[126.91908341,37.52525553]}},{"type":"Feature","id":"park-private-105672","properties":{"id":"park-private-105672","dataset":"park-private","gu":"영등포구","species":"소나무","heightM":11.0,"crownWidthM":4.0,"rawHeight":11.0,"rawCrownWidth":4.0,"quality":"valid","sourceYear":2013},"geometry":{"type":"Point","coordinates":[126.91937851,37.52460354]}},{"type":"Feature","id":"park-private-105738","properties":{"id":"park-private-105738","dataset":"park-private","gu":"영등포구","species":"느티나무","heightM":8.0,"crownWidthM":7.0,"rawHeight":8.0,"rawCrownWidth":7.0,"quality":"valid","sourceYear":2013},"geometry":{"type":"Point","coordinates":[126.91813057,37.52600941]}},{"type":"Feature","id":"park-private-105741","properties":{"id":"park-private-105741","dataset":"park-private","gu":"영등포구","species":"소나무","heightM":8.0,"crownWidthM":5.0,"rawHeight":8.0,"rawCrownWidth":5.0,"quality":"valid","sourceYear":2013},"geometry":{"type":"Point","coordinates":[126.91776225,37.52248521]}},{"type":"Feature","id":"park-private-105757","properties":{"id":"park-private-105757","dataset":"park-private","gu":"영등포구","species":"소나무","heightM":12.0,"crownWidthM":4.0,"rawHeight":12.0,"rawCrownWidth":4.0,"quality":"valid","sourceYear":2013},"geometry":{"type":"Point","coordinates":[126.91973415,37.52349795]}},{"type":"Feature","id":"park-private-105762","properties":{"id":"park-private-105762","dataset":"park-private","gu":"영등포구","species":"소나무","heightM":7.0,"crownWidthM":5.0,"rawHeight":7.0,"rawCrownWidth":5.0,"quality":"valid","sourceYear":2013},"geometry":{"type":"Point","coordinates":[126.91950063,37.52315239]}},{"type":"Feature","id":"park-private-105780","properties":{"id":"park-private-105780","dataset":"park-private","gu":"영등포구","species":"느티나무","heightM":5.0,"crownWidthM":5.0,"rawHeight":5.0,"rawCrownWidth":5.0,"quality":"valid","sourceYear":2013},"geometry":{"type":"Point","coordinates":[126.91919284,37.52664388]}},{"type":"Feature","id":"park-private-105790","properties":{"id":"park-private-105790","dataset":"park-private","gu":"영등포구","species":"버드나무","heightM":10.0,"crownWidthM":5.0,"rawHeight":10.0,"rawCrownWidth":5.0,"quality":"valid","sourceYear":2013},"geometry":{"type":"Point","coordinates":[126.91290015,37.52125743]}},{"type":"Feature","id":"park-private-105798","properties":{"id":"park-private-105798","dataset":"park-private","gu":"영등포구","species":"소나무","heightM":5.0,"crownWidthM":4.0,"rawHeight":5.0,"rawCrownWidth":4.0,"quality":"valid","sourceYear":2013},"geometry":{"type":"Point","coordinates":[126.91568914,37.52491492]}},{"type":"Feature","id":"park-private-105821","properties":{"id":"park-private-105821","dataset":"park-private","gu":"영등포구","species":"소나무","heightM":12.0,"crownWidthM":4.0,"rawHeight":12.0,"rawCrownWidth":4.0,"quality":"valid","sourceYear":2013},"geometry":{"type":"Point","coordinates":[126.91978472,37.52342923]}},{"type":"Feature","id":"park-private-105835","properties":{"id":"park-private-105835","dataset":"park-private","gu":"영등포구","species":"가중나무","heightM":12.0,"crownWidthM":7.0,"rawHeight":12.0,"rawCrownWidth":7.0,"quality":"valid","sourceYear":2013},"geometry":{"type":"Point","coordinates":[126.9127267,37.52055291]}},{"type":"Feature","id":"park-private-105841","properties":{"id":"park-private-105841","dataset":"park-private","gu":"영등포구","species":"느티나무","heightM":7.0,"crownWidthM":8.0,"rawHeight":7.0,"rawCrownWidth":8.0,"quality":"valid","sourceYear":2013},"geometry":{"type":"Point","coordinates":[126.91513034,37.52512964]}},{"type":"Feature","id":"park-private-105850","properties":{"id":"park-private-105850","dataset":"park-private","gu":"영등포구","species":"굴참나무","heightM":8.0,"crownWidthM":5.0,"rawHeight":8.0,"rawCrownWidth":5.0,"quality":"valid","sourceYear":2013},"geometry":{"type":"Point","coordinates":[126.91757803,37.52359523]}},{"type":"Feature","id":"park-private-105862","properties":{"id":"park-private-105862","dataset":"park-private","gu":"영등포구","species":"소나무","heightM":7.0,"crownWidthM":4.0,"rawHeight":7.0,"rawCrownWidth":4.0,"quality":"valid","sourceYear":2013},"geometry":{"type":"Point","coordinates":[126.9193532,37.52324563]}},{"type":"Feature","id":"park-private-105865","properties":{"id":"park-private-105865","dataset":"park-private","gu":"영등포구","species":"느티나무","heightM":6.0,"crownWidthM":7.0,"rawHeight":6.0,"rawCrownWidth":7.0,"quality":"valid","sourceYear":2013},"geometry":{"type":"Point","coordinates":[126.91814507,37.52526245]}},{"type":"Feature","id":"park-private-105900","properties":{"id":"park-private-105900","dataset":"park-private","gu":"영등포구","species":"양버즘나무","heightM":10.0,"crownWidthM":6.0,"rawHeight":10.0,"rawCrownWidth":6.0,"quality":"valid","sourceYear":2013},"geometry":{"type":"Point","coordinates":[126.91937661,37.52024783]}},{"type":"Feature","id":"park-private-105904","properties":{"id":"park-private-105904","dataset":"park-private","gu":"영등포구","species":"소나무","heightM":5.0,"crownWidthM":4.0,"rawHeight":5.0,"rawCrownWidth":4.0,"quality":"valid","sourceYear":2013},"geometry":{"type":"Point","coordinates":[126.91738784,37.5287214]}},{"type":"Feature","id":"park-private-105907","properties":{"id":"park-private-105907","dataset":"park-private","gu":"영등포구","species":"소나무","heightM":5.0,"crownWidthM":3.0,"rawHeight":5.0,"rawCrownWidth":3.0,"quality":"valid","sourceYear":2013},"geometry":{"type":"Point","coordinates":[126.91709041,37.52874756]}},{"type":"Feature","id":"park-private-105917","properties":{"id":"park-private-105917","dataset":"park-private","gu":"영등포구","species":"소나무","heightM":6.0,"crownWidthM":5.0,"rawHeight":6.0,"rawCrownWidth":5.0,"quality":"valid","sourceYear":2013},"geometry":{"type":"Point","coordinates":[126.91778952,37.52815512]}},{"type":"Feature","id":"park-private-105926","properties":{"id":"park-private-105926","dataset":"park-private","gu":"영등포구","species":"느티나무","heightM":6.0,"crownWidthM":6.0,"rawHeight":6.0,"rawCrownWidth":6.0,"quality":"valid","sourceYear":2013},"geometry":{"type":"Point","coordinates":[126.9184123,37.52498657]}},{"type":"Feature","id":"park-private-105930","properties":{"id":"park-private-105930","dataset":"park-private","gu":"영등포구","species":"소나무","heightM":11.0,"crownWidthM":4.0,"rawHeight":11.0,"rawCrownWidth":4.0,"quality":"valid","sourceYear":2013},"geometry":{"type":"Point","coordinates":[126.91953674,37.52479876]}},{"type":"Feature","id":"park-private-105988","properties":{"id":"park-private-105988","dataset":"park-private","gu":"영등포구","species":"느티나무","heightM":7.0,"crownWidthM":7.0,"rawHeight":7.0,"rawCrownWidth":7.0,"quality":"valid","sourceYear":2013},"geometry":{"type":"Point","coordinates":[126.91931742,37.52315966]}},{"type":"Feature","id":"park-private-105996","properties":{"id":"park-private-105996","dataset":"park-private","gu":"영등포구","species":"소나무","heightM":8.0,"crownWidthM":5.0,"rawHeight":8.0,"rawCrownWidth":5.0,"quality":"valid","sourceYear":2013},"geometry":{"type":"Point","coordinates":[126.91798458,37.52259802]}},{"type":"Feature","id":"park-private-106007","properties":{"id":"park-private-106007","dataset":"park-private","gu":"영등포구","species":"소나무","heightM":7.0,"crownWidthM":6.0,"rawHeight":7.0,"rawCrownWidth":6.0,"quality":"valid","sourceYear":2013},"geometry":{"type":"Point","coordinates":[126.91746717,37.52243608]}},{"type":"Feature","id":"park-private-106009","properties":{"id":"park-private-106009","dataset":"park-private","gu":"영등포구","species":"벚나무","heightM":7.0,"crownWidthM":7.0,"rawHeight":7.0,"rawCrownWidth":7.0,"quality":"valid","sourceYear":2013},"geometry":{"type":"Point","coordinates":[126.91740196,37.5259996]}},{"type":"Feature","id":"park-private-106047","properties":{"id":"park-private-106047","dataset":"park-private","gu":"영등포구","species":"느티나무","heightM":7.0,"crownWidthM":8.0,"rawHeight":7.0,"rawCrownWidth":8.0,"quality":"valid","sourceYear":2013},"geometry":{"type":"Point","coordinates":[126.91513707,37.52509437]}},{"type":"Feature","id":"park-private-106051","properties":{"id":"park-private-106051","dataset":"park-private","gu":"영등포구","species":"소나무","heightM":7.0,"crownWidthM":5.0,"rawHeight":7.0,"rawCrownWidth":5.0,"quality":"valid","sourceYear":2013},"geometry":{"type":"Point","coordinates":[126.91798371,37.52304853]}},{"type":"Feature","id":"park-private-106093","properties":{"id":"park-private-106093","dataset":"park-private","gu":"영등포구","species":"느티나무","heightM":7.0,"crownWidthM":8.0,"rawHeight":7.0,"rawCrownWidth":8.0,"quality":"valid","sourceYear":2013},"geometry":{"type":"Point","coordinates":[126.91869946,37.52636739]}},{"type":"Feature","id":"park-private-106113","properties":{"id":"park-private-106113","dataset":"park-private","gu":"영등포구","species":"목련","heightM":8.0,"crownWidthM":6.0,"rawHeight":8.0,"rawCrownWidth":6.0,"quality":"valid","sourceYear":2013},"geometry":{"type":"Point","coordinates":[126.91846707,37.52705046]}},{"type":"Feature","id":"park-private-106117","properties":{"id":"park-private-106117","dataset":"park-private","gu":"영등포구","species":"느티나무","heightM":6.0,"crownWidthM":5.0,"rawHeight":6.0,"rawCrownWidth":5.0,"quality":"valid","sourceYear":2013},"geometry":{"type":"Point","coordinates":[126.91855811,37.52978193]}},{"type":"Feature","id":"park-private-106118","properties":{"id":"park-private-106118","dataset":"park-private","gu":"영등포구","species":"느티나무","heightM":8.0,"crownWidthM":7.0,"rawHeight":8.0,"rawCrownWidth":7.0,"quality":"valid","sourceYear":2013},"geometry":{"type":"Point","coordinates":[126.91884331,37.52510996]}},{"type":"Feature","id":"park-private-106177","properties":{"id":"park-private-106177","dataset":"park-private","gu":"영등포구","species":"소나무","heightM":8.0,"crownWidthM":5.0,"rawHeight":8.0,"rawCrownWidth":5.0,"quality":"valid","sourceYear":2013},"geometry":{"type":"Point","coordinates":[126.91769127,37.52257364]}},{"type":"Feature","id":"park-private-106193","properties":{"id":"park-private-106193","dataset":"park-private","gu":"영등포구","species":"양버즘나무","heightM":10.0,"crownWidthM":5.0,"rawHeight":10.0,"rawCrownWidth":5.0,"quality":"valid","sourceYear":2013},"geometry":{"type":"Point","coordinates":[126.91245149,37.52318572]}},{"type":"Feature","id":"park-private-106194","properties":{"id":"park-private-106194","dataset":"park-private","gu":"영등포구","species":"느티나무","heightM":5.0,"crownWidthM":5.0,"rawHeight":5.0,"rawCrownWidth":5.0,"quality":"valid","sourceYear":2013},"geometry":{"type":"Point","coordinates":[126.91937765,37.52259456]}},{"type":"Feature","id":"park-private-106229","properties":{"id":"park-private-106229","dataset":"park-private","gu":"영등포구","species":"목련","heightM":7.0,"crownWidthM":5.0,"rawHeight":7.0,"rawCrownWidth":5.0,"quality":"valid","sourceYear":2013},"geometry":{"type":"Point","coordinates":[126.91902061,37.52746748]}},{"type":"Feature","id":"park-private-106262","properties":{"id":"park-private-106262","dataset":"park-private","gu":"영등포구","species":"소나무","heightM":8.0,"crownWidthM":5.0,"rawHeight":8.0,"rawCrownWidth":5.0,"quality":"valid","sourceYear":2013},"geometry":{"type":"Point","coordinates":[126.91808549,37.52272683]}},{"type":"Feature","id":"park-private-106326","properties":{"id":"park-private-106326","dataset":"park-private","gu":"영등포구","species":"느티나무","heightM":7.0,"crownWidthM":6.0,"rawHeight":7.0,"rawCrownWidth":6.0,"quality":"valid","sourceYear":2013},"geometry":{"type":"Point","coordinates":[126.91867413,37.522093]}},{"type":"Feature","id":"park-private-106400","properties":{"id":"park-private-106400","dataset":"park-private","gu":"영등포구","species":"느티나무","heightM":6.0,"crownWidthM":8.0,"rawHeight":6.0,"rawCrownWidth":8.0,"quality":"valid","sourceYear":2013},"geometry":{"type":"Point","coordinates":[126.91956674,37.52651317]}},{"type":"Feature","id":"park-private-106422","properties":{"id":"park-private-106422","dataset":"park-private","gu":"영등포구","species":"느티나무","heightM":7.0,"crownWidthM":7.0,"rawHeight":7.0,"rawCrownWidth":7.0,"quality":"valid","sourceYear":2013},"geometry":{"type":"Point","coordinates":[126.91967891,37.52278348]}},{"type":"Feature","id":"park-private-106430","properties":{"id":"park-private-106430","dataset":"park-private","gu":"영등포구","species":"벚나무","heightM":6.0,"crownWidthM":7.0,"rawHeight":6.0,"rawCrownWidth":7.0,"quality":"valid","sourceYear":2013},"geometry":{"type":"Point","coordinates":[126.91618773,37.5228343]}},{"type":"Feature","id":"park-private-106431","properties":{"id":"park-private-106431","dataset":"park-private","gu":"영등포구","species":"소나무","heightM":11.0,"crownWidthM":5.0,"rawHeight":11.0,"rawCrownWidth":5.0,"quality":"valid","sourceYear":2013},"geometry":{"type":"Point","coordinates":[126.91969093,37.52350366]}},{"type":"Feature","id":"park-private-106503","properties":{"id":"park-private-106503","dataset":"park-private","gu":"영등포구","species":"느티나무","heightM":7.0,"crownWidthM":7.0,"rawHeight":7.0,"rawCrownWidth":7.0,"quality":"valid","sourceYear":2013},"geometry":{"type":"Point","coordinates":[126.91880773,37.52508508]}},{"type":"Feature","id":"park-private-106510","properties":{"id":"park-private-106510","dataset":"park-private","gu":"영등포구","species":"소나무","heightM":8.0,"crownWidthM":5.0,"rawHeight":8.0,"rawCrownWidth":5.0,"quality":"valid","sourceYear":2013},"geometry":{"type":"Point","coordinates":[126.91734609,37.52321692]}},{"type":"Feature","id":"park-private-106524","properties":{"id":"park-private-106524","dataset":"park-private","gu":"영등포구","species":"벚나무","heightM":5.0,"crownWidthM":6.0,"rawHeight":5.0,"rawCrownWidth":6.0,"quality":"valid","sourceYear":2013},"geometry":{"type":"Point","coordinates":[126.91488812,37.52476136]}},{"type":"Feature","id":"park-private-106525","properties":{"id":"park-private-106525","dataset":"park-private","gu":"영등포구","species":"느티나무","heightM":8.0,"crownWidthM":6.0,"rawHeight":8.0,"rawCrownWidth":6.0,"quality":"valid","sourceYear":2013},"geometry":{"type":"Point","coordinates":[126.91755292,37.52842374]}},{"type":"Feature","id":"park-private-106531","properties":{"id":"park-private-106531","dataset":"park-private","gu":"영등포구","species":"목련","heightM":5.0,"crownWidthM":5.0,"rawHeight":5.0,"rawCrownWidth":5.0,"quality":"valid","sourceYear":2013},"geometry":{"type":"Point","coordinates":[126.91796364,37.52751385]}},{"type":"Feature","id":"park-private-106593","properties":{"id":"park-private-106593","dataset":"park-private","gu":"영등포구","species":"목련","heightM":8.0,"crownWidthM":5.0,"rawHeight":8.0,"rawCrownWidth":5.0,"quality":"valid","sourceYear":2013},"geometry":{"type":"Point","coordinates":[126.91798218,37.52384497]}},{"type":"Feature","id":"park-private-106634","properties":{"id":"park-private-106634","dataset":"park-private","gu":"영등포구","species":"양버즘나무","heightM":7.0,"crownWidthM":5.0,"rawHeight":7.0,"rawCrownWidth":5.0,"quality":"valid","sourceYear":2013},"geometry":{"type":"Point","coordinates":[126.91894527,37.52052295]}},{"type":"Feature","id":"park-private-106661","properties":{"id":"park-private-106661","dataset":"park-private","gu":"영등포구","species":"굴참나무","heightM":11.0,"crownWidthM":5.0,"rawHeight":11.0,"rawCrownWidth":5.0,"quality":"valid","sourceYear":2013},"geometry":{"type":"Point","coordinates":[126.91816529,37.52331417]}},{"type":"Feature","id":"park-private-106729","properties":{"id":"park-private-106729","dataset":"park-private","gu":"영등포구","species":"소나무","heightM":8.0,"crownWidthM":5.0,"rawHeight":8.0,"rawCrownWidth":5.0,"quality":"valid","sourceYear":2013},"geometry":{"type":"Point","coordinates":[126.91788347,37.5225738]}},{"type":"Feature","id":"park-private-106736","properties":{"id":"park-private-106736","dataset":"park-private","gu":"영등포구","species":"양버즘나무","heightM":10.0,"crownWidthM":5.0,"rawHeight":10.0,"rawCrownWidth":5.0,"quality":"valid","sourceYear":2013},"geometry":{"type":"Point","coordinates":[126.91254316,37.52306044]}},{"type":"Feature","id":"park-private-106742","properties":{"id":"park-private-106742","dataset":"park-private","gu":"영등포구","species":"벚나무","heightM":5.0,"crownWidthM":6.0,"rawHeight":5.0,"rawCrownWidth":6.0,"quality":"valid","sourceYear":2013},"geometry":{"type":"Point","coordinates":[126.91558787,37.52372569]}},{"type":"Feature","id":"park-private-106810","properties":{"id":"park-private-106810","dataset":"park-private","gu":"영등포구","species":"느티나무","heightM":6.0,"crownWidthM":6.0,"rawHeight":6.0,"rawCrownWidth":6.0,"quality":"valid","sourceYear":2013},"geometry":{"type":"Point","coordinates":[126.91966476,37.52641412]}},{"type":"Feature","id":"park-private-106822","properties":{"id":"park-private-106822","dataset":"park-private","gu":"영등포구","species":"이태리포플러","heightM":9.0,"crownWidthM":8.0,"rawHeight":9.0,"rawCrownWidth":8.0,"quality":"valid","sourceYear":2013},"geometry":{"type":"Point","coordinates":[126.91111998,37.52502011]}},{"type":"Feature","id":"park-private-106827","properties":{"id":"park-private-106827","dataset":"park-private","gu":"영등포구","species":"은행나무","heightM":7.0,"crownWidthM":4.0,"rawHeight":7.0,"rawCrownWidth":4.0,"quality":"valid","sourceYear":2013},"geometry":{"type":"Point","coordinates":[126.91818937,37.52180648]}},{"type":"Feature","id":"park-private-106831","properties":{"id":"park-private-106831","dataset":"park-private","gu":"영등포구","species":"느티나무","heightM":6.0,"crownWidthM":6.0,"rawHeight":6.0,"rawCrownWidth":6.0,"quality":"valid","sourceYear":2013},"geometry":{"type":"Point","coordinates":[126.91792779,37.52168636]}},{"type":"Feature","id":"park-private-106886","properties":{"id":"park-private-106886","dataset":"park-private","gu":"영등포구","species":"느티나무","heightM":7.0,"crownWidthM":7.0,"rawHeight":7.0,"rawCrownWidth":7.0,"quality":"valid","sourceYear":2013},"geometry":{"type":"Point","coordinates":[126.91446987,37.52609775]}},{"type":"Feature","id":"park-private-106896","properties":{"id":"park-private-106896","dataset":"park-private","gu":"영등포구","species":"산수유","heightM":6.0,"crownWidthM":3.0,"rawHeight":6.0,"rawCrownWidth":3.0,"quality":"valid","sourceYear":2013},"geometry":{"type":"Point","coordinates":[126.91830784,37.5236861]}},{"type":"Feature","id":"park-private-106913","properties":{"id":"park-private-106913","dataset":"park-private","gu":"영등포구","species":"양버즘나무","heightM":10.0,"crownWidthM":5.0,"rawHeight":10.0,"rawCrownWidth":5.0,"quality":"valid","sourceYear":2013},"geometry":{"type":"Point","coordinates":[126.91289521,37.5225418]}},{"type":"Feature","id":"park-private-106951","properties":{"id":"park-private-106951","dataset":"park-private","gu":"영등포구","species":"소나무","heightM":12.0,"crownWidthM":5.0,"rawHeight":12.0,"rawCrownWidth":5.0,"quality":"valid","sourceYear":2013},"geometry":{"type":"Point","coordinates":[126.91895039,37.52305055]}},{"type":"Feature","id":"park-private-106978","properties":{"id":"park-private-106978","dataset":"park-private","gu":"영등포구","species":"벚나무","heightM":5.0,"crownWidthM":4.0,"rawHeight":5.0,"rawCrownWidth":4.0,"quality":"valid","sourceYear":2013},"geometry":{"type":"Point","coordinates":[126.91964628,37.5268637]}},{"type":"Feature","id":"park-private-106986","properties":{"id":"park-private-106986","dataset":"park-private","gu":"영등포구","species":"소나무","heightM":10.0,"crownWidthM":4.0,"rawHeight":10.0,"rawCrownWidth":4.0,"quality":"valid","sourceYear":2013},"geometry":{"type":"Point","coordinates":[126.91983477,37.52356677]}},{"type":"Feature","id":"park-private-106996","properties":{"id":"park-private-106996","dataset":"park-private","gu":"영등포구","species":"소나무","heightM":11.0,"crownWidthM":4.0,"rawHeight":11.0,"rawCrownWidth":4.0,"quality":"valid","sourceYear":2013},"geometry":{"type":"Point","coordinates":[126.9197311,37.52481032]}},{"type":"Feature","id":"park-private-106997","properties":{"id":"park-private-106997","dataset":"park-private","gu":"영등포구","species":"소나무","heightM":12.0,"crownWidthM":4.0,"rawHeight":12.0,"rawCrownWidth":4.0,"quality":"valid","sourceYear":2013},"geometry":{"type":"Point","coordinates":[126.919799,37.52347507]}},{"type":"Feature","id":"park-private-107007","properties":{"id":"park-private-107007","dataset":"park-private","gu":"영등포구","species":"느티나무","heightM":6.0,"crownWidthM":6.0,"rawHeight":6.0,"rawCrownWidth":6.0,"quality":"valid","sourceYear":2013},"geometry":{"type":"Point","coordinates":[126.91940296,37.52349202]}},{"type":"Feature","id":"park-private-107022","properties":{"id":"park-private-107022","dataset":"park-private","gu":"영등포구","species":"느티나무","heightM":6.0,"crownWidthM":6.0,"rawHeight":6.0,"rawCrownWidth":6.0,"quality":"valid","sourceYear":2013},"geometry":{"type":"Point","coordinates":[126.91953239,37.52356086]}},{"type":"Feature","id":"park-private-107023","properties":{"id":"park-private-107023","dataset":"park-private","gu":"영등포구","species":"소나무","heightM":6.0,"crownWidthM":5.0,"rawHeight":6.0,"rawCrownWidth":5.0,"quality":"valid","sourceYear":2013},"geometry":{"type":"Point","coordinates":[126.91915851,37.5233601]}},{"type":"Feature","id":"park-private-107047","properties":{"id":"park-private-107047","dataset":"park-private","gu":"영등포구","species":"벚나무","heightM":5.0,"crownWidthM":5.0,"rawHeight":5.0,"rawCrownWidth":5.0,"quality":"valid","sourceYear":2013},"geometry":{"type":"Point","coordinates":[126.91552962,37.52380658]}},{"type":"Feature","id":"park-private-107053","properties":{"id":"park-private-107053","dataset":"park-private","gu":"영등포구","species":"소나무","heightM":8.0,"crownWidthM":6.0,"rawHeight":8.0,"rawCrownWidth":6.0,"quality":"valid","sourceYear":2013},"geometry":{"type":"Point","coordinates":[126.91748061,37.52232048]}},{"type":"Feature","id":"park-private-107066","properties":{"id":"park-private-107066","dataset":"park-private","gu":"영등포구","species":"느티나무","heightM":8.0,"crownWidthM":6.0,"rawHeight":8.0,"rawCrownWidth":6.0,"quality":"valid","sourceYear":2013},"geometry":{"type":"Point","coordinates":[126.91753075,37.52838116]}},{"type":"Feature","id":"park-private-107081","properties":{"id":"park-private-107081","dataset":"park-private","gu":"영등포구","species":"소나무","heightM":5.0,"crownWidthM":4.0,"rawHeight":5.0,"rawCrownWidth":4.0,"quality":"valid","sourceYear":2013},"geometry":{"type":"Point","coordinates":[126.91776239,37.52818995]}},{"type":"Feature","id":"park-private-107104","properties":{"id":"park-private-107104","dataset":"park-private","gu":"영등포구","species":"중국단풍","heightM":8.0,"crownWidthM":5.0,"rawHeight":8.0,"rawCrownWidth":5.0,"quality":"valid","sourceYear":2013},"geometry":{"type":"Point","coordinates":[126.91806336,37.52371632]}},{"type":"Feature","id":"park-private-107115","properties":{"id":"park-private-107115","dataset":"park-private","gu":"영등포구","species":"목련","heightM":8.0,"crownWidthM":5.0,"rawHeight":8.0,"rawCrownWidth":5.0,"quality":"valid","sourceYear":2013},"geometry":{"type":"Point","coordinates":[126.91825167,37.52824371]}},{"type":"Feature","id":"park-private-107130","properties":{"id":"park-private-107130","dataset":"park-private","gu":"영등포구","species":"은행나무","heightM":10.0,"crownWidthM":4.0,"rawHeight":10.0,"rawCrownWidth":4.0,"quality":"valid","sourceYear":2013},"geometry":{"type":"Point","coordinates":[126.91920632,37.52474973]}},{"type":"Feature","id":"park-private-107134","properties":{"id":"park-private-107134","dataset":"park-private","gu":"영등포구","species":"느티나무","heightM":6.0,"crownWidthM":8.0,"rawHeight":6.0,"rawCrownWidth":8.0,"quality":"valid","sourceYear":2013},"geometry":{"type":"Point","coordinates":[126.91826703,37.52695119]}},{"type":"Feature","id":"park-private-107136","properties":{"id":"park-private-107136","dataset":"park-private","gu":"영등포구","species":"소나무","heightM":14.0,"crownWidthM":5.0,"rawHeight":14.0,"rawCrownWidth":5.0,"quality":"valid","sourceYear":2013},"geometry":{"type":"Point","coordinates":[126.91842964,37.5226145]}},{"type":"Feature","id":"park-private-107186","properties":{"id":"park-private-107186","dataset":"park-private","gu":"영등포구","species":"은행나무","heightM":10.0,"crownWidthM":4.0,"rawHeight":10.0,"rawCrownWidth":4.0,"quality":"valid","sourceYear":2013},"geometry":{"type":"Point","coordinates":[126.91954942,37.524992]}},{"type":"Feature","id":"park-private-107198","properties":{"id":"park-private-107198","dataset":"park-private","gu":"영등포구","species":"측백나무","heightM":8.0,"crownWidthM":4.0,"rawHeight":8.0,"rawCrownWidth":4.0,"quality":"valid","sourceYear":2013},"geometry":{"type":"Point","coordinates":[126.91308024,37.52099043]}},{"type":"Feature","id":"park-private-107210","properties":{"id":"park-private-107210","dataset":"park-private","gu":"영등포구","species":"은행나무","heightM":10.0,"crownWidthM":6.0,"rawHeight":10.0,"rawCrownWidth":6.0,"quality":"valid","sourceYear":2013},"geometry":{"type":"Point","coordinates":[126.9199687,37.52284626]}},{"type":"Feature","id":"park-private-107229","properties":{"id":"park-private-107229","dataset":"park-private","gu":"영등포구","species":"목련","heightM":10.0,"crownWidthM":5.0,"rawHeight":10.0,"rawCrownWidth":5.0,"quality":"valid","sourceYear":2013},"geometry":{"type":"Point","coordinates":[126.91711706,37.52834521]}},{"type":"Feature","id":"park-private-107239","properties":{"id":"park-private-107239","dataset":"park-private","gu":"영등포구","species":"소나무","heightM":8.0,"crownWidthM":5.0,"rawHeight":8.0,"rawCrownWidth":5.0,"quality":"valid","sourceYear":2013},"geometry":{"type":"Point","coordinates":[126.91768103,37.52263799]}},{"type":"Feature","id":"park-private-107247","properties":{"id":"park-private-107247","dataset":"park-private","gu":"영등포구","species":"소나무","heightM":11.0,"crownWidthM":4.0,"rawHeight":11.0,"rawCrownWidth":4.0,"quality":"valid","sourceYear":2013},"geometry":{"type":"Point","coordinates":[126.91963037,37.52472418]}},{"type":"Feature","id":"park-private-107254","properties":{"id":"park-private-107254","dataset":"park-private","gu":"영등포구","species":"느티나무","heightM":7.0,"crownWidthM":8.0,"rawHeight":7.0,"rawCrownWidth":8.0,"quality":"valid","sourceYear":2013},"geometry":{"type":"Point","coordinates":[126.91845413,37.52200698]}},{"type":"Feature","id":"park-private-107297","properties":{"id":"park-private-107297","dataset":"park-private","gu":"영등포구","species":"은행나무","heightM":9.0,"crownWidthM":5.0,"rawHeight":9.0,"rawCrownWidth":5.0,"quality":"valid","sourceYear":2013},"geometry":{"type":"Point","coordinates":[126.91991855,37.52015611]}},{"type":"Feature","id":"park-private-107307","properties":{"id":"park-private-107307","dataset":"park-private","gu":"영등포구","species":"서어나무","heightM":6.0,"crownWidthM":5.0,"rawHeight":6.0,"rawCrownWidth":5.0,"quality":"valid","sourceYear":2013},"geometry":{"type":"Point","coordinates":[126.91821603,37.52827559]}},{"type":"Feature","id":"park-private-107315","properties":{"id":"park-private-107315","dataset":"park-private","gu":"영등포구","species":"느티나무","heightM":7.0,"crownWidthM":7.0,"rawHeight":7.0,"rawCrownWidth":7.0,"quality":"valid","sourceYear":2013},"geometry":{"type":"Point","coordinates":[126.91462034,37.52619511]}},{"type":"Feature","id":"park-private-107323","properties":{"id":"park-private-107323","dataset":"park-private","gu":"영등포구","species":"벚나무","heightM":5.0,"crownWidthM":4.0,"rawHeight":5.0,"rawCrownWidth":4.0,"quality":"valid","sourceYear":2013},"geometry":{"type":"Point","coordinates":[126.91896181,37.526449]}},{"type":"Feature","id":"park-private-107336","properties":{"id":"park-private-107336","dataset":"park-private","gu":"영등포구","species":"느티나무","heightM":6.0,"crownWidthM":6.0,"rawHeight":6.0,"rawCrownWidth":6.0,"quality":"valid","sourceYear":2013},"geometry":{"type":"Point","coordinates":[126.91957286,37.52462084]}},{"type":"Feature","id":"park-private-107388","properties":{"id":"park-private-107388","dataset":"park-private","gu":"영등포구","species":"느티나무","heightM":5.0,"crownWidthM":6.0,"rawHeight":5.0,"rawCrownWidth":6.0,"quality":"valid","sourceYear":2013},"geometry":{"type":"Point","coordinates":[126.91746983,37.52130674]}},{"type":"Feature","id":"park-private-107471","properties":{"id":"park-private-107471","dataset":"park-private","gu":"영등포구","species":"소나무","heightM":11.0,"crownWidthM":4.0,"rawHeight":11.0,"rawCrownWidth":4.0,"quality":"valid","sourceYear":2013},"geometry":{"type":"Point","coordinates":[126.91996133,37.52500558]}},{"type":"Feature","id":"park-private-107474","properties":{"id":"park-private-107474","dataset":"park-private","gu":"영등포구","species":"느티나무","heightM":7.0,"crownWidthM":7.0,"rawHeight":7.0,"rawCrownWidth":7.0,"quality":"valid","sourceYear":2013},"geometry":{"type":"Point","coordinates":[126.91988842,37.52292763]}},{"type":"Feature","id":"park-private-107555","properties":{"id":"park-private-107555","dataset":"park-private","gu":"영등포구","species":"느티나무","heightM":6.0,"crownWidthM":6.0,"rawHeight":6.0,"rawCrownWidth":6.0,"quality":"valid","sourceYear":2013},"geometry":{"type":"Point","coordinates":[126.91914886,37.52431119]}},{"type":"Feature","id":"park-private-107573","properties":{"id":"park-private-107573","dataset":"park-private","gu":"영등포구","species":"느티나무","heightM":10.0,"crownWidthM":4.0,"rawHeight":10.0,"rawCrownWidth":4.0,"quality":"valid","sourceYear":2013},"geometry":{"type":"Point","coordinates":[126.91887632,37.52464431]}},{"type":"Feature","id":"park-private-107578","properties":{"id":"park-private-107578","dataset":"park-private","gu":"영등포구","species":"벚나무","heightM":6.0,"crownWidthM":6.0,"rawHeight":6.0,"rawCrownWidth":6.0,"quality":"valid","sourceYear":2013},"geometry":{"type":"Point","coordinates":[126.91794011,37.52546408]}},{"type":"Feature","id":"park-private-107593","properties":{"id":"park-private-107593","dataset":"park-private","gu":"영등포구","species":"소나무","heightM":7.0,"crownWidthM":3.0,"rawHeight":7.0,"rawCrownWidth":3.0,"quality":"valid","sourceYear":2013},"geometry":{"type":"Point","coordinates":[126.91842866,37.52312937]}},{"type":"Feature","id":"park-private-107647","properties":{"id":"park-private-107647","dataset":"park-private","gu":"영등포구","species":"소나무","heightM":8.0,"crownWidthM":4.0,"rawHeight":8.0,"rawCrownWidth":4.0,"quality":"valid","sourceYear":2013},"geometry":{"type":"Point","coordinates":[126.91901525,37.52304487]}},{"type":"Feature","id":"park-private-107650","properties":{"id":"park-private-107650","dataset":"park-private","gu":"영등포구","species":"소나무","heightM":8.0,"crownWidthM":3.0,"rawHeight":8.0,"rawCrownWidth":3.0,"quality":"valid","sourceYear":2013},"geometry":{"type":"Point","coordinates":[126.91848102,37.52356018]}},{"type":"Feature","id":"park-private-107692","properties":{"id":"park-private-107692","dataset":"park-private","gu":"영등포구","species":"느티나무","heightM":7.0,"crownWidthM":8.0,"rawHeight":7.0,"rawCrownWidth":8.0,"quality":"valid","sourceYear":2013},"geometry":{"type":"Point","coordinates":[126.91857982,37.52207146]}},{"type":"Feature","id":"park-private-107723","properties":{"id":"park-private-107723","dataset":"park-private","gu":"영등포구","species":"느티나무","heightM":6.0,"crownWidthM":6.0,"rawHeight":6.0,"rawCrownWidth":6.0,"quality":"valid","sourceYear":2013},"geometry":{"type":"Point","coordinates":[126.91964286,37.52618753]}},{"type":"Feature","id":"park-private-107738","properties":{"id":"park-private-107738","dataset":"park-private","gu":"영등포구","species":"소나무","heightM":8.0,"crownWidthM":4.0,"rawHeight":8.0,"rawCrownWidth":4.0,"quality":"valid","sourceYear":2013},"geometry":{"type":"Point","coordinates":[126.91829286,37.52398408]}},{"type":"Feature","id":"park-private-107741","properties":{"id":"park-private-107741","dataset":"park-private","gu":"영등포구","species":"은행나무","heightM":8.0,"crownWidthM":3.0,"rawHeight":8.0,"rawCrownWidth":3.0,"quality":"valid","sourceYear":2013},"geometry":{"type":"Point","coordinates":[126.91958323,37.52096505]}},{"type":"Feature","id":"park-private-107768","properties":{"id":"park-private-107768","dataset":"park-private","gu":"영등포구","species":"소나무","heightM":6.0,"crownWidthM":3.0,"rawHeight":6.0,"rawCrownWidth":3.0,"quality":"valid","sourceYear":2013},"geometry":{"type":"Point","coordinates":[126.91780288,37.52722271]}},{"type":"Feature","id":"park-private-107772","properties":{"id":"park-private-107772","dataset":"park-private","gu":"영등포구","species":"벚나무","heightM":8.0,"crownWidthM":5.0,"rawHeight":8.0,"rawCrownWidth":5.0,"quality":"valid","sourceYear":2013},"geometry":{"type":"Point","coordinates":[126.91798272,37.5235634]}},{"type":"Feature","id":"park-private-107779","properties":{"id":"park-private-107779","dataset":"park-private","gu":"영등포구","species":"소나무","heightM":14.0,"crownWidthM":5.0,"rawHeight":14.0,"rawCrownWidth":5.0,"quality":"valid","sourceYear":2013},"geometry":{"type":"Point","coordinates":[126.91816665,37.52260623]}},{"type":"Feature","id":"park-private-107780","properties":{"id":"park-private-107780","dataset":"park-private","gu":"영등포구","species":"느티나무","heightM":6.0,"crownWidthM":6.0,"rawHeight":6.0,"rawCrownWidth":6.0,"quality":"valid","sourceYear":2013},"geometry":{"type":"Point","coordinates":[126.91965922,37.52464958]}},{"type":"Feature","id":"park-private-107788","properties":{"id":"park-private-107788","dataset":"park-private","gu":"영등포구","species":"양버즘나무","heightM":10.0,"crownWidthM":5.0,"rawHeight":10.0,"rawCrownWidth":5.0,"quality":"valid","sourceYear":2013},"geometry":{"type":"Point","coordinates":[126.91247715,37.52315367]}},{"type":"Feature","id":"park-private-107797","properties":{"id":"park-private-107797","dataset":"park-private","gu":"영등포구","species":"소나무","heightM":11.0,"crownWidthM":4.0,"rawHeight":11.0,"rawCrownWidth":4.0,"quality":"valid","sourceYear":2013},"geometry":{"type":"Point","coordinates":[126.91957277,37.52473564]}},{"type":"Feature","id":"park-private-107826","properties":{"id":"park-private-107826","dataset":"park-private","gu":"영등포구","species":"느티나무","heightM":8.0,"crownWidthM":7.0,"rawHeight":8.0,"rawCrownWidth":7.0,"quality":"valid","sourceYear":2013},"geometry":{"type":"Point","coordinates":[126.91573964,37.52691649]}},{"type":"Feature","id":"park-private-107926","properties":{"id":"park-private-107926","dataset":"park-private","gu":"영등포구","species":"소나무","heightM":8.0,"crownWidthM":5.0,"rawHeight":8.0,"rawCrownWidth":5.0,"quality":"valid","sourceYear":2013},"geometry":{"type":"Point","coordinates":[126.91746794,37.52297568]}},{"type":"Feature","id":"park-private-107956","properties":{"id":"park-private-107956","dataset":"park-private","gu":"영등포구","species":"소나무","heightM":6.0,"crownWidthM":3.0,"rawHeight":6.0,"rawCrownWidth":3.0,"quality":"valid","sourceYear":2013},"geometry":{"type":"Point","coordinates":[126.91829707,37.52316948]}},{"type":"Feature","id":"park-private-107977","properties":{"id":"park-private-107977","dataset":"park-private","gu":"영등포구","species":"소나무","heightM":14.0,"crownWidthM":5.0,"rawHeight":14.0,"rawCrownWidth":5.0,"quality":"valid","sourceYear":2013},"geometry":{"type":"Point","coordinates":[126.91817709,37.52243729]}},{"type":"Feature","id":"park-private-108028","properties":{"id":"park-private-108028","dataset":"park-private","gu":"영등포구","species":"모과나무","heightM":5.0,"crownWidthM":4.0,"rawHeight":5.0,"rawCrownWidth":4.0,"quality":"valid","sourceYear":2013},"geometry":{"type":"Point","coordinates":[126.91765102,37.52828556]}},{"type":"Feature","id":"park-private-108031","properties":{"id":"park-private-108031","dataset":"park-private","gu":"영등포구","species":"느티나무","heightM":7.0,"crownWidthM":9.0,"rawHeight":7.0,"rawCrownWidth":9.0,"quality":"valid","sourceYear":2013},"geometry":{"type":"Point","coordinates":[126.91510207,37.52515217]}},{"type":"Feature","id":"park-private-108032","properties":{"id":"park-private-108032","dataset":"park-private","gu":"영등포구","species":"단풍나무","heightM":6.0,"crownWidthM":5.0,"rawHeight":6.0,"rawCrownWidth":5.0,"quality":"valid","sourceYear":2013},"geometry":{"type":"Point","coordinates":[126.91733232,37.52383381]}},{"type":"Feature","id":"park-private-108050","properties":{"id":"park-private-108050","dataset":"park-private","gu":"영등포구","species":"목련","heightM":8.0,"crownWidthM":5.0,"rawHeight":8.0,"rawCrownWidth":5.0,"quality":"valid","sourceYear":2013},"geometry":{"type":"Point","coordinates":[126.91291936,37.52011468]}},{"type":"Feature","id":"park-private-108055","properties":{"id":"park-private-108055","dataset":"park-private","gu":"영등포구","species":"벚나무","heightM":7.0,"crownWidthM":6.0,"rawHeight":7.0,"rawCrownWidth":6.0,"quality":"valid","sourceYear":2013},"geometry":{"type":"Point","coordinates":[126.91560181,37.52370219]}},{"type":"Feature","id":"park-private-108067","properties":{"id":"park-private-108067","dataset":"park-private","gu":"영등포구","species":"소나무","heightM":8.0,"crownWidthM":5.0,"rawHeight":8.0,"rawCrownWidth":5.0,"quality":"valid","sourceYear":2013},"geometry":{"type":"Point","coordinates":[126.91769148,37.52246101]}},{"type":"Feature","id":"park-private-108099","properties":{"id":"park-private-108099","dataset":"park-private","gu":"영등포구","species":"소나무","heightM":8.0,"crownWidthM":5.0,"rawHeight":8.0,"rawCrownWidth":5.0,"quality":"valid","sourceYear":2013},"geometry":{"type":"Point","coordinates":[126.91774191,37.5225415]}},{"type":"Feature","id":"park-private-108100","properties":{"id":"park-private-108100","dataset":"park-private","gu":"영등포구","species":"단풍나무","heightM":18.0,"crownWidthM":4.0,"rawHeight":18.0,"rawCrownWidth":4.0,"quality":"valid","sourceYear":2013},"geometry":{"type":"Point","coordinates":[126.91920929,37.52321116]}},{"type":"Feature","id":"park-private-108105","properties":{"id":"park-private-108105","dataset":"park-private","gu":"영등포구","species":"소나무","heightM":6.0,"crownWidthM":3.0,"rawHeight":6.0,"rawCrownWidth":3.0,"quality":"valid","sourceYear":2013},"geometry":{"type":"Point","coordinates":[126.91782616,37.52723762]}},{"type":"Feature","id":"park-private-108108","properties":{"id":"park-private-108108","dataset":"park-private","gu":"영등포구","species":"벚나무","heightM":6.0,"crownWidthM":8.0,"rawHeight":6.0,"rawCrownWidth":8.0,"quality":"valid","sourceYear":2013},"geometry":{"type":"Point","coordinates":[126.91705782,37.5263624]}},{"type":"Feature","id":"park-private-108129","properties":{"id":"park-private-108129","dataset":"park-private","gu":"영등포구","species":"소나무","heightM":11.0,"crownWidthM":4.0,"rawHeight":11.0,"rawCrownWidth":4.0,"quality":"valid","sourceYear":2013},"geometry":{"type":"Point","coordinates":[126.91991093,37.52501703]}},{"type":"Feature","id":"park-private-108135","properties":{"id":"park-private-108135","dataset":"park-private","gu":"영등포구","species":"양버즘나무","heightM":10.0,"crownWidthM":6.0,"rawHeight":10.0,"rawCrownWidth":6.0,"quality":"valid","sourceYear":2013},"geometry":{"type":"Point","coordinates":[126.9192643,37.520305]}},{"type":"Feature","id":"park-private-108141","properties":{"id":"park-private-108141","dataset":"park-private","gu":"영등포구","species":"벚나무","heightM":5.0,"crownWidthM":6.0,"rawHeight":5.0,"rawCrownWidth":6.0,"quality":"valid","sourceYear":2013},"geometry":{"type":"Point","coordinates":[126.91561461,37.52368328]}},{"type":"Feature","id":"park-private-108146","properties":{"id":"park-private-108146","dataset":"park-private","gu":"영등포구","species":"소나무","heightM":14.0,"crownWidthM":5.0,"rawHeight":14.0,"rawCrownWidth":5.0,"quality":"valid","sourceYear":2013},"geometry":{"type":"Point","coordinates":[126.91835877,37.52264662]}},{"type":"Feature","id":"park-private-108227","properties":{"id":"park-private-108227","dataset":"park-private","gu":"영등포구","species":"자귀나무","heightM":5.0,"crownWidthM":9.0,"rawHeight":5.0,"rawCrownWidth":9.0,"quality":"valid","sourceYear":2013},"geometry":{"type":"Point","coordinates":[126.91879181,37.52307334]}},{"type":"Feature","id":"park-private-108242","properties":{"id":"park-private-108242","dataset":"park-private","gu":"영등포구","species":"소나무","heightM":9.0,"crownWidthM":5.0,"rawHeight":9.0,"rawCrownWidth":5.0,"quality":"valid","sourceYear":2013},"geometry":{"type":"Point","coordinates":[126.91904413,37.52301625]}},{"type":"Feature","id":"park-private-108264","properties":{"id":"park-private-108264","dataset":"park-private","gu":"영등포구","species":"단풍나무","heightM":6.0,"crownWidthM":4.0,"rawHeight":6.0,"rawCrownWidth":4.0,"quality":"valid","sourceYear":2013},"geometry":{"type":"Point","coordinates":[126.91852354,37.52389256]}},{"type":"Feature","id":"park-private-108294","properties":{"id":"park-private-108294","dataset":"park-private","gu":"영등포구","species":"느티나무","heightM":5.0,"crownWidthM":3.0,"rawHeight":5.0,"rawCrownWidth":3.0,"quality":"valid","sourceYear":2013},"geometry":{"type":"Point","coordinates":[126.9189261,37.52965189]}},{"type":"Feature","id":"park-private-108329","properties":{"id":"park-private-108329","dataset":"park-private","gu":"영등포구","species":"소나무","heightM":5.0,"crownWidthM":4.0,"rawHeight":5.0,"rawCrownWidth":4.0,"quality":"valid","sourceYear":2013},"geometry":{"type":"Point","coordinates":[126.91930287,37.52321695]}},{"type":"Feature","id":"park-private-108352","properties":{"id":"park-private-108352","dataset":"park-private","gu":"영등포구","species":"소나무","heightM":12.0,"crownWidthM":5.0,"rawHeight":12.0,"rawCrownWidth":5.0,"quality":"valid","sourceYear":2013},"geometry":{"type":"Point","coordinates":[126.91891434,37.52306198]}},{"type":"Feature","id":"park-private-108361","properties":{"id":"park-private-108361","dataset":"park-private","gu":"영등포구","species":"느티나무","heightM":6.0,"crownWidthM":6.0,"rawHeight":6.0,"rawCrownWidth":6.0,"quality":"valid","sourceYear":2013},"geometry":{"type":"Point","coordinates":[126.91372779,37.52088386]}},{"type":"Feature","id":"park-private-108423","properties":{"id":"park-private-108423","dataset":"park-private","gu":"영등포구","species":"느티나무","heightM":7.0,"crownWidthM":6.0,"rawHeight":7.0,"rawCrownWidth":6.0,"quality":"valid","sourceYear":2013},"geometry":{"type":"Point","coordinates":[126.91737705,37.52602332]}},{"type":"Feature","id":"park-private-108432","properties":{"id":"park-private-108432","dataset":"park-private","gu":"영등포구","species":"벚나무","heightM":6.0,"crownWidthM":6.0,"rawHeight":6.0,"rawCrownWidth":6.0,"quality":"valid","sourceYear":2013},"geometry":{"type":"Point","coordinates":[126.9129653,37.52781399]}},{"type":"Feature","id":"park-private-108437","properties":{"id":"park-private-108437","dataset":"park-private","gu":"영등포구","species":"느티나무","heightM":5.0,"crownWidthM":5.0,"rawHeight":5.0,"rawCrownWidth":5.0,"quality":"valid","sourceYear":2013},"geometry":{"type":"Point","coordinates":[126.91933097,37.52650238]}},{"type":"Feature","id":"park-private-108512","properties":{"id":"park-private-108512","dataset":"park-private","gu":"영등포구","species":"벚나무","heightM":5.0,"crownWidthM":5.0,"rawHeight":5.0,"rawCrownWidth":5.0,"quality":"valid","sourceYear":2013},"geometry":{"type":"Point","coordinates":[126.91646567,37.52653825]}},{"type":"Feature","id":"park-private-108544","properties":{"id":"park-private-108544","dataset":"park-private","gu":"영등포구","species":"버드나무","heightM":10.0,"crownWidthM":10.0,"rawHeight":10.0,"rawCrownWidth":10.0,"quality":"valid","sourceYear":2013},"geometry":{"type":"Point","coordinates":[126.91797343,37.52313702]}},{"type":"Feature","id":"park-private-108550","properties":{"id":"park-private-108550","dataset":"park-private","gu":"영등포구","species":"은행나무","heightM":10.0,"crownWidthM":6.0,"rawHeight":10.0,"rawCrownWidth":6.0,"quality":"valid","sourceYear":2013},"geometry":{"type":"Point","coordinates":[126.91749374,37.52643729]}},{"type":"Feature","id":"park-private-108567","properties":{"id":"park-private-108567","dataset":"park-private","gu":"영등포구","species":"소나무","heightM":11.0,"crownWidthM":4.0,"rawHeight":11.0,"rawCrownWidth":4.0,"quality":"valid","sourceYear":2013},"geometry":{"type":"Point","coordinates":[126.91922034,37.52451177]}},{"type":"Feature","id":"park-private-108577","properties":{"id":"park-private-108577","dataset":"park-private","gu":"영등포구","species":"소나무","heightM":14.0,"crownWidthM":5.0,"rawHeight":14.0,"rawCrownWidth":5.0,"quality":"valid","sourceYear":2013},"geometry":{"type":"Point","coordinates":[126.91812628,37.52255792]}},{"type":"Feature","id":"park-private-108579","properties":{"id":"park-private-108579","dataset":"park-private","gu":"영등포구","species":"벚나무","heightM":6.0,"crownWidthM":7.0,"rawHeight":6.0,"rawCrownWidth":7.0,"quality":"valid","sourceYear":2013},"geometry":{"type":"Point","coordinates":[126.91639818,37.52703744]}},{"type":"Feature","id":"park-private-108582","properties":{"id":"park-private-108582","dataset":"park-private","gu":"영등포구","species":"양버즘나무","heightM":10.0,"crownWidthM":6.0,"rawHeight":10.0,"rawCrownWidth":6.0,"quality":"valid","sourceYear":2013},"geometry":{"type":"Point","coordinates":[126.91910716,37.52027985]}},{"type":"Feature","id":"park-private-108636","properties":{"id":"park-private-108636","dataset":"park-private","gu":"영등포구","species":"벚나무","heightM":6.0,"crownWidthM":7.0,"rawHeight":6.0,"rawCrownWidth":7.0,"quality":"valid","sourceYear":2013},"geometry":{"type":"Point","coordinates":[126.91995208,37.52082993]}},{"type":"Feature","id":"park-private-108705","properties":{"id":"park-private-108705","dataset":"park-private","gu":"영등포구","species":"느티나무","heightM":7.0,"crownWidthM":7.0,"rawHeight":7.0,"rawCrownWidth":7.0,"quality":"valid","sourceYear":2013},"geometry":{"type":"Point","coordinates":[126.91765297,37.52199462]}},{"type":"Feature","id":"park-private-108706","properties":{"id":"park-private-108706","dataset":"park-private","gu":"영등포구","species":"매화나무","heightM":6.0,"crownWidthM":5.0,"rawHeight":6.0,"rawCrownWidth":5.0,"quality":"valid","sourceYear":2013},"geometry":{"type":"Point","coordinates":[126.91857441,37.52370925]}},{"type":"Feature","id":"park-private-108734","properties":{"id":"park-private-108734","dataset":"park-private","gu":"영등포구","species":"양버즘나무","heightM":10.0,"crownWidthM":5.0,"rawHeight":10.0,"rawCrownWidth":5.0,"quality":"valid","sourceYear":2013},"geometry":{"type":"Point","coordinates":[126.91319592,37.52211631]}},{"type":"Feature","id":"park-private-108735","properties":{"id":"park-private-108735","dataset":"park-private","gu":"영등포구","species":"벚나무","heightM":7.0,"crownWidthM":6.0,"rawHeight":7.0,"rawCrownWidth":6.0,"quality":"valid","sourceYear":2013},"geometry":{"type":"Point","coordinates":[126.91811485,37.52324172]}},{"type":"Feature","id":"park-private-108753","properties":{"id":"park-private-108753","dataset":"park-private","gu":"영등포구","species":"양버즘나무","heightM":10.0,"crownWidthM":6.0,"rawHeight":10.0,"rawCrownWidth":6.0,"quality":"valid","sourceYear":2013},"geometry":{"type":"Point","coordinates":[126.91916999,37.52031208]}},{"type":"Feature","id":"park-private-108756","properties":{"id":"park-private-108756","dataset":"park-private","gu":"영등포구","species":"소나무","heightM":7.0,"crownWidthM":5.0,"rawHeight":7.0,"rawCrownWidth":5.0,"quality":"valid","sourceYear":2013},"geometry":{"type":"Point","coordinates":[126.91865449,37.52328525]}},{"type":"Feature","id":"park-private-108831","properties":{"id":"park-private-108831","dataset":"park-private","gu":"영등포구","species":"소나무","heightM":6.0,"crownWidthM":5.0,"rawHeight":6.0,"rawCrownWidth":5.0,"quality":"valid","sourceYear":2013},"geometry":{"type":"Point","coordinates":[126.91829199,37.52855261]}},{"type":"Feature","id":"park-private-108851","properties":{"id":"park-private-108851","dataset":"park-private","gu":"영등포구","species":"느티나무","heightM":7.0,"crownWidthM":7.0,"rawHeight":7.0,"rawCrownWidth":7.0,"quality":"valid","sourceYear":2013},"geometry":{"type":"Point","coordinates":[126.91383669,37.52077078]}},{"type":"Feature","id":"park-private-108865","properties":{"id":"park-private-108865","dataset":"park-private","gu":"영등포구","species":"소나무","heightM":11.0,"crownWidthM":4.0,"rawHeight":11.0,"rawCrownWidth":4.0,"quality":"valid","sourceYear":2013},"geometry":{"type":"Point","coordinates":[126.91976702,37.52491939]}},{"type":"Feature","id":"park-private-108923","properties":{"id":"park-private-108923","dataset":"park-private","gu":"영등포구","species":"굴참나무","heightM":12.0,"crownWidthM":3.0,"rawHeight":12.0,"rawCrownWidth":3.0,"quality":"valid","sourceYear":2013},"geometry":{"type":"Point","coordinates":[126.91828668,37.52331428]}},{"type":"Feature","id":"park-private-108982","properties":{"id":"park-private-108982","dataset":"park-private","gu":"영등포구","species":"느티나무","heightM":7.0,"crownWidthM":8.0,"rawHeight":7.0,"rawCrownWidth":8.0,"quality":"valid","sourceYear":2013},"geometry":{"type":"Point","coordinates":[126.91934086,37.52585453]}},{"type":"Feature","id":"park-private-109261","properties":{"id":"park-private-109261","dataset":"park-private","gu":"영등포구","species":"소나무","heightM":8.0,"crownWidthM":4.0,"rawHeight":8.0,"rawCrownWidth":4.0,"quality":"valid","sourceYear":2013},"geometry":{"type":"Point","coordinates":[126.91708223,37.52330809]}},{"type":"Feature","id":"park-private-109268","properties":{"id":"park-private-109268","dataset":"park-private","gu":"영등포구","species":"목련","heightM":8.0,"crownWidthM":6.0,"rawHeight":8.0,"rawCrownWidth":6.0,"quality":"valid","sourceYear":2013},"geometry":{"type":"Point","coordinates":[126.91298541,37.52006708]}},{"type":"Feature","id":"park-private-109388","properties":{"id":"park-private-109388","dataset":"park-private","gu":"영등포구","species":"벚나무","heightM":5.0,"crownWidthM":6.0,"rawHeight":5.0,"rawCrownWidth":6.0,"quality":"valid","sourceYear":2013},"geometry":{"type":"Point","coordinates":[126.91430828,37.52560582]}},{"type":"Feature","id":"park-private-109400","properties":{"id":"park-private-109400","dataset":"park-private","gu":"영등포구","species":"버드나무","heightM":10.0,"crownWidthM":10.0,"rawHeight":10.0,"rawCrownWidth":10.0,"quality":"valid","sourceYear":2013},"geometry":{"type":"Point","coordinates":[126.91799358,37.52317726]}},{"type":"Feature","id":"park-private-109630","properties":{"id":"park-private-109630","dataset":"park-private","gu":"영등포구","species":"양버즘나무","heightM":10.0,"crownWidthM":5.0,"rawHeight":10.0,"rawCrownWidth":5.0,"quality":"valid","sourceYear":2013},"geometry":{"type":"Point","coordinates":[126.91305289,37.52231746]}},{"type":"Feature","id":"park-private-109773","properties":{"id":"park-private-109773","dataset":"park-private","gu":"영등포구","species":"느티나무","heightM":6.0,"crownWidthM":7.0,"rawHeight":6.0,"rawCrownWidth":7.0,"quality":"valid","sourceYear":2013},"geometry":{"type":"Point","coordinates":[126.9195489,37.52271553]}},{"type":"Feature","id":"park-private-110440","properties":{"id":"park-private-110440","dataset":"park-private","gu":"영등포구","species":"소나무","heightM":8.0,"crownWidthM":5.0,"rawHeight":8.0,"rawCrownWidth":5.0,"quality":"valid","sourceYear":2013},"geometry":{"type":"Point","coordinates":[126.9176306,37.52255749]}},{"type":"Feature","id":"park-private-110524","properties":{"id":"park-private-110524","dataset":"park-private","gu":"영등포구","species":"소나무","heightM":11.0,"crownWidthM":4.0,"rawHeight":11.0,"rawCrownWidth":4.0,"quality":"valid","sourceYear":2013},"geometry":{"type":"Point","coordinates":[126.91937124,37.52468389]}},{"type":"Feature","id":"park-private-110567","properties":{"id":"park-private-110567","dataset":"park-private","gu":"영등포구","species":"벚나무","heightM":5.0,"crownWidthM":6.0,"rawHeight":5.0,"rawCrownWidth":6.0,"quality":"valid","sourceYear":2013},"geometry":{"type":"Point","coordinates":[126.91529371,37.52416042]}},{"type":"Feature","id":"park-private-110573","properties":{"id":"park-private-110573","dataset":"park-private","gu":"영등포구","species":"느티나무","heightM":6.0,"crownWidthM":7.0,"rawHeight":6.0,"rawCrownWidth":7.0,"quality":"valid","sourceYear":2013},"geometry":{"type":"Point","coordinates":[126.91457506,37.52588206]}},{"type":"Feature","id":"park-private-110584","properties":{"id":"park-private-110584","dataset":"park-private","gu":"영등포구","species":"은행나무","heightM":6.0,"crownWidthM":6.0,"rawHeight":6.0,"rawCrownWidth":6.0,"quality":"valid","sourceYear":2013},"geometry":{"type":"Point","coordinates":[126.91874463,37.52444442]}},{"type":"Feature","id":"park-private-110613","properties":{"id":"park-private-110613","dataset":"park-private","gu":"영등포구","species":"단풍나무","heightM":5.0,"crownWidthM":5.0,"rawHeight":5.0,"rawCrownWidth":5.0,"quality":"valid","sourceYear":2013},"geometry":{"type":"Point","coordinates":[126.91856668,37.52839148]}},{"type":"Feature","id":"park-private-110625","properties":{"id":"park-private-110625","dataset":"park-private","gu":"영등포구","species":"느티나무","heightM":5.0,"crownWidthM":3.0,"rawHeight":5.0,"rawCrownWidth":3.0,"quality":"valid","sourceYear":2013},"geometry":{"type":"Point","coordinates":[126.91885929,37.52971915]}},{"type":"Feature","id":"park-private-110676","properties":{"id":"park-private-110676","dataset":"park-private","gu":"영등포구","species":"소나무","heightM":6.0,"crownWidthM":5.0,"rawHeight":6.0,"rawCrownWidth":5.0,"quality":"valid","sourceYear":2013},"geometry":{"type":"Point","coordinates":[126.91849373,37.52444427]}},{"type":"Feature","id":"park-private-110690","properties":{"id":"park-private-110690","dataset":"park-private","gu":"영등포구","species":"은행나무","heightM":10.0,"crownWidthM":4.0,"rawHeight":10.0,"rawCrownWidth":4.0,"quality":"valid","sourceYear":2013},"geometry":{"type":"Point","coordinates":[126.91892925,37.52453911]}},{"type":"Feature","id":"park-private-110768","properties":{"id":"park-private-110768","dataset":"park-private","gu":"영등포구","species":"벚나무","heightM":8.0,"crownWidthM":4.0,"rawHeight":8.0,"rawCrownWidth":4.0,"quality":"valid","sourceYear":2013},"geometry":{"type":"Point","coordinates":[126.91785208,37.52311278]}},{"type":"Feature","id":"park-private-110771","properties":{"id":"park-private-110771","dataset":"park-private","gu":"영등포구","species":"소나무","heightM":8.0,"crownWidthM":5.0,"rawHeight":8.0,"rawCrownWidth":5.0,"quality":"valid","sourceYear":2013},"geometry":{"type":"Point","coordinates":[126.91739721,37.5229354]}},{"type":"Feature","id":"park-private-110779","properties":{"id":"park-private-110779","dataset":"park-private","gu":"영등포구","species":"양버즘나무","heightM":10.0,"crownWidthM":5.0,"rawHeight":10.0,"rawCrownWidth":5.0,"quality":"valid","sourceYear":2013},"geometry":{"type":"Point","coordinates":[126.9140073,37.52063907]}},{"type":"Feature","id":"park-private-110786","properties":{"id":"park-private-110786","dataset":"park-private","gu":"영등포구","species":"소나무","heightM":6.0,"crownWidthM":4.0,"rawHeight":6.0,"rawCrownWidth":4.0,"quality":"valid","sourceYear":2013},"geometry":{"type":"Point","coordinates":[126.9169898,37.52326597]}},{"type":"Feature","id":"park-private-110821","properties":{"id":"park-private-110821","dataset":"park-private","gu":"영등포구","species":"느티나무","heightM":5.0,"crownWidthM":4.0,"rawHeight":5.0,"rawCrownWidth":4.0,"quality":"valid","sourceYear":2013},"geometry":{"type":"Point","coordinates":[126.91837257,37.52196318]}},{"type":"Feature","id":"park-private-110828","properties":{"id":"park-private-110828","dataset":"park-private","gu":"영등포구","species":"향나무","heightM":5.0,"crownWidthM":3.0,"rawHeight":5.0,"rawCrownWidth":3.0,"quality":"valid","sourceYear":2013},"geometry":{"type":"Point","coordinates":[126.9186567,37.52506066]}},{"type":"Feature","id":"park-private-110850","properties":{"id":"park-private-110850","dataset":"park-private","gu":"영등포구","species":"벚나무","heightM":8.0,"crownWidthM":5.0,"rawHeight":8.0,"rawCrownWidth":5.0,"quality":"valid","sourceYear":2013},"geometry":{"type":"Point","coordinates":[126.91729583,37.52304794]}},{"type":"Feature","id":"park-private-110882","properties":{"id":"park-private-110882","dataset":"park-private","gu":"영등포구","species":"소나무","heightM":6.0,"crownWidthM":4.0,"rawHeight":6.0,"rawCrownWidth":4.0,"quality":"valid","sourceYear":2013},"geometry":{"type":"Point","coordinates":[126.91899943,37.52284729]}},{"type":"Feature","id":"park-private-110886","properties":{"id":"park-private-110886","dataset":"park-private","gu":"영등포구","species":"양버즘나무","heightM":7.0,"crownWidthM":5.0,"rawHeight":7.0,"rawCrownWidth":5.0,"quality":"valid","sourceYear":2013},"geometry":{"type":"Point","coordinates":[126.91881959,37.52046205]}},{"type":"Feature","id":"park-private-110889","properties":{"id":"park-private-110889","dataset":"park-private","gu":"영등포구","species":"느티나무","heightM":6.0,"crownWidthM":7.0,"rawHeight":6.0,"rawCrownWidth":7.0,"quality":"valid","sourceYear":2013},"geometry":{"type":"Point","coordinates":[126.9185245,37.52343414]}},{"type":"Feature","id":"park-private-110894","properties":{"id":"park-private-110894","dataset":"park-private","gu":"영등포구","species":"양버즘나무","heightM":14.0,"crownWidthM":6.0,"rawHeight":14.0,"rawCrownWidth":6.0,"quality":"valid","sourceYear":2013},"geometry":{"type":"Point","coordinates":[126.91786565,37.5215658]}},{"type":"Feature","id":"park-private-110901","properties":{"id":"park-private-110901","dataset":"park-private","gu":"영등포구","species":"느티나무","heightM":6.0,"crownWidthM":7.0,"rawHeight":6.0,"rawCrownWidth":7.0,"quality":"valid","sourceYear":2013},"geometry":{"type":"Point","coordinates":[126.91888946,37.52228986]}},{"type":"Feature","id":"park-private-110916","properties":{"id":"park-private-110916","dataset":"park-private","gu":"영등포구","species":"양버즘나무","heightM":6.0,"crownWidthM":4.0,"rawHeight":6.0,"rawCrownWidth":4.0,"quality":"valid","sourceYear":2013},"geometry":{"type":"Point","coordinates":[126.91294286,37.52051071]}},{"type":"Feature","id":"park-private-110955","properties":{"id":"park-private-110955","dataset":"park-private","gu":"영등포구","species":"느티나무","heightM":7.0,"crownWidthM":8.0,"rawHeight":7.0,"rawCrownWidth":8.0,"quality":"valid","sourceYear":2013},"geometry":{"type":"Point","coordinates":[126.91515709,37.52655532]}},{"type":"Feature","id":"park-private-110958","properties":{"id":"park-private-110958","dataset":"park-private","gu":"영등포구","species":"소나무","heightM":8.0,"crownWidthM":5.0,"rawHeight":8.0,"rawCrownWidth":5.0,"quality":"valid","sourceYear":2013},"geometry":{"type":"Point","coordinates":[126.91756963,37.52270225]}},{"type":"Feature","id":"park-private-110961","properties":{"id":"park-private-110961","dataset":"park-private","gu":"영등포구","species":"은행나무","heightM":9.0,"crownWidthM":7.0,"rawHeight":9.0,"rawCrownWidth":7.0,"quality":"valid","sourceYear":2013},"geometry":{"type":"Point","coordinates":[126.91966372,37.52101232]}},{"type":"Feature","id":"park-private-110984","properties":{"id":"park-private-110984","dataset":"park-private","gu":"영등포구","species":"은행나무","heightM":12.0,"crownWidthM":8.0,"rawHeight":12.0,"rawCrownWidth":8.0,"quality":"valid","sourceYear":2013},"geometry":{"type":"Point","coordinates":[126.91829114,37.52859836]}},{"type":"Feature","id":"park-private-110988","properties":{"id":"park-private-110988","dataset":"park-private","gu":"영등포구","species":"은행나무","heightM":10.0,"crownWidthM":4.0,"rawHeight":10.0,"rawCrownWidth":4.0,"quality":"valid","sourceYear":2013},"geometry":{"type":"Point","coordinates":[126.91990928,37.52342584]}},{"type":"Feature","id":"park-private-111034","properties":{"id":"park-private-111034","dataset":"park-private","gu":"영등포구","species":"느티나무","heightM":6.0,"crownWidthM":5.0,"rawHeight":6.0,"rawCrownWidth":5.0,"quality":"valid","sourceYear":2013},"geometry":{"type":"Point","coordinates":[126.9181681,37.52175035]}},{"type":"Feature","id":"park-private-111041","properties":{"id":"park-private-111041","dataset":"park-private","gu":"영등포구","species":"소나무","heightM":11.0,"crownWidthM":4.0,"rawHeight":11.0,"rawCrownWidth":4.0,"quality":"valid","sourceYear":2013},"geometry":{"type":"Point","coordinates":[126.91914133,37.52443724]}},{"type":"Feature","id":"park-private-111047","properties":{"id":"park-private-111047","dataset":"park-private","gu":"영등포구","species":"소나무","heightM":9.0,"crownWidthM":4.0,"rawHeight":9.0,"rawCrownWidth":4.0,"quality":"valid","sourceYear":2013},"geometry":{"type":"Point","coordinates":[126.91842846,37.52323395]}},{"type":"Feature","id":"park-private-111072","properties":{"id":"park-private-111072","dataset":"park-private","gu":"영등포구","species":"벚나무","heightM":5.0,"crownWidthM":6.0,"rawHeight":5.0,"rawCrownWidth":6.0,"quality":"valid","sourceYear":2013},"geometry":{"type":"Point","coordinates":[126.91544079,37.52394129]}},{"type":"Feature","id":"park-private-111080","properties":{"id":"park-private-111080","dataset":"park-private","gu":"영등포구","species":"소나무","heightM":6.0,"crownWidthM":4.0,"rawHeight":6.0,"rawCrownWidth":4.0,"quality":"valid","sourceYear":2013},"geometry":{"type":"Point","coordinates":[126.91778126,37.52404441]}},{"type":"Feature","id":"park-private-111082","properties":{"id":"park-private-111082","dataset":"park-private","gu":"영등포구","species":"느티나무","heightM":6.0,"crownWidthM":6.0,"rawHeight":6.0,"rawCrownWidth":6.0,"quality":"valid","sourceYear":2013},"geometry":{"type":"Point","coordinates":[126.91984337,37.52597881]}},{"type":"Feature","id":"park-private-111094","properties":{"id":"park-private-111094","dataset":"park-private","gu":"영등포구","species":"느티나무","heightM":8.0,"crownWidthM":9.0,"rawHeight":8.0,"rawCrownWidth":9.0,"quality":"valid","sourceYear":2013},"geometry":{"type":"Point","coordinates":[126.91910026,37.52609509]}},{"type":"Feature","id":"park-private-111134","properties":{"id":"park-private-111134","dataset":"park-private","gu":"영등포구","species":"느티나무","heightM":6.0,"crownWidthM":8.0,"rawHeight":6.0,"rawCrownWidth":8.0,"quality":"valid","sourceYear":2013},"geometry":{"type":"Point","coordinates":[126.91798467,37.52542163]}},{"type":"Feature","id":"park-private-111268","properties":{"id":"park-private-111268","dataset":"park-private","gu":"영등포구","species":"소나무","heightM":8.0,"crownWidthM":4.0,"rawHeight":8.0,"rawCrownWidth":4.0,"quality":"valid","sourceYear":2013},"geometry":{"type":"Point","coordinates":[126.9183723,37.52389246]}},{"type":"Feature","id":"park-private-111274","properties":{"id":"park-private-111274","dataset":"park-private","gu":"영등포구","species":"양버즘나무","heightM":10.0,"crownWidthM":6.0,"rawHeight":10.0,"rawCrownWidth":6.0,"quality":"valid","sourceYear":2013},"geometry":{"type":"Point","coordinates":[126.91921488,37.52033358]}},{"type":"Feature","id":"park-private-111286","properties":{"id":"park-private-111286","dataset":"park-private","gu":"영등포구","species":"느티나무","heightM":6.0,"crownWidthM":6.0,"rawHeight":6.0,"rawCrownWidth":6.0,"quality":"valid","sourceYear":2013},"geometry":{"type":"Point","coordinates":[126.91970238,37.52470125]}},{"type":"Feature","id":"park-private-111293","properties":{"id":"park-private-111293","dataset":"park-private","gu":"영등포구","species":"양버즘나무","heightM":10.0,"crownWidthM":5.0,"rawHeight":10.0,"rawCrownWidth":5.0,"quality":"valid","sourceYear":2013},"geometry":{"type":"Point","coordinates":[126.91268984,37.52284774]}},{"type":"Feature","id":"park-private-111319","properties":{"id":"park-private-111319","dataset":"park-private","gu":"영등포구","species":"양버즘나무","heightM":12.0,"crownWidthM":6.0,"rawHeight":12.0,"rawCrownWidth":6.0,"quality":"valid","sourceYear":2013},"geometry":{"type":"Point","coordinates":[126.91395207,37.52083433]}},{"type":"Feature","id":"park-private-111395","properties":{"id":"park-private-111395","dataset":"park-private","gu":"영등포구","species":"소나무","heightM":8.0,"crownWidthM":3.0,"rawHeight":8.0,"rawCrownWidth":3.0,"quality":"valid","sourceYear":2013},"geometry":{"type":"Point","coordinates":[126.91898656,37.52297608]}},{"type":"Feature","id":"park-private-111396","properties":{"id":"park-private-111396","dataset":"park-private","gu":"영등포구","species":"소나무","heightM":5.0,"crownWidthM":4.0,"rawHeight":5.0,"rawCrownWidth":4.0,"quality":"valid","sourceYear":2013},"geometry":{"type":"Point","coordinates":[126.91977371,37.52523421]}},{"type":"Feature","id":"park-private-111403","properties":{"id":"park-private-111403","dataset":"park-private","gu":"영등포구","species":"느티나무","heightM":5.0,"crownWidthM":4.0,"rawHeight":5.0,"rawCrownWidth":4.0,"quality":"valid","sourceYear":2013},"geometry":{"type":"Point","coordinates":[126.91825692,37.52189574]}},{"type":"Feature","id":"park-private-111471","properties":{"id":"park-private-111471","dataset":"park-private","gu":"영등포구","species":"벚나무","heightM":5.0,"crownWidthM":6.0,"rawHeight":5.0,"rawCrownWidth":6.0,"quality":"valid","sourceYear":2013},"geometry":{"type":"Point","coordinates":[126.91426369,37.5256555]}},{"type":"Feature","id":"park-private-111473","properties":{"id":"park-private-111473","dataset":"park-private","gu":"영등포구","species":"벚나무","heightM":7.0,"crownWidthM":7.0,"rawHeight":7.0,"rawCrownWidth":7.0,"quality":"valid","sourceYear":2013},"geometry":{"type":"Point","coordinates":[126.91581968,37.52696606]}},{"type":"Feature","id":"park-private-111475","properties":{"id":"park-private-111475","dataset":"park-private","gu":"영등포구","species":"소나무","heightM":11.0,"crownWidthM":4.0,"rawHeight":11.0,"rawCrownWidth":4.0,"quality":"valid","sourceYear":2013},"geometry":{"type":"Point","coordinates":[126.91897594,37.52435693]}},{"type":"Feature","id":"park-private-111484","properties":{"id":"park-private-111484","dataset":"park-private","gu":"영등포구","species":"양버즘나무","heightM":10.0,"crownWidthM":5.0,"rawHeight":10.0,"rawCrownWidth":5.0,"quality":"valid","sourceYear":2013},"geometry":{"type":"Point","coordinates":[126.91233413,37.52336345]}},{"type":"Feature","id":"park-private-111490","properties":{"id":"park-private-111490","dataset":"park-private","gu":"영등포구","species":"가중나무","heightM":10.0,"crownWidthM":8.0,"rawHeight":10.0,"rawCrownWidth":8.0,"quality":"valid","sourceYear":2013},"geometry":{"type":"Point","coordinates":[126.91666734,37.52205045]}},{"type":"Feature","id":"park-private-111585","properties":{"id":"park-private-111585","dataset":"park-private","gu":"영등포구","species":"소나무","heightM":8.0,"crownWidthM":5.0,"rawHeight":8.0,"rawCrownWidth":5.0,"quality":"valid","sourceYear":2013},"geometry":{"type":"Point","coordinates":[126.91745795,37.52291132]}},{"type":"Feature","id":"park-private-111623","properties":{"id":"park-private-111623","dataset":"park-private","gu":"영등포구","species":"느티나무","heightM":6.0,"crownWidthM":6.0,"rawHeight":6.0,"rawCrownWidth":6.0,"quality":"valid","sourceYear":2013},"geometry":{"type":"Point","coordinates":[126.91983428,37.52375584]}},{"type":"Feature","id":"park-private-111656","properties":{"id":"park-private-111656","dataset":"park-private","gu":"영등포구","species":"벚나무","heightM":5.0,"crownWidthM":6.0,"rawHeight":5.0,"rawCrownWidth":6.0,"quality":"valid","sourceYear":2013},"geometry":{"type":"Point","coordinates":[126.91550765,37.52383879]}},{"type":"Feature","id":"park-private-111669","properties":{"id":"park-private-111669","dataset":"park-private","gu":"영등포구","species":"소나무","heightM":11.0,"crownWidthM":4.0,"rawHeight":11.0,"rawCrownWidth":4.0,"quality":"valid","sourceYear":2013},"geometry":{"type":"Point","coordinates":[126.91966631,37.52481029]}},{"type":"Feature","id":"park-private-111680","properties":{"id":"park-private-111680","dataset":"park-private","gu":"영등포구","species":"은행나무","heightM":8.0,"crownWidthM":5.0,"rawHeight":8.0,"rawCrownWidth":5.0,"quality":"valid","sourceYear":2013},"geometry":{"type":"Point","coordinates":[126.91890643,37.52220816]}},{"type":"Feature","id":"park-private-111704","properties":{"id":"park-private-111704","dataset":"park-private","gu":"영등포구","species":"은행나무","heightM":8.0,"crownWidthM":6.0,"rawHeight":8.0,"rawCrownWidth":6.0,"quality":"valid","sourceYear":2013},"geometry":{"type":"Point","coordinates":[126.91941915,37.52252255]}},{"type":"Feature","id":"park-private-111728","properties":{"id":"park-private-111728","dataset":"park-private","gu":"영등포구","species":"매화나무","heightM":6.0,"crownWidthM":5.0,"rawHeight":6.0,"rawCrownWidth":5.0,"quality":"valid","sourceYear":2013},"geometry":{"type":"Point","coordinates":[126.91853845,37.52367484]}},{"type":"Feature","id":"park-private-111757","properties":{"id":"park-private-111757","dataset":"park-private","gu":"영등포구","species":"양버즘나무","heightM":12.0,"crownWidthM":8.0,"rawHeight":12.0,"rawCrownWidth":8.0,"quality":"valid","sourceYear":2013},"geometry":{"type":"Point","coordinates":[126.91403329,37.52040588]}},{"type":"Feature","id":"park-private-111771","properties":{"id":"park-private-111771","dataset":"park-private","gu":"영등포구","species":"벚나무","heightM":6.0,"crownWidthM":5.0,"rawHeight":6.0,"rawCrownWidth":5.0,"quality":"valid","sourceYear":2013},"geometry":{"type":"Point","coordinates":[126.91714872,37.52309794]}},{"type":"Feature","id":"park-private-111785","properties":{"id":"park-private-111785","dataset":"park-private","gu":"영등포구","species":"가중나무","heightM":12.0,"crownWidthM":9.0,"rawHeight":12.0,"rawCrownWidth":9.0,"quality":"valid","sourceYear":2013},"geometry":{"type":"Point","coordinates":[126.91283235,37.52018375]}},{"type":"Feature","id":"park-private-111863","properties":{"id":"park-private-111863","dataset":"park-private","gu":"영등포구","species":"느티나무","heightM":6.0,"crownWidthM":6.0,"rawHeight":6.0,"rawCrownWidth":6.0,"quality":"valid","sourceYear":2013},"geometry":{"type":"Point","coordinates":[126.9189332,37.52417928]}},{"type":"Feature","id":"park-private-111873","properties":{"id":"park-private-111873","dataset":"park-private","gu":"영등포구","species":"소나무","heightM":7.0,"crownWidthM":4.0,"rawHeight":7.0,"rawCrownWidth":4.0,"quality":"valid","sourceYear":2013},"geometry":{"type":"Point","coordinates":[126.91844949,37.52281563]}},{"type":"Feature","id":"park-private-111970","properties":{"id":"park-private-111970","dataset":"park-private","gu":"영등포구","species":"느티나무","heightM":5.0,"crownWidthM":5.0,"rawHeight":5.0,"rawCrownWidth":5.0,"quality":"valid","sourceYear":2013},"geometry":{"type":"Point","coordinates":[126.91817687,37.52184251]}},{"type":"Feature","id":"park-private-111975","properties":{"id":"park-private-111975","dataset":"park-private","gu":"영등포구","species":"양버즘나무","heightM":10.0,"crownWidthM":6.0,"rawHeight":10.0,"rawCrownWidth":6.0,"quality":"valid","sourceYear":2013},"geometry":{"type":"Point","coordinates":[126.91899033,37.52035488]}},{"type":"Feature","id":"park-private-112024","properties":{"id":"park-private-112024","dataset":"park-private","gu":"영등포구","species":"목련","heightM":6.0,"crownWidthM":5.0,"rawHeight":6.0,"rawCrownWidth":5.0,"quality":"valid","sourceYear":2013},"geometry":{"type":"Point","coordinates":[126.91279045,37.52015986]}},{"type":"Feature","id":"park-private-112030","properties":{"id":"park-private-112030","dataset":"park-private","gu":"영등포구","species":"양버즘나무","heightM":10.0,"crownWidthM":5.0,"rawHeight":10.0,"rawCrownWidth":5.0,"quality":"valid","sourceYear":2013},"geometry":{"type":"Point","coordinates":[126.91274119,37.52276615]}},{"type":"Feature","id":"park-private-112063","properties":{"id":"park-private-112063","dataset":"park-private","gu":"영등포구","species":"느티나무","heightM":6.0,"crownWidthM":7.0,"rawHeight":6.0,"rawCrownWidth":7.0,"quality":"valid","sourceYear":2013},"geometry":{"type":"Point","coordinates":[126.91489027,37.52639598]}},{"type":"Feature","id":"park-private-112076","properties":{"id":"park-private-112076","dataset":"park-private","gu":"영등포구","species":"소나무","heightM":8.0,"crownWidthM":5.0,"rawHeight":8.0,"rawCrownWidth":5.0,"quality":"valid","sourceYear":2013},"geometry":{"type":"Point","coordinates":[126.917934,37.52259798]}},{"type":"Feature","id":"park-private-112111","properties":{"id":"park-private-112111","dataset":"park-private","gu":"영등포구","species":"느티나무","heightM":7.0,"crownWidthM":7.0,"rawHeight":7.0,"rawCrownWidth":7.0,"quality":"valid","sourceYear":2013},"geometry":{"type":"Point","coordinates":[126.91663289,37.5233077]}},{"type":"Feature","id":"park-private-112118","properties":{"id":"park-private-112118","dataset":"park-private","gu":"영등포구","species":"소나무","heightM":6.0,"crownWidthM":5.0,"rawHeight":6.0,"rawCrownWidth":5.0,"quality":"valid","sourceYear":2013},"geometry":{"type":"Point","coordinates":[126.91923759,37.52340598]}},{"type":"Feature","id":"park-private-112119","properties":{"id":"park-private-112119","dataset":"park-private","gu":"영등포구","species":"느티나무","heightM":7.0,"crownWidthM":8.0,"rawHeight":7.0,"rawCrownWidth":8.0,"quality":"valid","sourceYear":2013},"geometry":{"type":"Point","coordinates":[126.91854388,37.52207143]}},{"type":"Feature","id":"park-private-171222","properties":{"id":"park-private-171222","dataset":"park-private","gu":"영등포구","species":"이태리포플러","heightM":10.0,"crownWidthM":8.0,"rawHeight":10.0,"rawCrownWidth":8.0,"quality":"valid","sourceYear":2013},"geometry":{"type":"Point","coordinates":[126.91058437,37.52478597]}},{"type":"Feature","id":"park-private-171223","properties":{"id":"park-private-171223","dataset":"park-private","gu":"영등포구","species":"소나무","heightM":12.0,"crownWidthM":4.0,"rawHeight":12.0,"rawCrownWidth":4.0,"quality":"valid","sourceYear":2013},"geometry":{"type":"Point","coordinates":[126.91977006,37.52353235]}},{"type":"Feature","id":"park-private-171234","properties":{"id":"park-private-171234","dataset":"park-private","gu":"영등포구","species":"은행나무","heightM":10.0,"crownWidthM":4.0,"rawHeight":10.0,"rawCrownWidth":4.0,"quality":"valid","sourceYear":2013},"geometry":{"type":"Point","coordinates":[126.91998835,37.52348894]}},{"type":"Feature","id":"park-private-171261","properties":{"id":"park-private-171261","dataset":"park-private","gu":"영등포구","species":"측백나무","heightM":8.0,"crownWidthM":3.0,"rawHeight":8.0,"rawCrownWidth":3.0,"quality":"valid","sourceYear":2013},"geometry":{"type":"Point","coordinates":[126.91316302,37.5208717]}},{"type":"Feature","id":"park-private-171301","properties":{"id":"park-private-171301","dataset":"park-private","gu":"영등포구","species":"벚나무","heightM":5.0,"crownWidthM":6.0,"rawHeight":5.0,"rawCrownWidth":6.0,"quality":"valid","sourceYear":2013},"geometry":{"type":"Point","coordinates":[126.91503966,37.52453859]}},{"type":"Feature","id":"park-private-171325","properties":{"id":"park-private-171325","dataset":"park-private","gu":"영등포구","species":"느티나무","heightM":6.0,"crownWidthM":7.0,"rawHeight":6.0,"rawCrownWidth":7.0,"quality":"valid","sourceYear":2013},"geometry":{"type":"Point","coordinates":[126.91858957,37.52332531]}},{"type":"Feature","id":"park-private-171351","properties":{"id":"park-private-171351","dataset":"park-private","gu":"영등포구","species":"잣나무","heightM":8.0,"crownWidthM":5.0,"rawHeight":8.0,"rawCrownWidth":5.0,"quality":"valid","sourceYear":2013},"geometry":{"type":"Point","coordinates":[126.91743727,37.5231446]}},{"type":"Feature","id":"park-private-171361","properties":{"id":"park-private-171361","dataset":"park-private","gu":"영등포구","species":"단풍나무","heightM":5.0,"crownWidthM":5.0,"rawHeight":5.0,"rawCrownWidth":5.0,"quality":"valid","sourceYear":2013},"geometry":{"type":"Point","coordinates":[126.91690994,37.52356018]}},{"type":"Feature","id":"park-private-171391","properties":{"id":"park-private-171391","dataset":"park-private","gu":"영등포구","species":"느티나무","heightM":6.0,"crownWidthM":6.0,"rawHeight":6.0,"rawCrownWidth":6.0,"quality":"valid","sourceYear":2013},"geometry":{"type":"Point","coordinates":[126.91885412,37.5241334]}},{"type":"Feature","id":"park-private-171509","properties":{"id":"park-private-171509","dataset":"park-private","gu":"영등포구","species":"느티나무","heightM":6.0,"crownWidthM":6.0,"rawHeight":6.0,"rawCrownWidth":6.0,"quality":"valid","sourceYear":2013},"geometry":{"type":"Point","coordinates":[126.9198608,37.52622309]}},{"type":"Feature","id":"park-private-171518","properties":{"id":"park-private-171518","dataset":"park-private","gu":"영등포구","species":"은행나무","heightM":8.0,"crownWidthM":5.0,"rawHeight":8.0,"rawCrownWidth":5.0,"quality":"valid","sourceYear":2013},"geometry":{"type":"Point","coordinates":[126.91840378,37.5219313]}},{"type":"Feature","id":"park-private-171520","properties":{"id":"park-private-171520","dataset":"park-private","gu":"영등포구","species":"소나무","heightM":11.0,"crownWidthM":4.0,"rawHeight":11.0,"rawCrownWidth":4.0,"quality":"valid","sourceYear":2013},"geometry":{"type":"Point","coordinates":[126.91911954,37.52451171]}},{"type":"Feature","id":"park-private-171533","properties":{"id":"park-private-171533","dataset":"park-private","gu":"영등포구","species":"벚나무","heightM":5.0,"crownWidthM":6.0,"rawHeight":5.0,"rawCrownWidth":6.0,"quality":"valid","sourceYear":2013},"geometry":{"type":"Point","coordinates":[126.91395591,37.52611321]}},{"type":"Feature","id":"park-private-171539","properties":{"id":"park-private-171539","dataset":"park-private","gu":"영등포구","species":"벚나무","heightM":6.0,"crownWidthM":4.0,"rawHeight":6.0,"rawCrownWidth":4.0,"quality":"valid","sourceYear":2013},"geometry":{"type":"Point","coordinates":[126.9199051,37.52028728]}},{"type":"Feature","id":"park-private-171572","properties":{"id":"park-private-171572","dataset":"park-private","gu":"영등포구","species":"벚나무","heightM":5.0,"crownWidthM":5.0,"rawHeight":5.0,"rawCrownWidth":5.0,"quality":"valid","sourceYear":2013},"geometry":{"type":"Point","coordinates":[126.91913103,37.52633584]}},{"type":"Feature","id":"park-private-171584","properties":{"id":"park-private-171584","dataset":"park-private","gu":"영등포구","species":"소나무","heightM":8.0,"crownWidthM":4.0,"rawHeight":8.0,"rawCrownWidth":4.0,"quality":"valid","sourceYear":2013},"geometry":{"type":"Point","coordinates":[126.9185803,37.52317777]}},{"type":"Feature","id":"park-private-171614","properties":{"id":"park-private-171614","dataset":"park-private","gu":"영등포구","species":"양버즘나무","heightM":10.0,"crownWidthM":5.0,"rawHeight":10.0,"rawCrownWidth":5.0,"quality":"valid","sourceYear":2013},"geometry":{"type":"Point","coordinates":[126.91315924,37.52216592]}},{"type":"Feature","id":"park-private-171667","properties":{"id":"park-private-171667","dataset":"park-private","gu":"영등포구","species":"은행나무","heightM":10.0,"crownWidthM":6.0,"rawHeight":10.0,"rawCrownWidth":6.0,"quality":"valid","sourceYear":2013},"geometry":{"type":"Point","coordinates":[126.91737341,37.52657527]}},{"type":"Feature","id":"park-private-171676","properties":{"id":"park-private-171676","dataset":"park-private","gu":"영등포구","species":"은행나무","heightM":6.0,"crownWidthM":6.0,"rawHeight":6.0,"rawCrownWidth":6.0,"quality":"valid","sourceYear":2013},"geometry":{"type":"Point","coordinates":[126.91903477,37.5246128]}},{"type":"Feature","id":"park-private-171683","properties":{"id":"park-private-171683","dataset":"park-private","gu":"영등포구","species":"소나무","heightM":12.0,"crownWidthM":5.0,"rawHeight":12.0,"rawCrownWidth":5.0,"quality":"valid","sourceYear":2013},"geometry":{"type":"Point","coordinates":[126.91892886,37.52300469]}},{"type":"Feature","id":"park-private-171758","properties":{"id":"park-private-171758","dataset":"park-private","gu":"영등포구","species":"벚나무","heightM":7.0,"crownWidthM":4.0,"rawHeight":7.0,"rawCrownWidth":4.0,"quality":"valid","sourceYear":2013},"geometry":{"type":"Point","coordinates":[126.91708272,37.52305585]}},{"type":"Feature","id":"park-private-171780","properties":{"id":"park-private-171780","dataset":"park-private","gu":"영등포구","species":"느티나무","heightM":6.0,"crownWidthM":5.0,"rawHeight":6.0,"rawCrownWidth":5.0,"quality":"valid","sourceYear":2013},"geometry":{"type":"Point","coordinates":[126.91779434,37.52411799]}},{"type":"Feature","id":"park-private-171804","properties":{"id":"park-private-171804","dataset":"park-private","gu":"영등포구","species":"소나무","heightM":8.0,"crownWidthM":5.0,"rawHeight":8.0,"rawCrownWidth":5.0,"quality":"valid","sourceYear":2013},"geometry":{"type":"Point","coordinates":[126.91769094,37.52274258]}},{"type":"Feature","id":"park-private-171807","properties":{"id":"park-private-171807","dataset":"park-private","gu":"영등포구","species":"소나무","heightM":6.0,"crownWidthM":5.0,"rawHeight":6.0,"rawCrownWidth":5.0,"quality":"valid","sourceYear":2013},"geometry":{"type":"Point","coordinates":[126.91835779,37.52316149]}},{"type":"Feature","id":"park-private-171853","properties":{"id":"park-private-171853","dataset":"park-private","gu":"영등포구","species":"벚나무","heightM":5.0,"crownWidthM":6.0,"rawHeight":5.0,"rawCrownWidth":6.0,"quality":"valid","sourceYear":2013},"geometry":{"type":"Point","coordinates":[126.91540068,37.52400137]}},{"type":"Feature","id":"park-private-171912","properties":{"id":"park-private-171912","dataset":"park-private","gu":"영등포구","species":"벚나무","heightM":5.0,"crownWidthM":6.0,"rawHeight":5.0,"rawCrownWidth":6.0,"quality":"valid","sourceYear":2013},"geometry":{"type":"Point","coordinates":[126.9157082,37.52354898]}},{"type":"Feature","id":"park-private-171913","properties":{"id":"park-private-171913","dataset":"park-private","gu":"영등포구","species":"느티나무","heightM":8.0,"crownWidthM":8.0,"rawHeight":8.0,"rawCrownWidth":8.0,"quality":"valid","sourceYear":2013},"geometry":{"type":"Point","coordinates":[126.91941246,37.52546507]}},{"type":"Feature","id":"park-private-171969","properties":{"id":"park-private-171969","dataset":"park-private","gu":"영등포구","species":"소나무","heightM":10.0,"crownWidthM":5.0,"rawHeight":10.0,"rawCrownWidth":5.0,"quality":"valid","sourceYear":2013},"geometry":{"type":"Point","coordinates":[126.91869062,37.52323371]}},{"type":"Feature","id":"park-private-171982","properties":{"id":"park-private-171982","dataset":"park-private","gu":"영등포구","species":"벚나무","heightM":8.0,"crownWidthM":5.0,"rawHeight":8.0,"rawCrownWidth":5.0,"quality":"valid","sourceYear":2013},"geometry":{"type":"Point","coordinates":[126.91801296,37.52361974]}},{"type":"Feature","id":"park-private-171986","properties":{"id":"park-private-171986","dataset":"park-private","gu":"영등포구","species":"소나무","heightM":8.0,"crownWidthM":4.0,"rawHeight":8.0,"rawCrownWidth":4.0,"quality":"valid","sourceYear":2013},"geometry":{"type":"Point","coordinates":[126.91793446,37.52235664]}},{"type":"Feature","id":"park-private-172067","properties":{"id":"park-private-172067","dataset":"park-private","gu":"영등포구","species":"가중나무","heightM":9.0,"crownWidthM":6.0,"rawHeight":9.0,"rawCrownWidth":6.0,"quality":"valid","sourceYear":2013},"geometry":{"type":"Point","coordinates":[126.91278404,37.52057261]}},{"type":"Feature","id":"park-private-172115","properties":{"id":"park-private-172115","dataset":"park-private","gu":"영등포구","species":"양버즘나무","heightM":7.0,"crownWidthM":5.0,"rawHeight":7.0,"rawCrownWidth":5.0,"quality":"valid","sourceYear":2013},"geometry":{"type":"Point","coordinates":[126.91890934,37.52053366]}},{"type":"Feature","id":"park-private-172123","properties":{"id":"park-private-172123","dataset":"park-private","gu":"영등포구","species":"소나무","heightM":5.0,"crownWidthM":5.0,"rawHeight":5.0,"rawCrownWidth":5.0,"quality":"valid","sourceYear":2013},"geometry":{"type":"Point","coordinates":[126.91931665,37.5234576]}},{"type":"Feature","id":"park-private-172125","properties":{"id":"park-private-172125","dataset":"park-private","gu":"영등포구","species":"향나무","heightM":5.0,"crownWidthM":3.0,"rawHeight":5.0,"rawCrownWidth":3.0,"quality":"valid","sourceYear":2013},"geometry":{"type":"Point","coordinates":[126.91632609,37.52355143]}},{"type":"Feature","id":"park-private-172214","properties":{"id":"park-private-172214","dataset":"park-private","gu":"영등포구","species":"벚나무","heightM":5.0,"crownWidthM":6.0,"rawHeight":5.0,"rawCrownWidth":6.0,"quality":"valid","sourceYear":2013},"geometry":{"type":"Point","coordinates":[126.91389346,37.526209]}},{"type":"Feature","id":"park-private-172269","properties":{"id":"park-private-172269","dataset":"park-private","gu":"영등포구","species":"소나무","heightM":12.0,"crownWidthM":4.0,"rawHeight":12.0,"rawCrownWidth":4.0,"quality":"valid","sourceYear":2013},"geometry":{"type":"Point","coordinates":[126.9198637,37.52351522]}},{"type":"Feature","id":"park-private-172286","properties":{"id":"park-private-172286","dataset":"park-private","gu":"영등포구","species":"느티나무","heightM":5.0,"crownWidthM":6.0,"rawHeight":5.0,"rawCrownWidth":6.0,"quality":"valid","sourceYear":2013},"geometry":{"type":"Point","coordinates":[126.91883112,37.52225407]}},{"type":"Feature","id":"park-private-172298","properties":{"id":"park-private-172298","dataset":"park-private","gu":"영등포구","species":"소나무","heightM":5.0,"crownWidthM":5.0,"rawHeight":5.0,"rawCrownWidth":5.0,"quality":"valid","sourceYear":2013},"geometry":{"type":"Point","coordinates":[126.91712168,37.52341322]}},{"type":"Feature","id":"park-private-172335","properties":{"id":"park-private-172335","dataset":"park-private","gu":"영등포구","species":"모과나무","heightM":6.0,"crownWidthM":5.0,"rawHeight":6.0,"rawCrownWidth":5.0,"quality":"valid","sourceYear":2013},"geometry":{"type":"Point","coordinates":[126.91866743,37.52393275]}},{"type":"Feature","id":"park-private-172373","properties":{"id":"park-private-172373","dataset":"park-private","gu":"영등포구","species":"벚나무","heightM":5.0,"crownWidthM":6.0,"rawHeight":5.0,"rawCrownWidth":6.0,"quality":"valid","sourceYear":2013},"geometry":{"type":"Point","coordinates":[126.91409865,37.52590387]}},{"type":"Feature","id":"park-private-172378","properties":{"id":"park-private-172378","dataset":"park-private","gu":"영등포구","species":"소나무","heightM":11.0,"crownWidthM":4.0,"rawHeight":11.0,"rawCrownWidth":4.0,"quality":"valid","sourceYear":2013},"geometry":{"type":"Point","coordinates":[126.91947206,37.52463801]}},{"type":"Feature","id":"park-private-172444","properties":{"id":"park-private-172444","dataset":"park-private","gu":"영등포구","species":"느티나무","heightM":6.0,"crownWidthM":7.0,"rawHeight":6.0,"rawCrownWidth":7.0,"quality":"valid","sourceYear":2013},"geometry":{"type":"Point","coordinates":[126.91856078,37.52330237]}},{"type":"Feature","id":"park-private-172460","properties":{"id":"park-private-172460","dataset":"park-private","gu":"영등포구","species":"느티나무","heightM":6.0,"crownWidthM":6.0,"rawHeight":6.0,"rawCrownWidth":6.0,"quality":"valid","sourceYear":2013},"geometry":{"type":"Point","coordinates":[126.91906978,37.52426531]}},{"type":"Feature","id":"park-private-172525","properties":{"id":"park-private-172525","dataset":"park-private","gu":"영등포구","species":"양버즘나무","heightM":8.0,"crownWidthM":4.0,"rawHeight":8.0,"rawCrownWidth":4.0,"quality":"valid","sourceYear":2013},"geometry":{"type":"Point","coordinates":[126.91313786,37.52219766]}},{"type":"Feature","id":"park-private-172531","properties":{"id":"park-private-172531","dataset":"park-private","gu":"영등포구","species":"벚나무","heightM":6.0,"crownWidthM":7.0,"rawHeight":6.0,"rawCrownWidth":7.0,"quality":"valid","sourceYear":2013},"geometry":{"type":"Point","coordinates":[126.91311741,37.52004821]}},{"type":"Feature","id":"park-private-172556","properties":{"id":"park-private-172556","dataset":"park-private","gu":"영등포구","species":"양버즘나무","heightM":8.0,"crownWidthM":5.0,"rawHeight":8.0,"rawCrownWidth":5.0,"quality":"valid","sourceYear":2013},"geometry":{"type":"Point","coordinates":[126.91397788,37.52071775]}},{"type":"Feature","id":"park-private-172584","properties":{"id":"park-private-172584","dataset":"park-private","gu":"영등포구","species":"느티나무","heightM":7.0,"crownWidthM":9.0,"rawHeight":7.0,"rawCrownWidth":9.0,"quality":"valid","sourceYear":2013},"geometry":{"type":"Point","coordinates":[126.91876184,37.52915209]}},{"type":"Feature","id":"park-private-172587","properties":{"id":"park-private-172587","dataset":"park-private","gu":"영등포구","species":"소나무","heightM":8.0,"crownWidthM":5.0,"rawHeight":8.0,"rawCrownWidth":5.0,"quality":"valid","sourceYear":2013},"geometry":{"type":"Point","coordinates":[126.91777245,37.52243694]}},{"type":"Feature","id":"park-private-172590","properties":{"id":"park-private-172590","dataset":"park-private","gu":"영등포구","species":"느티나무","heightM":5.0,"crownWidthM":5.0,"rawHeight":5.0,"rawCrownWidth":5.0,"quality":"valid","sourceYear":2013},"geometry":{"type":"Point","coordinates":[126.9183233,37.52507849]}},{"type":"Feature","id":"park-private-172594","properties":{"id":"park-private-172594","dataset":"park-private","gu":"영등포구","species":"상수리나무","heightM":8.0,"crownWidthM":5.0,"rawHeight":8.0,"rawCrownWidth":5.0,"quality":"valid","sourceYear":2013},"geometry":{"type":"Point","coordinates":[126.91747707,37.52349056]}},{"type":"Feature","id":"park-private-172595","properties":{"id":"park-private-172595","dataset":"park-private","gu":"영등포구","species":"느티나무","heightM":8.0,"crownWidthM":6.0,"rawHeight":8.0,"rawCrownWidth":6.0,"quality":"valid","sourceYear":2013},"geometry":{"type":"Point","coordinates":[126.91929766,37.52251659]}},{"type":"Feature","id":"park-private-172605","properties":{"id":"park-private-172605","dataset":"park-private","gu":"영등포구","species":"소나무","heightM":7.0,"crownWidthM":5.0,"rawHeight":7.0,"rawCrownWidth":5.0,"quality":"valid","sourceYear":2013},"geometry":{"type":"Point","coordinates":[126.91850146,37.52407589]}},{"type":"Feature","id":"park-private-172615","properties":{"id":"park-private-172615","dataset":"park-private","gu":"영등포구","species":"느티나무","heightM":6.0,"crownWidthM":6.0,"rawHeight":6.0,"rawCrownWidth":6.0,"quality":"valid","sourceYear":2013},"geometry":{"type":"Point","coordinates":[126.91943545,37.52263]}},{"type":"Feature","id":"park-private-172616","properties":{"id":"park-private-172616","dataset":"park-private","gu":"영등포구","species":"느티나무","heightM":6.0,"crownWidthM":6.0,"rawHeight":6.0,"rawCrownWidth":6.0,"quality":"valid","sourceYear":2013},"geometry":{"type":"Point","coordinates":[126.91971208,37.52368128]}},{"type":"Feature","id":"park-private-172623","properties":{"id":"park-private-172623","dataset":"park-private","gu":"영등포구","species":"소나무","heightM":7.0,"crownWidthM":5.0,"rawHeight":7.0,"rawCrownWidth":5.0,"quality":"valid","sourceYear":2013},"geometry":{"type":"Point","coordinates":[126.91819593,37.52316135]}},{"type":"Feature","id":"park-private-172654","properties":{"id":"park-private-172654","dataset":"park-private","gu":"영등포구","species":"양버즘나무","heightM":10.0,"crownWidthM":5.0,"rawHeight":10.0,"rawCrownWidth":5.0,"quality":"valid","sourceYear":2013},"geometry":{"type":"Point","coordinates":[126.91263118,37.5229264]}},{"type":"Feature","id":"park-private-172693","properties":{"id":"park-private-172693","dataset":"park-private","gu":"영등포구","species":"목련","heightM":14.0,"crownWidthM":8.0,"rawHeight":14.0,"rawCrownWidth":8.0,"quality":"valid","sourceYear":2013},"geometry":{"type":"Point","coordinates":[126.9181448,37.52830387]}},{"type":"Feature","id":"park-private-172716","properties":{"id":"park-private-172716","dataset":"park-private","gu":"영등포구","species":"벚나무","heightM":5.0,"crownWidthM":6.0,"rawHeight":5.0,"rawCrownWidth":6.0,"quality":"valid","sourceYear":2013},"geometry":{"type":"Point","coordinates":[126.91407189,37.5259429]}},{"type":"Feature","id":"park-private-176095","properties":{"id":"park-private-176095","dataset":"park-private","gu":"영등포구","species":"이태리포플러","heightM":10.0,"crownWidthM":6.0,"rawHeight":10.0,"rawCrownWidth":6.0,"quality":"valid","sourceYear":2013},"geometry":{"type":"Point","coordinates":[126.91056042,37.52482177]}},{"type":"Feature","id":"park-private-176097","properties":{"id":"park-private-176097","dataset":"park-private","gu":"영등포구","species":"굴참나무","heightM":8.0,"crownWidthM":5.0,"rawHeight":8.0,"rawCrownWidth":5.0,"quality":"valid","sourceYear":2013},"geometry":{"type":"Point","coordinates":[126.91757813,37.52353892]}},{"type":"Feature","id":"park-private-176102","properties":{"id":"park-private-176102","dataset":"park-private","gu":"영등포구","species":"소나무","heightM":5.0,"crownWidthM":5.0,"rawHeight":5.0,"rawCrownWidth":5.0,"quality":"valid","sourceYear":2013},"geometry":{"type":"Point","coordinates":[126.9187915,37.52323953]}},{"type":"Feature","id":"park-private-176183","properties":{"id":"park-private-176183","dataset":"park-private","gu":"영등포구","species":"소나무","heightM":8.0,"crownWidthM":5.0,"rawHeight":8.0,"rawCrownWidth":5.0,"quality":"valid","sourceYear":2013},"geometry":{"type":"Point","coordinates":[126.91729472,37.52277225]}},{"type":"Feature","id":"park-private-176477","properties":{"id":"park-private-176477","dataset":"park-private","gu":"영등포구","species":"은행나무","heightM":8.0,"crownWidthM":5.0,"rawHeight":8.0,"rawCrownWidth":5.0,"quality":"valid","sourceYear":2013},"geometry":{"type":"Point","coordinates":[126.91849718,37.52198808]}},{"type":"Feature","id":"park-private-176782","properties":{"id":"park-private-176782","dataset":"park-private","gu":"영등포구","species":"벚나무","heightM":6.0,"crownWidthM":7.0,"rawHeight":6.0,"rawCrownWidth":7.0,"quality":"valid","sourceYear":2013},"geometry":{"type":"Point","coordinates":[126.91383873,37.52629104]}},{"type":"Feature","id":"park-private-176788","properties":{"id":"park-private-176788","dataset":"park-private","gu":"영등포구","species":"느티나무","heightM":8.0,"crownWidthM":6.0,"rawHeight":8.0,"rawCrownWidth":6.0,"quality":"valid","sourceYear":2013},"geometry":{"type":"Point","coordinates":[126.91746596,37.52843068]}},{"type":"Feature","id":"park-private-176957","properties":{"id":"park-private-176957","dataset":"park-private","gu":"영등포구","species":"단풍나무","heightM":6.0,"crownWidthM":4.0,"rawHeight":6.0,"rawCrownWidth":4.0,"quality":"valid","sourceYear":2013},"geometry":{"type":"Point","coordinates":[126.91842254,37.52396698]}},{"type":"Feature","id":"park-private-176961","properties":{"id":"park-private-176961","dataset":"park-private","gu":"영등포구","species":"양버즘나무","heightM":10.0,"crownWidthM":6.0,"rawHeight":10.0,"rawCrownWidth":6.0,"quality":"valid","sourceYear":2013},"geometry":{"type":"Point","coordinates":[126.91914304,37.52032279]}}]}