{"type":"FeatureCollection","features":[{"type":"Feature","id":"street-2834","properties":{"id":"street-2834","dataset":"street","gu":"용산구","species":"은행나무","heightM":8.0,"crownWidthM":4.0,"rawHeight":8.0,"rawCrownWidth":4.0,"quality":"valid","sourceYear":2013},"geometry":{"type":"Point","coordinates":[126.99542651,37.5419511]}},{"type":"Feature","id":"street-2922","properties":{"id":"street-2922","dataset":"street","gu":"용산구","species":"은행나무","heightM":9.0,"crownWidthM":3.0,"rawHeight":9.0,"rawCrownWidth":3.0,"quality":"valid","sourceYear":2013},"geometry":{"type":"Point","coordinates":[126.99145199,37.54295501]}},{"type":"Feature","id":"street-2999","properties":{"id":"street-2999","dataset":"street","gu":"용산구","species":"은행나무","heightM":10.0,"crownWidthM":4.0,"rawHeight":10.0,"rawCrownWidth":4.0,"quality":"valid","sourceYear":2013},"geometry":{"type":"Point","coordinates":[126.99018183,37.54566462]}},{"type":"Feature","id":"street-3000","properties":{"id":"street-3000","dataset":"street","gu":"용산구","species":"은행나무","heightM":7.0,"crownWidthM":4.0,"rawHeight":7.0,"rawCrownWidth":4.0,"quality":"valid","sourceYear":2013},"geometry":{"type":"Point","coordinates":[126.99100887,37.54463787]}},{"type":"Feature","id":"street-3001","properties":{"id":"street-3001","dataset":"street","gu":"용산구","species":"은행나무","heightM":9.0,"crownWidthM":3.0,"rawHeight":9.0,"rawCrownWidth":3.0,"quality":"valid","sourceYear":2013},"geometry":{"type":"Point","coordinates":[126.99124212,37.54383994]}},{"type":"Feature","id":"street-4101","properties":{"id":"street-4101","dataset":"street","gu":"용산구","species":"은행나무","heightM":8.0,"crownWidthM":4.0,"rawHeight":8.0,"rawCrownWidth":4.0,"quality":"valid","sourceYear":2013},"geometry":{"type":"Point","coordinates":[126.99263082,37.54258313]}},{"type":"Feature","id":"street-4193","properties":{"id":"street-4193","dataset":"street","gu":"용산구","species":"은행나무","heightM":8.0,"crownWidthM":4.0,"rawHeight":8.0,"rawCrownWidth":4.0,"quality":"valid","sourceYear":2013},"geometry":{"type":"Point","coordinates":[126.99131731,37.54321432]}},{"type":"Feature","id":"street-5732","properties":{"id":"street-5732","dataset":"street","gu":"용산구","species":"은행나무","heightM":8.0,"crownWidthM":3.0,"rawHeight":8.0,"rawCrownWidth":3.0,"quality":"valid","sourceYear":2013},"geometry":{"type":"Point","coordinates":[126.99085989,37.54488659]}},{"type":"Feature","id":"street-5803","properties":{"id":"street-5803","dataset":"street","gu":"용산구","species":"은행나무","heightM":9.0,"crownWidthM":4.0,"rawHeight":9.0,"rawCrownWidth":4.0,"quality":"valid","sourceYear":2013},"geometry":{"type":"Point","coordinates":[126.99763219,37.54085855]}},{"type":"Feature","id":"street-5827","properties":{"id":"street-5827","dataset":"street","gu":"용산구","species":"은행나무","heightM":9.0,"crownWidthM":4.0,"rawHeight":9.0,"rawCrownWidth":4.0,"quality":"valid","sourceYear":2013},"geometry":{"type":"Point","coordinates":[126.99106604,37.54394564]}},{"type":"Feature","id":"street-5833","properties":{"id":"street-5833","dataset":"street","gu":"용산구","species":"은행나무","heightM":8.0,"crownWidthM":4.0,"rawHeight":8.0,"rawCrownWidth":4.0,"quality":"valid","sourceYear":2013},"geometry":{"type":"Point","coordinates":[126.99789658,37.54099162]}},{"type":"Feature","id":"street-5842","properties":{"id":"street-5842","dataset":"street","gu":"용산구","species":"은행나무","heightM":9.0,"crownWidthM":4.0,"rawHeight":9.0,"rawCrownWidth":4.0,"quality":"valid","sourceYear":2013},"geometry":{"type":"Point","coordinates":[126.99633203,37.54158636]}},{"type":"Feature","id":"street-5926","properties":{"id":"street-5926","dataset":"street","gu":"용산구","species":"은행나무","heightM":8.0,"crownWidthM":4.0,"rawHeight":8.0,"rawCrownWidth":4.0,"quality":"valid","sourceYear":2013},"geometry":{"type":"Point","coordinates":[126.99621769,37.54148191]}},{"type":"Feature","id":"street-5930","properties":{"id":"street-5930","dataset":"street","gu":"용산구","species":"은행나무","heightM":9.0,"crownWidthM":3.0,"rawHeight":9.0,"rawCrownWidth":3.0,"quality":"valid","sourceYear":2013},"geometry":{"type":"Point","coordinates":[126.99124415,37.5434849]}},{"type":"Feature","id":"street-5973","properties":{"id":"street-5973","dataset":"street","gu":"용산구","species":"은행나무","heightM":9.0,"crownWidthM":4.0,"rawHeight":9.0,"rawCrownWidth":4.0,"quality":"valid","sourceYear":2013},"geometry":{"type":"Point","coordinates":[126.99106604,37.54389915]}},{"type":"Feature","id":"street-5974","properties":{"id":"street-5974","dataset":"street","gu":"용산구","species":"은행나무","heightM":8.0,"crownWidthM":4.0,"rawHeight":8.0,"rawCrownWidth":4.0,"quality":"valid","sourceYear":2013},"geometry":{"type":"Point","coordinates":[126.99749904,37.54111825]}},{"type":"Feature","id":"street-6011","properties":{"id":"street-6011","dataset":"street","gu":"용산구","species":"은행나무","heightM":9.0,"crownWidthM":4.0,"rawHeight":9.0,"rawCrownWidth":4.0,"quality":"valid","sourceYear":2013},"geometry":{"type":"Point","coordinates":[126.99330577,37.54270144]}},{"type":"Feature","id":"street-6020","properties":{"id":"street-6020","dataset":"street","gu":"용산구","species":"은행나무","heightM":8.0,"crownWidthM":4.0,"rawHeight":8.0,"rawCrownWidth":4.0,"quality":"valid","sourceYear":2013},"geometry":{"type":"Point","coordinates":[126.99318136,37.54257127]}},{"type":"Feature","id":"street-6060","properties":{"id":"street-6060","dataset":"street","gu":"용산구","species":"은행나무","heightM":8.0,"crownWidthM":4.0,"rawHeight":8.0,"rawCrownWidth":4.0,"quality":"valid","sourceYear":2013},"geometry":{"type":"Point","coordinates":[126.991048,37.54358427]}},{"type":"Feature","id":"street-6117","properties":{"id":"street-6117","dataset":"street","gu":"용산구","species":"은행나무","heightM":9.0,"crownWidthM":4.0,"rawHeight":9.0,"rawCrownWidth":4.0,"quality":"valid","sourceYear":2013},"geometry":{"type":"Point","coordinates":[126.99823531,37.54104113]}},{"type":"Feature","id":"street-6172","properties":{"id":"street-6172","dataset":"street","gu":"용산구","species":"은행나무","heightM":8.0,"crownWidthM":4.0,"rawHeight":8.0,"rawCrownWidth":4.0,"quality":"valid","sourceYear":2013},"geometry":{"type":"Point","coordinates":[126.99970856,37.54202231]}},{"type":"Feature","id":"street-6173","properties":{"id":"street-6173","dataset":"street","gu":"용산구","species":"은행나무","heightM":8.0,"crownWidthM":4.0,"rawHeight":8.0,"rawCrownWidth":4.0,"quality":"valid","sourceYear":2013},"geometry":{"type":"Point","coordinates":[126.99155612,37.54269537]}},{"type":"Feature","id":"street-6201","properties":{"id":"street-6201","dataset":"street","gu":"용산구","species":"은행나무","heightM":9.0,"crownWidthM":4.0,"rawHeight":9.0,"rawCrownWidth":4.0,"quality":"valid","sourceYear":2013},"geometry":{"type":"Point","coordinates":[126.99581251,37.54190021]}},{"type":"Feature","id":"street-6216","properties":{"id":"street-6216","dataset":"street","gu":"용산구","species":"은행나무","heightM":8.0,"crownWidthM":4.0,"rawHeight":8.0,"rawCrownWidth":4.0,"quality":"valid","sourceYear":2013},"geometry":{"type":"Point","coordinates":[126.99891655,37.54136181]}},{"type":"Feature","id":"street-6373","properties":{"id":"street-6373","dataset":"street","gu":"용산구","species":"은행나무","heightM":7.0,"crownWidthM":4.0,"rawHeight":7.0,"rawCrownWidth":4.0,"quality":"valid","sourceYear":2013},"geometry":{"type":"Point","coordinates":[126.99655268,37.54120507]}},{"type":"Feature","id":"street-6455","properties":{"id":"street-6455","dataset":"street","gu":"용산구","species":"은행나무","heightM":9.0,"crownWidthM":4.0,"rawHeight":9.0,"rawCrownWidth":4.0,"quality":"valid","sourceYear":2013},"geometry":{"type":"Point","coordinates":[126.99561287,37.54202637]}},{"type":"Feature","id":"street-6472","properties":{"id":"street-6472","dataset":"street","gu":"용산구","species":"은행나무","heightM":9.0,"crownWidthM":4.0,"rawHeight":9.0,"rawCrownWidth":4.0,"quality":"valid","sourceYear":2013},"geometry":{"type":"Point","coordinates":[126.99473288,37.54224619]}},{"type":"Feature","id":"street-6523","properties":{"id":"street-6523","dataset":"street","gu":"용산구","species":"은행나무","heightM":8.0,"crownWidthM":4.0,"rawHeight":8.0,"rawCrownWidth":4.0,"quality":"valid","sourceYear":2013},"geometry":{"type":"Point","coordinates":[126.99770235,37.54085315]}},{"type":"Feature","id":"street-6549","properties":{"id":"street-6549","dataset":"street","gu":"용산구","species":"은행나무","heightM":9.0,"crownWidthM":4.0,"rawHeight":9.0,"rawCrownWidth":4.0,"quality":"valid","sourceYear":2013},"geometry":{"type":"Point","coordinates":[126.99634852,37.54157144]}},{"type":"Feature","id":"street-6550","properties":{"id":"street-6550","dataset":"street","gu":"용산구","species":"은행나무","heightM":8.0,"crownWidthM":4.0,"rawHeight":8.0,"rawCrownWidth":4.0,"quality":"valid","sourceYear":2013},"geometry":{"type":"Point","coordinates":[126.99364253,37.5424845]}},{"type":"Feature","id":"street-6563","properties":{"id":"street-6563","dataset":"street","gu":"용산구","species":"은행나무","heightM":9.0,"crownWidthM":4.0,"rawHeight":9.0,"rawCrownWidth":4.0,"quality":"valid","sourceYear":2013},"geometry":{"type":"Point","coordinates":[126.99491356,37.5422132]}},{"type":"Feature","id":"street-6564","properties":{"id":"street-6564","dataset":"street","gu":"용산구","species":"은행나무","heightM":10.0,"crownWidthM":4.0,"rawHeight":10.0,"rawCrownWidth":4.0,"quality":"valid","sourceYear":2013},"geometry":{"type":"Point","coordinates":[126.99771382,37.54100317]}},{"type":"Feature","id":"street-6571","properties":{"id":"street-6571","dataset":"street","gu":"용산구","species":"은행나무","heightM":9.0,"crownWidthM":4.0,"rawHeight":9.0,"rawCrownWidth":4.0,"quality":"valid","sourceYear":2013},"geometry":{"type":"Point","coordinates":[126.99064476,37.54491081]}},{"type":"Feature","id":"street-6577","properties":{"id":"street-6577","dataset":"street","gu":"용산구","species":"은행나무","heightM":9.0,"crownWidthM":4.0,"rawHeight":9.0,"rawCrownWidth":4.0,"quality":"valid","sourceYear":2013},"geometry":{"type":"Point","coordinates":[126.99180893,37.54275247]}},{"type":"Feature","id":"street-6578","properties":{"id":"street-6578","dataset":"street","gu":"용산구","species":"은행나무","heightM":9.0,"crownWidthM":4.0,"rawHeight":9.0,"rawCrownWidth":4.0,"quality":"valid","sourceYear":2013},"geometry":{"type":"Point","coordinates":[126.99341505,37.54268435]}},{"type":"Feature","id":"street-6654","properties":{"id":"street-6654","dataset":"street","gu":"용산구","species":"은행나무","heightM":8.0,"crownWidthM":4.0,"rawHeight":8.0,"rawCrownWidth":4.0,"quality":"valid","sourceYear":2013},"geometry":{"type":"Point","coordinates":[126.99798071,37.54085679]}},{"type":"Feature","id":"street-6664","properties":{"id":"street-6664","dataset":"street","gu":"용산구","species":"은행나무","heightM":9.0,"crownWidthM":4.0,"rawHeight":9.0,"rawCrownWidth":4.0,"quality":"valid","sourceYear":2013},"geometry":{"type":"Point","coordinates":[126.99264032,37.54271336]}},{"type":"Feature","id":"street-6665","properties":{"id":"street-6665","dataset":"street","gu":"용산구","species":"은행나무","heightM":8.0,"crownWidthM":4.0,"rawHeight":8.0,"rawCrownWidth":4.0,"quality":"valid","sourceYear":2013},"geometry":{"type":"Point","coordinates":[126.99204903,37.54258677]}},{"type":"Feature","id":"street-6719","properties":{"id":"street-6719","dataset":"street","gu":"용산구","species":"은행나무","heightM":8.0,"crownWidthM":4.0,"rawHeight":8.0,"rawCrownWidth":4.0,"quality":"valid","sourceYear":2013},"geometry":{"type":"Point","coordinates":[126.99274542,37.54258243]}},{"type":"Feature","id":"street-6751","properties":{"id":"street-6751","dataset":"street","gu":"용산구","species":"은행나무","heightM":8.0,"crownWidthM":4.0,"rawHeight":8.0,"rawCrownWidth":4.0,"quality":"valid","sourceYear":2013},"geometry":{"type":"Point","coordinates":[126.99123787,37.54375417]}},{"type":"Feature","id":"street-6781","properties":{"id":"street-6781","dataset":"street","gu":"용산구","species":"은행나무","heightM":9.0,"crownWidthM":4.0,"rawHeight":9.0,"rawCrownWidth":4.0,"quality":"valid","sourceYear":2013},"geometry":{"type":"Point","coordinates":[126.99482273,37.54222832]}},{"type":"Feature","id":"street-6782","properties":{"id":"street-6782","dataset":"street","gu":"용산구","species":"은행나무","heightM":8.0,"crownWidthM":4.0,"rawHeight":8.0,"rawCrownWidth":4.0,"quality":"valid","sourceYear":2013},"geometry":{"type":"Point","coordinates":[126.99143331,37.54274527]}},{"type":"Feature","id":"street-6807","properties":{"id":"street-6807","dataset":"street","gu":"용산구","species":"은행나무","heightM":9.0,"crownWidthM":4.0,"rawHeight":9.0,"rawCrownWidth":4.0,"quality":"valid","sourceYear":2013},"geometry":{"type":"Point","coordinates":[126.9955741,37.542068]}},{"type":"Feature","id":"street-6828","properties":{"id":"street-6828","dataset":"street","gu":"용산구","species":"은행나무","heightM":8.0,"crownWidthM":4.0,"rawHeight":8.0,"rawCrownWidth":4.0,"quality":"valid","sourceYear":2013},"geometry":{"type":"Point","coordinates":[126.99213445,37.54259746]}},{"type":"Feature","id":"street-6840","properties":{"id":"street-6840","dataset":"street","gu":"용산구","species":"은행나무","heightM":9.0,"crownWidthM":4.0,"rawHeight":9.0,"rawCrownWidth":4.0,"quality":"valid","sourceYear":2013},"geometry":{"type":"Point","coordinates":[126.99046158,37.54517092]}},{"type":"Feature","id":"street-6875","properties":{"id":"street-6875","dataset":"street","gu":"용산구","species":"은행나무","heightM":10.0,"crownWidthM":4.0,"rawHeight":10.0,"rawCrownWidth":4.0,"quality":"valid","sourceYear":2013},"geometry":{"type":"Point","coordinates":[126.99735432,37.54090762]}},{"type":"Feature","id":"street-6887","properties":{"id":"street-6887","dataset":"street","gu":"용산구","species":"은행나무","heightM":9.0,"crownWidthM":3.0,"rawHeight":9.0,"rawCrownWidth":3.0,"quality":"valid","sourceYear":2013},"geometry":{"type":"Point","coordinates":[126.9911553,37.54438305]}},{"type":"Feature","id":"street-6920","properties":{"id":"street-6920","dataset":"street","gu":"용산구","species":"은행나무","heightM":8.0,"crownWidthM":4.0,"rawHeight":8.0,"rawCrownWidth":4.0,"quality":"valid","sourceYear":2013},"geometry":{"type":"Point","coordinates":[126.99446075,37.54216046]}},{"type":"Feature","id":"street-6957","properties":{"id":"street-6957","dataset":"street","gu":"용산구","species":"은행나무","heightM":8.0,"crownWidthM":4.0,"rawHeight":8.0,"rawCrownWidth":4.0,"quality":"valid","sourceYear":2013},"geometry":{"type":"Point","coordinates":[126.99081076,37.54495086]}},{"type":"Feature","id":"street-6972","properties":{"id":"street-6972","dataset":"street","gu":"용산구","species":"은행나무","heightM":9.0,"crownWidthM":4.0,"rawHeight":9.0,"rawCrownWidth":4.0,"quality":"valid","sourceYear":2013},"geometry":{"type":"Point","coordinates":[126.99834379,37.54107655]}},{"type":"Feature","id":"street-6973","properties":{"id":"street-6973","dataset":"street","gu":"용산구","species":"은행나무","heightM":9.0,"crownWidthM":4.0,"rawHeight":9.0,"rawCrownWidth":4.0,"quality":"valid","sourceYear":2013},"geometry":{"type":"Point","coordinates":[126.99931432,37.54168878]}},{"type":"Feature","id":"street-6974","properties":{"id":"street-6974","dataset":"street","gu":"용산구","species":"은행나무","heightM":8.0,"crownWidthM":4.0,"rawHeight":8.0,"rawCrownWidth":4.0,"quality":"valid","sourceYear":2013},"geometry":{"type":"Point","coordinates":[126.99295632,37.54257394]}},{"type":"Feature","id":"street-7042","properties":{"id":"street-7042","dataset":"street","gu":"용산구","species":"은행나무","heightM":10.0,"crownWidthM":4.0,"rawHeight":10.0,"rawCrownWidth":4.0,"quality":"valid","sourceYear":2013},"geometry":{"type":"Point","coordinates":[126.99962811,37.54195382]}},{"type":"Feature","id":"street-7082","properties":{"id":"street-7082","dataset":"street","gu":"용산구","species":"은행나무","heightM":9.0,"crownWidthM":4.0,"rawHeight":9.0,"rawCrownWidth":4.0,"quality":"valid","sourceYear":2013},"geometry":{"type":"Point","coordinates":[126.99064985,37.54520812]}},{"type":"Feature","id":"street-7098","properties":{"id":"street-7098","dataset":"street","gu":"용산구","species":"은행나무","heightM":8.0,"crownWidthM":4.0,"rawHeight":8.0,"rawCrownWidth":4.0,"quality":"valid","sourceYear":2013},"geometry":{"type":"Point","coordinates":[126.99976058,37.54186235]}},{"type":"Feature","id":"street-7156","properties":{"id":"street-7156","dataset":"street","gu":"용산구","species":"은행나무","heightM":8.0,"crownWidthM":4.0,"rawHeight":8.0,"rawCrownWidth":4.0,"quality":"valid","sourceYear":2013},"geometry":{"type":"Point","coordinates":[126.99220638,37.54259743]}},{"type":"Feature","id":"street-7199","properties":{"id":"street-7199","dataset":"street","gu":"용산구","species":"은행나무","heightM":9.0,"crownWidthM":4.0,"rawHeight":9.0,"rawCrownWidth":4.0,"quality":"valid","sourceYear":2013},"geometry":{"type":"Point","coordinates":[126.99190841,37.54273189]}},{"type":"Feature","id":"street-7220","properties":{"id":"street-7220","dataset":"street","gu":"용산구","species":"은행나무","heightM":8.0,"crownWidthM":4.0,"rawHeight":8.0,"rawCrownWidth":4.0,"quality":"valid","sourceYear":2013},"geometry":{"type":"Point","coordinates":[126.99907313,37.54149088]}},{"type":"Feature","id":"street-7243","properties":{"id":"street-7243","dataset":"street","gu":"용산구","species":"은행나무","heightM":8.0,"crownWidthM":4.0,"rawHeight":8.0,"rawCrownWidth":4.0,"quality":"valid","sourceYear":2013},"geometry":{"type":"Point","coordinates":[126.99873747,37.54124624]}},{"type":"Feature","id":"street-7251","properties":{"id":"street-7251","dataset":"street","gu":"용산구","species":"은행나무","heightM":8.0,"crownWidthM":3.0,"rawHeight":8.0,"rawCrownWidth":3.0,"quality":"valid","sourceYear":2013},"geometry":{"type":"Point","coordinates":[126.99060247,37.54527738]}},{"type":"Feature","id":"street-7352","properties":{"id":"street-7352","dataset":"street","gu":"용산구","species":"은행나무","heightM":9.0,"crownWidthM":4.0,"rawHeight":9.0,"rawCrownWidth":4.0,"quality":"valid","sourceYear":2013},"geometry":{"type":"Point","coordinates":[126.99394299,37.54235373]}},{"type":"Feature","id":"street-7423","properties":{"id":"street-7423","dataset":"street","gu":"용산구","species":"은행나무","heightM":8.0,"crownWidthM":4.0,"rawHeight":8.0,"rawCrownWidth":4.0,"quality":"valid","sourceYear":2013},"geometry":{"type":"Point","coordinates":[126.99781144,37.54085052]}},{"type":"Feature","id":"street-7424","properties":{"id":"street-7424","dataset":"street","gu":"용산구","species":"은행나무","heightM":8.0,"crownWidthM":4.0,"rawHeight":8.0,"rawCrownWidth":4.0,"quality":"valid","sourceYear":2013},"geometry":{"type":"Point","coordinates":[126.99329915,37.54256686]}},{"type":"Feature","id":"street-7526","properties":{"id":"street-7526","dataset":"street","gu":"용산구","species":"은행나무","heightM":8.0,"crownWidthM":4.0,"rawHeight":8.0,"rawCrownWidth":4.0,"quality":"valid","sourceYear":2013},"geometry":{"type":"Point","coordinates":[126.99090284,37.54480632]}},{"type":"Feature","id":"street-7604","properties":{"id":"street-7604","dataset":"street","gu":"용산구","species":"은행나무","heightM":9.0,"crownWidthM":4.0,"rawHeight":9.0,"rawCrownWidth":4.0,"quality":"valid","sourceYear":2013},"geometry":{"type":"Point","coordinates":[126.99053858,37.54507017]}},{"type":"Feature","id":"street-7676","properties":{"id":"street-7676","dataset":"street","gu":"용산구","species":"은행나무","heightM":9.0,"crownWidthM":4.0,"rawHeight":9.0,"rawCrownWidth":4.0,"quality":"valid","sourceYear":2013},"geometry":{"type":"Point","coordinates":[126.99995465,37.5420297]}},{"type":"Feature","id":"street-7917","properties":{"id":"street-7917","dataset":"street","gu":"용산구","species":"은행나무","heightM":9.0,"crownWidthM":4.0,"rawHeight":9.0,"rawCrownWidth":4.0,"quality":"valid","sourceYear":2013},"geometry":{"type":"Point","coordinates":[126.99461961,37.54227774]}},{"type":"Feature","id":"street-7959","properties":{"id":"street-7959","dataset":"street","gu":"용산구","species":"은행나무","heightM":9.0,"crownWidthM":4.0,"rawHeight":9.0,"rawCrownWidth":4.0,"quality":"valid","sourceYear":2013},"geometry":{"type":"Point","coordinates":[126.99089638,37.54451745]}},{"type":"Feature","id":"street-8121","properties":{"id":"street-8121","dataset":"street","gu":"용산구","species":"은행나무","heightM":9.0,"crownWidthM":4.0,"rawHeight":9.0,"rawCrownWidth":4.0,"quality":"valid","sourceYear":2013},"geometry":{"type":"Point","coordinates":[126.99307508,37.54257316]}},{"type":"Feature","id":"street-8124","properties":{"id":"street-8124","dataset":"street","gu":"용산구","species":"은행나무","heightM":8.0,"crownWidthM":4.0,"rawHeight":8.0,"rawCrownWidth":4.0,"quality":"valid","sourceYear":2013},"geometry":{"type":"Point","coordinates":[126.99004154,37.54575502]}},{"type":"Feature","id":"street-8236","properties":{"id":"street-8236","dataset":"street","gu":"용산구","species":"은행나무","heightM":9.0,"crownWidthM":4.0,"rawHeight":9.0,"rawCrownWidth":4.0,"quality":"valid","sourceYear":2013},"geometry":{"type":"Point","coordinates":[126.9957389,37.54194563]}},{"type":"Feature","id":"street-8239","properties":{"id":"street-8239","dataset":"street","gu":"용산구","species":"은행나무","heightM":10.0,"crownWidthM":4.0,"rawHeight":10.0,"rawCrownWidth":4.0,"quality":"valid","sourceYear":2013},"geometry":{"type":"Point","coordinates":[126.99956255,37.54169329]}},{"type":"Feature","id":"street-8306","properties":{"id":"street-8306","dataset":"street","gu":"용산구","species":"은행나무","heightM":8.0,"crownWidthM":4.0,"rawHeight":8.0,"rawCrownWidth":4.0,"quality":"valid","sourceYear":2013},"geometry":{"type":"Point","coordinates":[126.99899818,37.54142522]}},{"type":"Feature","id":"street-8307","properties":{"id":"street-8307","dataset":"street","gu":"용산구","species":"은행나무","heightM":8.0,"crownWidthM":4.0,"rawHeight":8.0,"rawCrownWidth":4.0,"quality":"valid","sourceYear":2013},"geometry":{"type":"Point","coordinates":[126.99955274,37.5418892]}},{"type":"Feature","id":"street-8308","properties":{"id":"street-8308","dataset":"street","gu":"용산구","species":"은행나무","heightM":10.0,"crownWidthM":4.0,"rawHeight":10.0,"rawCrownWidth":4.0,"quality":"valid","sourceYear":2013},"geometry":{"type":"Point","coordinates":[126.99883731,37.541128]}},{"type":"Feature","id":"street-8309","properties":{"id":"street-8309","dataset":"street","gu":"용산구","species":"은행나무","heightM":9.0,"crownWidthM":4.0,"rawHeight":9.0,"rawCrownWidth":4.0,"quality":"valid","sourceYear":2013},"geometry":{"type":"Point","coordinates":[126.99642127,37.54135296]}},{"type":"Feature","id":"street-8412","properties":{"id":"street-8412","dataset":"street","gu":"용산구","species":"은행나무","heightM":8.0,"crownWidthM":4.0,"rawHeight":8.0,"rawCrownWidth":4.0,"quality":"valid","sourceYear":2013},"geometry":{"type":"Point","coordinates":[126.99105577,37.54373986]}},{"type":"Feature","id":"street-8419","properties":{"id":"street-8419","dataset":"street","gu":"용산구","species":"은행나무","heightM":8.0,"crownWidthM":4.0,"rawHeight":8.0,"rawCrownWidth":4.0,"quality":"valid","sourceYear":2013},"geometry":{"type":"Point","coordinates":[126.99253029,37.54258445]}},{"type":"Feature","id":"street-8536","properties":{"id":"street-8536","dataset":"street","gu":"용산구","species":"은행나무","heightM":9.0,"crownWidthM":4.0,"rawHeight":9.0,"rawCrownWidth":4.0,"quality":"valid","sourceYear":2013},"geometry":{"type":"Point","coordinates":[126.99067622,37.54486074]}},{"type":"Feature","id":"street-8538","properties":{"id":"street-8538","dataset":"street","gu":"용산구","species":"은행나무","heightM":9.0,"crownWidthM":4.0,"rawHeight":9.0,"rawCrownWidth":4.0,"quality":"valid","sourceYear":2013},"geometry":{"type":"Point","coordinates":[126.99544771,37.54211838]}},{"type":"Feature","id":"street-8598","properties":{"id":"street-8598","dataset":"street","gu":"용산구","species":"은행나무","heightM":8.0,"crownWidthM":4.0,"rawHeight":8.0,"rawCrownWidth":4.0,"quality":"valid","sourceYear":2013},"geometry":{"type":"Point","coordinates":[126.99130329,37.5428849]}},{"type":"Feature","id":"street-8605","properties":{"id":"street-8605","dataset":"street","gu":"용산구","species":"은행나무","heightM":9.0,"crownWidthM":3.0,"rawHeight":9.0,"rawCrownWidth":3.0,"quality":"valid","sourceYear":2013},"geometry":{"type":"Point","coordinates":[126.99123812,37.54366214]}},{"type":"Feature","id":"street-8606","properties":{"id":"street-8606","dataset":"street","gu":"용산구","species":"은행나무","heightM":9.0,"crownWidthM":4.0,"rawHeight":9.0,"rawCrownWidth":4.0,"quality":"valid","sourceYear":2013},"geometry":{"type":"Point","coordinates":[126.99435339,37.54233693]}},{"type":"Feature","id":"street-8748","properties":{"id":"street-8748","dataset":"street","gu":"용산구","species":"은행나무","heightM":9.0,"crownWidthM":4.0,"rawHeight":9.0,"rawCrownWidth":4.0,"quality":"valid","sourceYear":2013},"geometry":{"type":"Point","coordinates":[126.9940608,37.5424589]}},{"type":"Feature","id":"street-8750","properties":{"id":"street-8750","dataset":"street","gu":"용산구","species":"은행나무","heightM":8.0,"crownWidthM":4.0,"rawHeight":8.0,"rawCrownWidth":4.0,"quality":"valid","sourceYear":2013},"geometry":{"type":"Point","coordinates":[126.99138259,37.54305043]}},{"type":"Feature","id":"street-8774","properties":{"id":"street-8774","dataset":"street","gu":"용산구","species":"은행나무","heightM":8.0,"crownWidthM":4.0,"rawHeight":8.0,"rawCrownWidth":4.0,"quality":"valid","sourceYear":2013},"geometry":{"type":"Point","coordinates":[126.99125364,37.54392741]}},{"type":"Feature","id":"street-8775","properties":{"id":"street-8775","dataset":"street","gu":"용산구","species":"은행나무","heightM":8.0,"crownWidthM":4.0,"rawHeight":8.0,"rawCrownWidth":4.0,"quality":"valid","sourceYear":2013},"geometry":{"type":"Point","coordinates":[126.99110402,37.54329187]}},{"type":"Feature","id":"street-8776","properties":{"id":"street-8776","dataset":"street","gu":"용산구","species":"은행나무","heightM":10.0,"crownWidthM":4.0,"rawHeight":10.0,"rawCrownWidth":4.0,"quality":"valid","sourceYear":2013},"geometry":{"type":"Point","coordinates":[126.99107237,37.54341738]}},{"type":"Feature","id":"street-8810","properties":{"id":"street-8810","dataset":"street","gu":"용산구","species":"은행나무","heightM":9.0,"crownWidthM":4.0,"rawHeight":9.0,"rawCrownWidth":4.0,"quality":"valid","sourceYear":2013},"geometry":{"type":"Point","coordinates":[126.99276316,37.54271078]}},{"type":"Feature","id":"street-8833","properties":{"id":"street-8833","dataset":"street","gu":"용산구","species":"은행나무","heightM":9.0,"crownWidthM":3.0,"rawHeight":9.0,"rawCrownWidth":3.0,"quality":"valid","sourceYear":2013},"geometry":{"type":"Point","coordinates":[126.99127812,37.54332759]}},{"type":"Feature","id":"street-8887","properties":{"id":"street-8887","dataset":"street","gu":"용산구","species":"은행나무","heightM":9.0,"crownWidthM":4.0,"rawHeight":9.0,"rawCrownWidth":4.0,"quality":"valid","sourceYear":2013},"geometry":{"type":"Point","coordinates":[126.9967427,37.54132278]}},{"type":"Feature","id":"street-8919","properties":{"id":"street-8919","dataset":"street","gu":"용산구","species":"은행나무","heightM":9.0,"crownWidthM":4.0,"rawHeight":9.0,"rawCrownWidth":4.0,"quality":"valid","sourceYear":2013},"geometry":{"type":"Point","coordinates":[126.99979227,37.54189317]}},{"type":"Feature","id":"street-8925","properties":{"id":"street-8925","dataset":"street","gu":"용산구","species":"은행나무","heightM":9.0,"crownWidthM":4.0,"rawHeight":9.0,"rawCrownWidth":4.0,"quality":"valid","sourceYear":2013},"geometry":{"type":"Point","coordinates":[126.99074811,37.54474989]}},{"type":"Feature","id":"street-8936","properties":{"id":"street-8936","dataset":"street","gu":"용산구","species":"은행나무","heightM":8.0,"crownWidthM":4.0,"rawHeight":8.0,"rawCrownWidth":4.0,"quality":"valid","sourceYear":2013},"geometry":{"type":"Point","coordinates":[126.99915431,37.5415563]}},{"type":"Feature","id":"street-8942","properties":{"id":"street-8942","dataset":"street","gu":"용산구","species":"은행나무","heightM":8.0,"crownWidthM":4.0,"rawHeight":8.0,"rawCrownWidth":4.0,"quality":"valid","sourceYear":2013},"geometry":{"type":"Point","coordinates":[126.99843288,37.54094639]}},{"type":"Feature","id":"street-8952","properties":{"id":"street-8952","dataset":"street","gu":"용산구","species":"은행나무","heightM":9.0,"crownWidthM":4.0,"rawHeight":9.0,"rawCrownWidth":4.0,"quality":"valid","sourceYear":2013},"geometry":{"type":"Point","coordinates":[126.99692039,37.54121245]}},{"type":"Feature","id":"street-9013","properties":{"id":"street-9013","dataset":"street","gu":"용산구","species":"은행나무","heightM":9.0,"crownWidthM":4.0,"rawHeight":9.0,"rawCrownWidth":4.0,"quality":"valid","sourceYear":2013},"geometry":{"type":"Point","coordinates":[126.99600569,37.54177962]}},{"type":"Feature","id":"street-9044","properties":{"id":"street-9044","dataset":"street","gu":"용산구","species":"은행나무","heightM":8.0,"crownWidthM":4.0,"rawHeight":8.0,"rawCrownWidth":4.0,"quality":"valid","sourceYear":2013},"geometry":{"type":"Point","coordinates":[126.99096186,37.5441675]}},{"type":"Feature","id":"street-9146","properties":{"id":"street-9146","dataset":"street","gu":"용산구","species":"은행나무","heightM":8.0,"crownWidthM":4.0,"rawHeight":8.0,"rawCrownWidth":4.0,"quality":"valid","sourceYear":2013},"geometry":{"type":"Point","coordinates":[126.99932696,37.54149926]}},{"type":"Feature","id":"street-9152","properties":{"id":"street-9152","dataset":"street","gu":"용산구","species":"은행나무","heightM":10.0,"crownWidthM":4.0,"rawHeight":10.0,"rawCrownWidth":4.0,"quality":"valid","sourceYear":2013},"geometry":{"type":"Point","coordinates":[126.99657281,37.54143422]}},{"type":"Feature","id":"street-9257","properties":{"id":"street-9257","dataset":"street","gu":"용산구","species":"은행나무","heightM":9.0,"crownWidthM":4.0,"rawHeight":9.0,"rawCrownWidth":4.0,"quality":"valid","sourceYear":2013},"geometry":{"type":"Point","coordinates":[126.9922997,37.54271519]}},{"type":"Feature","id":"street-9297","properties":{"id":"street-9297","dataset":"street","gu":"용산구","species":"은행나무","heightM":9.0,"crownWidthM":4.0,"rawHeight":9.0,"rawCrownWidth":4.0,"quality":"valid","sourceYear":2013},"geometry":{"type":"Point","coordinates":[126.99513779,37.54217358]}},{"type":"Feature","id":"street-9320","properties":{"id":"street-9320","dataset":"street","gu":"용산구","species":"은행나무","heightM":8.0,"crownWidthM":4.0,"rawHeight":8.0,"rawCrownWidth":4.0,"quality":"valid","sourceYear":2013},"geometry":{"type":"Point","coordinates":[126.99853694,37.5409845]}},{"type":"Feature","id":"street-9336","properties":{"id":"street-9336","dataset":"street","gu":"용산구","species":"은행나무","heightM":9.0,"crownWidthM":4.0,"rawHeight":9.0,"rawCrownWidth":4.0,"quality":"valid","sourceYear":2013},"geometry":{"type":"Point","coordinates":[126.99367776,37.54261645]}},{"type":"Feature","id":"street-9397","properties":{"id":"street-9397","dataset":"street","gu":"용산구","species":"은행나무","heightM":9.0,"crownWidthM":4.0,"rawHeight":9.0,"rawCrownWidth":4.0,"quality":"valid","sourceYear":2013},"geometry":{"type":"Point","coordinates":[126.99532385,37.54219604]}},{"type":"Feature","id":"street-9414","properties":{"id":"street-9414","dataset":"street","gu":"용산구","species":"은행나무","heightM":9.0,"crownWidthM":4.0,"rawHeight":9.0,"rawCrownWidth":4.0,"quality":"valid","sourceYear":2013},"geometry":{"type":"Point","coordinates":[126.9954971,37.54208262]}},{"type":"Feature","id":"street-9456","properties":{"id":"street-9456","dataset":"street","gu":"용산구","species":"은행나무","heightM":9.0,"crownWidthM":4.0,"rawHeight":9.0,"rawCrownWidth":4.0,"quality":"valid","sourceYear":2013},"geometry":{"type":"Point","coordinates":[126.99963814,37.54175836]}},{"type":"Feature","id":"street-9577","properties":{"id":"street-9577","dataset":"street","gu":"용산구","species":"은행나무","heightM":8.0,"crownWidthM":4.0,"rawHeight":8.0,"rawCrownWidth":4.0,"quality":"valid","sourceYear":2013},"geometry":{"type":"Point","coordinates":[126.9912368,37.54297293]}},{"type":"Feature","id":"street-9610","properties":{"id":"street-9610","dataset":"street","gu":"용산구","species":"은행나무","heightM":10.0,"crownWidthM":4.0,"rawHeight":10.0,"rawCrownWidth":4.0,"quality":"valid","sourceYear":2013},"geometry":{"type":"Point","coordinates":[126.99592486,37.5416563]}},{"type":"Feature","id":"street-9614","properties":{"id":"street-9614","dataset":"street","gu":"용산구","species":"은행나무","heightM":9.0,"crownWidthM":3.0,"rawHeight":9.0,"rawCrownWidth":3.0,"quality":"valid","sourceYear":2013},"geometry":{"type":"Point","coordinates":[126.99094641,37.54473057]}},{"type":"Feature","id":"street-9688","properties":{"id":"street-9688","dataset":"street","gu":"용산구","species":"은행나무","heightM":10.0,"crownWidthM":4.0,"rawHeight":10.0,"rawCrownWidth":4.0,"quality":"valid","sourceYear":2013},"geometry":{"type":"Point","coordinates":[126.99164779,37.54265931]}},{"type":"Feature","id":"street-9717","properties":{"id":"street-9717","dataset":"street","gu":"용산구","species":"은행나무","heightM":9.0,"crownWidthM":4.0,"rawHeight":9.0,"rawCrownWidth":4.0,"quality":"valid","sourceYear":2013},"geometry":{"type":"Point","coordinates":[126.99045417,37.54545784]}},{"type":"Feature","id":"street-9840","properties":{"id":"street-9840","dataset":"street","gu":"용산구","species":"은행나무","heightM":10.0,"crownWidthM":3.0,"rawHeight":10.0,"rawCrownWidth":3.0,"quality":"valid","sourceYear":2013},"geometry":{"type":"Point","coordinates":[126.9913474,37.54312672]}},{"type":"Feature","id":"street-9852","properties":{"id":"street-9852","dataset":"street","gu":"용산구","species":"은행나무","heightM":9.0,"crownWidthM":4.0,"rawHeight":9.0,"rawCrownWidth":4.0,"quality":"valid","sourceYear":2013},"geometry":{"type":"Point","coordinates":[126.9935543,37.54265576]}},{"type":"Feature","id":"street-9854","properties":{"id":"street-9854","dataset":"street","gu":"용산구","species":"은행나무","heightM":8.0,"crownWidthM":4.0,"rawHeight":8.0,"rawCrownWidth":4.0,"quality":"valid","sourceYear":2013},"geometry":{"type":"Point","coordinates":[126.99573971,37.54177427]}},{"type":"Feature","id":"street-9980","properties":{"id":"street-9980","dataset":"street","gu":"용산구","species":"은행나무","heightM":8.0,"crownWidthM":4.0,"rawHeight":8.0,"rawCrownWidth":4.0,"quality":"valid","sourceYear":2013},"geometry":{"type":"Point","coordinates":[126.99106323,37.54385915]}},{"type":"Feature","id":"street-9983","properties":{"id":"street-9983","dataset":"street","gu":"용산구","species":"은행나무","heightM":9.0,"crownWidthM":4.0,"rawHeight":9.0,"rawCrownWidth":4.0,"quality":"valid","sourceYear":2013},"geometry":{"type":"Point","coordinates":[126.99416584,37.54241377]}},{"type":"Feature","id":"street-10048","properties":{"id":"street-10048","dataset":"street","gu":"용산구","species":"은행나무","heightM":9.0,"crownWidthM":3.0,"rawHeight":9.0,"rawCrownWidth":3.0,"quality":"valid","sourceYear":2013},"geometry":{"type":"Point","coordinates":[126.99159354,37.54283812]}},{"type":"Feature","id":"street-10076","properties":{"id":"street-10076","dataset":"street","gu":"용산구","species":"은행나무","heightM":9.0,"crownWidthM":4.0,"rawHeight":9.0,"rawCrownWidth":4.0,"quality":"valid","sourceYear":2013},"geometry":{"type":"Point","coordinates":[126.99105193,37.54365407]}},{"type":"Feature","id":"street-10111","properties":{"id":"street-10111","dataset":"street","gu":"용산구","species":"은행나무","heightM":8.0,"crownWidthM":4.0,"rawHeight":8.0,"rawCrownWidth":4.0,"quality":"valid","sourceYear":2013},"geometry":{"type":"Point","coordinates":[126.9938282,37.54240936]}},{"type":"Feature","id":"street-10141","properties":{"id":"street-10141","dataset":"street","gu":"용산구","species":"은행나무","heightM":10.0,"crownWidthM":4.0,"rawHeight":10.0,"rawCrownWidth":4.0,"quality":"valid","sourceYear":2013},"geometry":{"type":"Point","coordinates":[126.99616449,37.54168253]}},{"type":"Feature","id":"street-10197","properties":{"id":"street-10197","dataset":"street","gu":"용산구","species":"은행나무","heightM":9.0,"crownWidthM":4.0,"rawHeight":9.0,"rawCrownWidth":4.0,"quality":"valid","sourceYear":2013},"geometry":{"type":"Point","coordinates":[126.99173956,37.54263198]}},{"type":"Feature","id":"street-10349","properties":{"id":"street-10349","dataset":"street","gu":"용산구","species":"은행나무","heightM":9.0,"crownWidthM":4.0,"rawHeight":9.0,"rawCrownWidth":4.0,"quality":"valid","sourceYear":2013},"geometry":{"type":"Point","coordinates":[126.99032551,37.54534013]}},{"type":"Feature","id":"street-10373","properties":{"id":"street-10373","dataset":"street","gu":"용산구","species":"은행나무","heightM":8.0,"crownWidthM":4.0,"rawHeight":8.0,"rawCrownWidth":4.0,"quality":"valid","sourceYear":2013},"geometry":{"type":"Point","coordinates":[126.99523557,37.54201031]}},{"type":"Feature","id":"street-10391","properties":{"id":"street-10391","dataset":"street","gu":"용산구","species":"은행나무","heightM":9.0,"crownWidthM":4.0,"rawHeight":9.0,"rawCrownWidth":4.0,"quality":"valid","sourceYear":2013},"geometry":{"type":"Point","coordinates":[126.9900624,37.54555331]}},{"type":"Feature","id":"street-10407","properties":{"id":"street-10407","dataset":"street","gu":"용산구","species":"은행나무","heightM":8.0,"crownWidthM":4.0,"rawHeight":8.0,"rawCrownWidth":4.0,"quality":"valid","sourceYear":2013},"geometry":{"type":"Point","coordinates":[126.99149627,37.54271307]}},{"type":"Feature","id":"street-10435","properties":{"id":"street-10435","dataset":"street","gu":"용산구","species":"은행나무","heightM":9.0,"crownWidthM":4.0,"rawHeight":9.0,"rawCrownWidth":4.0,"quality":"valid","sourceYear":2013},"geometry":{"type":"Point","coordinates":[126.9949353,37.54206601]}},{"type":"Feature","id":"street-10473","properties":{"id":"street-10473","dataset":"street","gu":"용산구","species":"은행나무","heightM":8.0,"crownWidthM":4.0,"rawHeight":8.0,"rawCrownWidth":4.0,"quality":"valid","sourceYear":2013},"geometry":{"type":"Point","coordinates":[126.99119314,37.54430189]}},{"type":"Feature","id":"street-10474","properties":{"id":"street-10474","dataset":"street","gu":"용산구","species":"은행나무","heightM":9.0,"crownWidthM":4.0,"rawHeight":9.0,"rawCrownWidth":4.0,"quality":"valid","sourceYear":2013},"geometry":{"type":"Point","coordinates":[126.99844196,37.54111125]}},{"type":"Feature","id":"street-10476","properties":{"id":"street-10476","dataset":"street","gu":"용산구","species":"은행나무","heightM":9.0,"crownWidthM":4.0,"rawHeight":9.0,"rawCrownWidth":4.0,"quality":"valid","sourceYear":2013},"geometry":{"type":"Point","coordinates":[126.99201841,37.54272329]}},{"type":"Feature","id":"street-10493","properties":{"id":"street-10493","dataset":"street","gu":"용산구","species":"은행나무","heightM":8.0,"crownWidthM":4.0,"rawHeight":8.0,"rawCrownWidth":4.0,"quality":"valid","sourceYear":2013},"geometry":{"type":"Point","coordinates":[126.99582624,37.54171853]}},{"type":"Feature","id":"street-10497","properties":{"id":"street-10497","dataset":"street","gu":"용산구","species":"은행나무","heightM":8.0,"crownWidthM":4.0,"rawHeight":8.0,"rawCrownWidth":4.0,"quality":"valid","sourceYear":2013},"geometry":{"type":"Point","coordinates":[126.99415139,37.54226189]}},{"type":"Feature","id":"street-10502","properties":{"id":"street-10502","dataset":"street","gu":"용산구","species":"은행나무","heightM":8.0,"crownWidthM":4.0,"rawHeight":8.0,"rawCrownWidth":4.0,"quality":"valid","sourceYear":2013},"geometry":{"type":"Point","coordinates":[126.99600471,37.54160663]}},{"type":"Feature","id":"street-10592","properties":{"id":"street-10592","dataset":"street","gu":"용산구","species":"은행나무","heightM":9.0,"crownWidthM":4.0,"rawHeight":9.0,"rawCrownWidth":4.0,"quality":"valid","sourceYear":2013},"geometry":{"type":"Point","coordinates":[126.99777957,37.54099371]}},{"type":"Feature","id":"street-10599","properties":{"id":"street-10599","dataset":"street","gu":"용산구","species":"은행나무","heightM":9.0,"crownWidthM":4.0,"rawHeight":9.0,"rawCrownWidth":4.0,"quality":"valid","sourceYear":2013},"geometry":{"type":"Point","coordinates":[126.99682741,37.54126852]}},{"type":"Feature","id":"street-10627","properties":{"id":"street-10627","dataset":"street","gu":"용산구","species":"은행나무","heightM":8.0,"crownWidthM":4.0,"rawHeight":8.0,"rawCrownWidth":4.0,"quality":"valid","sourceYear":2013},"geometry":{"type":"Point","coordinates":[126.99091083,37.54444788]}},{"type":"Feature","id":"street-10726","properties":{"id":"street-10726","dataset":"street","gu":"용산구","species":"은행나무","heightM":9.0,"crownWidthM":4.0,"rawHeight":9.0,"rawCrownWidth":4.0,"quality":"valid","sourceYear":2013},"geometry":{"type":"Point","coordinates":[126.9929639,37.54271359]}},{"type":"Feature","id":"street-10881","properties":{"id":"street-10881","dataset":"street","gu":"용산구","species":"은행나무","heightM":8.0,"crownWidthM":4.0,"rawHeight":8.0,"rawCrownWidth":4.0,"quality":"valid","sourceYear":2013},"geometry":{"type":"Point","coordinates":[126.99117069,37.54311553]}},{"type":"Feature","id":"street-10901","properties":{"id":"street-10901","dataset":"street","gu":"용산구","species":"은행나무","heightM":8.0,"crownWidthM":4.0,"rawHeight":8.0,"rawCrownWidth":4.0,"quality":"valid","sourceYear":2013},"geometry":{"type":"Point","coordinates":[126.99533389,37.54198364]}},{"type":"Feature","id":"street-10910","properties":{"id":"street-10910","dataset":"street","gu":"용산구","species":"은행나무","heightM":8.0,"crownWidthM":4.0,"rawHeight":8.0,"rawCrownWidth":4.0,"quality":"valid","sourceYear":2013},"geometry":{"type":"Point","coordinates":[126.99285507,37.54257982]}},{"type":"Feature","id":"street-10976","properties":{"id":"street-10976","dataset":"street","gu":"용산구","species":"은행나무","heightM":9.0,"crownWidthM":3.0,"rawHeight":9.0,"rawCrownWidth":3.0,"quality":"valid","sourceYear":2013},"geometry":{"type":"Point","coordinates":[126.99025073,37.54561591]}},{"type":"Feature","id":"street-10985","properties":{"id":"street-10985","dataset":"street","gu":"용산구","species":"은행나무","heightM":8.0,"crownWidthM":4.0,"rawHeight":8.0,"rawCrownWidth":4.0,"quality":"valid","sourceYear":2013},"geometry":{"type":"Point","coordinates":[126.99479731,37.54209228]}},{"type":"Feature","id":"street-10995","properties":{"id":"street-10995","dataset":"street","gu":"용산구","species":"은행나무","heightM":9.0,"crownWidthM":4.0,"rawHeight":9.0,"rawCrownWidth":4.0,"quality":"valid","sourceYear":2013},"geometry":{"type":"Point","coordinates":[126.99108151,37.54338123]}},{"type":"Feature","id":"street-11062","properties":{"id":"street-11062","dataset":"street","gu":"용산구","species":"은행나무","heightM":8.0,"crownWidthM":4.0,"rawHeight":8.0,"rawCrownWidth":4.0,"quality":"valid","sourceYear":2013},"geometry":{"type":"Point","coordinates":[126.99901049,37.54123855]}},{"type":"Feature","id":"street-11148","properties":{"id":"street-11148","dataset":"street","gu":"용산구","species":"은행나무","heightM":8.0,"crownWidthM":4.0,"rawHeight":8.0,"rawCrownWidth":4.0,"quality":"valid","sourceYear":2013},"geometry":{"type":"Point","coordinates":[126.9972431,37.54108617]}},{"type":"Feature","id":"street-11161","properties":{"id":"street-11161","dataset":"street","gu":"용산구","species":"은행나무","heightM":8.0,"crownWidthM":4.0,"rawHeight":8.0,"rawCrownWidth":4.0,"quality":"valid","sourceYear":2013},"geometry":{"type":"Point","coordinates":[126.9999385,37.54220858]}},{"type":"Feature","id":"street-11210","properties":{"id":"street-11210","dataset":"street","gu":"용산구","species":"은행나무","heightM":8.0,"crownWidthM":4.0,"rawHeight":8.0,"rawCrownWidth":4.0,"quality":"valid","sourceYear":2013},"geometry":{"type":"Point","coordinates":[126.99249483,37.54258636]}},{"type":"Feature","id":"street-11213","properties":{"id":"street-11213","dataset":"street","gu":"용산구","species":"은행나무","heightM":8.0,"crownWidthM":4.0,"rawHeight":8.0,"rawCrownWidth":4.0,"quality":"valid","sourceYear":2013},"geometry":{"type":"Point","coordinates":[126.99703881,37.54115621]}},{"type":"Feature","id":"street-11215","properties":{"id":"street-11215","dataset":"street","gu":"용산구","species":"은행나무","heightM":9.0,"crownWidthM":4.0,"rawHeight":9.0,"rawCrownWidth":4.0,"quality":"valid","sourceYear":2013},"geometry":{"type":"Point","coordinates":[126.99638551,37.54154921]}},{"type":"Feature","id":"street-11221","properties":{"id":"street-11221","dataset":"street","gu":"용산구","species":"은행나무","heightM":8.0,"crownWidthM":4.0,"rawHeight":8.0,"rawCrownWidth":4.0,"quality":"valid","sourceYear":2013},"geometry":{"type":"Point","coordinates":[126.99151795,37.54289121]}},{"type":"Feature","id":"street-11250","properties":{"id":"street-11250","dataset":"street","gu":"용산구","species":"은행나무","heightM":9.0,"crownWidthM":4.0,"rawHeight":9.0,"rawCrownWidth":4.0,"quality":"valid","sourceYear":2013},"geometry":{"type":"Point","coordinates":[126.99042185,37.54523819]}},{"type":"Feature","id":"street-11285","properties":{"id":"street-11285","dataset":"street","gu":"용산구","species":"은행나무","heightM":8.0,"crownWidthM":4.0,"rawHeight":8.0,"rawCrownWidth":4.0,"quality":"valid","sourceYear":2013},"geometry":{"type":"Point","coordinates":[126.99238243,37.54258641]}},{"type":"Feature","id":"street-11290","properties":{"id":"street-11290","dataset":"street","gu":"용산구","species":"은행나무","heightM":8.0,"crownWidthM":4.0,"rawHeight":8.0,"rawCrownWidth":4.0,"quality":"valid","sourceYear":2013},"geometry":{"type":"Point","coordinates":[126.99466635,37.54211467]}},{"type":"Feature","id":"street-11306","properties":{"id":"street-11306","dataset":"street","gu":"용산구","species":"은행나무","heightM":8.0,"crownWidthM":4.0,"rawHeight":8.0,"rawCrownWidth":4.0,"quality":"valid","sourceYear":2013},"geometry":{"type":"Point","coordinates":[126.99291563,37.54257531]}},{"type":"Feature","id":"street-11376","properties":{"id":"street-11376","dataset":"street","gu":"용산구","species":"은행나무","heightM":8.0,"crownWidthM":4.0,"rawHeight":8.0,"rawCrownWidth":4.0,"quality":"valid","sourceYear":2013},"geometry":{"type":"Point","coordinates":[126.99659483,37.54110227]}},{"type":"Feature","id":"street-11391","properties":{"id":"street-11391","dataset":"street","gu":"용산구","species":"은행나무","heightM":9.0,"crownWidthM":4.0,"rawHeight":9.0,"rawCrownWidth":4.0,"quality":"valid","sourceYear":2013},"geometry":{"type":"Point","coordinates":[126.99714586,37.54111442]}},{"type":"Feature","id":"street-11451","properties":{"id":"street-11451","dataset":"street","gu":"용산구","species":"은행나무","heightM":9.0,"crownWidthM":4.0,"rawHeight":9.0,"rawCrownWidth":4.0,"quality":"valid","sourceYear":2013},"geometry":{"type":"Point","coordinates":[126.99609176,37.54172797]}},{"type":"Feature","id":"street-11452","properties":{"id":"street-11452","dataset":"street","gu":"용산구","species":"은행나무","heightM":8.0,"crownWidthM":4.0,"rawHeight":8.0,"rawCrownWidth":4.0,"quality":"valid","sourceYear":2013},"geometry":{"type":"Point","coordinates":[126.99487182,37.54207975]}},{"type":"Feature","id":"street-11467","properties":{"id":"street-11467","dataset":"street","gu":"용산구","species":"은행나무","heightM":9.0,"crownWidthM":4.0,"rawHeight":9.0,"rawCrownWidth":4.0,"quality":"valid","sourceYear":2013},"geometry":{"type":"Point","coordinates":[126.99568221,37.5419827]}},{"type":"Feature","id":"street-11476","properties":{"id":"street-11476","dataset":"street","gu":"용산구","species":"은행나무","heightM":10.0,"crownWidthM":4.0,"rawHeight":10.0,"rawCrownWidth":4.0,"quality":"valid","sourceYear":2013},"geometry":{"type":"Point","coordinates":[126.99307245,37.5427098]}},{"type":"Feature","id":"street-11489","properties":{"id":"street-11489","dataset":"street","gu":"용산구","species":"은행나무","heightM":9.0,"crownWidthM":4.0,"rawHeight":9.0,"rawCrownWidth":4.0,"quality":"valid","sourceYear":2013},"geometry":{"type":"Point","coordinates":[126.99924666,37.54143327]}},{"type":"Feature","id":"street-11499","properties":{"id":"street-11499","dataset":"street","gu":"용산구","species":"은행나무","heightM":9.0,"crownWidthM":4.0,"rawHeight":9.0,"rawCrownWidth":4.0,"quality":"valid","sourceYear":2013},"geometry":{"type":"Point","coordinates":[126.99210258,37.54272262]}},{"type":"Feature","id":"street-11510","properties":{"id":"street-11510","dataset":"street","gu":"용산구","species":"은행나무","heightM":9.0,"crownWidthM":3.0,"rawHeight":9.0,"rawCrownWidth":3.0,"quality":"valid","sourceYear":2013},"geometry":{"type":"Point","coordinates":[126.99122422,37.54422159]}},{"type":"Feature","id":"street-11575","properties":{"id":"street-11575","dataset":"street","gu":"용산구","species":"은행나무","heightM":8.0,"crownWidthM":4.0,"rawHeight":8.0,"rawCrownWidth":4.0,"quality":"valid","sourceYear":2013},"geometry":{"type":"Point","coordinates":[126.99228281,37.5425974]}},{"type":"Feature","id":"street-11598","properties":{"id":"street-11598","dataset":"street","gu":"용산구","species":"은행나무","heightM":9.0,"crownWidthM":4.0,"rawHeight":9.0,"rawCrownWidth":4.0,"quality":"valid","sourceYear":2013},"geometry":{"type":"Point","coordinates":[126.99456919,37.5421364]}},{"type":"Feature","id":"street-11603","properties":{"id":"street-11603","dataset":"street","gu":"용산구","species":"은행나무","heightM":9.0,"crownWidthM":4.0,"rawHeight":9.0,"rawCrownWidth":4.0,"quality":"valid","sourceYear":2013},"geometry":{"type":"Point","coordinates":[126.99071665,37.54480353]}},{"type":"Feature","id":"street-11622","properties":{"id":"street-11622","dataset":"street","gu":"용산구","species":"은행나무","heightM":9.0,"crownWidthM":3.0,"rawHeight":9.0,"rawCrownWidth":3.0,"quality":"valid","sourceYear":2013},"geometry":{"type":"Point","coordinates":[126.99126284,37.54401393]}},{"type":"Feature","id":"street-11623","properties":{"id":"street-11623","dataset":"street","gu":"용산구","species":"은행나무","heightM":8.0,"crownWidthM":4.0,"rawHeight":8.0,"rawCrownWidth":4.0,"quality":"valid","sourceYear":2013},"geometry":{"type":"Point","coordinates":[126.99198207,37.54258852]}},{"type":"Feature","id":"street-11630","properties":{"id":"street-11630","dataset":"street","gu":"용산구","species":"은행나무","heightM":9.0,"crownWidthM":4.0,"rawHeight":9.0,"rawCrownWidth":4.0,"quality":"valid","sourceYear":2013},"geometry":{"type":"Point","coordinates":[126.99564002,37.54201195]}},{"type":"Feature","id":"street-11638","properties":{"id":"street-11638","dataset":"street","gu":"용산구","species":"은행나무","heightM":9.0,"crownWidthM":4.0,"rawHeight":9.0,"rawCrownWidth":4.0,"quality":"valid","sourceYear":2013},"geometry":{"type":"Point","coordinates":[126.99078405,37.54468552]}},{"type":"Feature","id":"street-11843","properties":{"id":"street-11843","dataset":"street","gu":"용산구","species":"은행나무","heightM":8.0,"crownWidthM":4.0,"rawHeight":8.0,"rawCrownWidth":4.0,"quality":"valid","sourceYear":2013},"geometry":{"type":"Point","coordinates":[126.99355923,37.54250625]}},{"type":"Feature","id":"street-11853","properties":{"id":"street-11853","dataset":"street","gu":"용산구","species":"은행나무","heightM":9.0,"crownWidthM":4.0,"rawHeight":9.0,"rawCrownWidth":4.0,"quality":"valid","sourceYear":2013},"geometry":{"type":"Point","coordinates":[126.99060882,37.54496802]}},{"type":"Feature","id":"street-11855","properties":{"id":"street-11855","dataset":"street","gu":"용산구","species":"은행나무","heightM":9.0,"crownWidthM":4.0,"rawHeight":9.0,"rawCrownWidth":4.0,"quality":"valid","sourceYear":2013},"geometry":{"type":"Point","coordinates":[126.99049287,37.54511565]}},{"type":"Feature","id":"street-11883","properties":{"id":"street-11883","dataset":"street","gu":"용산구","species":"은행나무","heightM":9.0,"crownWidthM":4.0,"rawHeight":9.0,"rawCrownWidth":4.0,"quality":"valid","sourceYear":2013},"geometry":{"type":"Point","coordinates":[126.99450068,37.54230026]}},{"type":"Feature","id":"street-11888","properties":{"id":"street-11888","dataset":"street","gu":"용산구","species":"은행나무","heightM":8.0,"crownWidthM":4.0,"rawHeight":8.0,"rawCrownWidth":4.0,"quality":"valid","sourceYear":2013},"geometry":{"type":"Point","coordinates":[126.9966219,37.54101308]}},{"type":"Feature","id":"street-11903","properties":{"id":"street-11903","dataset":"street","gu":"용산구","species":"은행나무","heightM":8.0,"crownWidthM":4.0,"rawHeight":8.0,"rawCrownWidth":4.0,"quality":"valid","sourceYear":2013},"geometry":{"type":"Point","coordinates":[126.99978574,37.54208124]}},{"type":"Feature","id":"street-11913","properties":{"id":"street-11913","dataset":"street","gu":"용산구","species":"은행나무","heightM":8.0,"crownWidthM":4.0,"rawHeight":8.0,"rawCrownWidth":4.0,"quality":"valid","sourceYear":2013},"geometry":{"type":"Point","coordinates":[126.99013036,37.54550761]}},{"type":"Feature","id":"street-11931","properties":{"id":"street-11931","dataset":"street","gu":"용산구","species":"은행나무","heightM":8.0,"crownWidthM":4.0,"rawHeight":8.0,"rawCrownWidth":4.0,"quality":"valid","sourceYear":2013},"geometry":{"type":"Point","coordinates":[126.99762479,37.54120743]}},{"type":"Feature","id":"street-11935","properties":{"id":"street-11935","dataset":"street","gu":"용산구","species":"은행나무","heightM":8.0,"crownWidthM":4.0,"rawHeight":8.0,"rawCrownWidth":4.0,"quality":"valid","sourceYear":2013},"geometry":{"type":"Point","coordinates":[126.99614032,37.54152987]}},{"type":"Feature","id":"street-11955","properties":{"id":"street-11955","dataset":"street","gu":"용산구","species":"은행나무","heightM":9.0,"crownWidthM":4.0,"rawHeight":9.0,"rawCrownWidth":4.0,"quality":"valid","sourceYear":2013},"geometry":{"type":"Point","coordinates":[126.99947059,37.54182206]}},{"type":"Feature","id":"street-12018","properties":{"id":"street-12018","dataset":"street","gu":"용산구","species":"은행나무","heightM":8.0,"crownWidthM":4.0,"rawHeight":8.0,"rawCrownWidth":4.0,"quality":"valid","sourceYear":2013},"geometry":{"type":"Point","coordinates":[126.99425081,37.54222811]}},{"type":"Feature","id":"street-12193","properties":{"id":"street-12193","dataset":"street","gu":"용산구","species":"은행나무","heightM":9.0,"crownWidthM":4.0,"rawHeight":9.0,"rawCrownWidth":4.0,"quality":"valid","sourceYear":2013},"geometry":{"type":"Point","coordinates":[126.99396197,37.54249465]}},{"type":"Feature","id":"street-12202","properties":{"id":"street-12202","dataset":"street","gu":"용산구","species":"은행나무","heightM":8.0,"crownWidthM":4.0,"rawHeight":8.0,"rawCrownWidth":4.0,"quality":"valid","sourceYear":2013},"geometry":{"type":"Point","coordinates":[126.99854839,37.54115305]}},{"type":"Feature","id":"street-12203","properties":{"id":"street-12203","dataset":"street","gu":"용산구","species":"은행나무","heightM":8.0,"crownWidthM":4.0,"rawHeight":8.0,"rawCrownWidth":4.0,"quality":"valid","sourceYear":2013},"geometry":{"type":"Point","coordinates":[126.99989072,37.541975]}},{"type":"Feature","id":"street-12204","properties":{"id":"street-12204","dataset":"street","gu":"용산구","species":"은행나무","heightM":8.0,"crownWidthM":4.0,"rawHeight":8.0,"rawCrownWidth":4.0,"quality":"valid","sourceYear":2013},"geometry":{"type":"Point","coordinates":[126.99404697,37.54230731]}},{"type":"Feature","id":"street-12219","properties":{"id":"street-12219","dataset":"street","gu":"용산구","species":"은행나무","heightM":9.0,"crownWidthM":4.0,"rawHeight":9.0,"rawCrownWidth":4.0,"quality":"valid","sourceYear":2013},"geometry":{"type":"Point","coordinates":[126.9966688,37.54137495]}},{"type":"Feature","id":"street-12220","properties":{"id":"street-12220","dataset":"street","gu":"용산구","species":"은행나무","heightM":10.0,"crownWidthM":4.0,"rawHeight":10.0,"rawCrownWidth":4.0,"quality":"valid","sourceYear":2013},"geometry":{"type":"Point","coordinates":[126.99791859,37.54085068]}},{"type":"Feature","id":"street-12555","properties":{"id":"street-12555","dataset":"street","gu":"용산구","species":"은행나무","heightM":9.0,"crownWidthM":4.0,"rawHeight":9.0,"rawCrownWidth":4.0,"quality":"valid","sourceYear":2013},"geometry":{"type":"Point","coordinates":[126.99939896,37.54175537]}},{"type":"Feature","id":"street-12566","properties":{"id":"street-12566","dataset":"street","gu":"용산구","species":"은행나무","heightM":10.0,"crownWidthM":4.0,"rawHeight":10.0,"rawCrownWidth":4.0,"quality":"valid","sourceYear":2013},"geometry":{"type":"Point","coordinates":[126.99503118,37.54205035]}},{"type":"Feature","id":"street-12567","properties":{"id":"street-12567","dataset":"street","gu":"용산구","species":"은행나무","heightM":8.0,"crownWidthM":4.0,"rawHeight":8.0,"rawCrownWidth":4.0,"quality":"valid","sourceYear":2013},"geometry":{"type":"Point","coordinates":[126.9910655,37.54401718]}},{"type":"Feature","id":"street-12814","properties":{"id":"street-12814","dataset":"street","gu":"용산구","species":"은행나무","heightM":8.0,"crownWidthM":4.0,"rawHeight":8.0,"rawCrownWidth":4.0,"quality":"valid","sourceYear":2013},"geometry":{"type":"Point","coordinates":[126.9910537,37.54412929]}},{"type":"Feature","id":"street-12824","properties":{"id":"street-12824","dataset":"street","gu":"용산구","species":"은행나무","heightM":9.0,"crownWidthM":3.0,"rawHeight":9.0,"rawCrownWidth":3.0,"quality":"valid","sourceYear":2013},"geometry":{"type":"Point","coordinates":[126.9901011,37.54571876]}},{"type":"Feature","id":"street-12825","properties":{"id":"street-12825","dataset":"street","gu":"용산구","species":"은행나무","heightM":8.0,"crownWidthM":4.0,"rawHeight":8.0,"rawCrownWidth":4.0,"quality":"valid","sourceYear":2013},"geometry":{"type":"Point","coordinates":[126.99864907,37.54119867]}},{"type":"Feature","id":"street-12912","properties":{"id":"street-12912","dataset":"street","gu":"용산구","species":"은행나무","heightM":8.0,"crownWidthM":4.0,"rawHeight":8.0,"rawCrownWidth":4.0,"quality":"valid","sourceYear":2013},"geometry":{"type":"Point","coordinates":[126.99917239,37.54136933]}},{"type":"Feature","id":"street-13004","properties":{"id":"street-13004","dataset":"street","gu":"용산구","species":"은행나무","heightM":9.0,"crownWidthM":4.0,"rawHeight":9.0,"rawCrownWidth":4.0,"quality":"valid","sourceYear":2013},"geometry":{"type":"Point","coordinates":[126.9989177,37.54118087]}},{"type":"Feature","id":"street-13008","properties":{"id":"street-13008","dataset":"street","gu":"용산구","species":"은행나무","heightM":9.0,"crownWidthM":4.0,"rawHeight":9.0,"rawCrownWidth":4.0,"quality":"valid","sourceYear":2013},"geometry":{"type":"Point","coordinates":[126.99592645,37.54182956]}},{"type":"Feature","id":"street-13280","properties":{"id":"street-13280","dataset":"street","gu":"용산구","species":"은행나무","heightM":8.0,"crownWidthM":4.0,"rawHeight":8.0,"rawCrownWidth":4.0,"quality":"valid","sourceYear":2013},"geometry":{"type":"Point","coordinates":[126.99949058,37.54163417]}},{"type":"Feature","id":"street-13287","properties":{"id":"street-13287","dataset":"street","gu":"용산구","species":"은행나무","heightM":8.0,"crownWidthM":4.0,"rawHeight":8.0,"rawCrownWidth":4.0,"quality":"valid","sourceYear":2013},"geometry":{"type":"Point","coordinates":[126.99121569,37.54303687]}},{"type":"Feature","id":"street-13610","properties":{"id":"street-13610","dataset":"street","gu":"용산구","species":"은행나무","heightM":8.0,"crownWidthM":4.0,"rawHeight":8.0,"rawCrownWidth":4.0,"quality":"valid","sourceYear":2013},"geometry":{"type":"Point","coordinates":[126.99187417,37.54260287]}},{"type":"Feature","id":"street-13775","properties":{"id":"street-13775","dataset":"street","gu":"용산구","species":"은행나무","heightM":9.0,"crownWidthM":4.0,"rawHeight":9.0,"rawCrownWidth":4.0,"quality":"valid","sourceYear":2013},"geometry":{"type":"Point","coordinates":[126.99170413,37.54278575]}},{"type":"Feature","id":"street-13776","properties":{"id":"street-13776","dataset":"street","gu":"용산구","species":"은행나무","heightM":8.0,"crownWidthM":4.0,"rawHeight":8.0,"rawCrownWidth":4.0,"quality":"valid","sourceYear":2013},"geometry":{"type":"Point","coordinates":[126.99873915,37.54107747]}},{"type":"Feature","id":"street-13777","properties":{"id":"street-13777","dataset":"street","gu":"용산구","species":"은행나무","heightM":9.0,"crownWidthM":4.0,"rawHeight":9.0,"rawCrownWidth":4.0,"quality":"valid","sourceYear":2013},"geometry":{"type":"Point","coordinates":[126.99000276,37.54559259]}},{"type":"Feature","id":"street-13960","properties":{"id":"street-13960","dataset":"street","gu":"용산구","species":"은행나무","heightM":8.0,"crownWidthM":4.0,"rawHeight":8.0,"rawCrownWidth":4.0,"quality":"valid","sourceYear":2013},"geometry":{"type":"Point","coordinates":[126.99985839,37.54214721]}},{"type":"Feature","id":"street-13973","properties":{"id":"street-13973","dataset":"street","gu":"용산구","species":"은행나무","heightM":9.0,"crownWidthM":4.0,"rawHeight":9.0,"rawCrownWidth":4.0,"quality":"valid","sourceYear":2013},"geometry":{"type":"Point","coordinates":[126.99647746,37.54149397]}},{"type":"Feature","id":"street-14042","properties":{"id":"street-14042","dataset":"street","gu":"용산구","species":"은행나무","heightM":8.0,"crownWidthM":3.0,"rawHeight":8.0,"rawCrownWidth":3.0,"quality":"valid","sourceYear":2013},"geometry":{"type":"Point","coordinates":[126.99105923,37.54455985]}},{"type":"Feature","id":"street-14051","properties":{"id":"street-14051","dataset":"street","gu":"용산구","species":"은행나무","heightM":8.0,"crownWidthM":3.0,"rawHeight":8.0,"rawCrownWidth":3.0,"quality":"valid","sourceYear":2013},"geometry":{"type":"Point","coordinates":[126.99050788,37.54540799]}},{"type":"Feature","id":"street-14354","properties":{"id":"street-14354","dataset":"street","gu":"용산구","species":"은행나무","heightM":8.0,"crownWidthM":4.0,"rawHeight":8.0,"rawCrownWidth":4.0,"quality":"valid","sourceYear":2013},"geometry":{"type":"Point","coordinates":[126.99822215,37.5408617]}},{"type":"Feature","id":"street-14377","properties":{"id":"street-14377","dataset":"street","gu":"용산구","species":"은행나무","heightM":8.0,"crownWidthM":4.0,"rawHeight":8.0,"rawCrownWidth":4.0,"quality":"valid","sourceYear":2013},"geometry":{"type":"Point","coordinates":[126.99280911,37.54257965]}},{"type":"Feature","id":"street-14508","properties":{"id":"street-14508","dataset":"street","gu":"용산구","species":"은행나무","heightM":9.0,"crownWidthM":4.0,"rawHeight":9.0,"rawCrownWidth":4.0,"quality":"valid","sourceYear":2013},"geometry":{"type":"Point","coordinates":[126.99049287,37.54511565]}},{"type":"Feature","id":"street-14513","properties":{"id":"street-14513","dataset":"street","gu":"용산구","species":"은행나무","heightM":10.0,"crownWidthM":4.0,"rawHeight":10.0,"rawCrownWidth":4.0,"quality":"valid","sourceYear":2013},"geometry":{"type":"Point","coordinates":[126.99762381,37.54114233]}},{"type":"Feature","id":"street-14631","properties":{"id":"street-14631","dataset":"street","gu":"용산구","species":"은행나무","heightM":10.0,"crownWidthM":4.0,"rawHeight":10.0,"rawCrownWidth":4.0,"quality":"valid","sourceYear":2013},"geometry":{"type":"Point","coordinates":[126.9977002,37.54121016]}},{"type":"Feature","id":"street-14649","properties":{"id":"street-14649","dataset":"street","gu":"용산구","species":"은행나무","heightM":9.0,"crownWidthM":4.0,"rawHeight":9.0,"rawCrownWidth":4.0,"quality":"valid","sourceYear":2013},"geometry":{"type":"Point","coordinates":[126.99319348,37.54270748]}},{"type":"Feature","id":"street-14747","properties":{"id":"street-14747","dataset":"street","gu":"용산구","species":"은행나무","heightM":9.0,"crownWidthM":4.0,"rawHeight":9.0,"rawCrownWidth":4.0,"quality":"valid","sourceYear":2013},"geometry":{"type":"Point","coordinates":[126.99113353,37.543206]}},{"type":"Feature","id":"street-14797","properties":{"id":"street-14797","dataset":"street","gu":"용산구","species":"은행나무","heightM":10.0,"crownWidthM":4.0,"rawHeight":10.0,"rawCrownWidth":4.0,"quality":"valid","sourceYear":2013},"geometry":{"type":"Point","coordinates":[126.9974425,37.54088575]}},{"type":"Feature","id":"street-14827","properties":{"id":"street-14827","dataset":"street","gu":"용산구","species":"은행나무","heightM":9.0,"crownWidthM":4.0,"rawHeight":9.0,"rawCrownWidth":4.0,"quality":"valid","sourceYear":2013},"geometry":{"type":"Point","coordinates":[126.99057287,37.54502166]}},{"type":"Feature","id":"street-14832","properties":{"id":"street-14832","dataset":"street","gu":"용산구","species":"은행나무","heightM":9.0,"crownWidthM":4.0,"rawHeight":9.0,"rawCrownWidth":4.0,"quality":"valid","sourceYear":2013},"geometry":{"type":"Point","coordinates":[126.99031411,37.54556548]}},{"type":"Feature","id":"street-14833","properties":{"id":"street-14833","dataset":"street","gu":"용산구","species":"은행나무","heightM":8.0,"crownWidthM":4.0,"rawHeight":8.0,"rawCrownWidth":4.0,"quality":"valid","sourceYear":2013},"geometry":{"type":"Point","coordinates":[126.99634323,37.54140165]}},{"type":"Feature","id":"street-14862","properties":{"id":"street-14862","dataset":"street","gu":"용산구","species":"은행나무","heightM":8.0,"crownWidthM":4.0,"rawHeight":8.0,"rawCrownWidth":4.0,"quality":"valid","sourceYear":2013},"geometry":{"type":"Point","coordinates":[126.99833437,37.54090809]}},{"type":"Feature","id":"street-14932","properties":{"id":"street-14932","dataset":"street","gu":"용산구","species":"은행나무","heightM":9.0,"crownWidthM":4.0,"rawHeight":9.0,"rawCrownWidth":4.0,"quality":"valid","sourceYear":2013},"geometry":{"type":"Point","coordinates":[126.99073567,37.54507762]}},{"type":"Feature","id":"street-15214","properties":{"id":"street-15214","dataset":"street","gu":"용산구","species":"은행나무","heightM":8.0,"crownWidthM":4.0,"rawHeight":8.0,"rawCrownWidth":4.0,"quality":"valid","sourceYear":2013},"geometry":{"type":"Point","coordinates":[126.99812773,37.54101533]}},{"type":"Feature","id":"street-15587","properties":{"id":"street-15587","dataset":"street","gu":"용산구","species":"은행나무","heightM":8.0,"crownWidthM":4.0,"rawHeight":8.0,"rawCrownWidth":4.0,"quality":"valid","sourceYear":2013},"geometry":{"type":"Point","coordinates":[126.99489632,37.54207634]}},{"type":"Feature","id":"street-15648","properties":{"id":"street-15648","dataset":"street","gu":"용산구","species":"은행나무","heightM":9.0,"crownWidthM":4.0,"rawHeight":9.0,"rawCrownWidth":4.0,"quality":"valid","sourceYear":2013},"geometry":{"type":"Point","coordinates":[126.99253215,37.54271371]}},{"type":"Feature","id":"street-15964","properties":{"id":"street-15964","dataset":"street","gu":"용산구","species":"은행나무","heightM":8.0,"crownWidthM":4.0,"rawHeight":8.0,"rawCrownWidth":4.0,"quality":"valid","sourceYear":2013},"geometry":{"type":"Point","coordinates":[126.99019846,37.54545562]}},{"type":"Feature","id":"street-16303","properties":{"id":"street-16303","dataset":"street","gu":"용산구","species":"은행나무","heightM":8.0,"crownWidthM":4.0,"rawHeight":8.0,"rawCrownWidth":4.0,"quality":"valid","sourceYear":2013},"geometry":{"type":"Point","coordinates":[126.99025918,37.54540588]}},{"type":"Feature","id":"street-16620","properties":{"id":"street-16620","dataset":"street","gu":"용산구","species":"은행나무","heightM":8.0,"crownWidthM":4.0,"rawHeight":8.0,"rawCrownWidth":4.0,"quality":"valid","sourceYear":2013},"geometry":{"type":"Point","coordinates":[126.99111247,37.54446602]}},{"type":"Feature","id":"street-16743","properties":{"id":"street-16743","dataset":"street","gu":"용산구","species":"은행나무","heightM":8.0,"crownWidthM":4.0,"rawHeight":8.0,"rawCrownWidth":4.0,"quality":"valid","sourceYear":2013},"geometry":{"type":"Point","coordinates":[126.99137933,37.54279891]}},{"type":"Feature","id":"street-17017","properties":{"id":"street-17017","dataset":"street","gu":"용산구","species":"은행나무","heightM":10.0,"crownWidthM":4.0,"rawHeight":10.0,"rawCrownWidth":4.0,"quality":"valid","sourceYear":2013},"geometry":{"type":"Point","coordinates":[126.99055718,37.54534482]}},{"type":"Feature","id":"street-17685","properties":{"id":"street-17685","dataset":"street","gu":"용산구","species":"은행나무","heightM":9.0,"crownWidthM":4.0,"rawHeight":9.0,"rawCrownWidth":4.0,"quality":"valid","sourceYear":2013},"geometry":{"type":"Point","coordinates":[126.99426907,37.54237094]}},{"type":"Feature","id":"street-17693","properties":{"id":"street-17693","dataset":"street","gu":"용산구","species":"은행나무","heightM":9.0,"crownWidthM":4.0,"rawHeight":9.0,"rawCrownWidth":4.0,"quality":"valid","sourceYear":2013},"geometry":{"type":"Point","coordinates":[126.99220827,37.54272114]}},{"type":"Feature","id":"street-17991","properties":{"id":"street-17991","dataset":"street","gu":"용산구","species":"은행나무","heightM":8.0,"crownWidthM":4.0,"rawHeight":8.0,"rawCrownWidth":4.0,"quality":"valid","sourceYear":2013},"geometry":{"type":"Point","coordinates":[126.99124961,37.54413122]}},{"type":"Feature","id":"street-17992","properties":{"id":"street-17992","dataset":"street","gu":"용산구","species":"은행나무","heightM":8.0,"crownWidthM":4.0,"rawHeight":8.0,"rawCrownWidth":4.0,"quality":"valid","sourceYear":2013},"geometry":{"type":"Point","coordinates":[126.99106039,37.54380273]}},{"type":"Feature","id":"street-18070","properties":{"id":"street-18070","dataset":"street","gu":"용산구","species":"은행나무","heightM":9.0,"crownWidthM":4.0,"rawHeight":9.0,"rawCrownWidth":4.0,"quality":"valid","sourceYear":2013},"geometry":{"type":"Point","coordinates":[126.99242226,37.54271677]}},{"type":"Feature","id":"street-18080","properties":{"id":"street-18080","dataset":"street","gu":"용산구","species":"은행나무","heightM":9.0,"crownWidthM":4.0,"rawHeight":9.0,"rawCrownWidth":4.0,"quality":"valid","sourceYear":2013},"geometry":{"type":"Point","coordinates":[126.99940583,37.54156838]}},{"type":"Feature","id":"street-193662","properties":{"id":"street-193662","dataset":"street","gu":"용산구","species":"은행나무","heightM":8.0,"crownWidthM":4.0,"rawHeight":8.0,"rawCrownWidth":4.0,"quality":"valid","sourceYear":2013},"geometry":{"type":"Point","coordinates":[126.99837521,37.54092014]}},{"type":"Feature","id":"street-194411","properties":{"id":"street-194411","dataset":"street","gu":"용산구","species":"은행나무","heightM":8.0,"crownWidthM":4.0,"rawHeight":8.0,"rawCrownWidth":4.0,"quality":"valid","sourceYear":2013},"geometry":{"type":"Point","coordinates":[126.99552662,37.54190682]}},{"type":"Feature","id":"street-194766","properties":{"id":"street-194766","dataset":"street","gu":"용산구","species":"은행나무","heightM":8.0,"crownWidthM":4.0,"rawHeight":8.0,"rawCrownWidth":4.0,"quality":"valid","sourceYear":2013},"geometry":{"type":"Point","coordinates":[126.9951335,37.54203111]}},{"type":"Feature","id":"street-195465","properties":{"id":"street-195465","dataset":"street","gu":"용산구","species":"은행나무","heightM":9.0,"crownWidthM":4.0,"rawHeight":9.0,"rawCrownWidth":4.0,"quality":"valid","sourceYear":2013},"geometry":{"type":"Point","coordinates":[126.99086044,37.54457467]}},{"type":"Feature","id":"street-198915","properties":{"id":"street-198915","dataset":"street","gu":"용산구","species":"은행나무","heightM":8.0,"crownWidthM":4.0,"rawHeight":8.0,"rawCrownWidth":4.0,"quality":"valid","sourceYear":2013},"geometry":{"type":"Point","coordinates":[126.99970683,37.54181729]}},{"type":"Feature","id":"street-233162","properties":{"id":"street-233162","dataset":"street","gu":"용산구","species":"은행나무","heightM":8.0,"crownWidthM":4.0,"rawHeight":8.0,"rawCrownWidth":4.0,"quality":"valid","sourceYear":2013},"geometry":{"type":"Point","coordinates":[126.99124102,37.54356922]}},{"type":"Feature","id":"street-233168","properties":{"id":"street-233168","dataset":"street","gu":"용산구","species":"은행나무","heightM":8.0,"crownWidthM":3.0,"rawHeight":8.0,"rawCrownWidth":3.0,"quality":"valid","sourceYear":2013},"geometry":{"type":"Point","coordinates":[126.99038275,37.54551514]}},{"type":"Feature","id":"street-233571","properties":{"id":"street-233571","dataset":"street","gu":"용산구","species":"은행나무","heightM":8.0,"crownWidthM":4.0,"rawHeight":8.0,"rawCrownWidth":4.0,"quality":"valid","sourceYear":2013},"geometry":{"type":"Point","coordinates":[126.99882848,37.54130056]}},{"type":"Feature","id":"street-233595","properties":{"id":"street-233595","dataset":"street","gu":"용산구","species":"은행나무","heightM":8.0,"crownWidthM":4.0,"rawHeight":8.0,"rawCrownWidth":4.0,"quality":"valid","sourceYear":2013},"geometry":{"type":"Point","coordinates":[126.99651242,37.5412995]}},{"type":"Feature","id":"street-234701","properties":{"id":"street-234701","dataset":"street","gu":"용산구","species":"은행나무","heightM":8.0,"crownWidthM":4.0,"rawHeight":8.0,"rawCrownWidth":4.0,"quality":"valid","sourceYear":2013},"geometry":{"type":"Point","coordinates":[126.99435629,37.54219004]}},{"type":"Feature","id":"street-235399","properties":{"id":"street-235399","dataset":"street","gu":"용산구","species":"은행나무","heightM":9.0,"crownWidthM":4.0,"rawHeight":9.0,"rawCrownWidth":4.0,"quality":"valid","sourceYear":2013},"geometry":{"type":"Point","coordinates":[126.99285576,37.54271167]}},{"type":"Feature","id":"street-236107","properties":{"id":"street-236107","dataset":"street","gu":"용산구","species":"은행나무","heightM":8.0,"crownWidthM":3.0,"rawHeight":8.0,"rawCrownWidth":3.0,"quality":"valid","sourceYear":2013},"geometry":{"type":"Point","coordinates":[126.99076991,37.545015]}},{"type":"Feature","id":"street-242487","properties":{"id":"street-242487","dataset":"street","gu":"용산구","species":"은행나무","heightM":9.0,"crownWidthM":4.0,"rawHeight":9.0,"rawCrownWidth":4.0,"quality":"valid","sourceYear":2013},"geometry":{"type":"Point","coordinates":[126.9971267,37.54096314]}},{"type":"Feature","id":"street-242653","properties":{"id":"street-242653","dataset":"street","gu":"용산구","species":"은행나무","heightM":8.0,"crownWidthM":4.0,"rawHeight":8.0,"rawCrownWidth":4.0,"quality":"valid","sourceYear":2013},"geometry":{"type":"Point","coordinates":[126.99724125,37.54093453]}},{"type":"Feature","id":"street-244508","properties":{"id":"street-244508","dataset":"street","gu":"용산구","species":"은행나무","heightM":8.0,"crownWidthM":4.0,"rawHeight":8.0,"rawCrownWidth":4.0,"quality":"valid","sourceYear":2013},"geometry":{"type":"Point","coordinates":[126.99125864,37.54339076]}},{"type":"Feature","id":"street-244572","properties":{"id":"street-244572","dataset":"street","gu":"용산구","species":"은행나무","heightM":9.0,"crownWidthM":4.0,"rawHeight":9.0,"rawCrownWidth":4.0,"quality":"valid","sourceYear":2013},"geometry":{"type":"Point","coordinates":[126.99502449,37.54219176]}},{"type":"Feature","id":"street-244730","properties":{"id":"street-244730","dataset":"street","gu":"용산구","species":"은행나무","heightM":9.0,"crownWidthM":4.0,"rawHeight":9.0,"rawCrownWidth":4.0,"quality":"valid","sourceYear":2013},"geometry":{"type":"Point","coordinates":[126.99539367,37.54215054]}},{"type":"Feature","id":"street-244780","properties":{"id":"street-244780","dataset":"street","gu":"용산구","species":"은행나무","heightM":8.0,"crownWidthM":3.0,"rawHeight":8.0,"rawCrownWidth":3.0,"quality":"valid","sourceYear":2013},"geometry":{"type":"Point","coordinates":[126.99068976,37.54514667]}},{"type":"Feature","id":"street-244958","properties":{"id":"street-244958","dataset":"street","gu":"용산구","species":"은행나무","heightM":8.0,"crownWidthM":4.0,"rawHeight":8.0,"rawCrownWidth":4.0,"quality":"valid","sourceYear":2013},"geometry":{"type":"Point","coordinates":[126.99373741,37.54244512]}},{"type":"Feature","id":"street-245407","properties":{"id":"street-245407","dataset":"street","gu":"용산구","species":"은행나무","heightM":9.0,"crownWidthM":4.0,"rawHeight":9.0,"rawCrownWidth":4.0,"quality":"valid","sourceYear":2013},"geometry":{"type":"Point","coordinates":[126.99923624,37.54162497]}},{"type":"Feature","id":"street-245454","properties":{"id":"street-245454","dataset":"street","gu":"용산구","species":"은행나무","heightM":9.0,"crownWidthM":4.0,"rawHeight":9.0,"rawCrownWidth":4.0,"quality":"valid","sourceYear":2013},"geometry":{"type":"Point","coordinates":[126.9910649,37.54407678]}},{"type":"Feature","id":"street-245629","properties":{"id":"street-245629","dataset":"street","gu":"용산구","species":"은행나무","heightM":8.0,"crownWidthM":4.0,"rawHeight":8.0,"rawCrownWidth":4.0,"quality":"valid","sourceYear":2013},"geometry":{"type":"Point","coordinates":[126.99564787,37.54182988]}},{"type":"Feature","id":"street-245793","properties":{"id":"street-245793","dataset":"street","gu":"용산구","species":"은행나무","heightM":9.0,"crownWidthM":4.0,"rawHeight":9.0,"rawCrownWidth":4.0,"quality":"valid","sourceYear":2013},"geometry":{"type":"Point","coordinates":[126.99862731,37.54102245]}},{"type":"Feature","id":"street-246054","properties":{"id":"street-246054","dataset":"street","gu":"용산구","species":"은행나무","heightM":10.0,"crownWidthM":4.0,"rawHeight":10.0,"rawCrownWidth":4.0,"quality":"valid","sourceYear":2013},"geometry":{"type":"Point","coordinates":[126.99340236,37.54254723]}},{"type":"Feature","id":"street-246061","properties":{"id":"street-246061","dataset":"street","gu":"용산구","species":"은행나무","heightM":8.0,"crownWidthM":4.0,"rawHeight":8.0,"rawCrownWidth":4.0,"quality":"valid","sourceYear":2013},"geometry":{"type":"Point","coordinates":[126.99036949,37.54529388]}},{"type":"Feature","id":"street-246162","properties":{"id":"street-246162","dataset":"street","gu":"용산구","species":"양버즘나무","heightM":10.0,"crownWidthM":4.0,"rawHeight":10.0,"rawCrownWidth":4.0,"quality":"valid","sourceYear":2013},"geometry":{"type":"Point","coordinates":[126.99909132,37.54130115]}},{"type":"Feature","id":"street-246163","properties":{"id":"street-246163","dataset":"street","gu":"용산구","species":"은행나무","heightM":8.0,"crownWidthM":4.0,"rawHeight":8.0,"rawCrownWidth":4.0,"quality":"valid","sourceYear":2013},"geometry":{"type":"Point","coordinates":[126.99809363,37.54086388]}},{"type":"Feature","id":"street-250318","properties":{"id":"street-250318","dataset":"street","gu":"용산구","species":"은행나무","heightM":8.0,"crownWidthM":4.0,"rawHeight":8.0,"rawCrownWidth":4.0,"quality":"valid","sourceYear":2013},"geometry":{"type":"Point","coordinates":[126.99133435,37.54285255]}},{"type":"Feature","id":"street-250322","properties":{"id":"street-250322","dataset":"street","gu":"용산구","species":"은행나무","heightM":9.0,"crownWidthM":4.0,"rawHeight":9.0,"rawCrownWidth":4.0,"quality":"valid","sourceYear":2013},"geometry":{"type":"Point","coordinates":[126.99801381,37.54099673]}},{"type":"Feature","id":"street-250353","properties":{"id":"street-250353","dataset":"street","gu":"용산구","species":"은행나무","heightM":9.0,"crownWidthM":4.0,"rawHeight":9.0,"rawCrownWidth":4.0,"quality":"valid","sourceYear":2013},"geometry":{"type":"Point","coordinates":[126.99233519,37.54271526]}},{"type":"Feature","id":"street-250998","properties":{"id":"street-250998","dataset":"street","gu":"용산구","species":"은행나무","heightM":9.0,"crownWidthM":4.0,"rawHeight":9.0,"rawCrownWidth":4.0,"quality":"valid","sourceYear":2013},"geometry":{"type":"Point","coordinates":[126.99082,37.54462473]}},{"type":"Feature","id":"park-private-3285","properties":{"id":"park-private-3285","dataset":"park-private","gu":"용산구","species":"양버즘나무","heightM":14.0,"crownWidthM":8.0,"rawHeight":14.0,"rawCrownWidth":8.0,"quality":"valid","sourceYear":2013},"geometry":{"type":"Point","coordinates":[126.99266718,37.5434816]}},{"type":"Feature","id":"park-private-3369","properties":{"id":"park-private-3369","dataset":"park-private","gu":"용산구","species":"아까시나무","heightM":10.0,"crownWidthM":5.0,"rawHeight":10.0,"rawCrownWidth":5.0,"quality":"valid","sourceYear":2013},"geometry":{"type":"Point","coordinates":[126.99018807,37.54450149]}},{"type":"Feature","id":"park-private-3377","properties":{"id":"park-private-3377","dataset":"park-private","gu":"용산구","species":"벗나무","heightM":12.0,"crownWidthM":5.0,"rawHeight":12.0,"rawCrownWidth":5.0,"quality":"valid","sourceYear":2013},"geometry":{"type":"Point","coordinates":[126.99662885,37.54205218]}},{"type":"Feature","id":"park-private-3412","properties":{"id":"park-private-3412","dataset":"park-private","gu":"용산구","species":"양버즘나무","heightM":14.0,"crownWidthM":7.0,"rawHeight":14.0,"rawCrownWidth":7.0,"quality":"valid","sourceYear":2013},"geometry":{"type":"Point","coordinates":[126.99308834,37.54362777]}},{"type":"Feature","id":"park-private-3494","properties":{"id":"park-private-3494","dataset":"park-private","gu":"용산구","species":"양버즘나무","heightM":16.0,"crownWidthM":8.0,"rawHeight":16.0,"rawCrownWidth":8.0,"quality":"valid","sourceYear":2013},"geometry":{"type":"Point","coordinates":[126.99243853,37.54349833]}},{"type":"Feature","id":"park-private-3501","properties":{"id":"park-private-3501","dataset":"park-private","gu":"용산구","species":"사시나무","heightM":12.0,"crownWidthM":7.0,"rawHeight":12.0,"rawCrownWidth":7.0,"quality":"valid","sourceYear":2013},"geometry":{"type":"Point","coordinates":[126.99002604,37.54230969]}},{"type":"Feature","id":"park-private-3503","properties":{"id":"park-private-3503","dataset":"park-private","gu":"용산구","species":"양버즘나무","heightM":7.0,"crownWidthM":8.0,"rawHeight":7.0,"rawCrownWidth":8.0,"quality":"valid","sourceYear":2013},"geometry":{"type":"Point","coordinates":[126.99717608,37.54020766]}},{"type":"Feature","id":"park-private-3505","properties":{"id":"park-private-3505","dataset":"park-private","gu":"용산구","species":"리기다소나무","heightM":11.0,"crownWidthM":3.0,"rawHeight":11.0,"rawCrownWidth":3.0,"quality":"valid","sourceYear":2013},"geometry":{"type":"Point","coordinates":[126.99236638,37.54310312]}},{"type":"Feature","id":"park-private-3506","properties":{"id":"park-private-3506","dataset":"park-private","gu":"용산구","species":"양버즘나무","heightM":14.0,"crownWidthM":7.0,"rawHeight":14.0,"rawCrownWidth":7.0,"quality":"valid","sourceYear":2013},"geometry":{"type":"Point","coordinates":[126.99271229,37.54360615]}},{"type":"Feature","id":"park-private-3507","properties":{"id":"park-private-3507","dataset":"park-private","gu":"용산구","species":"은행나무","heightM":16.0,"crownWidthM":6.0,"rawHeight":16.0,"rawCrownWidth":6.0,"quality":"valid","sourceYear":2013},"geometry":{"type":"Point","coordinates":[126.99399094,37.54291416]}},{"type":"Feature","id":"park-private-3567","properties":{"id":"park-private-3567","dataset":"park-private","gu":"용산구","species":"양버즘나무","heightM":10.0,"crownWidthM":5.0,"rawHeight":10.0,"rawCrownWidth":5.0,"quality":"valid","sourceYear":2013},"geometry":{"type":"Point","coordinates":[126.99710095,37.54042313]}},{"type":"Feature","id":"park-private-3576","properties":{"id":"park-private-3576","dataset":"park-private","gu":"용산구","species":"아까시나무","heightM":10.0,"crownWidthM":4.0,"rawHeight":10.0,"rawCrownWidth":4.0,"quality":"valid","sourceYear":2013},"geometry":{"type":"Point","coordinates":[126.9900888,37.54440327]}},{"type":"Feature","id":"park-private-3603","properties":{"id":"park-private-3603","dataset":"park-private","gu":"용산구","species":"단풍나무","heightM":16.0,"crownWidthM":7.0,"rawHeight":16.0,"rawCrownWidth":7.0,"quality":"valid","sourceYear":2013},"geometry":{"type":"Point","coordinates":[126.99606654,37.54240664]}},{"type":"Feature","id":"park-private-3648","properties":{"id":"park-private-3648","dataset":"park-private","gu":"용산구","species":"벗나무","heightM":13.0,"crownWidthM":6.0,"rawHeight":13.0,"rawCrownWidth":6.0,"quality":"valid","sourceYear":2013},"geometry":{"type":"Point","coordinates":[126.99465881,37.54292144]}},{"type":"Feature","id":"park-private-3662","properties":{"id":"park-private-3662","dataset":"park-private","gu":"용산구","species":"단풍나무","heightM":15.0,"crownWidthM":8.0,"rawHeight":15.0,"rawCrownWidth":8.0,"quality":"valid","sourceYear":2013},"geometry":{"type":"Point","coordinates":[126.99694129,37.54141804]}},{"type":"Feature","id":"park-private-3722","properties":{"id":"park-private-3722","dataset":"park-private","gu":"용산구","species":"버드나무","heightM":10.0,"crownWidthM":3.0,"rawHeight":10.0,"rawCrownWidth":3.0,"quality":"valid","sourceYear":2013},"geometry":{"type":"Point","coordinates":[126.99634917,37.54203061]}},{"type":"Feature","id":"park-private-3759","properties":{"id":"park-private-3759","dataset":"park-private","gu":"용산구","species":"은행나무","heightM":10.0,"crownWidthM":6.0,"rawHeight":10.0,"rawCrownWidth":6.0,"quality":"valid","sourceYear":2013},"geometry":{"type":"Point","coordinates":[126.99093183,37.54359116]}},{"type":"Feature","id":"park-private-3819","properties":{"id":"park-private-3819","dataset":"park-private","gu":"용산구","species":"벗나무","heightM":9.0,"crownWidthM":5.0,"rawHeight":9.0,"rawCrownWidth":5.0,"quality":"valid","sourceYear":2013},"geometry":{"type":"Point","coordinates":[126.99713709,37.54071996]}},{"type":"Feature","id":"park-private-3860","properties":{"id":"park-private-3860","dataset":"park-private","gu":"용산구","species":"양버즘나무","heightM":10.0,"crownWidthM":9.0,"rawHeight":10.0,"rawCrownWidth":9.0,"quality":"valid","sourceYear":2013},"geometry":{"type":"Point","coordinates":[126.99713697,37.54023638]}},{"type":"Feature","id":"park-private-3953","properties":{"id":"park-private-3953","dataset":"park-private","gu":"용산구","species":"버드나무","heightM":9.0,"crownWidthM":5.0,"rawHeight":9.0,"rawCrownWidth":5.0,"quality":"valid","sourceYear":2013},"geometry":{"type":"Point","coordinates":[126.9969534,37.54015732]}},{"type":"Feature","id":"park-private-4161","properties":{"id":"park-private-4161","dataset":"park-private","gu":"용산구","species":"가중나무","heightM":10.0,"crownWidthM":5.0,"rawHeight":10.0,"rawCrownWidth":5.0,"quality":"valid","sourceYear":2013},"geometry":{"type":"Point","coordinates":[126.99099445,37.54372801]}},{"type":"Feature","id":"park-private-4239","properties":{"id":"park-private-4239","dataset":"park-private","gu":"용산구","species":"아까시나무","heightM":10.0,"crownWidthM":5.0,"rawHeight":10.0,"rawCrownWidth":5.0,"quality":"valid","sourceYear":2013},"geometry":{"type":"Point","coordinates":[126.99024823,37.54456617]}},{"type":"Feature","id":"park-private-4251","properties":{"id":"park-private-4251","dataset":"park-private","gu":"용산구","species":"양버즘나무","heightM":16.0,"crownWidthM":7.0,"rawHeight":16.0,"rawCrownWidth":7.0,"quality":"valid","sourceYear":2013},"geometry":{"type":"Point","coordinates":[126.99597035,37.54269885]}},{"type":"Feature","id":"park-private-4369","properties":{"id":"park-private-4369","dataset":"park-private","gu":"용산구","species":"리기다소나무","heightM":9.0,"crownWidthM":2.0,"rawHeight":9.0,"rawCrownWidth":2.0,"quality":"valid","sourceYear":2013},"geometry":{"type":"Point","coordinates":[126.99223399,37.54327794]}},{"type":"Feature","id":"park-private-4370","properties":{"id":"park-private-4370","dataset":"park-private","gu":"용산구","species":"은행나무","heightM":13.0,"crownWidthM":6.0,"rawHeight":13.0,"rawCrownWidth":6.0,"quality":"valid","sourceYear":2013},"geometry":{"type":"Point","coordinates":[126.99423158,37.54327107]}},{"type":"Feature","id":"park-private-4450","properties":{"id":"park-private-4450","dataset":"park-private","gu":"용산구","species":"은행나무","heightM":13.0,"crownWidthM":6.0,"rawHeight":13.0,"rawCrownWidth":6.0,"quality":"valid","sourceYear":2013},"geometry":{"type":"Point","coordinates":[126.99528459,37.54257185]}},{"type":"Feature","id":"park-private-4454","properties":{"id":"park-private-4454","dataset":"park-private","gu":"용산구","species":"은행나무","heightM":14.0,"crownWidthM":6.0,"rawHeight":14.0,"rawCrownWidth":6.0,"quality":"valid","sourceYear":2013},"geometry":{"type":"Point","coordinates":[126.99535379,37.54246168]}},{"type":"Feature","id":"park-private-4511","properties":{"id":"park-private-4511","dataset":"park-private","gu":"용산구","species":"은행나무","heightM":13.0,"crownWidthM":7.0,"rawHeight":13.0,"rawCrownWidth":7.0,"quality":"valid","sourceYear":2013},"geometry":{"type":"Point","coordinates":[126.99585902,37.54224376]}},{"type":"Feature","id":"park-private-4528","properties":{"id":"park-private-4528","dataset":"park-private","gu":"용산구","species":"은행나무","heightM":8.0,"crownWidthM":6.0,"rawHeight":8.0,"rawCrownWidth":6.0,"quality":"valid","sourceYear":2013},"geometry":{"type":"Point","coordinates":[126.99097034,37.54402979]}},{"type":"Feature","id":"park-private-4540","properties":{"id":"park-private-4540","dataset":"park-private","gu":"용산구","species":"사시나무","heightM":13.0,"crownWidthM":6.0,"rawHeight":13.0,"rawCrownWidth":6.0,"quality":"valid","sourceYear":2013},"geometry":{"type":"Point","coordinates":[126.99602447,37.54262221]}},{"type":"Feature","id":"park-private-4646","properties":{"id":"park-private-4646","dataset":"park-private","gu":"용산구","species":"벗나무","heightM":11.0,"crownWidthM":6.0,"rawHeight":11.0,"rawCrownWidth":6.0,"quality":"valid","sourceYear":2013},"geometry":{"type":"Point","coordinates":[126.99465884,37.54257894]}},{"type":"Feature","id":"park-private-4661","properties":{"id":"park-private-4661","dataset":"park-private","gu":"용산구","species":"벗나무","heightM":14.0,"crownWidthM":8.0,"rawHeight":14.0,"rawCrownWidth":8.0,"quality":"valid","sourceYear":2013},"geometry":{"type":"Point","coordinates":[126.99642139,37.54230606]}},{"type":"Feature","id":"park-private-4874","properties":{"id":"park-private-4874","dataset":"park-private","gu":"용산구","species":"벗나무","heightM":11.0,"crownWidthM":5.0,"rawHeight":11.0,"rawCrownWidth":5.0,"quality":"valid","sourceYear":2013},"geometry":{"type":"Point","coordinates":[126.99737461,37.54078446]}},{"type":"Feature","id":"park-private-4894","properties":{"id":"park-private-4894","dataset":"park-private","gu":"용산구","species":"양버즘나무","heightM":13.0,"crownWidthM":7.0,"rawHeight":13.0,"rawCrownWidth":7.0,"quality":"valid","sourceYear":2013},"geometry":{"type":"Point","coordinates":[126.99222192,37.54356775]}},{"type":"Feature","id":"park-private-4903","properties":{"id":"park-private-4903","dataset":"park-private","gu":"용산구","species":"양버즘나무","heightM":15.0,"crownWidthM":6.0,"rawHeight":15.0,"rawCrownWidth":6.0,"quality":"valid","sourceYear":2013},"geometry":{"type":"Point","coordinates":[126.99428574,37.54324473]}},{"type":"Feature","id":"park-private-4904","properties":{"id":"park-private-4904","dataset":"park-private","gu":"용산구","species":"양버즘나무","heightM":12.0,"crownWidthM":4.0,"rawHeight":12.0,"rawCrownWidth":4.0,"quality":"valid","sourceYear":2013},"geometry":{"type":"Point","coordinates":[126.99687546,37.54215279]}},{"type":"Feature","id":"park-private-5070","properties":{"id":"park-private-5070","dataset":"park-private","gu":"용산구","species":"향나무","heightM":11.0,"crownWidthM":8.0,"rawHeight":11.0,"rawCrownWidth":8.0,"quality":"valid","sourceYear":2013},"geometry":{"type":"Point","coordinates":[126.99793117,37.54065768]}},{"type":"Feature","id":"park-private-5080","properties":{"id":"park-private-5080","dataset":"park-private","gu":"용산구","species":"느티나무","heightM":15.0,"crownWidthM":7.0,"rawHeight":15.0,"rawCrownWidth":7.0,"quality":"valid","sourceYear":2013},"geometry":{"type":"Point","coordinates":[126.99644817,37.54156398]}},{"type":"Feature","id":"park-private-6399","properties":{"id":"park-private-6399","dataset":"park-private","gu":"용산구","species":"양버즘나무","heightM":10.0,"crownWidthM":7.0,"rawHeight":10.0,"rawCrownWidth":7.0,"quality":"valid","sourceYear":2013},"geometry":{"type":"Point","coordinates":[126.99708885,37.54027947]}},{"type":"Feature","id":"park-private-6400","properties":{"id":"park-private-6400","dataset":"park-private","gu":"용산구","species":"메타세쿼이아","heightM":14.0,"crownWidthM":6.0,"rawHeight":14.0,"rawCrownWidth":6.0,"quality":"valid","sourceYear":2013},"geometry":{"type":"Point","coordinates":[126.99454452,37.5426436]}},{"type":"Feature","id":"park-private-6591","properties":{"id":"park-private-6591","dataset":"park-private","gu":"용산구","species":"은행나무","heightM":15.0,"crownWidthM":4.0,"rawHeight":15.0,"rawCrownWidth":4.0,"quality":"valid","sourceYear":2013},"geometry":{"type":"Point","coordinates":[126.99232125,37.54316778]}},{"type":"Feature","id":"park-private-6668","properties":{"id":"park-private-6668","dataset":"park-private","gu":"용산구","species":"메타세쿼이아","heightM":16.0,"crownWidthM":10.0,"rawHeight":16.0,"rawCrownWidth":10.0,"quality":"valid","sourceYear":2013},"geometry":{"type":"Point","coordinates":[126.99498371,37.54299335]}},{"type":"Feature","id":"park-private-6679","properties":{"id":"park-private-6679","dataset":"park-private","gu":"용산구","species":"은행나무","heightM":14.0,"crownWidthM":6.0,"rawHeight":14.0,"rawCrownWidth":6.0,"quality":"valid","sourceYear":2013},"geometry":{"type":"Point","coordinates":[126.99453847,37.54293101]}},{"type":"Feature","id":"park-private-6683","properties":{"id":"park-private-6683","dataset":"park-private","gu":"용산구","species":"가중나무","heightM":11.0,"crownWidthM":5.0,"rawHeight":11.0,"rawCrownWidth":5.0,"quality":"valid","sourceYear":2013},"geometry":{"type":"Point","coordinates":[126.99698044,37.54007832]}},{"type":"Feature","id":"park-private-6854","properties":{"id":"park-private-6854","dataset":"park-private","gu":"용산구","species":"양버즘나무","heightM":7.0,"crownWidthM":6.0,"rawHeight":7.0,"rawCrownWidth":6.0,"quality":"valid","sourceYear":2013},"geometry":{"type":"Point","coordinates":[126.99734158,37.54025319]}},{"type":"Feature","id":"park-private-6860","properties":{"id":"park-private-6860","dataset":"park-private","gu":"용산구","species":"은행나무","heightM":12.0,"crownWidthM":5.0,"rawHeight":12.0,"rawCrownWidth":5.0,"quality":"valid","sourceYear":2013},"geometry":{"type":"Point","coordinates":[126.9973235,37.54076535]}},{"type":"Feature","id":"park-private-6932","properties":{"id":"park-private-6932","dataset":"park-private","gu":"용산구","species":"소나무","heightM":12.0,"crownWidthM":6.0,"rawHeight":12.0,"rawCrownWidth":6.0,"quality":"valid","sourceYear":2013},"geometry":{"type":"Point","coordinates":[126.99417141,37.54326867]}},{"type":"Feature","id":"park-private-6938","properties":{"id":"park-private-6938","dataset":"park-private","gu":"용산구","species":"사시나무","heightM":11.0,"crownWidthM":7.0,"rawHeight":11.0,"rawCrownWidth":7.0,"quality":"valid","sourceYear":2013},"geometry":{"type":"Point","coordinates":[126.99004408,37.54235756]}},{"type":"Feature","id":"park-private-6951","properties":{"id":"park-private-6951","dataset":"park-private","gu":"용산구","species":"양버즘나무","heightM":7.0,"crownWidthM":5.0,"rawHeight":7.0,"rawCrownWidth":5.0,"quality":"valid","sourceYear":2013},"geometry":{"type":"Point","coordinates":[126.99723028,37.54031781]}},{"type":"Feature","id":"park-private-6965","properties":{"id":"park-private-6965","dataset":"park-private","gu":"용산구","species":"양버즘나무","heightM":14.0,"crownWidthM":7.0,"rawHeight":14.0,"rawCrownWidth":7.0,"quality":"valid","sourceYear":2013},"geometry":{"type":"Point","coordinates":[126.99310941,37.54355592]}},{"type":"Feature","id":"park-private-7023","properties":{"id":"park-private-7023","dataset":"park-private","gu":"용산구","species":"양버즘나무","heightM":10.0,"crownWidthM":7.0,"rawHeight":10.0,"rawCrownWidth":7.0,"quality":"valid","sourceYear":2013},"geometry":{"type":"Point","coordinates":[126.99809665,37.54060745]}},{"type":"Feature","id":"park-private-7029","properties":{"id":"park-private-7029","dataset":"park-private","gu":"용산구","species":"은행나무","heightM":8.0,"crownWidthM":6.0,"rawHeight":8.0,"rawCrownWidth":6.0,"quality":"valid","sourceYear":2013},"geometry":{"type":"Point","coordinates":[126.99763347,37.54030115]}},{"type":"Feature","id":"park-private-7035","properties":{"id":"park-private-7035","dataset":"park-private","gu":"용산구","species":"양버즘나무","heightM":8.0,"crownWidthM":4.0,"rawHeight":8.0,"rawCrownWidth":4.0,"quality":"valid","sourceYear":2013},"geometry":{"type":"Point","coordinates":[126.9966405,37.54020273]}},{"type":"Feature","id":"park-private-7038","properties":{"id":"park-private-7038","dataset":"park-private","gu":"용산구","species":"은행나무","heightM":9.0,"crownWidthM":5.0,"rawHeight":9.0,"rawCrownWidth":5.0,"quality":"valid","sourceYear":2013},"geometry":{"type":"Point","coordinates":[126.99702868,37.54082994]}},{"type":"Feature","id":"park-private-7115","properties":{"id":"park-private-7115","dataset":"park-private","gu":"용산구","species":"양버즘나무","heightM":15.0,"crownWidthM":6.0,"rawHeight":15.0,"rawCrownWidth":6.0,"quality":"valid","sourceYear":2013},"geometry":{"type":"Point","coordinates":[126.99261603,37.54353189]}},{"type":"Feature","id":"park-private-7117","properties":{"id":"park-private-7117","dataset":"park-private","gu":"용산구","species":"양버즘나무","heightM":10.0,"crownWidthM":6.0,"rawHeight":10.0,"rawCrownWidth":6.0,"quality":"valid","sourceYear":2013},"geometry":{"type":"Point","coordinates":[126.99697756,37.54036324]}},{"type":"Feature","id":"park-private-7151","properties":{"id":"park-private-7151","dataset":"park-private","gu":"용산구","species":"사시나무","heightM":11.0,"crownWidthM":5.0,"rawHeight":11.0,"rawCrownWidth":5.0,"quality":"valid","sourceYear":2013},"geometry":{"type":"Point","coordinates":[126.99694162,37.54215279]}},{"type":"Feature","id":"park-private-7224","properties":{"id":"park-private-7224","dataset":"park-private","gu":"용산구","species":"양버즘나무","heightM":14.0,"crownWidthM":7.0,"rawHeight":14.0,"rawCrownWidth":7.0,"quality":"valid","sourceYear":2013},"geometry":{"type":"Point","coordinates":[126.99306427,37.54366129]}},{"type":"Feature","id":"park-private-7240","properties":{"id":"park-private-7240","dataset":"park-private","gu":"용산구","species":"가중나무","heightM":10.0,"crownWidthM":5.0,"rawHeight":10.0,"rawCrownWidth":5.0,"quality":"valid","sourceYear":2013},"geometry":{"type":"Point","coordinates":[126.99099444,37.54378071]}},{"type":"Feature","id":"park-private-7305","properties":{"id":"park-private-7305","dataset":"park-private","gu":"용산구","species":"느티나무","heightM":8.0,"crownWidthM":4.0,"rawHeight":8.0,"rawCrownWidth":4.0,"quality":"valid","sourceYear":2013},"geometry":{"type":"Point","coordinates":[126.99822612,37.5400906]}},{"type":"Feature","id":"park-private-7325","properties":{"id":"park-private-7325","dataset":"park-private","gu":"용산구","species":"양버즘나무","heightM":12.0,"crownWidthM":null,"rawHeight":12.0,"rawCrownWidth":66.0,"quality":"review","sourceYear":2013},"geometry":{"type":"Point","coordinates":[126.99206851,37.54342641]}},{"type":"Feature","id":"park-private-7343","properties":{"id":"park-private-7343","dataset":"park-private","gu":"용산구","species":"가중나무","heightM":10.0,"crownWidthM":4.0,"rawHeight":10.0,"rawCrownWidth":4.0,"quality":"valid","sourceYear":2013},"geometry":{"type":"Point","coordinates":[126.99217981,37.54345038]}},{"type":"Feature","id":"park-private-7344","properties":{"id":"park-private-7344","dataset":"park-private","gu":"용산구","species":"가중나무","heightM":9.0,"crownWidthM":5.0,"rawHeight":9.0,"rawCrownWidth":5.0,"quality":"valid","sourceYear":2013},"geometry":{"type":"Point","coordinates":[126.99703162,37.540131]}},{"type":"Feature","id":"park-private-7345","properties":{"id":"park-private-7345","dataset":"park-private","gu":"용산구","species":"은행나무","heightM":12.0,"crownWidthM":6.0,"rawHeight":12.0,"rawCrownWidth":6.0,"quality":"valid","sourceYear":2013},"geometry":{"type":"Point","coordinates":[126.99480023,37.54271549]}},{"type":"Feature","id":"park-private-7409","properties":{"id":"park-private-7409","dataset":"park-private","gu":"용산구","species":"사시나무","heightM":12.0,"crownWidthM":7.0,"rawHeight":12.0,"rawCrownWidth":7.0,"quality":"valid","sourceYear":2013},"geometry":{"type":"Point","coordinates":[126.99005309,37.54240305]}},{"type":"Feature","id":"park-private-7486","properties":{"id":"park-private-7486","dataset":"park-private","gu":"용산구","species":"은행나무","heightM":10.0,"crownWidthM":1.0,"rawHeight":10.0,"rawCrownWidth":1.0,"quality":"valid","sourceYear":2013},"geometry":{"type":"Point","coordinates":[126.99217984,37.54328272]}},{"type":"Feature","id":"park-private-7492","properties":{"id":"park-private-7492","dataset":"park-private","gu":"용산구","species":"양버즘나무","heightM":14.0,"crownWidthM":7.0,"rawHeight":14.0,"rawCrownWidth":7.0,"quality":"valid","sourceYear":2013},"geometry":{"type":"Point","coordinates":[126.99283564,37.54352234]}},{"type":"Feature","id":"park-private-7586","properties":{"id":"park-private-7586","dataset":"park-private","gu":"용산구","species":"은행나무","heightM":11.0,"crownWidthM":2.0,"rawHeight":11.0,"rawCrownWidth":2.0,"quality":"valid","sourceYear":2013},"geometry":{"type":"Point","coordinates":[126.99569964,37.54224614]}},{"type":"Feature","id":"park-private-7591","properties":{"id":"park-private-7591","dataset":"park-private","gu":"용산구","species":"메타세쿼이아","heightM":15.0,"crownWidthM":6.0,"rawHeight":15.0,"rawCrownWidth":6.0,"quality":"valid","sourceYear":2013},"geometry":{"type":"Point","coordinates":[126.99496569,37.54267719]}},{"type":"Feature","id":"park-private-7606","properties":{"id":"park-private-7606","dataset":"park-private","gu":"용산구","species":"은행나무","heightM":8.0,"crownWidthM":5.0,"rawHeight":8.0,"rawCrownWidth":5.0,"quality":"valid","sourceYear":2013},"geometry":{"type":"Point","coordinates":[126.99701961,37.54018607]}},{"type":"Feature","id":"park-private-7783","properties":{"id":"park-private-7783","dataset":"park-private","gu":"용산구","species":"은행나무","heightM":10.0,"crownWidthM":3.0,"rawHeight":10.0,"rawCrownWidth":3.0,"quality":"valid","sourceYear":2013},"geometry":{"type":"Point","coordinates":[126.99219816,37.54312443]}},{"type":"Feature","id":"park-private-7786","properties":{"id":"park-private-7786","dataset":"park-private","gu":"용산구","species":"사시나무","heightM":15.0,"crownWidthM":6.0,"rawHeight":15.0,"rawCrownWidth":6.0,"quality":"valid","sourceYear":2013},"geometry":{"type":"Point","coordinates":[126.99596427,37.54224376]}},{"type":"Feature","id":"park-private-7792","properties":{"id":"park-private-7792","dataset":"park-private","gu":"용산구","species":"사시나무","heightM":14.0,"crownWidthM":6.0,"rawHeight":14.0,"rawCrownWidth":6.0,"quality":"valid","sourceYear":2013},"geometry":{"type":"Point","coordinates":[126.9960184,37.54218867]}},{"type":"Feature","id":"park-private-7810","properties":{"id":"park-private-7810","dataset":"park-private","gu":"용산구","species":"은행나무","heightM":15.0,"crownWidthM":8.0,"rawHeight":15.0,"rawCrownWidth":8.0,"quality":"valid","sourceYear":2013},"geometry":{"type":"Point","coordinates":[126.99574176,37.54239225]}},{"type":"Feature","id":"park-private-7811","properties":{"id":"park-private-7811","dataset":"park-private","gu":"용산구","species":"은행나무","heightM":11.0,"crownWidthM":2.0,"rawHeight":11.0,"rawCrownWidth":2.0,"quality":"valid","sourceYear":2013},"geometry":{"type":"Point","coordinates":[126.99208657,37.54334019]}},{"type":"Feature","id":"park-private-7815","properties":{"id":"park-private-7815","dataset":"park-private","gu":"용산구","species":"아까시나무","heightM":12.0,"crownWidthM":6.0,"rawHeight":12.0,"rawCrownWidth":6.0,"quality":"valid","sourceYear":2013},"geometry":{"type":"Point","coordinates":[126.99622286,37.54196593]}},{"type":"Feature","id":"park-private-7822","properties":{"id":"park-private-7822","dataset":"park-private","gu":"용산구","species":"벗나무","heightM":16.0,"crownWidthM":7.0,"rawHeight":16.0,"rawCrownWidth":7.0,"quality":"valid","sourceYear":2013},"geometry":{"type":"Point","coordinates":[126.99671909,37.54221985]}},{"type":"Feature","id":"park-private-7850","properties":{"id":"park-private-7850","dataset":"park-private","gu":"용산구","species":"은행나무","heightM":13.0,"crownWidthM":6.0,"rawHeight":13.0,"rawCrownWidth":6.0,"quality":"valid","sourceYear":2013},"geometry":{"type":"Point","coordinates":[126.99530866,37.54253113]}},{"type":"Feature","id":"park-private-7870","properties":{"id":"park-private-7870","dataset":"park-private","gu":"용산구","species":"양버즘나무","heightM":14.0,"crownWidthM":7.0,"rawHeight":14.0,"rawCrownWidth":7.0,"quality":"valid","sourceYear":2013},"geometry":{"type":"Point","coordinates":[126.99278148,37.54361335]}},{"type":"Feature","id":"park-private-7891","properties":{"id":"park-private-7891","dataset":"park-private","gu":"용산구","species":"오동나무","heightM":11.0,"crownWidthM":6.0,"rawHeight":11.0,"rawCrownWidth":6.0,"quality":"valid","sourceYear":2013},"geometry":{"type":"Point","coordinates":[126.99621987,37.54211204]}},{"type":"Feature","id":"park-private-7897","properties":{"id":"park-private-7897","dataset":"park-private","gu":"용산구","species":"느티나무","heightM":14.0,"crownWidthM":8.0,"rawHeight":14.0,"rawCrownWidth":8.0,"quality":"valid","sourceYear":2013},"geometry":{"type":"Point","coordinates":[126.99586808,37.5425743]}},{"type":"Feature","id":"park-private-7902","properties":{"id":"park-private-7902","dataset":"park-private","gu":"용산구","species":"느티나무","heightM":16.0,"crownWidthM":8.0,"rawHeight":16.0,"rawCrownWidth":8.0,"quality":"valid","sourceYear":2013},"geometry":{"type":"Point","coordinates":[126.99638204,37.54162137]}},{"type":"Feature","id":"park-private-7907","properties":{"id":"park-private-7907","dataset":"park-private","gu":"용산구","species":"리기다소나무","heightM":14.0,"crownWidthM":4.0,"rawHeight":14.0,"rawCrownWidth":4.0,"quality":"valid","sourceYear":2013},"geometry":{"type":"Point","coordinates":[126.99202941,37.54333539]}},{"type":"Feature","id":"park-private-7932","properties":{"id":"park-private-7932","dataset":"park-private","gu":"용산구","species":"벗나무","heightM":14.0,"crownWidthM":5.0,"rawHeight":14.0,"rawCrownWidth":5.0,"quality":"valid","sourceYear":2013},"geometry":{"type":"Point","coordinates":[126.99721517,37.54081796]}},{"type":"Feature","id":"park-private-7936","properties":{"id":"park-private-7936","dataset":"park-private","gu":"용산구","species":"벗나무","heightM":11.0,"crownWidthM":5.0,"rawHeight":11.0,"rawCrownWidth":5.0,"quality":"valid","sourceYear":2013},"geometry":{"type":"Point","coordinates":[126.99097334,37.54412081]}},{"type":"Feature","id":"park-private-7938","properties":{"id":"park-private-7938","dataset":"park-private","gu":"용산구","species":"느티나무","heightM":10.0,"crownWidthM":8.0,"rawHeight":10.0,"rawCrownWidth":8.0,"quality":"valid","sourceYear":2013},"geometry":{"type":"Point","coordinates":[126.9975792,37.54071989]}},{"type":"Feature","id":"park-private-7947","properties":{"id":"park-private-7947","dataset":"park-private","gu":"용산구","species":"벗나무","heightM":14.0,"crownWidthM":5.0,"rawHeight":14.0,"rawCrownWidth":5.0,"quality":"valid","sourceYear":2013},"geometry":{"type":"Point","coordinates":[126.9972723,37.54082512]}},{"type":"Feature","id":"park-private-7973","properties":{"id":"park-private-7973","dataset":"park-private","gu":"용산구","species":"단풍나무","heightM":13.0,"crownWidthM":7.0,"rawHeight":13.0,"rawCrownWidth":7.0,"quality":"valid","sourceYear":2013},"geometry":{"type":"Point","coordinates":[126.99645129,37.54172896]}},{"type":"Feature","id":"park-private-7999","properties":{"id":"park-private-7999","dataset":"park-private","gu":"용산구","species":"사시나무","heightM":13.0,"crownWidthM":5.0,"rawHeight":13.0,"rawCrownWidth":5.0,"quality":"valid","sourceYear":2013},"geometry":{"type":"Point","coordinates":[126.99662584,37.54200188]}},{"type":"Feature","id":"park-private-8007","properties":{"id":"park-private-8007","dataset":"park-private","gu":"용산구","species":"느티나무","heightM":9.0,"crownWidthM":5.0,"rawHeight":9.0,"rawCrownWidth":5.0,"quality":"valid","sourceYear":2013},"geometry":{"type":"Point","coordinates":[126.99830436,37.54011935]}},{"type":"Feature","id":"park-private-8017","properties":{"id":"park-private-8017","dataset":"park-private","gu":"용산구","species":"은행나무","heightM":7.0,"crownWidthM":6.0,"rawHeight":7.0,"rawCrownWidth":6.0,"quality":"valid","sourceYear":2013},"geometry":{"type":"Point","coordinates":[126.99758838,37.5404017]}},{"type":"Feature","id":"park-private-8021","properties":{"id":"park-private-8021","dataset":"park-private","gu":"용산구","species":"은행나무","heightM":9.0,"crownWidthM":8.0,"rawHeight":9.0,"rawCrownWidth":8.0,"quality":"valid","sourceYear":2013},"geometry":{"type":"Point","coordinates":[126.99744083,37.54015026]}},{"type":"Feature","id":"park-private-8049","properties":{"id":"park-private-8049","dataset":"park-private","gu":"용산구","species":"양버즘나무","heightM":8.0,"crownWidthM":8.0,"rawHeight":8.0,"rawCrownWidth":8.0,"quality":"valid","sourceYear":2013},"geometry":{"type":"Point","coordinates":[126.99670069,37.54024106]}},{"type":"Feature","id":"park-private-8085","properties":{"id":"park-private-8085","dataset":"park-private","gu":"용산구","species":"은행나무","heightM":13.0,"crownWidthM":6.0,"rawHeight":13.0,"rawCrownWidth":6.0,"quality":"valid","sourceYear":2013},"geometry":{"type":"Point","coordinates":[126.99489647,37.54305082]}},{"type":"Feature","id":"park-private-8126","properties":{"id":"park-private-8126","dataset":"park-private","gu":"용산구","species":"아까시나무","heightM":10.0,"crownWidthM":4.0,"rawHeight":10.0,"rawCrownWidth":4.0,"quality":"valid","sourceYear":2013},"geometry":{"type":"Point","coordinates":[126.99623791,37.54204018]}},{"type":"Feature","id":"park-private-8151","properties":{"id":"park-private-8151","dataset":"park-private","gu":"용산구","species":"은행나무","heightM":9.0,"crownWidthM":6.0,"rawHeight":9.0,"rawCrownWidth":6.0,"quality":"valid","sourceYear":2013},"geometry":{"type":"Point","coordinates":[126.99783496,37.54006895]}},{"type":"Feature","id":"park-private-8165","properties":{"id":"park-private-8165","dataset":"park-private","gu":"용산구","species":"양버즘나무","heightM":16.0,"crownWidthM":8.0,"rawHeight":16.0,"rawCrownWidth":8.0,"quality":"valid","sourceYear":2013},"geometry":{"type":"Point","coordinates":[126.99251676,37.54344565]}},{"type":"Feature","id":"park-private-8166","properties":{"id":"park-private-8166","dataset":"park-private","gu":"용산구","species":"메타세쿼이아","heightM":15.0,"crownWidthM":6.0,"rawHeight":15.0,"rawCrownWidth":6.0,"quality":"valid","sourceYear":2013},"geometry":{"type":"Point","coordinates":[126.99521541,37.54248561]}},{"type":"Feature","id":"park-private-8167","properties":{"id":"park-private-8167","dataset":"park-private","gu":"용산구","species":"양버즘나무","heightM":10.0,"crownWidthM":7.0,"rawHeight":10.0,"rawCrownWidth":7.0,"quality":"valid","sourceYear":2013},"geometry":{"type":"Point","coordinates":[126.99702574,37.54045423]}},{"type":"Feature","id":"park-private-8170","properties":{"id":"park-private-8170","dataset":"park-private","gu":"용산구","species":"단풍나무","heightM":13.0,"crownWidthM":7.0,"rawHeight":13.0,"rawCrownWidth":7.0,"quality":"valid","sourceYear":2013},"geometry":{"type":"Point","coordinates":[126.99638213,37.54174811]}},{"type":"Feature","id":"park-private-8180","properties":{"id":"park-private-8180","dataset":"park-private","gu":"용산구","species":"느티나무","heightM":11.0,"crownWidthM":8.0,"rawHeight":11.0,"rawCrownWidth":8.0,"quality":"valid","sourceYear":2013},"geometry":{"type":"Point","coordinates":[126.99816876,37.5406672]}},{"type":"Feature","id":"park-private-8182","properties":{"id":"park-private-8182","dataset":"park-private","gu":"용산구","species":"은행나무","heightM":12.0,"crownWidthM":6.0,"rawHeight":12.0,"rawCrownWidth":6.0,"quality":"valid","sourceYear":2013},"geometry":{"type":"Point","coordinates":[126.99472804,37.54252626]}},{"type":"Feature","id":"park-private-8210","properties":{"id":"park-private-8210","dataset":"park-private","gu":"용산구","species":"은행나무","heightM":7.0,"crownWidthM":6.0,"rawHeight":7.0,"rawCrownWidth":6.0,"quality":"valid","sourceYear":2013},"geometry":{"type":"Point","coordinates":[126.99099439,37.54415434]}},{"type":"Feature","id":"park-private-8248","properties":{"id":"park-private-8248","dataset":"park-private","gu":"용산구","species":"향나무","heightM":17.0,"crownWidthM":6.0,"rawHeight":17.0,"rawCrownWidth":6.0,"quality":"valid","sourceYear":2013},"geometry":{"type":"Point","coordinates":[126.99433691,37.54295493]}},{"type":"Feature","id":"park-private-8252","properties":{"id":"park-private-8252","dataset":"park-private","gu":"용산구","species":"벗나무","heightM":11.0,"crownWidthM":4.0,"rawHeight":11.0,"rawCrownWidth":4.0,"quality":"valid","sourceYear":2013},"geometry":{"type":"Point","coordinates":[126.99100042,37.54409686]}},{"type":"Feature","id":"park-private-8260","properties":{"id":"park-private-8260","dataset":"park-private","gu":"용산구","species":"양버즘나무","heightM":11.0,"crownWidthM":4.0,"rawHeight":11.0,"rawCrownWidth":4.0,"quality":"valid","sourceYear":2013},"geometry":{"type":"Point","coordinates":[126.99653524,37.54032721]}},{"type":"Feature","id":"park-private-8290","properties":{"id":"park-private-8290","dataset":"park-private","gu":"용산구","species":"은행나무","heightM":13.0,"crownWidthM":6.0,"rawHeight":13.0,"rawCrownWidth":6.0,"quality":"valid","sourceYear":2013},"geometry":{"type":"Point","coordinates":[126.99466183,37.54282085]}},{"type":"Feature","id":"park-private-8305","properties":{"id":"park-private-8305","dataset":"park-private","gu":"용산구","species":"양버즘나무","heightM":10.0,"crownWidthM":6.0,"rawHeight":10.0,"rawCrownWidth":6.0,"quality":"valid","sourceYear":2013},"geometry":{"type":"Point","coordinates":[126.99643291,37.54026014]}},{"type":"Feature","id":"park-private-8402","properties":{"id":"park-private-8402","dataset":"park-private","gu":"용산구","species":"양버즘나무","heightM":12.0,"crownWidthM":7.0,"rawHeight":12.0,"rawCrownWidth":7.0,"quality":"valid","sourceYear":2013},"geometry":{"type":"Point","coordinates":[126.9933591,37.5436326]}},{"type":"Feature","id":"park-private-8403","properties":{"id":"park-private-8403","dataset":"park-private","gu":"용산구","species":"은행나무","heightM":14.0,"crownWidthM":6.0,"rawHeight":14.0,"rawCrownWidth":6.0,"quality":"valid","sourceYear":2013},"geometry":{"type":"Point","coordinates":[126.99465879,37.54314659]}},{"type":"Feature","id":"park-private-8409","properties":{"id":"park-private-8409","dataset":"park-private","gu":"용산구","species":"느티나무","heightM":10.0,"crownWidthM":7.0,"rawHeight":10.0,"rawCrownWidth":7.0,"quality":"valid","sourceYear":2013},"geometry":{"type":"Point","coordinates":[126.99742286,37.54068166]}},{"type":"Feature","id":"park-private-8450","properties":{"id":"park-private-8450","dataset":"park-private","gu":"용산구","species":"아까시나무","heightM":11.0,"crownWidthM":7.0,"rawHeight":11.0,"rawCrownWidth":7.0,"quality":"valid","sourceYear":2013},"geometry":{"type":"Point","coordinates":[126.99626499,37.54216234]}},{"type":"Feature","id":"park-private-8494","properties":{"id":"park-private-8494","dataset":"park-private","gu":"용산구","species":"은행나무","heightM":13.0,"crownWidthM":7.0,"rawHeight":13.0,"rawCrownWidth":7.0,"quality":"valid","sourceYear":2013},"geometry":{"type":"Point","coordinates":[126.99613866,37.54200425]}},{"type":"Feature","id":"park-private-8502","properties":{"id":"park-private-8502","dataset":"park-private","gu":"용산구","species":"은행나무","heightM":15.0,"crownWidthM":6.0,"rawHeight":15.0,"rawCrownWidth":6.0,"quality":"valid","sourceYear":2013},"geometry":{"type":"Point","coordinates":[126.99406014,37.54291896]}},{"type":"Feature","id":"park-private-8504","properties":{"id":"park-private-8504","dataset":"park-private","gu":"용산구","species":"벗나무","heightM":9.0,"crownWidthM":4.0,"rawHeight":9.0,"rawCrownWidth":4.0,"quality":"valid","sourceYear":2013},"geometry":{"type":"Point","coordinates":[126.99102451,37.54391723]}},{"type":"Feature","id":"park-private-8507","properties":{"id":"park-private-8507","dataset":"park-private","gu":"용산구","species":"은행나무","heightM":11.0,"crownWidthM":9.0,"rawHeight":11.0,"rawCrownWidth":9.0,"quality":"valid","sourceYear":2013},"geometry":{"type":"Point","coordinates":[126.99802437,37.54068396]}},{"type":"Feature","id":"park-private-8580","properties":{"id":"park-private-8580","dataset":"park-private","gu":"용산구","species":"벗나무","heightM":15.0,"crownWidthM":7.0,"rawHeight":15.0,"rawCrownWidth":7.0,"quality":"valid","sourceYear":2013},"geometry":{"type":"Point","coordinates":[126.99661985,37.54222224]}},{"type":"Feature","id":"park-private-8620","properties":{"id":"park-private-8620","dataset":"park-private","gu":"용산구","species":"양버즘나무","heightM":9.0,"crownWidthM":8.0,"rawHeight":9.0,"rawCrownWidth":8.0,"quality":"valid","sourceYear":2013},"geometry":{"type":"Point","coordinates":[126.99630043,37.54004223]}},{"type":"Feature","id":"park-private-8685","properties":{"id":"park-private-8685","dataset":"park-private","gu":"용산구","species":"은행나무","heightM":8.0,"crownWidthM":7.0,"rawHeight":8.0,"rawCrownWidth":7.0,"quality":"valid","sourceYear":2013},"geometry":{"type":"Point","coordinates":[126.99759128,37.54016706]}},{"type":"Feature","id":"park-private-8735","properties":{"id":"park-private-8735","dataset":"park-private","gu":"용산구","species":"느티나무","heightM":14.0,"crownWidthM":7.0,"rawHeight":14.0,"rawCrownWidth":7.0,"quality":"valid","sourceYear":2013},"geometry":{"type":"Point","coordinates":[126.99617181,37.54251922]}},{"type":"Feature","id":"park-private-8741","properties":{"id":"park-private-8741","dataset":"park-private","gu":"용산구","species":"벗나무","heightM":15.0,"crownWidthM":7.0,"rawHeight":15.0,"rawCrownWidth":7.0,"quality":"valid","sourceYear":2013},"geometry":{"type":"Point","coordinates":[126.99652062,37.54228451]}},{"type":"Feature","id":"park-private-8762","properties":{"id":"park-private-8762","dataset":"park-private","gu":"용산구","species":"느티나무","heightM":9.0,"crownWidthM":7.0,"rawHeight":9.0,"rawCrownWidth":7.0,"quality":"valid","sourceYear":2013},"geometry":{"type":"Point","coordinates":[126.99729961,37.54063148]}},{"type":"Feature","id":"park-private-8797","properties":{"id":"park-private-8797","dataset":"park-private","gu":"용산구","species":"오동나무","heightM":14.0,"crownWidthM":3.0,"rawHeight":14.0,"rawCrownWidth":3.0,"quality":"valid","sourceYear":2013},"geometry":{"type":"Point","coordinates":[126.99190605,37.543261]}},{"type":"Feature","id":"park-private-8813","properties":{"id":"park-private-8813","dataset":"park-private","gu":"용산구","species":"느티나무","heightM":12.0,"crownWidthM":7.0,"rawHeight":12.0,"rawCrownWidth":7.0,"quality":"valid","sourceYear":2013},"geometry":{"type":"Point","coordinates":[126.99631893,37.54168355]}},{"type":"Feature","id":"park-private-8825","properties":{"id":"park-private-8825","dataset":"park-private","gu":"용산구","species":"양버즘나무","heightM":8.0,"crownWidthM":6.0,"rawHeight":8.0,"rawCrownWidth":6.0,"quality":"valid","sourceYear":2013},"geometry":{"type":"Point","coordinates":[126.99656225,37.54015722]}},{"type":"Feature","id":"park-private-8833","properties":{"id":"park-private-8833","dataset":"park-private","gu":"용산구","species":"사시나무","heightM":10.0,"crownWidthM":6.0,"rawHeight":10.0,"rawCrownWidth":6.0,"quality":"valid","sourceYear":2013},"geometry":{"type":"Point","coordinates":[126.99426471,37.54294773]}},{"type":"Feature","id":"park-private-8863","properties":{"id":"park-private-8863","dataset":"park-private","gu":"용산구","species":"느티나무","heightM":9.0,"crownWidthM":6.0,"rawHeight":9.0,"rawCrownWidth":6.0,"quality":"valid","sourceYear":2013},"geometry":{"type":"Point","coordinates":[126.99798535,37.54062181]}},{"type":"Feature","id":"park-private-8907","properties":{"id":"park-private-8907","dataset":"park-private","gu":"용산구","species":"양버즘나무","heightM":14.0,"crownWidthM":7.0,"rawHeight":14.0,"rawCrownWidth":7.0,"quality":"valid","sourceYear":2013},"geometry":{"type":"Point","coordinates":[126.99304021,37.54353195]}},{"type":"Feature","id":"park-private-8944","properties":{"id":"park-private-8944","dataset":"park-private","gu":"용산구","species":"느티나무","heightM":15.0,"crownWidthM":8.0,"rawHeight":15.0,"rawCrownWidth":8.0,"quality":"valid","sourceYear":2013},"geometry":{"type":"Point","coordinates":[126.99595227,37.54246412]}},{"type":"Feature","id":"park-private-8948","properties":{"id":"park-private-8948","dataset":"park-private","gu":"용산구","species":"벗나무","heightM":13.0,"crownWidthM":5.0,"rawHeight":13.0,"rawCrownWidth":5.0,"quality":"valid","sourceYear":2013},"geometry":{"type":"Point","coordinates":[126.99212566,37.54345996]}},{"type":"Feature","id":"park-private-8953","properties":{"id":"park-private-8953","dataset":"park-private","gu":"용산구","species":"벗나무","heightM":14.0,"crownWidthM":6.0,"rawHeight":14.0,"rawCrownWidth":6.0,"quality":"valid","sourceYear":2013},"geometry":{"type":"Point","coordinates":[126.99491755,37.54272269]}},{"type":"Feature","id":"park-private-8958","properties":{"id":"park-private-8958","dataset":"park-private","gu":"용산구","species":"은행나무","heightM":11.0,"crownWidthM":2.0,"rawHeight":11.0,"rawCrownWidth":2.0,"quality":"valid","sourceYear":2013},"geometry":{"type":"Point","coordinates":[126.9956425,37.54227967]}},{"type":"Feature","id":"park-private-8971","properties":{"id":"park-private-8971","dataset":"park-private","gu":"용산구","species":"버드나무","heightM":10.0,"crownWidthM":5.0,"rawHeight":10.0,"rawCrownWidth":5.0,"quality":"valid","sourceYear":2013},"geometry":{"type":"Point","coordinates":[126.99709178,37.54010229]}},{"type":"Feature","id":"park-private-8979","properties":{"id":"park-private-8979","dataset":"park-private","gu":"용산구","species":"벗나무","heightM":12.0,"crownWidthM":5.0,"rawHeight":12.0,"rawCrownWidth":5.0,"quality":"valid","sourceYear":2013},"geometry":{"type":"Point","coordinates":[126.99740164,37.54081554]}},{"type":"Feature","id":"park-private-8991","properties":{"id":"park-private-8991","dataset":"park-private","gu":"용산구","species":"아까시나무","heightM":10.0,"crownWidthM":4.0,"rawHeight":10.0,"rawCrownWidth":4.0,"quality":"valid","sourceYear":2013},"geometry":{"type":"Point","coordinates":[126.99099138,37.54362013]}},{"type":"Feature","id":"park-private-8997","properties":{"id":"park-private-8997","dataset":"park-private","gu":"용산구","species":"사시나무","heightM":12.0,"crownWidthM":7.0,"rawHeight":12.0,"rawCrownWidth":7.0,"quality":"valid","sourceYear":2013},"geometry":{"type":"Point","coordinates":[126.99006812,37.54244374]}},{"type":"Feature","id":"park-private-9028","properties":{"id":"park-private-9028","dataset":"park-private","gu":"용산구","species":"은행나무","heightM":7.0,"crownWidthM":5.0,"rawHeight":7.0,"rawCrownWidth":5.0,"quality":"valid","sourceYear":2013},"geometry":{"type":"Point","coordinates":[126.99750706,37.54023168]}},{"type":"Feature","id":"park-private-9052","properties":{"id":"park-private-9052","dataset":"park-private","gu":"용산구","species":"양버즘나무","heightM":8.0,"crownWidthM":6.0,"rawHeight":8.0,"rawCrownWidth":6.0,"quality":"valid","sourceYear":2013},"geometry":{"type":"Point","coordinates":[126.99744088,37.54024843]}},{"type":"Feature","id":"park-private-9059","properties":{"id":"park-private-9059","dataset":"park-private","gu":"용산구","species":"느티나무","heightM":10.0,"crownWidthM":5.0,"rawHeight":10.0,"rawCrownWidth":5.0,"quality":"valid","sourceYear":2013},"geometry":{"type":"Point","coordinates":[126.9983856,37.54012176]}},{"type":"Feature","id":"park-private-9104","properties":{"id":"park-private-9104","dataset":"park-private","gu":"용산구","species":"양버즘나무","heightM":14.0,"crownWidthM":7.0,"rawHeight":14.0,"rawCrownWidth":7.0,"quality":"valid","sourceYear":2013},"geometry":{"type":"Point","coordinates":[126.99210759,37.54357971]}},{"type":"Feature","id":"park-private-9108","properties":{"id":"park-private-9108","dataset":"park-private","gu":"용산구","species":"은행나무","heightM":9.0,"crownWidthM":4.0,"rawHeight":9.0,"rawCrownWidth":4.0,"quality":"valid","sourceYear":2013},"geometry":{"type":"Point","coordinates":[126.99101547,37.5439819]}},{"type":"Feature","id":"park-private-9109","properties":{"id":"park-private-9109","dataset":"park-private","gu":"용산구","species":"은행나무","heightM":13.0,"crownWidthM":6.0,"rawHeight":13.0,"rawCrownWidth":6.0,"quality":"valid","sourceYear":2013},"geometry":{"type":"Point","coordinates":[126.99485139,37.54254065]}},{"type":"Feature","id":"park-private-9119","properties":{"id":"park-private-9119","dataset":"park-private","gu":"용산구","species":"사시나무","heightM":13.0,"crownWidthM":7.0,"rawHeight":13.0,"rawCrownWidth":7.0,"quality":"valid","sourceYear":2013},"geometry":{"type":"Point","coordinates":[126.99001102,37.54225224]}},{"type":"Feature","id":"park-private-9135","properties":{"id":"park-private-9135","dataset":"park-private","gu":"용산구","species":"아까시나무","heightM":12.0,"crownWidthM":6.0,"rawHeight":12.0,"rawCrownWidth":6.0,"quality":"valid","sourceYear":2013},"geometry":{"type":"Point","coordinates":[126.99633114,37.54210246]}},{"type":"Feature","id":"park-private-9139","properties":{"id":"park-private-9139","dataset":"park-private","gu":"용산구","species":"사시나무","heightM":14.0,"crownWidthM":7.0,"rawHeight":14.0,"rawCrownWidth":7.0,"quality":"valid","sourceYear":2013},"geometry":{"type":"Point","coordinates":[126.99670701,37.54187973]}},{"type":"Feature","id":"park-private-9169","properties":{"id":"park-private-9169","dataset":"park-private","gu":"용산구","species":"양버즘나무","heightM":8.0,"crownWidthM":6.0,"rawHeight":8.0,"rawCrownWidth":6.0,"quality":"valid","sourceYear":2013},"geometry":{"type":"Point","coordinates":[126.99645389,37.54008058]}},{"type":"Feature","id":"park-private-9179","properties":{"id":"park-private-9179","dataset":"park-private","gu":"용산구","species":"버드나무","heightM":9.0,"crownWidthM":5.0,"rawHeight":9.0,"rawCrownWidth":5.0,"quality":"valid","sourceYear":2013},"geometry":{"type":"Point","coordinates":[126.99710378,37.54000891]}},{"type":"Feature","id":"park-private-9209","properties":{"id":"park-private-9209","dataset":"park-private","gu":"용산구","species":"은행나무","heightM":10.0,"crownWidthM":4.0,"rawHeight":10.0,"rawCrownWidth":4.0,"quality":"valid","sourceYear":2013},"geometry":{"type":"Point","coordinates":[126.99233325,37.54337855]}},{"type":"Feature","id":"park-private-9246","properties":{"id":"park-private-9246","dataset":"park-private","gu":"용산구","species":"느티나무","heightM":8.0,"crownWidthM":7.0,"rawHeight":8.0,"rawCrownWidth":7.0,"quality":"valid","sourceYear":2013},"geometry":{"type":"Point","coordinates":[126.99576237,37.54139909]}},{"type":"Feature","id":"park-private-9323","properties":{"id":"park-private-9323","dataset":"park-private","gu":"용산구","species":"양버즘나무","heightM":14.0,"crownWidthM":7.0,"rawHeight":14.0,"rawCrownWidth":7.0,"quality":"valid","sourceYear":2013},"geometry":{"type":"Point","coordinates":[126.99212866,37.54351744]}},{"type":"Feature","id":"park-private-9324","properties":{"id":"park-private-9324","dataset":"park-private","gu":"용산구","species":"벗나무","heightM":13.0,"crownWidthM":6.0,"rawHeight":13.0,"rawCrownWidth":6.0,"quality":"valid","sourceYear":2013},"geometry":{"type":"Point","coordinates":[126.9949296,37.5426197]}},{"type":"Feature","id":"park-private-9332","properties":{"id":"park-private-9332","dataset":"park-private","gu":"용산구","species":"느티나무","heightM":12.0,"crownWidthM":9.0,"rawHeight":12.0,"rawCrownWidth":9.0,"quality":"valid","sourceYear":2013},"geometry":{"type":"Point","coordinates":[126.99817172,37.54070784]}},{"type":"Feature","id":"park-private-9335","properties":{"id":"park-private-9335","dataset":"park-private","gu":"용산구","species":"측백나무","heightM":10.0,"crownWidthM":4.0,"rawHeight":10.0,"rawCrownWidth":4.0,"quality":"valid","sourceYear":2013},"geometry":{"type":"Point","coordinates":[126.99028733,37.54462605]}},{"type":"Feature","id":"park-private-9963","properties":{"id":"park-private-9963","dataset":"park-private","gu":"용산구","species":"양버즘나무","heightM":14.0,"crownWidthM":7.0,"rawHeight":14.0,"rawCrownWidth":7.0,"quality":"valid","sourceYear":2013},"geometry":{"type":"Point","coordinates":[126.99323575,37.54362779]}},{"type":"Feature","id":"park-private-9985","properties":{"id":"park-private-9985","dataset":"park-private","gu":"용산구","species":"느티나무","heightM":8.0,"crownWidthM":5.0,"rawHeight":8.0,"rawCrownWidth":5.0,"quality":"valid","sourceYear":2013},"geometry":{"type":"Point","coordinates":[126.99811779,37.54006423]}},{"type":"Feature","id":"park-private-9986","properties":{"id":"park-private-9986","dataset":"park-private","gu":"용산구","species":"버드나무","heightM":8.0,"crownWidthM":5.0,"rawHeight":8.0,"rawCrownWidth":5.0,"quality":"valid","sourceYear":2013},"geometry":{"type":"Point","coordinates":[126.99695944,37.54019803]}},{"type":"Feature","id":"park-private-10058","properties":{"id":"park-private-10058","dataset":"park-private","gu":"용산구","species":"가중나무","heightM":10.0,"crownWidthM":6.0,"rawHeight":10.0,"rawCrownWidth":6.0,"quality":"valid","sourceYear":2013},"geometry":{"type":"Point","coordinates":[126.99093427,37.54383818]}},{"type":"Feature","id":"park-private-10080","properties":{"id":"park-private-10080","dataset":"park-private","gu":"용산구","species":"아까시나무","heightM":15.0,"crownWidthM":6.0,"rawHeight":15.0,"rawCrownWidth":6.0,"quality":"valid","sourceYear":2013},"geometry":{"type":"Point","coordinates":[126.99412933,37.54293095]}},{"type":"Feature","id":"park-private-10152","properties":{"id":"park-private-10152","dataset":"park-private","gu":"용산구","species":"은행나무","heightM":10.0,"crownWidthM":2.0,"rawHeight":10.0,"rawCrownWidth":2.0,"quality":"valid","sourceYear":2013},"geometry":{"type":"Point","coordinates":[126.99577481,37.54220064]}},{"type":"Feature","id":"park-private-10257","properties":{"id":"park-private-10257","dataset":"park-private","gu":"용산구","species":"양버즘나무","heightM":11.0,"crownWidthM":6.0,"rawHeight":11.0,"rawCrownWidth":6.0,"quality":"valid","sourceYear":2013},"geometry":{"type":"Point","coordinates":[126.99803649,37.54061463]}},{"type":"Feature","id":"park-private-10899","properties":{"id":"park-private-10899","dataset":"park-private","gu":"용산구","species":"은행나무","heightM":10.0,"crownWidthM":7.0,"rawHeight":10.0,"rawCrownWidth":7.0,"quality":"valid","sourceYear":2013},"geometry":{"type":"Point","coordinates":[126.99759142,37.54049029]}},{"type":"Feature","id":"park-private-11155","properties":{"id":"park-private-11155","dataset":"park-private","gu":"용산구","species":"벗나무","heightM":14.0,"crownWidthM":7.0,"rawHeight":14.0,"rawCrownWidth":7.0,"quality":"valid","sourceYear":2013},"geometry":{"type":"Point","coordinates":[126.99677919,37.54191327]}},{"type":"Feature","id":"park-private-11173","properties":{"id":"park-private-11173","dataset":"park-private","gu":"용산구","species":"잎갈나무","heightM":15.0,"crownWidthM":8.0,"rawHeight":15.0,"rawCrownWidth":8.0,"quality":"valid","sourceYear":2013},"geometry":{"type":"Point","coordinates":[126.99658672,37.54187254]}},{"type":"Feature","id":"park-private-11827","properties":{"id":"park-private-11827","dataset":"park-private","gu":"용산구","species":"벗나무","heightM":11.0,"crownWidthM":4.0,"rawHeight":11.0,"rawCrownWidth":4.0,"quality":"valid","sourceYear":2013},"geometry":{"type":"Point","coordinates":[126.99645443,37.54201864]}},{"type":"Feature","id":"park-private-11830","properties":{"id":"park-private-11830","dataset":"park-private","gu":"용산구","species":"아까시나무","heightM":1.0,"crownWidthM":6.0,"rawHeight":1.0,"rawCrownWidth":6.0,"quality":"valid","sourceYear":2013},"geometry":{"type":"Point","coordinates":[126.99419552,37.54293814]}},{"type":"Feature","id":"park-private-11902","properties":{"id":"park-private-11902","dataset":"park-private","gu":"용산구","species":"은행나무","heightM":15.0,"crownWidthM":7.0,"rawHeight":15.0,"rawCrownWidth":7.0,"quality":"valid","sourceYear":2013},"geometry":{"type":"Point","coordinates":[126.99197824,37.54348149]}},{"type":"Feature","id":"park-private-11988","properties":{"id":"park-private-11988","dataset":"park-private","gu":"용산구","species":"양버즘나무","heightM":7.0,"crownWidthM":5.0,"rawHeight":7.0,"rawCrownWidth":5.0,"quality":"valid","sourceYear":2013},"geometry":{"type":"Point","coordinates":[126.99098841,37.5438837]}},{"type":"Feature","id":"park-private-12083","properties":{"id":"park-private-12083","dataset":"park-private","gu":"용산구","species":"양버즘나무","heightM":10.0,"crownWidthM":8.0,"rawHeight":10.0,"rawCrownWidth":8.0,"quality":"valid","sourceYear":2013},"geometry":{"type":"Point","coordinates":[126.99669771,37.54030091]}},{"type":"Feature","id":"park-private-12160","properties":{"id":"park-private-12160","dataset":"park-private","gu":"용산구","species":"은행나무","heightM":8.0,"crownWidthM":5.0,"rawHeight":8.0,"rawCrownWidth":5.0,"quality":"valid","sourceYear":2013},"geometry":{"type":"Point","coordinates":[126.99707977,37.54015257]}},{"type":"Feature","id":"park-private-12204","properties":{"id":"park-private-12204","dataset":"park-private","gu":"용산구","species":"양버즘나무","heightM":7.0,"crownWidthM":9.0,"rawHeight":7.0,"rawCrownWidth":9.0,"quality":"valid","sourceYear":2013},"geometry":{"type":"Point","coordinates":[126.99711296,37.54037285]}},{"type":"Feature","id":"park-private-12256","properties":{"id":"park-private-12256","dataset":"park-private","gu":"용산구","species":"양버즘나무","heightM":10.0,"crownWidthM":7.0,"rawHeight":10.0,"rawCrownWidth":7.0,"quality":"valid","sourceYear":2013},"geometry":{"type":"Point","coordinates":[126.99625533,37.5401332]}},{"type":"Feature","id":"park-private-12260","properties":{"id":"park-private-12260","dataset":"park-private","gu":"용산구","species":"은행나무","heightM":11.0,"crownWidthM":2.0,"rawHeight":11.0,"rawCrownWidth":2.0,"quality":"valid","sourceYear":2013},"geometry":{"type":"Point","coordinates":[126.99599433,37.54209526]}},{"type":"Feature","id":"park-private-14952","properties":{"id":"park-private-14952","dataset":"park-private","gu":"용산구","species":"메타세쿼이아","heightM":13.0,"crownWidthM":6.0,"rawHeight":13.0,"rawCrownWidth":6.0,"quality":"valid","sourceYear":2013},"geometry":{"type":"Point","coordinates":[126.9953147,37.54232515]}},{"type":"Feature","id":"park-private-15056","properties":{"id":"park-private-15056","dataset":"park-private","gu":"용산구","species":"양버즘나무","heightM":10.0,"crownWidthM":2.0,"rawHeight":10.0,"rawCrownWidth":2.0,"quality":"valid","sourceYear":2013},"geometry":{"type":"Point","coordinates":[126.99214112,37.54313635]}},{"type":"Feature","id":"park-private-15068","properties":{"id":"park-private-15068","dataset":"park-private","gu":"용산구","species":"오동나무","heightM":12.0,"crownWidthM":5.0,"rawHeight":12.0,"rawCrownWidth":5.0,"quality":"valid","sourceYear":2013},"geometry":{"type":"Point","coordinates":[126.99715803,37.54081318]}},{"type":"Feature","id":"park-private-15070","properties":{"id":"park-private-15070","dataset":"park-private","gu":"용산구","species":"양버즘나무","heightM":12.0,"crownWidthM":6.0,"rawHeight":12.0,"rawCrownWidth":6.0,"quality":"valid","sourceYear":2013},"geometry":{"type":"Point","coordinates":[126.99632455,37.54017871]}},{"type":"Feature","id":"park-private-164295","properties":{"id":"park-private-164295","dataset":"park-private","gu":"용산구","species":"은행나무","heightM":9.0,"crownWidthM":5.0,"rawHeight":9.0,"rawCrownWidth":5.0,"quality":"valid","sourceYear":2013},"geometry":{"type":"Point","coordinates":[126.99704078,37.54077495]}},{"type":"Feature","id":"park-private-164373","properties":{"id":"park-private-164373","dataset":"park-private","gu":"용산구","species":"양버즘나무","heightM":10.0,"crownWidthM":null,"rawHeight":10.0,"rawCrownWidth":66.0,"quality":"review","sourceYear":2013},"geometry":{"type":"Point","coordinates":[126.99202338,37.54340245]}},{"type":"Feature","id":"park-private-165265","properties":{"id":"park-private-165265","dataset":"park-private","gu":"용산구","species":"은행나무","heightM":12.0,"crownWidthM":5.0,"rawHeight":12.0,"rawCrownWidth":5.0,"quality":"valid","sourceYear":2013},"geometry":{"type":"Point","coordinates":[126.99192753,37.54321774]}},{"type":"Feature","id":"park-private-166366","properties":{"id":"park-private-166366","dataset":"park-private","gu":"용산구","species":"양버즘나무","heightM":10.0,"crownWidthM":7.0,"rawHeight":10.0,"rawCrownWidth":7.0,"quality":"valid","sourceYear":2013},"geometry":{"type":"Point","coordinates":[126.99680303,37.54033207]}},{"type":"Feature","id":"park-private-166381","properties":{"id":"park-private-166381","dataset":"park-private","gu":"용산구","species":"은행나무","heightM":11.0,"crownWidthM":8.0,"rawHeight":11.0,"rawCrownWidth":8.0,"quality":"valid","sourceYear":2013},"geometry":{"type":"Point","coordinates":[126.99815076,37.54062895]}},{"type":"Feature","id":"park-private-166384","properties":{"id":"park-private-166384","dataset":"park-private","gu":"용산구","species":"아까시나무","heightM":12.0,"crownWidthM":7.0,"rawHeight":12.0,"rawCrownWidth":7.0,"quality":"valid","sourceYear":2013},"geometry":{"type":"Point","coordinates":[126.99642737,37.54209049]}},{"type":"Feature","id":"park-private-166953","properties":{"id":"park-private-166953","dataset":"park-private","gu":"용산구","species":"은행나무","heightM":8.0,"crownWidthM":6.0,"rawHeight":8.0,"rawCrownWidth":6.0,"quality":"valid","sourceYear":2013},"geometry":{"type":"Point","coordinates":[126.99755218,37.54020296]}},{"type":"Feature","id":"park-private-167247","properties":{"id":"park-private-167247","dataset":"park-private","gu":"용산구","species":"향나무","heightM":14.0,"crownWidthM":6.0,"rawHeight":14.0,"rawCrownWidth":6.0,"quality":"valid","sourceYear":2013},"geometry":{"type":"Point","coordinates":[126.99421956,37.54320161]}},{"type":"Feature","id":"park-private-167248","properties":{"id":"park-private-167248","dataset":"park-private","gu":"용산구","species":"은행나무","heightM":14.0,"crownWidthM":8.0,"rawHeight":14.0,"rawCrownWidth":8.0,"quality":"valid","sourceYear":2013},"geometry":{"type":"Point","coordinates":[126.99579888,37.54231321]}},{"type":"Feature","id":"park-private-170064","properties":{"id":"park-private-170064","dataset":"park-private","gu":"용산구","species":"양버즘나무","heightM":14.0,"crownWidthM":7.0,"rawHeight":14.0,"rawCrownWidth":7.0,"quality":"valid","sourceYear":2013},"geometry":{"type":"Point","coordinates":[126.99320266,37.54366371]}},{"type":"Feature","id":"park-private-170147","properties":{"id":"park-private-170147","dataset":"park-private","gu":"용산구","species":"메타세쿼이아","heightM":14.0,"crownWidthM":6.0,"rawHeight":14.0,"rawCrownWidth":6.0,"quality":"valid","sourceYear":2013},"geometry":{"type":"Point","coordinates":[126.99516426,37.54255506]}},{"type":"Feature","id":"park-private-170156","properties":{"id":"park-private-170156","dataset":"park-private","gu":"용산구","species":"은행나무","heightM":13.0,"crownWidthM":3.0,"rawHeight":13.0,"rawCrownWidth":3.0,"quality":"valid","sourceYear":2013},"geometry":{"type":"Point","coordinates":[126.99190606,37.54330902]}},{"type":"Feature","id":"park-private-170275","properties":{"id":"park-private-170275","dataset":"park-private","gu":"용산구","species":"느티나무","heightM":8.0,"crownWidthM":5.0,"rawHeight":8.0,"rawCrownWidth":5.0,"quality":"valid","sourceYear":2013},"geometry":{"type":"Point","coordinates":[126.99833443,37.54007147]}},{"type":"Feature","id":"park-private-170438","properties":{"id":"park-private-170438","dataset":"park-private","gu":"용산구","species":"은행나무","heightM":13.0,"crownWidthM":6.0,"rawHeight":13.0,"rawCrownWidth":6.0,"quality":"valid","sourceYear":2013},"geometry":{"type":"Point","coordinates":[126.99204442,37.54353898]}},{"type":"Feature","id":"park-private-170737","properties":{"id":"park-private-170737","dataset":"park-private","gu":"용산구","species":"단풍나무","heightM":14.0,"crownWidthM":6.0,"rawHeight":14.0,"rawCrownWidth":6.0,"quality":"valid","sourceYear":2013},"geometry":{"type":"Point","coordinates":[126.99697737,37.54140847]}},{"type":"Feature","id":"park-private-170741","properties":{"id":"park-private-170741","dataset":"park-private","gu":"용산구","species":"은행나무","heightM":14.0,"crownWidthM":6.0,"rawHeight":14.0,"rawCrownWidth":6.0,"quality":"valid","sourceYear":2013},"geometry":{"type":"Point","coordinates":[126.99478515,37.54310349]}},{"type":"Feature","id":"park-private-170747","properties":{"id":"park-private-170747","dataset":"park-private","gu":"용산구","species":"벗나무","heightM":10.0,"crownWidthM":5.0,"rawHeight":10.0,"rawCrownWidth":5.0,"quality":"valid","sourceYear":2013},"geometry":{"type":"Point","coordinates":[126.99718519,37.54073907]}},{"type":"Feature","id":"park-private-170829","properties":{"id":"park-private-170829","dataset":"park-private","gu":"용산구","species":"벗나무","heightM":10.0,"crownWidthM":5.0,"rawHeight":10.0,"rawCrownWidth":5.0,"quality":"valid","sourceYear":2013},"geometry":{"type":"Point","coordinates":[126.99708295,37.54071757]}},{"type":"Feature","id":"park-private-170831","properties":{"id":"park-private-170831","dataset":"park-private","gu":"용산구","species":"은행나무","heightM":16.0,"crownWidthM":6.0,"rawHeight":16.0,"rawCrownWidth":6.0,"quality":"valid","sourceYear":2013},"geometry":{"type":"Point","coordinates":[126.99393379,37.54290457]}},{"type":"Feature","id":"park-private-171127","properties":{"id":"park-private-171127","dataset":"park-private","gu":"용산구","species":"양버즘나무","heightM":8.0,"crownWidthM":5.0,"rawHeight":8.0,"rawCrownWidth":5.0,"quality":"valid","sourceYear":2013},"geometry":{"type":"Point","coordinates":[126.99655926,37.54021708]}}]}