{"type":"FeatureCollection","features":[{"type":"Feature","id":"street-135222","properties":{"id":"street-135222","dataset":"street","gu":"영등포구","species":"은행나무","heightM":7.0,"crownWidthM":2.0,"rawHeight":7.0,"rawCrownWidth":2.0,"quality":"valid","sourceYear":2013},"geometry":{"type":"Point","coordinates":[126.93792678,37.51940648]}},{"type":"Feature","id":"street-135571","properties":{"id":"street-135571","dataset":"street","gu":"영등포구","species":"벚나무","heightM":6.0,"crownWidthM":7.0,"rawHeight":6.0,"rawCrownWidth":7.0,"quality":"valid","sourceYear":2013},"geometry":{"type":"Point","coordinates":[126.93347996,37.51720205]}},{"type":"Feature","id":"street-135765","properties":{"id":"street-135765","dataset":"street","gu":"영등포구","species":"벚나무","heightM":6.0,"crownWidthM":5.0,"rawHeight":6.0,"rawCrownWidth":5.0,"quality":"valid","sourceYear":2013},"geometry":{"type":"Point","coordinates":[126.93780086,37.51779765]}},{"type":"Feature","id":"street-135943","properties":{"id":"street-135943","dataset":"street","gu":"영등포구","species":"은행나무","heightM":6.0,"crownWidthM":3.0,"rawHeight":6.0,"rawCrownWidth":3.0,"quality":"valid","sourceYear":2013},"geometry":{"type":"Point","coordinates":[126.93583108,37.51831397]}},{"type":"Feature","id":"street-136132","properties":{"id":"street-136132","dataset":"street","gu":"영등포구","species":"은행나무","heightM":6.0,"crownWidthM":3.0,"rawHeight":6.0,"rawCrownWidth":3.0,"quality":"valid","sourceYear":2013},"geometry":{"type":"Point","coordinates":[126.93821362,37.51958853]}},{"type":"Feature","id":"street-136218","properties":{"id":"street-136218","dataset":"street","gu":"영등포구","species":"벚나무","heightM":5.0,"crownWidthM":3.0,"rawHeight":5.0,"rawCrownWidth":3.0,"quality":"valid","sourceYear":2013},"geometry":{"type":"Point","coordinates":[126.93515681,37.51738683]}},{"type":"Feature","id":"street-136237","properties":{"id":"street-136237","dataset":"street","gu":"영등포구","species":"회화나무","heightM":7.0,"crownWidthM":4.0,"rawHeight":7.0,"rawCrownWidth":4.0,"quality":"valid","sourceYear":2013},"geometry":{"type":"Point","coordinates":[126.93713063,37.51910753]}},{"type":"Feature","id":"street-136319","properties":{"id":"street-136319","dataset":"street","gu":"영등포구","species":"벚나무","heightM":6.0,"crownWidthM":6.0,"rawHeight":6.0,"rawCrownWidth":6.0,"quality":"valid","sourceYear":2013},"geometry":{"type":"Point","coordinates":[126.9321119,37.5170888]}},{"type":"Feature","id":"street-136321","properties":{"id":"street-136321","dataset":"street","gu":"영등포구","species":"은행나무","heightM":6.0,"crownWidthM":4.0,"rawHeight":6.0,"rawCrownWidth":4.0,"quality":"valid","sourceYear":2013},"geometry":{"type":"Point","coordinates":[126.93576738,37.51805993]}},{"type":"Feature","id":"street-136328","properties":{"id":"street-136328","dataset":"street","gu":"영등포구","species":"은행나무","heightM":10.0,"crownWidthM":3.0,"rawHeight":10.0,"rawCrownWidth":3.0,"quality":"valid","sourceYear":2013},"geometry":{"type":"Point","coordinates":[126.93064061,37.51965916]}},{"type":"Feature","id":"street-136589","properties":{"id":"street-136589","dataset":"street","gu":"영등포구","species":"은행나무","heightM":5.0,"crownWidthM":3.0,"rawHeight":5.0,"rawCrownWidth":3.0,"quality":"valid","sourceYear":2013},"geometry":{"type":"Point","coordinates":[126.93444931,37.51847339]}},{"type":"Feature","id":"street-136632","properties":{"id":"street-136632","dataset":"street","gu":"영등포구","species":"은행나무","heightM":10.0,"crownWidthM":3.0,"rawHeight":10.0,"rawCrownWidth":3.0,"quality":"valid","sourceYear":2013},"geometry":{"type":"Point","coordinates":[126.93076062,37.51954128]}},{"type":"Feature","id":"street-136685","properties":{"id":"street-136685","dataset":"street","gu":"영등포구","species":"양버즘나무","heightM":7.0,"crownWidthM":3.0,"rawHeight":7.0,"rawCrownWidth":3.0,"quality":"valid","sourceYear":2013},"geometry":{"type":"Point","coordinates":[126.93460704,37.51831507]}},{"type":"Feature","id":"street-136710","properties":{"id":"street-136710","dataset":"street","gu":"영등포구","species":"벚나무","heightM":6.0,"crownWidthM":4.0,"rawHeight":6.0,"rawCrownWidth":4.0,"quality":"valid","sourceYear":2013},"geometry":{"type":"Point","coordinates":[126.93772632,37.51778275]}},{"type":"Feature","id":"street-136820","properties":{"id":"street-136820","dataset":"street","gu":"영등포구","species":"벚나무","heightM":6.0,"crownWidthM":6.0,"rawHeight":6.0,"rawCrownWidth":6.0,"quality":"valid","sourceYear":2013},"geometry":{"type":"Point","coordinates":[126.93227327,37.51709456]}},{"type":"Feature","id":"street-136879","properties":{"id":"street-136879","dataset":"street","gu":"영등포구","species":"은행나무","heightM":7.0,"crownWidthM":4.0,"rawHeight":7.0,"rawCrownWidth":4.0,"quality":"valid","sourceYear":2013},"geometry":{"type":"Point","coordinates":[126.9352693,37.51795962]}},{"type":"Feature","id":"street-136890","properties":{"id":"street-136890","dataset":"street","gu":"영등포구","species":"느티나무","heightM":5.0,"crownWidthM":4.0,"rawHeight":5.0,"rawCrownWidth":4.0,"quality":"valid","sourceYear":2013},"geometry":{"type":"Point","coordinates":[126.93444885,37.51811814]}},{"type":"Feature","id":"street-136903","properties":{"id":"street-136903","dataset":"street","gu":"영등포구","species":"은행나무","heightM":7.0,"crownWidthM":3.0,"rawHeight":7.0,"rawCrownWidth":3.0,"quality":"valid","sourceYear":2013},"geometry":{"type":"Point","coordinates":[126.93698429,37.51901884]}},{"type":"Feature","id":"street-136994","properties":{"id":"street-136994","dataset":"street","gu":"영등포구","species":"회화나무","heightM":6.0,"crownWidthM":4.0,"rawHeight":6.0,"rawCrownWidth":4.0,"quality":"valid","sourceYear":2013},"geometry":{"type":"Point","coordinates":[126.93646329,37.51869675]}},{"type":"Feature","id":"street-137003","properties":{"id":"street-137003","dataset":"street","gu":"영등포구","species":"은행나무","heightM":7.0,"crownWidthM":3.0,"rawHeight":7.0,"rawCrownWidth":3.0,"quality":"valid","sourceYear":2013},"geometry":{"type":"Point","coordinates":[126.93362773,37.51931965]}},{"type":"Feature","id":"street-137087","properties":{"id":"street-137087","dataset":"street","gu":"영등포구","species":"은행나무","heightM":7.0,"crownWidthM":5.0,"rawHeight":7.0,"rawCrownWidth":5.0,"quality":"valid","sourceYear":2013},"geometry":{"type":"Point","coordinates":[126.93538912,37.51782372]}},{"type":"Feature","id":"street-137183","properties":{"id":"street-137183","dataset":"street","gu":"영등포구","species":"벚나무","heightM":6.0,"crownWidthM":3.0,"rawHeight":6.0,"rawCrownWidth":3.0,"quality":"valid","sourceYear":2013},"geometry":{"type":"Point","coordinates":[126.93811766,37.51784241]}},{"type":"Feature","id":"street-137373","properties":{"id":"street-137373","dataset":"street","gu":"영등포구","species":"느티나무","heightM":6.0,"crownWidthM":4.0,"rawHeight":6.0,"rawCrownWidth":4.0,"quality":"valid","sourceYear":2013},"geometry":{"type":"Point","coordinates":[126.93751228,37.51792587]}},{"type":"Feature","id":"street-137440","properties":{"id":"street-137440","dataset":"street","gu":"영등포구","species":"느티나무","heightM":6.0,"crownWidthM":4.0,"rawHeight":6.0,"rawCrownWidth":4.0,"quality":"valid","sourceYear":2013},"geometry":{"type":"Point","coordinates":[126.93643831,37.51775306]}},{"type":"Feature","id":"street-137452","properties":{"id":"street-137452","dataset":"street","gu":"영등포구","species":"은행나무","heightM":6.0,"crownWidthM":3.0,"rawHeight":6.0,"rawCrownWidth":3.0,"quality":"valid","sourceYear":2013},"geometry":{"type":"Point","coordinates":[126.93680282,37.51869698]}},{"type":"Feature","id":"street-137523","properties":{"id":"street-137523","dataset":"street","gu":"영등포구","species":"은행나무","heightM":10.0,"crownWidthM":3.0,"rawHeight":10.0,"rawCrownWidth":3.0,"quality":"valid","sourceYear":2013},"geometry":{"type":"Point","coordinates":[126.93073592,37.51956654]}},{"type":"Feature","id":"street-137525","properties":{"id":"street-137525","dataset":"street","gu":"영등포구","species":"양버즘나무","heightM":8.0,"crownWidthM":3.0,"rawHeight":8.0,"rawCrownWidth":3.0,"quality":"valid","sourceYear":2013},"geometry":{"type":"Point","coordinates":[126.93442594,37.51850133]}},{"type":"Feature","id":"street-137540","properties":{"id":"street-137540","dataset":"street","gu":"영등포구","species":"은행나무","heightM":7.0,"crownWidthM":4.0,"rawHeight":7.0,"rawCrownWidth":4.0,"quality":"valid","sourceYear":2013},"geometry":{"type":"Point","coordinates":[126.93532784,37.51800158]}},{"type":"Feature","id":"street-137654","properties":{"id":"street-137654","dataset":"street","gu":"영등포구","species":"벚나무","heightM":6.0,"crownWidthM":4.0,"rawHeight":6.0,"rawCrownWidth":4.0,"quality":"valid","sourceYear":2013},"geometry":{"type":"Point","coordinates":[126.93526224,37.51740678]}},{"type":"Feature","id":"street-137718","properties":{"id":"street-137718","dataset":"street","gu":"영등포구","species":"회화나무","heightM":6.0,"crownWidthM":5.0,"rawHeight":6.0,"rawCrownWidth":5.0,"quality":"valid","sourceYear":2013},"geometry":{"type":"Point","coordinates":[126.93773359,37.51949029]}},{"type":"Feature","id":"street-137826","properties":{"id":"street-137826","dataset":"street","gu":"영등포구","species":"은행나무","heightM":6.0,"crownWidthM":1.0,"rawHeight":6.0,"rawCrownWidth":1.0,"quality":"valid","sourceYear":2013},"geometry":{"type":"Point","coordinates":[126.93463623,37.51828254]}},{"type":"Feature","id":"street-137889","properties":{"id":"street-137889","dataset":"street","gu":"영등포구","species":"은행나무","heightM":7.0,"crownWidthM":3.0,"rawHeight":7.0,"rawCrownWidth":3.0,"quality":"valid","sourceYear":2013},"geometry":{"type":"Point","coordinates":[126.93910824,37.51818028]}},{"type":"Feature","id":"street-137907","properties":{"id":"street-137907","dataset":"street","gu":"영등포구","species":"느티나무","heightM":5.0,"crownWidthM":4.0,"rawHeight":5.0,"rawCrownWidth":4.0,"quality":"valid","sourceYear":2013},"geometry":{"type":"Point","coordinates":[126.93779427,37.5179643]}},{"type":"Feature","id":"street-137927","properties":{"id":"street-137927","dataset":"street","gu":"영등포구","species":"양버즘나무","heightM":8.0,"crownWidthM":4.0,"rawHeight":8.0,"rawCrownWidth":4.0,"quality":"valid","sourceYear":2013},"geometry":{"type":"Point","coordinates":[126.93292408,37.51963174]}},{"type":"Feature","id":"street-138000","properties":{"id":"street-138000","dataset":"street","gu":"영등포구","species":"느티나무","heightM":5.0,"crownWidthM":2.0,"rawHeight":5.0,"rawCrownWidth":2.0,"quality":"valid","sourceYear":2013},"geometry":{"type":"Point","coordinates":[126.93021218,37.51713243]}},{"type":"Feature","id":"street-138011","properties":{"id":"street-138011","dataset":"street","gu":"영등포구","species":"벚나무","heightM":5.0,"crownWidthM":5.0,"rawHeight":5.0,"rawCrownWidth":5.0,"quality":"valid","sourceYear":2013},"geometry":{"type":"Point","coordinates":[126.93303096,37.51716245]}},{"type":"Feature","id":"street-138015","properties":{"id":"street-138015","dataset":"street","gu":"영등포구","species":"양버즘나무","heightM":8.0,"crownWidthM":4.0,"rawHeight":8.0,"rawCrownWidth":4.0,"quality":"valid","sourceYear":2013},"geometry":{"type":"Point","coordinates":[126.93302237,37.51958065]}},{"type":"Feature","id":"street-138083","properties":{"id":"street-138083","dataset":"street","gu":"영등포구","species":"벚나무","heightM":5.0,"crownWidthM":5.0,"rawHeight":5.0,"rawCrownWidth":5.0,"quality":"valid","sourceYear":2013},"geometry":{"type":"Point","coordinates":[126.93994338,37.5182295]}},{"type":"Feature","id":"street-138091","properties":{"id":"street-138091","dataset":"street","gu":"영등포구","species":"느티나무","heightM":6.0,"crownWidthM":4.0,"rawHeight":6.0,"rawCrownWidth":4.0,"quality":"valid","sourceYear":2013},"geometry":{"type":"Point","coordinates":[126.93759628,37.51793549]}},{"type":"Feature","id":"street-138147","properties":{"id":"street-138147","dataset":"street","gu":"영등포구","species":"은행나무","heightM":6.0,"crownWidthM":1.0,"rawHeight":6.0,"rawCrownWidth":1.0,"quality":"valid","sourceYear":2013},"geometry":{"type":"Point","coordinates":[126.93467125,37.51824528]}},{"type":"Feature","id":"street-138170","properties":{"id":"street-138170","dataset":"street","gu":"영등포구","species":"은행나무","heightM":8.0,"crownWidthM":4.0,"rawHeight":8.0,"rawCrownWidth":4.0,"quality":"valid","sourceYear":2013},"geometry":{"type":"Point","coordinates":[126.93055126,37.51866245]}},{"type":"Feature","id":"street-138173","properties":{"id":"street-138173","dataset":"street","gu":"영등포구","species":"은행나무","heightM":12.0,"crownWidthM":4.0,"rawHeight":12.0,"rawCrownWidth":4.0,"quality":"valid","sourceYear":2013},"geometry":{"type":"Point","coordinates":[126.93006171,37.51997601]}},{"type":"Feature","id":"street-138180","properties":{"id":"street-138180","dataset":"street","gu":"영등포구","species":"은행나무","heightM":8.0,"crownWidthM":4.0,"rawHeight":8.0,"rawCrownWidth":4.0,"quality":"valid","sourceYear":2013},"geometry":{"type":"Point","coordinates":[126.93450678,37.51748509]}},{"type":"Feature","id":"street-138185","properties":{"id":"street-138185","dataset":"street","gu":"영등포구","species":"회화나무","heightM":7.0,"crownWidthM":4.0,"rawHeight":7.0,"rawCrownWidth":4.0,"quality":"valid","sourceYear":2013},"geometry":{"type":"Point","coordinates":[126.93809069,37.51970502]}},{"type":"Feature","id":"street-138218","properties":{"id":"street-138218","dataset":"street","gu":"영등포구","species":"벚나무","heightM":6.0,"crownWidthM":5.0,"rawHeight":6.0,"rawCrownWidth":5.0,"quality":"valid","sourceYear":2013},"geometry":{"type":"Point","coordinates":[126.93736293,37.51772312]}},{"type":"Feature","id":"street-138219","properties":{"id":"street-138219","dataset":"street","gu":"영등포구","species":"벚나무","heightM":6.0,"crownWidthM":6.0,"rawHeight":6.0,"rawCrownWidth":6.0,"quality":"valid","sourceYear":2013},"geometry":{"type":"Point","coordinates":[126.9326451,37.5171285]}},{"type":"Feature","id":"street-138355","properties":{"id":"street-138355","dataset":"street","gu":"영등포구","species":"은행나무","heightM":6.0,"crownWidthM":2.0,"rawHeight":6.0,"rawCrownWidth":2.0,"quality":"valid","sourceYear":2013},"geometry":{"type":"Point","coordinates":[126.93028766,37.51894493]}},{"type":"Feature","id":"street-138405","properties":{"id":"street-138405","dataset":"street","gu":"영등포구","species":"회화나무","heightM":5.0,"crownWidthM":2.0,"rawHeight":5.0,"rawCrownWidth":2.0,"quality":"valid","sourceYear":2013},"geometry":{"type":"Point","coordinates":[126.93575498,37.51826262]}},{"type":"Feature","id":"street-138417","properties":{"id":"street-138417","dataset":"street","gu":"영등포구","species":"느티나무","heightM":5.0,"crownWidthM":2.0,"rawHeight":5.0,"rawCrownWidth":2.0,"quality":"valid","sourceYear":2013},"geometry":{"type":"Point","coordinates":[126.93007415,37.5171228]}},{"type":"Feature","id":"street-138438","properties":{"id":"street-138438","dataset":"street","gu":"영등포구","species":"양버즘나무","heightM":7.0,"crownWidthM":3.0,"rawHeight":7.0,"rawCrownWidth":3.0,"quality":"valid","sourceYear":2013},"geometry":{"type":"Point","coordinates":[126.93328691,37.51967733]}},{"type":"Feature","id":"street-138547","properties":{"id":"street-138547","dataset":"street","gu":"영등포구","species":"느티나무","heightM":5.0,"crownWidthM":4.0,"rawHeight":5.0,"rawCrownWidth":4.0,"quality":"valid","sourceYear":2013},"geometry":{"type":"Point","coordinates":[126.93680429,37.51781544]}},{"type":"Feature","id":"street-138553","properties":{"id":"street-138553","dataset":"street","gu":"영등포구","species":"벚나무","heightM":5.0,"crownWidthM":4.0,"rawHeight":5.0,"rawCrownWidth":4.0,"quality":"valid","sourceYear":2013},"geometry":{"type":"Point","coordinates":[126.93436474,37.51820497]}},{"type":"Feature","id":"street-138574","properties":{"id":"street-138574","dataset":"street","gu":"영등포구","species":"회화나무","heightM":6.0,"crownWidthM":5.0,"rawHeight":6.0,"rawCrownWidth":5.0,"quality":"valid","sourceYear":2013},"geometry":{"type":"Point","coordinates":[126.93661475,37.51858184]}},{"type":"Feature","id":"street-138627","properties":{"id":"street-138627","dataset":"street","gu":"영등포구","species":"느티나무","heightM":5.0,"crownWidthM":3.0,"rawHeight":5.0,"rawCrownWidth":3.0,"quality":"valid","sourceYear":2013},"geometry":{"type":"Point","coordinates":[126.93106399,37.51719062]}},{"type":"Feature","id":"street-138673","properties":{"id":"street-138673","dataset":"street","gu":"영등포구","species":"은행나무","heightM":6.0,"crownWidthM":2.0,"rawHeight":6.0,"rawCrownWidth":2.0,"quality":"valid","sourceYear":2013},"geometry":{"type":"Point","coordinates":[126.93317103,37.519427]}},{"type":"Feature","id":"street-138692","properties":{"id":"street-138692","dataset":"street","gu":"영등포구","species":"벚나무","heightM":6.0,"crownWidthM":6.0,"rawHeight":6.0,"rawCrownWidth":6.0,"quality":"valid","sourceYear":2013},"geometry":{"type":"Point","coordinates":[126.93143137,37.51704334]}},{"type":"Feature","id":"street-138732","properties":{"id":"street-138732","dataset":"street","gu":"영등포구","species":"은행나무","heightM":8.0,"crownWidthM":3.0,"rawHeight":8.0,"rawCrownWidth":3.0,"quality":"valid","sourceYear":2013},"geometry":{"type":"Point","coordinates":[126.93061974,37.51882034]}},{"type":"Feature","id":"street-138736","properties":{"id":"street-138736","dataset":"street","gu":"영등포구","species":"회화나무","heightM":8.0,"crownWidthM":4.0,"rawHeight":8.0,"rawCrownWidth":4.0,"quality":"valid","sourceYear":2013},"geometry":{"type":"Point","coordinates":[126.93667403,37.51882745]}},{"type":"Feature","id":"street-138762","properties":{"id":"street-138762","dataset":"street","gu":"영등포구","species":"은행나무","heightM":7.0,"crownWidthM":4.0,"rawHeight":7.0,"rawCrownWidth":4.0,"quality":"valid","sourceYear":2013},"geometry":{"type":"Point","coordinates":[126.93843607,37.5199244]}},{"type":"Feature","id":"street-138772","properties":{"id":"street-138772","dataset":"street","gu":"영등포구","species":"회화나무","heightM":6.0,"crownWidthM":4.0,"rawHeight":6.0,"rawCrownWidth":4.0,"quality":"valid","sourceYear":2013},"geometry":{"type":"Point","coordinates":[126.93827216,37.51962587]}},{"type":"Feature","id":"street-138858","properties":{"id":"street-138858","dataset":"street","gu":"영등포구","species":"벚나무","heightM":5.0,"crownWidthM":5.0,"rawHeight":5.0,"rawCrownWidth":5.0,"quality":"valid","sourceYear":2013},"geometry":{"type":"Point","coordinates":[126.9391426,37.51801382]}},{"type":"Feature","id":"street-138921","properties":{"id":"street-138921","dataset":"street","gu":"영등포구","species":"벚나무","heightM":5.0,"crownWidthM":5.0,"rawHeight":5.0,"rawCrownWidth":5.0,"quality":"valid","sourceYear":2013},"geometry":{"type":"Point","coordinates":[126.93063859,37.51699217]}},{"type":"Feature","id":"street-138922","properties":{"id":"street-138922","dataset":"street","gu":"영등포구","species":"벚나무","heightM":6.0,"crownWidthM":6.0,"rawHeight":6.0,"rawCrownWidth":6.0,"quality":"valid","sourceYear":2013},"geometry":{"type":"Point","coordinates":[126.93115775,37.51702627]}},{"type":"Feature","id":"street-138925","properties":{"id":"street-138925","dataset":"street","gu":"영등포구","species":"벚나무","heightM":6.0,"crownWidthM":5.0,"rawHeight":6.0,"rawCrownWidth":5.0,"quality":"valid","sourceYear":2013},"geometry":{"type":"Point","coordinates":[126.93563388,37.51745947]}},{"type":"Feature","id":"street-139000","properties":{"id":"street-139000","dataset":"street","gu":"영등포구","species":"양버즘나무","heightM":8.0,"crownWidthM":3.0,"rawHeight":8.0,"rawCrownWidth":3.0,"quality":"valid","sourceYear":2013},"geometry":{"type":"Point","coordinates":[126.93343863,37.51915515]}},{"type":"Feature","id":"street-139057","properties":{"id":"street-139057","dataset":"street","gu":"영등포구","species":"벚나무","heightM":5.0,"crownWidthM":4.0,"rawHeight":5.0,"rawCrownWidth":4.0,"quality":"valid","sourceYear":2013},"geometry":{"type":"Point","coordinates":[126.93721384,37.51770817]}},{"type":"Feature","id":"street-139062","properties":{"id":"street-139062","dataset":"street","gu":"영등포구","species":"벚나무","heightM":6.0,"crownWidthM":6.0,"rawHeight":6.0,"rawCrownWidth":6.0,"quality":"valid","sourceYear":2013},"geometry":{"type":"Point","coordinates":[126.93272227,37.51713976]}},{"type":"Feature","id":"street-139081","properties":{"id":"street-139081","dataset":"street","gu":"영등포구","species":"느티나무","heightM":5.0,"crownWidthM":3.0,"rawHeight":5.0,"rawCrownWidth":3.0,"quality":"valid","sourceYear":2013},"geometry":{"type":"Point","coordinates":[126.9367503,37.51780585]}},{"type":"Feature","id":"street-139107","properties":{"id":"street-139107","dataset":"street","gu":"영등포구","species":"벚나무","heightM":6.0,"crownWidthM":5.0,"rawHeight":6.0,"rawCrownWidth":5.0,"quality":"valid","sourceYear":2013},"geometry":{"type":"Point","coordinates":[126.93663035,37.51754388]}},{"type":"Feature","id":"street-139137","properties":{"id":"street-139137","dataset":"street","gu":"영등포구","species":"벚나무","heightM":5.0,"crownWidthM":8.0,"rawHeight":5.0,"rawCrownWidth":8.0,"quality":"valid","sourceYear":2013},"geometry":{"type":"Point","coordinates":[126.9393103,37.51804362]}},{"type":"Feature","id":"street-139171","properties":{"id":"street-139171","dataset":"street","gu":"영등포구","species":"은행나무","heightM":6.0,"crownWidthM":3.0,"rawHeight":6.0,"rawCrownWidth":3.0,"quality":"valid","sourceYear":2013},"geometry":{"type":"Point","coordinates":[126.93348459,37.51946597]}},{"type":"Feature","id":"street-139234","properties":{"id":"street-139234","dataset":"street","gu":"영등포구","species":"은행나무","heightM":6.0,"crownWidthM":4.0,"rawHeight":6.0,"rawCrownWidth":4.0,"quality":"valid","sourceYear":2013},"geometry":{"type":"Point","coordinates":[126.93878732,37.51994318]}},{"type":"Feature","id":"street-139254","properties":{"id":"street-139254","dataset":"street","gu":"영등포구","species":"은행나무","heightM":6.0,"crownWidthM":4.0,"rawHeight":6.0,"rawCrownWidth":4.0,"quality":"valid","sourceYear":2013},"geometry":{"type":"Point","coordinates":[126.93657701,37.51856034]}},{"type":"Feature","id":"street-139323","properties":{"id":"street-139323","dataset":"street","gu":"영등포구","species":"느티나무","heightM":6.0,"crownWidthM":5.0,"rawHeight":6.0,"rawCrownWidth":5.0,"quality":"valid","sourceYear":2013},"geometry":{"type":"Point","coordinates":[126.93692429,37.51783464]}},{"type":"Feature","id":"street-139413","properties":{"id":"street-139413","dataset":"street","gu":"영등포구","species":"느티나무","heightM":5.0,"crownWidthM":2.0,"rawHeight":5.0,"rawCrownWidth":2.0,"quality":"valid","sourceYear":2013},"geometry":{"type":"Point","coordinates":[126.93054817,37.5171566]}},{"type":"Feature","id":"street-139415","properties":{"id":"street-139415","dataset":"street","gu":"영등포구","species":"회화나무","heightM":7.0,"crownWidthM":5.0,"rawHeight":7.0,"rawCrownWidth":5.0,"quality":"valid","sourceYear":2013},"geometry":{"type":"Point","coordinates":[126.9381785,37.51976103]}},{"type":"Feature","id":"street-139426","properties":{"id":"street-139426","dataset":"street","gu":"영등포구","species":"느티나무","heightM":6.0,"crownWidthM":4.0,"rawHeight":6.0,"rawCrownWidth":4.0,"quality":"valid","sourceYear":2013},"geometry":{"type":"Point","coordinates":[126.93735628,37.51790186]}},{"type":"Feature","id":"street-139455","properties":{"id":"street-139455","dataset":"street","gu":"영등포구","species":"느티나무","heightM":6.0,"crownWidthM":4.0,"rawHeight":6.0,"rawCrownWidth":4.0,"quality":"valid","sourceYear":2013},"geometry":{"type":"Point","coordinates":[126.93036175,37.51994546]}},{"type":"Feature","id":"street-139546","properties":{"id":"street-139546","dataset":"street","gu":"영등포구","species":"회화나무","heightM":5.0,"crownWidthM":2.0,"rawHeight":5.0,"rawCrownWidth":2.0,"quality":"valid","sourceYear":2013},"geometry":{"type":"Point","coordinates":[126.93695502,37.518795]}},{"type":"Feature","id":"street-139550","properties":{"id":"street-139550","dataset":"street","gu":"영등포구","species":"은행나무","heightM":6.0,"crownWidthM":3.0,"rawHeight":6.0,"rawCrownWidth":3.0,"quality":"valid","sourceYear":2013},"geometry":{"type":"Point","coordinates":[126.93916823,37.51819466]}},{"type":"Feature","id":"street-139582","properties":{"id":"street-139582","dataset":"street","gu":"영등포구","species":"벚나무","heightM":7.0,"crownWidthM":5.0,"rawHeight":7.0,"rawCrownWidth":5.0,"quality":"valid","sourceYear":2013},"geometry":{"type":"Point","coordinates":[126.93752133,37.51775292]}},{"type":"Feature","id":"street-139631","properties":{"id":"street-139631","dataset":"street","gu":"영등포구","species":"벚나무","heightM":5.0,"crownWidthM":4.0,"rawHeight":5.0,"rawCrownWidth":4.0,"quality":"valid","sourceYear":2013},"geometry":{"type":"Point","coordinates":[126.93002091,37.51694703]}},{"type":"Feature","id":"street-139637","properties":{"id":"street-139637","dataset":"street","gu":"영등포구","species":"벚나무","heightM":5.0,"crownWidthM":5.0,"rawHeight":5.0,"rawCrownWidth":5.0,"quality":"valid","sourceYear":2013},"geometry":{"type":"Point","coordinates":[126.9380338,37.51782751]}},{"type":"Feature","id":"street-139799","properties":{"id":"street-139799","dataset":"street","gu":"영등포구","species":"벚나무","heightM":6.0,"crownWidthM":6.0,"rawHeight":6.0,"rawCrownWidth":6.0,"quality":"valid","sourceYear":2013},"geometry":{"type":"Point","coordinates":[126.93105953,37.51702058]}},{"type":"Feature","id":"street-139809","properties":{"id":"street-139809","dataset":"street","gu":"영등포구","species":"은행나무","heightM":9.0,"crownWidthM":4.0,"rawHeight":9.0,"rawCrownWidth":4.0,"quality":"valid","sourceYear":2013},"geometry":{"type":"Point","coordinates":[126.9339936,37.5185838]}},{"type":"Feature","id":"street-139995","properties":{"id":"street-139995","dataset":"street","gu":"영등포구","species":"양버즘나무","heightM":7.0,"crownWidthM":3.0,"rawHeight":7.0,"rawCrownWidth":3.0,"quality":"valid","sourceYear":2013},"geometry":{"type":"Point","coordinates":[126.93436168,37.51856652]}},{"type":"Feature","id":"street-140051","properties":{"id":"street-140051","dataset":"street","gu":"영등포구","species":"은행나무","heightM":6.0,"crownWidthM":3.0,"rawHeight":6.0,"rawCrownWidth":3.0,"quality":"valid","sourceYear":2013},"geometry":{"type":"Point","coordinates":[126.93711308,37.51889303]}},{"type":"Feature","id":"street-140340","properties":{"id":"street-140340","dataset":"street","gu":"영등포구","species":"회화나무","heightM":7.0,"crownWidthM":2.0,"rawHeight":7.0,"rawCrownWidth":2.0,"quality":"valid","sourceYear":2013},"geometry":{"type":"Point","coordinates":[126.93775116,37.5192898]}},{"type":"Feature","id":"street-140436","properties":{"id":"street-140436","dataset":"street","gu":"영등포구","species":"은행나무","heightM":7.0,"crownWidthM":2.0,"rawHeight":7.0,"rawCrownWidth":2.0,"quality":"valid","sourceYear":2013},"geometry":{"type":"Point","coordinates":[126.93587988,37.51812518]}},{"type":"Feature","id":"street-140563","properties":{"id":"street-140563","dataset":"street","gu":"영등포구","species":"양버즘나무","heightM":7.0,"crownWidthM":6.0,"rawHeight":7.0,"rawCrownWidth":6.0,"quality":"valid","sourceYear":2013},"geometry":{"type":"Point","coordinates":[126.93033221,37.51714206]}},{"type":"Feature","id":"street-140699","properties":{"id":"street-140699","dataset":"street","gu":"영등포구","species":"은행나무","heightM":8.0,"crownWidthM":4.0,"rawHeight":8.0,"rawCrownWidth":4.0,"quality":"valid","sourceYear":2013},"geometry":{"type":"Point","coordinates":[126.93075151,37.5197357]}},{"type":"Feature","id":"street-140790","properties":{"id":"street-140790","dataset":"street","gu":"영등포구","species":"은행나무","heightM":8.0,"crownWidthM":4.0,"rawHeight":8.0,"rawCrownWidth":4.0,"quality":"valid","sourceYear":2013},"geometry":{"type":"Point","coordinates":[126.9307921,37.51968875]}},{"type":"Feature","id":"street-140798","properties":{"id":"street-140798","dataset":"street","gu":"영등포구","species":"양버즘나무","heightM":8.0,"crownWidthM":3.0,"rawHeight":8.0,"rawCrownWidth":3.0,"quality":"valid","sourceYear":2013},"geometry":{"type":"Point","coordinates":[126.93481007,37.51765635]}},{"type":"Feature","id":"street-140832","properties":{"id":"street-140832","dataset":"street","gu":"영등포구","species":"은행나무","heightM":6.0,"crownWidthM":5.0,"rawHeight":6.0,"rawCrownWidth":5.0,"quality":"valid","sourceYear":2013},"geometry":{"type":"Point","coordinates":[126.93689649,37.51876232]}},{"type":"Feature","id":"street-140913","properties":{"id":"street-140913","dataset":"street","gu":"영등포구","species":"은행나무","heightM":8.0,"crownWidthM":3.0,"rawHeight":8.0,"rawCrownWidth":3.0,"quality":"valid","sourceYear":2013},"geometry":{"type":"Point","coordinates":[126.93340394,37.51919455]}},{"type":"Feature","id":"street-141045","properties":{"id":"street-141045","dataset":"street","gu":"영등포구","species":"회화나무","heightM":6.0,"crownWidthM":5.0,"rawHeight":6.0,"rawCrownWidth":5.0,"quality":"valid","sourceYear":2013},"geometry":{"type":"Point","coordinates":[126.93653927,37.51853454]}},{"type":"Feature","id":"street-141049","properties":{"id":"street-141049","dataset":"street","gu":"영등포구","species":"은행나무","heightM":10.0,"crownWidthM":3.0,"rawHeight":10.0,"rawCrownWidth":3.0,"quality":"valid","sourceYear":2013},"geometry":{"type":"Point","coordinates":[126.93066179,37.5196367]}},{"type":"Feature","id":"street-141079","properties":{"id":"street-141079","dataset":"street","gu":"영등포구","species":"느티나무","heightM":6.0,"crownWidthM":4.0,"rawHeight":6.0,"rawCrownWidth":4.0,"quality":"valid","sourceYear":2013},"geometry":{"type":"Point","coordinates":[126.93044646,37.51985564]}},{"type":"Feature","id":"street-141107","properties":{"id":"street-141107","dataset":"street","gu":"영등포구","species":"은행나무","heightM":6.0,"crownWidthM":2.0,"rawHeight":6.0,"rawCrownWidth":2.0,"quality":"valid","sourceYear":2013},"geometry":{"type":"Point","coordinates":[126.93378055,37.5188045]}},{"type":"Feature","id":"street-141171","properties":{"id":"street-141171","dataset":"street","gu":"영등포구","species":"은행나무","heightM":7.0,"crownWidthM":4.0,"rawHeight":7.0,"rawCrownWidth":4.0,"quality":"valid","sourceYear":2013},"geometry":{"type":"Point","coordinates":[126.93615303,37.51849604]}},{"type":"Feature","id":"street-141250","properties":{"id":"street-141250","dataset":"street","gu":"영등포구","species":"벚나무","heightM":5.0,"crownWidthM":5.0,"rawHeight":5.0,"rawCrownWidth":5.0,"quality":"valid","sourceYear":2013},"geometry":{"type":"Point","coordinates":[126.93641979,37.51753254]}},{"type":"Feature","id":"street-141264","properties":{"id":"street-141264","dataset":"street","gu":"영등포구","species":"은행나무","heightM":6.0,"crownWidthM":4.0,"rawHeight":6.0,"rawCrownWidth":4.0,"quality":"valid","sourceYear":2013},"geometry":{"type":"Point","coordinates":[126.93562621,37.51818329]}},{"type":"Feature","id":"street-141318","properties":{"id":"street-141318","dataset":"street","gu":"영등포구","species":"양버즘나무","heightM":7.0,"crownWidthM":3.0,"rawHeight":7.0,"rawCrownWidth":3.0,"quality":"valid","sourceYear":2013},"geometry":{"type":"Point","coordinates":[126.93398218,37.51895655]}},{"type":"Feature","id":"street-141321","properties":{"id":"street-141321","dataset":"street","gu":"영등포구","species":"양버즘나무","heightM":8.0,"crownWidthM":4.0,"rawHeight":8.0,"rawCrownWidth":4.0,"quality":"valid","sourceYear":2013},"geometry":{"type":"Point","coordinates":[126.93395399,37.5186272]}},{"type":"Feature","id":"street-141408","properties":{"id":"street-141408","dataset":"street","gu":"영등포구","species":"양버즘나무","heightM":7.0,"crownWidthM":3.0,"rawHeight":7.0,"rawCrownWidth":3.0,"quality":"valid","sourceYear":2013},"geometry":{"type":"Point","coordinates":[126.93332781,37.51963398]}},{"type":"Feature","id":"street-141419","properties":{"id":"street-141419","dataset":"street","gu":"영등포구","species":"느티나무","heightM":5.0,"crownWidthM":3.0,"rawHeight":5.0,"rawCrownWidth":3.0,"quality":"valid","sourceYear":2013},"geometry":{"type":"Point","coordinates":[126.93086006,37.51717606]}},{"type":"Feature","id":"street-141422","properties":{"id":"street-141422","dataset":"street","gu":"영등포구","species":"벚나무","heightM":5.0,"crownWidthM":3.0,"rawHeight":5.0,"rawCrownWidth":3.0,"quality":"valid","sourceYear":2013},"geometry":{"type":"Point","coordinates":[126.93295872,37.51730727]}},{"type":"Feature","id":"street-141431","properties":{"id":"street-141431","dataset":"street","gu":"영등포구","species":"은행나무","heightM":6.0,"crownWidthM":3.0,"rawHeight":6.0,"rawCrownWidth":3.0,"quality":"valid","sourceYear":2013},"geometry":{"type":"Point","coordinates":[126.9336959,37.5192492]}},{"type":"Feature","id":"street-141453","properties":{"id":"street-141453","dataset":"street","gu":"영등포구","species":"양버즘나무","heightM":8.0,"crownWidthM":4.0,"rawHeight":8.0,"rawCrownWidth":4.0,"quality":"valid","sourceYear":2013},"geometry":{"type":"Point","coordinates":[126.934528,37.51803526]}},{"type":"Feature","id":"street-141509","properties":{"id":"street-141509","dataset":"street","gu":"영등포구","species":"은행나무","heightM":7.0,"crownWidthM":3.0,"rawHeight":7.0,"rawCrownWidth":3.0,"quality":"valid","sourceYear":2013},"geometry":{"type":"Point","coordinates":[126.93403321,37.51854434]}},{"type":"Feature","id":"street-141564","properties":{"id":"street-141564","dataset":"street","gu":"영등포구","species":"은행나무","heightM":6.0,"crownWidthM":2.0,"rawHeight":6.0,"rawCrownWidth":2.0,"quality":"valid","sourceYear":2013},"geometry":{"type":"Point","coordinates":[126.93843022,37.51972389]}},{"type":"Feature","id":"street-141591","properties":{"id":"street-141591","dataset":"street","gu":"영등포구","species":"벚나무","heightM":6.0,"crownWidthM":5.0,"rawHeight":6.0,"rawCrownWidth":5.0,"quality":"valid","sourceYear":2013},"geometry":{"type":"Point","coordinates":[126.93250478,37.51711717]}},{"type":"Feature","id":"street-141619","properties":{"id":"street-141619","dataset":"street","gu":"영등포구","species":"은행나무","heightM":8.0,"crownWidthM":3.0,"rawHeight":8.0,"rawCrownWidth":3.0,"quality":"valid","sourceYear":2013},"geometry":{"type":"Point","coordinates":[126.93354269,37.51904877]}},{"type":"Feature","id":"street-141673","properties":{"id":"street-141673","dataset":"street","gu":"영등포구","species":"회화나무","heightM":7.0,"crownWidthM":4.0,"rawHeight":7.0,"rawCrownWidth":4.0,"quality":"valid","sourceYear":2013},"geometry":{"type":"Point","coordinates":[126.93610035,37.51846802]}},{"type":"Feature","id":"street-141681","properties":{"id":"street-141681","dataset":"street","gu":"영등포구","species":"벚나무","heightM":5.0,"crownWidthM":5.0,"rawHeight":5.0,"rawCrownWidth":5.0,"quality":"valid","sourceYear":2013},"geometry":{"type":"Point","coordinates":[126.93235044,37.51710582]}},{"type":"Feature","id":"street-141685","properties":{"id":"street-141685","dataset":"street","gu":"영등포구","species":"벚나무","heightM":5.0,"crownWidthM":3.0,"rawHeight":5.0,"rawCrownWidth":3.0,"quality":"valid","sourceYear":2013},"geometry":{"type":"Point","coordinates":[126.93306591,37.51731709]}},{"type":"Feature","id":"street-141690","properties":{"id":"street-141690","dataset":"street","gu":"영등포구","species":"벚나무","heightM":5.0,"crownWidthM":5.0,"rawHeight":5.0,"rawCrownWidth":5.0,"quality":"valid","sourceYear":2013},"geometry":{"type":"Point","coordinates":[126.93242761,37.5171115]}},{"type":"Feature","id":"street-141759","properties":{"id":"street-141759","dataset":"street","gu":"영등포구","species":"은행나무","heightM":6.0,"crownWidthM":3.0,"rawHeight":6.0,"rawCrownWidth":3.0,"quality":"valid","sourceYear":2013},"geometry":{"type":"Point","coordinates":[126.93009329,37.51935455]}},{"type":"Feature","id":"street-141765","properties":{"id":"street-141765","dataset":"street","gu":"영등포구","species":"느티나무","heightM":6.0,"crownWidthM":4.0,"rawHeight":6.0,"rawCrownWidth":4.0,"quality":"valid","sourceYear":2013},"geometry":{"type":"Point","coordinates":[126.93631831,37.51773385]}},{"type":"Feature","id":"street-141783","properties":{"id":"street-141783","dataset":"street","gu":"영등포구","species":"은행나무","heightM":6.0,"crownWidthM":2.0,"rawHeight":6.0,"rawCrownWidth":2.0,"quality":"valid","sourceYear":2013},"geometry":{"type":"Point","coordinates":[126.93518735,37.51793166]}},{"type":"Feature","id":"street-141898","properties":{"id":"street-141898","dataset":"street","gu":"영등포구","species":"양버즘나무","heightM":8.0,"crownWidthM":4.0,"rawHeight":8.0,"rawCrownWidth":4.0,"quality":"valid","sourceYear":2013},"geometry":{"type":"Point","coordinates":[126.93522833,37.51794564]}},{"type":"Feature","id":"street-141918","properties":{"id":"street-141918","dataset":"street","gu":"영등포구","species":"은행나무","heightM":6.0,"crownWidthM":4.0,"rawHeight":6.0,"rawCrownWidth":4.0,"quality":"valid","sourceYear":2013},"geometry":{"type":"Point","coordinates":[126.93689648,37.51896283]}},{"type":"Feature","id":"street-141929","properties":{"id":"street-141929","dataset":"street","gu":"영등포구","species":"은행나무","heightM":8.0,"crownWidthM":3.0,"rawHeight":8.0,"rawCrownWidth":3.0,"quality":"valid","sourceYear":2013},"geometry":{"type":"Point","coordinates":[126.93057382,37.51862656]}},{"type":"Feature","id":"street-141948","properties":{"id":"street-141948","dataset":"street","gu":"영등포구","species":"회화나무","heightM":6.0,"crownWidthM":5.0,"rawHeight":6.0,"rawCrownWidth":5.0,"quality":"valid","sourceYear":2013},"geometry":{"type":"Point","coordinates":[126.93721844,37.51916355]}},{"type":"Feature","id":"street-141989","properties":{"id":"street-141989","dataset":"street","gu":"영등포구","species":"벚나무","heightM":5.0,"crownWidthM":3.0,"rawHeight":5.0,"rawCrownWidth":3.0,"quality":"valid","sourceYear":2013},"geometry":{"type":"Point","coordinates":[126.93301232,37.51731121]}},{"type":"Feature","id":"street-141999","properties":{"id":"street-141999","dataset":"street","gu":"영등포구","species":"은행나무","heightM":8.0,"crownWidthM":5.0,"rawHeight":8.0,"rawCrownWidth":5.0,"quality":"valid","sourceYear":2013},"geometry":{"type":"Point","coordinates":[126.93311157,37.51949004]}},{"type":"Feature","id":"street-142022","properties":{"id":"street-142022","dataset":"street","gu":"영등포구","species":"벚나무","heightM":7.0,"crownWidthM":6.0,"rawHeight":7.0,"rawCrownWidth":6.0,"quality":"valid","sourceYear":2013},"geometry":{"type":"Point","coordinates":[126.93431486,37.51728071]}},{"type":"Feature","id":"street-142032","properties":{"id":"street-142032","dataset":"street","gu":"영등포구","species":"은행나무","heightM":8.0,"crownWidthM":5.0,"rawHeight":8.0,"rawCrownWidth":5.0,"quality":"valid","sourceYear":2013},"geometry":{"type":"Point","coordinates":[126.93474546,37.51780474]}},{"type":"Feature","id":"street-142033","properties":{"id":"street-142033","dataset":"street","gu":"영등포구","species":"은행나무","heightM":8.0,"crownWidthM":4.0,"rawHeight":8.0,"rawCrownWidth":4.0,"quality":"valid","sourceYear":2013},"geometry":{"type":"Point","coordinates":[126.93813752,37.51973769]}},{"type":"Feature","id":"street-142099","properties":{"id":"street-142099","dataset":"street","gu":"영등포구","species":"회화나무","heightM":6.0,"crownWidthM":4.0,"rawHeight":6.0,"rawCrownWidth":4.0,"quality":"valid","sourceYear":2013},"geometry":{"type":"Point","coordinates":[126.93566717,37.51821127]}},{"type":"Feature","id":"street-142104","properties":{"id":"street-142104","dataset":"street","gu":"영등포구","species":"은행나무","heightM":6.0,"crownWidthM":4.0,"rawHeight":6.0,"rawCrownWidth":4.0,"quality":"valid","sourceYear":2013},"geometry":{"type":"Point","coordinates":[126.93832485,37.51965388]}},{"type":"Feature","id":"street-142180","properties":{"id":"street-142180","dataset":"street","gu":"영등포구","species":"은행나무","heightM":6.0,"crownWidthM":3.0,"rawHeight":6.0,"rawCrownWidth":3.0,"quality":"valid","sourceYear":2013},"geometry":{"type":"Point","coordinates":[126.93800288,37.51945317]}},{"type":"Feature","id":"street-142190","properties":{"id":"street-142190","dataset":"street","gu":"영등포구","species":"회화나무","heightM":6.0,"crownWidthM":2.0,"rawHeight":6.0,"rawCrownWidth":2.0,"quality":"valid","sourceYear":2013},"geometry":{"type":"Point","coordinates":[126.93657451,37.51876677]}},{"type":"Feature","id":"street-142242","properties":{"id":"street-142242","dataset":"street","gu":"영등포구","species":"벚나무","heightM":5.0,"crownWidthM":3.0,"rawHeight":5.0,"rawCrownWidth":3.0,"quality":"valid","sourceYear":2013},"geometry":{"type":"Point","coordinates":[126.93286614,37.51729941]}},{"type":"Feature","id":"street-142255","properties":{"id":"street-142255","dataset":"street","gu":"영등포구","species":"은행나무","heightM":5.0,"crownWidthM":3.0,"rawHeight":5.0,"rawCrownWidth":3.0,"quality":"valid","sourceYear":2013},"geometry":{"type":"Point","coordinates":[126.93553848,37.51813669]}},{"type":"Feature","id":"street-142263","properties":{"id":"street-142263","dataset":"street","gu":"영등포구","species":"은행나무","heightM":6.0,"crownWidthM":2.0,"rawHeight":6.0,"rawCrownWidth":2.0,"quality":"valid","sourceYear":2013},"geometry":{"type":"Point","coordinates":[126.93381859,37.51911913]}},{"type":"Feature","id":"street-142392","properties":{"id":"street-142392","dataset":"street","gu":"영등포구","species":"은행나무","heightM":6.0,"crownWidthM":3.0,"rawHeight":6.0,"rawCrownWidth":3.0,"quality":"valid","sourceYear":2013},"geometry":{"type":"Point","coordinates":[126.93700771,37.51882768]}},{"type":"Feature","id":"street-142401","properties":{"id":"street-142401","dataset":"street","gu":"영등포구","species":"느티나무","heightM":6.0,"crownWidthM":4.0,"rawHeight":6.0,"rawCrownWidth":4.0,"quality":"valid","sourceYear":2013},"geometry":{"type":"Point","coordinates":[126.93041469,37.51988651]}},{"type":"Feature","id":"street-142409","properties":{"id":"street-142409","dataset":"street","gu":"영등포구","species":"느티나무","heightM":6.0,"crownWidthM":4.0,"rawHeight":6.0,"rawCrownWidth":4.0,"quality":"valid","sourceYear":2013},"geometry":{"type":"Point","coordinates":[126.93787827,37.5179787]}},{"type":"Feature","id":"street-142420","properties":{"id":"street-142420","dataset":"street","gu":"영등포구","species":"느티나무","heightM":6.0,"crownWidthM":3.0,"rawHeight":6.0,"rawCrownWidth":3.0,"quality":"valid","sourceYear":2013},"geometry":{"type":"Point","coordinates":[126.9366303,37.51778665]}},{"type":"Feature","id":"street-142429","properties":{"id":"street-142429","dataset":"street","gu":"영등포구","species":"벚나무","heightM":5.0,"crownWidthM":6.0,"rawHeight":5.0,"rawCrownWidth":6.0,"quality":"valid","sourceYear":2013},"geometry":{"type":"Point","coordinates":[126.93923577,37.51802873]}},{"type":"Feature","id":"street-142485","properties":{"id":"street-142485","dataset":"street","gu":"영등포구","species":"은행나무","heightM":8.0,"crownWidthM":4.0,"rawHeight":8.0,"rawCrownWidth":4.0,"quality":"valid","sourceYear":2013},"geometry":{"type":"Point","coordinates":[126.9303408,37.51910463]}},{"type":"Feature","id":"street-142499","properties":{"id":"street-142499","dataset":"street","gu":"영등포구","species":"은행나무","heightM":8.0,"crownWidthM":4.0,"rawHeight":8.0,"rawCrownWidth":4.0,"quality":"valid","sourceYear":2013},"geometry":{"type":"Point","coordinates":[126.93465664,37.51790895]}},{"type":"Feature","id":"street-142531","properties":{"id":"street-142531","dataset":"street","gu":"영등포구","species":"벚나무","heightM":5.0,"crownWidthM":2.0,"rawHeight":5.0,"rawCrownWidth":2.0,"quality":"valid","sourceYear":2013},"geometry":{"type":"Point","coordinates":[126.93379688,37.51723067]}},{"type":"Feature","id":"street-142573","properties":{"id":"street-142573","dataset":"street","gu":"영등포구","species":"은행나무","heightM":8.0,"crownWidthM":3.0,"rawHeight":8.0,"rawCrownWidth":3.0,"quality":"valid","sourceYear":2013},"geometry":{"type":"Point","coordinates":[126.93333456,37.51926547]}},{"type":"Feature","id":"street-142600","properties":{"id":"street-142600","dataset":"street","gu":"영등포구","species":"벚나무","heightM":6.0,"crownWidthM":6.0,"rawHeight":6.0,"rawCrownWidth":6.0,"quality":"valid","sourceYear":2013},"geometry":{"type":"Point","coordinates":[126.93311515,37.51716813]}},{"type":"Feature","id":"street-142628","properties":{"id":"street-142628","dataset":"street","gu":"영등포구","species":"은행나무","heightM":6.0,"crownWidthM":2.0,"rawHeight":6.0,"rawCrownWidth":2.0,"quality":"valid","sourceYear":2013},"geometry":{"type":"Point","coordinates":[126.9372126,37.51895838]}},{"type":"Feature","id":"street-142684","properties":{"id":"street-142684","dataset":"street","gu":"영등포구","species":"느티나무","heightM":5.0,"crownWidthM":3.0,"rawHeight":5.0,"rawCrownWidth":3.0,"quality":"valid","sourceYear":2013},"geometry":{"type":"Point","coordinates":[126.93049419,37.51715176]}},{"type":"Feature","id":"street-142689","properties":{"id":"street-142689","dataset":"street","gu":"영등포구","species":"벚나무","heightM":5.0,"crownWidthM":4.0,"rawHeight":5.0,"rawCrownWidth":4.0,"quality":"valid","sourceYear":2013},"geometry":{"type":"Point","coordinates":[126.93712999,37.51769327]}},{"type":"Feature","id":"street-142720","properties":{"id":"street-142720","dataset":"street","gu":"영등포구","species":"은행나무","heightM":7.0,"crownWidthM":4.0,"rawHeight":7.0,"rawCrownWidth":4.0,"quality":"valid","sourceYear":2013},"geometry":{"type":"Point","coordinates":[126.93853559,37.51998502]}},{"type":"Feature","id":"street-142729","properties":{"id":"street-142729","dataset":"street","gu":"영등포구","species":"은행나무","heightM":10.0,"crownWidthM":3.0,"rawHeight":10.0,"rawCrownWidth":3.0,"quality":"valid","sourceYear":2013},"geometry":{"type":"Point","coordinates":[126.93070768,37.51959461]}},{"type":"Feature","id":"street-142785","properties":{"id":"street-142785","dataset":"street","gu":"영등포구","species":"은행나무","heightM":7.0,"crownWidthM":4.0,"rawHeight":7.0,"rawCrownWidth":4.0,"quality":"valid","sourceYear":2013},"geometry":{"type":"Point","coordinates":[126.93757554,37.51918244]}},{"type":"Feature","id":"street-142794","properties":{"id":"street-142794","dataset":"street","gu":"영등포구","species":"양버즘나무","heightM":7.0,"crownWidthM":4.0,"rawHeight":7.0,"rawCrownWidth":4.0,"quality":"valid","sourceYear":2013},"geometry":{"type":"Point","coordinates":[126.93322556,37.51975864]}},{"type":"Feature","id":"street-142797","properties":{"id":"street-142797","dataset":"street","gu":"영등포구","species":"벚나무","heightM":5.0,"crownWidthM":5.0,"rawHeight":5.0,"rawCrownWidth":5.0,"quality":"valid","sourceYear":2013},"geometry":{"type":"Point","coordinates":[126.93980383,37.51817001]}},{"type":"Feature","id":"street-142825","properties":{"id":"street-142825","dataset":"street","gu":"영등포구","species":"느티나무","heightM":6.0,"crownWidthM":4.0,"rawHeight":6.0,"rawCrownWidth":4.0,"quality":"valid","sourceYear":2013},"geometry":{"type":"Point","coordinates":[126.93637231,37.51774345]}},{"type":"Feature","id":"street-142836","properties":{"id":"street-142836","dataset":"street","gu":"영등포구","species":"은행나무","heightM":7.0,"crownWidthM":4.0,"rawHeight":7.0,"rawCrownWidth":4.0,"quality":"valid","sourceYear":2013},"geometry":{"type":"Point","coordinates":[126.93730626,37.51900973]}},{"type":"Feature","id":"street-142856","properties":{"id":"street-142856","dataset":"street","gu":"영등포구","species":"벚나무","heightM":6.0,"crownWidthM":6.0,"rawHeight":6.0,"rawCrownWidth":6.0,"quality":"valid","sourceYear":2013},"geometry":{"type":"Point","coordinates":[126.93623731,37.51752122]}},{"type":"Feature","id":"street-142914","properties":{"id":"street-142914","dataset":"street","gu":"영등포구","species":"회화나무","heightM":6.0,"crownWidthM":4.0,"rawHeight":6.0,"rawCrownWidth":4.0,"quality":"valid","sourceYear":2013},"geometry":{"type":"Point","coordinates":[126.93738821,37.51906108]}},{"type":"Feature","id":"street-142952","properties":{"id":"street-142952","dataset":"street","gu":"영등포구","species":"은행나무","heightM":8.0,"crownWidthM":3.0,"rawHeight":8.0,"rawCrownWidth":3.0,"quality":"valid","sourceYear":2013},"geometry":{"type":"Point","coordinates":[126.93457199,37.51834767]}},{"type":"Feature","id":"street-142967","properties":{"id":"street-142967","dataset":"street","gu":"영등포구","species":"느티나무","heightM":5.0,"crownWidthM":2.0,"rawHeight":5.0,"rawCrownWidth":2.0,"quality":"valid","sourceYear":2013},"geometry":{"type":"Point","coordinates":[126.93044021,37.5171517]}},{"type":"Feature","id":"street-143031","properties":{"id":"street-143031","dataset":"street","gu":"영등포구","species":"벚나무","heightM":6.0,"crownWidthM":6.0,"rawHeight":6.0,"rawCrownWidth":6.0,"quality":"valid","sourceYear":2013},"geometry":{"type":"Point","coordinates":[126.93588431,37.51749692]}},{"type":"Feature","id":"street-143054","properties":{"id":"street-143054","dataset":"street","gu":"영등포구","species":"양버즘나무","heightM":8.0,"crownWidthM":3.0,"rawHeight":8.0,"rawCrownWidth":3.0,"quality":"valid","sourceYear":2013},"geometry":{"type":"Point","coordinates":[126.93297778,37.51961216]}},{"type":"Feature","id":"street-143096","properties":{"id":"street-143096","dataset":"street","gu":"영등포구","species":"은행나무","heightM":7.0,"crownWidthM":4.0,"rawHeight":7.0,"rawCrownWidth":4.0,"quality":"valid","sourceYear":2013},"geometry":{"type":"Point","coordinates":[126.93758139,37.51939693]}},{"type":"Feature","id":"street-143175","properties":{"id":"street-143175","dataset":"street","gu":"영등포구","species":"은행나무","heightM":5.0,"crownWidthM":2.0,"rawHeight":5.0,"rawCrownWidth":2.0,"quality":"valid","sourceYear":2013},"geometry":{"type":"Point","coordinates":[126.93439089,37.51853392]}},{"type":"Feature","id":"street-143187","properties":{"id":"street-143187","dataset":"street","gu":"영등포구","species":"벚나무","heightM":6.0,"crownWidthM":5.0,"rawHeight":6.0,"rawCrownWidth":5.0,"quality":"valid","sourceYear":2013},"geometry":{"type":"Point","coordinates":[126.93338175,37.51719077]}},{"type":"Feature","id":"street-143212","properties":{"id":"street-143212","dataset":"street","gu":"영등포구","species":"벚나무","heightM":5.0,"crownWidthM":4.0,"rawHeight":5.0,"rawCrownWidth":4.0,"quality":"valid","sourceYear":2013},"geometry":{"type":"Point","coordinates":[126.93181121,37.51724197]}},{"type":"Feature","id":"street-143222","properties":{"id":"street-143222","dataset":"street","gu":"영등포구","species":"회화나무","heightM":6.0,"crownWidthM":4.0,"rawHeight":6.0,"rawCrownWidth":4.0,"quality":"valid","sourceYear":2013},"geometry":{"type":"Point","coordinates":[126.93870536,37.51989188]}},{"type":"Feature","id":"street-143243","properties":{"id":"street-143243","dataset":"street","gu":"영등포구","species":"은행나무","heightM":6.0,"crownWidthM":3.0,"rawHeight":6.0,"rawCrownWidth":3.0,"quality":"valid","sourceYear":2013},"geometry":{"type":"Point","coordinates":[126.93847706,37.51974258]}},{"type":"Feature","id":"street-143277","properties":{"id":"street-143277","dataset":"street","gu":"영등포구","species":"은행나무","heightM":6.0,"crownWidthM":3.0,"rawHeight":6.0,"rawCrownWidth":3.0,"quality":"valid","sourceYear":2013},"geometry":{"type":"Point","coordinates":[126.93347332,37.51911969]}},{"type":"Feature","id":"street-143278","properties":{"id":"street-143278","dataset":"street","gu":"영등포구","species":"은행나무","heightM":12.0,"crownWidthM":5.0,"rawHeight":12.0,"rawCrownWidth":5.0,"quality":"valid","sourceYear":2013},"geometry":{"type":"Point","coordinates":[126.93097657,37.51950099]}},{"type":"Feature","id":"street-143350","properties":{"id":"street-143350","dataset":"street","gu":"영등포구","species":"은행나무","heightM":7.0,"crownWidthM":3.0,"rawHeight":7.0,"rawCrownWidth":3.0,"quality":"valid","sourceYear":2013},"geometry":{"type":"Point","coordinates":[126.93002998,37.51920597]}},{"type":"Feature","id":"street-143417","properties":{"id":"street-143417","dataset":"street","gu":"영등포구","species":"벚나무","heightM":6.0,"crownWidthM":5.0,"rawHeight":6.0,"rawCrownWidth":5.0,"quality":"valid","sourceYear":2013},"geometry":{"type":"Point","coordinates":[126.9378754,37.51781254]}},{"type":"Feature","id":"street-143439","properties":{"id":"street-143439","dataset":"street","gu":"영등포구","species":"은행나무","heightM":6.0,"crownWidthM":4.0,"rawHeight":6.0,"rawCrownWidth":4.0,"quality":"valid","sourceYear":2013},"geometry":{"type":"Point","coordinates":[126.93471671,37.51751852]}},{"type":"Feature","id":"street-143473","properties":{"id":"street-143473","dataset":"street","gu":"영등포구","species":"은행나무","heightM":8.0,"crownWidthM":5.0,"rawHeight":8.0,"rawCrownWidth":5.0,"quality":"valid","sourceYear":2013},"geometry":{"type":"Point","coordinates":[126.93472589,37.51782607]}},{"type":"Feature","id":"street-143508","properties":{"id":"street-143508","dataset":"street","gu":"영등포구","species":"은행나무","heightM":8.0,"crownWidthM":2.0,"rawHeight":8.0,"rawCrownWidth":2.0,"quality":"valid","sourceYear":2013},"geometry":{"type":"Point","coordinates":[126.93105774,37.5194159]}},{"type":"Feature","id":"street-143523","properties":{"id":"street-143523","dataset":"street","gu":"영등포구","species":"은행나무","heightM":6.0,"crownWidthM":2.0,"rawHeight":6.0,"rawCrownWidth":2.0,"quality":"valid","sourceYear":2013},"geometry":{"type":"Point","coordinates":[126.93025437,37.5191921]}},{"type":"Feature","id":"street-143594","properties":{"id":"street-143594","dataset":"street","gu":"영등포구","species":"은행나무","heightM":6.0,"crownWidthM":1.0,"rawHeight":6.0,"rawCrownWidth":1.0,"quality":"valid","sourceYear":2013},"geometry":{"type":"Point","coordinates":[126.93470628,37.51821268]}},{"type":"Feature","id":"street-143634","properties":{"id":"street-143634","dataset":"street","gu":"영등포구","species":"은행나무","heightM":8.0,"crownWidthM":5.0,"rawHeight":8.0,"rawCrownWidth":5.0,"quality":"valid","sourceYear":2013},"geometry":{"type":"Point","coordinates":[126.93788579,37.51957898]}},{"type":"Feature","id":"street-143642","properties":{"id":"street-143642","dataset":"street","gu":"영등포구","species":"느티나무","heightM":6.0,"crownWidthM":5.0,"rawHeight":6.0,"rawCrownWidth":5.0,"quality":"valid","sourceYear":2013},"geometry":{"type":"Point","coordinates":[126.93326636,37.51992684]}},{"type":"Feature","id":"street-143659","properties":{"id":"street-143659","dataset":"street","gu":"영등포구","species":"벚나무","heightM":6.0,"crownWidthM":7.0,"rawHeight":6.0,"rawCrownWidth":7.0,"quality":"valid","sourceYear":2013},"geometry":{"type":"Point","coordinates":[126.93040701,37.5169752]}},{"type":"Feature","id":"street-143758","properties":{"id":"street-143758","dataset":"street","gu":"영등포구","species":"회화나무","heightM":7.0,"crownWidthM":6.0,"rawHeight":7.0,"rawCrownWidth":6.0,"quality":"valid","sourceYear":2013},"geometry":{"type":"Point","coordinates":[126.93679111,37.51889748]}},{"type":"Feature","id":"street-143814","properties":{"id":"street-143814","dataset":"street","gu":"영등포구","species":"은행나무","heightM":7.0,"crownWidthM":6.0,"rawHeight":7.0,"rawCrownWidth":6.0,"quality":"valid","sourceYear":2013},"geometry":{"type":"Point","coordinates":[126.93673257,37.51886013]}},{"type":"Feature","id":"street-143817","properties":{"id":"street-143817","dataset":"street","gu":"영등포구","species":"은행나무","heightM":6.0,"crownWidthM":3.0,"rawHeight":6.0,"rawCrownWidth":3.0,"quality":"valid","sourceYear":2013},"geometry":{"type":"Point","coordinates":[126.93605352,37.51844002]}},{"type":"Feature","id":"street-143846","properties":{"id":"street-143846","dataset":"street","gu":"영등포구","species":"벚나무","heightM":5.0,"crownWidthM":3.0,"rawHeight":5.0,"rawCrownWidth":3.0,"quality":"valid","sourceYear":2013},"geometry":{"type":"Point","coordinates":[126.93151885,37.51721836]}},{"type":"Feature","id":"street-143847","properties":{"id":"street-143847","dataset":"street","gu":"영등포구","species":"양버즘나무","heightM":8.0,"crownWidthM":4.0,"rawHeight":8.0,"rawCrownWidth":4.0,"quality":"valid","sourceYear":2013},"geometry":{"type":"Point","coordinates":[126.93374587,37.51883995]}},{"type":"Feature","id":"street-143849","properties":{"id":"street-143849","dataset":"street","gu":"영등포구","species":"은행나무","heightM":6.0,"crownWidthM":2.0,"rawHeight":6.0,"rawCrownWidth":2.0,"quality":"valid","sourceYear":2013},"geometry":{"type":"Point","coordinates":[126.93017973,37.51926708]}},{"type":"Feature","id":"street-143853","properties":{"id":"street-143853","dataset":"street","gu":"영등포구","species":"은행나무","heightM":8.0,"crownWidthM":2.0,"rawHeight":8.0,"rawCrownWidth":2.0,"quality":"valid","sourceYear":2013},"geometry":{"type":"Point","coordinates":[126.93077365,37.51971222]}},{"type":"Feature","id":"street-143855","properties":{"id":"street-143855","dataset":"street","gu":"영등포구","species":"느티나무","heightM":6.0,"crownWidthM":7.0,"rawHeight":6.0,"rawCrownWidth":7.0,"quality":"valid","sourceYear":2013},"geometry":{"type":"Point","coordinates":[126.9328594,37.51963855]}},{"type":"Feature","id":"street-143899","properties":{"id":"street-143899","dataset":"street","gu":"영등포구","species":"은행나무","heightM":6.0,"crownWidthM":3.0,"rawHeight":6.0,"rawCrownWidth":3.0,"quality":"valid","sourceYear":2013},"geometry":{"type":"Point","coordinates":[126.93745261,37.51910775]}},{"type":"Feature","id":"street-143960","properties":{"id":"street-143960","dataset":"street","gu":"영등포구","species":"은행나무","heightM":6.0,"crownWidthM":3.0,"rawHeight":6.0,"rawCrownWidth":3.0,"quality":"valid","sourceYear":2013},"geometry":{"type":"Point","coordinates":[126.93650153,37.51851304]}},{"type":"Feature","id":"street-143984","properties":{"id":"street-143984","dataset":"street","gu":"영등포구","species":"양버즘나무","heightM":7.0,"crownWidthM":3.0,"rawHeight":7.0,"rawCrownWidth":3.0,"quality":"valid","sourceYear":2013},"geometry":{"type":"Point","coordinates":[126.93366182,37.51928171]}},{"type":"Feature","id":"street-144011","properties":{"id":"street-144011","dataset":"street","gu":"영등포구","species":"느티나무","heightM":5.0,"crownWidthM":3.0,"rawHeight":5.0,"rawCrownWidth":3.0,"quality":"valid","sourceYear":2013},"geometry":{"type":"Point","coordinates":[126.93092604,37.51718091]}},{"type":"Feature","id":"street-144087","properties":{"id":"street-144087","dataset":"street","gu":"영등포구","species":"양버즘나무","heightM":7.0,"crownWidthM":5.0,"rawHeight":7.0,"rawCrownWidth":5.0,"quality":"valid","sourceYear":2013},"geometry":{"type":"Point","coordinates":[126.93000819,37.51711796]}},{"type":"Feature","id":"street-144093","properties":{"id":"street-144093","dataset":"street","gu":"영등포구","species":"은행나무","heightM":6.0,"crownWidthM":2.0,"rawHeight":6.0,"rawCrownWidth":2.0,"quality":"valid","sourceYear":2013},"geometry":{"type":"Point","coordinates":[126.93683795,37.51872498]}},{"type":"Feature","id":"street-144108","properties":{"id":"street-144108","dataset":"street","gu":"영등포구","species":"벚나무","heightM":7.0,"crownWidthM":5.0,"rawHeight":7.0,"rawCrownWidth":5.0,"quality":"valid","sourceYear":2013},"geometry":{"type":"Point","coordinates":[126.93468672,37.51733098]}},{"type":"Feature","id":"street-144267","properties":{"id":"street-144267","dataset":"street","gu":"영등포구","species":"회화나무","heightM":6.0,"crownWidthM":4.0,"rawHeight":6.0,"rawCrownWidth":4.0,"quality":"valid","sourceYear":2013},"geometry":{"type":"Point","coordinates":[126.93593613,37.51816595]}},{"type":"Feature","id":"street-144309","properties":{"id":"street-144309","dataset":"street","gu":"영등포구","species":"은행나무","heightM":5.0,"crownWidthM":2.0,"rawHeight":5.0,"rawCrownWidth":2.0,"quality":"valid","sourceYear":2013},"geometry":{"type":"Point","coordinates":[126.93477049,37.51814283]}},{"type":"Feature","id":"street-144341","properties":{"id":"street-144341","dataset":"street","gu":"영등포구","species":"느티나무","heightM":6.0,"crownWidthM":4.0,"rawHeight":6.0,"rawCrownWidth":4.0,"quality":"valid","sourceYear":2013},"geometry":{"type":"Point","coordinates":[126.93742228,37.51791147]}},{"type":"Feature","id":"street-144364","properties":{"id":"street-144364","dataset":"street","gu":"영등포구","species":"은행나무","heightM":6.0,"crownWidthM":3.0,"rawHeight":6.0,"rawCrownWidth":3.0,"quality":"valid","sourceYear":2013},"geometry":{"type":"Point","coordinates":[126.93642817,37.51846825]}},{"type":"Feature","id":"street-144369","properties":{"id":"street-144369","dataset":"street","gu":"영등포구","species":"은행나무","heightM":10.0,"crownWidthM":3.0,"rawHeight":10.0,"rawCrownWidth":3.0,"quality":"valid","sourceYear":2013},"geometry":{"type":"Point","coordinates":[126.93061237,37.51968442]}},{"type":"Feature","id":"street-144401","properties":{"id":"street-144401","dataset":"street","gu":"영등포구","species":"양버즘나무","heightM":7.0,"crownWidthM":4.0,"rawHeight":7.0,"rawCrownWidth":4.0,"quality":"valid","sourceYear":2013},"geometry":{"type":"Point","coordinates":[126.93499672,37.51795246]}},{"type":"Feature","id":"street-144435","properties":{"id":"street-144435","dataset":"street","gu":"영등포구","species":"양버즘나무","heightM":8.0,"crownWidthM":3.0,"rawHeight":8.0,"rawCrownWidth":3.0,"quality":"valid","sourceYear":2013},"geometry":{"type":"Point","coordinates":[126.93336925,37.51923001]}},{"type":"Feature","id":"street-144454","properties":{"id":"street-144454","dataset":"street","gu":"영등포구","species":"은행나무","heightM":6.0,"crownWidthM":5.0,"rawHeight":6.0,"rawCrownWidth":5.0,"quality":"valid","sourceYear":2013},"geometry":{"type":"Point","coordinates":[126.93725942,37.51918689]}},{"type":"Feature","id":"street-144468","properties":{"id":"street-144468","dataset":"street","gu":"영등포구","species":"은행나무","heightM":8.0,"crownWidthM":4.0,"rawHeight":8.0,"rawCrownWidth":4.0,"quality":"valid","sourceYear":2013},"geometry":{"type":"Point","coordinates":[126.93448843,37.51807867]}},{"type":"Feature","id":"street-144484","properties":{"id":"street-144484","dataset":"street","gu":"영등포구","species":"은행나무","heightM":7.0,"crownWidthM":5.0,"rawHeight":7.0,"rawCrownWidth":5.0,"quality":"valid","sourceYear":2013},"geometry":{"type":"Point","coordinates":[126.93749358,37.51934092]}},{"type":"Feature","id":"street-144498","properties":{"id":"street-144498","dataset":"street","gu":"영등포구","species":"은행나무","heightM":8.0,"crownWidthM":4.0,"rawHeight":8.0,"rawCrownWidth":4.0,"quality":"valid","sourceYear":2013},"geometry":{"type":"Point","coordinates":[126.93022765,37.51900387]}},{"type":"Feature","id":"street-144511","properties":{"id":"street-144511","dataset":"street","gu":"영등포구","species":"은행나무","heightM":5.0,"crownWidthM":2.0,"rawHeight":5.0,"rawCrownWidth":2.0,"quality":"valid","sourceYear":2013},"geometry":{"type":"Point","coordinates":[126.9339094,37.51867054]}},{"type":"Feature","id":"street-144529","properties":{"id":"street-144529","dataset":"street","gu":"영등포구","species":"느티나무","heightM":5.0,"crownWidthM":4.0,"rawHeight":5.0,"rawCrownWidth":4.0,"quality":"valid","sourceYear":2013},"geometry":{"type":"Point","coordinates":[126.9366903,37.51779625]}},{"type":"Feature","id":"street-144532","properties":{"id":"street-144532","dataset":"street","gu":"영등포구","species":"은행나무","heightM":6.0,"crownWidthM":2.0,"rawHeight":6.0,"rawCrownWidth":2.0,"quality":"valid","sourceYear":2013},"geometry":{"type":"Point","coordinates":[126.93475865,37.51756627]}},{"type":"Feature","id":"street-144574","properties":{"id":"street-144574","dataset":"street","gu":"영등포구","species":"느티나무","heightM":6.0,"crownWidthM":4.0,"rawHeight":6.0,"rawCrownWidth":4.0,"quality":"valid","sourceYear":2013},"geometry":{"type":"Point","coordinates":[126.93038293,37.51991739]}},{"type":"Feature","id":"street-144578","properties":{"id":"street-144578","dataset":"street","gu":"영등포구","species":"양버즘나무","heightM":7.0,"crownWidthM":4.0,"rawHeight":7.0,"rawCrownWidth":4.0,"quality":"valid","sourceYear":2013},"geometry":{"type":"Point","coordinates":[126.93360046,37.51935759]}},{"type":"Feature","id":"street-144580","properties":{"id":"street-144580","dataset":"street","gu":"영등포구","species":"은행나무","heightM":8.0,"crownWidthM":4.0,"rawHeight":8.0,"rawCrownWidth":4.0,"quality":"valid","sourceYear":2013},"geometry":{"type":"Point","coordinates":[126.93055597,37.51993519]}},{"type":"Feature","id":"street-144601","properties":{"id":"street-144601","dataset":"street","gu":"영등포구","species":"양버즘나무","heightM":7.0,"crownWidthM":4.0,"rawHeight":7.0,"rawCrownWidth":4.0,"quality":"valid","sourceYear":2013},"geometry":{"type":"Point","coordinates":[126.93344369,37.51950933]}},{"type":"Feature","id":"street-144604","properties":{"id":"street-144604","dataset":"street","gu":"영등포구","species":"벚나무","heightM":6.0,"crownWidthM":5.0,"rawHeight":6.0,"rawCrownWidth":5.0,"quality":"valid","sourceYear":2013},"geometry":{"type":"Point","coordinates":[126.93446922,37.51730305]}},{"type":"Feature","id":"street-144698","properties":{"id":"street-144698","dataset":"street","gu":"영등포구","species":"은행나무","heightM":5.0,"crownWidthM":2.0,"rawHeight":5.0,"rawCrownWidth":2.0,"quality":"valid","sourceYear":2013},"geometry":{"type":"Point","coordinates":[126.93581852,37.51809255]}},{"type":"Feature","id":"street-144784","properties":{"id":"street-144784","dataset":"street","gu":"영등포구","species":"느티나무","heightM":5.0,"crownWidthM":3.0,"rawHeight":5.0,"rawCrownWidth":3.0,"quality":"valid","sourceYear":2013},"geometry":{"type":"Point","coordinates":[126.9302782,37.51713725]}},{"type":"Feature","id":"street-144833","properties":{"id":"street-144833","dataset":"street","gu":"영등포구","species":"양버즘나무","heightM":8.0,"crownWidthM":5.0,"rawHeight":8.0,"rawCrownWidth":5.0,"quality":"valid","sourceYear":2013},"geometry":{"type":"Point","coordinates":[126.93548791,37.51761586]}},{"type":"Feature","id":"street-144840","properties":{"id":"street-144840","dataset":"street","gu":"영등포구","species":"양버즘나무","heightM":7.0,"crownWidthM":4.0,"rawHeight":7.0,"rawCrownWidth":4.0,"quality":"valid","sourceYear":2013},"geometry":{"type":"Point","coordinates":[126.93512611,37.5179253]}},{"type":"Feature","id":"street-144880","properties":{"id":"street-144880","dataset":"street","gu":"영등포구","species":"은행나무","heightM":8.0,"crownWidthM":2.0,"rawHeight":8.0,"rawCrownWidth":2.0,"quality":"valid","sourceYear":2013},"geometry":{"type":"Point","coordinates":[126.93064724,37.51879223]}},{"type":"Feature","id":"street-144884","properties":{"id":"street-144884","dataset":"street","gu":"영등포구","species":"은행나무","heightM":6.0,"crownWidthM":3.0,"rawHeight":6.0,"rawCrownWidth":3.0,"quality":"valid","sourceYear":2013},"geometry":{"type":"Point","coordinates":[126.93320572,37.51939548]}},{"type":"Feature","id":"street-144889","properties":{"id":"street-144889","dataset":"street","gu":"영등포구","species":"벚나무","heightM":6.0,"crownWidthM":6.0,"rawHeight":6.0,"rawCrownWidth":6.0,"quality":"valid","sourceYear":2013},"geometry":{"type":"Point","coordinates":[126.93198562,37.51708307]}},{"type":"Feature","id":"street-144898","properties":{"id":"street-144898","dataset":"street","gu":"영등포구","species":"벚나무","heightM":6.0,"crownWidthM":5.0,"rawHeight":6.0,"rawCrownWidth":5.0,"quality":"valid","sourceYear":2013},"geometry":{"type":"Point","coordinates":[126.93151556,37.51704902]}},{"type":"Feature","id":"street-144948","properties":{"id":"street-144948","dataset":"street","gu":"영등포구","species":"은행나무","heightM":8.0,"crownWidthM":3.0,"rawHeight":8.0,"rawCrownWidth":3.0,"quality":"valid","sourceYear":2013},"geometry":{"type":"Point","coordinates":[126.93488101,37.51804476]}},{"type":"Feature","id":"street-144967","properties":{"id":"street-144967","dataset":"street","gu":"영등포구","species":"벚나무","heightM":6.0,"crownWidthM":7.0,"rawHeight":6.0,"rawCrownWidth":7.0,"quality":"valid","sourceYear":2013},"geometry":{"type":"Point","coordinates":[126.93168394,37.51706038]}},{"type":"Feature","id":"street-145036","properties":{"id":"street-145036","dataset":"street","gu":"영등포구","species":"은행나무","heightM":6.0,"crownWidthM":3.0,"rawHeight":6.0,"rawCrownWidth":3.0,"quality":"valid","sourceYear":2013},"geometry":{"type":"Point","coordinates":[126.93804385,37.51968167]}},{"type":"Feature","id":"street-145081","properties":{"id":"street-145081","dataset":"street","gu":"영등포구","species":"벚나무","heightM":5.0,"crownWidthM":3.0,"rawHeight":5.0,"rawCrownWidth":3.0,"quality":"valid","sourceYear":2013},"geometry":{"type":"Point","coordinates":[126.93134017,37.51703765]}},{"type":"Feature","id":"street-145087","properties":{"id":"street-145087","dataset":"street","gu":"영등포구","species":"양버즘나무","heightM":7.0,"crownWidthM":3.0,"rawHeight":7.0,"rawCrownWidth":3.0,"quality":"valid","sourceYear":2013},"geometry":{"type":"Point","coordinates":[126.93391402,37.519027]}},{"type":"Feature","id":"street-145161","properties":{"id":"street-145161","dataset":"street","gu":"영등포구","species":"은행나무","heightM":5.0,"crownWidthM":1.0,"rawHeight":5.0,"rawCrownWidth":1.0,"quality":"valid","sourceYear":2013},"geometry":{"type":"Point","coordinates":[126.93473547,37.51818008]}},{"type":"Feature","id":"street-145184","properties":{"id":"street-145184","dataset":"street","gu":"영등포구","species":"벚나무","heightM":6.0,"crownWidthM":6.0,"rawHeight":6.0,"rawCrownWidth":6.0,"quality":"valid","sourceYear":2013},"geometry":{"type":"Point","coordinates":[126.93159974,37.51706029]}},{"type":"Feature","id":"street-145207","properties":{"id":"street-145207","dataset":"street","gu":"영등포구","species":"은행나무","heightM":8.0,"crownWidthM":3.0,"rawHeight":8.0,"rawCrownWidth":3.0,"quality":"valid","sourceYear":2013},"geometry":{"type":"Point","coordinates":[126.93717746,37.51913554]}},{"type":"Feature","id":"street-145211","properties":{"id":"street-145211","dataset":"street","gu":"영등포구","species":"은행나무","heightM":5.0,"crownWidthM":3.0,"rawHeight":5.0,"rawCrownWidth":3.0,"quality":"valid","sourceYear":2013},"geometry":{"type":"Point","coordinates":[126.93387994,37.51905952]}},{"type":"Feature","id":"street-145262","properties":{"id":"street-145262","dataset":"street","gu":"영등포구","species":"벚나무","heightM":5.0,"crownWidthM":5.0,"rawHeight":5.0,"rawCrownWidth":5.0,"quality":"valid","sourceYear":2013},"geometry":{"type":"Point","coordinates":[126.93986895,37.51819975]}},{"type":"Feature","id":"street-145277","properties":{"id":"street-145277","dataset":"street","gu":"영등포구","species":"양버즘나무","heightM":8.0,"crownWidthM":6.0,"rawHeight":8.0,"rawCrownWidth":6.0,"quality":"valid","sourceYear":2013},"geometry":{"type":"Point","coordinates":[126.93704429,37.51785385]}},{"type":"Feature","id":"street-145327","properties":{"id":"street-145327","dataset":"street","gu":"영등포구","species":"은행나무","heightM":8.0,"crownWidthM":5.0,"rawHeight":8.0,"rawCrownWidth":5.0,"quality":"valid","sourceYear":2013},"geometry":{"type":"Point","coordinates":[126.93005007,37.51940141]}},{"type":"Feature","id":"street-145345","properties":{"id":"street-145345","dataset":"street","gu":"영등포구","species":"회화나무","heightM":6.0,"crownWidthM":5.0,"rawHeight":6.0,"rawCrownWidth":5.0,"quality":"valid","sourceYear":2013},"geometry":{"type":"Point","coordinates":[126.93763407,37.51942494]}},{"type":"Feature","id":"street-145347","properties":{"id":"street-145347","dataset":"street","gu":"영등포구","species":"은행나무","heightM":7.0,"crownWidthM":3.0,"rawHeight":7.0,"rawCrownWidth":3.0,"quality":"valid","sourceYear":2013},"geometry":{"type":"Point","coordinates":[126.93778628,37.5193178]}},{"type":"Feature","id":"street-145432","properties":{"id":"street-145432","dataset":"street","gu":"영등포구","species":"벚나무","heightM":5.0,"crownWidthM":6.0,"rawHeight":5.0,"rawCrownWidth":6.0,"quality":"valid","sourceYear":2013},"geometry":{"type":"Point","coordinates":[126.93957106,37.51808827]}},{"type":"Feature","id":"street-145490","properties":{"id":"street-145490","dataset":"street","gu":"영등포구","species":"회화나무","heightM":8.0,"crownWidthM":6.0,"rawHeight":8.0,"rawCrownWidth":6.0,"quality":"valid","sourceYear":2013},"geometry":{"type":"Point","coordinates":[126.93848291,37.51995703]}},{"type":"Feature","id":"street-145509","properties":{"id":"street-145509","dataset":"street","gu":"영등포구","species":"회화나무","heightM":7.0,"crownWidthM":5.0,"rawHeight":7.0,"rawCrownWidth":5.0,"quality":"valid","sourceYear":2013},"geometry":{"type":"Point","coordinates":[126.9383307,37.51986838]}},{"type":"Feature","id":"street-145511","properties":{"id":"street-145511","dataset":"street","gu":"영등포구","species":"회화나무","heightM":14.0,"crownWidthM":2.0,"rawHeight":14.0,"rawCrownWidth":2.0,"quality":"valid","sourceYear":2013},"geometry":{"type":"Point","coordinates":[126.93635207,37.51862673]}},{"type":"Feature","id":"street-145524","properties":{"id":"street-145524","dataset":"street","gu":"영등포구","species":"은행나무","heightM":6.0,"crownWidthM":3.0,"rawHeight":6.0,"rawCrownWidth":3.0,"quality":"valid","sourceYear":2013},"geometry":{"type":"Point","coordinates":[126.9363989,37.51865474]}},{"type":"Feature","id":"street-145557","properties":{"id":"street-145557","dataset":"street","gu":"영등포구","species":"은행나무","heightM":6.0,"crownWidthM":2.0,"rawHeight":6.0,"rawCrownWidth":2.0,"quality":"valid","sourceYear":2013},"geometry":{"type":"Point","coordinates":[126.93355957,37.5193901]}},{"type":"Feature","id":"street-145586","properties":{"id":"street-145586","dataset":"street","gu":"영등포구","species":"은행나무","heightM":8.0,"crownWidthM":5.0,"rawHeight":8.0,"rawCrownWidth":5.0,"quality":"valid","sourceYear":2013},"geometry":{"type":"Point","coordinates":[126.93440927,37.51816156]}},{"type":"Feature","id":"street-145601","properties":{"id":"street-145601","dataset":"street","gu":"영등포구","species":"양버즘나무","heightM":6.0,"crownWidthM":3.0,"rawHeight":6.0,"rawCrownWidth":3.0,"quality":"valid","sourceYear":2013},"geometry":{"type":"Point","coordinates":[126.93447852,37.51844545]}},{"type":"Feature","id":"street-145614","properties":{"id":"street-145614","dataset":"street","gu":"영등포구","species":"은행나무","heightM":9.0,"crownWidthM":5.0,"rawHeight":9.0,"rawCrownWidth":5.0,"quality":"valid","sourceYear":2013},"geometry":{"type":"Point","coordinates":[126.93432022,37.51825234]}},{"type":"Feature","id":"street-145635","properties":{"id":"street-145635","dataset":"street","gu":"영등포구","species":"양버즘나무","heightM":9.0,"crownWidthM":4.0,"rawHeight":9.0,"rawCrownWidth":4.0,"quality":"valid","sourceYear":2013},"geometry":{"type":"Point","coordinates":[126.93407283,37.51850093]}},{"type":"Feature","id":"street-145697","properties":{"id":"street-145697","dataset":"street","gu":"영등포구","species":"은행나무","heightM":7.0,"crownWidthM":5.0,"rawHeight":7.0,"rawCrownWidth":5.0,"quality":"valid","sourceYear":2013},"geometry":{"type":"Point","coordinates":[126.935476,37.51787664]}},{"type":"Feature","id":"street-145719","properties":{"id":"street-145719","dataset":"street","gu":"영등포구","species":"느티나무","heightM":null,"crownWidthM":null,"rawHeight":0.0,"rawCrownWidth":0.0,"quality":"review","sourceYear":2013},"geometry":{"type":"Point","coordinates":[126.93263836,37.51955948]}},{"type":"Feature","id":"street-145747","properties":{"id":"street-145747","dataset":"street","gu":"영등포구","species":"느티나무","heightM":5.0,"crownWidthM":2.0,"rawHeight":5.0,"rawCrownWidth":2.0,"quality":"valid","sourceYear":2013},"geometry":{"type":"Point","coordinates":[126.93038623,37.51714686]}},{"type":"Feature","id":"street-145770","properties":{"id":"street-145770","dataset":"street","gu":"영등포구","species":"느티나무","heightM":5.0,"crownWidthM":3.0,"rawHeight":5.0,"rawCrownWidth":3.0,"quality":"valid","sourceYear":2013},"geometry":{"type":"Point","coordinates":[126.93065613,37.5171615]}},{"type":"Feature","id":"street-145791","properties":{"id":"street-145791","dataset":"street","gu":"영등포구","species":"느티나무","heightM":null,"crownWidthM":null,"rawHeight":0.0,"rawCrownWidth":0.0,"quality":"review","sourceYear":2013},"geometry":{"type":"Point","coordinates":[126.9325449,37.51948493]}},{"type":"Feature","id":"street-145792","properties":{"id":"street-145792","dataset":"street","gu":"영등포구","species":"느티나무","heightM":null,"crownWidthM":null,"rawHeight":0.0,"rawCrownWidth":0.0,"quality":"review","sourceYear":2013},"geometry":{"type":"Point","coordinates":[126.93274119,37.51961914]}},{"type":"Feature","id":"street-145794","properties":{"id":"street-145794","dataset":"street","gu":"영등포구","species":"느티나무","heightM":null,"crownWidthM":null,"rawHeight":0.0,"rawCrownWidth":0.0,"quality":"review","sourceYear":2013},"geometry":{"type":"Point","coordinates":[126.93225515,37.51927618]}},{"type":"Feature","id":"street-145888","properties":{"id":"street-145888","dataset":"street","gu":"영등포구","species":"양버즘나무","heightM":8.0,"crownWidthM":3.0,"rawHeight":8.0,"rawCrownWidth":3.0,"quality":"valid","sourceYear":2013},"geometry":{"type":"Point","coordinates":[126.93453694,37.51838492]}},{"type":"Feature","id":"street-145922","properties":{"id":"street-145922","dataset":"street","gu":"영등포구","species":"회화나무","heightM":7.0,"crownWidthM":4.0,"rawHeight":7.0,"rawCrownWidth":4.0,"quality":"valid","sourceYear":2013},"geometry":{"type":"Point","coordinates":[126.93765164,37.51922911]}},{"type":"Feature","id":"street-145946","properties":{"id":"street-145946","dataset":"street","gu":"영등포구","species":"은행나무","heightM":8.0,"crownWidthM":2.0,"rawHeight":8.0,"rawCrownWidth":2.0,"quality":"valid","sourceYear":2013},"geometry":{"type":"Point","coordinates":[126.93456759,37.51799973]}},{"type":"Feature","id":"street-145981","properties":{"id":"street-145981","dataset":"street","gu":"영등포구","species":"벚나무","heightM":5.0,"crownWidthM":4.0,"rawHeight":5.0,"rawCrownWidth":4.0,"quality":"valid","sourceYear":2013},"geometry":{"type":"Point","coordinates":[126.93948724,37.51807339]}},{"type":"Feature","id":"street-145984","properties":{"id":"street-145984","dataset":"street","gu":"영등포구","species":"느티나무","heightM":6.0,"crownWidthM":4.0,"rawHeight":6.0,"rawCrownWidth":4.0,"quality":"valid","sourceYear":2013},"geometry":{"type":"Point","coordinates":[126.93698429,37.51784425]}},{"type":"Feature","id":"street-145995","properties":{"id":"street-145995","dataset":"street","gu":"영등포구","species":"회화나무","heightM":6.0,"crownWidthM":5.0,"rawHeight":6.0,"rawCrownWidth":5.0,"quality":"valid","sourceYear":2013},"geometry":{"type":"Point","coordinates":[126.93715406,37.5189257]}},{"type":"Feature","id":"street-145996","properties":{"id":"street-145996","dataset":"street","gu":"영등포구","species":"느티나무","heightM":5.0,"crownWidthM":3.0,"rawHeight":5.0,"rawCrownWidth":3.0,"quality":"valid","sourceYear":2013},"geometry":{"type":"Point","coordinates":[126.93099201,37.51718576]}},{"type":"Feature","id":"street-146077","properties":{"id":"street-146077","dataset":"street","gu":"영등포구","species":"회화나무","heightM":6.0,"crownWidthM":4.0,"rawHeight":6.0,"rawCrownWidth":4.0,"quality":"valid","sourceYear":2013},"geometry":{"type":"Point","coordinates":[126.93796776,37.51943449]}},{"type":"Feature","id":"street-146099","properties":{"id":"street-146099","dataset":"street","gu":"영등포구","species":"벚나무","heightM":5.0,"crownWidthM":2.0,"rawHeight":5.0,"rawCrownWidth":2.0,"quality":"valid","sourceYear":2013},"geometry":{"type":"Point","coordinates":[126.93507201,37.51737813]}},{"type":"Feature","id":"street-146193","properties":{"id":"street-146193","dataset":"street","gu":"영등포구","species":"은행나무","heightM":6.0,"crownWidthM":2.0,"rawHeight":6.0,"rawCrownWidth":2.0,"quality":"valid","sourceYear":2013},"geometry":{"type":"Point","coordinates":[126.93034414,37.51888598]}},{"type":"Feature","id":"street-146256","properties":{"id":"street-146256","dataset":"street","gu":"영등포구","species":"벚나무","heightM":5.0,"crownWidthM":4.0,"rawHeight":5.0,"rawCrownWidth":4.0,"quality":"valid","sourceYear":2013},"geometry":{"type":"Point","coordinates":[126.9370275,37.51767093]}},{"type":"Feature","id":"street-146294","properties":{"id":"street-146294","dataset":"street","gu":"영등포구","species":"은행나무","heightM":7.0,"crownWidthM":4.0,"rawHeight":7.0,"rawCrownWidth":4.0,"quality":"valid","sourceYear":2013},"geometry":{"type":"Point","coordinates":[126.93707795,37.51907952]}},{"type":"Feature","id":"street-146345","properties":{"id":"street-146345","dataset":"street","gu":"영등포구","species":"벚나무","heightM":7.0,"crownWidthM":6.0,"rawHeight":7.0,"rawCrownWidth":6.0,"quality":"valid","sourceYear":2013},"geometry":{"type":"Point","coordinates":[126.93456043,37.51731422]}},{"type":"Feature","id":"street-146352","properties":{"id":"street-146352","dataset":"street","gu":"영등포구","species":"은행나무","heightM":8.0,"crownWidthM":4.0,"rawHeight":8.0,"rawCrownWidth":4.0,"quality":"valid","sourceYear":2013},"geometry":{"type":"Point","coordinates":[126.93401626,37.51892404]}},{"type":"Feature","id":"street-146357","properties":{"id":"street-146357","dataset":"street","gu":"영등포구","species":"은행나무","heightM":6.0,"crownWidthM":3.0,"rawHeight":6.0,"rawCrownWidth":3.0,"quality":"valid","sourceYear":2013},"geometry":{"type":"Point","coordinates":[126.9332751,37.51932456]}},{"type":"Feature","id":"street-146365","properties":{"id":"street-146365","dataset":"street","gu":"영등포구","species":"벚나무","heightM":6.0,"crownWidthM":6.0,"rawHeight":6.0,"rawCrownWidth":6.0,"quality":"valid","sourceYear":2013},"geometry":{"type":"Point","coordinates":[126.93321337,37.51717382]}},{"type":"Feature","id":"street-146409","properties":{"id":"street-146409","dataset":"street","gu":"영등포구","species":"은행나무","heightM":6.0,"crownWidthM":2.0,"rawHeight":6.0,"rawCrownWidth":2.0,"quality":"valid","sourceYear":2013},"geometry":{"type":"Point","coordinates":[126.93039973,37.51904528]}},{"type":"Feature","id":"street-146472","properties":{"id":"street-146472","dataset":"street","gu":"영등포구","species":"은행나무","heightM":5.0,"crownWidthM":2.0,"rawHeight":5.0,"rawCrownWidth":2.0,"quality":"valid","sourceYear":2013},"geometry":{"type":"Point","coordinates":[126.93778042,37.5195183]}},{"type":"Feature","id":"street-146482","properties":{"id":"street-146482","dataset":"street","gu":"영등포구","species":"벚나무","heightM":5.0,"crownWidthM":7.0,"rawHeight":5.0,"rawCrownWidth":7.0,"quality":"valid","sourceYear":2013},"geometry":{"type":"Point","coordinates":[126.93940343,37.51805851]}},{"type":"Feature","id":"street-146521","properties":{"id":"street-146521","dataset":"street","gu":"영등포구","species":"은행나무","heightM":8.0,"crownWidthM":1.0,"rawHeight":8.0,"rawCrownWidth":1.0,"quality":"valid","sourceYear":2013},"geometry":{"type":"Point","coordinates":[126.93480552,37.51811023]}},{"type":"Feature","id":"street-146596","properties":{"id":"street-146596","dataset":"street","gu":"영등포구","species":"은행나무","heightM":7.0,"crownWidthM":3.0,"rawHeight":7.0,"rawCrownWidth":3.0,"quality":"valid","sourceYear":2013},"geometry":{"type":"Point","coordinates":[126.9339481,37.51898906]}},{"type":"Feature","id":"street-146607","properties":{"id":"street-146607","dataset":"street","gu":"영등포구","species":"양버즘나무","heightM":7.0,"crownWidthM":4.0,"rawHeight":7.0,"rawCrownWidth":4.0,"quality":"valid","sourceYear":2013},"geometry":{"type":"Point","coordinates":[126.93325965,37.51971528]}},{"type":"Feature","id":"street-146651","properties":{"id":"street-146651","dataset":"street","gu":"영등포구","species":"벚나무","heightM":5.0,"crownWidthM":3.0,"rawHeight":5.0,"rawCrownWidth":3.0,"quality":"valid","sourceYear":2013},"geometry":{"type":"Point","coordinates":[126.93187211,37.51724592]}},{"type":"Feature","id":"street-146731","properties":{"id":"street-146731","dataset":"street","gu":"영등포구","species":"회화나무","heightM":5.0,"crownWidthM":3.0,"rawHeight":5.0,"rawCrownWidth":3.0,"quality":"valid","sourceYear":2013},"geometry":{"type":"Point","coordinates":[126.93620572,37.51853804]}},{"type":"Feature","id":"street-146780","properties":{"id":"street-146780","dataset":"street","gu":"영등포구","species":"벚나무","heightM":5.0,"crownWidthM":4.0,"rawHeight":5.0,"rawCrownWidth":4.0,"quality":"valid","sourceYear":2013},"geometry":{"type":"Point","coordinates":[126.93078592,37.51700351]}},{"type":"Feature","id":"street-146852","properties":{"id":"street-146852","dataset":"street","gu":"영등포구","species":"양버즘나무","heightM":7.0,"crownWidthM":4.0,"rawHeight":7.0,"rawCrownWidth":4.0,"quality":"valid","sourceYear":2013},"geometry":{"type":"Point","coordinates":[126.93429742,37.51863171]}},{"type":"Feature","id":"street-146861","properties":{"id":"street-146861","dataset":"street","gu":"영등포구","species":"은행나무","heightM":6.0,"crownWidthM":5.0,"rawHeight":6.0,"rawCrownWidth":5.0,"quality":"valid","sourceYear":2013},"geometry":{"type":"Point","coordinates":[126.93665647,37.51861295]}},{"type":"Feature","id":"street-146864","properties":{"id":"street-146864","dataset":"street","gu":"영등포구","species":"양버즘나무","heightM":9.0,"crownWidthM":3.0,"rawHeight":9.0,"rawCrownWidth":3.0,"quality":"valid","sourceYear":2013},"geometry":{"type":"Point","coordinates":[126.93308183,37.51952156]}},{"type":"Feature","id":"street-146904","properties":{"id":"street-146904","dataset":"street","gu":"영등포구","species":"은행나무","heightM":6.0,"crownWidthM":2.0,"rawHeight":6.0,"rawCrownWidth":2.0,"quality":"valid","sourceYear":2013},"geometry":{"type":"Point","coordinates":[126.93636565,37.51842692]}},{"type":"Feature","id":"street-146908","properties":{"id":"street-146908","dataset":"street","gu":"영등포구","species":"벚나무","heightM":5.0,"crownWidthM":4.0,"rawHeight":5.0,"rawCrownWidth":4.0,"quality":"valid","sourceYear":2013},"geometry":{"type":"Point","coordinates":[126.93422365,37.51727512]}},{"type":"Feature","id":"street-146931","properties":{"id":"street-146931","dataset":"street","gu":"영등포구","species":"은행나무","heightM":8.0,"crownWidthM":2.0,"rawHeight":8.0,"rawCrownWidth":2.0,"quality":"valid","sourceYear":2013},"geometry":{"type":"Point","coordinates":[126.93087327,37.5196066]}},{"type":"Feature","id":"street-147031","properties":{"id":"street-147031","dataset":"street","gu":"영등포구","species":"은행나무","heightM":8.0,"crownWidthM":3.0,"rawHeight":8.0,"rawCrownWidth":3.0,"quality":"valid","sourceYear":2013},"geometry":{"type":"Point","coordinates":[126.93091754,37.51955966]}},{"type":"Feature","id":"street-147077","properties":{"id":"street-147077","dataset":"street","gu":"영등포구","species":"은행나무","heightM":6.0,"crownWidthM":2.0,"rawHeight":6.0,"rawCrownWidth":2.0,"quality":"valid","sourceYear":2013},"geometry":{"type":"Point","coordinates":[126.93423116,37.51833917]}},{"type":"Feature","id":"street-147084","properties":{"id":"street-147084","dataset":"street","gu":"영등포구","species":"벚나무","heightM":6.0,"crownWidthM":5.0,"rawHeight":6.0,"rawCrownWidth":5.0,"quality":"valid","sourceYear":2013},"geometry":{"type":"Point","coordinates":[126.93758655,37.51776039]}},{"type":"Feature","id":"street-147144","properties":{"id":"street-147144","dataset":"street","gu":"영등포구","species":"은행나무","heightM":6.0,"crownWidthM":3.0,"rawHeight":6.0,"rawCrownWidth":3.0,"quality":"valid","sourceYear":2013},"geometry":{"type":"Point","coordinates":[126.9366272,37.51879945]}},{"type":"Feature","id":"street-147158","properties":{"id":"street-147158","dataset":"street","gu":"영등포구","species":"회화나무","heightM":5.0,"crownWidthM":2.0,"rawHeight":5.0,"rawCrownWidth":2.0,"quality":"valid","sourceYear":2013},"geometry":{"type":"Point","coordinates":[126.93600084,37.518412]}},{"type":"Feature","id":"street-147161","properties":{"id":"street-147161","dataset":"street","gu":"영등포구","species":"벚나무","heightM":5.0,"crownWidthM":4.0,"rawHeight":5.0,"rawCrownWidth":4.0,"quality":"valid","sourceYear":2013},"geometry":{"type":"Point","coordinates":[126.93905874,37.51799892]}},{"type":"Feature","id":"street-147205","properties":{"id":"street-147205","dataset":"street","gu":"영등포구","species":"은행나무","heightM":8.0,"crownWidthM":4.0,"rawHeight":8.0,"rawCrownWidth":4.0,"quality":"valid","sourceYear":2013},"geometry":{"type":"Point","coordinates":[126.93101716,37.51945698]}},{"type":"Feature","id":"street-147236","properties":{"id":"street-147236","dataset":"street","gu":"영등포구","species":"벚나무","heightM":6.0,"crownWidthM":6.0,"rawHeight":6.0,"rawCrownWidth":6.0,"quality":"valid","sourceYear":2013},"geometry":{"type":"Point","coordinates":[126.93032277,37.51696956]}},{"type":"Feature","id":"street-147273","properties":{"id":"street-147273","dataset":"street","gu":"영등포구","species":"회화나무","heightM":6.0,"crownWidthM":4.0,"rawHeight":6.0,"rawCrownWidth":4.0,"quality":"valid","sourceYear":2013},"geometry":{"type":"Point","coordinates":[126.93694331,37.51899083]}},{"type":"Feature","id":"street-147292","properties":{"id":"street-147292","dataset":"street","gu":"영등포구","species":"은행나무","heightM":6.0,"crownWidthM":4.0,"rawHeight":6.0,"rawCrownWidth":4.0,"quality":"valid","sourceYear":2013},"geometry":{"type":"Point","coordinates":[126.93862926,37.5198406]}},{"type":"Feature","id":"street-147306","properties":{"id":"street-147306","dataset":"street","gu":"영등포구","species":"회화나무","heightM":6.0,"crownWidthM":5.0,"rawHeight":6.0,"rawCrownWidth":5.0,"quality":"valid","sourceYear":2013},"geometry":{"type":"Point","coordinates":[126.93781555,37.51933647]}},{"type":"Feature","id":"street-147357","properties":{"id":"street-147357","dataset":"street","gu":"영등포구","species":"벚나무","heightM":6.0,"crownWidthM":5.0,"rawHeight":6.0,"rawCrownWidth":5.0,"quality":"valid","sourceYear":2013},"geometry":{"type":"Point","coordinates":[126.93744679,37.51773803]}},{"type":"Feature","id":"street-147433","properties":{"id":"street-147433","dataset":"street","gu":"영등포구","species":"은행나무","heightM":6.0,"crownWidthM":4.0,"rawHeight":6.0,"rawCrownWidth":4.0,"quality":"valid","sourceYear":2013},"geometry":{"type":"Point","coordinates":[126.93735894,37.51926622]}},{"type":"Feature","id":"street-147461","properties":{"id":"street-147461","dataset":"street","gu":"영등포구","species":"벚나무","heightM":6.0,"crownWidthM":2.0,"rawHeight":6.0,"rawCrownWidth":2.0,"quality":"valid","sourceYear":2013},"geometry":{"type":"Point","coordinates":[126.93536027,37.51742035]}},{"type":"Feature","id":"street-147526","properties":{"id":"street-147526","dataset":"street","gu":"영등포구","species":"회화나무","heightM":5.0,"crownWidthM":3.0,"rawHeight":5.0,"rawCrownWidth":3.0,"quality":"valid","sourceYear":2013},"geometry":{"type":"Point","coordinates":[126.93703112,37.51904685]}},{"type":"Feature","id":"street-147544","properties":{"id":"street-147544","dataset":"street","gu":"영등포구","species":"회화나무","heightM":7.0,"crownWidthM":4.0,"rawHeight":7.0,"rawCrownWidth":4.0,"quality":"valid","sourceYear":2013},"geometry":{"type":"Point","coordinates":[126.93741748,37.51929424]}},{"type":"Feature","id":"street-147589","properties":{"id":"street-147589","dataset":"street","gu":"영등포구","species":"벚나무","heightM":5.0,"crownWidthM":7.0,"rawHeight":5.0,"rawCrownWidth":7.0,"quality":"valid","sourceYear":2013},"geometry":{"type":"Point","coordinates":[126.93945667,37.51823976]}},{"type":"Feature","id":"street-147609","properties":{"id":"street-147609","dataset":"street","gu":"영등포구","species":"벚나무","heightM":7.0,"crownWidthM":5.0,"rawHeight":7.0,"rawCrownWidth":5.0,"quality":"valid","sourceYear":2013},"geometry":{"type":"Point","coordinates":[126.93545249,37.51743134]}},{"type":"Feature","id":"street-147664","properties":{"id":"street-147664","dataset":"street","gu":"영등포구","species":"벚나무","heightM":5.0,"crownWidthM":5.0,"rawHeight":5.0,"rawCrownWidth":5.0,"quality":"valid","sourceYear":2013},"geometry":{"type":"Point","coordinates":[126.93056141,37.51698649]}},{"type":"Feature","id":"street-147675","properties":{"id":"street-147675","dataset":"street","gu":"영등포구","species":"은행나무","heightM":7.0,"crownWidthM":2.0,"rawHeight":7.0,"rawCrownWidth":2.0,"quality":"valid","sourceYear":2013},"geometry":{"type":"Point","coordinates":[126.93093599,37.51953912]}},{"type":"Feature","id":"street-147724","properties":{"id":"street-147724","dataset":"street","gu":"영등포구","species":"은행나무","heightM":6.0,"crownWidthM":1.0,"rawHeight":6.0,"rawCrownWidth":1.0,"quality":"valid","sourceYear":2013},"geometry":{"type":"Point","coordinates":[126.93789751,37.51938315]}},{"type":"Feature","id":"street-147767","properties":{"id":"street-147767","dataset":"street","gu":"영등포구","species":"회화나무","heightM":6.0,"crownWidthM":3.0,"rawHeight":6.0,"rawCrownWidth":3.0,"quality":"valid","sourceYear":2013},"geometry":{"type":"Point","coordinates":[126.93725943,37.51898638]}},{"type":"Feature","id":"street-147794","properties":{"id":"street-147794","dataset":"street","gu":"영등포구","species":"벚나무","heightM":6.0,"crownWidthM":6.0,"rawHeight":6.0,"rawCrownWidth":6.0,"quality":"valid","sourceYear":2013},"geometry":{"type":"Point","coordinates":[126.930255,37.51685964]}},{"type":"Feature","id":"street-147803","properties":{"id":"street-147803","dataset":"street","gu":"영등포구","species":"은행나무","heightM":7.0,"crownWidthM":3.0,"rawHeight":7.0,"rawCrownWidth":3.0,"quality":"valid","sourceYear":2013},"geometry":{"type":"Point","coordinates":[126.93474668,37.51754239]}},{"type":"Feature","id":"street-147866","properties":{"id":"street-147866","dataset":"street","gu":"영등포구","species":"벚나무","heightM":5.0,"crownWidthM":6.0,"rawHeight":5.0,"rawCrownWidth":6.0,"quality":"valid","sourceYear":2013},"geometry":{"type":"Point","coordinates":[126.93049367,37.51687654]}},{"type":"Feature","id":"street-147867","properties":{"id":"street-147867","dataset":"street","gu":"영등포구","species":"벚나무","heightM":6.0,"crownWidthM":7.0,"rawHeight":6.0,"rawCrownWidth":7.0,"quality":"valid","sourceYear":2013},"geometry":{"type":"Point","coordinates":[126.93010758,37.51684838]}},{"type":"Feature","id":"street-147868","properties":{"id":"street-147868","dataset":"street","gu":"영등포구","species":"벚나무","heightM":6.0,"crownWidthM":6.0,"rawHeight":6.0,"rawCrownWidth":6.0,"quality":"valid","sourceYear":2013},"geometry":{"type":"Point","coordinates":[126.93087956,37.5169049]}},{"type":"Feature","id":"street-147869","properties":{"id":"street-147869","dataset":"street","gu":"영등포구","species":"벚나무","heightM":6.0,"crownWidthM":7.0,"rawHeight":6.0,"rawCrownWidth":7.0,"quality":"valid","sourceYear":2013},"geometry":{"type":"Point","coordinates":[126.93017778,37.51685401]}},{"type":"Feature","id":"street-147887","properties":{"id":"street-147887","dataset":"street","gu":"영등포구","species":"은행나무","heightM":5.0,"crownWidthM":2.0,"rawHeight":5.0,"rawCrownWidth":2.0,"quality":"valid","sourceYear":2013},"geometry":{"type":"Point","coordinates":[126.93594815,37.51838399]}},{"type":"Feature","id":"street-147889","properties":{"id":"street-147889","dataset":"street","gu":"영등포구","species":"벚나무","heightM":7.0,"crownWidthM":4.0,"rawHeight":7.0,"rawCrownWidth":4.0,"quality":"valid","sourceYear":2013},"geometry":{"type":"Point","coordinates":[126.93766109,37.51777529]}},{"type":"Feature","id":"street-147967","properties":{"id":"street-147967","dataset":"street","gu":"영등포구","species":"느티나무","heightM":5.0,"crownWidthM":3.0,"rawHeight":5.0,"rawCrownWidth":3.0,"quality":"valid","sourceYear":2013},"geometry":{"type":"Point","coordinates":[126.93323912,37.51988884]}},{"type":"Feature","id":"street-147969","properties":{"id":"street-147969","dataset":"street","gu":"영등포구","species":"은행나무","heightM":8.0,"crownWidthM":4.0,"rawHeight":8.0,"rawCrownWidth":4.0,"quality":"valid","sourceYear":2013},"geometry":{"type":"Point","coordinates":[126.93494906,37.51797961]}},{"type":"Feature","id":"street-148026","properties":{"id":"street-148026","dataset":"street","gu":"영등포구","species":"느티나무","heightM":null,"crownWidthM":null,"rawHeight":0.0,"rawCrownWidth":0.0,"quality":"review","sourceYear":2013},"geometry":{"type":"Point","coordinates":[126.9300679,37.51786692]}},{"type":"Feature","id":"street-148041","properties":{"id":"street-148041","dataset":"street","gu":"영등포구","species":"은행나무","heightM":6.0,"crownWidthM":2.0,"rawHeight":6.0,"rawCrownWidth":2.0,"quality":"valid","sourceYear":2013},"geometry":{"type":"Point","coordinates":[126.93039709,37.51882985]}},{"type":"Feature","id":"street-148049","properties":{"id":"street-148049","dataset":"street","gu":"영등포구","species":"은행나무","heightM":6.0,"crownWidthM":2.0,"rawHeight":6.0,"rawCrownWidth":2.0,"quality":"valid","sourceYear":2013},"geometry":{"type":"Point","coordinates":[126.9333619,37.51959061]}},{"type":"Feature","id":"street-148050","properties":{"id":"street-148050","dataset":"street","gu":"영등포구","species":"벚나무","heightM":7.0,"crownWidthM":2.0,"rawHeight":7.0,"rawCrownWidth":2.0,"quality":"valid","sourceYear":2013},"geometry":{"type":"Point","coordinates":[126.93632153,37.51752688]}},{"type":"Feature","id":"street-148102","properties":{"id":"street-148102","dataset":"street","gu":"영등포구","species":"느티나무","heightM":5.0,"crownWidthM":1.0,"rawHeight":5.0,"rawCrownWidth":1.0,"quality":"valid","sourceYear":2013},"geometry":{"type":"Point","coordinates":[126.93014017,37.51712761]}},{"type":"Feature","id":"street-148135","properties":{"id":"street-148135","dataset":"street","gu":"영등포구","species":"벚나무","heightM":6.0,"crownWidthM":6.0,"rawHeight":6.0,"rawCrownWidth":6.0,"quality":"valid","sourceYear":2013},"geometry":{"type":"Point","coordinates":[126.93087011,37.51700919]}},{"type":"Feature","id":"street-148136","properties":{"id":"street-148136","dataset":"street","gu":"영등포구","species":"양버즘나무","heightM":8.0,"crownWidthM":5.0,"rawHeight":8.0,"rawCrownWidth":5.0,"quality":"valid","sourceYear":2013},"geometry":{"type":"Point","coordinates":[126.93556342,37.51762679]}},{"type":"Feature","id":"street-148176","properties":{"id":"street-148176","dataset":"street","gu":"영등포구","species":"은행나무","heightM":6.0,"crownWidthM":2.0,"rawHeight":6.0,"rawCrownWidth":2.0,"quality":"valid","sourceYear":2013},"geometry":{"type":"Point","coordinates":[126.93631452,37.51840244]}},{"type":"Feature","id":"street-148214","properties":{"id":"street-148214","dataset":"street","gu":"영등포구","species":"은행나무","heightM":6.0,"crownWidthM":2.0,"rawHeight":6.0,"rawCrownWidth":2.0,"quality":"valid","sourceYear":2013},"geometry":{"type":"Point","coordinates":[126.93608953,37.51825159]}},{"type":"Feature","id":"street-148266","properties":{"id":"street-148266","dataset":"street","gu":"영등포구","species":"은행나무","heightM":7.0,"crownWidthM":3.0,"rawHeight":7.0,"rawCrownWidth":3.0,"quality":"valid","sourceYear":2013},"geometry":{"type":"Point","coordinates":[126.93419226,37.5187388]}},{"type":"Feature","id":"street-148291","properties":{"id":"street-148291","dataset":"street","gu":"영등포구","species":"은행나무","heightM":6.0,"crownWidthM":2.0,"rawHeight":6.0,"rawCrownWidth":2.0,"quality":"valid","sourceYear":2013},"geometry":{"type":"Point","coordinates":[126.93784482,37.51935514]}},{"type":"Feature","id":"street-148293","properties":{"id":"street-148293","dataset":"street","gu":"영등포구","species":"은행나무","heightM":7.0,"crownWidthM":2.0,"rawHeight":7.0,"rawCrownWidth":2.0,"quality":"valid","sourceYear":2013},"geometry":{"type":"Point","coordinates":[126.934152,37.51842205]}},{"type":"Feature","id":"street-148331","properties":{"id":"street-148331","dataset":"street","gu":"영등포구","species":"은행나무","heightM":8.0,"crownWidthM":4.0,"rawHeight":8.0,"rawCrownWidth":4.0,"quality":"valid","sourceYear":2013},"geometry":{"type":"Point","coordinates":[126.93011823,37.51911615]}},{"type":"Feature","id":"street-148375","properties":{"id":"street-148375","dataset":"street","gu":"영등포구","species":"벚나무","heightM":5.0,"crownWidthM":3.0,"rawHeight":5.0,"rawCrownWidth":3.0,"quality":"valid","sourceYear":2013},"geometry":{"type":"Point","coordinates":[126.93573523,37.51747233]}},{"type":"Feature","id":"street-148386","properties":{"id":"street-148386","dataset":"street","gu":"영등포구","species":"느티나무","heightM":5.0,"crownWidthM":3.0,"rawHeight":5.0,"rawCrownWidth":3.0,"quality":"valid","sourceYear":2013},"geometry":{"type":"Point","coordinates":[126.93132189,37.51721001]}},{"type":"Feature","id":"street-148390","properties":{"id":"street-148390","dataset":"street","gu":"영등포구","species":"느티나무","heightM":null,"crownWidthM":null,"rawHeight":0.0,"rawCrownWidth":0.0,"quality":"review","sourceYear":2013},"geometry":{"type":"Point","coordinates":[126.93017073,37.51792658]}},{"type":"Feature","id":"street-148392","properties":{"id":"street-148392","dataset":"street","gu":"영등포구","species":"느티나무","heightM":null,"crownWidthM":null,"rawHeight":0.0,"rawCrownWidth":0.0,"quality":"review","sourceYear":2013},"geometry":{"type":"Point","coordinates":[126.93027355,37.51798624]}},{"type":"Feature","id":"street-148393","properties":{"id":"street-148393","dataset":"street","gu":"영등포구","species":"느티나무","heightM":null,"crownWidthM":null,"rawHeight":0.0,"rawCrownWidth":0.0,"quality":"review","sourceYear":2013},"geometry":{"type":"Point","coordinates":[126.93036701,37.51806079]}},{"type":"Feature","id":"street-148394","properties":{"id":"street-148394","dataset":"street","gu":"영등포구","species":"느티나무","heightM":null,"crownWidthM":null,"rawHeight":0.0,"rawCrownWidth":0.0,"quality":"review","sourceYear":2013},"geometry":{"type":"Point","coordinates":[126.93046983,37.51812045]}},{"type":"Feature","id":"street-148395","properties":{"id":"street-148395","dataset":"street","gu":"영등포구","species":"느티나무","heightM":null,"crownWidthM":null,"rawHeight":0.0,"rawCrownWidth":0.0,"quality":"review","sourceYear":2013},"geometry":{"type":"Point","coordinates":[126.93055394,37.51819499]}},{"type":"Feature","id":"street-148413","properties":{"id":"street-148413","dataset":"street","gu":"영등포구","species":"양버즘나무","heightM":8.0,"crownWidthM":4.0,"rawHeight":8.0,"rawCrownWidth":4.0,"quality":"valid","sourceYear":2013},"geometry":{"type":"Point","coordinates":[126.933508,37.51908423]}},{"type":"Feature","id":"street-148447","properties":{"id":"street-148447","dataset":"street","gu":"영등포구","species":"벚나무","heightM":5.0,"crownWidthM":2.0,"rawHeight":5.0,"rawCrownWidth":2.0,"quality":"valid","sourceYear":2013},"geometry":{"type":"Point","coordinates":[126.93173812,37.51723607]}},{"type":"Feature","id":"street-148534","properties":{"id":"street-148534","dataset":"street","gu":"영등포구","species":"양버즘나무","heightM":8.0,"crownWidthM":4.0,"rawHeight":8.0,"rawCrownWidth":4.0,"quality":"valid","sourceYear":2013},"geometry":{"type":"Point","coordinates":[126.93330483,37.51929304]}},{"type":"Feature","id":"street-148640","properties":{"id":"street-148640","dataset":"street","gu":"영등포구","species":"벚나무","heightM":5.0,"crownWidthM":5.0,"rawHeight":5.0,"rawCrownWidth":5.0,"quality":"valid","sourceYear":2013},"geometry":{"type":"Point","coordinates":[126.93064803,37.51688788]}},{"type":"Feature","id":"street-148649","properties":{"id":"street-148649","dataset":"street","gu":"영등포구","species":"벚나무","heightM":5.0,"crownWidthM":3.0,"rawHeight":5.0,"rawCrownWidth":3.0,"quality":"valid","sourceYear":2013},"geometry":{"type":"Point","coordinates":[126.93603377,37.51751547]}},{"type":"Feature","id":"street-148738","properties":{"id":"street-148738","dataset":"street","gu":"영등포구","species":"벚나무","heightM":5.0,"crownWidthM":4.0,"rawHeight":5.0,"rawCrownWidth":4.0,"quality":"valid","sourceYear":2013},"geometry":{"type":"Point","coordinates":[126.93964555,37.51811057]}},{"type":"Feature","id":"street-148758","properties":{"id":"street-148758","dataset":"street","gu":"영등포구","species":"느티나무","heightM":5.0,"crownWidthM":3.0,"rawHeight":5.0,"rawCrownWidth":3.0,"quality":"valid","sourceYear":2013},"geometry":{"type":"Point","coordinates":[126.93125592,37.51720516]}},{"type":"Feature","id":"street-148759","properties":{"id":"street-148759","dataset":"street","gu":"영등포구","species":"벚나무","heightM":5.0,"crownWidthM":3.0,"rawHeight":5.0,"rawCrownWidth":3.0,"quality":"valid","sourceYear":2013},"geometry":{"type":"Point","coordinates":[126.93159194,37.51722427]}},{"type":"Feature","id":"street-148885","properties":{"id":"street-148885","dataset":"street","gu":"영등포구","species":"양버즘나무","heightM":7.0,"crownWidthM":4.0,"rawHeight":7.0,"rawCrownWidth":4.0,"quality":"valid","sourceYear":2013},"geometry":{"type":"Point","coordinates":[126.93405034,37.51889152]}},{"type":"Feature","id":"street-149014","properties":{"id":"street-149014","dataset":"street","gu":"영등포구","species":"벚나무","heightM":5.0,"crownWidthM":3.0,"rawHeight":5.0,"rawCrownWidth":3.0,"quality":"valid","sourceYear":2013},"geometry":{"type":"Point","coordinates":[126.93400079,37.51742044]}},{"type":"Feature","id":"street-149090","properties":{"id":"street-149090","dataset":"street","gu":"영등포구","species":"은행나무","heightM":5.0,"crownWidthM":2.0,"rawHeight":5.0,"rawCrownWidth":2.0,"quality":"valid","sourceYear":2013},"geometry":{"type":"Point","coordinates":[126.93798531,37.51964433]}},{"type":"Feature","id":"street-149135","properties":{"id":"street-149135","dataset":"street","gu":"영등포구","species":"벚나무","heightM":6.0,"crownWidthM":5.0,"rawHeight":6.0,"rawCrownWidth":5.0,"quality":"valid","sourceYear":2013},"geometry":{"type":"Point","coordinates":[126.93218908,37.51708888]}},{"type":"Feature","id":"street-149148","properties":{"id":"street-149148","dataset":"street","gu":"영등포구","species":"은행나무","heightM":6.0,"crownWidthM":2.0,"rawHeight":6.0,"rawCrownWidth":2.0,"quality":"valid","sourceYear":2013},"geometry":{"type":"Point","coordinates":[126.93013258,37.51931707]}},{"type":"Feature","id":"street-149176","properties":{"id":"street-149176","dataset":"street","gu":"영등포구","species":"회화나무","heightM":5.0,"crownWidthM":5.0,"rawHeight":5.0,"rawCrownWidth":5.0,"quality":"valid","sourceYear":2013},"geometry":{"type":"Point","coordinates":[126.93670916,37.51864096]}},{"type":"Feature","id":"street-149190","properties":{"id":"street-149190","dataset":"street","gu":"영등포구","species":"벚나무","heightM":5.0,"crownWidthM":3.0,"rawHeight":5.0,"rawCrownWidth":3.0,"quality":"valid","sourceYear":2013},"geometry":{"type":"Point","coordinates":[126.93291486,37.51730528]}},{"type":"Feature","id":"street-149224","properties":{"id":"street-149224","dataset":"street","gu":"영등포구","species":"은행나무","heightM":6.0,"crownWidthM":4.0,"rawHeight":6.0,"rawCrownWidth":4.0,"quality":"valid","sourceYear":2013},"geometry":{"type":"Point","coordinates":[126.93570815,37.51823461]}},{"type":"Feature","id":"street-149265","properties":{"id":"street-149265","dataset":"street","gu":"영등포구","species":"은행나무","heightM":6.0,"crownWidthM":2.0,"rawHeight":6.0,"rawCrownWidth":2.0,"quality":"valid","sourceYear":2013},"geometry":{"type":"Point","coordinates":[126.9304571,37.5187709]}},{"type":"Feature","id":"street-149287","properties":{"id":"street-149287","dataset":"street","gu":"영등포구","species":"회화나무","heightM":6.0,"crownWidthM":4.0,"rawHeight":6.0,"rawCrownWidth":4.0,"quality":"valid","sourceYear":2013},"geometry":{"type":"Point","coordinates":[126.93857072,37.51980325]}},{"type":"Feature","id":"street-149398","properties":{"id":"street-149398","dataset":"street","gu":"영등포구","species":"은행나무","heightM":6.0,"crownWidthM":3.0,"rawHeight":6.0,"rawCrownWidth":3.0,"quality":"valid","sourceYear":2013},"geometry":{"type":"Point","coordinates":[126.93028187,37.51916399]}},{"type":"Feature","id":"street-149412","properties":{"id":"street-149412","dataset":"street","gu":"영등포구","species":"벚나무","heightM":6.0,"crownWidthM":3.0,"rawHeight":6.0,"rawCrownWidth":3.0,"quality":"valid","sourceYear":2013},"geometry":{"type":"Point","coordinates":[126.93499543,37.51737008]}},{"type":"Feature","id":"street-149492","properties":{"id":"street-149492","dataset":"street","gu":"영등포구","species":"느티나무","heightM":5.0,"crownWidthM":3.0,"rawHeight":5.0,"rawCrownWidth":3.0,"quality":"valid","sourceYear":2013},"geometry":{"type":"Point","coordinates":[126.93060215,37.51716144]}},{"type":"Feature","id":"street-149494","properties":{"id":"street-149494","dataset":"street","gu":"영등포구","species":"은행나무","heightM":6.0,"crownWidthM":3.0,"rawHeight":6.0,"rawCrownWidth":3.0,"quality":"valid","sourceYear":2013},"geometry":{"type":"Point","coordinates":[126.93413384,37.51879933]}},{"type":"Feature","id":"street-149540","properties":{"id":"street-149540","dataset":"street","gu":"영등포구","species":"회화나무","heightM":6.0,"crownWidthM":5.0,"rawHeight":6.0,"rawCrownWidth":5.0,"quality":"valid","sourceYear":2013},"geometry":{"type":"Point","coordinates":[126.93783896,37.51955098]}},{"type":"Feature","id":"street-149615","properties":{"id":"street-149615","dataset":"street","gu":"영등포구","species":"은행나무","heightM":6.0,"crownWidthM":2.0,"rawHeight":6.0,"rawCrownWidth":2.0,"quality":"valid","sourceYear":2013},"geometry":{"type":"Point","coordinates":[126.93330722,37.51995942]}},{"type":"Feature","id":"street-149748","properties":{"id":"street-149748","dataset":"street","gu":"영등포구","species":"은행나무","heightM":10.0,"crownWidthM":4.0,"rawHeight":10.0,"rawCrownWidth":4.0,"quality":"valid","sourceYear":2013},"geometry":{"type":"Point","coordinates":[126.93099502,37.51948045]}},{"type":"Feature","id":"street-149788","properties":{"id":"street-149788","dataset":"street","gu":"영등포구","species":"양버즘나무","heightM":7.0,"crownWidthM":3.0,"rawHeight":7.0,"rawCrownWidth":3.0,"quality":"valid","sourceYear":2013},"geometry":{"type":"Point","coordinates":[126.93352549,37.51942261]}},{"type":"Feature","id":"street-149794","properties":{"id":"street-149794","dataset":"street","gu":"영등포구","species":"은행나무","heightM":8.0,"crownWidthM":4.0,"rawHeight":8.0,"rawCrownWidth":4.0,"quality":"valid","sourceYear":2013},"geometry":{"type":"Point","coordinates":[126.93103561,37.51943644]}},{"type":"Feature","id":"street-149845","properties":{"id":"street-149845","dataset":"street","gu":"영등포구","species":"양버즘나무","heightM":8.0,"crownWidthM":4.0,"rawHeight":8.0,"rawCrownWidth":4.0,"quality":"valid","sourceYear":2013},"geometry":{"type":"Point","coordinates":[126.9331413,37.51945852]}},{"type":"Feature","id":"street-149861","properties":{"id":"street-149861","dataset":"street","gu":"영등포구","species":"느티나무","heightM":5.0,"crownWidthM":3.0,"rawHeight":5.0,"rawCrownWidth":3.0,"quality":"valid","sourceYear":2013},"geometry":{"type":"Point","coordinates":[126.93112996,37.51719547]}},{"type":"Feature","id":"street-149890","properties":{"id":"street-149890","dataset":"street","gu":"영등포구","species":"벚나무","heightM":5.0,"crownWidthM":3.0,"rawHeight":5.0,"rawCrownWidth":3.0,"quality":"valid","sourceYear":2013},"geometry":{"type":"Point","coordinates":[126.93203291,37.51725386]}},{"type":"Feature","id":"street-149902","properties":{"id":"street-149902","dataset":"street","gu":"영등포구","species":"은행나무","heightM":6.0,"crownWidthM":3.0,"rawHeight":6.0,"rawCrownWidth":3.0,"quality":"valid","sourceYear":2013},"geometry":{"type":"Point","coordinates":[126.93322552,37.51984543]}},{"type":"Feature","id":"street-149931","properties":{"id":"street-149931","dataset":"street","gu":"영등포구","species":"서어나무","heightM":5.0,"crownWidthM":4.0,"rawHeight":5.0,"rawCrownWidth":4.0,"quality":"valid","sourceYear":2013},"geometry":{"type":"Point","coordinates":[126.93558332,37.51794183]}},{"type":"Feature","id":"street-149938","properties":{"id":"street-149938","dataset":"street","gu":"영등포구","species":"은행나무","heightM":6.0,"crownWidthM":3.0,"rawHeight":6.0,"rawCrownWidth":3.0,"quality":"valid","sourceYear":2013},"geometry":{"type":"Point","coordinates":[126.93479619,37.51772956]}},{"type":"Feature","id":"street-149946","properties":{"id":"street-149946","dataset":"street","gu":"영등포구","species":"은행나무","heightM":8.0,"crownWidthM":4.0,"rawHeight":8.0,"rawCrownWidth":4.0,"quality":"valid","sourceYear":2013},"geometry":{"type":"Point","coordinates":[126.93323545,37.51936396]}},{"type":"Feature","id":"street-149997","properties":{"id":"street-149997","dataset":"street","gu":"영등포구","species":"벚나무","heightM":6.0,"crownWidthM":6.0,"rawHeight":6.0,"rawCrownWidth":6.0,"quality":"valid","sourceYear":2013},"geometry":{"type":"Point","coordinates":[126.93357818,37.51721334]}},{"type":"Feature","id":"street-149998","properties":{"id":"street-149998","dataset":"street","gu":"영등포구","species":"은행나무","heightM":5.0,"crownWidthM":2.0,"rawHeight":5.0,"rawCrownWidth":2.0,"quality":"valid","sourceYear":2013},"geometry":{"type":"Point","coordinates":[126.93793263,37.51961166]}},{"type":"Feature","id":"street-150010","properties":{"id":"street-150010","dataset":"street","gu":"영등포구","species":"은행나무","heightM":8.0,"crownWidthM":3.0,"rawHeight":8.0,"rawCrownWidth":3.0,"quality":"valid","sourceYear":2013},"geometry":{"type":"Point","coordinates":[126.93491504,37.51801219]}},{"type":"Feature","id":"street-150019","properties":{"id":"street-150019","dataset":"street","gu":"영등포구","species":"은행나무","heightM":9.0,"crownWidthM":3.0,"rawHeight":9.0,"rawCrownWidth":3.0,"quality":"valid","sourceYear":2013},"geometry":{"type":"Point","coordinates":[126.93370127,37.51888329]}},{"type":"Feature","id":"street-150026","properties":{"id":"street-150026","dataset":"street","gu":"영등포구","species":"벚나무","heightM":5.0,"crownWidthM":5.0,"rawHeight":5.0,"rawCrownWidth":5.0,"quality":"valid","sourceYear":2013},"geometry":{"type":"Point","coordinates":[126.93071576,37.51699784]}},{"type":"Feature","id":"street-150155","properties":{"id":"street-150155","dataset":"street","gu":"영등포구","species":"은행나무","heightM":8.0,"crownWidthM":4.0,"rawHeight":8.0,"rawCrownWidth":4.0,"quality":"valid","sourceYear":2013},"geometry":{"type":"Point","coordinates":[126.93085113,37.51963007]}},{"type":"Feature","id":"street-150189","properties":{"id":"street-150189","dataset":"street","gu":"영등포구","species":"양버즘나무","heightM":7.0,"crownWidthM":3.0,"rawHeight":7.0,"rawCrownWidth":3.0,"quality":"valid","sourceYear":2013},"geometry":{"type":"Point","coordinates":[126.93416305,37.51877139]}},{"type":"Feature","id":"street-150259","properties":{"id":"street-150259","dataset":"street","gu":"영등포구","species":"벚나무","heightM":6.0,"crownWidthM":4.0,"rawHeight":6.0,"rawCrownWidth":4.0,"quality":"valid","sourceYear":2013},"geometry":{"type":"Point","coordinates":[126.93369043,37.51721904]}},{"type":"Feature","id":"street-150275","properties":{"id":"street-150275","dataset":"street","gu":"영등포구","species":"벚나무","heightM":5.0,"crownWidthM":3.0,"rawHeight":5.0,"rawCrownWidth":3.0,"quality":"valid","sourceYear":2013},"geometry":{"type":"Point","coordinates":[126.93166259,37.51723017]}},{"type":"Feature","id":"street-150338","properties":{"id":"street-150338","dataset":"street","gu":"영등포구","species":"양버즘나무","heightM":8.0,"crownWidthM":4.0,"rawHeight":8.0,"rawCrownWidth":4.0,"quality":"valid","sourceYear":2013},"geometry":{"type":"Point","coordinates":[126.93385267,37.51908661]}},{"type":"Feature","id":"street-150366","properties":{"id":"street-150366","dataset":"street","gu":"영등포구","species":"벚나무","heightM":5.0,"crownWidthM":6.0,"rawHeight":5.0,"rawCrownWidth":6.0,"quality":"valid","sourceYear":2013},"geometry":{"type":"Point","coordinates":[126.93048422,37.51698083]}},{"type":"Feature","id":"street-150397","properties":{"id":"street-150397","dataset":"street","gu":"영등포구","species":"벚나무","heightM":5.0,"crownWidthM":5.0,"rawHeight":5.0,"rawCrownWidth":5.0,"quality":"valid","sourceYear":2013},"geometry":{"type":"Point","coordinates":[126.93294677,37.51715677]}},{"type":"Feature","id":"street-150462","properties":{"id":"street-150462","dataset":"street","gu":"영등포구","species":"벚나무","heightM":5.0,"crownWidthM":5.0,"rawHeight":5.0,"rawCrownWidth":5.0,"quality":"valid","sourceYear":2013},"geometry":{"type":"Point","coordinates":[126.93057086,37.5168822]}},{"type":"Feature","id":"street-150463","properties":{"id":"street-150463","dataset":"street","gu":"영등포구","species":"벚나무","heightM":6.0,"crownWidthM":6.0,"rawHeight":6.0,"rawCrownWidth":6.0,"quality":"valid","sourceYear":2013},"geometry":{"type":"Point","coordinates":[126.93033222,37.51686527]}},{"type":"Feature","id":"street-150480","properties":{"id":"street-150480","dataset":"street","gu":"영등포구","species":"은행나무","heightM":null,"crownWidthM":null,"rawHeight":0.0,"rawCrownWidth":0.0,"quality":"review","sourceYear":2013},"geometry":{"type":"Point","coordinates":[126.93169242,37.5190094]}},{"type":"Feature","id":"street-150481","properties":{"id":"street-150481","dataset":"street","gu":"영등포구","species":"은행나무","heightM":null,"crownWidthM":null,"rawHeight":0.0,"rawCrownWidth":0.0,"quality":"review","sourceYear":2013},"geometry":{"type":"Point","coordinates":[126.93183242,37.51907866]}},{"type":"Feature","id":"street-150482","properties":{"id":"street-150482","dataset":"street","gu":"영등포구","species":"은행나무","heightM":null,"crownWidthM":null,"rawHeight":0.0,"rawCrownWidth":0.0,"quality":"review","sourceYear":2013},"geometry":{"type":"Point","coordinates":[126.931926,37.51914756]}},{"type":"Feature","id":"street-150483","properties":{"id":"street-150483","dataset":"street","gu":"영등포구","species":"은행나무","heightM":null,"crownWidthM":null,"rawHeight":0.0,"rawCrownWidth":0.0,"quality":"review","sourceYear":2013},"geometry":{"type":"Point","coordinates":[126.93201959,37.51921073]}},{"type":"Feature","id":"street-150484","properties":{"id":"street-150484","dataset":"street","gu":"영등포구","species":"은행나무","heightM":null,"crownWidthM":null,"rawHeight":0.0,"rawCrownWidth":0.0,"quality":"review","sourceYear":2013},"geometry":{"type":"Point","coordinates":[126.93214088,37.51927625]}},{"type":"Feature","id":"street-150485","properties":{"id":"street-150485","dataset":"street","gu":"영등포구","species":"은행나무","heightM":null,"crownWidthM":null,"rawHeight":0.0,"rawCrownWidth":0.0,"quality":"review","sourceYear":2013},"geometry":{"type":"Point","coordinates":[126.93232805,37.51940832]}},{"type":"Feature","id":"street-150486","properties":{"id":"street-150486","dataset":"street","gu":"영등포구","species":"은행나무","heightM":null,"crownWidthM":null,"rawHeight":0.0,"rawCrownWidth":0.0,"quality":"review","sourceYear":2013},"geometry":{"type":"Point","coordinates":[126.93253347,37.51953349]}},{"type":"Feature","id":"street-150489","properties":{"id":"street-150489","dataset":"street","gu":"영등포구","species":"느티나무","heightM":null,"crownWidthM":null,"rawHeight":0.0,"rawCrownWidth":0.0,"quality":"review","sourceYear":2013},"geometry":{"type":"Point","coordinates":[126.93079649,37.5188656]}},{"type":"Feature","id":"street-150490","properties":{"id":"street-150490","dataset":"street","gu":"영등포구","species":"느티나무","heightM":null,"crownWidthM":null,"rawHeight":0.0,"rawCrownWidth":0.0,"quality":"review","sourceYear":2013},"geometry":{"type":"Point","coordinates":[126.93209574,37.51973051]}},{"type":"Feature","id":"street-150491","properties":{"id":"street-150491","dataset":"street","gu":"영등포구","species":"느티나무","heightM":null,"crownWidthM":null,"rawHeight":0.0,"rawCrownWidth":0.0,"quality":"review","sourceYear":2013},"geometry":{"type":"Point","coordinates":[126.9321892,37.51980506]}},{"type":"Feature","id":"street-150492","properties":{"id":"street-150492","dataset":"street","gu":"영등포구","species":"느티나무","heightM":null,"crownWidthM":null,"rawHeight":0.0,"rawCrownWidth":0.0,"quality":"review","sourceYear":2013},"geometry":{"type":"Point","coordinates":[126.93229203,37.51986472]}},{"type":"Feature","id":"street-150493","properties":{"id":"street-150493","dataset":"street","gu":"영등포구","species":"느티나무","heightM":null,"crownWidthM":null,"rawHeight":0.0,"rawCrownWidth":0.0,"quality":"review","sourceYear":2013},"geometry":{"type":"Point","coordinates":[126.93088997,37.51892525]}},{"type":"Feature","id":"street-150508","properties":{"id":"street-150508","dataset":"street","gu":"영등포구","species":"느티나무","heightM":null,"crownWidthM":null,"rawHeight":0.0,"rawCrownWidth":0.0,"quality":"review","sourceYear":2013},"geometry":{"type":"Point","coordinates":[126.93245144,37.51941038]}},{"type":"Feature","id":"street-150593","properties":{"id":"street-150593","dataset":"street","gu":"영등포구","species":"느티나무","heightM":null,"crownWidthM":null,"rawHeight":0.0,"rawCrownWidth":0.0,"quality":"review","sourceYear":2013},"geometry":{"type":"Point","coordinates":[126.93098342,37.5189998]}},{"type":"Feature","id":"street-150594","properties":{"id":"street-150594","dataset":"street","gu":"영등포구","species":"느티나무","heightM":null,"crownWidthM":null,"rawHeight":0.0,"rawCrownWidth":0.0,"quality":"review","sourceYear":2013},"geometry":{"type":"Point","coordinates":[126.93107688,37.51907435]}},{"type":"Feature","id":"street-150595","properties":{"id":"street-150595","dataset":"street","gu":"영등포구","species":"느티나무","heightM":null,"crownWidthM":null,"rawHeight":0.0,"rawCrownWidth":0.0,"quality":"review","sourceYear":2013},"geometry":{"type":"Point","coordinates":[126.93117971,37.51913401]}},{"type":"Feature","id":"street-150598","properties":{"id":"street-150598","dataset":"street","gu":"영등포구","species":"벚나무","heightM":6.0,"crownWidthM":5.0,"rawHeight":6.0,"rawCrownWidth":5.0,"quality":"valid","sourceYear":2013},"geometry":{"type":"Point","coordinates":[126.93439213,37.51719503]}},{"type":"Feature","id":"street-150599","properties":{"id":"street-150599","dataset":"street","gu":"영등포구","species":"벚나무","heightM":6.0,"crownWidthM":5.0,"rawHeight":6.0,"rawCrownWidth":5.0,"quality":"valid","sourceYear":2013},"geometry":{"type":"Point","coordinates":[126.9344693,37.51720621]}},{"type":"Feature","id":"street-150600","properties":{"id":"street-150600","dataset":"street","gu":"영등포구","species":"벚나무","heightM":7.0,"crownWidthM":5.0,"rawHeight":7.0,"rawCrownWidth":5.0,"quality":"valid","sourceYear":2013},"geometry":{"type":"Point","coordinates":[126.9346868,37.51723413]}},{"type":"Feature","id":"street-150601","properties":{"id":"street-150601","dataset":"street","gu":"영등포구","species":"벚나무","heightM":7.0,"crownWidthM":6.0,"rawHeight":7.0,"rawCrownWidth":6.0,"quality":"valid","sourceYear":2013},"geometry":{"type":"Point","coordinates":[126.93456051,37.51721738]}},{"type":"Feature","id":"street-150602","properties":{"id":"street-150602","dataset":"street","gu":"영등포구","species":"벚나무","heightM":6.0,"crownWidthM":5.0,"rawHeight":6.0,"rawCrownWidth":5.0,"quality":"valid","sourceYear":2013},"geometry":{"type":"Point","coordinates":[126.93786614,37.51770079]}},{"type":"Feature","id":"street-150603","properties":{"id":"street-150603","dataset":"street","gu":"영등포구","species":"벚나무","heightM":5.0,"crownWidthM":4.0,"rawHeight":5.0,"rawCrownWidth":4.0,"quality":"valid","sourceYear":2013},"geometry":{"type":"Point","coordinates":[126.93720459,37.51759642]}},{"type":"Feature","id":"street-150604","properties":{"id":"street-150604","dataset":"street","gu":"영등포구","species":"벚나무","heightM":7.0,"crownWidthM":5.0,"rawHeight":7.0,"rawCrownWidth":5.0,"quality":"valid","sourceYear":2013},"geometry":{"type":"Point","coordinates":[126.93751207,37.51764117]}},{"type":"Feature","id":"street-150605","properties":{"id":"street-150605","dataset":"street","gu":"영등포구","species":"벚나무","heightM":6.0,"crownWidthM":5.0,"rawHeight":6.0,"rawCrownWidth":5.0,"quality":"valid","sourceYear":2013},"geometry":{"type":"Point","coordinates":[126.9377916,37.5176859]}},{"type":"Feature","id":"street-150606","properties":{"id":"street-150606","dataset":"street","gu":"영등포구","species":"벚나무","heightM":6.0,"crownWidthM":5.0,"rawHeight":6.0,"rawCrownWidth":5.0,"quality":"valid","sourceYear":2013},"geometry":{"type":"Point","coordinates":[126.93735367,37.51761137]}},{"type":"Feature","id":"street-150607","properties":{"id":"street-150607","dataset":"street","gu":"영등포구","species":"벚나무","heightM":5.0,"crownWidthM":4.0,"rawHeight":5.0,"rawCrownWidth":4.0,"quality":"valid","sourceYear":2013},"geometry":{"type":"Point","coordinates":[126.93727913,37.5176039]}},{"type":"Feature","id":"street-150608","properties":{"id":"street-150608","dataset":"street","gu":"영등포구","species":"벚나무","heightM":5.0,"crownWidthM":5.0,"rawHeight":5.0,"rawCrownWidth":5.0,"quality":"valid","sourceYear":2013},"geometry":{"type":"Point","coordinates":[126.93802454,37.51771576]}},{"type":"Feature","id":"street-150609","properties":{"id":"street-150609","dataset":"street","gu":"영등포구","species":"은행나무","heightM":5.0,"crownWidthM":2.0,"rawHeight":5.0,"rawCrownWidth":2.0,"quality":"valid","sourceYear":2013},"geometry":{"type":"Point","coordinates":[126.93426236,37.51866896]}},{"type":"Feature","id":"street-150680","properties":{"id":"street-150680","dataset":"street","gu":"영등포구","species":"벚나무","heightM":6.0,"crownWidthM":5.0,"rawHeight":6.0,"rawCrownWidth":5.0,"quality":"valid","sourceYear":2013},"geometry":{"type":"Point","coordinates":[126.93794068,37.51770827]}},{"type":"Feature","id":"street-150681","properties":{"id":"street-150681","dataset":"street","gu":"영등포구","species":"벚나무","heightM":6.0,"crownWidthM":5.0,"rawHeight":6.0,"rawCrownWidth":5.0,"quality":"valid","sourceYear":2013},"geometry":{"type":"Point","coordinates":[126.93757729,37.51764864]}},{"type":"Feature","id":"street-150682","properties":{"id":"street-150682","dataset":"street","gu":"영등포구","species":"벚나무","heightM":5.0,"crownWidthM":4.0,"rawHeight":5.0,"rawCrownWidth":4.0,"quality":"valid","sourceYear":2013},"geometry":{"type":"Point","coordinates":[126.93712073,37.51758152]}},{"type":"Feature","id":"street-150683","properties":{"id":"street-150683","dataset":"street","gu":"영등포구","species":"벚나무","heightM":7.0,"crownWidthM":4.0,"rawHeight":7.0,"rawCrownWidth":4.0,"quality":"valid","sourceYear":2013},"geometry":{"type":"Point","coordinates":[126.93765183,37.51766354]}},{"type":"Feature","id":"street-150703","properties":{"id":"street-150703","dataset":"street","gu":"영등포구","species":"은행나무","heightM":null,"crownWidthM":null,"rawHeight":0.0,"rawCrownWidth":0.0,"quality":"review","sourceYear":2013},"geometry":{"type":"Point","coordinates":[126.93207537,37.51957952]}},{"type":"Feature","id":"street-150735","properties":{"id":"street-150735","dataset":"street","gu":"동작구","species":"양버즘나무","heightM":8.0,"crownWidthM":6.0,"rawHeight":8.0,"rawCrownWidth":6.0,"quality":"valid","sourceYear":2013},"geometry":{"type":"Point","coordinates":[126.93197998,37.51133779]}},{"type":"Feature","id":"street-150736","properties":{"id":"street-150736","dataset":"street","gu":"동작구","species":"양버즘나무","heightM":10.0,"crownWidthM":6.0,"rawHeight":10.0,"rawCrownWidth":6.0,"quality":"valid","sourceYear":2013},"geometry":{"type":"Point","coordinates":[126.93190981,37.5120062]}},{"type":"Feature","id":"street-150737","properties":{"id":"street-150737","dataset":"street","gu":"동작구","species":"양버즘나무","heightM":10.0,"crownWidthM":6.0,"rawHeight":10.0,"rawCrownWidth":6.0,"quality":"valid","sourceYear":2013},"geometry":{"type":"Point","coordinates":[126.93189121,37.51232318]}},{"type":"Feature","id":"street-150745","properties":{"id":"street-150745","dataset":"street","gu":"영등포구","species":"벚나무","heightM":6.0,"crownWidthM":5.0,"rawHeight":6.0,"rawCrownWidth":5.0,"quality":"valid","sourceYear":2013},"geometry":{"type":"Point","coordinates":[126.93216811,37.51700506]}},{"type":"Feature","id":"street-150746","properties":{"id":"street-150746","dataset":"street","gu":"영등포구","species":"벚나무","heightM":6.0,"crownWidthM":6.0,"rawHeight":6.0,"rawCrownWidth":6.0,"quality":"valid","sourceYear":2013},"geometry":{"type":"Point","coordinates":[126.93103857,37.51693675]}},{"type":"Feature","id":"street-150747","properties":{"id":"street-150747","dataset":"street","gu":"영등포구","species":"벚나무","heightM":5.0,"crownWidthM":3.0,"rawHeight":5.0,"rawCrownWidth":3.0,"quality":"valid","sourceYear":2013},"geometry":{"type":"Point","coordinates":[126.9313192,37.51695383]}},{"type":"Feature","id":"street-150748","properties":{"id":"street-150748","dataset":"street","gu":"영등포구","species":"벚나무","heightM":6.0,"crownWidthM":6.0,"rawHeight":6.0,"rawCrownWidth":6.0,"quality":"valid","sourceYear":2013},"geometry":{"type":"Point","coordinates":[126.93209093,37.51700498]}},{"type":"Feature","id":"street-150749","properties":{"id":"street-150749","dataset":"street","gu":"영등포구","species":"벚나무","heightM":6.0,"crownWidthM":5.0,"rawHeight":6.0,"rawCrownWidth":5.0,"quality":"valid","sourceYear":2013},"geometry":{"type":"Point","coordinates":[126.93203481,37.51699933]}},{"type":"Feature","id":"street-150750","properties":{"id":"street-150750","dataset":"street","gu":"영등포구","species":"벚나무","heightM":6.0,"crownWidthM":5.0,"rawHeight":6.0,"rawCrownWidth":5.0,"quality":"valid","sourceYear":2013},"geometry":{"type":"Point","coordinates":[126.9314946,37.5169652]}},{"type":"Feature","id":"street-150751","properties":{"id":"street-150751","dataset":"street","gu":"영등포구","species":"벚나무","heightM":6.0,"crownWidthM":6.0,"rawHeight":6.0,"rawCrownWidth":6.0,"quality":"valid","sourceYear":2013},"geometry":{"type":"Point","coordinates":[126.9314104,37.51695952]}},{"type":"Feature","id":"street-150814","properties":{"id":"street-150814","dataset":"street","gu":"영등포구","species":"은행나무","heightM":6.0,"crownWidthM":3.0,"rawHeight":6.0,"rawCrownWidth":3.0,"quality":"valid","sourceYear":2013},"geometry":{"type":"Point","coordinates":[126.93544491,37.51807144]}},{"type":"Feature","id":"street-150823","properties":{"id":"street-150823","dataset":"street","gu":"영등포구","species":"은행나무","heightM":null,"crownWidthM":null,"rawHeight":0.0,"rawCrownWidth":0.0,"quality":"review","sourceYear":2013},"geometry":{"type":"Point","coordinates":[126.93012363,37.51828076]}},{"type":"Feature","id":"street-150824","properties":{"id":"street-150824","dataset":"street","gu":"영등포구","species":"은행나무","heightM":null,"crownWidthM":null,"rawHeight":0.0,"rawCrownWidth":0.0,"quality":"review","sourceYear":2013},"geometry":{"type":"Point","coordinates":[126.93022442,37.51834393]}},{"type":"Feature","id":"street-150825","properties":{"id":"street-150825","dataset":"street","gu":"영등포구","species":"벚나무","heightM":6.0,"crownWidthM":6.0,"rawHeight":6.0,"rawCrownWidth":6.0,"quality":"valid","sourceYear":2013},"geometry":{"type":"Point","coordinates":[126.93157878,37.51697647]}},{"type":"Feature","id":"street-150826","properties":{"id":"street-150826","dataset":"street","gu":"영등포구","species":"벚나무","heightM":6.0,"crownWidthM":5.0,"rawHeight":6.0,"rawCrownWidth":5.0,"quality":"valid","sourceYear":2013},"geometry":{"type":"Point","coordinates":[126.93254696,37.517039]}},{"type":"Feature","id":"street-150827","properties":{"id":"street-150827","dataset":"street","gu":"영등포구","species":"벚나무","heightM":6.0,"crownWidthM":6.0,"rawHeight":6.0,"rawCrownWidth":6.0,"quality":"valid","sourceYear":2013},"geometry":{"type":"Point","coordinates":[126.93113679,37.51694245]}},{"type":"Feature","id":"street-150828","properties":{"id":"street-150828","dataset":"street","gu":"영등포구","species":"벚나무","heightM":5.0,"crownWidthM":5.0,"rawHeight":5.0,"rawCrownWidth":5.0,"quality":"valid","sourceYear":2013},"geometry":{"type":"Point","coordinates":[126.93232947,37.517022]}},{"type":"Feature","id":"street-150829","properties":{"id":"street-150829","dataset":"street","gu":"영등포구","species":"벚나무","heightM":6.0,"crownWidthM":6.0,"rawHeight":6.0,"rawCrownWidth":6.0,"quality":"valid","sourceYear":2013},"geometry":{"type":"Point","coordinates":[126.93196465,37.51699925]}},{"type":"Feature","id":"street-150830","properties":{"id":"street-150830","dataset":"street","gu":"영등포구","species":"벚나무","heightM":5.0,"crownWidthM":4.0,"rawHeight":5.0,"rawCrownWidth":4.0,"quality":"valid","sourceYear":2013},"geometry":{"type":"Point","coordinates":[126.93122097,37.51695372]}},{"type":"Feature","id":"street-150831","properties":{"id":"street-150831","dataset":"street","gu":"영등포구","species":"벚나무","heightM":5.0,"crownWidthM":4.0,"rawHeight":5.0,"rawCrownWidth":4.0,"quality":"valid","sourceYear":2013},"geometry":{"type":"Point","coordinates":[126.93188046,37.51698798]}},{"type":"Feature","id":"street-150832","properties":{"id":"street-150832","dataset":"street","gu":"영등포구","species":"벚나무","heightM":5.0,"crownWidthM":5.0,"rawHeight":5.0,"rawCrownWidth":5.0,"quality":"valid","sourceYear":2013},"geometry":{"type":"Point","coordinates":[126.93240664,37.51702768]}},{"type":"Feature","id":"street-150833","properties":{"id":"street-150833","dataset":"street","gu":"영등포구","species":"벚나무","heightM":6.0,"crownWidthM":6.0,"rawHeight":6.0,"rawCrownWidth":6.0,"quality":"valid","sourceYear":2013},"geometry":{"type":"Point","coordinates":[126.93262413,37.51704468]}},{"type":"Feature","id":"street-150834","properties":{"id":"street-150834","dataset":"street","gu":"영등포구","species":"벚나무","heightM":6.0,"crownWidthM":7.0,"rawHeight":6.0,"rawCrownWidth":7.0,"quality":"valid","sourceYear":2013},"geometry":{"type":"Point","coordinates":[126.93166297,37.51697656]}},{"type":"Feature","id":"street-150847","properties":{"id":"street-150847","dataset":"street","gu":"영등포구","species":"은행나무","heightM":9.0,"crownWidthM":5.0,"rawHeight":9.0,"rawCrownWidth":5.0,"quality":"valid","sourceYear":2013},"geometry":{"type":"Point","coordinates":[126.93429238,37.51827608]}},{"type":"Feature","id":"street-150862","properties":{"id":"street-150862","dataset":"street","gu":"영등포구","species":"은행나무","heightM":null,"crownWidthM":null,"rawHeight":0.0,"rawCrownWidth":0.0,"quality":"review","sourceYear":2013},"geometry":{"type":"Point","coordinates":[126.93031086,37.51810208]}},{"type":"Feature","id":"street-150863","properties":{"id":"street-150863","dataset":"street","gu":"영등포구","species":"은행나무","heightM":null,"crownWidthM":null,"rawHeight":0.0,"rawCrownWidth":0.0,"quality":"review","sourceYear":2013},"geometry":{"type":"Point","coordinates":[126.93041164,37.51816525]}},{"type":"Feature","id":"street-150864","properties":{"id":"street-150864","dataset":"street","gu":"영등포구","species":"은행나무","heightM":null,"crownWidthM":null,"rawHeight":0.0,"rawCrownWidth":0.0,"quality":"review","sourceYear":2013},"geometry":{"type":"Point","coordinates":[126.93050522,37.51823416]}},{"type":"Feature","id":"street-150865","properties":{"id":"street-150865","dataset":"street","gu":"영등포구","species":"은행나무","heightM":null,"crownWidthM":null,"rawHeight":0.0,"rawCrownWidth":0.0,"quality":"review","sourceYear":2013},"geometry":{"type":"Point","coordinates":[126.9305988,37.51829732]}},{"type":"Feature","id":"street-150886","properties":{"id":"street-150886","dataset":"street","gu":"영등포구","species":"양버즘나무","heightM":8.0,"crownWidthM":4.0,"rawHeight":8.0,"rawCrownWidth":4.0,"quality":"valid","sourceYear":2013},"geometry":{"type":"Point","coordinates":[126.93469127,37.51786949]}},{"type":"Feature","id":"street-150887","properties":{"id":"street-150887","dataset":"street","gu":"영등포구","species":"느티나무","heightM":5.0,"crownWidthM":3.0,"rawHeight":5.0,"rawCrownWidth":3.0,"quality":"valid","sourceYear":2013},"geometry":{"type":"Point","coordinates":[126.93118994,37.51720031]}},{"type":"Feature","id":"street-150897","properties":{"id":"street-150897","dataset":"street","gu":"영등포구","species":"은행나무","heightM":null,"crownWidthM":null,"rawHeight":0.0,"rawCrownWidth":0.0,"quality":"review","sourceYear":2013},"geometry":{"type":"Point","coordinates":[126.930318,37.51841283]}},{"type":"Feature","id":"street-150898","properties":{"id":"street-150898","dataset":"street","gu":"영등포구","species":"은행나무","heightM":null,"crownWidthM":null,"rawHeight":0.0,"rawCrownWidth":0.0,"quality":"review","sourceYear":2013},"geometry":{"type":"Point","coordinates":[126.93041158,37.518476]}},{"type":"Feature","id":"street-150906","properties":{"id":"street-150906","dataset":"street","gu":"영등포구","species":"은행나무","heightM":null,"crownWidthM":null,"rawHeight":0.0,"rawCrownWidth":0.0,"quality":"review","sourceYear":2013},"geometry":{"type":"Point","coordinates":[126.93051621,37.518538]}},{"type":"Feature","id":"street-150907","properties":{"id":"street-150907","dataset":"street","gu":"영등포구","species":"은행나무","heightM":null,"crownWidthM":null,"rawHeight":0.0,"rawCrownWidth":0.0,"quality":"review","sourceYear":2013},"geometry":{"type":"Point","coordinates":[126.93085999,37.51879128]}},{"type":"Feature","id":"street-150908","properties":{"id":"street-150908","dataset":"street","gu":"영등포구","species":"은행나무","heightM":null,"crownWidthM":null,"rawHeight":0.0,"rawCrownWidth":0.0,"quality":"review","sourceYear":2013},"geometry":{"type":"Point","coordinates":[126.93095357,37.51886019]}},{"type":"Feature","id":"street-150909","properties":{"id":"street-150909","dataset":"street","gu":"영등포구","species":"은행나무","heightM":null,"crownWidthM":null,"rawHeight":0.0,"rawCrownWidth":0.0,"quality":"review","sourceYear":2013},"geometry":{"type":"Point","coordinates":[126.93104716,37.51892335]}},{"type":"Feature","id":"street-150910","properties":{"id":"street-150910","dataset":"street","gu":"영등포구","species":"은행나무","heightM":null,"crownWidthM":null,"rawHeight":0.0,"rawCrownWidth":0.0,"quality":"review","sourceYear":2013},"geometry":{"type":"Point","coordinates":[126.93115178,37.51898535]}},{"type":"Feature","id":"street-150911","properties":{"id":"street-150911","dataset":"street","gu":"영등포구","species":"은행나무","heightM":null,"crownWidthM":null,"rawHeight":0.0,"rawCrownWidth":0.0,"quality":"review","sourceYear":2013},"geometry":{"type":"Point","coordinates":[126.93125257,37.51904852]}},{"type":"Feature","id":"street-150912","properties":{"id":"street-150912","dataset":"street","gu":"영등포구","species":"은행나무","heightM":null,"crownWidthM":null,"rawHeight":0.0,"rawCrownWidth":0.0,"quality":"review","sourceYear":2013},"geometry":{"type":"Point","coordinates":[126.93143974,37.5191806]}},{"type":"Feature","id":"street-150913","properties":{"id":"street-150913","dataset":"street","gu":"영등포구","species":"은행나무","heightM":null,"crownWidthM":null,"rawHeight":0.0,"rawCrownWidth":0.0,"quality":"review","sourceYear":2013},"geometry":{"type":"Point","coordinates":[126.93157974,37.51924985]}},{"type":"Feature","id":"street-151059","properties":{"id":"street-151059","dataset":"street","gu":"영등포구","species":"벚나무","heightM":5.0,"crownWidthM":4.0,"rawHeight":5.0,"rawCrownWidth":4.0,"quality":"valid","sourceYear":2013},"geometry":{"type":"Point","coordinates":[126.93584441,37.51738503]}},{"type":"Feature","id":"street-151077","properties":{"id":"street-151077","dataset":"street","gu":"영등포구","species":"은행나무","heightM":null,"crownWidthM":null,"rawHeight":0.0,"rawCrownWidth":0.0,"quality":"review","sourceYear":2013},"geometry":{"type":"Point","coordinates":[126.93070343,37.51835932]}},{"type":"Feature","id":"street-151078","properties":{"id":"street-151078","dataset":"street","gu":"영등포구","species":"은행나무","heightM":null,"crownWidthM":null,"rawHeight":0.0,"rawCrownWidth":0.0,"quality":"review","sourceYear":2013},"geometry":{"type":"Point","coordinates":[126.93080422,37.51842249]}},{"type":"Feature","id":"street-151079","properties":{"id":"street-151079","dataset":"street","gu":"영등포구","species":"은행나무","heightM":null,"crownWidthM":null,"rawHeight":0.0,"rawCrownWidth":0.0,"quality":"review","sourceYear":2013},"geometry":{"type":"Point","coordinates":[126.9308978,37.5184914]}},{"type":"Feature","id":"street-151080","properties":{"id":"street-151080","dataset":"street","gu":"영등포구","species":"은행나무","heightM":null,"crownWidthM":null,"rawHeight":0.0,"rawCrownWidth":0.0,"quality":"review","sourceYear":2013},"geometry":{"type":"Point","coordinates":[126.93099138,37.51855456]}},{"type":"Feature","id":"street-151081","properties":{"id":"street-151081","dataset":"street","gu":"영등포구","species":"은행나무","heightM":null,"crownWidthM":null,"rawHeight":0.0,"rawCrownWidth":0.0,"quality":"review","sourceYear":2013},"geometry":{"type":"Point","coordinates":[126.93111268,37.51862009]}},{"type":"Feature","id":"street-151082","properties":{"id":"street-151082","dataset":"street","gu":"영등포구","species":"은행나무","heightM":null,"crownWidthM":null,"rawHeight":0.0,"rawCrownWidth":0.0,"quality":"review","sourceYear":2013},"geometry":{"type":"Point","coordinates":[126.93120626,37.51868899]}},{"type":"Feature","id":"street-151083","properties":{"id":"street-151083","dataset":"street","gu":"영등포구","species":"은행나무","heightM":null,"crownWidthM":null,"rawHeight":0.0,"rawCrownWidth":0.0,"quality":"review","sourceYear":2013},"geometry":{"type":"Point","coordinates":[126.93129984,37.51875216]}},{"type":"Feature","id":"street-151084","properties":{"id":"street-151084","dataset":"street","gu":"영등포구","species":"은행나무","heightM":null,"crownWidthM":null,"rawHeight":0.0,"rawCrownWidth":0.0,"quality":"review","sourceYear":2013},"geometry":{"type":"Point","coordinates":[126.93140447,37.51881416]}},{"type":"Feature","id":"street-151085","properties":{"id":"street-151085","dataset":"street","gu":"영등포구","species":"은행나무","heightM":null,"crownWidthM":null,"rawHeight":0.0,"rawCrownWidth":0.0,"quality":"review","sourceYear":2013},"geometry":{"type":"Point","coordinates":[126.93159884,37.51894623]}},{"type":"Feature","id":"street-151087","properties":{"id":"street-151087","dataset":"street","gu":"영등포구","species":"은행나무","heightM":8.0,"crownWidthM":2.0,"rawHeight":8.0,"rawCrownWidth":2.0,"quality":"valid","sourceYear":2013},"geometry":{"type":"Point","coordinates":[126.93081793,37.51966234]}},{"type":"Feature","id":"street-151171","properties":{"id":"street-151171","dataset":"street","gu":"영등포구","species":"은행나무","heightM":null,"crownWidthM":null,"rawHeight":0.0,"rawCrownWidth":0.0,"quality":"review","sourceYear":2013},"geometry":{"type":"Point","coordinates":[126.93017819,37.51802144]}},{"type":"Feature","id":"street-151197","properties":{"id":"street-151197","dataset":"street","gu":"영등포구","species":"양버즘나무","heightM":8.0,"crownWidthM":3.0,"rawHeight":8.0,"rawCrownWidth":3.0,"quality":"valid","sourceYear":2013},"geometry":{"type":"Point","coordinates":[126.93477042,37.51777871]}},{"type":"Feature","id":"street-151217","properties":{"id":"street-151217","dataset":"street","gu":"영등포구","species":"은행나무","heightM":null,"crownWidthM":null,"rawHeight":0.0,"rawCrownWidth":0.0,"quality":"review","sourceYear":2013},"geometry":{"type":"Point","coordinates":[126.93167332,37.51931876]}},{"type":"Feature","id":"street-151218","properties":{"id":"street-151218","dataset":"street","gu":"영등포구","species":"은행나무","heightM":null,"crownWidthM":null,"rawHeight":0.0,"rawCrownWidth":0.0,"quality":"review","sourceYear":2013},"geometry":{"type":"Point","coordinates":[126.9317669,37.51938192]}},{"type":"Feature","id":"street-151219","properties":{"id":"street-151219","dataset":"street","gu":"영등포구","species":"은행나무","heightM":null,"crownWidthM":null,"rawHeight":0.0,"rawCrownWidth":0.0,"quality":"review","sourceYear":2013},"geometry":{"type":"Point","coordinates":[126.9318882,37.51944745]}},{"type":"Feature","id":"street-151220","properties":{"id":"street-151220","dataset":"street","gu":"영등포구","species":"은행나무","heightM":null,"crownWidthM":null,"rawHeight":0.0,"rawCrownWidth":0.0,"quality":"review","sourceYear":2013},"geometry":{"type":"Point","coordinates":[126.93198178,37.51951635]}},{"type":"Feature","id":"street-151221","properties":{"id":"street-151221","dataset":"street","gu":"영등포구","species":"은행나무","heightM":null,"crownWidthM":null,"rawHeight":0.0,"rawCrownWidth":0.0,"quality":"review","sourceYear":2013},"geometry":{"type":"Point","coordinates":[126.93218,37.51964151]}},{"type":"Feature","id":"street-151259","properties":{"id":"street-151259","dataset":"street","gu":"영등포구","species":"느티나무","heightM":null,"crownWidthM":null,"rawHeight":0.0,"rawCrownWidth":0.0,"quality":"review","sourceYear":2013},"geometry":{"type":"Point","coordinates":[126.93234861,37.51935072]}},{"type":"Feature","id":"street-151278","properties":{"id":"street-151278","dataset":"street","gu":"영등포구","species":"느티나무","heightM":6.0,"crownWidthM":4.0,"rawHeight":6.0,"rawCrownWidth":4.0,"quality":"valid","sourceYear":2013},"geometry":{"type":"Point","coordinates":[126.93769827,37.5179499]}},{"type":"Feature","id":"street-151325","properties":{"id":"street-151325","dataset":"street","gu":"동작구","species":"양버즘나무","heightM":11.0,"crownWidthM":2.0,"rawHeight":11.0,"rawCrownWidth":2.0,"quality":"valid","sourceYear":2013},"geometry":{"type":"Point","coordinates":[126.9345494,37.51333316]}},{"type":"Feature","id":"street-151326","properties":{"id":"street-151326","dataset":"street","gu":"동작구","species":"은행나무","heightM":14.0,"crownWidthM":5.0,"rawHeight":14.0,"rawCrownWidth":5.0,"quality":"valid","sourceYear":2013},"geometry":{"type":"Point","coordinates":[126.93366227,37.51333557]}},{"type":"Feature","id":"street-151348","properties":{"id":"street-151348","dataset":"street","gu":"동작구","species":"양버즘나무","heightM":14.0,"crownWidthM":6.0,"rawHeight":14.0,"rawCrownWidth":6.0,"quality":"valid","sourceYear":2013},"geometry":{"type":"Point","coordinates":[126.93345333,37.51333393]}},{"type":"Feature","id":"street-151372","properties":{"id":"street-151372","dataset":"street","gu":"영등포구","species":"벚나무","heightM":6.0,"crownWidthM":4.0,"rawHeight":6.0,"rawCrownWidth":4.0,"quality":"valid","sourceYear":2013},"geometry":{"type":"Point","coordinates":[126.93771706,37.51767101]}},{"type":"Feature","id":"street-151373","properties":{"id":"street-151373","dataset":"street","gu":"영등포구","species":"벚나무","heightM":6.0,"crownWidthM":6.0,"rawHeight":6.0,"rawCrownWidth":6.0,"quality":"valid","sourceYear":2013},"geometry":{"type":"Point","coordinates":[126.93557318,37.5173468]}},{"type":"Feature","id":"street-151374","properties":{"id":"street-151374","dataset":"street","gu":"영등포구","species":"벚나무","heightM":6.0,"crownWidthM":5.0,"rawHeight":6.0,"rawCrownWidth":5.0,"quality":"valid","sourceYear":2013},"geometry":{"type":"Point","coordinates":[126.93566203,37.51736264]}},{"type":"Feature","id":"street-151382","properties":{"id":"street-151382","dataset":"street","gu":"동작구","species":"느티나무","heightM":8.0,"crownWidthM":2.0,"rawHeight":8.0,"rawCrownWidth":2.0,"quality":"valid","sourceYear":2013},"geometry":{"type":"Point","coordinates":[126.93048094,37.51180635]}},{"type":"Feature","id":"street-151414","properties":{"id":"street-151414","dataset":"street","gu":"동작구","species":"느티나무","heightM":12.0,"crownWidthM":7.0,"rawHeight":12.0,"rawCrownWidth":7.0,"quality":"valid","sourceYear":2013},"geometry":{"type":"Point","coordinates":[126.93162762,37.51153359]}},{"type":"Feature","id":"street-151426","properties":{"id":"street-151426","dataset":"street","gu":"동작구","species":"양버즘나무","heightM":10.0,"crownWidthM":6.0,"rawHeight":10.0,"rawCrownWidth":6.0,"quality":"valid","sourceYear":2013},"geometry":{"type":"Point","coordinates":[126.93208006,37.51162175]}},{"type":"Feature","id":"street-151446","properties":{"id":"street-151446","dataset":"street","gu":"영등포구","species":"벚나무","heightM":5.0,"crownWidthM":5.0,"rawHeight":5.0,"rawCrownWidth":5.0,"quality":"valid","sourceYear":2013},"geometry":{"type":"Point","coordinates":[126.93644793,37.51743571]}},{"type":"Feature","id":"street-151447","properties":{"id":"street-151447","dataset":"street","gu":"영등포구","species":"벚나무","heightM":5.0,"crownWidthM":2.0,"rawHeight":5.0,"rawCrownWidth":2.0,"quality":"valid","sourceYear":2013},"geometry":{"type":"Point","coordinates":[126.93510015,37.5172813]}},{"type":"Feature","id":"street-151448","properties":{"id":"street-151448","dataset":"street","gu":"영등포구","species":"벚나무","heightM":6.0,"crownWidthM":6.0,"rawHeight":6.0,"rawCrownWidth":6.0,"quality":"valid","sourceYear":2013},"geometry":{"type":"Point","coordinates":[126.93626545,37.51742439]}},{"type":"Feature","id":"street-151449","properties":{"id":"street-151449","dataset":"street","gu":"영등포구","species":"벚나무","heightM":6.0,"crownWidthM":6.0,"rawHeight":6.0,"rawCrownWidth":6.0,"quality":"valid","sourceYear":2013},"geometry":{"type":"Point","coordinates":[126.93486922,37.51725091]}},{"type":"Feature","id":"street-151450","properties":{"id":"street-151450","dataset":"street","gu":"영등포구","species":"벚나무","heightM":6.0,"crownWidthM":5.0,"rawHeight":6.0,"rawCrownWidth":5.0,"quality":"valid","sourceYear":2013},"geometry":{"type":"Point","coordinates":[126.93665849,37.51744705]}},{"type":"Feature","id":"street-151474","properties":{"id":"street-151474","dataset":"street","gu":"영등포구","species":"은행나무","heightM":8.0,"crownWidthM":4.0,"rawHeight":8.0,"rawCrownWidth":4.0,"quality":"valid","sourceYear":2013},"geometry":{"type":"Point","coordinates":[126.93445279,37.51747554]}},{"type":"Feature","id":"street-151500","properties":{"id":"street-151500","dataset":"street","gu":"동작구","species":"양버즘나무","heightM":9.0,"crownWidthM":6.0,"rawHeight":9.0,"rawCrownWidth":6.0,"quality":"valid","sourceYear":2013},"geometry":{"type":"Point","coordinates":[126.93208406,37.51169027]}},{"type":"Feature","id":"street-151501","properties":{"id":"street-151501","dataset":"street","gu":"동작구","species":"양버즘나무","heightM":10.0,"crownWidthM":6.0,"rawHeight":10.0,"rawCrownWidth":6.0,"quality":"valid","sourceYear":2013},"geometry":{"type":"Point","coordinates":[126.93208782,37.51154197]}},{"type":"Feature","id":"street-151502","properties":{"id":"street-151502","dataset":"street","gu":"동작구","species":"양버즘나무","heightM":9.0,"crownWidthM":7.0,"rawHeight":9.0,"rawCrownWidth":7.0,"quality":"valid","sourceYear":2013},"geometry":{"type":"Point","coordinates":[126.9320759,37.51177795]}},{"type":"Feature","id":"street-151503","properties":{"id":"street-151503","dataset":"street","gu":"동작구","species":"양버즘나무","heightM":8.0,"crownWidthM":5.0,"rawHeight":8.0,"rawCrownWidth":5.0,"quality":"valid","sourceYear":2013},"geometry":{"type":"Point","coordinates":[126.93203971,37.51228433]}},{"type":"Feature","id":"street-151526","properties":{"id":"street-151526","dataset":"street","gu":"영등포구","species":"느티나무","heightM":6.0,"crownWidthM":4.0,"rawHeight":6.0,"rawCrownWidth":4.0,"quality":"valid","sourceYear":2013},"geometry":{"type":"Point","coordinates":[126.93648631,37.51776265]}},{"type":"Feature","id":"street-151552","properties":{"id":"street-151552","dataset":"street","gu":"영등포구","species":"은행나무","heightM":7.0,"crownWidthM":3.0,"rawHeight":7.0,"rawCrownWidth":3.0,"quality":"valid","sourceYear":2013},"geometry":{"type":"Point","coordinates":[126.93007234,37.51916105]}},{"type":"Feature","id":"street-151602","properties":{"id":"street-151602","dataset":"street","gu":"동작구","species":"양버즘나무","heightM":8.0,"crownWidthM":4.0,"rawHeight":8.0,"rawCrownWidth":4.0,"quality":"valid","sourceYear":2013},"geometry":{"type":"Point","coordinates":[126.93502563,37.51336147]}},{"type":"Feature","id":"street-151635","properties":{"id":"street-151635","dataset":"street","gu":"영등포구","species":"벚나무","heightM":7.0,"crownWidthM":5.0,"rawHeight":7.0,"rawCrownWidth":5.0,"quality":"valid","sourceYear":2013},"geometry":{"type":"Point","coordinates":[126.93594955,37.51750423]}},{"type":"Feature","id":"street-151636","properties":{"id":"street-151636","dataset":"street","gu":"영등포구","species":"은행나무","heightM":6.0,"crownWidthM":2.0,"rawHeight":6.0,"rawCrownWidth":2.0,"quality":"valid","sourceYear":2013},"geometry":{"type":"Point","coordinates":[126.93904824,37.51817068]}},{"type":"Feature","id":"street-151672","properties":{"id":"street-151672","dataset":"street","gu":"영등포구","species":"양버즘나무","heightM":9.0,"crownWidthM":4.0,"rawHeight":9.0,"rawCrownWidth":4.0,"quality":"valid","sourceYear":2013},"geometry":{"type":"Point","coordinates":[126.93357738,37.51901331]}},{"type":"Feature","id":"street-151723","properties":{"id":"street-151723","dataset":"street","gu":"영등포구","species":"양버즘나무","heightM":9.0,"crownWidthM":4.0,"rawHeight":9.0,"rawCrownWidth":4.0,"quality":"valid","sourceYear":2013},"geometry":{"type":"Point","coordinates":[126.93366162,37.51893058]}},{"type":"Feature","id":"street-151795","properties":{"id":"street-151795","dataset":"street","gu":"영등포구","species":"은행나무","heightM":14.0,"crownWidthM":3.0,"rawHeight":14.0,"rawCrownWidth":3.0,"quality":"valid","sourceYear":2013},"geometry":{"type":"Point","coordinates":[126.93001936,37.51994505]}},{"type":"Feature","id":"street-151812","properties":{"id":"street-151812","dataset":"street","gu":"영등포구","species":"양버즘나무","heightM":8.0,"crownWidthM":3.0,"rawHeight":8.0,"rawCrownWidth":3.0,"quality":"valid","sourceYear":2013},"geometry":{"type":"Point","coordinates":[126.93479524,37.51762086]}},{"type":"Feature","id":"street-151904","properties":{"id":"street-151904","dataset":"street","gu":"영등포구","species":"벚나무","heightM":5.0,"crownWidthM":3.0,"rawHeight":5.0,"rawCrownWidth":3.0,"quality":"valid","sourceYear":2013},"geometry":{"type":"Point","coordinates":[126.9337731,37.51739292]}},{"type":"Feature","id":"street-151905","properties":{"id":"street-151905","dataset":"street","gu":"영등포구","species":"벚나무","heightM":5.0,"crownWidthM":3.0,"rawHeight":5.0,"rawCrownWidth":3.0,"quality":"valid","sourceYear":2013},"geometry":{"type":"Point","coordinates":[126.9336659,37.5173831]}},{"type":"Feature","id":"street-151906","properties":{"id":"street-151906","dataset":"street","gu":"영등포구","species":"벚나무","heightM":5.0,"crownWidthM":3.0,"rawHeight":5.0,"rawCrownWidth":3.0,"quality":"valid","sourceYear":2013},"geometry":{"type":"Point","coordinates":[126.9337195,37.51738704]}},{"type":"Feature","id":"street-151907","properties":{"id":"street-151907","dataset":"street","gu":"영등포구","species":"벚나무","heightM":5.0,"crownWidthM":3.0,"rawHeight":5.0,"rawCrownWidth":3.0,"quality":"valid","sourceYear":2013},"geometry":{"type":"Point","coordinates":[126.93362205,37.51738111]}},{"type":"Feature","id":"street-151908","properties":{"id":"street-151908","dataset":"street","gu":"영등포구","species":"벚나무","heightM":5.0,"crownWidthM":3.0,"rawHeight":5.0,"rawCrownWidth":3.0,"quality":"valid","sourceYear":2013},"geometry":{"type":"Point","coordinates":[126.93357332,37.51737524]}},{"type":"Feature","id":"street-151909","properties":{"id":"street-151909","dataset":"street","gu":"영등포구","species":"벚나무","heightM":5.0,"crownWidthM":3.0,"rawHeight":5.0,"rawCrownWidth":3.0,"quality":"valid","sourceYear":2013},"geometry":{"type":"Point","coordinates":[126.93415184,37.51743224]}},{"type":"Feature","id":"street-151910","properties":{"id":"street-151910","dataset":"street","gu":"영등포구","species":"벚나무","heightM":5.0,"crownWidthM":3.0,"rawHeight":5.0,"rawCrownWidth":3.0,"quality":"valid","sourceYear":2013},"geometry":{"type":"Point","coordinates":[126.93404465,37.51742242]}},{"type":"Feature","id":"street-151911","properties":{"id":"street-151911","dataset":"street","gu":"영등포구","species":"벚나무","heightM":5.0,"crownWidthM":3.0,"rawHeight":5.0,"rawCrownWidth":3.0,"quality":"valid","sourceYear":2013},"geometry":{"type":"Point","coordinates":[126.93395207,37.51741456]}},{"type":"Feature","id":"street-151926","properties":{"id":"street-151926","dataset":"street","gu":"영등포구","species":"느티나무","heightM":7.0,"crownWidthM":5.0,"rawHeight":7.0,"rawCrownWidth":5.0,"quality":"valid","sourceYear":2013},"geometry":{"type":"Point","coordinates":[126.93885171,37.51998049]}},{"type":"Feature","id":"street-152071","properties":{"id":"street-152071","dataset":"street","gu":"영등포구","species":"은행나무","heightM":8.0,"crownWidthM":4.0,"rawHeight":8.0,"rawCrownWidth":4.0,"quality":"valid","sourceYear":2013},"geometry":{"type":"Point","coordinates":[126.9303683,37.51907651]}},{"type":"Feature","id":"street-152314","properties":{"id":"street-152314","dataset":"street","gu":"영등포구","species":"벚나무","heightM":6.0,"crownWidthM":6.0,"rawHeight":6.0,"rawCrownWidth":6.0,"quality":"valid","sourceYear":2013},"geometry":{"type":"Point","coordinates":[126.9322523,37.51701074]}},{"type":"Feature","id":"street-152338","properties":{"id":"street-152338","dataset":"street","gu":"영등포구","species":"은행나무","heightM":5.0,"crownWidthM":2.0,"rawHeight":5.0,"rawCrownWidth":2.0,"quality":"valid","sourceYear":2013},"geometry":{"type":"Point","coordinates":[126.93450189,37.51841752]}},{"type":"Feature","id":"street-152389","properties":{"id":"street-152389","dataset":"street","gu":"영등포구","species":"벚나무","heightM":5.0,"crownWidthM":5.0,"rawHeight":5.0,"rawCrownWidth":5.0,"quality":"valid","sourceYear":2013},"geometry":{"type":"Point","coordinates":[126.93984478,37.51837608]}},{"type":"Feature","id":"street-152390","properties":{"id":"street-152390","dataset":"street","gu":"영등포구","species":"벚나무","heightM":5.0,"crownWidthM":4.0,"rawHeight":5.0,"rawCrownWidth":4.0,"quality":"valid","sourceYear":2013},"geometry":{"type":"Point","coordinates":[126.93969288,37.51830687]}},{"type":"Feature","id":"street-152395","properties":{"id":"street-152395","dataset":"street","gu":"영등포구","species":"벚나무","heightM":5.0,"crownWidthM":6.0,"rawHeight":5.0,"rawCrownWidth":6.0,"quality":"valid","sourceYear":2013},"geometry":{"type":"Point","coordinates":[126.93962083,37.51827997]}},{"type":"Feature","id":"street-152396","properties":{"id":"street-152396","dataset":"street","gu":"영등포구","species":"벚나무","heightM":5.0,"crownWidthM":6.0,"rawHeight":5.0,"rawCrownWidth":6.0,"quality":"valid","sourceYear":2013},"geometry":{"type":"Point","coordinates":[126.93929248,37.51819954]}},{"type":"Feature","id":"street-152426","properties":{"id":"street-152426","dataset":"street","gu":"영등포구","species":"느티나무","heightM":5.0,"crownWidthM":null,"rawHeight":5.0,"rawCrownWidth":45.0,"quality":"review","sourceYear":2013},"geometry":{"type":"Point","coordinates":[126.93711628,37.51786823]}},{"type":"Feature","id":"street-152493","properties":{"id":"street-152493","dataset":"street","gu":"영등포구","species":"벚나무","heightM":5.0,"crownWidthM":8.0,"rawHeight":5.0,"rawCrownWidth":8.0,"quality":"valid","sourceYear":2013},"geometry":{"type":"Point","coordinates":[126.9393653,37.51821907]}},{"type":"Feature","id":"street-152502","properties":{"id":"street-152502","dataset":"street","gu":"영등포구","species":"느티나무","heightM":null,"crownWidthM":null,"rawHeight":0.0,"rawCrownWidth":0.0,"quality":"review","sourceYear":2013},"geometry":{"type":"Point","coordinates":[126.93065678,37.51823975]}},{"type":"Feature","id":"street-152503","properties":{"id":"street-152503","dataset":"street","gu":"영등포구","species":"느티나무","heightM":null,"crownWidthM":null,"rawHeight":0.0,"rawCrownWidth":0.0,"quality":"review","sourceYear":2013},"geometry":{"type":"Point","coordinates":[126.9307596,37.51829941]}},{"type":"Feature","id":"street-152504","properties":{"id":"street-152504","dataset":"street","gu":"영등포구","species":"느티나무","heightM":null,"crownWidthM":null,"rawHeight":0.0,"rawCrownWidth":0.0,"quality":"review","sourceYear":2013},"geometry":{"type":"Point","coordinates":[126.93095589,37.51843361]}},{"type":"Feature","id":"street-152505","properties":{"id":"street-152505","dataset":"street","gu":"영등포구","species":"느티나무","heightM":null,"crownWidthM":null,"rawHeight":0.0,"rawCrownWidth":0.0,"quality":"review","sourceYear":2013},"geometry":{"type":"Point","coordinates":[126.93103999,37.51850816]}},{"type":"Feature","id":"street-152506","properties":{"id":"street-152506","dataset":"street","gu":"영등포구","species":"느티나무","heightM":null,"crownWidthM":null,"rawHeight":0.0,"rawCrownWidth":0.0,"quality":"review","sourceYear":2013},"geometry":{"type":"Point","coordinates":[126.93114282,37.51856782]}},{"type":"Feature","id":"street-152507","properties":{"id":"street-152507","dataset":"street","gu":"영등포구","species":"느티나무","heightM":null,"crownWidthM":null,"rawHeight":0.0,"rawCrownWidth":0.0,"quality":"review","sourceYear":2013},"geometry":{"type":"Point","coordinates":[126.93123628,37.51864237]}},{"type":"Feature","id":"street-152508","properties":{"id":"street-152508","dataset":"street","gu":"영등포구","species":"느티나무","heightM":null,"crownWidthM":null,"rawHeight":0.0,"rawCrownWidth":0.0,"quality":"review","sourceYear":2013},"geometry":{"type":"Point","coordinates":[126.9313391,37.51870202]}},{"type":"Feature","id":"street-152509","properties":{"id":"street-152509","dataset":"street","gu":"영등포구","species":"느티나무","heightM":null,"crownWidthM":null,"rawHeight":0.0,"rawCrownWidth":0.0,"quality":"review","sourceYear":2013},"geometry":{"type":"Point","coordinates":[126.93145129,37.51875424]}},{"type":"Feature","id":"street-152510","properties":{"id":"street-152510","dataset":"street","gu":"영등포구","species":"느티나무","heightM":null,"crownWidthM":null,"rawHeight":0.0,"rawCrownWidth":0.0,"quality":"review","sourceYear":2013},"geometry":{"type":"Point","coordinates":[126.93155411,37.51881389]}},{"type":"Feature","id":"street-152511","properties":{"id":"street-152511","dataset":"street","gu":"영등포구","species":"느티나무","heightM":null,"crownWidthM":null,"rawHeight":0.0,"rawCrownWidth":0.0,"quality":"review","sourceYear":2013},"geometry":{"type":"Point","coordinates":[126.93164757,37.51888844]}},{"type":"Feature","id":"street-152512","properties":{"id":"street-152512","dataset":"street","gu":"영등포구","species":"느티나무","heightM":null,"crownWidthM":null,"rawHeight":0.0,"rawCrownWidth":0.0,"quality":"review","sourceYear":2013},"geometry":{"type":"Point","coordinates":[126.9317504,37.5189481]}},{"type":"Feature","id":"street-152513","properties":{"id":"street-152513","dataset":"street","gu":"영등포구","species":"느티나무","heightM":null,"crownWidthM":null,"rawHeight":0.0,"rawCrownWidth":0.0,"quality":"review","sourceYear":2013},"geometry":{"type":"Point","coordinates":[126.9318345,37.51902265]}},{"type":"Feature","id":"street-152514","properties":{"id":"street-152514","dataset":"street","gu":"영등포구","species":"느티나무","heightM":null,"crownWidthM":null,"rawHeight":0.0,"rawCrownWidth":0.0,"quality":"review","sourceYear":2013},"geometry":{"type":"Point","coordinates":[126.93203079,37.51915685]}},{"type":"Feature","id":"street-152515","properties":{"id":"street-152515","dataset":"street","gu":"영등포구","species":"느티나무","heightM":null,"crownWidthM":null,"rawHeight":0.0,"rawCrownWidth":0.0,"quality":"review","sourceYear":2013},"geometry":{"type":"Point","coordinates":[126.93213362,37.51921651]}},{"type":"Feature","id":"street-152526","properties":{"id":"street-152526","dataset":"street","gu":"영등포구","species":"벚나무","heightM":6.0,"crownWidthM":7.0,"rawHeight":6.0,"rawCrownWidth":7.0,"quality":"valid","sourceYear":2013},"geometry":{"type":"Point","coordinates":[126.93016833,37.5169583]}},{"type":"Feature","id":"street-152531","properties":{"id":"street-152531","dataset":"street","gu":"영등포구","species":"은행나무","heightM":6.0,"crownWidthM":3.0,"rawHeight":6.0,"rawCrownWidth":3.0,"quality":"valid","sourceYear":2013},"geometry":{"type":"Point","coordinates":[126.93340961,37.51954727]}},{"type":"Feature","id":"street-152548","properties":{"id":"street-152548","dataset":"street","gu":"영등포구","species":"은행나무","heightM":5.0,"crownWidthM":2.0,"rawHeight":5.0,"rawCrownWidth":2.0,"quality":"valid","sourceYear":2013},"geometry":{"type":"Point","coordinates":[126.93433247,37.51859911]}},{"type":"Feature","id":"street-152580","properties":{"id":"street-152580","dataset":"street","gu":"영등포구","species":"회화나무","heightM":6.0,"crownWidthM":4.0,"rawHeight":6.0,"rawCrownWidth":4.0,"quality":"valid","sourceYear":2013},"geometry":{"type":"Point","coordinates":[126.9362685,37.51836983]}},{"type":"Feature","id":"street-152654","properties":{"id":"street-152654","dataset":"street","gu":"영등포구","species":"벚나무","heightM":5.0,"crownWidthM":5.0,"rawHeight":5.0,"rawCrownWidth":5.0,"quality":"valid","sourceYear":2013},"geometry":{"type":"Point","coordinates":[126.93176812,37.51707165]}},{"type":"Feature","id":"street-152667","properties":{"id":"street-152667","dataset":"street","gu":"영등포구","species":"벚나무","heightM":5.0,"crownWidthM":1.0,"rawHeight":5.0,"rawCrownWidth":1.0,"quality":"valid","sourceYear":2013},"geometry":{"type":"Point","coordinates":[126.93490747,37.51735767]}},{"type":"Feature","id":"street-152674","properties":{"id":"street-152674","dataset":"street","gu":"영등포구","species":"양버즘나무","heightM":8.0,"crownWidthM":3.0,"rawHeight":8.0,"rawCrownWidth":3.0,"quality":"valid","sourceYear":2013},"geometry":{"type":"Point","coordinates":[126.93372998,37.51921668]}},{"type":"Feature","id":"street-152676","properties":{"id":"street-152676","dataset":"street","gu":"영등포구","species":"은행나무","heightM":9.0,"crownWidthM":4.0,"rawHeight":9.0,"rawCrownWidth":4.0,"quality":"valid","sourceYear":2013},"geometry":{"type":"Point","coordinates":[126.9330521,37.51954913]}},{"type":"Feature","id":"street-152683","properties":{"id":"street-152683","dataset":"street","gu":"영등포구","species":"벚나무","heightM":5.0,"crownWidthM":5.0,"rawHeight":5.0,"rawCrownWidth":5.0,"quality":"valid","sourceYear":2013},"geometry":{"type":"Point","coordinates":[126.93990675,37.51840982]}},{"type":"Feature","id":"street-152830","properties":{"id":"street-152830","dataset":"street","gu":"영등포구","species":"회화나무","heightM":6.0,"crownWidthM":3.0,"rawHeight":6.0,"rawCrownWidth":3.0,"quality":"valid","sourceYear":2013},"geometry":{"type":"Point","coordinates":[126.93840095,37.5196959]}},{"type":"Feature","id":"street-152859","properties":{"id":"street-152859","dataset":"street","gu":"영등포구","species":"양버즘나무","heightM":9.0,"crownWidthM":4.0,"rawHeight":9.0,"rawCrownWidth":4.0,"quality":"valid","sourceYear":2013},"geometry":{"type":"Point","coordinates":[126.93259969,37.51991109]}},{"type":"Feature","id":"street-152879","properties":{"id":"street-152879","dataset":"street","gu":"영등포구","species":"벚나무","heightM":6.0,"crownWidthM":5.0,"rawHeight":6.0,"rawCrownWidth":5.0,"quality":"valid","sourceYear":2013},"geometry":{"type":"Point","coordinates":[126.93613905,37.51752115]}},{"type":"Feature","id":"street-152885","properties":{"id":"street-152885","dataset":"street","gu":"영등포구","species":"은행나무","heightM":7.0,"crownWidthM":2.0,"rawHeight":7.0,"rawCrownWidth":2.0,"quality":"valid","sourceYear":2013},"geometry":{"type":"Point","coordinates":[126.93376406,37.51918417]}},{"type":"Feature","id":"street-152950","properties":{"id":"street-152950","dataset":"street","gu":"영등포구","species":"벚나무","heightM":6.0,"crownWidthM":6.0,"rawHeight":6.0,"rawCrownWidth":6.0,"quality":"valid","sourceYear":2013},"geometry":{"type":"Point","coordinates":[126.93024555,37.51696393]}},{"type":"Feature","id":"street-152960","properties":{"id":"street-152960","dataset":"street","gu":"영등포구","species":"양버즘나무","heightM":7.0,"crownWidthM":3.0,"rawHeight":7.0,"rawCrownWidth":3.0,"quality":"valid","sourceYear":2013},"geometry":{"type":"Point","coordinates":[126.93422731,37.51870155]}},{"type":"Feature","id":"street-152971","properties":{"id":"street-152971","dataset":"street","gu":"영등포구","species":"벚나무","heightM":5.0,"crownWidthM":5.0,"rawHeight":5.0,"rawCrownWidth":5.0,"quality":"valid","sourceYear":2013},"geometry":{"type":"Point","coordinates":[126.939978,37.51844415]}},{"type":"Feature","id":"street-152972","properties":{"id":"street-152972","dataset":"street","gu":"영등포구","species":"벚나무","heightM":5.0,"crownWidthM":4.0,"rawHeight":5.0,"rawCrownWidth":4.0,"quality":"valid","sourceYear":2013},"geometry":{"type":"Point","coordinates":[126.93953875,37.51825986]}},{"type":"Feature","id":"street-153030","properties":{"id":"street-153030","dataset":"street","gu":"영등포구","species":"벚나무","heightM":5.0,"crownWidthM":6.0,"rawHeight":5.0,"rawCrownWidth":6.0,"quality":"valid","sourceYear":2013},"geometry":{"type":"Point","coordinates":[126.93280646,37.51713985]}},{"type":"Feature","id":"street-153100","properties":{"id":"street-153100","dataset":"street","gu":"영등포구","species":"회화나무","heightM":8.0,"crownWidthM":6.0,"rawHeight":8.0,"rawCrownWidth":6.0,"quality":"valid","sourceYear":2013},"geometry":{"type":"Point","coordinates":[126.93822533,37.5197937]}},{"type":"Feature","id":"street-153101","properties":{"id":"street-153101","dataset":"street","gu":"영등포구","species":"회화나무","heightM":8.0,"crownWidthM":6.0,"rawHeight":8.0,"rawCrownWidth":6.0,"quality":"valid","sourceYear":2013},"geometry":{"type":"Point","coordinates":[126.937517,37.51914509]}},{"type":"Feature","id":"street-153163","properties":{"id":"street-153163","dataset":"street","gu":"영등포구","species":"벚나무","heightM":6.0,"crownWidthM":5.0,"rawHeight":6.0,"rawCrownWidth":5.0,"quality":"valid","sourceYear":2013},"geometry":{"type":"Point","coordinates":[126.93743753,37.51762627]}},{"type":"Feature","id":"street-153256","properties":{"id":"street-153256","dataset":"street","gu":"동작구","species":"양버즘나무","heightM":8.0,"crownWidthM":4.0,"rawHeight":8.0,"rawCrownWidth":4.0,"quality":"valid","sourceYear":2013},"geometry":{"type":"Point","coordinates":[126.93510353,37.5133643]}},{"type":"Feature","id":"street-153280","properties":{"id":"street-153280","dataset":"street","gu":"동작구","species":"양버즘나무","heightM":17.0,"crownWidthM":6.0,"rawHeight":17.0,"rawCrownWidth":6.0,"quality":"valid","sourceYear":2013},"geometry":{"type":"Point","coordinates":[126.93110088,37.51309423]}},{"type":"Feature","id":"street-153297","properties":{"id":"street-153297","dataset":"street","gu":"동작구","species":"양버즘나무","heightM":7.0,"crownWidthM":4.0,"rawHeight":7.0,"rawCrownWidth":4.0,"quality":"valid","sourceYear":2013},"geometry":{"type":"Point","coordinates":[126.93288398,37.51307043]}},{"type":"Feature","id":"street-153306","properties":{"id":"street-153306","dataset":"street","gu":"동작구","species":"양버즘나무","heightM":8.0,"crownWidthM":5.0,"rawHeight":8.0,"rawCrownWidth":5.0,"quality":"valid","sourceYear":2013},"geometry":{"type":"Point","coordinates":[126.93213112,37.51080721]}},{"type":"Feature","id":"street-153319","properties":{"id":"street-153319","dataset":"street","gu":"동작구","species":"양버즘나무","heightM":8.0,"crownWidthM":5.0,"rawHeight":8.0,"rawCrownWidth":5.0,"quality":"valid","sourceYear":2013},"geometry":{"type":"Point","coordinates":[126.93203159,37.51301686]}},{"type":"Feature","id":"street-153320","properties":{"id":"street-153320","dataset":"street","gu":"동작구","species":"양버즘나무","heightM":9.0,"crownWidthM":6.0,"rawHeight":9.0,"rawCrownWidth":6.0,"quality":"valid","sourceYear":2013},"geometry":{"type":"Point","coordinates":[126.93194624,37.51148117]}},{"type":"Feature","id":"street-153336","properties":{"id":"street-153336","dataset":"street","gu":"동작구","species":"양버즘나무","heightM":8.0,"crownWidthM":3.0,"rawHeight":8.0,"rawCrownWidth":3.0,"quality":"valid","sourceYear":2013},"geometry":{"type":"Point","coordinates":[126.93524339,37.5133742]}},{"type":"Feature","id":"street-153375","properties":{"id":"street-153375","dataset":"street","gu":"동작구","species":"양버즘나무","heightM":12.0,"crownWidthM":2.0,"rawHeight":12.0,"rawCrownWidth":2.0,"quality":"valid","sourceYear":2013},"geometry":{"type":"Point","coordinates":[126.93216087,37.51334918]}},{"type":"Feature","id":"street-153425","properties":{"id":"street-153425","dataset":"street","gu":"영등포구","species":"벚나무","heightM":6.0,"crownWidthM":4.0,"rawHeight":6.0,"rawCrownWidth":4.0,"quality":"valid","sourceYear":2013},"geometry":{"type":"Point","coordinates":[126.93375364,37.51713527]}},{"type":"Feature","id":"street-153426","properties":{"id":"street-153426","dataset":"street","gu":"영등포구","species":"벚나무","heightM":6.0,"crownWidthM":6.0,"rawHeight":6.0,"rawCrownWidth":6.0,"quality":"valid","sourceYear":2013},"geometry":{"type":"Point","coordinates":[126.9327083,37.51704473]}},{"type":"Feature","id":"street-153431","properties":{"id":"street-153431","dataset":"street","gu":"영등포구","species":"느티나무","heightM":null,"crownWidthM":null,"rawHeight":0.0,"rawCrownWidth":0.0,"quality":"review","sourceYear":2013},"geometry":{"type":"Point","coordinates":[126.93000199,37.51834366]}},{"type":"Feature","id":"street-153432","properties":{"id":"street-153432","dataset":"street","gu":"영등포구","species":"느티나무","heightM":null,"crownWidthM":null,"rawHeight":0.0,"rawCrownWidth":0.0,"quality":"review","sourceYear":2013},"geometry":{"type":"Point","coordinates":[126.93012352,37.51841078]}},{"type":"Feature","id":"street-153491","properties":{"id":"street-153491","dataset":"street","gu":"동작구","species":"양버즘나무","heightM":8.0,"crownWidthM":2.0,"rawHeight":8.0,"rawCrownWidth":2.0,"quality":"valid","sourceYear":2013},"geometry":{"type":"Point","coordinates":[126.93539033,37.5133841]}},{"type":"Feature","id":"street-153501","properties":{"id":"street-153501","dataset":"street","gu":"영등포구","species":"느티나무","heightM":null,"crownWidthM":null,"rawHeight":0.0,"rawCrownWidth":0.0,"quality":"review","sourceYear":2013},"geometry":{"type":"Point","coordinates":[126.93019827,37.51848532]}},{"type":"Feature","id":"street-153502","properties":{"id":"street-153502","dataset":"street","gu":"영등포구","species":"느티나무","heightM":null,"crownWidthM":null,"rawHeight":0.0,"rawCrownWidth":0.0,"quality":"review","sourceYear":2013},"geometry":{"type":"Point","coordinates":[126.93030109,37.51854497]}},{"type":"Feature","id":"street-153503","properties":{"id":"street-153503","dataset":"street","gu":"영등포구","species":"느티나무","heightM":null,"crownWidthM":null,"rawHeight":0.0,"rawCrownWidth":0.0,"quality":"review","sourceYear":2013},"geometry":{"type":"Point","coordinates":[126.93039455,37.51861953]}},{"type":"Feature","id":"street-153504","properties":{"id":"street-153504","dataset":"street","gu":"영등포구","species":"느티나무","heightM":null,"crownWidthM":null,"rawHeight":0.0,"rawCrownWidth":0.0,"quality":"review","sourceYear":2013},"geometry":{"type":"Point","coordinates":[126.93049737,37.51867918]}},{"type":"Feature","id":"street-153538","properties":{"id":"street-153538","dataset":"street","gu":"동작구","species":"양버즘나무","heightM":13.0,"crownWidthM":5.0,"rawHeight":13.0,"rawCrownWidth":5.0,"quality":"valid","sourceYear":2013},"geometry":{"type":"Point","coordinates":[126.93293179,37.51334083]}},{"type":"Feature","id":"street-153564","properties":{"id":"street-153564","dataset":"street","gu":"동작구","species":"느티나무","heightM":14.0,"crownWidthM":6.0,"rawHeight":14.0,"rawCrownWidth":6.0,"quality":"valid","sourceYear":2013},"geometry":{"type":"Point","coordinates":[126.93000247,37.51335571]}},{"type":"Feature","id":"street-153572","properties":{"id":"street-153572","dataset":"street","gu":"동작구","species":"양버즘나무","heightM":14.0,"crownWidthM":5.0,"rawHeight":14.0,"rawCrownWidth":5.0,"quality":"valid","sourceYear":2013},"geometry":{"type":"Point","coordinates":[126.93413505,37.51333454]}},{"type":"Feature","id":"street-153686","properties":{"id":"street-153686","dataset":"street","gu":"동작구","species":"느티나무","heightM":11.0,"crownWidthM":4.0,"rawHeight":11.0,"rawCrownWidth":4.0,"quality":"valid","sourceYear":2013},"geometry":{"type":"Point","coordinates":[126.93107931,37.51165529]}},{"type":"Feature","id":"street-153694","properties":{"id":"street-153694","dataset":"street","gu":"동작구","species":"양버즘나무","heightM":10.0,"crownWidthM":7.0,"rawHeight":10.0,"rawCrownWidth":7.0,"quality":"valid","sourceYear":2013},"geometry":{"type":"Point","coordinates":[126.93220685,37.51000104]}},{"type":"Feature","id":"street-153715","properties":{"id":"street-153715","dataset":"street","gu":"동작구","species":"양버즘나무","heightM":8.0,"crownWidthM":6.0,"rawHeight":8.0,"rawCrownWidth":6.0,"quality":"valid","sourceYear":2013},"geometry":{"type":"Point","coordinates":[126.93194878,37.51138784]}},{"type":"Feature","id":"street-153731","properties":{"id":"street-153731","dataset":"street","gu":"동작구","species":"느티나무","heightM":10.0,"crownWidthM":5.0,"rawHeight":10.0,"rawCrownWidth":5.0,"quality":"valid","sourceYear":2013},"geometry":{"type":"Point","coordinates":[126.93119069,37.51160803]}},{"type":"Feature","id":"street-153754","properties":{"id":"street-153754","dataset":"street","gu":"동작구","species":"양버즘나무","heightM":9.0,"crownWidthM":7.0,"rawHeight":9.0,"rawCrownWidth":7.0,"quality":"valid","sourceYear":2013},"geometry":{"type":"Point","coordinates":[126.93189913,37.51224178]}},{"type":"Feature","id":"street-153755","properties":{"id":"street-153755","dataset":"street","gu":"동작구","species":"양버즘나무","heightM":11.0,"crownWidthM":7.0,"rawHeight":11.0,"rawCrownWidth":7.0,"quality":"valid","sourceYear":2013},"geometry":{"type":"Point","coordinates":[126.93182119,37.51275501]}},{"type":"Feature","id":"street-153765","properties":{"id":"street-153765","dataset":"street","gu":"동작구","species":"양버즘나무","heightM":14.0,"crownWidthM":3.0,"rawHeight":14.0,"rawCrownWidth":3.0,"quality":"valid","sourceYear":2013},"geometry":{"type":"Point","coordinates":[126.9335879,37.51333549]}},{"type":"Feature","id":"street-153807","properties":{"id":"street-153807","dataset":"street","gu":"동작구","species":"양버즘나무","heightM":10.0,"crownWidthM":7.0,"rawHeight":10.0,"rawCrownWidth":7.0,"quality":"valid","sourceYear":2013},"geometry":{"type":"Point","coordinates":[126.93206333,37.51195486]}},{"type":"Feature","id":"street-153834","properties":{"id":"street-153834","dataset":"street","gu":"동작구","species":"양버즘나무","heightM":8.0,"crownWidthM":4.0,"rawHeight":8.0,"rawCrownWidth":4.0,"quality":"valid","sourceYear":2013},"geometry":{"type":"Point","coordinates":[126.93306596,37.51306434]}},{"type":"Feature","id":"street-153864","properties":{"id":"street-153864","dataset":"street","gu":"동작구","species":"느티나무","heightM":12.0,"crownWidthM":7.0,"rawHeight":12.0,"rawCrownWidth":7.0,"quality":"valid","sourceYear":2013},"geometry":{"type":"Point","coordinates":[126.93136309,37.5115175]}},{"type":"Feature","id":"street-153876","properties":{"id":"street-153876","dataset":"street","gu":"동작구","species":"양버즘나무","heightM":16.0,"crownWidthM":7.0,"rawHeight":16.0,"rawCrownWidth":7.0,"quality":"valid","sourceYear":2013},"geometry":{"type":"Point","coordinates":[126.93321655,37.51333859]}},{"type":"Feature","id":"street-153895","properties":{"id":"street-153895","dataset":"street","gu":"동작구","species":"양버즘나무","heightM":10.0,"crownWidthM":7.0,"rawHeight":10.0,"rawCrownWidth":7.0,"quality":"valid","sourceYear":2013},"geometry":{"type":"Point","coordinates":[126.93201218,37.51038702]}},{"type":"Feature","id":"street-153913","properties":{"id":"street-153913","dataset":"street","gu":"동작구","species":"양버즘나무","heightM":11.0,"crownWidthM":3.0,"rawHeight":11.0,"rawCrownWidth":3.0,"quality":"valid","sourceYear":2013},"geometry":{"type":"Point","coordinates":[126.93407129,37.51333595]}},{"type":"Feature","id":"street-153926","properties":{"id":"street-153926","dataset":"street","gu":"동작구","species":"느티나무","heightM":8.0,"crownWidthM":6.0,"rawHeight":8.0,"rawCrownWidth":6.0,"quality":"valid","sourceYear":2013},"geometry":{"type":"Point","coordinates":[126.93029504,37.51174889]}},{"type":"Feature","id":"street-153955","properties":{"id":"street-153955","dataset":"street","gu":"동작구","species":"양버즘나무","heightM":8.0,"crownWidthM":6.0,"rawHeight":8.0,"rawCrownWidth":6.0,"quality":"valid","sourceYear":2013},"geometry":{"type":"Point","coordinates":[126.93203054,37.51236622]}},{"type":"Feature","id":"street-153958","properties":{"id":"street-153958","dataset":"street","gu":"동작구","species":"양버즘나무","heightM":14.0,"crownWidthM":6.0,"rawHeight":14.0,"rawCrownWidth":6.0,"quality":"valid","sourceYear":2013},"geometry":{"type":"Point","coordinates":[126.93373309,37.51333705]}},{"type":"Feature","id":"street-153959","properties":{"id":"street-153959","dataset":"street","gu":"동작구","species":"양버즘나무","heightM":8.0,"crownWidthM":6.0,"rawHeight":8.0,"rawCrownWidth":6.0,"quality":"valid","sourceYear":2013},"geometry":{"type":"Point","coordinates":[126.93197687,37.51125273]}},{"type":"Feature","id":"street-153987","properties":{"id":"street-153987","dataset":"street","gu":"동작구","species":"느티나무","heightM":14.0,"crownWidthM":6.0,"rawHeight":14.0,"rawCrownWidth":6.0,"quality":"valid","sourceYear":2013},"geometry":{"type":"Point","coordinates":[126.9305301,37.51336847]}},{"type":"Feature","id":"street-154002","properties":{"id":"street-154002","dataset":"street","gu":"동작구","species":"양버즘나무","heightM":8.0,"crownWidthM":5.0,"rawHeight":8.0,"rawCrownWidth":5.0,"quality":"valid","sourceYear":2013},"geometry":{"type":"Point","coordinates":[126.93200656,37.51271022]}},{"type":"Feature","id":"street-154122","properties":{"id":"street-154122","dataset":"street","gu":"동작구","species":"느티나무","heightM":8.0,"crownWidthM":6.0,"rawHeight":8.0,"rawCrownWidth":6.0,"quality":"valid","sourceYear":2013},"geometry":{"type":"Point","coordinates":[126.93173399,37.51153987]}},{"type":"Feature","id":"street-154167","properties":{"id":"street-154167","dataset":"street","gu":"동작구","species":"양버즘나무","heightM":9.0,"crownWidthM":6.0,"rawHeight":9.0,"rawCrownWidth":6.0,"quality":"valid","sourceYear":2013},"geometry":{"type":"Point","coordinates":[126.93189517,37.51228248]}},{"type":"Feature","id":"street-154220","properties":{"id":"street-154220","dataset":"street","gu":"동작구","species":"양버즘나무","heightM":8.0,"crownWidthM":6.0,"rawHeight":8.0,"rawCrownWidth":6.0,"quality":"valid","sourceYear":2013},"geometry":{"type":"Point","coordinates":[126.93211459,37.51125139]}},{"type":"Feature","id":"street-154236","properties":{"id":"street-154236","dataset":"street","gu":"동작구","species":"양버즘나무","heightM":10.0,"crownWidthM":4.0,"rawHeight":10.0,"rawCrownWidth":4.0,"quality":"valid","sourceYear":2013},"geometry":{"type":"Point","coordinates":[126.93817191,37.51327067]}},{"type":"Feature","id":"street-154255","properties":{"id":"street-154255","dataset":"street","gu":"동작구","species":"양버즘나무","heightM":8.0,"crownWidthM":6.0,"rawHeight":8.0,"rawCrownWidth":6.0,"quality":"valid","sourceYear":2013},"geometry":{"type":"Point","coordinates":[126.93211464,37.51120438]}},{"type":"Feature","id":"street-154256","properties":{"id":"street-154256","dataset":"street","gu":"동작구","species":"양버즘나무","heightM":10.0,"crownWidthM":6.0,"rawHeight":10.0,"rawCrownWidth":6.0,"quality":"valid","sourceYear":2013},"geometry":{"type":"Point","coordinates":[126.93188724,37.51238266]}},{"type":"Feature","id":"street-154272","properties":{"id":"street-154272","dataset":"street","gu":"동작구","species":"양버즘나무","heightM":15.0,"crownWidthM":4.0,"rawHeight":15.0,"rawCrownWidth":4.0,"quality":"valid","sourceYear":2013},"geometry":{"type":"Point","coordinates":[126.93049729,37.51310741]}},{"type":"Feature","id":"street-154277","properties":{"id":"street-154277","dataset":"street","gu":"동작구","species":"양버즘나무","heightM":10.0,"crownWidthM":7.0,"rawHeight":10.0,"rawCrownWidth":7.0,"quality":"valid","sourceYear":2013},"geometry":{"type":"Point","coordinates":[126.93199755,37.51063378]}},{"type":"Feature","id":"street-154304","properties":{"id":"street-154304","dataset":"street","gu":"동작구","species":"양버즘나무","heightM":18.0,"crownWidthM":7.0,"rawHeight":18.0,"rawCrownWidth":7.0,"quality":"valid","sourceYear":2013},"geometry":{"type":"Point","coordinates":[126.93083212,37.51309474]}},{"type":"Feature","id":"street-154335","properties":{"id":"street-154335","dataset":"street","gu":"동작구","species":"양버즘나무","heightM":10.0,"crownWidthM":7.0,"rawHeight":10.0,"rawCrownWidth":7.0,"quality":"valid","sourceYear":2013},"geometry":{"type":"Point","coordinates":[126.9317943,37.51281056]}},{"type":"Feature","id":"street-154340","properties":{"id":"street-154340","dataset":"street","gu":"동작구","species":"양버즘나무","heightM":9.0,"crownWidthM":6.0,"rawHeight":9.0,"rawCrownWidth":6.0,"quality":"valid","sourceYear":2013},"geometry":{"type":"Point","coordinates":[126.93190706,37.51215413]}},{"type":"Feature","id":"street-154357","properties":{"id":"street-154357","dataset":"street","gu":"동작구","species":"양버즘나무","heightM":8.0,"crownWidthM":5.0,"rawHeight":8.0,"rawCrownWidth":5.0,"quality":"valid","sourceYear":2013},"geometry":{"type":"Point","coordinates":[126.93203162,37.51296802]}},{"type":"Feature","id":"street-154370","properties":{"id":"street-154370","dataset":"street","gu":"동작구","species":"양버즘나무","heightM":17.0,"crownWidthM":7.0,"rawHeight":17.0,"rawCrownWidth":7.0,"quality":"valid","sourceYear":2013},"geometry":{"type":"Point","coordinates":[126.93009322,37.51310783]}},{"type":"Feature","id":"street-154403","properties":{"id":"street-154403","dataset":"street","gu":"동작구","species":"양버즘나무","heightM":9.0,"crownWidthM":6.0,"rawHeight":9.0,"rawCrownWidth":6.0,"quality":"valid","sourceYear":2013},"geometry":{"type":"Point","coordinates":[126.93207577,37.51182781]}},{"type":"Feature","id":"street-154408","properties":{"id":"street-154408","dataset":"street","gu":"동작구","species":"양버즘나무","heightM":8.0,"crownWidthM":5.0,"rawHeight":8.0,"rawCrownWidth":5.0,"quality":"valid","sourceYear":2013},"geometry":{"type":"Point","coordinates":[126.93215074,37.51070008]}},{"type":"Feature","id":"street-154444","properties":{"id":"street-154444","dataset":"street","gu":"동작구","species":"느티나무","heightM":8.0,"crownWidthM":4.0,"rawHeight":8.0,"rawCrownWidth":4.0,"quality":"valid","sourceYear":2013},"geometry":{"type":"Point","coordinates":[126.93108084,37.51154384]}},{"type":"Feature","id":"street-154495","properties":{"id":"street-154495","dataset":"street","gu":"동작구","species":"양버즘나무","heightM":11.0,"crownWidthM":6.0,"rawHeight":11.0,"rawCrownWidth":6.0,"quality":"valid","sourceYear":2013},"geometry":{"type":"Point","coordinates":[126.93209403,37.51142083]}},{"type":"Feature","id":"street-154522","properties":{"id":"street-154522","dataset":"street","gu":"동작구","species":"양버즘나무","heightM":9.0,"crownWidthM":6.0,"rawHeight":9.0,"rawCrownWidth":6.0,"quality":"valid","sourceYear":2013},"geometry":{"type":"Point","coordinates":[126.93189119,37.51235762]}},{"type":"Feature","id":"street-154531","properties":{"id":"street-154531","dataset":"street","gu":"동작구","species":"양버즘나무","heightM":12.0,"crownWidthM":6.0,"rawHeight":12.0,"rawCrownWidth":6.0,"quality":"valid","sourceYear":2013},"geometry":{"type":"Point","coordinates":[126.9341988,37.51333454]}},{"type":"Feature","id":"street-154542","properties":{"id":"street-154542","dataset":"street","gu":"동작구","species":"양버즘나무","heightM":11.0,"crownWidthM":4.0,"rawHeight":11.0,"rawCrownWidth":4.0,"quality":"valid","sourceYear":2013},"geometry":{"type":"Point","coordinates":[126.93190391,37.51197124]}},{"type":"Feature","id":"street-154611","properties":{"id":"street-154611","dataset":"street","gu":"영등포구","species":"벚나무","heightM":5.0,"crownWidthM":3.0,"rawHeight":5.0,"rawCrownWidth":3.0,"quality":"valid","sourceYear":2013},"geometry":{"type":"Point","coordinates":[126.93654619,37.51744138]}},{"type":"Feature","id":"street-154617","properties":{"id":"street-154617","dataset":"street","gu":"영등포구","species":"벚나무","heightM":5.0,"crownWidthM":4.0,"rawHeight":5.0,"rawCrownWidth":4.0,"quality":"valid","sourceYear":2013},"geometry":{"type":"Point","coordinates":[126.93977349,37.51834177]}},{"type":"Feature","id":"street-154630","properties":{"id":"street-154630","dataset":"street","gu":"영등포구","species":"느티나무","heightM":null,"crownWidthM":null,"rawHeight":0.0,"rawCrownWidth":0.0,"quality":"review","sourceYear":2013},"geometry":{"type":"Point","coordinates":[126.93131995,37.51919369]}},{"type":"Feature","id":"street-154631","properties":{"id":"street-154631","dataset":"street","gu":"영등포구","species":"느티나무","heightM":null,"crownWidthM":null,"rawHeight":0.0,"rawCrownWidth":0.0,"quality":"review","sourceYear":2013},"geometry":{"type":"Point","coordinates":[126.93151623,37.5193279]}},{"type":"Feature","id":"street-154632","properties":{"id":"street-154632","dataset":"street","gu":"영등포구","species":"느티나무","heightM":null,"crownWidthM":null,"rawHeight":0.0,"rawCrownWidth":0.0,"quality":"review","sourceYear":2013},"geometry":{"type":"Point","coordinates":[126.93161906,37.51938755]}},{"type":"Feature","id":"street-154635","properties":{"id":"street-154635","dataset":"street","gu":"동작구","species":"느티나무","heightM":8.0,"crownWidthM":2.0,"rawHeight":8.0,"rawCrownWidth":2.0,"quality":"valid","sourceYear":2013},"geometry":{"type":"Point","coordinates":[126.93070237,37.51164387]}},{"type":"Feature","id":"street-154636","properties":{"id":"street-154636","dataset":"street","gu":"동작구","species":"느티나무","heightM":10.0,"crownWidthM":6.0,"rawHeight":10.0,"rawCrownWidth":6.0,"quality":"valid","sourceYear":2013},"geometry":{"type":"Point","coordinates":[126.93092266,37.51168641]}},{"type":"Feature","id":"street-154665","properties":{"id":"street-154665","dataset":"street","gu":"동작구","species":"양버즘나무","heightM":9.0,"crownWidthM":6.0,"rawHeight":9.0,"rawCrownWidth":6.0,"quality":"valid","sourceYear":2013},"geometry":{"type":"Point","coordinates":[126.93213857,37.51090712]}},{"type":"Feature","id":"street-154667","properties":{"id":"street-154667","dataset":"street","gu":"동작구","species":"양버즘나무","heightM":13.0,"crownWidthM":2.0,"rawHeight":13.0,"rawCrownWidth":2.0,"quality":"valid","sourceYear":2013},"geometry":{"type":"Point","coordinates":[126.93313145,37.51334217]}},{"type":"Feature","id":"street-154688","properties":{"id":"street-154688","dataset":"street","gu":"동작구","species":"양버즘나무","heightM":13.0,"crownWidthM":4.0,"rawHeight":13.0,"rawCrownWidth":4.0,"quality":"valid","sourceYear":2013},"geometry":{"type":"Point","coordinates":[126.93400755,37.51333454]}},{"type":"Feature","id":"street-154691","properties":{"id":"street-154691","dataset":"street","gu":"동작구","species":"양버즘나무","heightM":8.0,"crownWidthM":6.0,"rawHeight":8.0,"rawCrownWidth":6.0,"quality":"valid","sourceYear":2013},"geometry":{"type":"Point","coordinates":[126.93211862,37.5111605]}},{"type":"Feature","id":"street-154699","properties":{"id":"street-154699","dataset":"street","gu":"영등포구","species":"느티나무","heightM":null,"crownWidthM":null,"rawHeight":0.0,"rawCrownWidth":0.0,"quality":"review","sourceYear":2013},"geometry":{"type":"Point","coordinates":[126.93142277,37.51925335]}},{"type":"Feature","id":"street-154700","properties":{"id":"street-154700","dataset":"street","gu":"영등포구","species":"느티나무","heightM":null,"crownWidthM":null,"rawHeight":0.0,"rawCrownWidth":0.0,"quality":"review","sourceYear":2013},"geometry":{"type":"Point","coordinates":[126.93180599,37.51952176]}},{"type":"Feature","id":"street-154701","properties":{"id":"street-154701","dataset":"street","gu":"영등포구","species":"느티나무","heightM":null,"crownWidthM":null,"rawHeight":0.0,"rawCrownWidth":0.0,"quality":"review","sourceYear":2013},"geometry":{"type":"Point","coordinates":[126.93189946,37.5195963]}},{"type":"Feature","id":"street-154702","properties":{"id":"street-154702","dataset":"street","gu":"영등포구","species":"느티나무","heightM":null,"crownWidthM":null,"rawHeight":0.0,"rawCrownWidth":0.0,"quality":"review","sourceYear":2013},"geometry":{"type":"Point","coordinates":[126.93200228,37.51965596]}},{"type":"Feature","id":"street-154703","properties":{"id":"street-154703","dataset":"street","gu":"영등포구","species":"벚나무","heightM":5.0,"crownWidthM":3.0,"rawHeight":5.0,"rawCrownWidth":3.0,"quality":"valid","sourceYear":2013},"geometry":{"type":"Point","coordinates":[126.93344466,37.51735642]}},{"type":"Feature","id":"street-154704","properties":{"id":"street-154704","dataset":"street","gu":"영등포구","species":"벚나무","heightM":5.0,"crownWidthM":3.0,"rawHeight":5.0,"rawCrownWidth":3.0,"quality":"valid","sourceYear":2013},"geometry":{"type":"Point","coordinates":[126.93333746,37.5173466]}},{"type":"Feature","id":"street-154705","properties":{"id":"street-154705","dataset":"street","gu":"영등포구","species":"벚나무","heightM":5.0,"crownWidthM":3.0,"rawHeight":5.0,"rawCrownWidth":3.0,"quality":"valid","sourceYear":2013},"geometry":{"type":"Point","coordinates":[126.93339106,37.51735054]}},{"type":"Feature","id":"street-154706","properties":{"id":"street-154706","dataset":"street","gu":"영등포구","species":"벚나무","heightM":5.0,"crownWidthM":3.0,"rawHeight":5.0,"rawCrownWidth":3.0,"quality":"valid","sourceYear":2013},"geometry":{"type":"Point","coordinates":[126.93329361,37.51734461]}},{"type":"Feature","id":"street-154707","properties":{"id":"street-154707","dataset":"street","gu":"영등포구","species":"벚나무","heightM":5.0,"crownWidthM":3.0,"rawHeight":5.0,"rawCrownWidth":3.0,"quality":"valid","sourceYear":2013},"geometry":{"type":"Point","coordinates":[126.93324488,37.51733874]}},{"type":"Feature","id":"street-154708","properties":{"id":"street-154708","dataset":"street","gu":"영등포구","species":"벚나무","heightM":5.0,"crownWidthM":4.0,"rawHeight":5.0,"rawCrownWidth":4.0,"quality":"valid","sourceYear":2013},"geometry":{"type":"Point","coordinates":[126.93247052,37.51728705]}},{"type":"Feature","id":"street-154709","properties":{"id":"street-154709","dataset":"street","gu":"영등포구","species":"벚나무","heightM":5.0,"crownWidthM":3.0,"rawHeight":5.0,"rawCrownWidth":3.0,"quality":"valid","sourceYear":2013},"geometry":{"type":"Point","coordinates":[126.93269223,37.51729894]}},{"type":"Feature","id":"street-154710","properties":{"id":"street-154710","dataset":"street","gu":"영등포구","species":"벚나무","heightM":5.0,"crownWidthM":2.0,"rawHeight":5.0,"rawCrownWidth":2.0,"quality":"valid","sourceYear":2013},"geometry":{"type":"Point","coordinates":[126.93239743,37.51728115]}},{"type":"Feature","id":"street-154711","properties":{"id":"street-154711","dataset":"street","gu":"영등포구","species":"벚나무","heightM":5.0,"crownWidthM":3.0,"rawHeight":5.0,"rawCrownWidth":3.0,"quality":"valid","sourceYear":2013},"geometry":{"type":"Point","coordinates":[126.93263376,37.51729693]}},{"type":"Feature","id":"street-154712","properties":{"id":"street-154712","dataset":"street","gu":"영등포구","species":"벚나무","heightM":5.0,"crownWidthM":3.0,"rawHeight":5.0,"rawCrownWidth":3.0,"quality":"valid","sourceYear":2013},"geometry":{"type":"Point","coordinates":[126.93253143,37.517291]}},{"type":"Feature","id":"street-154713","properties":{"id":"street-154713","dataset":"street","gu":"영등포구","species":"벚나무","heightM":5.0,"crownWidthM":3.0,"rawHeight":5.0,"rawCrownWidth":3.0,"quality":"valid","sourceYear":2013},"geometry":{"type":"Point","coordinates":[126.93232191,37.51727524]}},{"type":"Feature","id":"street-154714","properties":{"id":"street-154714","dataset":"street","gu":"영등포구","species":"벚나무","heightM":5.0,"crownWidthM":3.0,"rawHeight":5.0,"rawCrownWidth":3.0,"quality":"valid","sourceYear":2013},"geometry":{"type":"Point","coordinates":[126.93225126,37.51726934]}},{"type":"Feature","id":"street-154715","properties":{"id":"street-154715","dataset":"street","gu":"영등포구","species":"벚나무","heightM":7.0,"crownWidthM":6.0,"rawHeight":7.0,"rawCrownWidth":6.0,"quality":"valid","sourceYear":2013},"geometry":{"type":"Point","coordinates":[126.93431495,37.51718386]}},{"type":"Feature","id":"street-154721","properties":{"id":"street-154721","dataset":"street","gu":"영등포구","species":"은행나무","heightM":6.0,"crownWidthM":3.0,"rawHeight":6.0,"rawCrownWidth":3.0,"quality":"valid","sourceYear":2013},"geometry":{"type":"Point","coordinates":[126.93017118,37.51906001]}},{"type":"Feature","id":"street-154794","properties":{"id":"street-154794","dataset":"street","gu":"영등포구","species":"은행나무","heightM":null,"crownWidthM":null,"rawHeight":0.0,"rawCrownWidth":0.0,"quality":"review","sourceYear":2013},"geometry":{"type":"Point","coordinates":[126.93243268,37.51947032]}},{"type":"Feature","id":"street-154801","properties":{"id":"street-154801","dataset":"street","gu":"영등포구","species":"벚나무","heightM":5.0,"crownWidthM":3.0,"rawHeight":5.0,"rawCrownWidth":3.0,"quality":"valid","sourceYear":2013},"geometry":{"type":"Point","coordinates":[126.93217817,37.51726344]}},{"type":"Feature","id":"street-154804","properties":{"id":"street-154804","dataset":"street","gu":"영등포구","species":"회화나무","heightM":7.0,"crownWidthM":4.0,"rawHeight":7.0,"rawCrownWidth":4.0,"quality":"valid","sourceYear":2013},"geometry":{"type":"Point","coordinates":[126.93838924,37.51989639]}},{"type":"Feature","id":"street-154857","properties":{"id":"street-154857","dataset":"street","gu":"동작구","species":"양버즘나무","heightM":14.0,"crownWidthM":3.0,"rawHeight":14.0,"rawCrownWidth":3.0,"quality":"valid","sourceYear":2013},"geometry":{"type":"Point","coordinates":[126.93379861,37.51333713]}},{"type":"Feature","id":"street-154891","properties":{"id":"street-154891","dataset":"street","gu":"영등포구","species":"은행나무","heightM":8.0,"crownWidthM":4.0,"rawHeight":8.0,"rawCrownWidth":4.0,"quality":"valid","sourceYear":2013},"geometry":{"type":"Point","coordinates":[126.93361702,37.51897391]}},{"type":"Feature","id":"street-154893","properties":{"id":"street-154893","dataset":"street","gu":"영등포구","species":"은행나무","heightM":null,"crownWidthM":null,"rawHeight":0.0,"rawCrownWidth":0.0,"quality":"review","sourceYear":2013},"geometry":{"type":"Point","coordinates":[126.93262705,37.51960239]}},{"type":"Feature","id":"street-154894","properties":{"id":"street-154894","dataset":"street","gu":"영등포구","species":"은행나무","heightM":null,"crownWidthM":null,"rawHeight":0.0,"rawCrownWidth":0.0,"quality":"review","sourceYear":2013},"geometry":{"type":"Point","coordinates":[126.93272064,37.51966556]}},{"type":"Feature","id":"street-154946","properties":{"id":"street-154946","dataset":"street","gu":"동작구","species":"양버즘나무","heightM":11.0,"crownWidthM":7.0,"rawHeight":11.0,"rawCrownWidth":7.0,"quality":"valid","sourceYear":2013},"geometry":{"type":"Point","coordinates":[126.9319142,37.51186485]}},{"type":"Feature","id":"street-154949","properties":{"id":"street-154949","dataset":"street","gu":"동작구","species":"양버즘나무","heightM":7.0,"crownWidthM":4.0,"rawHeight":7.0,"rawCrownWidth":4.0,"quality":"valid","sourceYear":2013},"geometry":{"type":"Point","coordinates":[126.93218859,37.51307896]}},{"type":"Feature","id":"street-154969","properties":{"id":"street-154969","dataset":"street","gu":"영등포구","species":"양버즘나무","heightM":8.0,"crownWidthM":3.0,"rawHeight":8.0,"rawCrownWidth":3.0,"quality":"valid","sourceYear":2013},"geometry":{"type":"Point","coordinates":[126.93483337,37.51808277]}},{"type":"Feature","id":"street-155027","properties":{"id":"street-155027","dataset":"street","gu":"동작구","species":"양버즘나무","heightM":10.0,"crownWidthM":3.0,"rawHeight":10.0,"rawCrownWidth":3.0,"quality":"valid","sourceYear":2013},"geometry":{"type":"Point","coordinates":[126.9307904,37.51335829]}},{"type":"Feature","id":"street-155051","properties":{"id":"street-155051","dataset":"street","gu":"영등포구","species":"회화나무","heightM":5.0,"crownWidthM":2.0,"rawHeight":5.0,"rawCrownWidth":2.0,"quality":"valid","sourceYear":2013},"geometry":{"type":"Point","coordinates":[126.93588961,37.51835131]}},{"type":"Feature","id":"street-155052","properties":{"id":"street-155052","dataset":"street","gu":"영등포구","species":"느티나무","heightM":5.0,"crownWidthM":3.0,"rawHeight":5.0,"rawCrownWidth":3.0,"quality":"valid","sourceYear":2013},"geometry":{"type":"Point","coordinates":[126.93078209,37.51717119]}},{"type":"Feature","id":"street-155053","properties":{"id":"street-155053","dataset":"street","gu":"영등포구","species":"벚나무","heightM":5.0,"crownWidthM":3.0,"rawHeight":5.0,"rawCrownWidth":3.0,"quality":"valid","sourceYear":2013},"geometry":{"type":"Point","coordinates":[126.93183829,37.51706614]}},{"type":"Feature","id":"street-155117","properties":{"id":"street-155117","dataset":"street","gu":"동작구","species":"양버즘나무","heightM":8.0,"crownWidthM":6.0,"rawHeight":8.0,"rawCrownWidth":6.0,"quality":"valid","sourceYear":2013},"geometry":{"type":"Point","coordinates":[126.93212267,37.51106334]}},{"type":"Feature","id":"street-155120","properties":{"id":"street-155120","dataset":"street","gu":"동작구","species":"양버즘나무","heightM":12.0,"crownWidthM":4.0,"rawHeight":12.0,"rawCrownWidth":4.0,"quality":"valid","sourceYear":2013},"geometry":{"type":"Point","coordinates":[126.93229938,37.51334464]}},{"type":"Feature","id":"street-155124","properties":{"id":"street-155124","dataset":"street","gu":"동작구","species":"양버즘나무","heightM":7.0,"crownWidthM":2.0,"rawHeight":7.0,"rawCrownWidth":2.0,"quality":"valid","sourceYear":2013},"geometry":{"type":"Point","coordinates":[126.93545761,37.51338553]}},{"type":"Feature","id":"street-155171","properties":{"id":"street-155171","dataset":"street","gu":"동작구","species":"양버즘나무","heightM":13.0,"crownWidthM":5.0,"rawHeight":13.0,"rawCrownWidth":5.0,"quality":"valid","sourceYear":2013},"geometry":{"type":"Point","coordinates":[126.93168243,37.5133597]}},{"type":"Feature","id":"street-155227","properties":{"id":"street-155227","dataset":"street","gu":"동작구","species":"양버즘나무","heightM":10.0,"crownWidthM":6.0,"rawHeight":10.0,"rawCrownWidth":6.0,"quality":"valid","sourceYear":2013},"geometry":{"type":"Point","coordinates":[126.93190789,37.51205126]}},{"type":"Feature","id":"street-155228","properties":{"id":"street-155228","dataset":"street","gu":"동작구","species":"느티나무","heightM":10.0,"crownWidthM":6.0,"rawHeight":10.0,"rawCrownWidth":6.0,"quality":"valid","sourceYear":2013},"geometry":{"type":"Point","coordinates":[126.9308054,37.51171296]}},{"type":"Feature","id":"street-155243","properties":{"id":"street-155243","dataset":"street","gu":"동작구","species":"양버즘나무","heightM":7.0,"crownWidthM":7.0,"rawHeight":7.0,"rawCrownWidth":7.0,"quality":"valid","sourceYear":2013},"geometry":{"type":"Point","coordinates":[126.93531774,37.51337845]}},{"type":"Feature","id":"street-155246","properties":{"id":"street-155246","dataset":"street","gu":"동작구","species":"양버즘나무","heightM":16.0,"crownWidthM":9.0,"rawHeight":16.0,"rawCrownWidth":9.0,"quality":"valid","sourceYear":2013},"geometry":{"type":"Point","coordinates":[126.93159021,37.51308232]}},{"type":"Feature","id":"street-155247","properties":{"id":"street-155247","dataset":"street","gu":"동작구","species":"양버즘나무","heightM":17.0,"crownWidthM":8.0,"rawHeight":17.0,"rawCrownWidth":8.0,"quality":"valid","sourceYear":2013},"geometry":{"type":"Point","coordinates":[126.93147693,37.51308598]}},{"type":"Feature","id":"street-155316","properties":{"id":"street-155316","dataset":"street","gu":"동작구","species":"양버즘나무","heightM":10.0,"crownWidthM":4.0,"rawHeight":10.0,"rawCrownWidth":4.0,"quality":"valid","sourceYear":2013},"geometry":{"type":"Point","coordinates":[126.93858413,37.51329666]}},{"type":"Feature","id":"street-155367","properties":{"id":"street-155367","dataset":"street","gu":"동작구","species":"양버즘나무","heightM":17.0,"crownWidthM":7.0,"rawHeight":17.0,"rawCrownWidth":7.0,"quality":"valid","sourceYear":2013},"geometry":{"type":"Point","coordinates":[126.9312265,37.51310109]}},{"type":"Feature","id":"street-155391","properties":{"id":"street-155391","dataset":"street","gu":"동작구","species":"느티나무","heightM":13.0,"crownWidthM":5.0,"rawHeight":13.0,"rawCrownWidth":5.0,"quality":"valid","sourceYear":2013},"geometry":{"type":"Point","coordinates":[126.9301274,37.51335449]}},{"type":"Feature","id":"street-155400","properties":{"id":"street-155400","dataset":"street","gu":"영등포구","species":"회화나무","heightM":6.0,"crownWidthM":4.0,"rawHeight":6.0,"rawCrownWidth":4.0,"quality":"valid","sourceYear":2013},"geometry":{"type":"Point","coordinates":[126.93675599,37.51867363]}},{"type":"Feature","id":"street-155429","properties":{"id":"street-155429","dataset":"street","gu":"동작구","species":"양버즘나무","heightM":8.0,"crownWidthM":4.0,"rawHeight":8.0,"rawCrownWidth":4.0,"quality":"valid","sourceYear":2013},"geometry":{"type":"Point","coordinates":[126.93332683,37.51305638]}},{"type":"Feature","id":"street-155445","properties":{"id":"street-155445","dataset":"street","gu":"동작구","species":"양버즘나무","heightM":8.0,"crownWidthM":2.0,"rawHeight":8.0,"rawCrownWidth":2.0,"quality":"valid","sourceYear":2013},"geometry":{"type":"Point","coordinates":[126.93553196,37.51339118]}},{"type":"Feature","id":"street-155494","properties":{"id":"street-155494","dataset":"street","gu":"영등포구","species":"벚나무","heightM":6.0,"crownWidthM":5.0,"rawHeight":6.0,"rawCrownWidth":5.0,"quality":"valid","sourceYear":2013},"geometry":{"type":"Point","coordinates":[126.93439204,37.51729188]}},{"type":"Feature","id":"street-155551","properties":{"id":"street-155551","dataset":"street","gu":"동작구","species":"느티나무","heightM":8.0,"crownWidthM":4.0,"rawHeight":8.0,"rawCrownWidth":4.0,"quality":"valid","sourceYear":2013},"geometry":{"type":"Point","coordinates":[126.93148545,37.51153012]}},{"type":"Feature","id":"street-155594","properties":{"id":"street-155594","dataset":"street","gu":"동작구","species":"느티나무","heightM":8.0,"crownWidthM":6.0,"rawHeight":8.0,"rawCrownWidth":6.0,"quality":"valid","sourceYear":2013},"geometry":{"type":"Point","coordinates":[126.93000196,37.5117638]}},{"type":"Feature","id":"street-155605","properties":{"id":"street-155605","dataset":"street","gu":"동작구","species":"양버즘나무","heightM":9.0,"crownWidthM":5.0,"rawHeight":9.0,"rawCrownWidth":5.0,"quality":"valid","sourceYear":2013},"geometry":{"type":"Point","coordinates":[126.93213096,37.51086331]}},{"type":"Feature","id":"street-155606","properties":{"id":"street-155606","dataset":"street","gu":"동작구","species":"양버즘나무","heightM":10.0,"crownWidthM":7.0,"rawHeight":10.0,"rawCrownWidth":7.0,"quality":"valid","sourceYear":2013},"geometry":{"type":"Point","coordinates":[126.93188273,37.51240953]}},{"type":"Feature","id":"street-155607","properties":{"id":"street-155607","dataset":"street","gu":"동작구","species":"양버즘나무","heightM":11.0,"crownWidthM":7.0,"rawHeight":11.0,"rawCrownWidth":7.0,"quality":"valid","sourceYear":2013},"geometry":{"type":"Point","coordinates":[126.93182516,37.51270179]}},{"type":"Feature","id":"street-155705","properties":{"id":"street-155705","dataset":"street","gu":"동작구","species":"양버즘나무","heightM":10.0,"crownWidthM":5.0,"rawHeight":10.0,"rawCrownWidth":5.0,"quality":"valid","sourceYear":2013},"geometry":{"type":"Point","coordinates":[126.93208434,37.51165261]}},{"type":"Feature","id":"street-155723","properties":{"id":"street-155723","dataset":"street","gu":"동작구","species":"양버즘나무","heightM":18.0,"crownWidthM":6.0,"rawHeight":18.0,"rawCrownWidth":6.0,"quality":"valid","sourceYear":2013},"geometry":{"type":"Point","coordinates":[126.93096757,37.51309177]}},{"type":"Feature","id":"street-155747","properties":{"id":"street-155747","dataset":"street","gu":"동작구","species":"양버즘나무","heightM":8.0,"crownWidthM":5.0,"rawHeight":8.0,"rawCrownWidth":5.0,"quality":"valid","sourceYear":2013},"geometry":{"type":"Point","coordinates":[126.93201438,37.5124691]}},{"type":"Feature","id":"street-155748","properties":{"id":"street-155748","dataset":"street","gu":"동작구","species":"양버즘나무","heightM":8.0,"crownWidthM":5.0,"rawHeight":8.0,"rawCrownWidth":5.0,"quality":"valid","sourceYear":2013},"geometry":{"type":"Point","coordinates":[126.931993,37.51095989]}},{"type":"Feature","id":"street-155749","properties":{"id":"street-155749","dataset":"street","gu":"동작구","species":"양버즘나무","heightM":8.0,"crownWidthM":6.0,"rawHeight":8.0,"rawCrownWidth":6.0,"quality":"valid","sourceYear":2013},"geometry":{"type":"Point","coordinates":[126.93175779,37.51292766]}},{"type":"Feature","id":"street-155761","properties":{"id":"street-155761","dataset":"street","gu":"영등포구","species":"벚나무","heightM":5.0,"crownWidthM":4.0,"rawHeight":5.0,"rawCrownWidth":4.0,"quality":"valid","sourceYear":2013},"geometry":{"type":"Point","coordinates":[126.93124194,37.51703754]}},{"type":"Feature","id":"street-155763","properties":{"id":"street-155763","dataset":"street","gu":"영등포구","species":"벚나무","heightM":5.0,"crownWidthM":4.0,"rawHeight":5.0,"rawCrownWidth":4.0,"quality":"valid","sourceYear":2013},"geometry":{"type":"Point","coordinates":[126.93079536,37.51689922]}},{"type":"Feature","id":"street-155765","properties":{"id":"street-155765","dataset":"street","gu":"영등포구","species":"벚나무","heightM":6.0,"crownWidthM":7.0,"rawHeight":6.0,"rawCrownWidth":7.0,"quality":"valid","sourceYear":2013},"geometry":{"type":"Point","coordinates":[126.93041645,37.51687091]}},{"type":"Feature","id":"street-155766","properties":{"id":"street-155766","dataset":"street","gu":"영등포구","species":"벚나무","heightM":5.0,"crownWidthM":4.0,"rawHeight":5.0,"rawCrownWidth":4.0,"quality":"valid","sourceYear":2013},"geometry":{"type":"Point","coordinates":[126.93003036,37.51684274]}},{"type":"Feature","id":"street-155767","properties":{"id":"street-155767","dataset":"street","gu":"영등포구","species":"벚나무","heightM":5.0,"crownWidthM":5.0,"rawHeight":5.0,"rawCrownWidth":5.0,"quality":"valid","sourceYear":2013},"geometry":{"type":"Point","coordinates":[126.93072521,37.51689355]}},{"type":"Feature","id":"street-155810","properties":{"id":"street-155810","dataset":"street","gu":"동작구","species":"양버즘나무","heightM":17.0,"crownWidthM":7.0,"rawHeight":17.0,"rawCrownWidth":7.0,"quality":"valid","sourceYear":2013},"geometry":{"type":"Point","coordinates":[126.93037549,37.51311344]}},{"type":"Feature","id":"street-155811","properties":{"id":"street-155811","dataset":"street","gu":"동작구","species":"양버즘나무","heightM":11.0,"crownWidthM":5.0,"rawHeight":11.0,"rawCrownWidth":5.0,"quality":"valid","sourceYear":2013},"geometry":{"type":"Point","coordinates":[126.93606097,37.51313852]}},{"type":"Feature","id":"street-155822","properties":{"id":"street-155822","dataset":"street","gu":"동작구","species":"양버즘나무","heightM":8.0,"crownWidthM":5.0,"rawHeight":8.0,"rawCrownWidth":5.0,"quality":"valid","sourceYear":2013},"geometry":{"type":"Point","coordinates":[126.93212665,37.5110132]}},{"type":"Feature","id":"street-155823","properties":{"id":"street-155823","dataset":"street","gu":"동작구","species":"양버즘나무","heightM":8.0,"crownWidthM":5.0,"rawHeight":8.0,"rawCrownWidth":5.0,"quality":"valid","sourceYear":2013},"geometry":{"type":"Point","coordinates":[126.93203365,37.51232871]}},{"type":"Feature","id":"street-155824","properties":{"id":"street-155824","dataset":"street","gu":"동작구","species":"양버즘나무","heightM":8.0,"crownWidthM":5.0,"rawHeight":8.0,"rawCrownWidth":5.0,"quality":"valid","sourceYear":2013},"geometry":{"type":"Point","coordinates":[126.93197699,37.5112056]}},{"type":"Feature","id":"street-155825","properties":{"id":"street-155825","dataset":"street","gu":"동작구","species":"양버즘나무","heightM":8.0,"crownWidthM":5.0,"rawHeight":8.0,"rawCrownWidth":5.0,"quality":"valid","sourceYear":2013},"geometry":{"type":"Point","coordinates":[126.93202812,37.51241862]}},{"type":"Feature","id":"street-155851","properties":{"id":"street-155851","dataset":"street","gu":"영등포구","species":"은행나무","heightM":6.0,"crownWidthM":3.0,"rawHeight":6.0,"rawCrownWidth":3.0,"quality":"valid","sourceYear":2013},"geometry":{"type":"Point","coordinates":[126.93480347,37.51770927]}},{"type":"Feature","id":"street-155852","properties":{"id":"street-155852","dataset":"street","gu":"영등포구","species":"은행나무","heightM":6.0,"crownWidthM":4.0,"rawHeight":6.0,"rawCrownWidth":4.0,"quality":"valid","sourceYear":2013},"geometry":{"type":"Point","coordinates":[126.93439281,37.51747076]}},{"type":"Feature","id":"street-155893","properties":{"id":"street-155893","dataset":"street","gu":"동작구","species":"느티나무","heightM":10.0,"crownWidthM":6.0,"rawHeight":10.0,"rawCrownWidth":6.0,"quality":"valid","sourceYear":2013},"geometry":{"type":"Point","coordinates":[126.93072506,37.51174642]}},{"type":"Feature","id":"street-155894","properties":{"id":"street-155894","dataset":"street","gu":"동작구","species":"양버즘나무","heightM":10.0,"crownWidthM":7.0,"rawHeight":10.0,"rawCrownWidth":7.0,"quality":"valid","sourceYear":2013},"geometry":{"type":"Point","coordinates":[126.93182514,37.51272997]}},{"type":"Feature","id":"street-155899","properties":{"id":"street-155899","dataset":"street","gu":"동작구","species":"양버즘나무","heightM":14.0,"crownWidthM":2.0,"rawHeight":14.0,"rawCrownWidth":2.0,"quality":"valid","sourceYear":2013},"geometry":{"type":"Point","coordinates":[126.93447504,37.51333315]}},{"type":"Feature","id":"street-155940","properties":{"id":"street-155940","dataset":"street","gu":"영등포구","species":"벚나무","heightM":6.0,"crownWidthM":5.0,"rawHeight":6.0,"rawCrownWidth":5.0,"quality":"valid","sourceYear":2013},"geometry":{"type":"Point","coordinates":[126.93205578,37.51708315]}},{"type":"Feature","id":"street-155955","properties":{"id":"street-155955","dataset":"street","gu":"영등포구","species":"양버즘나무","heightM":7.0,"crownWidthM":6.0,"rawHeight":7.0,"rawCrownWidth":6.0,"quality":"valid","sourceYear":2013},"geometry":{"type":"Point","coordinates":[126.93071611,37.51716634]}},{"type":"Feature","id":"street-155956","properties":{"id":"street-155956","dataset":"street","gu":"영등포구","species":"벚나무","heightM":6.0,"crownWidthM":3.0,"rawHeight":6.0,"rawCrownWidth":3.0,"quality":"valid","sourceYear":2013},"geometry":{"type":"Point","coordinates":[126.93502358,37.51727325]}},{"type":"Feature","id":"street-155983","properties":{"id":"street-155983","dataset":"street","gu":"동작구","species":"양버즘나무","heightM":8.0,"crownWidthM":6.0,"rawHeight":8.0,"rawCrownWidth":6.0,"quality":"valid","sourceYear":2013},"geometry":{"type":"Point","coordinates":[126.93213393,37.51075823]}},{"type":"Feature","id":"street-156053","properties":{"id":"street-156053","dataset":"street","gu":"동작구","species":"양버즘나무","heightM":8.0,"crownWidthM":5.0,"rawHeight":8.0,"rawCrownWidth":5.0,"quality":"valid","sourceYear":2013},"geometry":{"type":"Point","coordinates":[126.93205292,37.51218832]}},{"type":"Feature","id":"street-156160","properties":{"id":"street-156160","dataset":"street","gu":"동작구","species":"양버즘나무","heightM":8.0,"crownWidthM":5.0,"rawHeight":8.0,"rawCrownWidth":5.0,"quality":"valid","sourceYear":2013},"geometry":{"type":"Point","coordinates":[126.93198566,37.51284591]}},{"type":"Feature","id":"street-156244","properties":{"id":"street-156244","dataset":"street","gu":"동작구","species":"양버즘나무","heightM":11.0,"crownWidthM":7.0,"rawHeight":11.0,"rawCrownWidth":7.0,"quality":"valid","sourceYear":2013},"geometry":{"type":"Point","coordinates":[126.93208947,37.51138192]}},{"type":"Feature","id":"street-156257","properties":{"id":"street-156257","dataset":"street","gu":"동작구","species":"양버즘나무","heightM":11.0,"crownWidthM":7.0,"rawHeight":11.0,"rawCrownWidth":7.0,"quality":"valid","sourceYear":2013},"geometry":{"type":"Point","coordinates":[126.93199531,37.51048735]}},{"type":"Feature","id":"street-156339","properties":{"id":"street-156339","dataset":"street","gu":"동작구","species":"양버즘나무","heightM":14.0,"crownWidthM":7.0,"rawHeight":14.0,"rawCrownWidth":7.0,"quality":"valid","sourceYear":2013},"geometry":{"type":"Point","coordinates":[126.93066932,37.5133651]}},{"type":"Feature","id":"street-156408","properties":{"id":"street-156408","dataset":"street","gu":"동작구","species":"느티나무","heightM":10.0,"crownWidthM":5.0,"rawHeight":10.0,"rawCrownWidth":5.0,"quality":"valid","sourceYear":2013},"geometry":{"type":"Point","coordinates":[126.93056507,37.5116916]}},{"type":"Feature","id":"street-156433","properties":{"id":"street-156433","dataset":"street","gu":"동작구","species":"양버즘나무","heightM":12.0,"crownWidthM":6.0,"rawHeight":12.0,"rawCrownWidth":6.0,"quality":"valid","sourceYear":2013},"geometry":{"type":"Point","coordinates":[126.93495481,37.51335722]}},{"type":"Feature","id":"street-156602","properties":{"id":"street-156602","dataset":"street","gu":"동작구","species":"양버즘나무","heightM":11.0,"crownWidthM":4.0,"rawHeight":11.0,"rawCrownWidth":4.0,"quality":"valid","sourceYear":2013},"geometry":{"type":"Point","coordinates":[126.93760539,37.51324124]}},{"type":"Feature","id":"street-156617","properties":{"id":"street-156617","dataset":"street","gu":"동작구","species":"양버즘나무","heightM":11.0,"crownWidthM":4.0,"rawHeight":11.0,"rawCrownWidth":4.0,"quality":"valid","sourceYear":2013},"geometry":{"type":"Point","coordinates":[126.93979458,37.51336794]}},{"type":"Feature","id":"street-156619","properties":{"id":"street-156619","dataset":"street","gu":"동작구","species":"느티나무","heightM":14.0,"crownWidthM":8.0,"rawHeight":14.0,"rawCrownWidth":8.0,"quality":"valid","sourceYear":2013},"geometry":{"type":"Point","coordinates":[126.93024359,37.51335684]}},{"type":"Feature","id":"street-156668","properties":{"id":"street-156668","dataset":"street","gu":"동작구","species":"양버즘나무","heightM":10.0,"crownWidthM":5.0,"rawHeight":10.0,"rawCrownWidth":5.0,"quality":"valid","sourceYear":2013},"geometry":{"type":"Point","coordinates":[126.93190708,37.51211655]}},{"type":"Feature","id":"street-156695","properties":{"id":"street-156695","dataset":"street","gu":"동작구","species":"양버즘나무","heightM":11.0,"crownWidthM":7.0,"rawHeight":11.0,"rawCrownWidth":7.0,"quality":"valid","sourceYear":2013},"geometry":{"type":"Point","coordinates":[126.93220525,37.5101459]}},{"type":"Feature","id":"street-156709","properties":{"id":"street-156709","dataset":"street","gu":"동작구","species":"양버즘나무","heightM":14.0,"crownWidthM":8.0,"rawHeight":14.0,"rawCrownWidth":8.0,"quality":"valid","sourceYear":2013},"geometry":{"type":"Point","coordinates":[126.93136765,37.5133505]}},{"type":"Feature","id":"street-156786","properties":{"id":"street-156786","dataset":"street","gu":"동작구","species":"느티나무","heightM":8.0,"crownWidthM":6.0,"rawHeight":8.0,"rawCrownWidth":6.0,"quality":"valid","sourceYear":2013},"geometry":{"type":"Point","coordinates":[126.93036758,37.5118381]}},{"type":"Feature","id":"street-157032","properties":{"id":"street-157032","dataset":"street","gu":"동작구","species":"느티나무","heightM":12.0,"crownWidthM":8.0,"rawHeight":12.0,"rawCrownWidth":8.0,"quality":"valid","sourceYear":2013},"geometry":{"type":"Point","coordinates":[126.93163585,37.51163068]}},{"type":"Feature","id":"street-157223","properties":{"id":"street-157223","dataset":"street","gu":"동작구","species":"양버즘나무","heightM":9.0,"crownWidthM":6.0,"rawHeight":9.0,"rawCrownWidth":6.0,"quality":"valid","sourceYear":2013},"geometry":{"type":"Point","coordinates":[126.9319774,37.51110256]}},{"type":"Feature","id":"street-157230","properties":{"id":"street-157230","dataset":"street","gu":"동작구","species":"양버즘나무","heightM":11.0,"crownWidthM":7.0,"rawHeight":11.0,"rawCrownWidth":7.0,"quality":"valid","sourceYear":2013},"geometry":{"type":"Point","coordinates":[126.93206356,37.51199922]}},{"type":"Feature","id":"street-157250","properties":{"id":"street-157250","dataset":"street","gu":"동작구","species":"양버즘나무","heightM":7.0,"crownWidthM":4.0,"rawHeight":7.0,"rawCrownWidth":4.0,"quality":"valid","sourceYear":2013},"geometry":{"type":"Point","coordinates":[126.93246087,37.51306759]}},{"type":"Feature","id":"street-157414","properties":{"id":"street-157414","dataset":"street","gu":"동작구","species":"양버즘나무","heightM":11.0,"crownWidthM":7.0,"rawHeight":11.0,"rawCrownWidth":7.0,"quality":"valid","sourceYear":2013},"geometry":{"type":"Point","coordinates":[126.93204051,37.51012745]}},{"type":"Feature","id":"street-157422","properties":{"id":"street-157422","dataset":"street","gu":"동작구","species":"양버즘나무","heightM":10.0,"crownWidthM":5.0,"rawHeight":10.0,"rawCrownWidth":5.0,"quality":"valid","sourceYear":2013},"geometry":{"type":"Point","coordinates":[126.93208421,37.51145663]}},{"type":"Feature","id":"street-157471","properties":{"id":"street-157471","dataset":"street","gu":"동작구","species":"양버즘나무","heightM":15.0,"crownWidthM":8.0,"rawHeight":15.0,"rawCrownWidth":8.0,"quality":"valid","sourceYear":2013},"geometry":{"type":"Point","coordinates":[126.93028056,37.51310423]}},{"type":"Feature","id":"street-157509","properties":{"id":"street-157509","dataset":"street","gu":"동작구","species":"양버즘나무","heightM":11.0,"crownWidthM":5.0,"rawHeight":11.0,"rawCrownWidth":5.0,"quality":"valid","sourceYear":2013},"geometry":{"type":"Point","coordinates":[126.93680428,37.51318502]}},{"type":"Feature","id":"street-157529","properties":{"id":"street-157529","dataset":"street","gu":"동작구","species":"양버즘나무","heightM":13.0,"crownWidthM":3.0,"rawHeight":13.0,"rawCrownWidth":3.0,"quality":"valid","sourceYear":2013},"geometry":{"type":"Point","coordinates":[126.93270961,37.51334295]}},{"type":"Feature","id":"street-157567","properties":{"id":"street-157567","dataset":"street","gu":"동작구","species":"양버즘나무","heightM":14.0,"crownWidthM":3.0,"rawHeight":14.0,"rawCrownWidth":3.0,"quality":"valid","sourceYear":2013},"geometry":{"type":"Point","coordinates":[126.93124956,37.51335617]}},{"type":"Feature","id":"street-157586","properties":{"id":"street-157586","dataset":"street","gu":"동작구","species":"은행나무","heightM":13.0,"crownWidthM":4.0,"rawHeight":13.0,"rawCrownWidth":4.0,"quality":"valid","sourceYear":2013},"geometry":{"type":"Point","coordinates":[126.93468395,37.51333601]}},{"type":"Feature","id":"street-157607","properties":{"id":"street-157607","dataset":"street","gu":"동작구","species":"양버즘나무","heightM":9.0,"crownWidthM":6.0,"rawHeight":9.0,"rawCrownWidth":6.0,"quality":"valid","sourceYear":2013},"geometry":{"type":"Point","coordinates":[126.93197342,37.51115263]}},{"type":"Feature","id":"street-157643","properties":{"id":"street-157643","dataset":"street","gu":"동작구","species":"양버즘나무","heightM":9.0,"crownWidthM":6.0,"rawHeight":9.0,"rawCrownWidth":6.0,"quality":"valid","sourceYear":2013},"geometry":{"type":"Point","coordinates":[126.93207179,37.51190294]}},{"type":"Feature","id":"street-157648","properties":{"id":"street-157648","dataset":"street","gu":"동작구","species":"양버즘나무","heightM":5.0,"crownWidthM":3.0,"rawHeight":5.0,"rawCrownWidth":3.0,"quality":"valid","sourceYear":2013},"geometry":{"type":"Point","coordinates":[126.93433755,37.51304529]}},{"type":"Feature","id":"street-157653","properties":{"id":"street-157653","dataset":"street","gu":"영등포구","species":"벚나무","heightM":5.0,"crownWidthM":4.0,"rawHeight":5.0,"rawCrownWidth":4.0,"quality":"valid","sourceYear":2013},"geometry":{"type":"Point","coordinates":[126.93581627,37.51748186]}},{"type":"Feature","id":"street-157654","properties":{"id":"street-157654","dataset":"street","gu":"영등포구","species":"벚나무","heightM":6.0,"crownWidthM":2.0,"rawHeight":6.0,"rawCrownWidth":2.0,"quality":"valid","sourceYear":2013},"geometry":{"type":"Point","coordinates":[126.93538842,37.51732352]}},{"type":"Feature","id":"street-157655","properties":{"id":"street-157655","dataset":"street","gu":"영등포구","species":"벚나무","heightM":6.0,"crownWidthM":6.0,"rawHeight":6.0,"rawCrownWidth":6.0,"quality":"valid","sourceYear":2013},"geometry":{"type":"Point","coordinates":[126.93591245,37.51740009]}},{"type":"Feature","id":"street-157656","properties":{"id":"street-157656","dataset":"street","gu":"영등포구","species":"벚나무","heightM":5.0,"crownWidthM":3.0,"rawHeight":5.0,"rawCrownWidth":3.0,"quality":"valid","sourceYear":2013},"geometry":{"type":"Point","coordinates":[126.93606191,37.51741865]}},{"type":"Feature","id":"street-157657","properties":{"id":"street-157657","dataset":"street","gu":"영등포구","species":"벚나무","heightM":6.0,"crownWidthM":4.0,"rawHeight":6.0,"rawCrownWidth":4.0,"quality":"valid","sourceYear":2013},"geometry":{"type":"Point","coordinates":[126.93529039,37.51730995]}},{"type":"Feature","id":"street-157658","properties":{"id":"street-157658","dataset":"street","gu":"영등포구","species":"벚나무","heightM":7.0,"crownWidthM":5.0,"rawHeight":7.0,"rawCrownWidth":5.0,"quality":"valid","sourceYear":2013},"geometry":{"type":"Point","coordinates":[126.93548063,37.51733451]}},{"type":"Feature","id":"street-157659","properties":{"id":"street-157659","dataset":"street","gu":"영등포구","species":"벚나무","heightM":5.0,"crownWidthM":3.0,"rawHeight":5.0,"rawCrownWidth":3.0,"quality":"valid","sourceYear":2013},"geometry":{"type":"Point","coordinates":[126.93576338,37.5173755]}},{"type":"Feature","id":"street-157660","properties":{"id":"street-157660","dataset":"street","gu":"영등포구","species":"벚나무","heightM":7.0,"crownWidthM":5.0,"rawHeight":7.0,"rawCrownWidth":5.0,"quality":"valid","sourceYear":2013},"geometry":{"type":"Point","coordinates":[126.93597769,37.5174074]}},{"type":"Feature","id":"street-157661","properties":{"id":"street-157661","dataset":"street","gu":"영등포구","species":"벚나무","heightM":6.0,"crownWidthM":5.0,"rawHeight":6.0,"rawCrownWidth":5.0,"quality":"valid","sourceYear":2013},"geometry":{"type":"Point","coordinates":[126.93616719,37.51742432]}},{"type":"Feature","id":"street-157662","properties":{"id":"street-157662","dataset":"street","gu":"영등포구","species":"벚나무","heightM":7.0,"crownWidthM":2.0,"rawHeight":7.0,"rawCrownWidth":2.0,"quality":"valid","sourceYear":2013},"geometry":{"type":"Point","coordinates":[126.93634967,37.51743005]}},{"type":"Feature","id":"street-157670","properties":{"id":"street-157670","dataset":"street","gu":"동작구","species":"양버즘나무","heightM":9.0,"crownWidthM":6.0,"rawHeight":9.0,"rawCrownWidth":6.0,"quality":"valid","sourceYear":2013},"geometry":{"type":"Point","coordinates":[126.93210504,37.51128535]}},{"type":"Feature","id":"street-157691","properties":{"id":"street-157691","dataset":"street","gu":"동작구","species":"양버즘나무","heightM":11.0,"crownWidthM":7.0,"rawHeight":11.0,"rawCrownWidth":7.0,"quality":"valid","sourceYear":2013},"geometry":{"type":"Point","coordinates":[126.93213324,37.51049967]}},{"type":"Feature","id":"street-157708","properties":{"id":"street-157708","dataset":"street","gu":"동작구","species":"양버즘나무","heightM":11.0,"crownWidthM":3.0,"rawHeight":11.0,"rawCrownWidth":3.0,"quality":"valid","sourceYear":2013},"geometry":{"type":"Point","coordinates":[126.9346149,37.51333459]}},{"type":"Feature","id":"street-157710","properties":{"id":"street-157710","dataset":"street","gu":"동작구","species":"양버즘나무","heightM":10.0,"crownWidthM":6.0,"rawHeight":10.0,"rawCrownWidth":6.0,"quality":"valid","sourceYear":2013},"geometry":{"type":"Point","coordinates":[126.93208559,37.51158715]}},{"type":"Feature","id":"street-157729","properties":{"id":"street-157729","dataset":"street","gu":"영등포구","species":"벚나무","heightM":5.0,"crownWidthM":1.0,"rawHeight":5.0,"rawCrownWidth":1.0,"quality":"valid","sourceYear":2013},"geometry":{"type":"Point","coordinates":[126.93493561,37.51726084]}},{"type":"Feature","id":"street-157730","properties":{"id":"street-157730","dataset":"street","gu":"영등포구","species":"벚나무","heightM":6.0,"crownWidthM":6.0,"rawHeight":6.0,"rawCrownWidth":6.0,"quality":"valid","sourceYear":2013},"geometry":{"type":"Point","coordinates":[126.93336076,37.51710132]}},{"type":"Feature","id":"street-157731","properties":{"id":"street-157731","dataset":"street","gu":"영등포구","species":"벚나무","heightM":6.0,"crownWidthM":5.0,"rawHeight":6.0,"rawCrownWidth":5.0,"quality":"valid","sourceYear":2013},"geometry":{"type":"Point","coordinates":[126.93344495,37.517107]}},{"type":"Feature","id":"street-157732","properties":{"id":"street-157732","dataset":"street","gu":"영등포구","species":"벚나무","heightM":5.0,"crownWidthM":5.0,"rawHeight":5.0,"rawCrownWidth":5.0,"quality":"valid","sourceYear":2013},"geometry":{"type":"Point","coordinates":[126.93309416,37.51707867]}},{"type":"Feature","id":"street-157733","properties":{"id":"street-157733","dataset":"street","gu":"영등포구","species":"벚나무","heightM":5.0,"crownWidthM":5.0,"rawHeight":5.0,"rawCrownWidth":5.0,"quality":"valid","sourceYear":2013},"geometry":{"type":"Point","coordinates":[126.93300997,37.51707299]}},{"type":"Feature","id":"street-157734","properties":{"id":"street-157734","dataset":"street","gu":"영등포구","species":"벚나무","heightM":6.0,"crownWidthM":6.0,"rawHeight":6.0,"rawCrownWidth":6.0,"quality":"valid","sourceYear":2013},"geometry":{"type":"Point","coordinates":[126.93278547,37.51705598]}},{"type":"Feature","id":"street-157735","properties":{"id":"street-157735","dataset":"street","gu":"영등포구","species":"벚나무","heightM":6.0,"crownWidthM":6.0,"rawHeight":6.0,"rawCrownWidth":6.0,"quality":"valid","sourceYear":2013},"geometry":{"type":"Point","coordinates":[126.93327657,37.51709005]}},{"type":"Feature","id":"street-157736","properties":{"id":"street-157736","dataset":"street","gu":"영등포구","species":"벚나무","heightM":6.0,"crownWidthM":7.0,"rawHeight":6.0,"rawCrownWidth":7.0,"quality":"valid","sourceYear":2013},"geometry":{"type":"Point","coordinates":[126.93354316,37.51711828]}},{"type":"Feature","id":"street-157737","properties":{"id":"street-157737","dataset":"street","gu":"영등포구","species":"벚나무","heightM":5.0,"crownWidthM":2.0,"rawHeight":5.0,"rawCrownWidth":2.0,"quality":"valid","sourceYear":2013},"geometry":{"type":"Point","coordinates":[126.93386008,37.5171469]}},{"type":"Feature","id":"street-157738","properties":{"id":"street-157738","dataset":"street","gu":"영등포구","species":"벚나무","heightM":5.0,"crownWidthM":5.0,"rawHeight":5.0,"rawCrownWidth":5.0,"quality":"valid","sourceYear":2013},"geometry":{"type":"Point","coordinates":[126.93294683,37.51706734]}},{"type":"Feature","id":"street-157739","properties":{"id":"street-157739","dataset":"street","gu":"영등포구","species":"벚나무","heightM":5.0,"crownWidthM":6.0,"rawHeight":5.0,"rawCrownWidth":6.0,"quality":"valid","sourceYear":2013},"geometry":{"type":"Point","coordinates":[126.93286967,37.51705608]}},{"type":"Feature","id":"street-157740","properties":{"id":"street-157740","dataset":"street","gu":"영등포구","species":"벚나무","heightM":6.0,"crownWidthM":6.0,"rawHeight":6.0,"rawCrownWidth":6.0,"quality":"valid","sourceYear":2013},"geometry":{"type":"Point","coordinates":[126.93317835,37.51708436]}},{"type":"Feature","id":"street-157768","properties":{"id":"street-157768","dataset":"street","gu":"동작구","species":"느티나무","heightM":9.0,"crownWidthM":4.0,"rawHeight":9.0,"rawCrownWidth":4.0,"quality":"valid","sourceYear":2013},"geometry":{"type":"Point","coordinates":[126.93096581,37.51157215]}},{"type":"Feature","id":"street-157948","properties":{"id":"street-157948","dataset":"street","gu":"동작구","species":"양버즘나무","heightM":11.0,"crownWidthM":4.0,"rawHeight":11.0,"rawCrownWidth":4.0,"quality":"valid","sourceYear":2013},"geometry":{"type":"Point","coordinates":[126.93723269,37.513227]}},{"type":"Feature","id":"street-157966","properties":{"id":"street-157966","dataset":"street","gu":"동작구","species":"양버즘나무","heightM":10.0,"crownWidthM":5.0,"rawHeight":10.0,"rawCrownWidth":5.0,"quality":"valid","sourceYear":2013},"geometry":{"type":"Point","coordinates":[126.93569088,37.51312393]}},{"type":"Feature","id":"street-157986","properties":{"id":"street-157986","dataset":"street","gu":"동작구","species":"양버즘나무","heightM":11.0,"crownWidthM":4.0,"rawHeight":11.0,"rawCrownWidth":4.0,"quality":"valid","sourceYear":2013},"geometry":{"type":"Point","coordinates":[126.93208215,37.51150693]}},{"type":"Feature","id":"street-157999","properties":{"id":"street-157999","dataset":"street","gu":"동작구","species":"양버즘나무","heightM":11.0,"crownWidthM":7.0,"rawHeight":11.0,"rawCrownWidth":7.0,"quality":"valid","sourceYear":2013},"geometry":{"type":"Point","coordinates":[126.93218713,37.51029344]}},{"type":"Feature","id":"street-158032","properties":{"id":"street-158032","dataset":"street","gu":"동작구","species":"양버즘나무","heightM":8.0,"crownWidthM":6.0,"rawHeight":8.0,"rawCrownWidth":6.0,"quality":"valid","sourceYear":2013},"geometry":{"type":"Point","coordinates":[126.93201894,37.51250966]}},{"type":"Feature","id":"street-158044","properties":{"id":"street-158044","dataset":"street","gu":"동작구","species":"양버즘나무","heightM":8.0,"crownWidthM":6.0,"rawHeight":8.0,"rawCrownWidth":6.0,"quality":"valid","sourceYear":2013},"geometry":{"type":"Point","coordinates":[126.93192797,37.51180567]}},{"type":"Feature","id":"street-158079","properties":{"id":"street-158079","dataset":"street","gu":"동작구","species":"양버즘나무","heightM":11.0,"crownWidthM":6.0,"rawHeight":11.0,"rawCrownWidth":6.0,"quality":"valid","sourceYear":2013},"geometry":{"type":"Point","coordinates":[126.93191901,37.51190367]}},{"type":"Feature","id":"street-158122","properties":{"id":"street-158122","dataset":"street","gu":"동작구","species":"양버즘나무","heightM":9.0,"crownWidthM":6.0,"rawHeight":9.0,"rawCrownWidth":6.0,"quality":"valid","sourceYear":2013},"geometry":{"type":"Point","coordinates":[126.93190309,37.51220421]}},{"type":"Feature","id":"street-158159","properties":{"id":"street-158159","dataset":"street","gu":"동작구","species":"양버즘나무","heightM":7.0,"crownWidthM":4.0,"rawHeight":7.0,"rawCrownWidth":4.0,"quality":"valid","sourceYear":2013},"geometry":{"type":"Point","coordinates":[126.93267537,37.51306411]}},{"type":"Feature","id":"street-158176","properties":{"id":"street-158176","dataset":"street","gu":"동작구","species":"양버즘나무","heightM":10.0,"crownWidthM":6.0,"rawHeight":10.0,"rawCrownWidth":6.0,"quality":"valid","sourceYear":2013},"geometry":{"type":"Point","coordinates":[126.93206784,37.51192799]}},{"type":"Feature","id":"street-158258","properties":{"id":"street-158258","dataset":"street","gu":"동작구","species":"양버즘나무","heightM":10.0,"crownWidthM":5.0,"rawHeight":10.0,"rawCrownWidth":5.0,"quality":"valid","sourceYear":2013},"geometry":{"type":"Point","coordinates":[126.936425,37.51318255]}},{"type":"Feature","id":"street-158324","properties":{"id":"street-158324","dataset":"street","gu":"동작구","species":"느티나무","heightM":13.0,"crownWidthM":7.0,"rawHeight":13.0,"rawCrownWidth":7.0,"quality":"valid","sourceYear":2013},"geometry":{"type":"Point","coordinates":[126.93038218,37.513358]}},{"type":"Feature","id":"street-158359","properties":{"id":"street-158359","dataset":"street","gu":"동작구","species":"느티나무","heightM":8.0,"crownWidthM":6.0,"rawHeight":8.0,"rawCrownWidth":6.0,"quality":"valid","sourceYear":2013},"geometry":{"type":"Point","coordinates":[126.93174837,37.5116323]}},{"type":"Feature","id":"street-158362","properties":{"id":"street-158362","dataset":"street","gu":"동작구","species":"양버즘나무","heightM":10.0,"crownWidthM":6.0,"rawHeight":10.0,"rawCrownWidth":6.0,"quality":"valid","sourceYear":2013},"geometry":{"type":"Point","coordinates":[126.9319026,37.51208577]}},{"type":"Feature","id":"street-158382","properties":{"id":"street-158382","dataset":"street","gu":"동작구","species":"양버즘나무","heightM":10.0,"crownWidthM":5.0,"rawHeight":10.0,"rawCrownWidth":5.0,"quality":"valid","sourceYear":2013},"geometry":{"type":"Point","coordinates":[126.93528538,37.51309664]}},{"type":"Feature","id":"street-158450","properties":{"id":"street-158450","dataset":"street","gu":"동작구","species":"양버즘나무","heightM":12.0,"crownWidthM":8.0,"rawHeight":12.0,"rawCrownWidth":8.0,"quality":"valid","sourceYear":2013},"geometry":{"type":"Point","coordinates":[126.93209846,37.51135492]}},{"type":"Feature","id":"street-158458","properties":{"id":"street-158458","dataset":"street","gu":"동작구","species":"양버즘나무","heightM":17.0,"crownWidthM":7.0,"rawHeight":17.0,"rawCrownWidth":7.0,"quality":"valid","sourceYear":2013},"geometry":{"type":"Point","coordinates":[126.93066344,37.51310141]}},{"type":"Feature","id":"street-158471","properties":{"id":"street-158471","dataset":"street","gu":"동작구","species":"양버즘나무","heightM":10.0,"crownWidthM":7.0,"rawHeight":10.0,"rawCrownWidth":7.0,"quality":"valid","sourceYear":2013},"geometry":{"type":"Point","coordinates":[126.93205562,37.51212092]}},{"type":"Feature","id":"street-158525","properties":{"id":"street-158525","dataset":"street","gu":"동작구","species":"양버즘나무","heightM":9.0,"crownWidthM":6.0,"rawHeight":9.0,"rawCrownWidth":6.0,"quality":"valid","sourceYear":2013},"geometry":{"type":"Point","coordinates":[126.93207986,37.51174038]}},{"type":"Feature","id":"street-158529","properties":{"id":"street-158529","dataset":"street","gu":"동작구","species":"느티나무","heightM":11.0,"crownWidthM":7.0,"rawHeight":11.0,"rawCrownWidth":7.0,"quality":"valid","sourceYear":2013},"geometry":{"type":"Point","coordinates":[126.93150414,37.51163047]}},{"type":"Feature","id":"street-158566","properties":{"id":"street-158566","dataset":"street","gu":"동작구","species":"느티나무","heightM":6.0,"crownWidthM":3.0,"rawHeight":6.0,"rawCrownWidth":3.0,"quality":"valid","sourceYear":2013},"geometry":{"type":"Point","coordinates":[126.93014971,37.51172822]}},{"type":"Feature","id":"street-158572","properties":{"id":"street-158572","dataset":"street","gu":"동작구","species":"양버즘나무","heightM":8.0,"crownWidthM":5.0,"rawHeight":8.0,"rawCrownWidth":5.0,"quality":"valid","sourceYear":2013},"geometry":{"type":"Point","coordinates":[126.93178777,37.51287185]}},{"type":"Feature","id":"street-158582","properties":{"id":"street-158582","dataset":"street","gu":"동작구","species":"양버즘나무","heightM":10.0,"crownWidthM":7.0,"rawHeight":10.0,"rawCrownWidth":7.0,"quality":"valid","sourceYear":2013},"geometry":{"type":"Point","coordinates":[126.93213548,37.51064609]}},{"type":"Feature","id":"street-158598","properties":{"id":"street-158598","dataset":"street","gu":"동작구","species":"양버즘나무","heightM":8.0,"crownWidthM":6.0,"rawHeight":8.0,"rawCrownWidth":6.0,"quality":"valid","sourceYear":2013},"geometry":{"type":"Point","coordinates":[126.9319996,37.51275993]}},{"type":"Feature","id":"street-158602","properties":{"id":"street-158602","dataset":"street","gu":"동작구","species":"양버즘나무","heightM":10.0,"crownWidthM":3.0,"rawHeight":10.0,"rawCrownWidth":3.0,"quality":"valid","sourceYear":2013},"geometry":{"type":"Point","coordinates":[126.93474746,37.51334138]}},{"type":"Feature","id":"street-158604","properties":{"id":"street-158604","dataset":"street","gu":"동작구","species":"느티나무","heightM":8.0,"crownWidthM":6.0,"rawHeight":8.0,"rawCrownWidth":6.0,"quality":"valid","sourceYear":2013},"geometry":{"type":"Point","coordinates":[126.9300406,37.51167602]}},{"type":"Feature","id":"street-158618","properties":{"id":"street-158618","dataset":"street","gu":"동작구","species":"양버즘나무","heightM":13.0,"crownWidthM":4.0,"rawHeight":13.0,"rawCrownWidth":4.0,"quality":"valid","sourceYear":2013},"geometry":{"type":"Point","coordinates":[126.93427849,37.51333313]}},{"type":"Feature","id":"street-158623","properties":{"id":"street-158623","dataset":"street","gu":"동작구","species":"양버즘나무","heightM":10.0,"crownWidthM":5.0,"rawHeight":10.0,"rawCrownWidth":5.0,"quality":"valid","sourceYear":2013},"geometry":{"type":"Point","coordinates":[126.93481825,37.51307172]}},{"type":"Feature","id":"street-158684","properties":{"id":"street-158684","dataset":"street","gu":"동작구","species":"느티나무","heightM":11.0,"crownWidthM":6.0,"rawHeight":11.0,"rawCrownWidth":6.0,"quality":"valid","sourceYear":2013},"geometry":{"type":"Point","coordinates":[126.93139238,37.51162095]}},{"type":"Feature","id":"street-158707","properties":{"id":"street-158707","dataset":"street","gu":"영등포구","species":"벚나무","heightM":5.0,"crownWidthM":4.0,"rawHeight":5.0,"rawCrownWidth":4.0,"quality":"valid","sourceYear":2013},"geometry":{"type":"Point","coordinates":[126.93728839,37.51771565]}},{"type":"Feature","id":"street-158733","properties":{"id":"street-158733","dataset":"street","gu":"동작구","species":"양버즘나무","heightM":9.0,"crownWidthM":6.0,"rawHeight":9.0,"rawCrownWidth":6.0,"quality":"valid","sourceYear":2013},"geometry":{"type":"Point","coordinates":[126.93211475,37.51110722]}},{"type":"Feature","id":"street-158734","properties":{"id":"street-158734","dataset":"street","gu":"동작구","species":"양버즘나무","heightM":15.0,"crownWidthM":4.0,"rawHeight":15.0,"rawCrownWidth":4.0,"quality":"valid","sourceYear":2013},"geometry":{"type":"Point","coordinates":[126.93255754,37.51334202]}},{"type":"Feature","id":"street-158762","properties":{"id":"street-158762","dataset":"street","gu":"동작구","species":"양버즘나무","heightM":8.0,"crownWidthM":5.0,"rawHeight":8.0,"rawCrownWidth":5.0,"quality":"valid","sourceYear":2013},"geometry":{"type":"Point","coordinates":[126.93201263,37.51265363]}},{"type":"Feature","id":"street-158812","properties":{"id":"street-158812","dataset":"street","gu":"동작구","species":"양버즘나무","heightM":11.0,"crownWidthM":6.0,"rawHeight":11.0,"rawCrownWidth":6.0,"quality":"valid","sourceYear":2013},"geometry":{"type":"Point","coordinates":[126.93330578,37.51333562]}},{"type":"Feature","id":"street-158835","properties":{"id":"street-158835","dataset":"street","gu":"동작구","species":"느티나무","heightM":9.0,"crownWidthM":4.0,"rawHeight":9.0,"rawCrownWidth":4.0,"quality":"valid","sourceYear":2013},"geometry":{"type":"Point","coordinates":[126.93010989,37.51181942]}},{"type":"Feature","id":"street-158838","properties":{"id":"street-158838","dataset":"street","gu":"동작구","species":"양버즘나무","heightM":8.0,"crownWidthM":4.0,"rawHeight":8.0,"rawCrownWidth":4.0,"quality":"valid","sourceYear":2013},"geometry":{"type":"Point","coordinates":[126.9339013,37.51303073]}},{"type":"Feature","id":"street-158846","properties":{"id":"street-158846","dataset":"street","gu":"동작구","species":"양버즘나무","heightM":11.0,"crownWidthM":3.0,"rawHeight":11.0,"rawCrownWidth":3.0,"quality":"valid","sourceYear":2013},"geometry":{"type":"Point","coordinates":[126.93482027,37.51334873]}},{"type":"Feature","id":"street-159043","properties":{"id":"street-159043","dataset":"street","gu":"동작구","species":"느티나무","heightM":8.0,"crownWidthM":6.0,"rawHeight":8.0,"rawCrownWidth":6.0,"quality":"valid","sourceYear":2013},"geometry":{"type":"Point","coordinates":[126.93083061,37.51161085]}},{"type":"Feature","id":"street-159046","properties":{"id":"street-159046","dataset":"street","gu":"동작구","species":"양버즘나무","heightM":8.0,"crownWidthM":5.0,"rawHeight":8.0,"rawCrownWidth":5.0,"quality":"valid","sourceYear":2013},"geometry":{"type":"Point","coordinates":[126.9316978,37.51301666]}},{"type":"Feature","id":"street-159047","properties":{"id":"street-159047","dataset":"street","gu":"동작구","species":"양버즘나무","heightM":13.0,"crownWidthM":4.0,"rawHeight":13.0,"rawCrownWidth":4.0,"quality":"valid","sourceYear":2013},"geometry":{"type":"Point","coordinates":[126.93302319,37.51334131]}},{"type":"Feature","id":"street-159106","properties":{"id":"street-159106","dataset":"street","gu":"동작구","species":"양버즘나무","heightM":9.0,"crownWidthM":5.0,"rawHeight":9.0,"rawCrownWidth":5.0,"quality":"valid","sourceYear":2013},"geometry":{"type":"Point","coordinates":[126.93199281,37.51103738]}},{"type":"Feature","id":"street-159109","properties":{"id":"street-159109","dataset":"street","gu":"동작구","species":"양버즘나무","heightM":14.0,"crownWidthM":6.0,"rawHeight":14.0,"rawCrownWidth":6.0,"quality":"valid","sourceYear":2013},"geometry":{"type":"Point","coordinates":[126.93159631,37.51336057]}},{"type":"Feature","id":"street-159180","properties":{"id":"street-159180","dataset":"street","gu":"동작구","species":"양버즘나무","heightM":12.0,"crownWidthM":8.0,"rawHeight":12.0,"rawCrownWidth":8.0,"quality":"valid","sourceYear":2013},"geometry":{"type":"Point","coordinates":[126.93192299,37.51183793]}},{"type":"Feature","id":"street-159190","properties":{"id":"street-159190","dataset":"street","gu":"동작구","species":"느티나무","heightM":9.0,"crownWidthM":4.0,"rawHeight":9.0,"rawCrownWidth":4.0,"quality":"valid","sourceYear":2013},"geometry":{"type":"Point","coordinates":[126.9306523,37.5117497]}},{"type":"Feature","id":"street-159216","properties":{"id":"street-159216","dataset":"street","gu":"동작구","species":"양버즘나무","heightM":14.0,"crownWidthM":4.0,"rawHeight":14.0,"rawCrownWidth":4.0,"quality":"valid","sourceYear":2013},"geometry":{"type":"Point","coordinates":[126.93091948,37.51335567]}},{"type":"Feature","id":"street-159266","properties":{"id":"street-159266","dataset":"street","gu":"동작구","species":"느티나무","heightM":8.0,"crownWidthM":4.0,"rawHeight":8.0,"rawCrownWidth":4.0,"quality":"valid","sourceYear":2013},"geometry":{"type":"Point","coordinates":[126.9304447,37.51172815]}},{"type":"Feature","id":"street-159466","properties":{"id":"street-159466","dataset":"street","gu":"동작구","species":"양버즘나무","heightM":12.0,"crownWidthM":3.0,"rawHeight":12.0,"rawCrownWidth":3.0,"quality":"valid","sourceYear":2013},"geometry":{"type":"Point","coordinates":[126.93242701,37.5133454]}},{"type":"Feature","id":"street-159538","properties":{"id":"street-159538","dataset":"street","gu":"동작구","species":"양버즘나무","heightM":8.0,"crownWidthM":6.0,"rawHeight":8.0,"rawCrownWidth":6.0,"quality":"valid","sourceYear":2013},"geometry":{"type":"Point","coordinates":[126.93210366,37.51132258]}},{"type":"Feature","id":"street-159553","properties":{"id":"street-159553","dataset":"street","gu":"동작구","species":"양버즘나무","heightM":9.0,"crownWidthM":6.0,"rawHeight":9.0,"rawCrownWidth":6.0,"quality":"valid","sourceYear":2013},"geometry":{"type":"Point","coordinates":[126.93197253,37.51129361]}},{"type":"Feature","id":"street-159714","properties":{"id":"street-159714","dataset":"street","gu":"동작구","species":"양버즘나무","heightM":10.0,"crownWidthM":7.0,"rawHeight":10.0,"rawCrownWidth":7.0,"quality":"valid","sourceYear":2013},"geometry":{"type":"Point","coordinates":[126.93216544,37.51040546]}},{"type":"Feature","id":"street-159852","properties":{"id":"street-159852","dataset":"street","gu":"동작구","species":"양버즘나무","heightM":12.0,"crownWidthM":3.0,"rawHeight":12.0,"rawCrownWidth":3.0,"quality":"valid","sourceYear":2013},"geometry":{"type":"Point","coordinates":[126.93434401,37.51333453]}},{"type":"Feature","id":"street-159865","properties":{"id":"street-159865","dataset":"street","gu":"동작구","species":"양버즘나무","heightM":8.0,"crownWidthM":6.0,"rawHeight":8.0,"rawCrownWidth":6.0,"quality":"valid","sourceYear":2013},"geometry":{"type":"Point","coordinates":[126.93204213,37.51223498]}},{"type":"Feature","id":"street-160089","properties":{"id":"street-160089","dataset":"street","gu":"동작구","species":"양버즘나무","heightM":11.0,"crownWidthM":7.0,"rawHeight":11.0,"rawCrownWidth":7.0,"quality":"valid","sourceYear":2013},"geometry":{"type":"Point","coordinates":[126.93202238,37.510275]}},{"type":"Feature","id":"street-163232","properties":{"id":"street-163232","dataset":"street","gu":"동작구","species":"양버즘나무","heightM":8.0,"crownWidthM":6.0,"rawHeight":8.0,"rawCrownWidth":6.0,"quality":"valid","sourceYear":2013},"geometry":{"type":"Point","coordinates":[126.93194843,37.51143492]}},{"type":"Feature","id":"street-164598","properties":{"id":"street-164598","dataset":"street","gu":"동작구","species":"양버즘나무","heightM":8.0,"crownWidthM":6.0,"rawHeight":8.0,"rawCrownWidth":6.0,"quality":"valid","sourceYear":2013},"geometry":{"type":"Point","coordinates":[126.9319843,37.51092313]}},{"type":"Feature","id":"street-164607","properties":{"id":"street-164607","dataset":"street","gu":"동작구","species":"느티나무","heightM":7.0,"crownWidthM":2.0,"rawHeight":7.0,"rawCrownWidth":2.0,"quality":"valid","sourceYear":2013},"geometry":{"type":"Point","coordinates":[126.93120794,37.51151987]}},{"type":"Feature","id":"street-219985","properties":{"id":"street-219985","dataset":"street","gu":"영등포구","species":"벚나무","heightM":5.0,"crownWidthM":4.0,"rawHeight":5.0,"rawCrownWidth":4.0,"quality":"valid","sourceYear":2013},"geometry":{"type":"Point","coordinates":[126.93190143,37.5170718]}},{"type":"Feature","id":"street-220711","properties":{"id":"street-220711","dataset":"street","gu":"영등포구","species":"은행나무","heightM":7.0,"crownWidthM":5.0,"rawHeight":7.0,"rawCrownWidth":5.0,"quality":"valid","sourceYear":2013},"geometry":{"type":"Point","coordinates":[126.93771018,37.51927112]}},{"type":"Feature","id":"street-236913","properties":{"id":"street-236913","dataset":"street","gu":"영등포구","species":"은행나무","heightM":7.0,"crownWidthM":5.0,"rawHeight":7.0,"rawCrownWidth":5.0,"quality":"valid","sourceYear":2013},"geometry":{"type":"Point","coordinates":[126.93768676,37.51945296]}},{"type":"Feature","id":"street-236914","properties":{"id":"street-236914","dataset":"street","gu":"영등포구","species":"양버즘나무","heightM":8.0,"crownWidthM":3.0,"rawHeight":8.0,"rawCrownWidth":3.0,"quality":"valid","sourceYear":2013},"geometry":{"type":"Point","coordinates":[126.93461211,37.51795237]}},{"type":"Feature","id":"street-236928","properties":{"id":"street-236928","dataset":"street","gu":"영등포구","species":"벚나무","heightM":6.0,"crownWidthM":5.0,"rawHeight":6.0,"rawCrownWidth":5.0,"quality":"valid","sourceYear":2013},"geometry":{"type":"Point","coordinates":[126.93794994,37.51782002]}},{"type":"Feature","id":"street-237314","properties":{"id":"street-237314","dataset":"street","gu":"영등포구","species":"은행나무","heightM":null,"crownWidthM":null,"rawHeight":0.0,"rawCrownWidth":0.0,"quality":"review","sourceYear":2013},"geometry":{"type":"Point","coordinates":[126.93150526,37.51887733]}},{"type":"Feature","id":"street-237322","properties":{"id":"street-237322","dataset":"street","gu":"영등포구","species":"벚나무","heightM":5.0,"crownWidthM":3.0,"rawHeight":5.0,"rawCrownWidth":3.0,"quality":"valid","sourceYear":2013},"geometry":{"type":"Point","coordinates":[126.93197444,37.51725185]}},{"type":"Feature","id":"street-237330","properties":{"id":"street-237330","dataset":"street","gu":"영등포구","species":"은행나무","heightM":6.0,"crownWidthM":1.0,"rawHeight":6.0,"rawCrownWidth":1.0,"quality":"valid","sourceYear":2013},"geometry":{"type":"Point","coordinates":[126.935058,37.51793617]}},{"type":"Feature","id":"street-237672","properties":{"id":"street-237672","dataset":"street","gu":"영등포구","species":"회화나무","heightM":6.0,"crownWidthM":4.0,"rawHeight":6.0,"rawCrownWidth":4.0,"quality":"valid","sourceYear":2013},"geometry":{"type":"Point","coordinates":[126.93706625,37.51886036]}},{"type":"Feature","id":"street-237677","properties":{"id":"street-237677","dataset":"street","gu":"영등포구","species":"은행나무","heightM":null,"crownWidthM":null,"rawHeight":0.0,"rawCrownWidth":0.0,"quality":"review","sourceYear":2013},"geometry":{"type":"Point","coordinates":[126.93008461,37.51795827]}},{"type":"Feature","id":"street-237685","properties":{"id":"street-237685","dataset":"street","gu":"영등포구","species":"벚나무","heightM":5.0,"crownWidthM":3.0,"rawHeight":5.0,"rawCrownWidth":3.0,"quality":"valid","sourceYear":2013},"geometry":{"type":"Point","coordinates":[126.93192084,37.51724791]}},{"type":"Feature","id":"street-237698","properties":{"id":"street-237698","dataset":"street","gu":"영등포구","species":"벚나무","heightM":5.0,"crownWidthM":3.0,"rawHeight":5.0,"rawCrownWidth":3.0,"quality":"valid","sourceYear":2013},"geometry":{"type":"Point","coordinates":[126.93518495,37.51729001]}},{"type":"Feature","id":"street-237699","properties":{"id":"street-237699","dataset":"street","gu":"영등포구","species":"벚나무","heightM":6.0,"crownWidthM":6.0,"rawHeight":6.0,"rawCrownWidth":6.0,"quality":"valid","sourceYear":2013},"geometry":{"type":"Point","coordinates":[126.93364138,37.51712956]}},{"type":"Feature","id":"street-238019","properties":{"id":"street-238019","dataset":"street","gu":"영등포구","species":"양버즘나무","heightM":7.0,"crownWidthM":3.0,"rawHeight":7.0,"rawCrownWidth":3.0,"quality":"valid","sourceYear":2013},"geometry":{"type":"Point","coordinates":[126.93379133,37.51915165]}},{"type":"Feature","id":"street-238055","properties":{"id":"street-238055","dataset":"street","gu":"영등포구","species":"벚나무","heightM":5.0,"crownWidthM":4.0,"rawHeight":5.0,"rawCrownWidth":4.0,"quality":"valid","sourceYear":2013},"geometry":{"type":"Point","coordinates":[126.93422373,37.51717828]}},{"type":"Feature","id":"street-238071","properties":{"id":"street-238071","dataset":"street","gu":"동작구","species":"양버즘나무","heightM":14.0,"crownWidthM":2.0,"rawHeight":14.0,"rawCrownWidth":2.0,"quality":"valid","sourceYear":2013},"geometry":{"type":"Point","coordinates":[126.93351885,37.51333682]}},{"type":"Feature","id":"street-238375","properties":{"id":"street-238375","dataset":"street","gu":"영등포구","species":"은행나무","heightM":10.0,"crownWidthM":3.0,"rawHeight":10.0,"rawCrownWidth":3.0,"quality":"valid","sourceYear":2013},"geometry":{"type":"Point","coordinates":[126.93068297,37.51961706]}},{"type":"Feature","id":"street-238389","properties":{"id":"street-238389","dataset":"street","gu":"영등포구","species":"벚나무","heightM":6.0,"crownWidthM":6.0,"rawHeight":6.0,"rawCrownWidth":6.0,"quality":"valid","sourceYear":2013},"geometry":{"type":"Point","coordinates":[126.93329755,37.51718509]}},{"type":"Feature","id":"street-238392","properties":{"id":"street-238392","dataset":"street","gu":"영등포구","species":"느티나무","heightM":5.0,"crownWidthM":4.0,"rawHeight":5.0,"rawCrownWidth":4.0,"quality":"valid","sourceYear":2013},"geometry":{"type":"Point","coordinates":[126.93686429,37.51782504]}},{"type":"Feature","id":"street-238407","properties":{"id":"street-238407","dataset":"street","gu":"영등포구","species":"벚나무","heightM":6.0,"crownWidthM":5.0,"rawHeight":6.0,"rawCrownWidth":5.0,"quality":"valid","sourceYear":2013},"geometry":{"type":"Point","coordinates":[126.93256792,37.51712283]}},{"type":"Feature","id":"street-238761","properties":{"id":"street-238761","dataset":"street","gu":"영등포구","species":"느티나무","heightM":null,"crownWidthM":null,"rawHeight":0.0,"rawCrownWidth":0.0,"quality":"review","sourceYear":2013},"geometry":{"type":"Point","coordinates":[126.93085306,37.51837396]}},{"type":"Feature","id":"street-238762","properties":{"id":"street-238762","dataset":"street","gu":"영등포구","species":"느티나무","heightM":null,"crownWidthM":null,"rawHeight":0.0,"rawCrownWidth":0.0,"quality":"review","sourceYear":2013},"geometry":{"type":"Point","coordinates":[126.93193733,37.5190823]}},{"type":"Feature","id":"street-238797","properties":{"id":"street-238797","dataset":"street","gu":"동작구","species":"양버즘나무","heightM":12.0,"crownWidthM":4.0,"rawHeight":12.0,"rawCrownWidth":4.0,"quality":"valid","sourceYear":2013},"geometry":{"type":"Point","coordinates":[126.93338782,37.51333667]}},{"type":"Feature","id":"street-239144","properties":{"id":"street-239144","dataset":"street","gu":"동작구","species":"느티나무","heightM":10.0,"crownWidthM":5.0,"rawHeight":10.0,"rawCrownWidth":5.0,"quality":"valid","sourceYear":2013},"geometry":{"type":"Point","coordinates":[126.93055989,37.51179332]}},{"type":"Feature","id":"street-239156","properties":{"id":"street-239156","dataset":"street","gu":"동작구","species":"양버즘나무","heightM":14.0,"crownWidthM":3.0,"rawHeight":14.0,"rawCrownWidth":3.0,"quality":"valid","sourceYear":2013},"geometry":{"type":"Point","coordinates":[126.93386944,37.51333579]}},{"type":"Feature","id":"street-251374","properties":{"id":"street-251374","dataset":"street","gu":"영등포구","species":"벚나무","heightM":5.0,"crownWidthM":5.0,"rawHeight":5.0,"rawCrownWidth":5.0,"quality":"valid","sourceYear":2013},"geometry":{"type":"Point","coordinates":[126.93174716,37.51698783]}},{"type":"Feature","id":"street-251375","properties":{"id":"street-251375","dataset":"street","gu":"영등포구","species":"느티나무","heightM":null,"crownWidthM":null,"rawHeight":0.0,"rawCrownWidth":0.0,"quality":"review","sourceYear":2013},"geometry":{"type":"Point","coordinates":[126.93170317,37.5194621]}},{"type":"Feature","id":"street-251376","properties":{"id":"street-251376","dataset":"street","gu":"영등포구","species":"벚나무","heightM":5.0,"crownWidthM":3.0,"rawHeight":5.0,"rawCrownWidth":3.0,"quality":"valid","sourceYear":2013},"geometry":{"type":"Point","coordinates":[126.93258016,37.51729299]}},{"type":"Feature","id":"street-251387","properties":{"id":"street-251387","dataset":"street","gu":"동작구","species":"양버즘나무","heightM":11.0,"crownWidthM":7.0,"rawHeight":11.0,"rawCrownWidth":7.0,"quality":"valid","sourceYear":2013},"geometry":{"type":"Point","coordinates":[126.93205563,37.51209588]}},{"type":"Feature","id":"street-251735","properties":{"id":"street-251735","dataset":"street","gu":"영등포구","species":"은행나무","heightM":null,"crownWidthM":null,"rawHeight":0.0,"rawCrownWidth":0.0,"quality":"review","sourceYear":2013},"geometry":{"type":"Point","coordinates":[126.93223446,37.51934515]}},{"type":"Feature","id":"street-251759","properties":{"id":"street-251759","dataset":"street","gu":"동작구","species":"양버즘나무","heightM":8.0,"crownWidthM":5.0,"rawHeight":8.0,"rawCrownWidth":5.0,"quality":"valid","sourceYear":2013},"geometry":{"type":"Point","coordinates":[126.93198569,37.51279707]}},{"type":"Feature","id":"street-252049","properties":{"id":"street-252049","dataset":"street","gu":"영등포구","species":"벚나무","heightM":5.0,"crownWidthM":4.0,"rawHeight":5.0,"rawCrownWidth":4.0,"quality":"valid","sourceYear":2013},"geometry":{"type":"Point","coordinates":[126.93972936,37.51814028]}},{"type":"Feature","id":"street-252086","properties":{"id":"street-252086","dataset":"street","gu":"동작구","species":"양버즘나무","heightM":10.0,"crownWidthM":5.0,"rawHeight":10.0,"rawCrownWidth":5.0,"quality":"valid","sourceYear":2013},"geometry":{"type":"Point","coordinates":[126.93190945,37.51193938]}},{"type":"Feature","id":"street-252087","properties":{"id":"street-252087","dataset":"street","gu":"영등포구","species":"벚나무","heightM":6.0,"crownWidthM":5.0,"rawHeight":6.0,"rawCrownWidth":5.0,"quality":"valid","sourceYear":2013},"geometry":{"type":"Point","coordinates":[126.93248382,37.51703335]}},{"type":"Feature","id":"street-252100","properties":{"id":"street-252100","dataset":"street","gu":"동작구","species":"양버즘나무","heightM":8.0,"crownWidthM":5.0,"rawHeight":8.0,"rawCrownWidth":5.0,"quality":"valid","sourceYear":2013},"geometry":{"type":"Point","coordinates":[126.93200885,37.51080387]}},{"type":"Feature","id":"street-252413","properties":{"id":"street-252413","dataset":"street","gu":"영등포구","species":"은행나무","heightM":7.0,"crownWidthM":5.0,"rawHeight":7.0,"rawCrownWidth":5.0,"quality":"valid","sourceYear":2013},"geometry":{"type":"Point","coordinates":[126.93564469,37.5179825]}},{"type":"Feature","id":"street-252421","properties":{"id":"street-252421","dataset":"street","gu":"영등포구","species":"벚나무","heightM":5.0,"crownWidthM":3.0,"rawHeight":5.0,"rawCrownWidth":3.0,"quality":"valid","sourceYear":2013},"geometry":{"type":"Point","coordinates":[126.93651805,37.51753821]}},{"type":"Feature","id":"street-252423","properties":{"id":"street-252423","dataset":"street","gu":"영등포구","species":"은행나무","heightM":7.0,"crownWidthM":4.0,"rawHeight":7.0,"rawCrownWidth":4.0,"quality":"valid","sourceYear":2013},"geometry":{"type":"Point","coordinates":[126.93629938,37.51859406]}},{"type":"Feature","id":"street-252434","properties":{"id":"street-252434","dataset":"street","gu":"영등포구","species":"벚나무","heightM":5.0,"crownWidthM":3.0,"rawHeight":5.0,"rawCrownWidth":3.0,"quality":"valid","sourceYear":2013},"geometry":{"type":"Point","coordinates":[126.93181732,37.51698232]}},{"type":"Feature","id":"street-252797","properties":{"id":"street-252797","dataset":"street","gu":"영등포구","species":"은행나무","heightM":null,"crownWidthM":null,"rawHeight":0.0,"rawCrownWidth":0.0,"quality":"review","sourceYear":2013},"geometry":{"type":"Point","coordinates":[126.93134615,37.51911743]}},{"type":"Feature","id":"street-252822","properties":{"id":"street-252822","dataset":"street","gu":"동작구","species":"양버즘나무","heightM":10.0,"crownWidthM":4.0,"rawHeight":10.0,"rawCrownWidth":4.0,"quality":"valid","sourceYear":2013},"geometry":{"type":"Point","coordinates":[126.93516903,37.51337277]}},{"type":"Feature","id":"street-252824","properties":{"id":"street-252824","dataset":"street","gu":"동작구","species":"양버즘나무","heightM":11.0,"crownWidthM":2.0,"rawHeight":11.0,"rawCrownWidth":2.0,"quality":"valid","sourceYear":2013},"geometry":{"type":"Point","coordinates":[126.93440953,37.51333454]}},{"type":"Feature","id":"street-253174","properties":{"id":"street-253174","dataset":"street","gu":"동작구","species":"양버즘나무","heightM":11.0,"crownWidthM":7.0,"rawHeight":11.0,"rawCrownWidth":7.0,"quality":"valid","sourceYear":2013},"geometry":{"type":"Point","coordinates":[126.93182911,37.51267362]}},{"type":"Feature","id":"street-253196","properties":{"id":"street-253196","dataset":"street","gu":"동작구","species":"양버즘나무","heightM":16.0,"crownWidthM":6.0,"rawHeight":16.0,"rawCrownWidth":6.0,"quality":"valid","sourceYear":2013},"geometry":{"type":"Point","coordinates":[126.93018648,37.51309941]}},{"type":"Feature","id":"street-253551","properties":{"id":"street-253551","dataset":"street","gu":"동작구","species":"양버즘나무","heightM":12.0,"crownWidthM":3.0,"rawHeight":12.0,"rawCrownWidth":3.0,"quality":"valid","sourceYear":2013},"geometry":{"type":"Point","coordinates":[126.93282454,37.51334088]}},{"type":"Feature","id":"street-254476","properties":{"id":"street-254476","dataset":"street","gu":"영등포구","species":"은행나무","heightM":6.0,"crownWidthM":4.0,"rawHeight":6.0,"rawCrownWidth":4.0,"quality":"valid","sourceYear":2013},"geometry":{"type":"Point","coordinates":[126.93652183,37.51872943]}},{"type":"Feature","id":"street-254503","properties":{"id":"street-254503","dataset":"street","gu":"영등포구","species":"벚나무","heightM":5.0,"crownWidthM":3.0,"rawHeight":5.0,"rawCrownWidth":3.0,"quality":"valid","sourceYear":2013},"geometry":{"type":"Point","coordinates":[126.93409825,37.51742636]}},{"type":"Feature","id":"street-254866","properties":{"id":"street-254866","dataset":"street","gu":"동작구","species":"양버즘나무","heightM":10.0,"crownWidthM":7.0,"rawHeight":10.0,"rawCrownWidth":7.0,"quality":"valid","sourceYear":2013},"geometry":{"type":"Point","coordinates":[126.93205958,37.51207083]}},{"type":"Feature","id":"street-255202","properties":{"id":"street-255202","dataset":"street","gu":"영등포구","species":"벚나무","heightM":5.0,"crownWidthM":5.0,"rawHeight":5.0,"rawCrownWidth":5.0,"quality":"valid","sourceYear":2013},"geometry":{"type":"Point","coordinates":[126.93288363,37.51715111]}},{"type":"Feature","id":"street-255590","properties":{"id":"street-255590","dataset":"street","gu":"동작구","species":"양버즘나무","heightM":11.0,"crownWidthM":7.0,"rawHeight":11.0,"rawCrownWidth":7.0,"quality":"valid","sourceYear":2013},"geometry":{"type":"Point","coordinates":[126.93205961,37.51202739]}},{"type":"Feature","id":"street-255600","properties":{"id":"street-255600","dataset":"street","gu":"동작구","species":"양버즘나무","heightM":9.0,"crownWidthM":6.0,"rawHeight":9.0,"rawCrownWidth":6.0,"quality":"valid","sourceYear":2013},"geometry":{"type":"Point","coordinates":[126.93213841,37.51096024]}},{"type":"Feature","id":"street-255931","properties":{"id":"street-255931","dataset":"street","gu":"영등포구","species":"은행나무","heightM":9.0,"crownWidthM":4.0,"rawHeight":9.0,"rawCrownWidth":4.0,"quality":"valid","sourceYear":2013},"geometry":{"type":"Point","coordinates":[126.93411242,37.51846152]}},{"type":"Feature","id":"street-255954","properties":{"id":"street-255954","dataset":"street","gu":"동작구","species":"양버즘나무","heightM":10.0,"crownWidthM":6.0,"rawHeight":10.0,"rawCrownWidth":6.0,"quality":"valid","sourceYear":2013},"geometry":{"type":"Point","coordinates":[126.93207181,37.51186851]}},{"type":"Feature","id":"street-256276","properties":{"id":"street-256276","dataset":"street","gu":"영등포구","species":"은행나무","heightM":8.0,"crownWidthM":5.0,"rawHeight":8.0,"rawCrownWidth":5.0,"quality":"valid","sourceYear":2013},"geometry":{"type":"Point","coordinates":[126.93480508,37.51769185]}},{"type":"Feature","id":"street-256277","properties":{"id":"street-256277","dataset":"street","gu":"영등포구","species":"벚나무","heightM":6.0,"crownWidthM":6.0,"rawHeight":6.0,"rawCrownWidth":6.0,"quality":"valid","sourceYear":2013},"geometry":{"type":"Point","coordinates":[126.93484108,37.51734773]}},{"type":"Feature","id":"street-256310","properties":{"id":"street-256310","dataset":"street","gu":"동작구","species":"양버즘나무","heightM":13.0,"crownWidthM":7.0,"rawHeight":13.0,"rawCrownWidth":7.0,"quality":"valid","sourceYear":2013},"geometry":{"type":"Point","coordinates":[126.93148726,37.51335176]}},{"type":"Feature","id":"street-256313","properties":{"id":"street-256313","dataset":"street","gu":"동작구","species":"양버즘나무","heightM":8.0,"crownWidthM":4.0,"rawHeight":8.0,"rawCrownWidth":4.0,"quality":"valid","sourceYear":2013},"geometry":{"type":"Point","coordinates":[126.93488577,37.51334734]}},{"type":"Feature","id":"street-256326","properties":{"id":"street-256326","dataset":"street","gu":"동작구","species":"양버즘나무","heightM":14.0,"crownWidthM":2.0,"rawHeight":14.0,"rawCrownWidth":2.0,"quality":"valid","sourceYear":2013},"geometry":{"type":"Point","coordinates":[126.93393849,37.51333446]}},{"type":"Feature","id":"street-256687","properties":{"id":"street-256687","dataset":"street","gu":"동작구","species":"양버즘나무","heightM":16.0,"crownWidthM":7.0,"rawHeight":16.0,"rawCrownWidth":7.0,"quality":"valid","sourceYear":2013},"geometry":{"type":"Point","coordinates":[126.9313483,37.513092]}},{"type":"Feature","id":"street-257009","properties":{"id":"street-257009","dataset":"street","gu":"영등포구","species":"벚나무","heightM":6.0,"crownWidthM":6.0,"rawHeight":6.0,"rawCrownWidth":6.0,"quality":"valid","sourceYear":2013},"geometry":{"type":"Point","coordinates":[126.93554504,37.51744363]}},{"type":"Feature","id":"street-257011","properties":{"id":"street-257011","dataset":"street","gu":"영등포구","species":"벚나무","heightM":6.0,"crownWidthM":7.0,"rawHeight":6.0,"rawCrownWidth":7.0,"quality":"valid","sourceYear":2013},"geometry":{"type":"Point","coordinates":[126.93009813,37.51695267]}},{"type":"Feature","id":"street-257020","properties":{"id":"street-257020","dataset":"street","gu":"영등포구","species":"은행나무","heightM":8.0,"crownWidthM":2.0,"rawHeight":8.0,"rawCrownWidth":2.0,"quality":"valid","sourceYear":2013},"geometry":{"type":"Point","coordinates":[126.93419158,37.51838258]}},{"type":"Feature","id":"street-257030","properties":{"id":"street-257030","dataset":"street","gu":"동작구","species":"양버즘나무","heightM":11.0,"crownWidthM":5.0,"rawHeight":11.0,"rawCrownWidth":5.0,"quality":"valid","sourceYear":2013},"geometry":{"type":"Point","coordinates":[126.93930363,37.5133457]}},{"type":"Feature","id":"street-257049","properties":{"id":"street-257049","dataset":"street","gu":"동작구","species":"양버즘나무","heightM":12.0,"crownWidthM":5.0,"rawHeight":12.0,"rawCrownWidth":5.0,"quality":"valid","sourceYear":2013},"geometry":{"type":"Point","coordinates":[126.93895178,37.51331434]}},{"type":"Feature","id":"park-private-93060","properties":{"id":"park-private-93060","dataset":"park-private","gu":"영등포구","species":"양버즘나무","heightM":13.0,"crownWidthM":6.0,"rawHeight":13.0,"rawCrownWidth":6.0,"quality":"valid","sourceYear":2013},"geometry":{"type":"Point","coordinates":[126.93101944,37.51724283]}},{"type":"Feature","id":"park-private-93094","properties":{"id":"park-private-93094","dataset":"park-private","gu":"영등포구","species":"은행나무","heightM":8.0,"crownWidthM":3.0,"rawHeight":8.0,"rawCrownWidth":3.0,"quality":"valid","sourceYear":2013},"geometry":{"type":"Point","coordinates":[126.93634495,37.51868363]}},{"type":"Feature","id":"park-private-93106","properties":{"id":"park-private-93106","dataset":"park-private","gu":"영등포구","species":"실화백","heightM":6.0,"crownWidthM":5.0,"rawHeight":6.0,"rawCrownWidth":5.0,"quality":"valid","sourceYear":2013},"geometry":{"type":"Point","coordinates":[126.93061477,37.51782172]}},{"type":"Feature","id":"park-private-93265","properties":{"id":"park-private-93265","dataset":"park-private","gu":"영등포구","species":"벚나무","heightM":5.0,"crownWidthM":6.0,"rawHeight":5.0,"rawCrownWidth":6.0,"quality":"valid","sourceYear":2013},"geometry":{"type":"Point","coordinates":[126.93043449,37.51862403]}},{"type":"Feature","id":"park-private-93308","properties":{"id":"park-private-93308","dataset":"park-private","gu":"영등포구","species":"벚나무","heightM":5.0,"crownWidthM":5.0,"rawHeight":5.0,"rawCrownWidth":5.0,"quality":"valid","sourceYear":2013},"geometry":{"type":"Point","coordinates":[126.93489779,37.51731914]}},{"type":"Feature","id":"park-private-93394","properties":{"id":"park-private-93394","dataset":"park-private","gu":"영등포구","species":"벚나무","heightM":5.0,"crownWidthM":5.0,"rawHeight":5.0,"rawCrownWidth":5.0,"quality":"valid","sourceYear":2013},"geometry":{"type":"Point","coordinates":[126.93221801,37.51707369]}},{"type":"Feature","id":"park-private-93459","properties":{"id":"park-private-93459","dataset":"park-private","gu":"영등포구","species":"단풍나무","heightM":6.0,"crownWidthM":7.0,"rawHeight":6.0,"rawCrownWidth":7.0,"quality":"valid","sourceYear":2013},"geometry":{"type":"Point","coordinates":[126.93440073,37.51989985]}},{"type":"Feature","id":"park-private-93468","properties":{"id":"park-private-93468","dataset":"park-private","gu":"영등포구","species":"은행나무","heightM":8.0,"crownWidthM":4.0,"rawHeight":8.0,"rawCrownWidth":4.0,"quality":"valid","sourceYear":2013},"geometry":{"type":"Point","coordinates":[126.93757353,37.51945191]}},{"type":"Feature","id":"park-private-93537","properties":{"id":"park-private-93537","dataset":"park-private","gu":"영등포구","species":"양버즘나무","heightM":12.0,"crownWidthM":6.0,"rawHeight":12.0,"rawCrownWidth":6.0,"quality":"valid","sourceYear":2013},"geometry":{"type":"Point","coordinates":[126.93058783,37.51724656]}},{"type":"Feature","id":"park-private-93638","properties":{"id":"park-private-93638","dataset":"park-private","gu":"영등포구","species":"소나무","heightM":8.0,"crownWidthM":5.0,"rawHeight":8.0,"rawCrownWidth":5.0,"quality":"valid","sourceYear":2013},"geometry":{"type":"Point","coordinates":[126.9300898,37.51769721]}},{"type":"Feature","id":"park-private-93711","properties":{"id":"park-private-93711","dataset":"park-private","gu":"영등포구","species":"칠엽수","heightM":8.0,"crownWidthM":3.0,"rawHeight":8.0,"rawCrownWidth":3.0,"quality":"valid","sourceYear":2013},"geometry":{"type":"Point","coordinates":[126.93530699,37.51942989]}},{"type":"Feature","id":"park-private-93755","properties":{"id":"park-private-93755","dataset":"park-private","gu":"영등포구","species":"칠엽수","heightM":9.0,"crownWidthM":4.0,"rawHeight":9.0,"rawCrownWidth":4.0,"quality":"valid","sourceYear":2013},"geometry":{"type":"Point","coordinates":[126.93720658,37.51851369]}},{"type":"Feature","id":"park-private-93954","properties":{"id":"park-private-93954","dataset":"park-private","gu":"영등포구","species":"은행나무","heightM":7.0,"crownWidthM":4.0,"rawHeight":7.0,"rawCrownWidth":4.0,"quality":"valid","sourceYear":2013},"geometry":{"type":"Point","coordinates":[126.93017358,37.51989893]}},{"type":"Feature","id":"park-private-94003","properties":{"id":"park-private-94003","dataset":"park-private","gu":"영등포구","species":"단풍나무","heightM":5.0,"crownWidthM":5.0,"rawHeight":5.0,"rawCrownWidth":5.0,"quality":"valid","sourceYear":2013},"geometry":{"type":"Point","coordinates":[126.93077804,37.51791786]}},{"type":"Feature","id":"park-private-94111","properties":{"id":"park-private-94111","dataset":"park-private","gu":"영등포구","species":"벚나무","heightM":5.0,"crownWidthM":5.0,"rawHeight":5.0,"rawCrownWidth":5.0,"quality":"valid","sourceYear":2013},"geometry":{"type":"Point","coordinates":[126.93338304,37.51715863]}},{"type":"Feature","id":"park-private-94114","properties":{"id":"park-private-94114","dataset":"park-private","gu":"영등포구","species":"벚나무","heightM":8.0,"crownWidthM":3.0,"rawHeight":8.0,"rawCrownWidth":3.0,"quality":"valid","sourceYear":2013},"geometry":{"type":"Point","coordinates":[126.93620444,37.51753805]}},{"type":"Feature","id":"park-private-94115","properties":{"id":"park-private-94115","dataset":"park-private","gu":"영등포구","species":"벚나무","heightM":5.0,"crownWidthM":5.0,"rawHeight":5.0,"rawCrownWidth":5.0,"quality":"valid","sourceYear":2013},"geometry":{"type":"Point","coordinates":[126.93362654,37.51718551]}},{"type":"Feature","id":"park-private-94133","properties":{"id":"park-private-94133","dataset":"park-private","gu":"영등포구","species":"은단풍","heightM":8.0,"crownWidthM":1.0,"rawHeight":8.0,"rawCrownWidth":1.0,"quality":"valid","sourceYear":2013},"geometry":{"type":"Point","coordinates":[126.93336682,37.51835333]}},{"type":"Feature","id":"park-private-94138","properties":{"id":"park-private-94138","dataset":"park-private","gu":"영등포구","species":"은단풍","heightM":5.0,"crownWidthM":2.0,"rawHeight":5.0,"rawCrownWidth":2.0,"quality":"valid","sourceYear":2013},"geometry":{"type":"Point","coordinates":[126.93332219,37.51738549]}},{"type":"Feature","id":"park-private-94140","properties":{"id":"park-private-94140","dataset":"park-private","gu":"영등포구","species":"은행나무","heightM":8.0,"crownWidthM":5.0,"rawHeight":8.0,"rawCrownWidth":5.0,"quality":"valid","sourceYear":2013},"geometry":{"type":"Point","coordinates":[126.93778255,37.51957387]}},{"type":"Feature","id":"park-private-94251","properties":{"id":"park-private-94251","dataset":"park-private","gu":"영등포구","species":"버드나무","heightM":5.0,"crownWidthM":3.0,"rawHeight":5.0,"rawCrownWidth":3.0,"quality":"valid","sourceYear":2013},"geometry":{"type":"Point","coordinates":[126.93340201,37.51832532]}},{"type":"Feature","id":"park-private-94310","properties":{"id":"park-private-94310","dataset":"park-private","gu":"영등포구","species":"은행나무","heightM":12.0,"crownWidthM":6.0,"rawHeight":12.0,"rawCrownWidth":6.0,"quality":"valid","sourceYear":2013},"geometry":{"type":"Point","coordinates":[126.93139014,37.51737688]}},{"type":"Feature","id":"park-private-94370","properties":{"id":"park-private-94370","dataset":"park-private","gu":"영등포구","species":"양버즘나무","heightM":12.0,"crownWidthM":5.0,"rawHeight":12.0,"rawCrownWidth":5.0,"quality":"valid","sourceYear":2013},"geometry":{"type":"Point","coordinates":[126.93090029,37.51723215]}},{"type":"Feature","id":"park-private-94372","properties":{"id":"park-private-94372","dataset":"park-private","gu":"영등포구","species":"은행나무","heightM":8.0,"crownWidthM":4.0,"rawHeight":8.0,"rawCrownWidth":4.0,"quality":"valid","sourceYear":2013},"geometry":{"type":"Point","coordinates":[126.93103461,37.5179971]}},{"type":"Feature","id":"park-private-94379","properties":{"id":"park-private-94379","dataset":"park-private","gu":"영등포구","species":"벚나무","heightM":7.0,"crownWidthM":6.0,"rawHeight":7.0,"rawCrownWidth":6.0,"quality":"valid","sourceYear":2013},"geometry":{"type":"Point","coordinates":[126.93546294,37.51960886]}},{"type":"Feature","id":"park-private-94412","properties":{"id":"park-private-94412","dataset":"park-private","gu":"영등포구","species":"느티나무","heightM":5.0,"crownWidthM":6.0,"rawHeight":5.0,"rawCrownWidth":6.0,"quality":"valid","sourceYear":2013},"geometry":{"type":"Point","coordinates":[126.93048262,37.51739442]}},{"type":"Feature","id":"park-private-94426","properties":{"id":"park-private-94426","dataset":"park-private","gu":"영등포구","species":"벚나무","heightM":5.0,"crownWidthM":6.0,"rawHeight":5.0,"rawCrownWidth":6.0,"quality":"valid","sourceYear":2013},"geometry":{"type":"Point","coordinates":[126.93074739,37.51697318]}},{"type":"Feature","id":"park-private-94442","properties":{"id":"park-private-94442","dataset":"park-private","gu":"영등포구","species":"은행나무","heightM":8.0,"crownWidthM":4.0,"rawHeight":8.0,"rawCrownWidth":4.0,"quality":"valid","sourceYear":2013},"geometry":{"type":"Point","coordinates":[126.93271523,37.51861893]}},{"type":"Feature","id":"park-private-94511","properties":{"id":"park-private-94511","dataset":"park-private","gu":"영등포구","species":"은행나무","heightM":9.0,"crownWidthM":6.0,"rawHeight":9.0,"rawCrownWidth":6.0,"quality":"valid","sourceYear":2013},"geometry":{"type":"Point","coordinates":[126.93591666,37.51982438]}},{"type":"Feature","id":"park-private-94516","properties":{"id":"park-private-94516","dataset":"park-private","gu":"영등포구","species":"벚나무","heightM":7.0,"crownWidthM":6.0,"rawHeight":7.0,"rawCrownWidth":6.0,"quality":"valid","sourceYear":2013},"geometry":{"type":"Point","coordinates":[126.93490196,37.51960234]}},{"type":"Feature","id":"park-private-94567","properties":{"id":"park-private-94567","dataset":"park-private","gu":"영등포구","species":"은행나무","heightM":8.0,"crownWidthM":5.0,"rawHeight":8.0,"rawCrownWidth":5.0,"quality":"valid","sourceYear":2013},"geometry":{"type":"Point","coordinates":[126.93114326,37.51746634]}},{"type":"Feature","id":"park-private-94831","properties":{"id":"park-private-94831","dataset":"park-private","gu":"영등포구","species":"벚나무","heightM":5.0,"crownWidthM":4.0,"rawHeight":5.0,"rawCrownWidth":4.0,"quality":"valid","sourceYear":2013},"geometry":{"type":"Point","coordinates":[126.93576429,37.51744094]}},{"type":"Feature","id":"park-private-94849","properties":{"id":"park-private-94849","dataset":"park-private","gu":"영등포구","species":"양버즘나무","heightM":15.0,"crownWidthM":8.0,"rawHeight":15.0,"rawCrownWidth":8.0,"quality":"valid","sourceYear":2013},"geometry":{"type":"Point","coordinates":[126.93119383,37.51742307]}},{"type":"Feature","id":"park-private-95585","properties":{"id":"park-private-95585","dataset":"park-private","gu":"영등포구","species":"양버즘나무","heightM":12.0,"crownWidthM":6.0,"rawHeight":12.0,"rawCrownWidth":6.0,"quality":"valid","sourceYear":2013},"geometry":{"type":"Point","coordinates":[126.93064877,37.51720868]}},{"type":"Feature","id":"park-private-95973","properties":{"id":"park-private-95973","dataset":"park-private","gu":"영등포구","species":"현사시","heightM":6.0,"crownWidthM":2.0,"rawHeight":6.0,"rawCrownWidth":2.0,"quality":"valid","sourceYear":2013},"geometry":{"type":"Point","coordinates":[126.93353835,37.5181817]}},{"type":"Feature","id":"park-private-96072","properties":{"id":"park-private-96072","dataset":"park-private","gu":"영등포구","species":"은단풍","heightM":5.0,"crownWidthM":2.0,"rawHeight":5.0,"rawCrownWidth":2.0,"quality":"valid","sourceYear":2013},"geometry":{"type":"Point","coordinates":[126.93293926,37.51764805]}},{"type":"Feature","id":"park-private-96140","properties":{"id":"park-private-96140","dataset":"park-private","gu":"영등포구","species":"느티나무","heightM":5.0,"crownWidthM":6.0,"rawHeight":5.0,"rawCrownWidth":6.0,"quality":"valid","sourceYear":2013},"geometry":{"type":"Point","coordinates":[126.93596055,37.51816099]}},{"type":"Feature","id":"park-private-96156","properties":{"id":"park-private-96156","dataset":"park-private","gu":"영등포구","species":"향나무","heightM":5.0,"crownWidthM":4.0,"rawHeight":5.0,"rawCrownWidth":4.0,"quality":"valid","sourceYear":2013},"geometry":{"type":"Point","coordinates":[126.93068464,37.51751539]}},{"type":"Feature","id":"park-private-96184","properties":{"id":"park-private-96184","dataset":"park-private","gu":"영등포구","species":"단풍나무","heightM":5.0,"crownWidthM":5.0,"rawHeight":5.0,"rawCrownWidth":5.0,"quality":"valid","sourceYear":2013},"geometry":{"type":"Point","coordinates":[126.93106942,37.51752821]}},{"type":"Feature","id":"park-private-96225","properties":{"id":"park-private-96225","dataset":"park-private","gu":"영등포구","species":"은행나무","heightM":9.0,"crownWidthM":5.0,"rawHeight":9.0,"rawCrownWidth":5.0,"quality":"valid","sourceYear":2013},"geometry":{"type":"Point","coordinates":[126.93687002,37.51908599]}},{"type":"Feature","id":"park-private-96242","properties":{"id":"park-private-96242","dataset":"park-private","gu":"영등포구","species":"가중나무","heightM":12.0,"crownWidthM":6.0,"rawHeight":12.0,"rawCrownWidth":6.0,"quality":"valid","sourceYear":2013},"geometry":{"type":"Point","coordinates":[126.93123287,37.51782402]}},{"type":"Feature","id":"park-private-96314","properties":{"id":"park-private-96314","dataset":"park-private","gu":"영등포구","species":"은단풍","heightM":7.0,"crownWidthM":4.0,"rawHeight":7.0,"rawCrownWidth":4.0,"quality":"valid","sourceYear":2013},"geometry":{"type":"Point","coordinates":[126.93400607,37.51769051]}},{"type":"Feature","id":"park-private-96329","properties":{"id":"park-private-96329","dataset":"park-private","gu":"영등포구","species":"현사시","heightM":5.0,"crownWidthM":2.0,"rawHeight":5.0,"rawCrownWidth":2.0,"quality":"valid","sourceYear":2013},"geometry":{"type":"Point","coordinates":[126.93339702,37.51739258]}},{"type":"Feature","id":"park-private-96362","properties":{"id":"park-private-96362","dataset":"park-private","gu":"영등포구","species":"꽃사과","heightM":7.0,"crownWidthM":5.0,"rawHeight":7.0,"rawCrownWidth":5.0,"quality":"valid","sourceYear":2013},"geometry":{"type":"Point","coordinates":[126.93116665,37.51739519]}},{"type":"Feature","id":"park-private-96368","properties":{"id":"park-private-96368","dataset":"park-private","gu":"영등포구","species":"벚나무","heightM":7.0,"crownWidthM":6.0,"rawHeight":7.0,"rawCrownWidth":6.0,"quality":"valid","sourceYear":2013},"geometry":{"type":"Point","coordinates":[126.93652843,37.51956491]}},{"type":"Feature","id":"park-private-96387","properties":{"id":"park-private-96387","dataset":"park-private","gu":"영등포구","species":"은행나무","heightM":9.0,"crownWidthM":6.0,"rawHeight":9.0,"rawCrownWidth":6.0,"quality":"valid","sourceYear":2013},"geometry":{"type":"Point","coordinates":[126.93600332,37.51995438]}},{"type":"Feature","id":"park-private-96456","properties":{"id":"park-private-96456","dataset":"park-private","gu":"영등포구","species":"칠엽수","heightM":8.0,"crownWidthM":5.0,"rawHeight":8.0,"rawCrownWidth":5.0,"quality":"valid","sourceYear":2013},"geometry":{"type":"Point","coordinates":[126.93526741,37.51940536]}},{"type":"Feature","id":"park-private-96471","properties":{"id":"park-private-96471","dataset":"park-private","gu":"영등포구","species":"벚나무","heightM":7.0,"crownWidthM":6.0,"rawHeight":7.0,"rawCrownWidth":6.0,"quality":"valid","sourceYear":2013},"geometry":{"type":"Point","coordinates":[126.93699744,37.51994693]}},{"type":"Feature","id":"park-private-96525","properties":{"id":"park-private-96525","dataset":"park-private","gu":"영등포구","species":"칠엽수","heightM":8.0,"crownWidthM":4.0,"rawHeight":8.0,"rawCrownWidth":4.0,"quality":"valid","sourceYear":2013},"geometry":{"type":"Point","coordinates":[126.9367171,37.5185986]}},{"type":"Feature","id":"park-private-96560","properties":{"id":"park-private-96560","dataset":"park-private","gu":"영등포구","species":"칠엽수","heightM":7.0,"crownWidthM":5.0,"rawHeight":7.0,"rawCrownWidth":5.0,"quality":"valid","sourceYear":2013},"geometry":{"type":"Point","coordinates":[126.93520211,37.51934983]}},{"type":"Feature","id":"park-private-96619","properties":{"id":"park-private-96619","dataset":"park-private","gu":"영등포구","species":"벚나무","heightM":6.0,"crownWidthM":5.0,"rawHeight":6.0,"rawCrownWidth":5.0,"quality":"valid","sourceYear":2013},"geometry":{"type":"Point","coordinates":[126.93110072,37.51699639]}},{"type":"Feature","id":"park-private-96624","properties":{"id":"park-private-96624","dataset":"park-private","gu":"영등포구","species":"단풍나무","heightM":5.0,"crownWidthM":5.0,"rawHeight":5.0,"rawCrownWidth":5.0,"quality":"valid","sourceYear":2013},"geometry":{"type":"Point","coordinates":[126.93059532,37.51799192]}},{"type":"Feature","id":"park-private-96627","properties":{"id":"park-private-96627","dataset":"park-private","gu":"영등포구","species":"목련","heightM":5.0,"crownWidthM":1.0,"rawHeight":5.0,"rawCrownWidth":1.0,"quality":"valid","sourceYear":2013},"geometry":{"type":"Point","coordinates":[126.93268881,37.51890634]}},{"type":"Feature","id":"park-private-96647","properties":{"id":"park-private-96647","dataset":"park-private","gu":"영등포구","species":"은행나무","heightM":8.0,"crownWidthM":4.0,"rawHeight":8.0,"rawCrownWidth":4.0,"quality":"valid","sourceYear":2013},"geometry":{"type":"Point","coordinates":[126.93684454,37.51899663]}},{"type":"Feature","id":"park-private-96657","properties":{"id":"park-private-96657","dataset":"park-private","gu":"영등포구","species":"네군도단풍","heightM":7.0,"crownWidthM":3.0,"rawHeight":7.0,"rawCrownWidth":3.0,"quality":"valid","sourceYear":2013},"geometry":{"type":"Point","coordinates":[126.93304502,37.51778842]}},{"type":"Feature","id":"park-private-96662","properties":{"id":"park-private-96662","dataset":"park-private","gu":"영등포구","species":"버드나무","heightM":6.0,"crownWidthM":2.0,"rawHeight":6.0,"rawCrownWidth":2.0,"quality":"valid","sourceYear":2013},"geometry":{"type":"Point","coordinates":[126.93335759,37.51992338]}},{"type":"Feature","id":"park-private-96682","properties":{"id":"park-private-96682","dataset":"park-private","gu":"영등포구","species":"은행나무","heightM":7.0,"crownWidthM":3.0,"rawHeight":7.0,"rawCrownWidth":3.0,"quality":"valid","sourceYear":2013},"geometry":{"type":"Point","coordinates":[126.93011409,37.51986242]}},{"type":"Feature","id":"park-private-96734","properties":{"id":"park-private-96734","dataset":"park-private","gu":"영등포구","species":"은행나무","heightM":9.0,"crownWidthM":5.0,"rawHeight":9.0,"rawCrownWidth":5.0,"quality":"valid","sourceYear":2013},"geometry":{"type":"Point","coordinates":[126.93842999,37.51999251]}},{"type":"Feature","id":"park-private-96767","properties":{"id":"park-private-96767","dataset":"park-private","gu":"영등포구","species":"벚나무","heightM":5.0,"crownWidthM":5.0,"rawHeight":5.0,"rawCrownWidth":5.0,"quality":"valid","sourceYear":2013},"geometry":{"type":"Point","coordinates":[126.93441244,37.51726241]}},{"type":"Feature","id":"park-private-96796","properties":{"id":"park-private-96796","dataset":"park-private","gu":"영등포구","species":"벚나무","heightM":5.0,"crownWidthM":5.0,"rawHeight":5.0,"rawCrownWidth":5.0,"quality":"valid","sourceYear":2013},"geometry":{"type":"Point","coordinates":[126.93248063,37.51708159]}},{"type":"Feature","id":"park-private-96827","properties":{"id":"park-private-96827","dataset":"park-private","gu":"영등포구","species":"중국단풍","heightM":7.0,"crownWidthM":6.0,"rawHeight":7.0,"rawCrownWidth":6.0,"quality":"valid","sourceYear":2013},"geometry":{"type":"Point","coordinates":[126.9376282,37.51806062]}},{"type":"Feature","id":"park-private-96882","properties":{"id":"park-private-96882","dataset":"park-private","gu":"영등포구","species":"꽃사과","heightM":6.0,"crownWidthM":5.0,"rawHeight":6.0,"rawCrownWidth":5.0,"quality":"valid","sourceYear":2013},"geometry":{"type":"Point","coordinates":[126.93063037,37.51733888]}},{"type":"Feature","id":"park-private-96883","properties":{"id":"park-private-96883","dataset":"park-private","gu":"영등포구","species":"벚나무","heightM":5.0,"crownWidthM":4.0,"rawHeight":5.0,"rawCrownWidth":4.0,"quality":"valid","sourceYear":2013},"geometry":{"type":"Point","coordinates":[126.93470919,37.5172948]}},{"type":"Feature","id":"park-private-96936","properties":{"id":"park-private-96936","dataset":"park-private","gu":"영등포구","species":"벚나무","heightM":5.0,"crownWidthM":5.0,"rawHeight":5.0,"rawCrownWidth":5.0,"quality":"valid","sourceYear":2013},"geometry":{"type":"Point","coordinates":[126.93183126,37.51704664]}},{"type":"Feature","id":"park-private-96955","properties":{"id":"park-private-96955","dataset":"park-private","gu":"영등포구","species":"은행나무","heightM":8.0,"crownWidthM":4.0,"rawHeight":8.0,"rawCrownWidth":4.0,"quality":"valid","sourceYear":2013},"geometry":{"type":"Point","coordinates":[126.93804255,37.51972835]}},{"type":"Feature","id":"park-private-96977","properties":{"id":"park-private-96977","dataset":"park-private","gu":"영등포구","species":"향나무","heightM":5.0,"crownWidthM":4.0,"rawHeight":5.0,"rawCrownWidth":4.0,"quality":"valid","sourceYear":2013},"geometry":{"type":"Point","coordinates":[126.93062248,37.51754009]}},{"type":"Feature","id":"park-private-96990","properties":{"id":"park-private-96990","dataset":"park-private","gu":"영등포구","species":"벚나무","heightM":6.0,"crownWidthM":5.0,"rawHeight":6.0,"rawCrownWidth":5.0,"quality":"valid","sourceYear":2013},"geometry":{"type":"Point","coordinates":[126.93148748,37.51702344]}},{"type":"Feature","id":"park-private-97003","properties":{"id":"park-private-97003","dataset":"park-private","gu":"영등포구","species":"느티나무","heightM":8.0,"crownWidthM":8.0,"rawHeight":8.0,"rawCrownWidth":8.0,"quality":"valid","sourceYear":2013},"geometry":{"type":"Point","coordinates":[126.93093339,37.51752806]}},{"type":"Feature","id":"park-private-97007","properties":{"id":"park-private-97007","dataset":"park-private","gu":"영등포구","species":"벚나무","heightM":6.0,"crownWidthM":5.0,"rawHeight":6.0,"rawCrownWidth":5.0,"quality":"valid","sourceYear":2013},"geometry":{"type":"Point","coordinates":[126.93423374,37.51927239]}},{"type":"Feature","id":"park-private-97042","properties":{"id":"park-private-97042","dataset":"park-private","gu":"영등포구","species":"느티나무","heightM":6.0,"crownWidthM":6.0,"rawHeight":6.0,"rawCrownWidth":6.0,"quality":"valid","sourceYear":2013},"geometry":{"type":"Point","coordinates":[126.93084995,37.51807425]}},{"type":"Feature","id":"park-private-97104","properties":{"id":"park-private-97104","dataset":"park-private","gu":"영등포구","species":"은행나무","heightM":8.0,"crownWidthM":4.0,"rawHeight":8.0,"rawCrownWidth":4.0,"quality":"valid","sourceYear":2013},"geometry":{"type":"Point","coordinates":[126.93545785,37.51955606]}},{"type":"Feature","id":"park-private-97143","properties":{"id":"park-private-97143","dataset":"park-private","gu":"영등포구","species":"꽃사과","heightM":6.0,"crownWidthM":3.0,"rawHeight":6.0,"rawCrownWidth":3.0,"quality":"valid","sourceYear":2013},"geometry":{"type":"Point","coordinates":[126.9310734,37.51737033]}},{"type":"Feature","id":"park-private-97193","properties":{"id":"park-private-97193","dataset":"park-private","gu":"영등포구","species":"은행나무","heightM":8.0,"crownWidthM":4.0,"rawHeight":8.0,"rawCrownWidth":4.0,"quality":"valid","sourceYear":2013},"geometry":{"type":"Point","coordinates":[126.93218689,37.51841498]}},{"type":"Feature","id":"park-private-97259","properties":{"id":"park-private-97259","dataset":"park-private","gu":"영등포구","species":"은행나무","heightM":8.0,"crownWidthM":4.0,"rawHeight":8.0,"rawCrownWidth":4.0,"quality":"valid","sourceYear":2013},"geometry":{"type":"Point","coordinates":[126.93706884,37.51913891]}},{"type":"Feature","id":"park-private-97340","properties":{"id":"park-private-97340","dataset":"park-private","gu":"영등포구","species":"벚나무","heightM":5.0,"crownWidthM":4.0,"rawHeight":5.0,"rawCrownWidth":4.0,"quality":"valid","sourceYear":2013},"geometry":{"type":"Point","coordinates":[126.93270027,37.51709324]}},{"type":"Feature","id":"park-private-97437","properties":{"id":"park-private-97437","dataset":"park-private","gu":"영등포구","species":"벚나무","heightM":7.0,"crownWidthM":5.0,"rawHeight":7.0,"rawCrownWidth":5.0,"quality":"valid","sourceYear":2013},"geometry":{"type":"Point","coordinates":[126.93674257,37.51913869]}},{"type":"Feature","id":"park-private-97440","properties":{"id":"park-private-97440","dataset":"park-private","gu":"영등포구","species":"중국단풍","heightM":7.0,"crownWidthM":6.0,"rawHeight":7.0,"rawCrownWidth":6.0,"quality":"valid","sourceYear":2013},"geometry":{"type":"Point","coordinates":[126.93756064,37.51799478]}},{"type":"Feature","id":"park-private-97449","properties":{"id":"park-private-97449","dataset":"park-private","gu":"영등포구","species":"은행나무","heightM":8.0,"crownWidthM":5.0,"rawHeight":8.0,"rawCrownWidth":5.0,"quality":"valid","sourceYear":2013},"geometry":{"type":"Point","coordinates":[126.93642137,37.51958514]}},{"type":"Feature","id":"park-private-97450","properties":{"id":"park-private-97450","dataset":"park-private","gu":"영등포구","species":"꽃사과","heightM":6.0,"crownWidthM":5.0,"rawHeight":6.0,"rawCrownWidth":5.0,"quality":"valid","sourceYear":2013},"geometry":{"type":"Point","coordinates":[126.93056042,37.51733262]}},{"type":"Feature","id":"park-private-97453","properties":{"id":"park-private-97453","dataset":"park-private","gu":"영등포구","species":"은행나무","heightM":9.0,"crownWidthM":6.0,"rawHeight":9.0,"rawCrownWidth":6.0,"quality":"valid","sourceYear":2013},"geometry":{"type":"Point","coordinates":[126.93425134,37.51821713]}},{"type":"Feature","id":"park-private-97461","properties":{"id":"park-private-97461","dataset":"park-private","gu":"영등포구","species":"실화백","heightM":6.0,"crownWidthM":5.0,"rawHeight":6.0,"rawCrownWidth":5.0,"quality":"valid","sourceYear":2013},"geometry":{"type":"Point","coordinates":[126.93139399,37.51741401]}},{"type":"Feature","id":"park-private-97520","properties":{"id":"park-private-97520","dataset":"park-private","gu":"영등포구","species":"벚나무","heightM":5.0,"crownWidthM":5.0,"rawHeight":5.0,"rawCrownWidth":5.0,"quality":"valid","sourceYear":2013},"geometry":{"type":"Point","coordinates":[126.9314445,37.51701959]}},{"type":"Feature","id":"park-private-97532","properties":{"id":"park-private-97532","dataset":"park-private","gu":"영등포구","species":"은행나무","heightM":10.0,"crownWidthM":5.0,"rawHeight":10.0,"rawCrownWidth":5.0,"quality":"valid","sourceYear":2013},"geometry":{"type":"Point","coordinates":[126.93111624,37.5179647]}},{"type":"Feature","id":"park-private-97591","properties":{"id":"park-private-97591","dataset":"park-private","gu":"영등포구","species":"은행나무","heightM":8.0,"crownWidthM":4.0,"rawHeight":8.0,"rawCrownWidth":4.0,"quality":"valid","sourceYear":2013},"geometry":{"type":"Point","coordinates":[126.93700257,37.51909826]}},{"type":"Feature","id":"park-private-97613","properties":{"id":"park-private-97613","dataset":"park-private","gu":"영등포구","species":"벚나무","heightM":5.0,"crownWidthM":5.0,"rawHeight":5.0,"rawCrownWidth":5.0,"quality":"valid","sourceYear":2013},"geometry":{"type":"Point","coordinates":[126.93371726,37.51719322]}},{"type":"Feature","id":"park-private-97736","properties":{"id":"park-private-97736","dataset":"park-private","gu":"영등포구","species":"벚나무","heightM":5.0,"crownWidthM":6.0,"rawHeight":5.0,"rawCrownWidth":6.0,"quality":"valid","sourceYear":2013},"geometry":{"type":"Point","coordinates":[126.93478565,37.51730291]}},{"type":"Feature","id":"park-private-97788","properties":{"id":"park-private-97788","dataset":"park-private","gu":"영등포구","species":"벚나무","heightM":5.0,"crownWidthM":5.0,"rawHeight":5.0,"rawCrownWidth":5.0,"quality":"valid","sourceYear":2013},"geometry":{"type":"Point","coordinates":[126.93815041,37.51781211]}},{"type":"Feature","id":"park-private-97817","properties":{"id":"park-private-97817","dataset":"park-private","gu":"영등포구","species":"은행나무","heightM":8.0,"crownWidthM":5.0,"rawHeight":8.0,"rawCrownWidth":5.0,"quality":"valid","sourceYear":2013},"geometry":{"type":"Point","coordinates":[126.93739511,37.51934216]}},{"type":"Feature","id":"park-private-97822","properties":{"id":"park-private-97822","dataset":"park-private","gu":"영등포구","species":"가중나무","heightM":8.0,"crownWidthM":4.0,"rawHeight":8.0,"rawCrownWidth":4.0,"quality":"valid","sourceYear":2013},"geometry":{"type":"Point","coordinates":[126.93540404,37.51809413]}},{"type":"Feature","id":"park-private-97892","properties":{"id":"park-private-97892","dataset":"park-private","gu":"영등포구","species":"벚나무","heightM":5.0,"crownWidthM":5.0,"rawHeight":5.0,"rawCrownWidth":5.0,"quality":"valid","sourceYear":2013},"geometry":{"type":"Point","coordinates":[126.93243765,37.51708534]}},{"type":"Feature","id":"park-private-97965","properties":{"id":"park-private-97965","dataset":"park-private","gu":"영등포구","species":"은단풍","heightM":7.0,"crownWidthM":3.0,"rawHeight":7.0,"rawCrownWidth":3.0,"quality":"valid","sourceYear":2013},"geometry":{"type":"Point","coordinates":[126.93347184,37.51739617]}},{"type":"Feature","id":"park-private-97966","properties":{"id":"park-private-97966","dataset":"park-private","gu":"영등포구","species":"은행나무","heightM":8.0,"crownWidthM":4.0,"rawHeight":8.0,"rawCrownWidth":4.0,"quality":"valid","sourceYear":2013},"geometry":{"type":"Point","coordinates":[126.93671199,37.51893563]}},{"type":"Feature","id":"park-private-98035","properties":{"id":"park-private-98035","dataset":"park-private","gu":"영등포구","species":"은행나무","heightM":7.0,"crownWidthM":7.0,"rawHeight":7.0,"rawCrownWidth":7.0,"quality":"valid","sourceYear":2013},"geometry":{"type":"Point","coordinates":[126.93068615,37.51948055]}},{"type":"Feature","id":"park-private-98289","properties":{"id":"park-private-98289","dataset":"park-private","gu":"영등포구","species":"은행나무","heightM":8.0,"crownWidthM":4.0,"rawHeight":8.0,"rawCrownWidth":4.0,"quality":"valid","sourceYear":2013},"geometry":{"type":"Point","coordinates":[126.93782843,37.51960233]}},{"type":"Feature","id":"park-private-98359","properties":{"id":"park-private-98359","dataset":"park-private","gu":"영등포구","species":"목련","heightM":7.0,"crownWidthM":8.0,"rawHeight":7.0,"rawCrownWidth":8.0,"quality":"valid","sourceYear":2013},"geometry":{"type":"Point","coordinates":[126.93472189,37.51977361]}},{"type":"Feature","id":"park-private-98451","properties":{"id":"park-private-98451","dataset":"park-private","gu":"영등포구","species":"은행나무","heightM":5.0,"crownWidthM":3.0,"rawHeight":5.0,"rawCrownWidth":3.0,"quality":"valid","sourceYear":2013},"geometry":{"type":"Point","coordinates":[126.93074673,37.51721722]}},{"type":"Feature","id":"park-private-98452","properties":{"id":"park-private-98452","dataset":"park-private","gu":"영등포구","species":"느티나무","heightM":6.0,"crownWidthM":6.0,"rawHeight":6.0,"rawCrownWidth":6.0,"quality":"valid","sourceYear":2013},"geometry":{"type":"Point","coordinates":[126.93140365,37.5175224]}},{"type":"Feature","id":"park-private-98512","properties":{"id":"park-private-98512","dataset":"park-private","gu":"영등포구","species":"은단풍","heightM":5.0,"crownWidthM":2.0,"rawHeight":5.0,"rawCrownWidth":2.0,"quality":"valid","sourceYear":2013},"geometry":{"type":"Point","coordinates":[126.93374946,37.51796453]}},{"type":"Feature","id":"park-private-98581","properties":{"id":"park-private-98581","dataset":"park-private","gu":"영등포구","species":"벚나무","heightM":7.0,"crownWidthM":6.0,"rawHeight":7.0,"rawCrownWidth":6.0,"quality":"valid","sourceYear":2013},"geometry":{"type":"Point","coordinates":[126.93529984,37.51977934]}},{"type":"Feature","id":"park-private-98593","properties":{"id":"park-private-98593","dataset":"park-private","gu":"영등포구","species":"은행나무","heightM":12.0,"crownWidthM":5.0,"rawHeight":12.0,"rawCrownWidth":5.0,"quality":"valid","sourceYear":2013},"geometry":{"type":"Point","coordinates":[126.9305098,37.51808622]}},{"type":"Feature","id":"park-private-98669","properties":{"id":"park-private-98669","dataset":"park-private","gu":"영등포구","species":"벚나무","heightM":5.0,"crownWidthM":3.0,"rawHeight":5.0,"rawCrownWidth":3.0,"quality":"valid","sourceYear":2013},"geometry":{"type":"Point","coordinates":[126.93375815,37.5178348]}},{"type":"Feature","id":"park-private-98727","properties":{"id":"park-private-98727","dataset":"park-private","gu":"영등포구","species":"향나무","heightM":8.0,"crownWidthM":3.0,"rawHeight":8.0,"rawCrownWidth":3.0,"quality":"valid","sourceYear":2013},"geometry":{"type":"Point","coordinates":[126.93066142,37.51778773]}},{"type":"Feature","id":"park-private-98747","properties":{"id":"park-private-98747","dataset":"park-private","gu":"영등포구","species":"은행나무","heightM":12.0,"crownWidthM":5.0,"rawHeight":12.0,"rawCrownWidth":5.0,"quality":"valid","sourceYear":2013},"geometry":{"type":"Point","coordinates":[126.93615166,37.5195288]}},{"type":"Feature","id":"park-private-98787","properties":{"id":"park-private-98787","dataset":"park-private","gu":"영등포구","species":"버드나무","heightM":6.0,"crownWidthM":2.0,"rawHeight":6.0,"rawCrownWidth":2.0,"quality":"valid","sourceYear":2013},"geometry":{"type":"Point","coordinates":[126.93253471,37.51921112]}},{"type":"Feature","id":"park-private-98978","properties":{"id":"park-private-98978","dataset":"park-private","gu":"영등포구","species":"은행나무","heightM":8.0,"crownWidthM":4.0,"rawHeight":8.0,"rawCrownWidth":4.0,"quality":"valid","sourceYear":2013},"geometry":{"type":"Point","coordinates":[126.93603396,37.51896766]}},{"type":"Feature","id":"park-private-98979","properties":{"id":"park-private-98979","dataset":"park-private","gu":"영등포구","species":"벚나무","heightM":6.0,"crownWidthM":3.0,"rawHeight":6.0,"rawCrownWidth":3.0,"quality":"valid","sourceYear":2013},"geometry":{"type":"Point","coordinates":[126.93563119,37.51936939]}},{"type":"Feature","id":"park-private-98987","properties":{"id":"park-private-98987","dataset":"park-private","gu":"영등포구","species":"은행나무","heightM":8.0,"crownWidthM":4.0,"rawHeight":8.0,"rawCrownWidth":4.0,"quality":"valid","sourceYear":2013},"geometry":{"type":"Point","coordinates":[126.9369312,37.51908196]}},{"type":"Feature","id":"park-private-99137","properties":{"id":"park-private-99137","dataset":"park-private","gu":"영등포구","species":"은행나무","heightM":8.0,"crownWidthM":4.0,"rawHeight":8.0,"rawCrownWidth":4.0,"quality":"valid","sourceYear":2013},"geometry":{"type":"Point","coordinates":[126.93327847,37.51797803]}},{"type":"Feature","id":"park-private-99293","properties":{"id":"park-private-99293","dataset":"park-private","gu":"영등포구","species":"가중나무","heightM":9.0,"crownWidthM":3.0,"rawHeight":9.0,"rawCrownWidth":3.0,"quality":"valid","sourceYear":2013},"geometry":{"type":"Point","coordinates":[126.93836882,37.51992754]}},{"type":"Feature","id":"park-private-99312","properties":{"id":"park-private-99312","dataset":"park-private","gu":"영등포구","species":"벚나무","heightM":5.0,"crownWidthM":5.0,"rawHeight":5.0,"rawCrownWidth":5.0,"quality":"valid","sourceYear":2013},"geometry":{"type":"Point","coordinates":[126.93807902,37.51780394]}},{"type":"Feature","id":"park-private-99342","properties":{"id":"park-private-99342","dataset":"park-private","gu":"영등포구","species":"은행나무","heightM":9.0,"crownWidthM":6.0,"rawHeight":9.0,"rawCrownWidth":6.0,"quality":"valid","sourceYear":2013},"geometry":{"type":"Point","coordinates":[126.9371037,37.51916168]}},{"type":"Feature","id":"park-private-99460","properties":{"id":"park-private-99460","dataset":"park-private","gu":"영등포구","species":"벚나무","heightM":5.0,"crownWidthM":5.0,"rawHeight":5.0,"rawCrownWidth":5.0,"quality":"valid","sourceYear":2013},"geometry":{"type":"Point","coordinates":[126.93548398,37.5174003]}},{"type":"Feature","id":"park-private-99473","properties":{"id":"park-private-99473","dataset":"park-private","gu":"영등포구","species":"벚나무","heightM":6.0,"crownWidthM":5.0,"rawHeight":6.0,"rawCrownWidth":5.0,"quality":"valid","sourceYear":2013},"geometry":{"type":"Point","coordinates":[126.93274624,37.51709665]}},{"type":"Feature","id":"park-private-99481","properties":{"id":"park-private-99481","dataset":"park-private","gu":"영등포구","species":"네군도단풍","heightM":6.0,"crownWidthM":2.0,"rawHeight":6.0,"rawCrownWidth":2.0,"quality":"valid","sourceYear":2013},"geometry":{"type":"Point","coordinates":[126.93416728,37.51746671]}},{"type":"Feature","id":"park-private-99484","properties":{"id":"park-private-99484","dataset":"park-private","gu":"영등포구","species":"벚나무","heightM":7.0,"crownWidthM":6.0,"rawHeight":7.0,"rawCrownWidth":6.0,"quality":"valid","sourceYear":2013},"geometry":{"type":"Point","coordinates":[126.93666609,37.51930918]}},{"type":"Feature","id":"park-private-99599","properties":{"id":"park-private-99599","dataset":"park-private","gu":"영등포구","species":"단풍나무","heightM":5.0,"crownWidthM":5.0,"rawHeight":5.0,"rawCrownWidth":5.0,"quality":"valid","sourceYear":2013},"geometry":{"type":"Point","coordinates":[126.93070417,37.51797348]}},{"type":"Feature","id":"park-private-99628","properties":{"id":"park-private-99628","dataset":"park-private","gu":"영등포구","species":"벚나무","heightM":5.0,"crownWidthM":6.0,"rawHeight":5.0,"rawCrownWidth":6.0,"quality":"valid","sourceYear":2013},"geometry":{"type":"Point","coordinates":[126.93800763,37.51779576]}},{"type":"Feature","id":"park-private-99640","properties":{"id":"park-private-99640","dataset":"park-private","gu":"영등포구","species":"네군도단풍","heightM":5.0,"crownWidthM":1.0,"rawHeight":5.0,"rawCrownWidth":1.0,"quality":"valid","sourceYear":2013},"geometry":{"type":"Point","coordinates":[126.93381103,37.51790148]}},{"type":"Feature","id":"park-private-99739","properties":{"id":"park-private-99739","dataset":"park-private","gu":"영등포구","species":"은행나무","heightM":8.0,"crownWidthM":4.0,"rawHeight":8.0,"rawCrownWidth":4.0,"quality":"valid","sourceYear":2013},"geometry":{"type":"Point","coordinates":[126.93690571,37.51903322]}},{"type":"Feature","id":"park-private-99749","properties":{"id":"park-private-99749","dataset":"park-private","gu":"영등포구","species":"은행나무","heightM":8.0,"crownWidthM":4.0,"rawHeight":8.0,"rawCrownWidth":4.0,"quality":"valid","sourceYear":2013},"geometry":{"type":"Point","coordinates":[126.93647745,37.51962173]}},{"type":"Feature","id":"park-private-99760","properties":{"id":"park-private-99760","dataset":"park-private","gu":"영등포구","species":"벚나무","heightM":6.0,"crownWidthM":3.0,"rawHeight":6.0,"rawCrownWidth":3.0,"quality":"valid","sourceYear":2013},"geometry":{"type":"Point","coordinates":[126.93343785,37.51716179]}},{"type":"Feature","id":"park-private-99790","properties":{"id":"park-private-99790","dataset":"park-private","gu":"영등포구","species":"네군도단풍","heightM":5.0,"crownWidthM":2.0,"rawHeight":5.0,"rawCrownWidth":2.0,"quality":"valid","sourceYear":2013},"geometry":{"type":"Point","coordinates":[126.93391657,37.51778937]}},{"type":"Feature","id":"park-private-99876","properties":{"id":"park-private-99876","dataset":"park-private","gu":"영등포구","species":"은행나무","heightM":8.0,"crownWidthM":5.0,"rawHeight":8.0,"rawCrownWidth":5.0,"quality":"valid","sourceYear":2013},"geometry":{"type":"Point","coordinates":[126.93723036,37.51937005]}},{"type":"Feature","id":"park-private-99887","properties":{"id":"park-private-99887","dataset":"park-private","gu":"영등포구","species":"꽃사과","heightM":5.0,"crownWidthM":5.0,"rawHeight":5.0,"rawCrownWidth":5.0,"quality":"valid","sourceYear":2013},"geometry":{"type":"Point","coordinates":[126.93047103,37.51733251]}},{"type":"Feature","id":"park-private-99896","properties":{"id":"park-private-99896","dataset":"park-private","gu":"영등포구","species":"은행나무","heightM":9.0,"crownWidthM":5.0,"rawHeight":9.0,"rawCrownWidth":5.0,"quality":"valid","sourceYear":2013},"geometry":{"type":"Point","coordinates":[126.9381496,37.51979339]}},{"type":"Feature","id":"park-private-99925","properties":{"id":"park-private-99925","dataset":"park-private","gu":"영등포구","species":"대추나무","heightM":5.0,"crownWidthM":2.0,"rawHeight":5.0,"rawCrownWidth":2.0,"quality":"valid","sourceYear":2013},"geometry":{"type":"Point","coordinates":[126.93407044,37.51762804]}},{"type":"Feature","id":"park-private-100035","properties":{"id":"park-private-100035","dataset":"park-private","gu":"영등포구","species":"은행나무","heightM":12.0,"crownWidthM":5.0,"rawHeight":12.0,"rawCrownWidth":5.0,"quality":"valid","sourceYear":2013},"geometry":{"type":"Point","coordinates":[126.9306614,37.51819009]}},{"type":"Feature","id":"park-private-100051","properties":{"id":"park-private-100051","dataset":"park-private","gu":"영등포구","species":"벚나무","heightM":5.0,"crownWidthM":5.0,"rawHeight":5.0,"rawCrownWidth":5.0,"quality":"valid","sourceYear":2013},"geometry":{"type":"Point","coordinates":[126.93302972,37.51712022]}},{"type":"Feature","id":"park-private-100069","properties":{"id":"park-private-100069","dataset":"park-private","gu":"영등포구","species":"은행나무","heightM":8.0,"crownWidthM":4.0,"rawHeight":8.0,"rawCrownWidth":4.0,"quality":"valid","sourceYear":2013},"geometry":{"type":"Point","coordinates":[126.9366916,37.51889907]}},{"type":"Feature","id":"park-private-100100","properties":{"id":"park-private-100100","dataset":"park-private","gu":"영등포구","species":"벚나무","heightM":5.0,"crownWidthM":5.0,"rawHeight":5.0,"rawCrownWidth":5.0,"quality":"valid","sourceYear":2013},"geometry":{"type":"Point","coordinates":[126.93295332,37.51711633]}},{"type":"Feature","id":"park-private-100162","properties":{"id":"park-private-100162","dataset":"park-private","gu":"영등포구","species":"은행나무","heightM":9.0,"crownWidthM":6.0,"rawHeight":9.0,"rawCrownWidth":6.0,"quality":"valid","sourceYear":2013},"geometry":{"type":"Point","coordinates":[126.93789471,37.51932219]}},{"type":"Feature","id":"park-private-100230","properties":{"id":"park-private-100230","dataset":"park-private","gu":"영등포구","species":"은행나무","heightM":8.0,"crownWidthM":4.0,"rawHeight":8.0,"rawCrownWidth":4.0,"quality":"valid","sourceYear":2013},"geometry":{"type":"Point","coordinates":[126.93338404,37.51787997]}},{"type":"Feature","id":"park-private-100299","properties":{"id":"park-private-100299","dataset":"park-private","gu":"영등포구","species":"벚나무","heightM":5.0,"crownWidthM":5.0,"rawHeight":5.0,"rawCrownWidth":5.0,"quality":"valid","sourceYear":2013},"geometry":{"type":"Point","coordinates":[126.93782918,37.51777127]}},{"type":"Feature","id":"park-private-100324","properties":{"id":"park-private-100324","dataset":"park-private","gu":"영등포구","species":"은단풍","heightM":7.0,"crownWidthM":5.0,"rawHeight":7.0,"rawCrownWidth":5.0,"quality":"valid","sourceYear":2013},"geometry":{"type":"Point","coordinates":[126.93336336,37.51738836]}},{"type":"Feature","id":"park-private-100344","properties":{"id":"park-private-100344","dataset":"park-private","gu":"영등포구","species":"느티나무","heightM":5.0,"crownWidthM":6.0,"rawHeight":5.0,"rawCrownWidth":6.0,"quality":"valid","sourceYear":2013},"geometry":{"type":"Point","coordinates":[126.93161935,37.51746997]}},{"type":"Feature","id":"park-private-100349","properties":{"id":"park-private-100349","dataset":"park-private","gu":"영등포구","species":"벚나무","heightM":6.0,"crownWidthM":5.0,"rawHeight":6.0,"rawCrownWidth":5.0,"quality":"valid","sourceYear":2013},"geometry":{"type":"Point","coordinates":[126.93234653,37.5170819]}},{"type":"Feature","id":"park-private-100388","properties":{"id":"park-private-100388","dataset":"park-private","gu":"영등포구","species":"소나무","heightM":8.0,"crownWidthM":5.0,"rawHeight":8.0,"rawCrownWidth":5.0,"quality":"valid","sourceYear":2013},"geometry":{"type":"Point","coordinates":[126.93040867,37.51748412]}},{"type":"Feature","id":"park-private-100412","properties":{"id":"park-private-100412","dataset":"park-private","gu":"영등포구","species":"단풍나무","heightM":6.0,"crownWidthM":7.0,"rawHeight":6.0,"rawCrownWidth":7.0,"quality":"valid","sourceYear":2013},"geometry":{"type":"Point","coordinates":[126.93404439,37.51950703]}},{"type":"Feature","id":"park-private-100429","properties":{"id":"park-private-100429","dataset":"park-private","gu":"영등포구","species":"벚나무","heightM":5.0,"crownWidthM":5.0,"rawHeight":5.0,"rawCrownWidth":5.0,"quality":"valid","sourceYear":2013},"geometry":{"type":"Point","coordinates":[126.93084024,37.51788699]}},{"type":"Feature","id":"park-private-100432","properties":{"id":"park-private-100432","dataset":"park-private","gu":"영등포구","species":"은행나무","heightM":8.0,"crownWidthM":5.0,"rawHeight":8.0,"rawCrownWidth":5.0,"quality":"valid","sourceYear":2013},"geometry":{"type":"Point","coordinates":[126.93553432,37.51948302]}},{"type":"Feature","id":"park-private-100501","properties":{"id":"park-private-100501","dataset":"park-private","gu":"영등포구","species":"벚나무","heightM":6.0,"crownWidthM":5.0,"rawHeight":6.0,"rawCrownWidth":5.0,"quality":"valid","sourceYear":2013},"geometry":{"type":"Point","coordinates":[126.93140153,37.51701574]}},{"type":"Feature","id":"park-private-100548","properties":{"id":"park-private-100548","dataset":"park-private","gu":"영등포구","species":"꽃사과","heightM":7.0,"crownWidthM":5.0,"rawHeight":7.0,"rawCrownWidth":5.0,"quality":"valid","sourceYear":2013},"geometry":{"type":"Point","coordinates":[126.93102677,37.51736099]}},{"type":"Feature","id":"park-private-100645","properties":{"id":"park-private-100645","dataset":"park-private","gu":"영등포구","species":"은행나무","heightM":7.0,"crownWidthM":4.0,"rawHeight":7.0,"rawCrownWidth":4.0,"quality":"valid","sourceYear":2013},"geometry":{"type":"Point","coordinates":[126.93021477,37.51992813]}},{"type":"Feature","id":"park-private-100667","properties":{"id":"park-private-100667","dataset":"park-private","gu":"영등포구","species":"벚나무","heightM":6.0,"crownWidthM":5.0,"rawHeight":6.0,"rawCrownWidth":5.0,"quality":"valid","sourceYear":2013},"geometry":{"type":"Point","coordinates":[126.93129648,37.51701182]}},{"type":"Feature","id":"park-private-100677","properties":{"id":"park-private-100677","dataset":"park-private","gu":"영등포구","species":"은행나무","heightM":12.0,"crownWidthM":5.0,"rawHeight":12.0,"rawCrownWidth":5.0,"quality":"valid","sourceYear":2013},"geometry":{"type":"Point","coordinates":[126.9311317,37.5173673]}},{"type":"Feature","id":"park-private-100685","properties":{"id":"park-private-100685","dataset":"park-private","gu":"영등포구","species":"은행나무","heightM":10.0,"crownWidthM":4.0,"rawHeight":10.0,"rawCrownWidth":4.0,"quality":"valid","sourceYear":2013},"geometry":{"type":"Point","coordinates":[126.93381118,37.51808733]}},{"type":"Feature","id":"park-private-100694","properties":{"id":"park-private-100694","dataset":"park-private","gu":"영등포구","species":"향나무","heightM":5.0,"crownWidthM":4.0,"rawHeight":5.0,"rawCrownWidth":4.0,"quality":"valid","sourceYear":2013},"geometry":{"type":"Point","coordinates":[126.93087894,37.51748156]}},{"type":"Feature","id":"park-private-100698","properties":{"id":"park-private-100698","dataset":"park-private","gu":"영등포구","species":"은행나무","heightM":9.0,"crownWidthM":3.0,"rawHeight":9.0,"rawCrownWidth":3.0,"quality":"valid","sourceYear":2013},"geometry":{"type":"Point","coordinates":[126.93637638,37.5196038]}},{"type":"Feature","id":"park-private-100719","properties":{"id":"park-private-100719","dataset":"park-private","gu":"영등포구","species":"벚나무","heightM":5.0,"crownWidthM":6.0,"rawHeight":5.0,"rawCrownWidth":6.0,"quality":"valid","sourceYear":2013},"geometry":{"type":"Point","coordinates":[126.9329169,37.51711115]}},{"type":"Feature","id":"park-private-100757","properties":{"id":"park-private-100757","dataset":"park-private","gu":"영등포구","species":"은행나무","heightM":9.0,"crownWidthM":5.0,"rawHeight":9.0,"rawCrownWidth":5.0,"quality":"valid","sourceYear":2013},"geometry":{"type":"Point","coordinates":[126.93439643,37.51807333]}},{"type":"Feature","id":"park-private-100762","properties":{"id":"park-private-100762","dataset":"park-private","gu":"영등포구","species":"양버즘나무","heightM":12.0,"crownWidthM":5.0,"rawHeight":12.0,"rawCrownWidth":5.0,"quality":"valid","sourceYear":2013},"geometry":{"type":"Point","coordinates":[126.9301724,37.51717341]}},{"type":"Feature","id":"park-private-100766","properties":{"id":"park-private-100766","dataset":"park-private","gu":"영등포구","species":"느티나무","heightM":5.0,"crownWidthM":4.0,"rawHeight":5.0,"rawCrownWidth":4.0,"quality":"valid","sourceYear":2013},"geometry":{"type":"Point","coordinates":[126.93768624,37.51801879]}},{"type":"Feature","id":"park-private-100804","properties":{"id":"park-private-100804","dataset":"park-private","gu":"영등포구","species":"단풍나무","heightM":5.0,"crownWidthM":5.0,"rawHeight":5.0,"rawCrownWidth":5.0,"quality":"valid","sourceYear":2013},"geometry":{"type":"Point","coordinates":[126.93002799,37.51736607]}},{"type":"Feature","id":"park-private-100868","properties":{"id":"park-private-100868","dataset":"park-private","gu":"영등포구","species":"느티나무","heightM":8.0,"crownWidthM":8.0,"rawHeight":8.0,"rawCrownWidth":8.0,"quality":"valid","sourceYear":2013},"geometry":{"type":"Point","coordinates":[126.93110457,37.51774497]}},{"type":"Feature","id":"park-private-100870","properties":{"id":"park-private-100870","dataset":"park-private","gu":"영등포구","species":"오동나무","heightM":6.0,"crownWidthM":2.0,"rawHeight":6.0,"rawCrownWidth":2.0,"quality":"valid","sourceYear":2013},"geometry":{"type":"Point","coordinates":[126.93281649,37.51877679]}},{"type":"Feature","id":"park-private-100904","properties":{"id":"park-private-100904","dataset":"park-private","gu":"영등포구","species":"이태리포플러","heightM":5.0,"crownWidthM":2.0,"rawHeight":5.0,"rawCrownWidth":2.0,"quality":"valid","sourceYear":2013},"geometry":{"type":"Point","coordinates":[126.93231458,37.51828543]}},{"type":"Feature","id":"park-private-100924","properties":{"id":"park-private-100924","dataset":"park-private","gu":"영등포구","species":"꽃사과","heightM":7.0,"crownWidthM":5.0,"rawHeight":7.0,"rawCrownWidth":5.0,"quality":"valid","sourceYear":2013},"geometry":{"type":"Point","coordinates":[126.93071199,37.51733898]}},{"type":"Feature","id":"park-private-101024","properties":{"id":"park-private-101024","dataset":"park-private","gu":"영등포구","species":"벚나무","heightM":6.0,"crownWidthM":6.0,"rawHeight":6.0,"rawCrownWidth":6.0,"quality":"valid","sourceYear":2013},"geometry":{"type":"Point","coordinates":[126.93504124,37.51733393]}},{"type":"Feature","id":"park-private-101191","properties":{"id":"park-private-101191","dataset":"park-private","gu":"영등포구","species":"느티나무","heightM":5.0,"crownWidthM":5.0,"rawHeight":5.0,"rawCrownWidth":5.0,"quality":"valid","sourceYear":2013},"geometry":{"type":"Point","coordinates":[126.93095053,37.51729757]}},{"type":"Feature","id":"park-private-101199","properties":{"id":"park-private-101199","dataset":"park-private","gu":"영등포구","species":"은행나무","heightM":12.0,"crownWidthM":8.0,"rawHeight":12.0,"rawCrownWidth":8.0,"quality":"valid","sourceYear":2013},"geometry":{"type":"Point","coordinates":[126.93701787,37.51982554]}},{"type":"Feature","id":"park-private-101233","properties":{"id":"park-private-101233","dataset":"park-private","gu":"영등포구","species":"은행나무","heightM":8.0,"crownWidthM":4.0,"rawHeight":8.0,"rawCrownWidth":4.0,"quality":"valid","sourceYear":2013},"geometry":{"type":"Point","coordinates":[126.93659474,37.51884216]}},{"type":"Feature","id":"park-private-101306","properties":{"id":"park-private-101306","dataset":"park-private","gu":"영등포구","species":"은행나무","heightM":8.0,"crownWidthM":4.0,"rawHeight":8.0,"rawCrownWidth":4.0,"quality":"valid","sourceYear":2013},"geometry":{"type":"Point","coordinates":[126.93331366,37.5179395]}},{"type":"Feature","id":"park-private-101469","properties":{"id":"park-private-101469","dataset":"park-private","gu":"영등포구","species":"벚나무","heightM":6.0,"crownWidthM":4.0,"rawHeight":6.0,"rawCrownWidth":4.0,"quality":"valid","sourceYear":2013},"geometry":{"type":"Point","coordinates":[126.9351521,37.51986058]}},{"type":"Feature","id":"park-private-101492","properties":{"id":"park-private-101492","dataset":"park-private","gu":"영등포구","species":"현사시","heightM":6.0,"crownWidthM":2.0,"rawHeight":6.0,"rawCrownWidth":2.0,"quality":"valid","sourceYear":2013},"geometry":{"type":"Point","coordinates":[126.93293537,37.51880498]}},{"type":"Feature","id":"park-private-101505","properties":{"id":"park-private-101505","dataset":"park-private","gu":"영등포구","species":"은행나무","heightM":8.0,"crownWidthM":4.0,"rawHeight":8.0,"rawCrownWidth":4.0,"quality":"valid","sourceYear":2013},"geometry":{"type":"Point","coordinates":[126.93768569,37.51952508]}},{"type":"Feature","id":"park-private-101520","properties":{"id":"park-private-101520","dataset":"park-private","gu":"영등포구","species":"네군도단풍","heightM":6.0,"crownWidthM":4.0,"rawHeight":6.0,"rawCrownWidth":4.0,"quality":"valid","sourceYear":2013},"geometry":{"type":"Point","coordinates":[126.93419366,37.51750176]}},{"type":"Feature","id":"park-private-101540","properties":{"id":"park-private-101540","dataset":"park-private","gu":"영등포구","species":"벚나무","heightM":7.0,"crownWidthM":7.0,"rawHeight":7.0,"rawCrownWidth":7.0,"quality":"valid","sourceYear":2013},"geometry":{"type":"Point","coordinates":[126.93675783,37.51995895]}},{"type":"Feature","id":"park-private-101546","properties":{"id":"park-private-101546","dataset":"park-private","gu":"영등포구","species":"이태리포플러","heightM":14.0,"crownWidthM":8.0,"rawHeight":14.0,"rawCrownWidth":8.0,"quality":"valid","sourceYear":2013},"geometry":{"type":"Point","coordinates":[126.93996417,37.51819904]}},{"type":"Feature","id":"park-private-101590","properties":{"id":"park-private-101590","dataset":"park-private","gu":"영등포구","species":"벚나무","heightM":5.0,"crownWidthM":5.0,"rawHeight":5.0,"rawCrownWidth":5.0,"quality":"valid","sourceYear":2013},"geometry":{"type":"Point","coordinates":[126.93333529,37.51715477]}},{"type":"Feature","id":"park-private-101595","properties":{"id":"park-private-101595","dataset":"park-private","gu":"영등포구","species":"느티나무","heightM":5.0,"crownWidthM":5.0,"rawHeight":5.0,"rawCrownWidth":5.0,"quality":"valid","sourceYear":2013},"geometry":{"type":"Point","coordinates":[126.93025152,37.51722724]}},{"type":"Feature","id":"park-private-101680","properties":{"id":"park-private-101680","dataset":"park-private","gu":"영등포구","species":"은행나무","heightM":8.0,"crownWidthM":4.0,"rawHeight":8.0,"rawCrownWidth":4.0,"quality":"valid","sourceYear":2013},"geometry":{"type":"Point","coordinates":[126.93626848,37.51874448]}},{"type":"Feature","id":"park-private-101791","properties":{"id":"park-private-101791","dataset":"park-private","gu":"영등포구","species":"은행나무","heightM":9.0,"crownWidthM":5.0,"rawHeight":9.0,"rawCrownWidth":5.0,"quality":"valid","sourceYear":2013},"geometry":{"type":"Point","coordinates":[126.93430411,37.51817855]}},{"type":"Feature","id":"park-private-101881","properties":{"id":"park-private-101881","dataset":"park-private","gu":"영등포구","species":"소나무","heightM":8.0,"crownWidthM":5.0,"rawHeight":8.0,"rawCrownWidth":5.0,"quality":"valid","sourceYear":2013},"geometry":{"type":"Point","coordinates":[126.9302778,37.51770588]}},{"type":"Feature","id":"park-private-101922","properties":{"id":"park-private-101922","dataset":"park-private","gu":"영등포구","species":"은행나무","heightM":8.0,"crownWidthM":5.0,"rawHeight":8.0,"rawCrownWidth":5.0,"quality":"valid","sourceYear":2013},"geometry":{"type":"Point","coordinates":[126.93680884,37.51913467]}},{"type":"Feature","id":"park-private-101946","properties":{"id":"park-private-101946","dataset":"park-private","gu":"영등포구","species":"은행나무","heightM":8.0,"crownWidthM":4.0,"rawHeight":8.0,"rawCrownWidth":4.0,"quality":"valid","sourceYear":2013},"geometry":{"type":"Point","coordinates":[126.9371708,37.51920395]}},{"type":"Feature","id":"park-private-102098","properties":{"id":"park-private-102098","dataset":"park-private","gu":"영등포구","species":"벚나무","heightM":8.0,"crownWidthM":7.0,"rawHeight":8.0,"rawCrownWidth":7.0,"quality":"valid","sourceYear":2013},"geometry":{"type":"Point","coordinates":[126.93586571,37.51923555]}},{"type":"Feature","id":"park-private-102281","properties":{"id":"park-private-102281","dataset":"park-private","gu":"영등포구","species":"벚나무","heightM":5.0,"crownWidthM":6.0,"rawHeight":5.0,"rawCrownWidth":6.0,"quality":"valid","sourceYear":2013},"geometry":{"type":"Point","coordinates":[126.93080609,37.51697646]}},{"type":"Feature","id":"park-private-102295","properties":{"id":"park-private-102295","dataset":"park-private","gu":"영등포구","species":"단풍나무","heightM":7.0,"crownWidthM":10.0,"rawHeight":7.0,"rawCrownWidth":10.0,"quality":"valid","sourceYear":2013},"geometry":{"type":"Point","coordinates":[126.93462953,37.51972455]}},{"type":"Feature","id":"park-private-102321","properties":{"id":"park-private-102321","dataset":"park-private","gu":"영등포구","species":"은행나무","heightM":8.0,"crownWidthM":5.0,"rawHeight":8.0,"rawCrownWidth":5.0,"quality":"valid","sourceYear":2013},"geometry":{"type":"Point","coordinates":[126.93704648,37.51960425]}},{"type":"Feature","id":"park-private-102381","properties":{"id":"park-private-102381","dataset":"park-private","gu":"영등포구","species":"단풍나무","heightM":6.0,"crownWidthM":7.0,"rawHeight":6.0,"rawCrownWidth":7.0,"quality":"valid","sourceYear":2013},"geometry":{"type":"Point","coordinates":[126.93531594,37.51869366]}},{"type":"Feature","id":"park-private-102417","properties":{"id":"park-private-102417","dataset":"park-private","gu":"영등포구","species":"벚나무","heightM":5.0,"crownWidthM":5.0,"rawHeight":5.0,"rawCrownWidth":5.0,"quality":"valid","sourceYear":2013},"geometry":{"type":"Point","coordinates":[126.93211774,37.51706597]}},{"type":"Feature","id":"park-private-102451","properties":{"id":"park-private-102451","dataset":"park-private","gu":"영등포구","species":"중국단풍","heightM":9.0,"crownWidthM":6.0,"rawHeight":9.0,"rawCrownWidth":6.0,"quality":"valid","sourceYear":2013},"geometry":{"type":"Point","coordinates":[126.93765826,37.51804868]}},{"type":"Feature","id":"park-private-102494","properties":{"id":"park-private-102494","dataset":"park-private","gu":"영등포구","species":"메타세쿼이아","heightM":10.0,"crownWidthM":4.0,"rawHeight":10.0,"rawCrownWidth":4.0,"quality":"valid","sourceYear":2013},"geometry":{"type":"Point","coordinates":[126.93466457,37.51777172]}},{"type":"Feature","id":"park-private-102505","properties":{"id":"park-private-102505","dataset":"park-private","gu":"영등포구","species":"은행나무","heightM":8.0,"crownWidthM":4.0,"rawHeight":8.0,"rawCrownWidth":4.0,"quality":"valid","sourceYear":2013},"geometry":{"type":"Point","coordinates":[126.93691588,37.51975602]}},{"type":"Feature","id":"park-private-102517","properties":{"id":"park-private-102517","dataset":"park-private","gu":"영등포구","species":"실화백","heightM":6.0,"crownWidthM":5.0,"rawHeight":6.0,"rawCrownWidth":5.0,"quality":"valid","sourceYear":2013},"geometry":{"type":"Point","coordinates":[126.93088688,37.5176859]}},{"type":"Feature","id":"park-private-102531","properties":{"id":"park-private-102531","dataset":"park-private","gu":"영등포구","species":"이태리포플러","heightM":14.0,"crownWidthM":8.0,"rawHeight":14.0,"rawCrownWidth":8.0,"quality":"valid","sourceYear":2013},"geometry":{"type":"Point","coordinates":[126.93982512,37.5181381]}},{"type":"Feature","id":"park-private-102557","properties":{"id":"park-private-102557","dataset":"park-private","gu":"영등포구","species":"벚나무","heightM":7.0,"crownWidthM":6.0,"rawHeight":7.0,"rawCrownWidth":6.0,"quality":"valid","sourceYear":2013},"geometry":{"type":"Point","coordinates":[126.9366304,37.51934977]}},{"type":"Feature","id":"park-private-102673","properties":{"id":"park-private-102673","dataset":"park-private","gu":"영등포구","species":"은행나무","heightM":8.0,"crownWidthM":5.0,"rawHeight":8.0,"rawCrownWidth":5.0,"quality":"valid","sourceYear":2013},"geometry":{"type":"Point","coordinates":[126.93587591,37.51912998]}},{"type":"Feature","id":"park-private-102684","properties":{"id":"park-private-102684","dataset":"park-private","gu":"영등포구","species":"소나무","heightM":8.0,"crownWidthM":5.0,"rawHeight":8.0,"rawCrownWidth":5.0,"quality":"valid","sourceYear":2013},"geometry":{"type":"Point","coordinates":[126.93002022,37.51745264]}},{"type":"Feature","id":"park-private-102715","properties":{"id":"park-private-102715","dataset":"park-private","gu":"영등포구","species":"메타세쿼이아","heightM":9.0,"crownWidthM":5.0,"rawHeight":9.0,"rawCrownWidth":5.0,"quality":"valid","sourceYear":2013},"geometry":{"type":"Point","coordinates":[126.93091798,37.51785923]}},{"type":"Feature","id":"park-private-102738","properties":{"id":"park-private-102738","dataset":"park-private","gu":"영등포구","species":"향나무","heightM":5.0,"crownWidthM":4.0,"rawHeight":5.0,"rawCrownWidth":4.0,"quality":"valid","sourceYear":2013},"geometry":{"type":"Point","coordinates":[126.93058358,37.51750599]}},{"type":"Feature","id":"park-private-102797","properties":{"id":"park-private-102797","dataset":"park-private","gu":"영등포구","species":"은행나무","heightM":8.0,"crownWidthM":5.0,"rawHeight":8.0,"rawCrownWidth":5.0,"quality":"valid","sourceYear":2013},"geometry":{"type":"Point","coordinates":[126.93084727,37.51729324]}},{"type":"Feature","id":"park-private-102803","properties":{"id":"park-private-102803","dataset":"park-private","gu":"영등포구","species":"벚나무","heightM":5.0,"crownWidthM":5.0,"rawHeight":5.0,"rawCrownWidth":5.0,"quality":"valid","sourceYear":2013},"geometry":{"type":"Point","coordinates":[126.93321593,37.51714324]}},{"type":"Feature","id":"park-private-102853","properties":{"id":"park-private-102853","dataset":"park-private","gu":"영등포구","species":"단풍나무","heightM":5.0,"crownWidthM":5.0,"rawHeight":5.0,"rawCrownWidth":5.0,"quality":"valid","sourceYear":2013},"geometry":{"type":"Point","coordinates":[126.93059533,37.51793621]}},{"type":"Feature","id":"park-private-102870","properties":{"id":"park-private-102870","dataset":"park-private","gu":"영등포구","species":"벚나무","heightM":8.0,"crownWidthM":6.0,"rawHeight":8.0,"rawCrownWidth":6.0,"quality":"valid","sourceYear":2013},"geometry":{"type":"Point","coordinates":[126.93048987,37.51723802]}},{"type":"Feature","id":"park-private-102914","properties":{"id":"park-private-102914","dataset":"park-private","gu":"영등포구","species":"벚나무","heightM":5.0,"crownWidthM":6.0,"rawHeight":5.0,"rawCrownWidth":6.0,"quality":"valid","sourceYear":2013},"geometry":{"type":"Point","coordinates":[126.93587206,37.517452]}},{"type":"Feature","id":"park-private-102935","properties":{"id":"park-private-102935","dataset":"park-private","gu":"영등포구","species":"양버즘나무","heightM":7.0,"crownWidthM":3.0,"rawHeight":7.0,"rawCrownWidth":3.0,"quality":"valid","sourceYear":2013},"geometry":{"type":"Point","coordinates":[126.93023566,37.51717665]}},{"type":"Feature","id":"park-private-103076","properties":{"id":"park-private-103076","dataset":"park-private","gu":"영등포구","species":"네군도단풍","heightM":5.0,"crownWidthM":2.0,"rawHeight":5.0,"rawCrownWidth":2.0,"quality":"valid","sourceYear":2013},"geometry":{"type":"Point","coordinates":[126.93359553,37.51812566]}},{"type":"Feature","id":"park-private-103088","properties":{"id":"park-private-103088","dataset":"park-private","gu":"영등포구","species":"꽃사과","heightM":7.0,"crownWidthM":5.0,"rawHeight":7.0,"rawCrownWidth":5.0,"quality":"valid","sourceYear":2013},"geometry":{"type":"Point","coordinates":[126.93091795,37.51736397]}},{"type":"Feature","id":"park-private-103155","properties":{"id":"park-private-103155","dataset":"park-private","gu":"영등포구","species":"은행나무","heightM":8.0,"crownWidthM":5.0,"rawHeight":8.0,"rawCrownWidth":5.0,"quality":"valid","sourceYear":2013},"geometry":{"type":"Point","coordinates":[126.93078899,37.51732058]}},{"type":"Feature","id":"park-private-103270","properties":{"id":"park-private-103270","dataset":"park-private","gu":"영등포구","species":"네군도단풍","heightM":5.0,"crownWidthM":1.0,"rawHeight":5.0,"rawCrownWidth":1.0,"quality":"valid","sourceYear":2013},"geometry":{"type":"Point","coordinates":[126.93384181,37.51786645]}},{"type":"Feature","id":"park-private-103288","properties":{"id":"park-private-103288","dataset":"park-private","gu":"영등포구","species":"은행나무","heightM":8.0,"crownWidthM":4.0,"rawHeight":8.0,"rawCrownWidth":4.0,"quality":"valid","sourceYear":2013},"geometry":{"type":"Point","coordinates":[126.9332301,37.51802707]}},{"type":"Feature","id":"park-private-103316","properties":{"id":"park-private-103316","dataset":"park-private","gu":"영등포구","species":"단풍나무","heightM":5.0,"crownWidthM":5.0,"rawHeight":5.0,"rawCrownWidth":5.0,"quality":"valid","sourceYear":2013},"geometry":{"type":"Point","coordinates":[126.93065753,37.51797962]}},{"type":"Feature","id":"park-private-103399","properties":{"id":"park-private-103399","dataset":"park-private","gu":"영등포구","species":"벚나무","heightM":6.0,"crownWidthM":5.0,"rawHeight":6.0,"rawCrownWidth":5.0,"quality":"valid","sourceYear":2013},"geometry":{"type":"Point","coordinates":[126.93093361,37.5169848]}},{"type":"Feature","id":"park-private-103516","properties":{"id":"park-private-103516","dataset":"park-private","gu":"영등포구","species":"향나무","heightM":10.0,"crownWidthM":6.0,"rawHeight":10.0,"rawCrownWidth":6.0,"quality":"valid","sourceYear":2013},"geometry":{"type":"Point","coordinates":[126.93150859,37.51751942]}},{"type":"Feature","id":"park-private-103536","properties":{"id":"park-private-103536","dataset":"park-private","gu":"영등포구","species":"메타세쿼이아","heightM":5.0,"crownWidthM":5.0,"rawHeight":5.0,"rawCrownWidth":5.0,"quality":"valid","sourceYear":2013},"geometry":{"type":"Point","coordinates":[126.93071584,37.51792707]}},{"type":"Feature","id":"park-private-103567","properties":{"id":"park-private-103567","dataset":"park-private","gu":"영등포구","species":"벚나무","heightM":5.0,"crownWidthM":4.0,"rawHeight":5.0,"rawCrownWidth":4.0,"quality":"valid","sourceYear":2013},"geometry":{"type":"Point","coordinates":[126.93777819,37.51776311]}},{"type":"Feature","id":"park-private-103711","properties":{"id":"park-private-103711","dataset":"park-private","gu":"영등포구","species":"벚나무","heightM":6.0,"crownWidthM":5.0,"rawHeight":6.0,"rawCrownWidth":5.0,"quality":"valid","sourceYear":2013},"geometry":{"type":"Point","coordinates":[126.93101001,37.51698869]}},{"type":"Feature","id":"park-private-103718","properties":{"id":"park-private-103718","dataset":"park-private","gu":"영등포구","species":"벚나무","heightM":5.0,"crownWidthM":5.0,"rawHeight":5.0,"rawCrownWidth":5.0,"quality":"valid","sourceYear":2013},"geometry":{"type":"Point","coordinates":[126.93921604,37.51799561]}},{"type":"Feature","id":"park-private-103753","properties":{"id":"park-private-103753","dataset":"park-private","gu":"영등포구","species":"은행나무","heightM":8.0,"crownWidthM":4.0,"rawHeight":8.0,"rawCrownWidth":4.0,"quality":"valid","sourceYear":2013},"geometry":{"type":"Point","coordinates":[126.93595238,37.51905694]}},{"type":"Feature","id":"park-private-103811","properties":{"id":"park-private-103811","dataset":"park-private","gu":"영등포구","species":"은행나무","heightM":12.0,"crownWidthM":4.0,"rawHeight":12.0,"rawCrownWidth":4.0,"quality":"valid","sourceYear":2013},"geometry":{"type":"Point","coordinates":[126.93094511,37.51740113]}},{"type":"Feature","id":"park-private-103837","properties":{"id":"park-private-103837","dataset":"park-private","gu":"영등포구","species":"현사시","heightM":5.0,"crownWidthM":2.0,"rawHeight":5.0,"rawCrownWidth":2.0,"quality":"valid","sourceYear":2013},"geometry":{"type":"Point","coordinates":[126.93248186,37.5181139]}},{"type":"Feature","id":"park-private-103891","properties":{"id":"park-private-103891","dataset":"park-private","gu":"영등포구","species":"느티나무","heightM":10.0,"crownWidthM":8.0,"rawHeight":10.0,"rawCrownWidth":8.0,"quality":"valid","sourceYear":2013},"geometry":{"type":"Point","coordinates":[126.9305448,37.51767307]}},{"type":"Feature","id":"park-private-103897","properties":{"id":"park-private-103897","dataset":"park-private","gu":"영등포구","species":"벚나무","heightM":5.0,"crownWidthM":4.0,"rawHeight":5.0,"rawCrownWidth":4.0,"quality":"valid","sourceYear":2013},"geometry":{"type":"Point","coordinates":[126.93438295,37.51725827]}},{"type":"Feature","id":"park-private-103907","properties":{"id":"park-private-103907","dataset":"park-private","gu":"영등포구","species":"가중나무","heightM":15.0,"crownWidthM":8.0,"rawHeight":15.0,"rawCrownWidth":8.0,"quality":"valid","sourceYear":2013},"geometry":{"type":"Point","coordinates":[126.93134543,37.51739694]}},{"type":"Feature","id":"park-private-103913","properties":{"id":"park-private-103913","dataset":"park-private","gu":"영등포구","species":"양버즘나무","heightM":12.0,"crownWidthM":5.0,"rawHeight":12.0,"rawCrownWidth":5.0,"quality":"valid","sourceYear":2013},"geometry":{"type":"Point","coordinates":[126.93007581,37.51716805]}},{"type":"Feature","id":"park-private-103929","properties":{"id":"park-private-103929","dataset":"park-private","gu":"영등포구","species":"향나무","heightM":8.0,"crownWidthM":5.0,"rawHeight":8.0,"rawCrownWidth":5.0,"quality":"valid","sourceYear":2013},"geometry":{"type":"Point","coordinates":[126.93138998,37.51739505]}},{"type":"Feature","id":"park-private-103931","properties":{"id":"park-private-103931","dataset":"park-private","gu":"영등포구","species":"은행나무","heightM":8.0,"crownWidthM":5.0,"rawHeight":8.0,"rawCrownWidth":5.0,"quality":"valid","sourceYear":2013},"geometry":{"type":"Point","coordinates":[126.93079344,37.51748146]}},{"type":"Feature","id":"park-private-103956","properties":{"id":"park-private-103956","dataset":"park-private","gu":"영등포구","species":"은행나무","heightM":9.0,"crownWidthM":6.0,"rawHeight":9.0,"rawCrownWidth":6.0,"quality":"valid","sourceYear":2013},"geometry":{"type":"Point","coordinates":[126.93586058,37.51988119]}},{"type":"Feature","id":"park-private-103984","properties":{"id":"park-private-103984","dataset":"park-private","gu":"영등포구","species":"대추나무","heightM":6.0,"crownWidthM":4.0,"rawHeight":6.0,"rawCrownWidth":4.0,"quality":"valid","sourceYear":2013},"geometry":{"type":"Point","coordinates":[126.93221771,37.51837996]}},{"type":"Feature","id":"park-private-104015","properties":{"id":"park-private-104015","dataset":"park-private","gu":"영등포구","species":"메타세쿼이아","heightM":10.0,"crownWidthM":6.0,"rawHeight":10.0,"rawCrownWidth":6.0,"quality":"valid","sourceYear":2013},"geometry":{"type":"Point","coordinates":[126.93102665,37.51747549]}},{"type":"Feature","id":"park-private-104051","properties":{"id":"park-private-104051","dataset":"park-private","gu":"영등포구","species":"벚나무","heightM":6.0,"crownWidthM":5.0,"rawHeight":6.0,"rawCrownWidth":5.0,"quality":"valid","sourceYear":2013},"geometry":{"type":"Point","coordinates":[126.93160999,37.51703101]}},{"type":"Feature","id":"park-private-104064","properties":{"id":"park-private-104064","dataset":"park-private","gu":"영등포구","species":"향나무","heightM":5.0,"crownWidthM":4.0,"rawHeight":5.0,"rawCrownWidth":4.0,"quality":"valid","sourceYear":2013},"geometry":{"type":"Point","coordinates":[126.93084789,37.51745672]}},{"type":"Feature","id":"park-private-104139","properties":{"id":"park-private-104139","dataset":"park-private","gu":"영등포구","species":"은행나무","heightM":8.0,"crownWidthM":4.0,"rawHeight":8.0,"rawCrownWidth":4.0,"quality":"valid","sourceYear":2013},"geometry":{"type":"Point","coordinates":[126.93678336,37.5190778]}},{"type":"Feature","id":"park-private-104184","properties":{"id":"park-private-104184","dataset":"park-private","gu":"영등포구","species":"벚나무","heightM":7.0,"crownWidthM":4.0,"rawHeight":7.0,"rawCrownWidth":4.0,"quality":"valid","sourceYear":2013},"geometry":{"type":"Point","coordinates":[126.93572806,37.51928012]}},{"type":"Feature","id":"park-private-104203","properties":{"id":"park-private-104203","dataset":"park-private","gu":"영등포구","species":"은행나무","heightM":8.0,"crownWidthM":5.0,"rawHeight":8.0,"rawCrownWidth":5.0,"quality":"valid","sourceYear":2013},"geometry":{"type":"Point","coordinates":[126.935779,37.51997453]}},{"type":"Feature","id":"park-private-104278","properties":{"id":"park-private-104278","dataset":"park-private","gu":"영등포구","species":"벚나무","heightM":5.0,"crownWidthM":5.0,"rawHeight":5.0,"rawCrownWidth":5.0,"quality":"valid","sourceYear":2013},"geometry":{"type":"Point","coordinates":[126.93771701,37.51775088]}},{"type":"Feature","id":"park-private-104295","properties":{"id":"park-private-104295","dataset":"park-private","gu":"영등포구","species":"벚나무","heightM":5.0,"crownWidthM":5.0,"rawHeight":5.0,"rawCrownWidth":5.0,"quality":"valid","sourceYear":2013},"geometry":{"type":"Point","coordinates":[126.93253792,37.51708545]}},{"type":"Feature","id":"park-private-104314","properties":{"id":"park-private-104314","dataset":"park-private","gu":"영등포구","species":"은단풍","heightM":8.0,"crownWidthM":7.0,"rawHeight":8.0,"rawCrownWidth":7.0,"quality":"valid","sourceYear":2013},"geometry":{"type":"Point","coordinates":[126.93751291,37.51794559]}},{"type":"Feature","id":"park-private-104411","properties":{"id":"park-private-104411","dataset":"park-private","gu":"영등포구","species":"메타세쿼이아","heightM":10.0,"crownWidthM":5.0,"rawHeight":10.0,"rawCrownWidth":5.0,"quality":"valid","sourceYear":2013},"geometry":{"type":"Point","coordinates":[126.93101517,37.5177603]}},{"type":"Feature","id":"park-private-104413","properties":{"id":"park-private-104413","dataset":"park-private","gu":"영등포구","species":"이태리포플러","heightM":7.0,"crownWidthM":4.0,"rawHeight":7.0,"rawCrownWidth":4.0,"quality":"valid","sourceYear":2013},"geometry":{"type":"Point","coordinates":[126.93287813,37.51886099]}},{"type":"Feature","id":"park-private-104466","properties":{"id":"park-private-104466","dataset":"park-private","gu":"영등포구","species":"벚나무","heightM":7.0,"crownWidthM":4.0,"rawHeight":7.0,"rawCrownWidth":4.0,"quality":"valid","sourceYear":2013},"geometry":{"type":"Point","coordinates":[126.93568217,37.51932882]}},{"type":"Feature","id":"park-private-104474","properties":{"id":"park-private-104474","dataset":"park-private","gu":"영등포구","species":"이태리포플러","heightM":7.0,"crownWidthM":3.0,"rawHeight":7.0,"rawCrownWidth":3.0,"quality":"valid","sourceYear":2013},"geometry":{"type":"Point","coordinates":[126.93231897,37.51877269]}},{"type":"Feature","id":"park-private-104543","properties":{"id":"park-private-104543","dataset":"park-private","gu":"영등포구","species":"가중나무","heightM":12.0,"crownWidthM":6.0,"rawHeight":12.0,"rawCrownWidth":6.0,"quality":"valid","sourceYear":2013},"geometry":{"type":"Point","coordinates":[126.931221,37.51745096]}},{"type":"Feature","id":"park-private-104705","properties":{"id":"park-private-104705","dataset":"park-private","gu":"영등포구","species":"은행나무","heightM":8.0,"crownWidthM":5.0,"rawHeight":8.0,"rawCrownWidth":5.0,"quality":"valid","sourceYear":2013},"geometry":{"type":"Point","coordinates":[126.93787431,37.51963484]}},{"type":"Feature","id":"park-private-104826","properties":{"id":"park-private-104826","dataset":"park-private","gu":"영등포구","species":"벚나무","heightM":6.0,"crownWidthM":4.0,"rawHeight":6.0,"rawCrownWidth":4.0,"quality":"valid","sourceYear":2013},"geometry":{"type":"Point","coordinates":[126.93605989,37.51753037]}},{"type":"Feature","id":"park-private-104881","properties":{"id":"park-private-104881","dataset":"park-private","gu":"영등포구","species":"벚나무","heightM":5.0,"crownWidthM":5.0,"rawHeight":5.0,"rawCrownWidth":5.0,"quality":"valid","sourceYear":2013},"geometry":{"type":"Point","coordinates":[126.93496915,37.51732726]}},{"type":"Feature","id":"park-private-104963","properties":{"id":"park-private-104963","dataset":"park-private","gu":"영등포구","species":"실화백","heightM":5.0,"crownWidthM":5.0,"rawHeight":5.0,"rawCrownWidth":5.0,"quality":"valid","sourceYear":2013},"geometry":{"type":"Point","coordinates":[126.93076242,37.51742878]}},{"type":"Feature","id":"park-private-104989","properties":{"id":"park-private-104989","dataset":"park-private","gu":"영등포구","species":"현사시","heightM":5.0,"crownWidthM":2.0,"rawHeight":5.0,"rawCrownWidth":2.0,"quality":"valid","sourceYear":2013},"geometry":{"type":"Point","coordinates":[126.93252144,37.51807538]}},{"type":"Feature","id":"park-private-105003","properties":{"id":"park-private-105003","dataset":"park-private","gu":"영등포구","species":"벚나무","heightM":6.0,"crownWidthM":8.0,"rawHeight":6.0,"rawCrownWidth":8.0,"quality":"valid","sourceYear":2013},"geometry":{"type":"Point","coordinates":[126.93569635,37.51858922]}},{"type":"Feature","id":"park-private-105201","properties":{"id":"park-private-105201","dataset":"park-private","gu":"영등포구","species":"느티나무","heightM":6.0,"crownWidthM":6.0,"rawHeight":6.0,"rawCrownWidth":6.0,"quality":"valid","sourceYear":2013},"geometry":{"type":"Point","coordinates":[126.93077578,37.51728894]}},{"type":"Feature","id":"park-private-105289","properties":{"id":"park-private-105289","dataset":"park-private","gu":"영등포구","species":"은행나무","heightM":12.0,"crownWidthM":6.0,"rawHeight":12.0,"rawCrownWidth":6.0,"quality":"valid","sourceYear":2013},"geometry":{"type":"Point","coordinates":[126.93161747,37.51741272]}},{"type":"Feature","id":"park-private-105322","properties":{"id":"park-private-105322","dataset":"park-private","gu":"영등포구","species":"꽃사과","heightM":5.0,"crownWidthM":5.0,"rawHeight":5.0,"rawCrownWidth":5.0,"quality":"valid","sourceYear":2013},"geometry":{"type":"Point","coordinates":[126.93007455,37.51729811]}},{"type":"Feature","id":"park-private-105332","properties":{"id":"park-private-105332","dataset":"park-private","gu":"영등포구","species":"벚나무","heightM":7.0,"crownWidthM":6.0,"rawHeight":7.0,"rawCrownWidth":6.0,"quality":"valid","sourceYear":2013},"geometry":{"type":"Point","coordinates":[126.9352489,37.51979965]}},{"type":"Feature","id":"park-private-105366","properties":{"id":"park-private-105366","dataset":"park-private","gu":"영등포구","species":"은단풍","heightM":5.0,"crownWidthM":2.0,"rawHeight":5.0,"rawCrownWidth":2.0,"quality":"valid","sourceYear":2013},"geometry":{"type":"Point","coordinates":[126.93395614,37.51775079]}},{"type":"Feature","id":"park-private-105530","properties":{"id":"park-private-105530","dataset":"park-private","gu":"영등포구","species":"은행나무","heightM":10.0,"crownWidthM":5.0,"rawHeight":10.0,"rawCrownWidth":5.0,"quality":"valid","sourceYear":2013},"geometry":{"type":"Point","coordinates":[126.93109097,37.51788265]}},{"type":"Feature","id":"park-private-105640","properties":{"id":"park-private-105640","dataset":"park-private","gu":"영등포구","species":"은행나무","heightM":12.0,"crownWidthM":5.0,"rawHeight":12.0,"rawCrownWidth":5.0,"quality":"valid","sourceYear":2013},"geometry":{"type":"Point","coordinates":[126.93620887,37.51948327]}},{"type":"Feature","id":"park-private-105773","properties":{"id":"park-private-105773","dataset":"park-private","gu":"영등포구","species":"벚나무","heightM":5.0,"crownWidthM":5.0,"rawHeight":5.0,"rawCrownWidth":5.0,"quality":"valid","sourceYear":2013},"geometry":{"type":"Point","coordinates":[126.93288171,37.51710865]}},{"type":"Feature","id":"park-private-105874","properties":{"id":"park-private-105874","dataset":"park-private","gu":"동작구","species":"6","heightM":9.0,"crownWidthM":7.0,"rawHeight":9.0,"rawCrownWidth":7.0,"quality":"valid","sourceYear":2013},"geometry":{"type":"Point","coordinates":[126.93619447,37.51494952]}},{"type":"Feature","id":"park-private-105918","properties":{"id":"park-private-105918","dataset":"park-private","gu":"영등포구","species":"양버즘나무","heightM":10.0,"crownWidthM":5.0,"rawHeight":10.0,"rawCrownWidth":5.0,"quality":"valid","sourceYear":2013},"geometry":{"type":"Point","coordinates":[126.93029228,37.51721588]}},{"type":"Feature","id":"park-private-105965","properties":{"id":"park-private-105965","dataset":"park-private","gu":"동작구","species":"6","heightM":7.0,"crownWidthM":4.0,"rawHeight":7.0,"rawCrownWidth":4.0,"quality":"valid","sourceYear":2013},"geometry":{"type":"Point","coordinates":[126.93217042,37.514623]}},{"type":"Feature","id":"park-private-105966","properties":{"id":"park-private-105966","dataset":"park-private","gu":"동작구","species":"4","heightM":9.0,"crownWidthM":7.0,"rawHeight":9.0,"rawCrownWidth":7.0,"quality":"valid","sourceYear":2013},"geometry":{"type":"Point","coordinates":[126.93348684,37.51232815]}},{"type":"Feature","id":"park-private-105998","properties":{"id":"park-private-105998","dataset":"park-private","gu":"영등포구","species":"벚나무","heightM":5.0,"crownWidthM":6.0,"rawHeight":5.0,"rawCrownWidth":6.0,"quality":"valid","sourceYear":2013},"geometry":{"type":"Point","coordinates":[126.93282966,37.51818442]}},{"type":"Feature","id":"park-private-106000","properties":{"id":"park-private-106000","dataset":"park-private","gu":"영등포구","species":"은단풍","heightM":6.0,"crownWidthM":3.0,"rawHeight":6.0,"rawCrownWidth":3.0,"quality":"valid","sourceYear":2013},"geometry":{"type":"Point","coordinates":[126.93411,37.51758595]}},{"type":"Feature","id":"park-private-106067","properties":{"id":"park-private-106067","dataset":"park-private","gu":"동작구","species":"2","heightM":12.0,"crownWidthM":8.0,"rawHeight":12.0,"rawCrownWidth":8.0,"quality":"valid","sourceYear":2013},"geometry":{"type":"Point","coordinates":[126.93907987,37.51371272]}},{"type":"Feature","id":"park-private-106114","properties":{"id":"park-private-106114","dataset":"park-private","gu":"영등포구","species":"느티나무","heightM":7.0,"crownWidthM":8.0,"rawHeight":7.0,"rawCrownWidth":8.0,"quality":"valid","sourceYear":2013},"geometry":{"type":"Point","coordinates":[126.93737013,37.51794547]}},{"type":"Feature","id":"park-private-106144","properties":{"id":"park-private-106144","dataset":"park-private","gu":"영등포구","species":"향나무","heightM":5.0,"crownWidthM":5.0,"rawHeight":5.0,"rawCrownWidth":5.0,"quality":"valid","sourceYear":2013},"geometry":{"type":"Point","coordinates":[126.93049231,37.51798251]}},{"type":"Feature","id":"park-private-106203","properties":{"id":"park-private-106203","dataset":"park-private","gu":"영등포구","species":"벚나무","heightM":5.0,"crownWidthM":5.0,"rawHeight":5.0,"rawCrownWidth":5.0,"quality":"valid","sourceYear":2013},"geometry":{"type":"Point","coordinates":[126.93349285,37.51717016]}},{"type":"Feature","id":"park-private-106320","properties":{"id":"park-private-106320","dataset":"park-private","gu":"영등포구","species":"벚나무","heightM":5.0,"crownWidthM":5.0,"rawHeight":5.0,"rawCrownWidth":5.0,"quality":"valid","sourceYear":2013},"geometry":{"type":"Point","coordinates":[126.93308701,37.51712788]}},{"type":"Feature","id":"park-private-106322","properties":{"id":"park-private-106322","dataset":"park-private","gu":"영등포구","species":"현사시","heightM":6.0,"crownWidthM":2.0,"rawHeight":6.0,"rawCrownWidth":2.0,"quality":"valid","sourceYear":2013},"geometry":{"type":"Point","coordinates":[126.9320372,37.51856903]}},{"type":"Feature","id":"park-private-106539","properties":{"id":"park-private-106539","dataset":"park-private","gu":"영등포구","species":"은행나무","heightM":8.0,"crownWidthM":4.0,"rawHeight":8.0,"rawCrownWidth":4.0,"quality":"valid","sourceYear":2013},"geometry":{"type":"Point","coordinates":[126.93496406,37.51864466]}},{"type":"Feature","id":"park-private-106609","properties":{"id":"park-private-106609","dataset":"park-private","gu":"영등포구","species":"벚나무","heightM":5.0,"crownWidthM":5.0,"rawHeight":5.0,"rawCrownWidth":5.0,"quality":"valid","sourceYear":2013},"geometry":{"type":"Point","coordinates":[126.93203657,37.51706208]}},{"type":"Feature","id":"park-private-106705","properties":{"id":"park-private-106705","dataset":"park-private","gu":"영등포구","species":"은행나무","heightM":10.0,"crownWidthM":6.0,"rawHeight":10.0,"rawCrownWidth":6.0,"quality":"valid","sourceYear":2013},"geometry":{"type":"Point","coordinates":[126.93100351,37.51783767]}},{"type":"Feature","id":"park-private-106748","properties":{"id":"park-private-106748","dataset":"park-private","gu":"동작구","species":"6","heightM":12.0,"crownWidthM":10.0,"rawHeight":12.0,"rawCrownWidth":10.0,"quality":"valid","sourceYear":2013},"geometry":{"type":"Point","coordinates":[126.93156076,37.51211187]}},{"type":"Feature","id":"park-private-106753","properties":{"id":"park-private-106753","dataset":"park-private","gu":"동작구","species":"4","heightM":9.0,"crownWidthM":7.0,"rawHeight":9.0,"rawCrownWidth":7.0,"quality":"valid","sourceYear":2013},"geometry":{"type":"Point","coordinates":[126.93349423,37.51236352]}},{"type":"Feature","id":"park-private-106774","properties":{"id":"park-private-106774","dataset":"park-private","gu":"동작구","species":"4","heightM":9.0,"crownWidthM":7.0,"rawHeight":9.0,"rawCrownWidth":7.0,"quality":"valid","sourceYear":2013},"geometry":{"type":"Point","coordinates":[126.93348686,37.51228689]}},{"type":"Feature","id":"park-private-106857","properties":{"id":"park-private-106857","dataset":"park-private","gu":"동작구","species":"6","heightM":8.0,"crownWidthM":8.0,"rawHeight":8.0,"rawCrownWidth":8.0,"quality":"valid","sourceYear":2013},"geometry":{"type":"Point","coordinates":[126.93500626,37.51483136]}},{"type":"Feature","id":"park-private-106914","properties":{"id":"park-private-106914","dataset":"park-private","gu":"영등포구","species":"꽃사과","heightM":5.0,"crownWidthM":5.0,"rawHeight":5.0,"rawCrownWidth":5.0,"quality":"valid","sourceYear":2013},"geometry":{"type":"Point","coordinates":[126.93038553,37.51732932]}},{"type":"Feature","id":"park-private-107092","properties":{"id":"park-private-107092","dataset":"park-private","gu":"영등포구","species":"느티나무","heightM":7.0,"crownWidthM":7.0,"rawHeight":7.0,"rawCrownWidth":7.0,"quality":"valid","sourceYear":2013},"geometry":{"type":"Point","coordinates":[126.93044177,37.51790972]}},{"type":"Feature","id":"park-private-107102","properties":{"id":"park-private-107102","dataset":"park-private","gu":"영등포구","species":"단풍나무","heightM":6.0,"crownWidthM":8.0,"rawHeight":6.0,"rawCrownWidth":8.0,"quality":"valid","sourceYear":2013},"geometry":{"type":"Point","coordinates":[126.93377591,37.51986498]}},{"type":"Feature","id":"park-private-107122","properties":{"id":"park-private-107122","dataset":"park-private","gu":"영등포구","species":"은행나무","heightM":8.0,"crownWidthM":4.0,"rawHeight":8.0,"rawCrownWidth":4.0,"quality":"valid","sourceYear":2013},"geometry":{"type":"Point","coordinates":[126.93835352,37.51993971]}},{"type":"Feature","id":"park-private-107159","properties":{"id":"park-private-107159","dataset":"park-private","gu":"동작구","species":"6","heightM":14.0,"crownWidthM":8.0,"rawHeight":14.0,"rawCrownWidth":8.0,"quality":"valid","sourceYear":2013},"geometry":{"type":"Point","coordinates":[126.93462497,37.51099243]}},{"type":"Feature","id":"park-private-107188","properties":{"id":"park-private-107188","dataset":"park-private","gu":"영등포구","species":"은행나무","heightM":8.0,"crownWidthM":4.0,"rawHeight":8.0,"rawCrownWidth":4.0,"quality":"valid","sourceYear":2013},"geometry":{"type":"Point","coordinates":[126.93722178,37.51924459]}},{"type":"Feature","id":"park-private-107237","properties":{"id":"park-private-107237","dataset":"park-private","gu":"영등포구","species":"벚나무","heightM":5.0,"crownWidthM":5.0,"rawHeight":5.0,"rawCrownWidth":5.0,"quality":"valid","sourceYear":2013},"geometry":{"type":"Point","coordinates":[126.93958238,37.5180701]}},{"type":"Feature","id":"park-private-107305","properties":{"id":"park-private-107305","dataset":"park-private","gu":"영등포구","species":"벚나무","heightM":5.0,"crownWidthM":5.0,"rawHeight":5.0,"rawCrownWidth":5.0,"quality":"valid","sourceYear":2013},"geometry":{"type":"Point","coordinates":[126.93827787,37.51783251]}},{"type":"Feature","id":"park-private-107419","properties":{"id":"park-private-107419","dataset":"park-private","gu":"동작구","species":"6","heightM":11.0,"crownWidthM":6.0,"rawHeight":11.0,"rawCrownWidth":6.0,"quality":"valid","sourceYear":2013},"geometry":{"type":"Point","coordinates":[126.9384876,37.51325229]}},{"type":"Feature","id":"park-private-107460","properties":{"id":"park-private-107460","dataset":"park-private","gu":"영등포구","species":"은행나무","heightM":9.0,"crownWidthM":6.0,"rawHeight":9.0,"rawCrownWidth":6.0,"quality":"valid","sourceYear":2013},"geometry":{"type":"Point","coordinates":[126.93630697,37.5186632]}},{"type":"Feature","id":"park-private-107505","properties":{"id":"park-private-107505","dataset":"park-private","gu":"동작구","species":"6","heightM":12.0,"crownWidthM":8.0,"rawHeight":12.0,"rawCrownWidth":8.0,"quality":"valid","sourceYear":2013},"geometry":{"type":"Point","coordinates":[126.93582805,37.51487281]}},{"type":"Feature","id":"park-private-107521","properties":{"id":"park-private-107521","dataset":"park-private","gu":"동작구","species":"6","heightM":12.0,"crownWidthM":12.0,"rawHeight":12.0,"rawCrownWidth":12.0,"quality":"valid","sourceYear":2013},"geometry":{"type":"Point","coordinates":[126.93971976,37.51454753]}},{"type":"Feature","id":"park-private-107530","properties":{"id":"park-private-107530","dataset":"park-private","gu":"영등포구","species":"목련","heightM":10.0,"crownWidthM":5.0,"rawHeight":10.0,"rawCrownWidth":5.0,"quality":"valid","sourceYear":2013},"geometry":{"type":"Point","coordinates":[126.93407534,37.51822418]}},{"type":"Feature","id":"park-private-107576","properties":{"id":"park-private-107576","dataset":"park-private","gu":"영등포구","species":"벚나무","heightM":5.0,"crownWidthM":5.0,"rawHeight":5.0,"rawCrownWidth":5.0,"quality":"valid","sourceYear":2013},"geometry":{"type":"Point","coordinates":[126.93216548,37.51706983]}},{"type":"Feature","id":"park-private-107680","properties":{"id":"park-private-107680","dataset":"park-private","gu":"영등포구","species":"은행나무","heightM":10.0,"crownWidthM":4.0,"rawHeight":10.0,"rawCrownWidth":4.0,"quality":"valid","sourceYear":2013},"geometry":{"type":"Point","coordinates":[126.93146004,37.51755652]}},{"type":"Feature","id":"park-private-107816","properties":{"id":"park-private-107816","dataset":"park-private","gu":"동작구","species":"6","heightM":7.0,"crownWidthM":4.0,"rawHeight":7.0,"rawCrownWidth":4.0,"quality":"valid","sourceYear":2013},"geometry":{"type":"Point","coordinates":[126.93251104,37.51464989]}},{"type":"Feature","id":"park-private-107848","properties":{"id":"park-private-107848","dataset":"park-private","gu":"영등포구","species":"은행나무","heightM":8.0,"crownWidthM":4.0,"rawHeight":8.0,"rawCrownWidth":4.0,"quality":"valid","sourceYear":2013},"geometry":{"type":"Point","coordinates":[126.93606964,37.5189352]}},{"type":"Feature","id":"park-private-107874","properties":{"id":"park-private-107874","dataset":"park-private","gu":"동작구","species":"6","heightM":5.0,"crownWidthM":5.0,"rawHeight":5.0,"rawCrownWidth":5.0,"quality":"valid","sourceYear":2013},"geometry":{"type":"Point","coordinates":[126.93357193,37.51250796]}},{"type":"Feature","id":"park-private-107912","properties":{"id":"park-private-107912","dataset":"park-private","gu":"동작구","species":"2","heightM":9.0,"crownWidthM":9.0,"rawHeight":9.0,"rawCrownWidth":9.0,"quality":"valid","sourceYear":2013},"geometry":{"type":"Point","coordinates":[126.93033454,37.510952]}},{"type":"Feature","id":"park-private-107944","properties":{"id":"park-private-107944","dataset":"park-private","gu":"영등포구","species":"은단풍","heightM":6.0,"crownWidthM":2.0,"rawHeight":6.0,"rawCrownWidth":2.0,"quality":"valid","sourceYear":2013},"geometry":{"type":"Point","coordinates":[126.93294373,37.5177252]}},{"type":"Feature","id":"park-private-108010","properties":{"id":"park-private-108010","dataset":"park-private","gu":"동작구","species":"6","heightM":7.0,"crownWidthM":3.0,"rawHeight":7.0,"rawCrownWidth":3.0,"quality":"valid","sourceYear":2013},"geometry":{"type":"Point","coordinates":[126.93266652,37.51466185]}},{"type":"Feature","id":"park-private-108015","properties":{"id":"park-private-108015","dataset":"park-private","gu":"동작구","species":"6","heightM":8.0,"crownWidthM":8.0,"rawHeight":8.0,"rawCrownWidth":8.0,"quality":"valid","sourceYear":2013},"geometry":{"type":"Point","coordinates":[126.93510621,37.51483727]}},{"type":"Feature","id":"park-private-108018","properties":{"id":"park-private-108018","dataset":"park-private","gu":"동작구","species":"2","heightM":12.0,"crownWidthM":8.0,"rawHeight":12.0,"rawCrownWidth":8.0,"quality":"valid","sourceYear":2013},"geometry":{"type":"Point","coordinates":[126.93913911,37.51370687]}},{"type":"Feature","id":"park-private-108056","properties":{"id":"park-private-108056","dataset":"park-private","gu":"영등포구","species":"은행나무","heightM":8.0,"crownWidthM":4.0,"rawHeight":8.0,"rawCrownWidth":4.0,"quality":"valid","sourceYear":2013},"geometry":{"type":"Point","coordinates":[126.93317731,37.51807611]}},{"type":"Feature","id":"park-private-108115","properties":{"id":"park-private-108115","dataset":"park-private","gu":"영등포구","species":"가중나무","heightM":9.0,"crownWidthM":5.0,"rawHeight":9.0,"rawCrownWidth":5.0,"quality":"valid","sourceYear":2013},"geometry":{"type":"Point","coordinates":[126.93522358,37.51799955]}},{"type":"Feature","id":"park-private-108204","properties":{"id":"park-private-108204","dataset":"park-private","gu":"동작구","species":"6","heightM":12.0,"crownWidthM":8.0,"rawHeight":12.0,"rawCrownWidth":8.0,"quality":"valid","sourceYear":2013},"geometry":{"type":"Point","coordinates":[126.93884378,37.51224414]}},{"type":"Feature","id":"park-private-108229","properties":{"id":"park-private-108229","dataset":"park-private","gu":"영등포구","species":"은행나무","heightM":8.0,"crownWidthM":4.0,"rawHeight":8.0,"rawCrownWidth":4.0,"quality":"valid","sourceYear":2013},"geometry":{"type":"Point","coordinates":[126.93721158,37.51939076]}},{"type":"Feature","id":"park-private-108263","properties":{"id":"park-private-108263","dataset":"park-private","gu":"영등포구","species":"은행나무","heightM":9.0,"crownWidthM":5.0,"rawHeight":9.0,"rawCrownWidth":5.0,"quality":"valid","sourceYear":2013},"geometry":{"type":"Point","coordinates":[126.93582489,37.51992989]}},{"type":"Feature","id":"park-private-108386","properties":{"id":"park-private-108386","dataset":"park-private","gu":"영등포구","species":"은행나무","heightM":12.0,"crownWidthM":5.0,"rawHeight":12.0,"rawCrownWidth":5.0,"quality":"valid","sourceYear":2013},"geometry":{"type":"Point","coordinates":[126.93055257,37.51777831]}},{"type":"Feature","id":"park-private-108438","properties":{"id":"park-private-108438","dataset":"park-private","gu":"영등포구","species":"단풍나무","heightM":5.0,"crownWidthM":5.0,"rawHeight":5.0,"rawCrownWidth":5.0,"quality":"valid","sourceYear":2013},"geometry":{"type":"Point","coordinates":[126.93064586,37.51789604]}},{"type":"Feature","id":"park-private-108502","properties":{"id":"park-private-108502","dataset":"park-private","gu":"동작구","species":"6","heightM":6.0,"crownWidthM":4.0,"rawHeight":6.0,"rawCrownWidth":4.0,"quality":"valid","sourceYear":2013},"geometry":{"type":"Point","coordinates":[126.93316629,37.51469778]}},{"type":"Feature","id":"park-private-108541","properties":{"id":"park-private-108541","dataset":"park-private","gu":"영등포구","species":"벚나무","heightM":7.0,"crownWidthM":4.0,"rawHeight":7.0,"rawCrownWidth":4.0,"quality":"valid","sourceYear":2013},"geometry":{"type":"Point","coordinates":[126.93657941,37.51959743]}},{"type":"Feature","id":"park-private-108637","properties":{"id":"park-private-108637","dataset":"park-private","gu":"영등포구","species":"벚나무","heightM":5.0,"crownWidthM":5.0,"rawHeight":5.0,"rawCrownWidth":5.0,"quality":"valid","sourceYear":2013},"geometry":{"type":"Point","coordinates":[126.93278621,37.51710094]}},{"type":"Feature","id":"park-private-108686","properties":{"id":"park-private-108686","dataset":"park-private","gu":"동작구","species":"2","heightM":12.0,"crownWidthM":6.0,"rawHeight":12.0,"rawCrownWidth":6.0,"quality":"valid","sourceYear":2013},"geometry":{"type":"Point","coordinates":[126.93917241,37.51373932]}},{"type":"Feature","id":"park-private-108687","properties":{"id":"park-private-108687","dataset":"park-private","gu":"동작구","species":"6","heightM":12.0,"crownWidthM":7.0,"rawHeight":12.0,"rawCrownWidth":7.0,"quality":"valid","sourceYear":2013},"geometry":{"type":"Point","coordinates":[126.93542792,37.51124635]}},{"type":"Feature","id":"park-private-108691","properties":{"id":"park-private-108691","dataset":"park-private","gu":"영등포구","species":"벚나무","heightM":5.0,"crownWidthM":5.0,"rawHeight":5.0,"rawCrownWidth":5.0,"quality":"valid","sourceYear":2013},"geometry":{"type":"Point","coordinates":[126.93260955,37.51708933]}},{"type":"Feature","id":"park-private-108765","properties":{"id":"park-private-108765","dataset":"park-private","gu":"영등포구","species":"은행나무","heightM":12.0,"crownWidthM":5.0,"rawHeight":12.0,"rawCrownWidth":5.0,"quality":"valid","sourceYear":2013},"geometry":{"type":"Point","coordinates":[126.93079355,37.51739167]}},{"type":"Feature","id":"park-private-108883","properties":{"id":"park-private-108883","dataset":"park-private","gu":"영등포구","species":"살구나무","heightM":5.0,"crownWidthM":6.0,"rawHeight":5.0,"rawCrownWidth":6.0,"quality":"valid","sourceYear":2013},"geometry":{"type":"Point","coordinates":[126.9358,37.51851143]}},{"type":"Feature","id":"park-private-108918","properties":{"id":"park-private-108918","dataset":"park-private","gu":"영등포구","species":"단풍나무","heightM":5.0,"crownWidthM":5.0,"rawHeight":5.0,"rawCrownWidth":5.0,"quality":"valid","sourceYear":2013},"geometry":{"type":"Point","coordinates":[126.93073527,37.51794876]}},{"type":"Feature","id":"park-private-109033","properties":{"id":"park-private-109033","dataset":"park-private","gu":"동작구","species":"6","heightM":7.0,"crownWidthM":8.0,"rawHeight":7.0,"rawCrownWidth":8.0,"quality":"valid","sourceYear":2013},"geometry":{"type":"Point","coordinates":[126.9306194,37.51287159]}},{"type":"Feature","id":"park-private-109078","properties":{"id":"park-private-109078","dataset":"park-private","gu":"동작구","species":"6","heightM":12.0,"crownWidthM":10.0,"rawHeight":12.0,"rawCrownWidth":10.0,"quality":"valid","sourceYear":2013},"geometry":{"type":"Point","coordinates":[126.93736419,37.51514147]}},{"type":"Feature","id":"park-private-109094","properties":{"id":"park-private-109094","dataset":"park-private","gu":"동작구","species":"4","heightM":9.0,"crownWidthM":11.0,"rawHeight":9.0,"rawCrownWidth":11.0,"quality":"valid","sourceYear":2013},"geometry":{"type":"Point","coordinates":[126.93097334,37.51134203]}},{"type":"Feature","id":"park-private-109133","properties":{"id":"park-private-109133","dataset":"park-private","gu":"동작구","species":"4","heightM":12.0,"crownWidthM":8.0,"rawHeight":12.0,"rawCrownWidth":8.0,"quality":"valid","sourceYear":2013},"geometry":{"type":"Point","coordinates":[126.93140911,37.51173752]}},{"type":"Feature","id":"park-private-109211","properties":{"id":"park-private-109211","dataset":"park-private","gu":"동작구","species":"6","heightM":7.0,"crownWidthM":4.0,"rawHeight":7.0,"rawCrownWidth":4.0,"quality":"valid","sourceYear":2013},"geometry":{"type":"Point","coordinates":[126.93209634,37.51461706]}},{"type":"Feature","id":"park-private-109213","properties":{"id":"park-private-109213","dataset":"park-private","gu":"동작구","species":"6","heightM":10.0,"crownWidthM":7.0,"rawHeight":10.0,"rawCrownWidth":7.0,"quality":"valid","sourceYear":2013},"geometry":{"type":"Point","coordinates":[126.93912532,37.51204679]}},{"type":"Feature","id":"park-private-109215","properties":{"id":"park-private-109215","dataset":"park-private","gu":"동작구","species":"6","heightM":6.0,"crownWidthM":8.0,"rawHeight":6.0,"rawCrownWidth":8.0,"quality":"valid","sourceYear":2013},"geometry":{"type":"Point","coordinates":[126.93031059,37.51068021]}},{"type":"Feature","id":"park-private-109368","properties":{"id":"park-private-109368","dataset":"park-private","gu":"동작구","species":"4","heightM":11.0,"crownWidthM":8.0,"rawHeight":11.0,"rawCrownWidth":8.0,"quality":"valid","sourceYear":2013},"geometry":{"type":"Point","coordinates":[126.93483528,37.51160908]}},{"type":"Feature","id":"park-private-109393","properties":{"id":"park-private-109393","dataset":"park-private","gu":"영등포구","species":"단풍나무","heightM":7.0,"crownWidthM":8.0,"rawHeight":7.0,"rawCrownWidth":8.0,"quality":"valid","sourceYear":2013},"geometry":{"type":"Point","coordinates":[126.93353361,37.51999364]}},{"type":"Feature","id":"park-private-109457","properties":{"id":"park-private-109457","dataset":"park-private","gu":"동작구","species":"6","heightM":7.0,"crownWidthM":7.0,"rawHeight":7.0,"rawCrownWidth":7.0,"quality":"valid","sourceYear":2013},"geometry":{"type":"Point","coordinates":[126.93397949,37.51229606]}},{"type":"Feature","id":"park-private-109560","properties":{"id":"park-private-109560","dataset":"park-private","gu":"영등포구","species":"향나무","heightM":8.0,"crownWidthM":5.0,"rawHeight":8.0,"rawCrownWidth":5.0,"quality":"valid","sourceYear":2013},"geometry":{"type":"Point","coordinates":[126.93156105,37.51747455]}},{"type":"Feature","id":"park-private-109639","properties":{"id":"park-private-109639","dataset":"park-private","gu":"영등포구","species":"이태리포플러","heightM":5.0,"crownWidthM":3.0,"rawHeight":5.0,"rawCrownWidth":3.0,"quality":"valid","sourceYear":2013},"geometry":{"type":"Point","coordinates":[126.93211645,37.5184885]}},{"type":"Feature","id":"park-private-109649","properties":{"id":"park-private-109649","dataset":"park-private","gu":"영등포구","species":"벚나무","heightM":5.0,"crownWidthM":4.0,"rawHeight":5.0,"rawCrownWidth":4.0,"quality":"valid","sourceYear":2013},"geometry":{"type":"Point","coordinates":[126.93644742,37.51754691]}},{"type":"Feature","id":"park-private-109686","properties":{"id":"park-private-109686","dataset":"park-private","gu":"동작구","species":"6","heightM":11.0,"crownWidthM":7.0,"rawHeight":11.0,"rawCrownWidth":7.0,"quality":"valid","sourceYear":2013},"geometry":{"type":"Point","coordinates":[126.93550228,37.51487863]}},{"type":"Feature","id":"park-private-109687","properties":{"id":"park-private-109687","dataset":"park-private","gu":"동작구","species":"6","heightM":7.0,"crownWidthM":8.0,"rawHeight":7.0,"rawCrownWidth":8.0,"quality":"valid","sourceYear":2013},"geometry":{"type":"Point","coordinates":[126.93477305,37.51481362]}},{"type":"Feature","id":"park-private-109746","properties":{"id":"park-private-109746","dataset":"park-private","gu":"동작구","species":"6","heightM":10.0,"crownWidthM":8.0,"rawHeight":10.0,"rawCrownWidth":8.0,"quality":"valid","sourceYear":2013},"geometry":{"type":"Point","coordinates":[126.9354656,37.51450132]}},{"type":"Feature","id":"park-private-109747","properties":{"id":"park-private-109747","dataset":"park-private","gu":"동작구","species":"6","heightM":10.0,"crownWidthM":7.0,"rawHeight":10.0,"rawCrownWidth":7.0,"quality":"valid","sourceYear":2013},"geometry":{"type":"Point","coordinates":[126.93598719,37.5149259]}},{"type":"Feature","id":"park-private-109798","properties":{"id":"park-private-109798","dataset":"park-private","gu":"동작구","species":"4","heightM":14.0,"crownWidthM":11.0,"rawHeight":14.0,"rawCrownWidth":11.0,"quality":"valid","sourceYear":2013},"geometry":{"type":"Point","coordinates":[126.93023132,37.51150988]}},{"type":"Feature","id":"park-private-109851","properties":{"id":"park-private-109851","dataset":"park-private","gu":"동작구","species":"6","heightM":7.0,"crownWidthM":3.0,"rawHeight":7.0,"rawCrownWidth":3.0,"quality":"valid","sourceYear":2013},"geometry":{"type":"Point","coordinates":[126.93238887,37.51464091]}},{"type":"Feature","id":"park-private-109888","properties":{"id":"park-private-109888","dataset":"park-private","gu":"동작구","species":"6","heightM":9.0,"crownWidthM":4.0,"rawHeight":9.0,"rawCrownWidth":4.0,"quality":"valid","sourceYear":2013},"geometry":{"type":"Point","coordinates":[126.93674825,37.51251483]}},{"type":"Feature","id":"park-private-109933","properties":{"id":"park-private-109933","dataset":"park-private","gu":"동작구","species":"6","heightM":9.0,"crownWidthM":8.0,"rawHeight":9.0,"rawCrownWidth":8.0,"quality":"valid","sourceYear":2013},"geometry":{"type":"Point","coordinates":[126.93699767,37.51508233]}},{"type":"Feature","id":"park-private-109962","properties":{"id":"park-private-109962","dataset":"park-private","gu":"동작구","species":"6","heightM":10.0,"crownWidthM":9.0,"rawHeight":10.0,"rawCrownWidth":9.0,"quality":"valid","sourceYear":2013},"geometry":{"type":"Point","coordinates":[126.93548793,37.51437162]}},{"type":"Feature","id":"park-private-109963","properties":{"id":"park-private-109963","dataset":"park-private","gu":"동작구","species":"6","heightM":7.0,"crownWidthM":9.0,"rawHeight":7.0,"rawCrownWidth":9.0,"quality":"valid","sourceYear":2013},"geometry":{"type":"Point","coordinates":[126.93462491,37.51105439]}},{"type":"Feature","id":"park-private-109994","properties":{"id":"park-private-109994","dataset":"park-private","gu":"동작구","species":"2","heightM":11.0,"crownWidthM":7.0,"rawHeight":11.0,"rawCrownWidth":7.0,"quality":"valid","sourceYear":2013},"geometry":{"type":"Point","coordinates":[126.93902802,37.51370384]}},{"type":"Feature","id":"park-private-109995","properties":{"id":"park-private-109995","dataset":"park-private","gu":"동작구","species":"6","heightM":7.0,"crownWidthM":5.0,"rawHeight":7.0,"rawCrownWidth":5.0,"quality":"valid","sourceYear":2013},"geometry":{"type":"Point","coordinates":[126.93223339,37.51462894]}},{"type":"Feature","id":"park-private-110006","properties":{"id":"park-private-110006","dataset":"park-private","gu":"동작구","species":"6","heightM":10.0,"crownWidthM":8.0,"rawHeight":10.0,"rawCrownWidth":8.0,"quality":"valid","sourceYear":2013},"geometry":{"type":"Point","coordinates":[126.93545072,37.5145868]}},{"type":"Feature","id":"park-private-110018","properties":{"id":"park-private-110018","dataset":"park-private","gu":"동작구","species":"6","heightM":11.0,"crownWidthM":7.0,"rawHeight":11.0,"rawCrownWidth":7.0,"quality":"valid","sourceYear":2013},"geometry":{"type":"Point","coordinates":[126.93534684,37.51483438]}},{"type":"Feature","id":"park-private-110223","properties":{"id":"park-private-110223","dataset":"park-private","gu":"동작구","species":"6","heightM":10.0,"crownWidthM":9.0,"rawHeight":10.0,"rawCrownWidth":9.0,"quality":"valid","sourceYear":2013},"geometry":{"type":"Point","coordinates":[126.939032,37.5132763]}},{"type":"Feature","id":"park-private-110246","properties":{"id":"park-private-110246","dataset":"park-private","gu":"동작구","species":"2","heightM":9.0,"crownWidthM":9.0,"rawHeight":9.0,"rawCrownWidth":9.0,"quality":"valid","sourceYear":2013},"geometry":{"type":"Point","coordinates":[126.93036041,37.51096382]}},{"type":"Feature","id":"park-private-110286","properties":{"id":"park-private-110286","dataset":"park-private","gu":"동작구","species":"6","heightM":5.0,"crownWidthM":6.0,"rawHeight":5.0,"rawCrownWidth":6.0,"quality":"valid","sourceYear":2013},"geometry":{"type":"Point","coordinates":[126.93360496,37.51290588]}},{"type":"Feature","id":"park-private-110419","properties":{"id":"park-private-110419","dataset":"park-private","gu":"동작구","species":"6","heightM":13.0,"crownWidthM":12.0,"rawHeight":13.0,"rawCrownWidth":12.0,"quality":"valid","sourceYear":2013},"geometry":{"type":"Point","coordinates":[126.93714204,37.51508826]}},{"type":"Feature","id":"park-private-110432","properties":{"id":"park-private-110432","dataset":"park-private","gu":"동작구","species":"6","heightM":8.0,"crownWidthM":7.0,"rawHeight":8.0,"rawCrownWidth":7.0,"quality":"valid","sourceYear":2013},"geometry":{"type":"Point","coordinates":[126.93491743,37.51481955]}},{"type":"Feature","id":"park-private-110446","properties":{"id":"park-private-110446","dataset":"park-private","gu":"동작구","species":"6","heightM":13.0,"crownWidthM":10.0,"rawHeight":13.0,"rawCrownWidth":10.0,"quality":"valid","sourceYear":2013},"geometry":{"type":"Point","coordinates":[126.93918458,37.51198785]}},{"type":"Feature","id":"park-private-110448","properties":{"id":"park-private-110448","dataset":"park-private","gu":"동작구","species":"6","heightM":10.0,"crownWidthM":8.0,"rawHeight":10.0,"rawCrownWidth":8.0,"quality":"valid","sourceYear":2013},"geometry":{"type":"Point","coordinates":[126.93542838,37.51472239]}},{"type":"Feature","id":"park-private-110453","properties":{"id":"park-private-110453","dataset":"park-private","gu":"동작구","species":"6","heightM":7.0,"crownWidthM":8.0,"rawHeight":7.0,"rawCrownWidth":8.0,"quality":"valid","sourceYear":2013},"geometry":{"type":"Point","coordinates":[126.9353172,37.51485796]}},{"type":"Feature","id":"park-private-110502","properties":{"id":"park-private-110502","dataset":"park-private","gu":"동작구","species":"6","heightM":7.0,"crownWidthM":8.0,"rawHeight":7.0,"rawCrownWidth":8.0,"quality":"valid","sourceYear":2013},"geometry":{"type":"Point","coordinates":[126.93472122,37.51481068]}},{"type":"Feature","id":"park-private-110518","properties":{"id":"park-private-110518","dataset":"park-private","gu":"영등포구","species":"벚나무","heightM":5.0,"crownWidthM":6.0,"rawHeight":5.0,"rawCrownWidth":6.0,"quality":"valid","sourceYear":2013},"geometry":{"type":"Point","coordinates":[126.93036585,37.51858023]}},{"type":"Feature","id":"park-private-110523","properties":{"id":"park-private-110523","dataset":"park-private","gu":"영등포구","species":"은행나무","heightM":8.0,"crownWidthM":5.0,"rawHeight":8.0,"rawCrownWidth":5.0,"quality":"valid","sourceYear":2013},"geometry":{"type":"Point","coordinates":[126.937071,37.51957823]}},{"type":"Feature","id":"park-private-110571","properties":{"id":"park-private-110571","dataset":"park-private","gu":"영등포구","species":"벚나무","heightM":6.0,"crownWidthM":5.0,"rawHeight":6.0,"rawCrownWidth":5.0,"quality":"valid","sourceYear":2013},"geometry":{"type":"Point","coordinates":[126.93207956,37.51703931]}},{"type":"Feature","id":"park-private-110630","properties":{"id":"park-private-110630","dataset":"park-private","gu":"영등포구","species":"꽃사과","heightM":7.0,"crownWidthM":4.0,"rawHeight":7.0,"rawCrownWidth":4.0,"quality":"valid","sourceYear":2013},"geometry":{"type":"Point","coordinates":[126.9308169,37.51735766]}},{"type":"Feature","id":"park-private-110641","properties":{"id":"park-private-110641","dataset":"park-private","gu":"영등포구","species":"벚나무","heightM":5.0,"crownWidthM":6.0,"rawHeight":5.0,"rawCrownWidth":6.0,"quality":"valid","sourceYear":2013},"geometry":{"type":"Point","coordinates":[126.93066622,37.51696929]}},{"type":"Feature","id":"park-private-110695","properties":{"id":"park-private-110695","dataset":"park-private","gu":"영등포구","species":"밤나무","heightM":7.0,"crownWidthM":6.0,"rawHeight":7.0,"rawCrownWidth":6.0,"quality":"valid","sourceYear":2013},"geometry":{"type":"Point","coordinates":[126.93487591,37.51948259]}},{"type":"Feature","id":"park-private-110714","properties":{"id":"park-private-110714","dataset":"park-private","gu":"동작구","species":"2","heightM":11.0,"crownWidthM":7.0,"rawHeight":11.0,"rawCrownWidth":7.0,"quality":"valid","sourceYear":2013},"geometry":{"type":"Point","coordinates":[126.93896877,37.51370085]}},{"type":"Feature","id":"park-private-110820","properties":{"id":"park-private-110820","dataset":"park-private","gu":"영등포구","species":"느티나무","heightM":6.0,"crownWidthM":7.0,"rawHeight":6.0,"rawCrownWidth":7.0,"quality":"valid","sourceYear":2013},"geometry":{"type":"Point","coordinates":[126.93008611,37.51783654]}},{"type":"Feature","id":"park-private-110890","properties":{"id":"park-private-110890","dataset":"park-private","gu":"영등포구","species":"은행나무","heightM":12.0,"crownWidthM":5.0,"rawHeight":12.0,"rawCrownWidth":5.0,"quality":"valid","sourceYear":2013},"geometry":{"type":"Point","coordinates":[126.930607,37.51774433]}},{"type":"Feature","id":"park-private-110913","properties":{"id":"park-private-110913","dataset":"park-private","gu":"영등포구","species":"은행나무","heightM":8.0,"crownWidthM":5.0,"rawHeight":8.0,"rawCrownWidth":5.0,"quality":"valid","sourceYear":2013},"geometry":{"type":"Point","coordinates":[126.93605939,37.5199869]}},{"type":"Feature","id":"park-private-110952","properties":{"id":"park-private-110952","dataset":"park-private","gu":"영등포구","species":"벚나무","heightM":5.0,"crownWidthM":5.0,"rawHeight":5.0,"rawCrownWidth":5.0,"quality":"valid","sourceYear":2013},"geometry":{"type":"Point","coordinates":[126.9322753,37.51707755]}},{"type":"Feature","id":"park-private-110991","properties":{"id":"park-private-110991","dataset":"park-private","gu":"영등포구","species":"은행나무","heightM":10.0,"crownWidthM":5.0,"rawHeight":10.0,"rawCrownWidth":5.0,"quality":"valid","sourceYear":2013},"geometry":{"type":"Point","coordinates":[126.93093547,37.51805888]}},{"type":"Feature","id":"park-private-111135","properties":{"id":"park-private-111135","dataset":"park-private","gu":"영등포구","species":"현사시","heightM":6.0,"crownWidthM":3.0,"rawHeight":6.0,"rawCrownWidth":3.0,"quality":"valid","sourceYear":2013},"geometry":{"type":"Point","coordinates":[126.93355547,37.51740327]}},{"type":"Feature","id":"park-private-111158","properties":{"id":"park-private-111158","dataset":"park-private","gu":"영등포구","species":"은단풍","heightM":7.0,"crownWidthM":4.0,"rawHeight":7.0,"rawCrownWidth":4.0,"quality":"valid","sourceYear":2013},"geometry":{"type":"Point","coordinates":[126.93515318,37.51800307]}},{"type":"Feature","id":"park-private-111226","properties":{"id":"park-private-111226","dataset":"park-private","gu":"영등포구","species":"은행나무","heightM":8.0,"crownWidthM":4.0,"rawHeight":8.0,"rawCrownWidth":4.0,"quality":"valid","sourceYear":2013},"geometry":{"type":"Point","coordinates":[126.9359116,37.51909346]}},{"type":"Feature","id":"park-private-111232","properties":{"id":"park-private-111232","dataset":"park-private","gu":"동작구","species":"6","heightM":11.0,"crownWidthM":10.0,"rawHeight":11.0,"rawCrownWidth":10.0,"quality":"valid","sourceYear":2013},"geometry":{"type":"Point","coordinates":[126.93577993,37.5148669]}},{"type":"Feature","id":"park-private-111234","properties":{"id":"park-private-111234","dataset":"park-private","gu":"동작구","species":"6","heightM":7.0,"crownWidthM":8.0,"rawHeight":7.0,"rawCrownWidth":8.0,"quality":"valid","sourceYear":2013},"geometry":{"type":"Point","coordinates":[126.93459164,37.51479004]}},{"type":"Feature","id":"park-private-111236","properties":{"id":"park-private-111236","dataset":"park-private","gu":"동작구","species":"6","heightM":10.0,"crownWidthM":12.0,"rawHeight":10.0,"rawCrownWidth":12.0,"quality":"valid","sourceYear":2013},"geometry":{"type":"Point","coordinates":[126.93971984,37.51442074]}},{"type":"Feature","id":"park-private-111248","properties":{"id":"park-private-111248","dataset":"park-private","gu":"동작구","species":"6","heightM":7.0,"crownWidthM":5.0,"rawHeight":7.0,"rawCrownWidth":5.0,"quality":"valid","sourceYear":2013},"geometry":{"type":"Point","coordinates":[126.93361249,37.51278502]}},{"type":"Feature","id":"park-private-111275","properties":{"id":"park-private-111275","dataset":"park-private","gu":"영등포구","species":"은행나무","heightM":12.0,"crownWidthM":5.0,"rawHeight":12.0,"rawCrownWidth":5.0,"quality":"valid","sourceYear":2013},"geometry":{"type":"Point","coordinates":[126.93623338,37.519454]}},{"type":"Feature","id":"park-private-111456","properties":{"id":"park-private-111456","dataset":"park-private","gu":"영등포구","species":"벚나무","heightM":5.0,"crownWidthM":2.0,"rawHeight":5.0,"rawCrownWidth":2.0,"quality":"valid","sourceYear":2013},"geometry":{"type":"Point","coordinates":[126.93461743,37.51728262]}},{"type":"Feature","id":"park-private-111466","properties":{"id":"park-private-111466","dataset":"park-private","gu":"영등포구","species":"단풍나무","heightM":6.0,"crownWidthM":7.0,"rawHeight":6.0,"rawCrownWidth":7.0,"quality":"valid","sourceYear":2013},"geometry":{"type":"Point","coordinates":[126.9337405,37.51993076]}},{"type":"Feature","id":"park-private-111511","properties":{"id":"park-private-111511","dataset":"park-private","gu":"동작구","species":"2","heightM":8.0,"crownWidthM":7.0,"rawHeight":8.0,"rawCrownWidth":7.0,"quality":"valid","sourceYear":2013},"geometry":{"type":"Point","coordinates":[126.93162592,37.51456079]}},{"type":"Feature","id":"park-private-111547","properties":{"id":"park-private-111547","dataset":"park-private","gu":"동작구","species":"6","heightM":8.0,"crownWidthM":9.0,"rawHeight":8.0,"rawCrownWidth":9.0,"quality":"valid","sourceYear":2013},"geometry":{"type":"Point","coordinates":[126.93057442,37.51030847]}},{"type":"Feature","id":"park-private-111563","properties":{"id":"park-private-111563","dataset":"park-private","gu":"영등포구","species":"은행나무","heightM":8.0,"crownWidthM":5.0,"rawHeight":8.0,"rawCrownWidth":5.0,"quality":"valid","sourceYear":2013},"geometry":{"type":"Point","coordinates":[126.93735432,37.5193137]}},{"type":"Feature","id":"park-private-111640","properties":{"id":"park-private-111640","dataset":"park-private","gu":"동작구","species":"6","heightM":12.0,"crownWidthM":10.0,"rawHeight":12.0,"rawCrownWidth":10.0,"quality":"valid","sourceYear":2013},"geometry":{"type":"Point","coordinates":[126.93610564,37.51493477]}},{"type":"Feature","id":"park-private-111674","properties":{"id":"park-private-111674","dataset":"park-private","gu":"영등포구","species":"벚나무","heightM":5.0,"crownWidthM":6.0,"rawHeight":5.0,"rawCrownWidth":6.0,"quality":"valid","sourceYear":2013},"geometry":{"type":"Point","coordinates":[126.93216487,37.51909149]}},{"type":"Feature","id":"park-private-111692","properties":{"id":"park-private-111692","dataset":"park-private","gu":"영등포구","species":"벚나무","heightM":5.0,"crownWidthM":5.0,"rawHeight":5.0,"rawCrownWidth":5.0,"quality":"valid","sourceYear":2013},"geometry":{"type":"Point","coordinates":[126.93265252,37.51708938]}},{"type":"Feature","id":"park-private-111712","properties":{"id":"park-private-111712","dataset":"park-private","gu":"동작구","species":"2","heightM":7.0,"crownWidthM":8.0,"rawHeight":7.0,"rawCrownWidth":8.0,"quality":"valid","sourceYear":2013},"geometry":{"type":"Point","coordinates":[126.93058201,37.51014327]}},{"type":"Feature","id":"park-private-111716","properties":{"id":"park-private-111716","dataset":"park-private","gu":"동작구","species":"6","heightM":9.0,"crownWidthM":8.0,"rawHeight":9.0,"rawCrownWidth":8.0,"quality":"valid","sourceYear":2013},"geometry":{"type":"Point","coordinates":[126.9367941,37.51503808]}},{"type":"Feature","id":"park-private-111760","properties":{"id":"park-private-111760","dataset":"park-private","gu":"영등포구","species":"목련","heightM":10.0,"crownWidthM":5.0,"rawHeight":10.0,"rawCrownWidth":5.0,"quality":"valid","sourceYear":2013},"geometry":{"type":"Point","coordinates":[126.934181,37.51828728]}},{"type":"Feature","id":"park-private-111779","properties":{"id":"park-private-111779","dataset":"park-private","gu":"영등포구","species":"양버즘나무","heightM":12.0,"crownWidthM":6.0,"rawHeight":12.0,"rawCrownWidth":6.0,"quality":"valid","sourceYear":2013},"geometry":{"type":"Point","coordinates":[126.93053861,37.5172453]}},{"type":"Feature","id":"park-private-111849","properties":{"id":"park-private-111849","dataset":"park-private","gu":"동작구","species":"6","heightM":12.0,"crownWidthM":10.0,"rawHeight":12.0,"rawCrownWidth":10.0,"quality":"valid","sourceYear":2013},"geometry":{"type":"Point","coordinates":[126.93901007,37.51281925]}},{"type":"Feature","id":"park-private-111896","properties":{"id":"park-private-111896","dataset":"park-private","gu":"동작구","species":"2","heightM":14.0,"crownWidthM":8.0,"rawHeight":14.0,"rawCrownWidth":8.0,"quality":"valid","sourceYear":2013},"geometry":{"type":"Point","coordinates":[126.93885027,37.51368601]}},{"type":"Feature","id":"park-private-111902","properties":{"id":"park-private-111902","dataset":"park-private","gu":"동작구","species":"6","heightM":7.0,"crownWidthM":9.0,"rawHeight":7.0,"rawCrownWidth":9.0,"quality":"valid","sourceYear":2013},"geometry":{"type":"Point","coordinates":[126.93523577,37.51484615]}},{"type":"Feature","id":"park-private-111920","properties":{"id":"park-private-111920","dataset":"park-private","gu":"동작구","species":"6","heightM":7.0,"crownWidthM":5.0,"rawHeight":7.0,"rawCrownWidth":5.0,"quality":"valid","sourceYear":2013},"geometry":{"type":"Point","coordinates":[126.93324774,37.51470082]}},{"type":"Feature","id":"park-private-111948","properties":{"id":"park-private-111948","dataset":"park-private","gu":"영등포구","species":"은행나무","heightM":10.0,"crownWidthM":5.0,"rawHeight":10.0,"rawCrownWidth":5.0,"quality":"valid","sourceYear":2013},"geometry":{"type":"Point","coordinates":[126.93106969,37.51730192]}},{"type":"Feature","id":"park-private-111958","properties":{"id":"park-private-111958","dataset":"park-private","gu":"영등포구","species":"느티나무","heightM":7.0,"crownWidthM":7.0,"rawHeight":7.0,"rawCrownWidth":7.0,"quality":"valid","sourceYear":2013},"geometry":{"type":"Point","coordinates":[126.93089465,37.51812537]}},{"type":"Feature","id":"park-private-111963","properties":{"id":"park-private-111963","dataset":"park-private","gu":"영등포구","species":"벚나무","heightM":5.0,"crownWidthM":5.0,"rawHeight":5.0,"rawCrownWidth":5.0,"quality":"valid","sourceYear":2013},"geometry":{"type":"Point","coordinates":[126.93820649,37.51782839]}},{"type":"Feature","id":"park-private-112027","properties":{"id":"park-private-112027","dataset":"park-private","gu":"영등포구","species":"은행나무","heightM":9.0,"crownWidthM":5.0,"rawHeight":9.0,"rawCrownWidth":5.0,"quality":"valid","sourceYear":2013},"geometry":{"type":"Point","coordinates":[126.93629906,37.5187039]}},{"type":"Feature","id":"park-private-112029","properties":{"id":"park-private-112029","dataset":"park-private","gu":"영등포구","species":"은행나무","heightM":8.0,"crownWidthM":4.0,"rawHeight":8.0,"rawCrownWidth":4.0,"quality":"valid","sourceYear":2013},"geometry":{"type":"Point","coordinates":[126.93582493,37.51917867]}},{"type":"Feature","id":"park-private-112100","properties":{"id":"park-private-112100","dataset":"park-private","gu":"영등포구","species":"은행나무","heightM":10.0,"crownWidthM":5.0,"rawHeight":10.0,"rawCrownWidth":5.0,"quality":"valid","sourceYear":2013},"geometry":{"type":"Point","coordinates":[126.93098404,37.51768292]}},{"type":"Feature","id":"park-private-112103","properties":{"id":"park-private-112103","dataset":"park-private","gu":"영등포구","species":"은단풍","heightM":5.0,"crownWidthM":2.0,"rawHeight":5.0,"rawCrownWidth":2.0,"quality":"valid","sourceYear":2013},"geometry":{"type":"Point","coordinates":[126.93370987,37.51800657]}},{"type":"Feature","id":"park-private-112282","properties":{"id":"park-private-112282","dataset":"park-private","gu":"동작구","species":"6","heightM":9.0,"crownWidthM":10.0,"rawHeight":9.0,"rawCrownWidth":10.0,"quality":"valid","sourceYear":2013},"geometry":{"type":"Point","coordinates":[126.93921375,37.51271027]}},{"type":"Feature","id":"park-private-112337","properties":{"id":"park-private-112337","dataset":"park-private","gu":"동작구","species":"6","heightM":10.0,"crownWidthM":8.0,"rawHeight":10.0,"rawCrownWidth":8.0,"quality":"valid","sourceYear":2013},"geometry":{"type":"Point","coordinates":[126.93544698,37.51462512]}},{"type":"Feature","id":"park-private-112513","properties":{"id":"park-private-112513","dataset":"park-private","gu":"동작구","species":"6","heightM":12.0,"crownWidthM":9.0,"rawHeight":12.0,"rawCrownWidth":9.0,"quality":"valid","sourceYear":2013},"geometry":{"type":"Point","coordinates":[126.93929149,37.51269852]}},{"type":"Feature","id":"park-private-112615","properties":{"id":"park-private-112615","dataset":"park-private","gu":"동작구","species":"6","heightM":10.0,"crownWidthM":8.0,"rawHeight":10.0,"rawCrownWidth":8.0,"quality":"valid","sourceYear":2013},"geometry":{"type":"Point","coordinates":[126.93546934,37.51446005]}},{"type":"Feature","id":"park-private-112726","properties":{"id":"park-private-112726","dataset":"park-private","gu":"동작구","species":"6","heightM":6.0,"crownWidthM":8.0,"rawHeight":6.0,"rawCrownWidth":8.0,"quality":"valid","sourceYear":2013},"geometry":{"type":"Point","coordinates":[126.9307336,37.51022007]}},{"type":"Feature","id":"park-private-112735","properties":{"id":"park-private-112735","dataset":"park-private","gu":"동작구","species":"6","heightM":7.0,"crownWidthM":9.0,"rawHeight":7.0,"rawCrownWidth":9.0,"quality":"valid","sourceYear":2013},"geometry":{"type":"Point","coordinates":[126.93491378,37.51089514]}},{"type":"Feature","id":"park-private-112811","properties":{"id":"park-private-112811","dataset":"park-private","gu":"동작구","species":"6","heightM":8.0,"crownWidthM":4.0,"rawHeight":8.0,"rawCrownWidth":4.0,"quality":"valid","sourceYear":2013},"geometry":{"type":"Point","coordinates":[126.93229262,37.5146349]}},{"type":"Feature","id":"park-private-112862","properties":{"id":"park-private-112862","dataset":"park-private","gu":"동작구","species":"4","heightM":9.0,"crownWidthM":7.0,"rawHeight":9.0,"rawCrownWidth":7.0,"quality":"valid","sourceYear":2013},"geometry":{"type":"Point","coordinates":[126.93366522,37.51198634]}},{"type":"Feature","id":"park-private-112921","properties":{"id":"park-private-112921","dataset":"park-private","gu":"동작구","species":"6","heightM":8.0,"crownWidthM":9.0,"rawHeight":8.0,"rawCrownWidth":9.0,"quality":"valid","sourceYear":2013},"geometry":{"type":"Point","coordinates":[126.93060768,37.51033799]}},{"type":"Feature","id":"park-private-113050","properties":{"id":"park-private-113050","dataset":"park-private","gu":"동작구","species":"4","heightM":11.0,"crownWidthM":8.0,"rawHeight":11.0,"rawCrownWidth":8.0,"quality":"valid","sourceYear":2013},"geometry":{"type":"Point","coordinates":[126.93480194,37.51163563]}},{"type":"Feature","id":"park-private-113061","properties":{"id":"park-private-113061","dataset":"park-private","gu":"동작구","species":"6","heightM":6.0,"crownWidthM":7.0,"rawHeight":6.0,"rawCrownWidth":7.0,"quality":"valid","sourceYear":2013},"geometry":{"type":"Point","coordinates":[126.9345472,37.51479889]}},{"type":"Feature","id":"park-private-113189","properties":{"id":"park-private-113189","dataset":"park-private","gu":"동작구","species":"6","heightM":12.0,"crownWidthM":8.0,"rawHeight":12.0,"rawCrownWidth":8.0,"quality":"valid","sourceYear":2013},"geometry":{"type":"Point","coordinates":[126.93906196,37.51275442]}},{"type":"Feature","id":"park-private-113255","properties":{"id":"park-private-113255","dataset":"park-private","gu":"동작구","species":"6","heightM":12.0,"crownWidthM":10.0,"rawHeight":12.0,"rawCrownWidth":10.0,"quality":"valid","sourceYear":2013},"geometry":{"type":"Point","coordinates":[126.93889894,37.5128516]}},{"type":"Feature","id":"park-private-113323","properties":{"id":"park-private-113323","dataset":"park-private","gu":"동작구","species":"6","heightM":6.0,"crownWidthM":3.0,"rawHeight":6.0,"rawCrownWidth":3.0,"quality":"valid","sourceYear":2013},"geometry":{"type":"Point","coordinates":[126.93422319,37.51296235]}},{"type":"Feature","id":"park-private-113339","properties":{"id":"park-private-113339","dataset":"park-private","gu":"동작구","species":"2","heightM":8.0,"crownWidthM":10.0,"rawHeight":8.0,"rawCrownWidth":10.0,"quality":"valid","sourceYear":2013},"geometry":{"type":"Point","coordinates":[126.93922159,37.51199376]}},{"type":"Feature","id":"park-private-113434","properties":{"id":"park-private-113434","dataset":"park-private","gu":"동작구","species":"6","heightM":9.0,"crownWidthM":8.0,"rawHeight":9.0,"rawCrownWidth":8.0,"quality":"valid","sourceYear":2013},"geometry":{"type":"Point","coordinates":[126.93658311,37.51502035]}},{"type":"Feature","id":"park-private-113440","properties":{"id":"park-private-113440","dataset":"park-private","gu":"동작구","species":"6","heightM":11.0,"crownWidthM":7.0,"rawHeight":11.0,"rawCrownWidth":7.0,"quality":"valid","sourceYear":2013},"geometry":{"type":"Point","coordinates":[126.93165324,37.51230347]}},{"type":"Feature","id":"park-private-113577","properties":{"id":"park-private-113577","dataset":"park-private","gu":"동작구","species":"6","heightM":7.0,"crownWidthM":8.0,"rawHeight":7.0,"rawCrownWidth":8.0,"quality":"valid","sourceYear":2013},"geometry":{"type":"Point","coordinates":[126.93518764,37.51484908]}},{"type":"Feature","id":"park-private-113658","properties":{"id":"park-private-113658","dataset":"park-private","gu":"동작구","species":"6","heightM":8.0,"crownWidthM":11.0,"rawHeight":8.0,"rawCrownWidth":11.0,"quality":"valid","sourceYear":2013},"geometry":{"type":"Point","coordinates":[126.93898826,37.51216759]}},{"type":"Feature","id":"park-private-113664","properties":{"id":"park-private-113664","dataset":"park-private","gu":"동작구","species":"6","heightM":7.0,"crownWidthM":9.0,"rawHeight":7.0,"rawCrownWidth":9.0,"quality":"valid","sourceYear":2013},"geometry":{"type":"Point","coordinates":[126.93461744,37.51110454]}},{"type":"Feature","id":"park-private-113847","properties":{"id":"park-private-113847","dataset":"park-private","gu":"동작구","species":"4","heightM":15.0,"crownWidthM":11.0,"rawHeight":15.0,"rawCrownWidth":11.0,"quality":"valid","sourceYear":2013},"geometry":{"type":"Point","coordinates":[126.93018685,37.51153637]}},{"type":"Feature","id":"park-private-113870","properties":{"id":"park-private-113870","dataset":"park-private","gu":"동작구","species":"2","heightM":14.0,"crownWidthM":8.0,"rawHeight":14.0,"rawCrownWidth":8.0,"quality":"valid","sourceYear":2013},"geometry":{"type":"Point","coordinates":[126.93905792,37.51327926]}},{"type":"Feature","id":"park-private-114024","properties":{"id":"park-private-114024","dataset":"park-private","gu":"동작구","species":"6","heightM":6.0,"crownWidthM":4.0,"rawHeight":6.0,"rawCrownWidth":4.0,"quality":"valid","sourceYear":2013},"geometry":{"type":"Point","coordinates":[126.93359572,37.51472774]}},{"type":"Feature","id":"park-private-114073","properties":{"id":"park-private-114073","dataset":"park-private","gu":"동작구","species":"2","heightM":8.0,"crownWidthM":5.0,"rawHeight":8.0,"rawCrownWidth":5.0,"quality":"valid","sourceYear":2013},"geometry":{"type":"Point","coordinates":[126.93444355,37.51477826]}},{"type":"Feature","id":"park-private-114241","properties":{"id":"park-private-114241","dataset":"park-private","gu":"동작구","species":"6","heightM":10.0,"crownWidthM":9.0,"rawHeight":10.0,"rawCrownWidth":9.0,"quality":"valid","sourceYear":2013},"geometry":{"type":"Point","coordinates":[126.93548051,37.51439815]}},{"type":"Feature","id":"park-private-114264","properties":{"id":"park-private-114264","dataset":"park-private","gu":"동작구","species":"4","heightM":7.0,"crownWidthM":6.0,"rawHeight":7.0,"rawCrownWidth":6.0,"quality":"valid","sourceYear":2013},"geometry":{"type":"Point","coordinates":[126.93633956,37.51012876]}},{"type":"Feature","id":"park-private-114312","properties":{"id":"park-private-114312","dataset":"park-private","gu":"동작구","species":"6","heightM":7.0,"crownWidthM":6.0,"rawHeight":7.0,"rawCrownWidth":6.0,"quality":"valid","sourceYear":2013},"geometry":{"type":"Point","coordinates":[126.93529501,37.51483437]}},{"type":"Feature","id":"park-private-114319","properties":{"id":"park-private-114319","dataset":"park-private","gu":"동작구","species":"6","heightM":7.0,"crownWidthM":6.0,"rawHeight":7.0,"rawCrownWidth":6.0,"quality":"valid","sourceYear":2013},"geometry":{"type":"Point","coordinates":[126.93870244,37.51319348]}},{"type":"Feature","id":"park-private-114323","properties":{"id":"park-private-114323","dataset":"park-private","gu":"동작구","species":"2","heightM":15.0,"crownWidthM":7.0,"rawHeight":15.0,"rawCrownWidth":7.0,"quality":"valid","sourceYear":2013},"geometry":{"type":"Point","coordinates":[126.93880212,37.51368597]}},{"type":"Feature","id":"park-private-114355","properties":{"id":"park-private-114355","dataset":"park-private","gu":"동작구","species":"6","heightM":9.0,"crownWidthM":9.0,"rawHeight":9.0,"rawCrownWidth":9.0,"quality":"valid","sourceYear":2013},"geometry":{"type":"Point","coordinates":[126.93686443,37.51504693]}},{"type":"Feature","id":"park-private-114412","properties":{"id":"park-private-114412","dataset":"park-private","gu":"동작구","species":"6","heightM":7.0,"crownWidthM":3.0,"rawHeight":7.0,"rawCrownWidth":3.0,"quality":"valid","sourceYear":2013},"geometry":{"type":"Point","coordinates":[126.93201484,37.51461407]}},{"type":"Feature","id":"park-private-114417","properties":{"id":"park-private-114417","dataset":"park-private","gu":"동작구","species":"4","heightM":10.0,"crownWidthM":9.0,"rawHeight":10.0,"rawCrownWidth":9.0,"quality":"valid","sourceYear":2013},"geometry":{"type":"Point","coordinates":[126.9348982,37.51162091]}},{"type":"Feature","id":"park-private-114446","properties":{"id":"park-private-114446","dataset":"park-private","gu":"동작구","species":"6","heightM":8.0,"crownWidthM":6.0,"rawHeight":8.0,"rawCrownWidth":6.0,"quality":"valid","sourceYear":2013},"geometry":{"type":"Point","coordinates":[126.93893969,37.51284278]}},{"type":"Feature","id":"park-private-114538","properties":{"id":"park-private-114538","dataset":"park-private","gu":"동작구","species":"6","heightM":8.0,"crownWidthM":6.0,"rawHeight":8.0,"rawCrownWidth":6.0,"quality":"valid","sourceYear":2013},"geometry":{"type":"Point","coordinates":[126.93545816,37.51454553]}},{"type":"Feature","id":"park-private-114650","properties":{"id":"park-private-114650","dataset":"park-private","gu":"동작구","species":"6","heightM":12.0,"crownWidthM":10.0,"rawHeight":12.0,"rawCrownWidth":10.0,"quality":"valid","sourceYear":2013},"geometry":{"type":"Point","coordinates":[126.93927346,37.51192007]}},{"type":"Feature","id":"park-private-114661","properties":{"id":"park-private-114661","dataset":"park-private","gu":"동작구","species":"6","heightM":8.0,"crownWidthM":6.0,"rawHeight":8.0,"rawCrownWidth":6.0,"quality":"valid","sourceYear":2013},"geometry":{"type":"Point","coordinates":[126.93048935,37.51028481]}},{"type":"Feature","id":"park-private-114713","properties":{"id":"park-private-114713","dataset":"park-private","gu":"동작구","species":"6","heightM":10.0,"crownWidthM":10.0,"rawHeight":10.0,"rawCrownWidth":10.0,"quality":"valid","sourceYear":2013},"geometry":{"type":"Point","coordinates":[126.93459852,37.51532067]}},{"type":"Feature","id":"park-private-114730","properties":{"id":"park-private-114730","dataset":"park-private","gu":"동작구","species":"6","heightM":7.0,"crownWidthM":8.0,"rawHeight":7.0,"rawCrownWidth":8.0,"quality":"valid","sourceYear":2013},"geometry":{"type":"Point","coordinates":[126.9346842,37.51480478]}},{"type":"Feature","id":"park-private-114762","properties":{"id":"park-private-114762","dataset":"park-private","gu":"동작구","species":"2","heightM":12.0,"crownWidthM":6.0,"rawHeight":12.0,"rawCrownWidth":6.0,"quality":"valid","sourceYear":2013},"geometry":{"type":"Point","coordinates":[126.93912059,37.51373635]}},{"type":"Feature","id":"park-private-114785","properties":{"id":"park-private-114785","dataset":"park-private","gu":"동작구","species":"6","heightM":8.0,"crownWidthM":7.0,"rawHeight":8.0,"rawCrownWidth":7.0,"quality":"valid","sourceYear":2013},"geometry":{"type":"Point","coordinates":[126.93838774,37.51303991]}},{"type":"Feature","id":"park-private-114975","properties":{"id":"park-private-114975","dataset":"park-private","gu":"동작구","species":"6","heightM":6.0,"crownWidthM":2.0,"rawHeight":6.0,"rawCrownWidth":2.0,"quality":"valid","sourceYear":2013},"geometry":{"type":"Point","coordinates":[126.93351057,37.51472764]}},{"type":"Feature","id":"park-private-115009","properties":{"id":"park-private-115009","dataset":"park-private","gu":"동작구","species":"6","heightM":10.0,"crownWidthM":9.0,"rawHeight":10.0,"rawCrownWidth":9.0,"quality":"valid","sourceYear":2013},"geometry":{"type":"Point","coordinates":[126.93547678,37.51442763]}},{"type":"Feature","id":"park-private-115014","properties":{"id":"park-private-115014","dataset":"park-private","gu":"동작구","species":"6","heightM":7.0,"crownWidthM":7.0,"rawHeight":7.0,"rawCrownWidth":7.0,"quality":"valid","sourceYear":2013},"geometry":{"type":"Point","coordinates":[126.93366824,37.51251097]}},{"type":"Feature","id":"park-private-115015","properties":{"id":"park-private-115015","dataset":"park-private","gu":"동작구","species":"6","heightM":6.0,"crownWidthM":4.0,"rawHeight":6.0,"rawCrownWidth":4.0,"quality":"valid","sourceYear":2013},"geometry":{"type":"Point","coordinates":[126.93943239,37.51231527]}},{"type":"Feature","id":"park-private-115134","properties":{"id":"park-private-115134","dataset":"park-private","gu":"동작구","species":"6","heightM":12.0,"crownWidthM":10.0,"rawHeight":12.0,"rawCrownWidth":10.0,"quality":"valid","sourceYear":2013},"geometry":{"type":"Point","coordinates":[126.93897303,37.51282511]}},{"type":"Feature","id":"park-private-115415","properties":{"id":"park-private-115415","dataset":"park-private","gu":"동작구","species":"6","heightM":9.0,"crownWidthM":10.0,"rawHeight":9.0,"rawCrownWidth":10.0,"quality":"valid","sourceYear":2013},"geometry":{"type":"Point","coordinates":[126.93923965,37.51273682]}},{"type":"Feature","id":"park-private-115444","properties":{"id":"park-private-115444","dataset":"park-private","gu":"동작구","species":"6","heightM":12.0,"crownWidthM":12.0,"rawHeight":12.0,"rawCrownWidth":12.0,"quality":"valid","sourceYear":2013},"geometry":{"type":"Point","coordinates":[126.93985313,37.51437068]}},{"type":"Feature","id":"park-private-115473","properties":{"id":"park-private-115473","dataset":"park-private","gu":"동작구","species":"6","heightM":13.0,"crownWidthM":9.0,"rawHeight":13.0,"rawCrownWidth":9.0,"quality":"valid","sourceYear":2013},"geometry":{"type":"Point","coordinates":[126.93914279,37.51374815]}},{"type":"Feature","id":"park-private-115693","properties":{"id":"park-private-115693","dataset":"park-private","gu":"동작구","species":"2","heightM":9.0,"crownWidthM":8.0,"rawHeight":9.0,"rawCrownWidth":8.0,"quality":"valid","sourceYear":2013},"geometry":{"type":"Point","coordinates":[126.93057578,37.51156019]}},{"type":"Feature","id":"park-private-115719","properties":{"id":"park-private-115719","dataset":"park-private","gu":"동작구","species":"6","heightM":13.0,"crownWidthM":12.0,"rawHeight":13.0,"rawCrownWidth":12.0,"quality":"valid","sourceYear":2013},"geometry":{"type":"Point","coordinates":[126.93541722,37.51478723]}},{"type":"Feature","id":"park-private-116116","properties":{"id":"park-private-116116","dataset":"park-private","gu":"동작구","species":"6","heightM":10.0,"crownWidthM":8.0,"rawHeight":10.0,"rawCrownWidth":8.0,"quality":"valid","sourceYear":2013},"geometry":{"type":"Point","coordinates":[126.93635749,37.51078636]}},{"type":"Feature","id":"park-private-116121","properties":{"id":"park-private-116121","dataset":"park-private","gu":"동작구","species":"6","heightM":6.0,"crownWidthM":7.0,"rawHeight":6.0,"rawCrownWidth":7.0,"quality":"valid","sourceYear":2013},"geometry":{"type":"Point","coordinates":[126.93484339,37.51481953]}},{"type":"Feature","id":"park-private-116164","properties":{"id":"park-private-116164","dataset":"park-private","gu":"동작구","species":"6","heightM":11.0,"crownWidthM":7.0,"rawHeight":11.0,"rawCrownWidth":7.0,"quality":"valid","sourceYear":2013},"geometry":{"type":"Point","coordinates":[126.93539866,37.51483439]}},{"type":"Feature","id":"park-private-116195","properties":{"id":"park-private-116195","dataset":"park-private","gu":"동작구","species":"6","heightM":9.0,"crownWidthM":7.0,"rawHeight":9.0,"rawCrownWidth":7.0,"quality":"valid","sourceYear":2013},"geometry":{"type":"Point","coordinates":[126.93672954,37.5127418]}},{"type":"Feature","id":"park-private-116303","properties":{"id":"park-private-116303","dataset":"park-private","gu":"동작구","species":"6","heightM":12.0,"crownWidthM":11.0,"rawHeight":12.0,"rawCrownWidth":11.0,"quality":"valid","sourceYear":2013},"geometry":{"type":"Point","coordinates":[126.93668675,37.51503216]}},{"type":"Feature","id":"park-private-116541","properties":{"id":"park-private-116541","dataset":"park-private","gu":"동작구","species":"6","heightM":6.0,"crownWidthM":8.0,"rawHeight":6.0,"rawCrownWidth":8.0,"quality":"valid","sourceYear":2013},"geometry":{"type":"Point","coordinates":[126.93023585,37.51075406]}},{"type":"Feature","id":"park-private-116549","properties":{"id":"park-private-116549","dataset":"park-private","gu":"동작구","species":"6","heightM":12.0,"crownWidthM":8.0,"rawHeight":12.0,"rawCrownWidth":8.0,"quality":"valid","sourceYear":2013},"geometry":{"type":"Point","coordinates":[126.93590207,37.5148964]}},{"type":"Feature","id":"park-private-116550","properties":{"id":"park-private-116550","dataset":"park-private","gu":"동작구","species":"4","heightM":9.0,"crownWidthM":7.0,"rawHeight":9.0,"rawCrownWidth":7.0,"quality":"valid","sourceYear":2013},"geometry":{"type":"Point","coordinates":[126.93348689,37.51224564]}},{"type":"Feature","id":"park-private-116552","properties":{"id":"park-private-116552","dataset":"park-private","gu":"동작구","species":"6","heightM":7.0,"crownWidthM":9.0,"rawHeight":7.0,"rawCrownWidth":9.0,"quality":"valid","sourceYear":2013},"geometry":{"type":"Point","coordinates":[126.93036742,37.51015492]}},{"type":"Feature","id":"park-private-116717","properties":{"id":"park-private-116717","dataset":"park-private","gu":"동작구","species":"6","heightM":6.0,"crownWidthM":5.0,"rawHeight":6.0,"rawCrownWidth":5.0,"quality":"valid","sourceYear":2013},"geometry":{"type":"Point","coordinates":[126.9393549,37.51191127]}},{"type":"Feature","id":"park-private-116732","properties":{"id":"park-private-116732","dataset":"park-private","gu":"동작구","species":"6","heightM":6.0,"crownWidthM":8.0,"rawHeight":6.0,"rawCrownWidth":8.0,"quality":"valid","sourceYear":2013},"geometry":{"type":"Point","coordinates":[126.93069664,37.5101935]}},{"type":"Feature","id":"park-private-116771","properties":{"id":"park-private-116771","dataset":"park-private","gu":"동작구","species":"6","heightM":6.0,"crownWidthM":7.0,"rawHeight":6.0,"rawCrownWidth":7.0,"quality":"valid","sourceYear":2013},"geometry":{"type":"Point","coordinates":[126.93450279,37.5147812]}},{"type":"Feature","id":"park-private-116853","properties":{"id":"park-private-116853","dataset":"park-private","gu":"동작구","species":"6","heightM":12.0,"crownWidthM":11.0,"rawHeight":12.0,"rawCrownWidth":11.0,"quality":"valid","sourceYear":2013},"geometry":{"type":"Point","coordinates":[126.93653129,37.51501444]}},{"type":"Feature","id":"park-private-116925","properties":{"id":"park-private-116925","dataset":"park-private","gu":"동작구","species":"6","heightM":12.0,"crownWidthM":11.0,"rawHeight":12.0,"rawCrownWidth":11.0,"quality":"valid","sourceYear":2013},"geometry":{"type":"Point","coordinates":[126.93490544,37.51179204]}},{"type":"Feature","id":"park-private-116929","properties":{"id":"park-private-116929","dataset":"park-private","gu":"동작구","species":"6","heightM":9.0,"crownWidthM":8.0,"rawHeight":9.0,"rawCrownWidth":8.0,"quality":"valid","sourceYear":2013},"geometry":{"type":"Point","coordinates":[126.93635733,37.51498198]}},{"type":"Feature","id":"park-private-116951","properties":{"id":"park-private-116951","dataset":"park-private","gu":"동작구","species":"2","heightM":13.0,"crownWidthM":10.0,"rawHeight":13.0,"rawCrownWidth":10.0,"quality":"valid","sourceYear":2013},"geometry":{"type":"Point","coordinates":[126.93926597,37.5120616]}},{"type":"Feature","id":"park-private-116982","properties":{"id":"park-private-116982","dataset":"park-private","gu":"동작구","species":"6","heightM":7.0,"crownWidthM":3.0,"rawHeight":7.0,"rawCrownWidth":3.0,"quality":"valid","sourceYear":2013},"geometry":{"type":"Point","coordinates":[126.93192224,37.51460517]}},{"type":"Feature","id":"park-private-117101","properties":{"id":"park-private-117101","dataset":"park-private","gu":"동작구","species":"6","heightM":12.0,"crownWidthM":8.0,"rawHeight":12.0,"rawCrownWidth":8.0,"quality":"valid","sourceYear":2013},"geometry":{"type":"Point","coordinates":[126.93160147,37.51216199]}},{"type":"Feature","id":"park-private-117186","properties":{"id":"park-private-117186","dataset":"park-private","gu":"동작구","species":"2","heightM":10.0,"crownWidthM":10.0,"rawHeight":10.0,"rawCrownWidth":10.0,"quality":"valid","sourceYear":2013},"geometry":{"type":"Point","coordinates":[126.93001414,37.51114103]}},{"type":"Feature","id":"park-private-117606","properties":{"id":"park-private-117606","dataset":"park-private","gu":"동작구","species":"6","heightM":8.0,"crownWidthM":6.0,"rawHeight":8.0,"rawCrownWidth":6.0,"quality":"valid","sourceYear":2013},"geometry":{"type":"Point","coordinates":[126.93048944,37.510214]}},{"type":"Feature","id":"park-private-117609","properties":{"id":"park-private-117609","dataset":"park-private","gu":"동작구","species":"6","heightM":10.0,"crownWidthM":8.0,"rawHeight":10.0,"rawCrownWidth":8.0,"quality":"valid","sourceYear":2013},"geometry":{"type":"Point","coordinates":[126.93542835,37.51475481]}},{"type":"Feature","id":"park-private-117626","properties":{"id":"park-private-117626","dataset":"park-private","gu":"동작구","species":"6","heightM":5.0,"crownWidthM":7.0,"rawHeight":5.0,"rawCrownWidth":7.0,"quality":"valid","sourceYear":2013},"geometry":{"type":"Point","coordinates":[126.93387887,37.51295925]}},{"type":"Feature","id":"park-private-117639","properties":{"id":"park-private-117639","dataset":"park-private","gu":"동작구","species":"4","heightM":9.0,"crownWidthM":7.0,"rawHeight":9.0,"rawCrownWidth":7.0,"quality":"valid","sourceYear":2013},"geometry":{"type":"Point","coordinates":[126.9334869,37.51222206]}},{"type":"Feature","id":"park-private-117820","properties":{"id":"park-private-117820","dataset":"park-private","gu":"동작구","species":"6","heightM":10.0,"crownWidthM":10.0,"rawHeight":10.0,"rawCrownWidth":10.0,"quality":"valid","sourceYear":2013},"geometry":{"type":"Point","coordinates":[126.93349791,37.51239888]}},{"type":"Feature","id":"park-private-117913","properties":{"id":"park-private-117913","dataset":"park-private","gu":"동작구","species":"6","heightM":10.0,"crownWidthM":9.0,"rawHeight":10.0,"rawCrownWidth":9.0,"quality":"valid","sourceYear":2013},"geometry":{"type":"Point","coordinates":[126.93893201,37.51327032]}},{"type":"Feature","id":"park-private-117955","properties":{"id":"park-private-117955","dataset":"park-private","gu":"동작구","species":"6","heightM":10.0,"crownWidthM":9.0,"rawHeight":10.0,"rawCrownWidth":9.0,"quality":"valid","sourceYear":2013},"geometry":{"type":"Point","coordinates":[126.93910158,37.51451476]}},{"type":"Feature","id":"park-private-118044","properties":{"id":"park-private-118044","dataset":"park-private","gu":"동작구","species":"6","heightM":7.0,"crownWidthM":8.0,"rawHeight":7.0,"rawCrownWidth":8.0,"quality":"valid","sourceYear":2013},"geometry":{"type":"Point","coordinates":[126.93071571,37.51287755]}},{"type":"Feature","id":"park-private-118084","properties":{"id":"park-private-118084","dataset":"park-private","gu":"동작구","species":"2","heightM":11.0,"crownWidthM":7.0,"rawHeight":11.0,"rawCrownWidth":7.0,"quality":"valid","sourceYear":2013},"geometry":{"type":"Point","coordinates":[126.93506106,37.51163571]}},{"type":"Feature","id":"park-private-118130","properties":{"id":"park-private-118130","dataset":"park-private","gu":"동작구","species":"6","heightM":12.0,"crownWidthM":10.0,"rawHeight":12.0,"rawCrownWidth":10.0,"quality":"valid","sourceYear":2013},"geometry":{"type":"Point","coordinates":[126.93755676,37.515177]}},{"type":"Feature","id":"park-private-118168","properties":{"id":"park-private-118168","dataset":"park-private","gu":"동작구","species":"6","heightM":8.0,"crownWidthM":9.0,"rawHeight":8.0,"rawCrownWidth":9.0,"quality":"valid","sourceYear":2013},"geometry":{"type":"Point","coordinates":[126.93047423,37.51056211]}},{"type":"Feature","id":"park-private-120158","properties":{"id":"park-private-120158","dataset":"park-private","gu":"동작구","species":"6","heightM":12.0,"crownWidthM":10.0,"rawHeight":12.0,"rawCrownWidth":10.0,"quality":"valid","sourceYear":2013},"geometry":{"type":"Point","coordinates":[126.93368828,37.51473374]}},{"type":"Feature","id":"park-private-171224","properties":{"id":"park-private-171224","dataset":"park-private","gu":"영등포구","species":"벚나무","heightM":5.0,"crownWidthM":5.0,"rawHeight":5.0,"rawCrownWidth":5.0,"quality":"valid","sourceYear":2013},"geometry":{"type":"Point","coordinates":[126.93540243,37.51738813]}},{"type":"Feature","id":"park-private-171243","properties":{"id":"park-private-171243","dataset":"park-private","gu":"영등포구","species":"복사나무","heightM":5.0,"crownWidthM":5.0,"rawHeight":5.0,"rawCrownWidth":5.0,"quality":"valid","sourceYear":2013},"geometry":{"type":"Point","coordinates":[126.93083398,37.51777193]}},{"type":"Feature","id":"park-private-171344","properties":{"id":"park-private-171344","dataset":"park-private","gu":"영등포구","species":"벚나무","heightM":5.0,"crownWidthM":5.0,"rawHeight":5.0,"rawCrownWidth":5.0,"quality":"valid","sourceYear":2013},"geometry":{"type":"Point","coordinates":[126.93194585,37.51705437]}},{"type":"Feature","id":"park-private-171428","properties":{"id":"park-private-171428","dataset":"park-private","gu":"영등포구","species":"벚나무","heightM":9.0,"crownWidthM":5.0,"rawHeight":9.0,"rawCrownWidth":5.0,"quality":"valid","sourceYear":2013},"geometry":{"type":"Point","coordinates":[126.93173098,37.51704273]}},{"type":"Feature","id":"park-private-171595","properties":{"id":"park-private-171595","dataset":"park-private","gu":"영등포구","species":"은행나무","heightM":9.0,"crownWidthM":5.0,"rawHeight":9.0,"rawCrownWidth":5.0,"quality":"valid","sourceYear":2013},"geometry":{"type":"Point","coordinates":[126.93595234,37.51992592]}},{"type":"Feature","id":"park-private-171611","properties":{"id":"park-private-171611","dataset":"park-private","gu":"영등포구","species":"벚나무","heightM":5.0,"crownWidthM":5.0,"rawHeight":5.0,"rawCrownWidth":5.0,"quality":"valid","sourceYear":2013},"geometry":{"type":"Point","coordinates":[126.93524951,37.51736378]}},{"type":"Feature","id":"park-private-171648","properties":{"id":"park-private-171648","dataset":"park-private","gu":"영등포구","species":"은행나무","heightM":8.0,"crownWidthM":4.0,"rawHeight":8.0,"rawCrownWidth":4.0,"quality":"valid","sourceYear":2013},"geometry":{"type":"Point","coordinates":[126.9371096,37.51988609]}},{"type":"Feature","id":"park-private-171882","properties":{"id":"park-private-171882","dataset":"park-private","gu":"영등포구","species":"벚나무","heightM":5.0,"crownWidthM":5.0,"rawHeight":5.0,"rawCrownWidth":5.0,"quality":"valid","sourceYear":2013},"geometry":{"type":"Point","coordinates":[126.93356809,37.51717982]}},{"type":"Feature","id":"park-private-172003","properties":{"id":"park-private-172003","dataset":"park-private","gu":"영등포구","species":"벚나무","heightM":5.0,"crownWidthM":5.0,"rawHeight":5.0,"rawCrownWidth":5.0,"quality":"valid","sourceYear":2013},"geometry":{"type":"Point","coordinates":[126.93316818,37.51713938]}},{"type":"Feature","id":"park-private-172242","properties":{"id":"park-private-172242","dataset":"park-private","gu":"영등포구","species":"목련","heightM":6.0,"crownWidthM":4.0,"rawHeight":6.0,"rawCrownWidth":4.0,"quality":"valid","sourceYear":2013},"geometry":{"type":"Point","coordinates":[126.93730353,37.51841633]}},{"type":"Feature","id":"park-private-172388","properties":{"id":"park-private-172388","dataset":"park-private","gu":"영등포구","species":"벚나무","heightM":6.0,"crownWidthM":5.0,"rawHeight":6.0,"rawCrownWidth":5.0,"quality":"valid","sourceYear":2013},"geometry":{"type":"Point","coordinates":[126.93135856,37.51701189]}},{"type":"Feature","id":"park-private-172451","properties":{"id":"park-private-172451","dataset":"park-private","gu":"영등포구","species":"벚나무","heightM":7.0,"crownWidthM":3.0,"rawHeight":7.0,"rawCrownWidth":3.0,"quality":"valid","sourceYear":2013},"geometry":{"type":"Point","coordinates":[126.93518777,37.51982809]}},{"type":"Feature","id":"park-private-172470","properties":{"id":"park-private-172470","dataset":"park-private","gu":"영등포구","species":"은행나무","heightM":12.0,"crownWidthM":5.0,"rawHeight":12.0,"rawCrownWidth":5.0,"quality":"valid","sourceYear":2013},"geometry":{"type":"Point","coordinates":[126.93074304,37.51822114]}},{"type":"Feature","id":"park-private-172711","properties":{"id":"park-private-172711","dataset":"park-private","gu":"영등포구","species":"칠엽수","heightM":8.0,"crownWidthM":6.0,"rawHeight":8.0,"rawCrownWidth":6.0,"quality":"valid","sourceYear":2013},"geometry":{"type":"Point","coordinates":[126.93523578,37.51937666]}},{"type":"Feature","id":"park-private-172717","properties":{"id":"park-private-172717","dataset":"park-private","gu":"영등포구","species":"단풍나무","heightM":6.0,"crownWidthM":5.0,"rawHeight":6.0,"rawCrownWidth":5.0,"quality":"valid","sourceYear":2013},"geometry":{"type":"Point","coordinates":[126.93386823,37.51975216]}},{"type":"Feature","id":"park-private-176006","properties":{"id":"park-private-176006","dataset":"park-private","gu":"동작구","species":"6","heightM":12.0,"crownWidthM":10.0,"rawHeight":12.0,"rawCrownWidth":10.0,"quality":"valid","sourceYear":2013},"geometry":{"type":"Point","coordinates":[126.9389397,37.51281919]}},{"type":"Feature","id":"park-private-176086","properties":{"id":"park-private-176086","dataset":"park-private","gu":"영등포구","species":"향나무","heightM":5.0,"crownWidthM":5.0,"rawHeight":5.0,"rawCrownWidth":5.0,"quality":"valid","sourceYear":2013},"geometry":{"type":"Point","coordinates":[126.93053702,37.51786495]}},{"type":"Feature","id":"park-private-176199","properties":{"id":"park-private-176199","dataset":"park-private","gu":"동작구","species":"2","heightM":7.0,"crownWidthM":7.0,"rawHeight":7.0,"rawCrownWidth":7.0,"quality":"valid","sourceYear":2013},"geometry":{"type":"Point","coordinates":[126.93077426,37.51025255]}},{"type":"Feature","id":"park-private-176304","properties":{"id":"park-private-176304","dataset":"park-private","gu":"영등포구","species":"향나무","heightM":5.0,"crownWidthM":4.0,"rawHeight":5.0,"rawCrownWidth":4.0,"quality":"valid","sourceYear":2013},"geometry":{"type":"Point","coordinates":[126.93088695,37.51779519]}},{"type":"Feature","id":"park-private-176447","properties":{"id":"park-private-176447","dataset":"park-private","gu":"동작구","species":"6","heightM":12.0,"crownWidthM":12.0,"rawHeight":12.0,"rawCrownWidth":12.0,"quality":"valid","sourceYear":2013},"geometry":{"type":"Point","coordinates":[126.9363018,37.51497607]}},{"type":"Feature","id":"park-private-176577","properties":{"id":"park-private-176577","dataset":"park-private","gu":"동작구","species":"6","heightM":6.0,"crownWidthM":6.0,"rawHeight":6.0,"rawCrownWidth":6.0,"quality":"valid","sourceYear":2013},"geometry":{"type":"Point","coordinates":[126.93963227,37.51231243]}},{"type":"Feature","id":"park-private-176611","properties":{"id":"park-private-176611","dataset":"park-private","gu":"동작구","species":"6","heightM":8.0,"crownWidthM":7.0,"rawHeight":8.0,"rawCrownWidth":7.0,"quality":"valid","sourceYear":2013},"geometry":{"type":"Point","coordinates":[126.93058549,37.51032913]}},{"type":"Feature","id":"park-private-176843","properties":{"id":"park-private-176843","dataset":"park-private","gu":"동작구","species":"4","heightM":11.0,"crownWidthM":2.0,"rawHeight":11.0,"rawCrownWidth":2.0,"quality":"valid","sourceYear":2013},"geometry":{"type":"Point","coordinates":[126.9350313,37.51178913]}},{"type":"Feature","id":"park-private-176865","properties":{"id":"park-private-176865","dataset":"park-private","gu":"동작구","species":"6","heightM":12.0,"crownWidthM":10.0,"rawHeight":12.0,"rawCrownWidth":10.0,"quality":"valid","sourceYear":2013},"geometry":{"type":"Point","coordinates":[126.93927712,37.51198494]}},{"type":"Feature","id":"park-private-177024","properties":{"id":"park-private-177024","dataset":"park-private","gu":"동작구","species":"6","heightM":7.0,"crownWidthM":5.0,"rawHeight":7.0,"rawCrownWidth":5.0,"quality":"valid","sourceYear":2013},"geometry":{"type":"Point","coordinates":[126.93332918,37.51471271]}},{"type":"Feature","id":"park-private-177097","properties":{"id":"park-private-177097","dataset":"park-private","gu":"동작구","species":"6","heightM":7.0,"crownWidthM":6.0,"rawHeight":7.0,"rawCrownWidth":6.0,"quality":"valid","sourceYear":2013},"geometry":{"type":"Point","coordinates":[126.93540603,37.51487272]}},{"type":"Feature","id":"park-private-177108","properties":{"id":"park-private-177108","dataset":"park-private","gu":"동작구","species":"6","heightM":7.0,"crownWidthM":8.0,"rawHeight":7.0,"rawCrownWidth":8.0,"quality":"valid","sourceYear":2013},"geometry":{"type":"Point","coordinates":[126.93551715,37.51480199]}},{"type":"Feature","id":"park-private-177172","properties":{"id":"park-private-177172","dataset":"park-private","gu":"영등포구","species":"네군도단풍","heightM":7.0,"crownWidthM":5.0,"rawHeight":7.0,"rawCrownWidth":5.0,"quality":"valid","sourceYear":2013},"geometry":{"type":"Point","coordinates":[126.9334372,37.51828678]}},{"type":"Feature","id":"park-private-177173","properties":{"id":"park-private-177173","dataset":"park-private","gu":"영등포구","species":"벚나무","heightM":5.0,"crownWidthM":4.0,"rawHeight":5.0,"rawCrownWidth":4.0,"quality":"valid","sourceYear":2013},"geometry":{"type":"Point","coordinates":[126.93636584,37.51754685]}},{"type":"Feature","id":"park-private-177260","properties":{"id":"park-private-177260","dataset":"park-private","gu":"동작구","species":"6","heightM":12.0,"crownWidthM":8.0,"rawHeight":12.0,"rawCrownWidth":8.0,"quality":"valid","sourceYear":2013},"geometry":{"type":"Point","coordinates":[126.939136,37.51274267]}},{"type":"Feature","id":"park-private-177467","properties":{"id":"park-private-177467","dataset":"park-private","gu":"영등포구","species":"벚나무","heightM":7.0,"crownWidthM":7.0,"rawHeight":7.0,"rawCrownWidth":7.0,"quality":"valid","sourceYear":2013},"geometry":{"type":"Point","coordinates":[126.93647746,37.51952833]}},{"type":"Feature","id":"protected-105","properties":{"id":"protected-105","dataset":"protected","gu":"동작구","species":"잣나무","heightM":18.0,"crownWidthM":5.0,"rawHeight":18.0,"rawCrownWidth":5.0,"quality":"valid","sourceYear":2013},"geometry":{"type":"Point","coordinates":[126.93473872,37.51170298]}},{"type":"Feature","id":"protected-106","properties":{"id":"protected-106","dataset":"protected","gu":"동작구","species":"튜립나무","heightM":14.0,"crownWidthM":7.0,"rawHeight":14.0,"rawCrownWidth":7.0,"quality":"valid","sourceYear":2013},"geometry":{"type":"Point","coordinates":[126.93923069,37.51199064]}},{"type":"Feature","id":"protected-177","properties":{"id":"protected-177","dataset":"protected","gu":"동작구","species":"능수버들","heightM":15.0,"crownWidthM":12.0,"rawHeight":15.0,"rawCrownWidth":12.0,"quality":"valid","sourceYear":2013},"geometry":{"type":"Point","coordinates":[126.93987856,37.51443166]}},{"type":"Feature","id":"protected-334","properties":{"id":"protected-334","dataset":"protected","gu":"동작구","species":"은행나무","heightM":14.0,"crownWidthM":5.0,"rawHeight":14.0,"rawCrownWidth":5.0,"quality":"valid","sourceYear":2013},"geometry":{"type":"Point","coordinates":[126.9390983,37.51217608]}}]}