{"type":"FeatureCollection","features":[{"type":"Feature","id":"street-2843","properties":{"id":"street-2843","dataset":"street","gu":"용산구","species":"은행나무","heightM":8.0,"crownWidthM":4.0,"rawHeight":8.0,"rawCrownWidth":4.0,"quality":"valid","sourceYear":2013},"geometry":{"type":"Point","coordinates":[126.98496702,37.54666031]}},{"type":"Feature","id":"street-2849","properties":{"id":"street-2849","dataset":"street","gu":"용산구","species":"은행나무","heightM":11.0,"crownWidthM":5.0,"rawHeight":11.0,"rawCrownWidth":5.0,"quality":"valid","sourceYear":2013},"geometry":{"type":"Point","coordinates":[126.98798673,37.5410424]}},{"type":"Feature","id":"street-2919","properties":{"id":"street-2919","dataset":"street","gu":"용산구","species":"은행나무","heightM":5.0,"crownWidthM":2.0,"rawHeight":5.0,"rawCrownWidth":2.0,"quality":"valid","sourceYear":2013},"geometry":{"type":"Point","coordinates":[126.98215417,37.54891495]}},{"type":"Feature","id":"street-3086","properties":{"id":"street-3086","dataset":"street","gu":"용산구","species":"은행나무","heightM":8.0,"crownWidthM":4.0,"rawHeight":8.0,"rawCrownWidth":4.0,"quality":"valid","sourceYear":2013},"geometry":{"type":"Point","coordinates":[126.983706,37.54921556]}},{"type":"Feature","id":"street-3100","properties":{"id":"street-3100","dataset":"street","gu":"용산구","species":"이팝나무","heightM":12.0,"crownWidthM":5.0,"rawHeight":12.0,"rawCrownWidth":5.0,"quality":"valid","sourceYear":2013},"geometry":{"type":"Point","coordinates":[126.98829233,37.54188528]}},{"type":"Feature","id":"street-4112","properties":{"id":"street-4112","dataset":"street","gu":"용산구","species":"은행나무","heightM":8.0,"crownWidthM":5.0,"rawHeight":8.0,"rawCrownWidth":5.0,"quality":"valid","sourceYear":2013},"geometry":{"type":"Point","coordinates":[126.98662679,37.54609286]}},{"type":"Feature","id":"street-4113","properties":{"id":"street-4113","dataset":"street","gu":"용산구","species":"은행나무","heightM":12.0,"crownWidthM":5.0,"rawHeight":12.0,"rawCrownWidth":5.0,"quality":"valid","sourceYear":2013},"geometry":{"type":"Point","coordinates":[126.98781769,37.54054313]}},{"type":"Feature","id":"street-4121","properties":{"id":"street-4121","dataset":"street","gu":"용산구","species":"은행나무","heightM":6.0,"crownWidthM":2.0,"rawHeight":6.0,"rawCrownWidth":2.0,"quality":"valid","sourceYear":2013},"geometry":{"type":"Point","coordinates":[126.98204405,37.54754633]}},{"type":"Feature","id":"street-4195","properties":{"id":"street-4195","dataset":"street","gu":"용산구","species":"은행나무","heightM":11.0,"crownWidthM":4.0,"rawHeight":11.0,"rawCrownWidth":4.0,"quality":"valid","sourceYear":2013},"geometry":{"type":"Point","coordinates":[126.98993055,37.54564569]}},{"type":"Feature","id":"street-4207","properties":{"id":"street-4207","dataset":"street","gu":"용산구","species":"은행나무","heightM":8.0,"crownWidthM":4.0,"rawHeight":8.0,"rawCrownWidth":4.0,"quality":"valid","sourceYear":2013},"geometry":{"type":"Point","coordinates":[126.98613674,37.54634694]}},{"type":"Feature","id":"street-4208","properties":{"id":"street-4208","dataset":"street","gu":"용산구","species":"은행나무","heightM":6.0,"crownWidthM":2.0,"rawHeight":6.0,"rawCrownWidth":2.0,"quality":"valid","sourceYear":2013},"geometry":{"type":"Point","coordinates":[126.9821031,37.54759188]}},{"type":"Feature","id":"street-4214","properties":{"id":"street-4214","dataset":"street","gu":"용산구","species":"은행나무","heightM":8.0,"crownWidthM":4.0,"rawHeight":8.0,"rawCrownWidth":4.0,"quality":"valid","sourceYear":2013},"geometry":{"type":"Point","coordinates":[126.98766012,37.54608707]}},{"type":"Feature","id":"street-4215","properties":{"id":"street-4215","dataset":"street","gu":"용산구","species":"은행나무","heightM":8.0,"crownWidthM":5.0,"rawHeight":8.0,"rawCrownWidth":5.0,"quality":"valid","sourceYear":2013},"geometry":{"type":"Point","coordinates":[126.98757361,37.5460836]}},{"type":"Feature","id":"street-5737","properties":{"id":"street-5737","dataset":"street","gu":"용산구","species":"이팝나무","heightM":12.0,"crownWidthM":5.0,"rawHeight":12.0,"rawCrownWidth":5.0,"quality":"valid","sourceYear":2013},"geometry":{"type":"Point","coordinates":[126.9884938,37.54246211]}},{"type":"Feature","id":"street-5797","properties":{"id":"street-5797","dataset":"street","gu":"용산구","species":"은행나무","heightM":6.0,"crownWidthM":2.0,"rawHeight":6.0,"rawCrownWidth":2.0,"quality":"valid","sourceYear":2013},"geometry":{"type":"Point","coordinates":[126.9803967,37.54630483]}},{"type":"Feature","id":"street-5825","properties":{"id":"street-5825","dataset":"street","gu":"용산구","species":"은행나무","heightM":6.0,"crownWidthM":2.0,"rawHeight":6.0,"rawCrownWidth":2.0,"quality":"valid","sourceYear":2013},"geometry":{"type":"Point","coordinates":[126.98228744,37.54821519]}},{"type":"Feature","id":"street-5844","properties":{"id":"street-5844","dataset":"street","gu":"용산구","species":"은행나무","heightM":7.0,"crownWidthM":3.0,"rawHeight":7.0,"rawCrownWidth":3.0,"quality":"valid","sourceYear":2013},"geometry":{"type":"Point","coordinates":[126.9884048,37.54016933]}},{"type":"Feature","id":"street-5851","properties":{"id":"street-5851","dataset":"street","gu":"용산구","species":"은행나무","heightM":10.0,"crownWidthM":5.0,"rawHeight":10.0,"rawCrownWidth":5.0,"quality":"valid","sourceYear":2013},"geometry":{"type":"Point","coordinates":[126.98783785,37.54060213]}},{"type":"Feature","id":"street-5923","properties":{"id":"street-5923","dataset":"street","gu":"용산구","species":"은행나무","heightM":8.0,"crownWidthM":6.0,"rawHeight":8.0,"rawCrownWidth":6.0,"quality":"valid","sourceYear":2013},"geometry":{"type":"Point","coordinates":[126.98829431,37.54621487]}},{"type":"Feature","id":"street-5949","properties":{"id":"street-5949","dataset":"street","gu":"용산구","species":"은행나무","heightM":9.0,"crownWidthM":4.0,"rawHeight":9.0,"rawCrownWidth":4.0,"quality":"valid","sourceYear":2013},"geometry":{"type":"Point","coordinates":[126.98557494,37.54634092]}},{"type":"Feature","id":"street-5958","properties":{"id":"street-5958","dataset":"street","gu":"용산구","species":"은행나무","heightM":12.0,"crownWidthM":4.0,"rawHeight":12.0,"rawCrownWidth":4.0,"quality":"valid","sourceYear":2013},"geometry":{"type":"Point","coordinates":[126.98928786,37.54603376]}},{"type":"Feature","id":"street-5991","properties":{"id":"street-5991","dataset":"street","gu":"용산구","species":"은행나무","heightM":9.0,"crownWidthM":4.0,"rawHeight":9.0,"rawCrownWidth":4.0,"quality":"valid","sourceYear":2013},"geometry":{"type":"Point","coordinates":[126.98370362,37.54993357]}},{"type":"Feature","id":"street-5994","properties":{"id":"street-5994","dataset":"street","gu":"용산구","species":"은행나무","heightM":12.0,"crownWidthM":5.0,"rawHeight":12.0,"rawCrownWidth":5.0,"quality":"valid","sourceYear":2013},"geometry":{"type":"Point","coordinates":[126.98789798,37.54075837]}},{"type":"Feature","id":"street-6012","properties":{"id":"street-6012","dataset":"street","gu":"용산구","species":"은행나무","heightM":8.0,"crownWidthM":4.0,"rawHeight":8.0,"rawCrownWidth":4.0,"quality":"valid","sourceYear":2013},"geometry":{"type":"Point","coordinates":[126.98919808,37.54607427]}},{"type":"Feature","id":"street-6013","properties":{"id":"street-6013","dataset":"street","gu":"용산구","species":"이팝나무","heightM":11.0,"crownWidthM":5.0,"rawHeight":11.0,"rawCrownWidth":5.0,"quality":"valid","sourceYear":2013},"geometry":{"type":"Point","coordinates":[126.9885221,37.54255484]}},{"type":"Feature","id":"street-6029","properties":{"id":"street-6029","dataset":"street","gu":"용산구","species":"은행나무","heightM":7.0,"crownWidthM":7.0,"rawHeight":7.0,"rawCrownWidth":7.0,"quality":"valid","sourceYear":2013},"geometry":{"type":"Point","coordinates":[126.98788272,37.54596255]}},{"type":"Feature","id":"street-6031","properties":{"id":"street-6031","dataset":"street","gu":"용산구","species":"은행나무","heightM":8.0,"crownWidthM":9.0,"rawHeight":8.0,"rawCrownWidth":9.0,"quality":"valid","sourceYear":2013},"geometry":{"type":"Point","coordinates":[126.9885007,37.54610655]}},{"type":"Feature","id":"street-6034","properties":{"id":"street-6034","dataset":"street","gu":"용산구","species":"은행나무","heightM":8.0,"crownWidthM":4.0,"rawHeight":8.0,"rawCrownWidth":4.0,"quality":"valid","sourceYear":2013},"geometry":{"type":"Point","coordinates":[126.98532363,37.54664938]}},{"type":"Feature","id":"street-6056","properties":{"id":"street-6056","dataset":"street","gu":"용산구","species":"은행나무","heightM":8.0,"crownWidthM":5.0,"rawHeight":8.0,"rawCrownWidth":5.0,"quality":"valid","sourceYear":2013},"geometry":{"type":"Point","coordinates":[126.98694175,37.54617877]}},{"type":"Feature","id":"street-6063","properties":{"id":"street-6063","dataset":"street","gu":"용산구","species":"은행나무","heightM":10.0,"crownWidthM":4.0,"rawHeight":10.0,"rawCrownWidth":4.0,"quality":"valid","sourceYear":2013},"geometry":{"type":"Point","coordinates":[126.98400384,37.54876479]}},{"type":"Feature","id":"street-6064","properties":{"id":"street-6064","dataset":"street","gu":"용산구","species":"은행나무","heightM":9.0,"crownWidthM":4.0,"rawHeight":9.0,"rawCrownWidth":4.0,"quality":"valid","sourceYear":2013},"geometry":{"type":"Point","coordinates":[126.98453167,37.54772538]}},{"type":"Feature","id":"street-6065","properties":{"id":"street-6065","dataset":"street","gu":"용산구","species":"은행나무","heightM":8.0,"crownWidthM":4.0,"rawHeight":8.0,"rawCrownWidth":4.0,"quality":"valid","sourceYear":2013},"geometry":{"type":"Point","coordinates":[126.98604829,37.54636651]}},{"type":"Feature","id":"street-6066","properties":{"id":"street-6066","dataset":"street","gu":"용산구","species":"은행나무","heightM":6.0,"crownWidthM":2.0,"rawHeight":6.0,"rawCrownWidth":2.0,"quality":"valid","sourceYear":2013},"geometry":{"type":"Point","coordinates":[126.98198586,37.54739332]}},{"type":"Feature","id":"street-6074","properties":{"id":"street-6074","dataset":"street","gu":"용산구","species":"은행나무","heightM":9.0,"crownWidthM":4.0,"rawHeight":9.0,"rawCrownWidth":4.0,"quality":"valid","sourceYear":2013},"geometry":{"type":"Point","coordinates":[126.98472434,37.54680178]}},{"type":"Feature","id":"street-6075","properties":{"id":"street-6075","dataset":"street","gu":"용산구","species":"은행나무","heightM":8.0,"crownWidthM":4.0,"rawHeight":8.0,"rawCrownWidth":4.0,"quality":"valid","sourceYear":2013},"geometry":{"type":"Point","coordinates":[126.98454065,37.54720297]}},{"type":"Feature","id":"street-6076","properties":{"id":"street-6076","dataset":"street","gu":"용산구","species":"은행나무","heightM":8.0,"crownWidthM":4.0,"rawHeight":8.0,"rawCrownWidth":4.0,"quality":"valid","sourceYear":2013},"geometry":{"type":"Point","coordinates":[126.98453051,37.54779052]}},{"type":"Feature","id":"street-6098","properties":{"id":"street-6098","dataset":"street","gu":"용산구","species":"은행나무","heightM":10.0,"crownWidthM":4.0,"rawHeight":10.0,"rawCrownWidth":4.0,"quality":"valid","sourceYear":2013},"geometry":{"type":"Point","coordinates":[126.98436322,37.54735059]}},{"type":"Feature","id":"street-6122","properties":{"id":"street-6122","dataset":"street","gu":"용산구","species":"은행나무","heightM":7.0,"crownWidthM":4.0,"rawHeight":7.0,"rawCrownWidth":4.0,"quality":"valid","sourceYear":2013},"geometry":{"type":"Point","coordinates":[126.98356539,37.5496585]}},{"type":"Feature","id":"street-6134","properties":{"id":"street-6134","dataset":"street","gu":"용산구","species":"은행나무","heightM":8.0,"crownWidthM":4.0,"rawHeight":8.0,"rawCrownWidth":4.0,"quality":"valid","sourceYear":2013},"geometry":{"type":"Point","coordinates":[126.98971643,37.5457824]}},{"type":"Feature","id":"street-6160","properties":{"id":"street-6160","dataset":"street","gu":"용산구","species":"은행나무","heightM":6.0,"crownWidthM":2.0,"rawHeight":6.0,"rawCrownWidth":2.0,"quality":"valid","sourceYear":2013},"geometry":{"type":"Point","coordinates":[126.98199645,37.54919596]}},{"type":"Feature","id":"street-6181","properties":{"id":"street-6181","dataset":"street","gu":"용산구","species":"은행나무","heightM":8.0,"crownWidthM":5.0,"rawHeight":8.0,"rawCrownWidth":5.0,"quality":"valid","sourceYear":2013},"geometry":{"type":"Point","coordinates":[126.98019493,37.54615543]}},{"type":"Feature","id":"street-6182","properties":{"id":"street-6182","dataset":"street","gu":"용산구","species":"은행나무","heightM":9.0,"crownWidthM":5.0,"rawHeight":9.0,"rawCrownWidth":5.0,"quality":"valid","sourceYear":2013},"geometry":{"type":"Point","coordinates":[126.9878471,37.54026986]}},{"type":"Feature","id":"street-6186","properties":{"id":"street-6186","dataset":"street","gu":"용산구","species":"은행나무","heightM":9.0,"crownWidthM":4.0,"rawHeight":9.0,"rawCrownWidth":4.0,"quality":"valid","sourceYear":2013},"geometry":{"type":"Point","coordinates":[126.9836698,37.54931225]}},{"type":"Feature","id":"street-6206","properties":{"id":"street-6206","dataset":"street","gu":"용산구","species":"은행나무","heightM":10.0,"crownWidthM":4.0,"rawHeight":10.0,"rawCrownWidth":4.0,"quality":"valid","sourceYear":2013},"geometry":{"type":"Point","coordinates":[126.98416571,37.54851652]}},{"type":"Feature","id":"street-6212","properties":{"id":"street-6212","dataset":"street","gu":"용산구","species":"이팝나무","heightM":10.0,"crownWidthM":5.0,"rawHeight":10.0,"rawCrownWidth":5.0,"quality":"valid","sourceYear":2013},"geometry":{"type":"Point","coordinates":[126.98858117,37.54272571]}},{"type":"Feature","id":"street-6258","properties":{"id":"street-6258","dataset":"street","gu":"용산구","species":"은행나무","heightM":4.0,"crownWidthM":2.0,"rawHeight":4.0,"rawCrownWidth":2.0,"quality":"valid","sourceYear":2013},"geometry":{"type":"Point","coordinates":[126.98155822,37.54707743]}},{"type":"Feature","id":"street-6265","properties":{"id":"street-6265","dataset":"street","gu":"용산구","species":"은행나무","heightM":13.0,"crownWidthM":4.0,"rawHeight":13.0,"rawCrownWidth":4.0,"quality":"valid","sourceYear":2013},"geometry":{"type":"Point","coordinates":[126.98985912,37.54568924]}},{"type":"Feature","id":"street-6270","properties":{"id":"street-6270","dataset":"street","gu":"용산구","species":"은행나무","heightM":8.0,"crownWidthM":5.0,"rawHeight":8.0,"rawCrownWidth":5.0,"quality":"valid","sourceYear":2013},"geometry":{"type":"Point","coordinates":[126.98823737,37.54604809]}},{"type":"Feature","id":"street-6280","properties":{"id":"street-6280","dataset":"street","gu":"용산구","species":"이팝나무","heightM":12.0,"crownWidthM":5.0,"rawHeight":12.0,"rawCrownWidth":5.0,"quality":"valid","sourceYear":2013},"geometry":{"type":"Point","coordinates":[126.98839683,37.54218322]}},{"type":"Feature","id":"street-6297","properties":{"id":"street-6297","dataset":"street","gu":"용산구","species":"은행나무","heightM":8.0,"crownWidthM":4.0,"rawHeight":8.0,"rawCrownWidth":4.0,"quality":"valid","sourceYear":2013},"geometry":{"type":"Point","coordinates":[126.9892045,37.54624258]}},{"type":"Feature","id":"street-6298","properties":{"id":"street-6298","dataset":"street","gu":"용산구","species":"은행나무","heightM":8.0,"crownWidthM":6.0,"rawHeight":8.0,"rawCrownWidth":6.0,"quality":"valid","sourceYear":2013},"geometry":{"type":"Point","coordinates":[126.98837516,37.54623634]}},{"type":"Feature","id":"street-6353","properties":{"id":"street-6353","dataset":"street","gu":"용산구","species":"은행나무","heightM":6.0,"crownWidthM":2.0,"rawHeight":6.0,"rawCrownWidth":2.0,"quality":"valid","sourceYear":2013},"geometry":{"type":"Point","coordinates":[126.98140142,37.54672485]}},{"type":"Feature","id":"street-6416","properties":{"id":"street-6416","dataset":"street","gu":"용산구","species":"은행나무","heightM":10.0,"crownWidthM":4.0,"rawHeight":10.0,"rawCrownWidth":4.0,"quality":"valid","sourceYear":2013},"geometry":{"type":"Point","coordinates":[126.98452702,37.54794884]}},{"type":"Feature","id":"street-6496","properties":{"id":"street-6496","dataset":"street","gu":"용산구","species":"은행나무","heightM":9.0,"crownWidthM":4.0,"rawHeight":9.0,"rawCrownWidth":4.0,"quality":"valid","sourceYear":2013},"geometry":{"type":"Point","coordinates":[126.98374378,37.54972259]}},{"type":"Feature","id":"street-6505","properties":{"id":"street-6505","dataset":"street","gu":"용산구","species":"은행나무","heightM":10.0,"crownWidthM":5.0,"rawHeight":10.0,"rawCrownWidth":5.0,"quality":"valid","sourceYear":2013},"geometry":{"type":"Point","coordinates":[126.98840575,37.54025262]}},{"type":"Feature","id":"street-6522","properties":{"id":"street-6522","dataset":"street","gu":"용산구","species":"은행나무","heightM":8.0,"crownWidthM":3.0,"rawHeight":8.0,"rawCrownWidth":3.0,"quality":"valid","sourceYear":2013},"geometry":{"type":"Point","coordinates":[126.98953196,37.54607379]}},{"type":"Feature","id":"street-6597","properties":{"id":"street-6597","dataset":"street","gu":"용산구","species":"은행나무","heightM":7.0,"crownWidthM":5.0,"rawHeight":7.0,"rawCrownWidth":5.0,"quality":"valid","sourceYear":2013},"geometry":{"type":"Point","coordinates":[126.98808114,37.54599281]}},{"type":"Feature","id":"street-6598","properties":{"id":"street-6598","dataset":"street","gu":"용산구","species":"이팝나무","heightM":11.0,"crownWidthM":5.0,"rawHeight":11.0,"rawCrownWidth":5.0,"quality":"valid","sourceYear":2013},"geometry":{"type":"Point","coordinates":[126.98841243,37.54223302]}},{"type":"Feature","id":"street-6599","properties":{"id":"street-6599","dataset":"street","gu":"용산구","species":"이팝나무","heightM":9.0,"crownWidthM":5.0,"rawHeight":9.0,"rawCrownWidth":5.0,"quality":"valid","sourceYear":2013},"geometry":{"type":"Point","coordinates":[126.98811423,37.54137785]}},{"type":"Feature","id":"street-6705","properties":{"id":"street-6705","dataset":"street","gu":"용산구","species":"은행나무","heightM":8.0,"crownWidthM":5.0,"rawHeight":8.0,"rawCrownWidth":5.0,"quality":"valid","sourceYear":2013},"geometry":{"type":"Point","coordinates":[126.98740518,37.5459409]}},{"type":"Feature","id":"street-6720","properties":{"id":"street-6720","dataset":"street","gu":"용산구","species":"은행나무","heightM":9.0,"crownWidthM":4.0,"rawHeight":9.0,"rawCrownWidth":4.0,"quality":"valid","sourceYear":2013},"geometry":{"type":"Point","coordinates":[126.98876625,37.54615642]}},{"type":"Feature","id":"street-6752","properties":{"id":"street-6752","dataset":"street","gu":"용산구","species":"은행나무","heightM":8.0,"crownWidthM":5.0,"rawHeight":8.0,"rawCrownWidth":5.0,"quality":"valid","sourceYear":2013},"geometry":{"type":"Point","coordinates":[126.98774803,37.5459391]}},{"type":"Feature","id":"street-6770","properties":{"id":"street-6770","dataset":"street","gu":"용산구","species":"은행나무","heightM":7.0,"crownWidthM":4.0,"rawHeight":7.0,"rawCrownWidth":4.0,"quality":"valid","sourceYear":2013},"geometry":{"type":"Point","coordinates":[126.98508158,37.54659004]}},{"type":"Feature","id":"street-6810","properties":{"id":"street-6810","dataset":"street","gu":"용산구","species":"은행나무","heightM":7.0,"crownWidthM":5.0,"rawHeight":7.0,"rawCrownWidth":5.0,"quality":"valid","sourceYear":2013},"geometry":{"type":"Point","coordinates":[126.98797305,37.54598099]}},{"type":"Feature","id":"street-6816","properties":{"id":"street-6816","dataset":"street","gu":"용산구","species":"은행나무","heightM":9.0,"crownWidthM":4.0,"rawHeight":9.0,"rawCrownWidth":4.0,"quality":"valid","sourceYear":2013},"geometry":{"type":"Point","coordinates":[126.98402375,37.54898857]}},{"type":"Feature","id":"street-6825","properties":{"id":"street-6825","dataset":"street","gu":"용산구","species":"은행나무","heightM":8.0,"crownWidthM":4.0,"rawHeight":8.0,"rawCrownWidth":4.0,"quality":"valid","sourceYear":2013},"geometry":{"type":"Point","coordinates":[126.98435178,37.54798078]}},{"type":"Feature","id":"street-6827","properties":{"id":"street-6827","dataset":"street","gu":"용산구","species":"은행나무","heightM":4.0,"crownWidthM":2.0,"rawHeight":4.0,"rawCrownWidth":2.0,"quality":"valid","sourceYear":2013},"geometry":{"type":"Point","coordinates":[126.98161653,37.5471239]}},{"type":"Feature","id":"street-6867","properties":{"id":"street-6867","dataset":"street","gu":"용산구","species":"은행나무","heightM":8.0,"crownWidthM":4.0,"rawHeight":8.0,"rawCrownWidth":4.0,"quality":"valid","sourceYear":2013},"geometry":{"type":"Point","coordinates":[126.98435178,37.54798078]}},{"type":"Feature","id":"street-6909","properties":{"id":"street-6909","dataset":"street","gu":"용산구","species":"은행나무","heightM":5.0,"crownWidthM":2.0,"rawHeight":5.0,"rawCrownWidth":2.0,"quality":"valid","sourceYear":2013},"geometry":{"type":"Point","coordinates":[126.98077346,37.54652676]}},{"type":"Feature","id":"street-6968","properties":{"id":"street-6968","dataset":"street","gu":"용산구","species":"은행나무","heightM":5.0,"crownWidthM":2.0,"rawHeight":5.0,"rawCrownWidth":2.0,"quality":"valid","sourceYear":2013},"geometry":{"type":"Point","coordinates":[126.98107985,37.54694856]}},{"type":"Feature","id":"street-7002","properties":{"id":"street-7002","dataset":"street","gu":"용산구","species":"은행나무","heightM":8.0,"crownWidthM":4.0,"rawHeight":8.0,"rawCrownWidth":4.0,"quality":"valid","sourceYear":2013},"geometry":{"type":"Point","coordinates":[126.98480262,37.54693585]}},{"type":"Feature","id":"street-7011","properties":{"id":"street-7011","dataset":"street","gu":"용산구","species":"은행나무","heightM":9.0,"crownWidthM":4.0,"rawHeight":9.0,"rawCrownWidth":4.0,"quality":"valid","sourceYear":2013},"geometry":{"type":"Point","coordinates":[126.98450699,37.54815264]}},{"type":"Feature","id":"street-7032","properties":{"id":"street-7032","dataset":"street","gu":"용산구","species":"은행나무","heightM":9.0,"crownWidthM":4.0,"rawHeight":9.0,"rawCrownWidth":4.0,"quality":"valid","sourceYear":2013},"geometry":{"type":"Point","coordinates":[126.98375543,37.54965545]}},{"type":"Feature","id":"street-7088","properties":{"id":"street-7088","dataset":"street","gu":"용산구","species":"은행나무","heightM":8.0,"crownWidthM":4.0,"rawHeight":8.0,"rawCrownWidth":4.0,"quality":"valid","sourceYear":2013},"geometry":{"type":"Point","coordinates":[126.9838569,37.54894692]}},{"type":"Feature","id":"street-7115","properties":{"id":"street-7115","dataset":"street","gu":"용산구","species":"은행나무","heightM":8.0,"crownWidthM":4.0,"rawHeight":8.0,"rawCrownWidth":4.0,"quality":"valid","sourceYear":2013},"geometry":{"type":"Point","coordinates":[126.98562436,37.54632305]}},{"type":"Feature","id":"street-7116","properties":{"id":"street-7116","dataset":"street","gu":"용산구","species":"은행나무","heightM":6.0,"crownWidthM":2.0,"rawHeight":6.0,"rawCrownWidth":2.0,"quality":"valid","sourceYear":2013},"geometry":{"type":"Point","coordinates":[126.98053089,37.54626713]}},{"type":"Feature","id":"street-7121","properties":{"id":"street-7121","dataset":"street","gu":"용산구","species":"은행나무","heightM":10.0,"crownWidthM":4.0,"rawHeight":10.0,"rawCrownWidth":4.0,"quality":"valid","sourceYear":2013},"geometry":{"type":"Point","coordinates":[126.98943872,37.54595489]}},{"type":"Feature","id":"street-7139","properties":{"id":"street-7139","dataset":"street","gu":"용산구","species":"은행나무","heightM":5.0,"crownWidthM":2.0,"rawHeight":5.0,"rawCrownWidth":2.0,"quality":"valid","sourceYear":2013},"geometry":{"type":"Point","coordinates":[126.98218817,37.54863926]}},{"type":"Feature","id":"street-7187","properties":{"id":"street-7187","dataset":"street","gu":"용산구","species":"은행나무","heightM":8.0,"crownWidthM":4.0,"rawHeight":8.0,"rawCrownWidth":4.0,"quality":"valid","sourceYear":2013},"geometry":{"type":"Point","coordinates":[126.9867628,37.54622023]}},{"type":"Feature","id":"street-7195","properties":{"id":"street-7195","dataset":"street","gu":"용산구","species":"은행나무","heightM":7.0,"crownWidthM":4.0,"rawHeight":7.0,"rawCrownWidth":4.0,"quality":"valid","sourceYear":2013},"geometry":{"type":"Point","coordinates":[126.98965025,37.5458279]}},{"type":"Feature","id":"street-7218","properties":{"id":"street-7218","dataset":"street","gu":"용산구","species":"은행나무","heightM":5.0,"crownWidthM":2.0,"rawHeight":5.0,"rawCrownWidth":2.0,"quality":"valid","sourceYear":2013},"geometry":{"type":"Point","coordinates":[126.98202471,37.54912692]}},{"type":"Feature","id":"street-7219","properties":{"id":"street-7219","dataset":"street","gu":"용산구","species":"은행나무","heightM":5.0,"crownWidthM":2.0,"rawHeight":5.0,"rawCrownWidth":2.0,"quality":"valid","sourceYear":2013},"geometry":{"type":"Point","coordinates":[126.9809643,37.5467199]}},{"type":"Feature","id":"street-7227","properties":{"id":"street-7227","dataset":"street","gu":"용산구","species":"은행나무","heightM":8.0,"crownWidthM":5.0,"rawHeight":8.0,"rawCrownWidth":5.0,"quality":"valid","sourceYear":2013},"geometry":{"type":"Point","coordinates":[126.98833595,37.54024954]}},{"type":"Feature","id":"street-7231","properties":{"id":"street-7231","dataset":"street","gu":"용산구","species":"은행나무","heightM":9.0,"crownWidthM":4.0,"rawHeight":9.0,"rawCrownWidth":4.0,"quality":"valid","sourceYear":2013},"geometry":{"type":"Point","coordinates":[126.98487118,37.54671322]}},{"type":"Feature","id":"street-7254","properties":{"id":"street-7254","dataset":"street","gu":"용산구","species":"은행나무","heightM":8.0,"crownWidthM":5.0,"rawHeight":8.0,"rawCrownWidth":5.0,"quality":"valid","sourceYear":2013},"geometry":{"type":"Point","coordinates":[126.98779317,37.5403053]}},{"type":"Feature","id":"street-7258","properties":{"id":"street-7258","dataset":"street","gu":"용산구","species":"은행나무","heightM":9.0,"crownWidthM":4.0,"rawHeight":9.0,"rawCrownWidth":4.0,"quality":"valid","sourceYear":2013},"geometry":{"type":"Point","coordinates":[126.98451681,37.54809185]}},{"type":"Feature","id":"street-7284","properties":{"id":"street-7284","dataset":"street","gu":"용산구","species":"은행나무","heightM":9.0,"crownWidthM":4.0,"rawHeight":9.0,"rawCrownWidth":4.0,"quality":"valid","sourceYear":2013},"geometry":{"type":"Point","coordinates":[126.98667116,37.54623976]}},{"type":"Feature","id":"street-7296","properties":{"id":"street-7296","dataset":"street","gu":"용산구","species":"이팝나무","heightM":12.0,"crownWidthM":5.0,"rawHeight":12.0,"rawCrownWidth":5.0,"quality":"valid","sourceYear":2013},"geometry":{"type":"Point","coordinates":[126.9884698,37.54239539]}},{"type":"Feature","id":"street-7297","properties":{"id":"street-7297","dataset":"street","gu":"용산구","species":"이팝나무","heightM":12.0,"crownWidthM":5.0,"rawHeight":12.0,"rawCrownWidth":5.0,"quality":"valid","sourceYear":2013},"geometry":{"type":"Point","coordinates":[126.98822387,37.54168359]}},{"type":"Feature","id":"street-7332","properties":{"id":"street-7332","dataset":"street","gu":"용산구","species":"은행나무","heightM":9.0,"crownWidthM":5.0,"rawHeight":9.0,"rawCrownWidth":5.0,"quality":"valid","sourceYear":2013},"geometry":{"type":"Point","coordinates":[126.98856825,37.54267321]}},{"type":"Feature","id":"street-7346","properties":{"id":"street-7346","dataset":"street","gu":"용산구","species":"은행나무","heightM":9.0,"crownWidthM":4.0,"rawHeight":9.0,"rawCrownWidth":4.0,"quality":"valid","sourceYear":2013},"geometry":{"type":"Point","coordinates":[126.98602138,37.54621948]}},{"type":"Feature","id":"street-7370","properties":{"id":"street-7370","dataset":"street","gu":"용산구","species":"은행나무","heightM":8.0,"crownWidthM":4.0,"rawHeight":8.0,"rawCrownWidth":4.0,"quality":"valid","sourceYear":2013},"geometry":{"type":"Point","coordinates":[126.98439222,37.54706885]}},{"type":"Feature","id":"street-7371","properties":{"id":"street-7371","dataset":"street","gu":"용산구","species":"은행나무","heightM":9.0,"crownWidthM":4.0,"rawHeight":9.0,"rawCrownWidth":4.0,"quality":"valid","sourceYear":2013},"geometry":{"type":"Point","coordinates":[126.98379762,37.54945178]}},{"type":"Feature","id":"street-7421","properties":{"id":"street-7421","dataset":"street","gu":"용산구","species":"은행나무","heightM":12.0,"crownWidthM":5.0,"rawHeight":12.0,"rawCrownWidth":5.0,"quality":"valid","sourceYear":2013},"geometry":{"type":"Point","coordinates":[126.98818465,37.54158963]}},{"type":"Feature","id":"street-7469","properties":{"id":"street-7469","dataset":"street","gu":"용산구","species":"은행나무","heightM":8.0,"crownWidthM":4.0,"rawHeight":8.0,"rawCrownWidth":4.0,"quality":"valid","sourceYear":2013},"geometry":{"type":"Point","coordinates":[126.98707947,37.54599418]}},{"type":"Feature","id":"street-7470","properties":{"id":"street-7470","dataset":"street","gu":"용산구","species":"은행나무","heightM":8.0,"crownWidthM":6.0,"rawHeight":8.0,"rawCrownWidth":6.0,"quality":"valid","sourceYear":2013},"geometry":{"type":"Point","coordinates":[126.98812291,37.54617845]}},{"type":"Feature","id":"street-7514","properties":{"id":"street-7514","dataset":"street","gu":"용산구","species":"은행나무","heightM":12.0,"crownWidthM":4.0,"rawHeight":12.0,"rawCrownWidth":4.0,"quality":"valid","sourceYear":2013},"geometry":{"type":"Point","coordinates":[126.98935921,37.54599345]}},{"type":"Feature","id":"street-7534","properties":{"id":"street-7534","dataset":"street","gu":"용산구","species":"은행나무","heightM":11.0,"crownWidthM":5.0,"rawHeight":11.0,"rawCrownWidth":5.0,"quality":"valid","sourceYear":2013},"geometry":{"type":"Point","coordinates":[126.98785892,37.54065809]}},{"type":"Feature","id":"street-7597","properties":{"id":"street-7597","dataset":"street","gu":"용산구","species":"은행나무","heightM":12.0,"crownWidthM":5.0,"rawHeight":12.0,"rawCrownWidth":5.0,"quality":"valid","sourceYear":2013},"geometry":{"type":"Point","coordinates":[126.98787591,37.54070954]}},{"type":"Feature","id":"street-7659","properties":{"id":"street-7659","dataset":"street","gu":"용산구","species":"은행나무","heightM":6.0,"crownWidthM":2.0,"rawHeight":6.0,"rawCrownWidth":2.0,"quality":"valid","sourceYear":2013},"geometry":{"type":"Point","coordinates":[126.98104649,37.54663346]}},{"type":"Feature","id":"street-7665","properties":{"id":"street-7665","dataset":"street","gu":"용산구","species":"은행나무","heightM":4.0,"crownWidthM":2.0,"rawHeight":4.0,"rawCrownWidth":2.0,"quality":"valid","sourceYear":2013},"geometry":{"type":"Point","coordinates":[126.98177352,37.54723114]}},{"type":"Feature","id":"street-7712","properties":{"id":"street-7712","dataset":"street","gu":"용산구","species":"은행나무","heightM":8.0,"crownWidthM":4.0,"rawHeight":8.0,"rawCrownWidth":4.0,"quality":"valid","sourceYear":2013},"geometry":{"type":"Point","coordinates":[126.98452056,37.54804963]}},{"type":"Feature","id":"street-7764","properties":{"id":"street-7764","dataset":"street","gu":"용산구","species":"은행나무","heightM":8.0,"crownWidthM":4.0,"rawHeight":8.0,"rawCrownWidth":4.0,"quality":"valid","sourceYear":2013},"geometry":{"type":"Point","coordinates":[126.98989553,37.54585304]}},{"type":"Feature","id":"street-7842","properties":{"id":"street-7842","dataset":"street","gu":"용산구","species":"은행나무","heightM":9.0,"crownWidthM":4.0,"rawHeight":9.0,"rawCrownWidth":4.0,"quality":"valid","sourceYear":2013},"geometry":{"type":"Point","coordinates":[126.98539427,37.54660519]}},{"type":"Feature","id":"street-7894","properties":{"id":"street-7894","dataset":"street","gu":"용산구","species":"은행나무","heightM":8.0,"crownWidthM":4.0,"rawHeight":8.0,"rawCrownWidth":4.0,"quality":"valid","sourceYear":2013},"geometry":{"type":"Point","coordinates":[126.98502233,37.54681035]}},{"type":"Feature","id":"street-7928","properties":{"id":"street-7928","dataset":"street","gu":"용산구","species":"은행나무","heightM":8.0,"crownWidthM":4.0,"rawHeight":8.0,"rawCrownWidth":4.0,"quality":"valid","sourceYear":2013},"geometry":{"type":"Point","coordinates":[126.98435182,37.54790802]}},{"type":"Feature","id":"street-7958","properties":{"id":"street-7958","dataset":"street","gu":"용산구","species":"은행나무","heightM":5.0,"crownWidthM":2.0,"rawHeight":5.0,"rawCrownWidth":2.0,"quality":"valid","sourceYear":2013},"geometry":{"type":"Point","coordinates":[126.98102718,37.54682366]}},{"type":"Feature","id":"street-7960","properties":{"id":"street-7960","dataset":"street","gu":"용산구","species":"은행나무","heightM":8.0,"crownWidthM":4.0,"rawHeight":8.0,"rawCrownWidth":4.0,"quality":"valid","sourceYear":2013},"geometry":{"type":"Point","coordinates":[126.98425846,37.548324]}},{"type":"Feature","id":"street-7984","properties":{"id":"street-7984","dataset":"street","gu":"용산구","species":"은행나무","heightM":9.0,"crownWidthM":4.0,"rawHeight":9.0,"rawCrownWidth":4.0,"quality":"valid","sourceYear":2013},"geometry":{"type":"Point","coordinates":[126.98453016,37.54758033]}},{"type":"Feature","id":"street-7985","properties":{"id":"street-7985","dataset":"street","gu":"용산구","species":"은행나무","heightM":9.0,"crownWidthM":4.0,"rawHeight":9.0,"rawCrownWidth":4.0,"quality":"valid","sourceYear":2013},"geometry":{"type":"Point","coordinates":[126.98387737,37.54924676]}},{"type":"Feature","id":"street-7988","properties":{"id":"street-7988","dataset":"street","gu":"용산구","species":"은행나무","heightM":8.0,"crownWidthM":4.0,"rawHeight":8.0,"rawCrownWidth":4.0,"quality":"valid","sourceYear":2013},"geometry":{"type":"Point","coordinates":[126.98353711,37.54980719]}},{"type":"Feature","id":"street-7989","properties":{"id":"street-7989","dataset":"street","gu":"용산구","species":"은행나무","heightM":8.0,"crownWidthM":4.0,"rawHeight":8.0,"rawCrownWidth":4.0,"quality":"valid","sourceYear":2013},"geometry":{"type":"Point","coordinates":[126.98428539,37.5482632]}},{"type":"Feature","id":"street-8042","properties":{"id":"street-8042","dataset":"street","gu":"용산구","species":"은행나무","heightM":9.0,"crownWidthM":4.0,"rawHeight":9.0,"rawCrownWidth":4.0,"quality":"valid","sourceYear":2013},"geometry":{"type":"Point","coordinates":[126.98371572,37.54986164]}},{"type":"Feature","id":"street-8117","properties":{"id":"street-8117","dataset":"street","gu":"용산구","species":"은행나무","heightM":9.0,"crownWidthM":4.0,"rawHeight":9.0,"rawCrownWidth":4.0,"quality":"valid","sourceYear":2013},"geometry":{"type":"Point","coordinates":[126.98382047,37.54938995]}},{"type":"Feature","id":"street-8160","properties":{"id":"street-8160","dataset":"street","gu":"용산구","species":"은행나무","heightM":10.0,"crownWidthM":4.0,"rawHeight":10.0,"rawCrownWidth":4.0,"quality":"valid","sourceYear":2013},"geometry":{"type":"Point","coordinates":[126.9845294,37.54735797]}},{"type":"Feature","id":"street-8410","properties":{"id":"street-8410","dataset":"street","gu":"용산구","species":"은행나무","heightM":9.0,"crownWidthM":4.0,"rawHeight":9.0,"rawCrownWidth":4.0,"quality":"valid","sourceYear":2013},"geometry":{"type":"Point","coordinates":[126.98452398,37.54798674]}},{"type":"Feature","id":"street-8448","properties":{"id":"street-8448","dataset":"street","gu":"용산구","species":"은행나무","heightM":9.0,"crownWidthM":4.0,"rawHeight":9.0,"rawCrownWidth":4.0,"quality":"valid","sourceYear":2013},"geometry":{"type":"Point","coordinates":[126.98440507,37.54843128]}},{"type":"Feature","id":"street-8463","properties":{"id":"street-8463","dataset":"street","gu":"용산구","species":"은행나무","heightM":5.0,"crownWidthM":2.0,"rawHeight":5.0,"rawCrownWidth":2.0,"quality":"valid","sourceYear":2013},"geometry":{"type":"Point","coordinates":[126.98058625,37.54639978]}},{"type":"Feature","id":"street-8467","properties":{"id":"street-8467","dataset":"street","gu":"용산구","species":"은행나무","heightM":7.0,"crownWidthM":2.0,"rawHeight":7.0,"rawCrownWidth":2.0,"quality":"valid","sourceYear":2013},"geometry":{"type":"Point","coordinates":[126.98826112,37.54017134]}},{"type":"Feature","id":"street-8577","properties":{"id":"street-8577","dataset":"street","gu":"용산구","species":"은행나무","heightM":8.0,"crownWidthM":5.0,"rawHeight":8.0,"rawCrownWidth":5.0,"quality":"valid","sourceYear":2013},"geometry":{"type":"Point","coordinates":[126.98789825,37.5402498]}},{"type":"Feature","id":"street-8597","properties":{"id":"street-8597","dataset":"street","gu":"용산구","species":"은행나무","heightM":9.0,"crownWidthM":4.0,"rawHeight":9.0,"rawCrownWidth":4.0,"quality":"valid","sourceYear":2013},"geometry":{"type":"Point","coordinates":[126.98373179,37.54978775]}},{"type":"Feature","id":"street-8630","properties":{"id":"street-8630","dataset":"street","gu":"용산구","species":"은행나무","heightM":8.0,"crownWidthM":6.0,"rawHeight":8.0,"rawCrownWidth":6.0,"quality":"valid","sourceYear":2013},"geometry":{"type":"Point","coordinates":[126.9882029,37.54618756]}},{"type":"Feature","id":"street-8662","properties":{"id":"street-8662","dataset":"street","gu":"용산구","species":"은행나무","heightM":8.0,"crownWidthM":4.0,"rawHeight":8.0,"rawCrownWidth":4.0,"quality":"valid","sourceYear":2013},"geometry":{"type":"Point","coordinates":[126.9837767,37.54908128]}},{"type":"Feature","id":"street-8669","properties":{"id":"street-8669","dataset":"street","gu":"용산구","species":"은행나무","heightM":10.0,"crownWidthM":4.0,"rawHeight":10.0,"rawCrownWidth":4.0,"quality":"valid","sourceYear":2013},"geometry":{"type":"Point","coordinates":[126.98408642,37.54864872]}},{"type":"Feature","id":"street-8739","properties":{"id":"street-8739","dataset":"street","gu":"용산구","species":"은행나무","heightM":8.0,"crownWidthM":4.0,"rawHeight":8.0,"rawCrownWidth":4.0,"quality":"valid","sourceYear":2013},"geometry":{"type":"Point","coordinates":[126.98458013,37.5468899]}},{"type":"Feature","id":"street-8747","properties":{"id":"street-8747","dataset":"street","gu":"용산구","species":"은행나무","heightM":8.0,"crownWidthM":5.0,"rawHeight":8.0,"rawCrownWidth":5.0,"quality":"valid","sourceYear":2013},"geometry":{"type":"Point","coordinates":[126.98826227,37.54024645]}},{"type":"Feature","id":"street-8798","properties":{"id":"street-8798","dataset":"street","gu":"용산구","species":"은행나무","heightM":5.0,"crownWidthM":2.0,"rawHeight":5.0,"rawCrownWidth":2.0,"quality":"valid","sourceYear":2013},"geometry":{"type":"Point","coordinates":[126.98213536,37.54878125]}},{"type":"Feature","id":"street-8822","properties":{"id":"street-8822","dataset":"street","gu":"용산구","species":"은행나무","heightM":9.0,"crownWidthM":3.0,"rawHeight":9.0,"rawCrownWidth":3.0,"quality":"valid","sourceYear":2013},"geometry":{"type":"Point","coordinates":[126.98997119,37.54580278]}},{"type":"Feature","id":"street-8832","properties":{"id":"street-8832","dataset":"street","gu":"용산구","species":"은행나무","heightM":8.0,"crownWidthM":5.0,"rawHeight":8.0,"rawCrownWidth":5.0,"quality":"valid","sourceYear":2013},"geometry":{"type":"Point","coordinates":[126.98824193,37.54017087]}},{"type":"Feature","id":"street-8849","properties":{"id":"street-8849","dataset":"street","gu":"용산구","species":"이팝나무","heightM":10.0,"crownWidthM":5.0,"rawHeight":10.0,"rawCrownWidth":5.0,"quality":"valid","sourceYear":2013},"geometry":{"type":"Point","coordinates":[126.98832595,37.54198967]}},{"type":"Feature","id":"street-8945","properties":{"id":"street-8945","dataset":"street","gu":"용산구","species":"은행나무","heightM":8.0,"crownWidthM":4.0,"rawHeight":8.0,"rawCrownWidth":4.0,"quality":"valid","sourceYear":2013},"geometry":{"type":"Point","coordinates":[126.98927188,37.54619967]}},{"type":"Feature","id":"street-9000","properties":{"id":"street-9000","dataset":"street","gu":"용산구","species":"은행나무","heightM":12.0,"crownWidthM":5.0,"rawHeight":12.0,"rawCrownWidth":5.0,"quality":"valid","sourceYear":2013},"geometry":{"type":"Point","coordinates":[126.98801383,37.54109417]}},{"type":"Feature","id":"street-9043","properties":{"id":"street-9043","dataset":"street","gu":"용산구","species":"은행나무","heightM":6.0,"crownWidthM":2.0,"rawHeight":6.0,"rawCrownWidth":2.0,"quality":"valid","sourceYear":2013},"geometry":{"type":"Point","coordinates":[126.98126525,37.54683913]}},{"type":"Feature","id":"street-9063","properties":{"id":"street-9063","dataset":"street","gu":"용산구","species":"은행나무","heightM":9.0,"crownWidthM":4.0,"rawHeight":9.0,"rawCrownWidth":4.0,"quality":"valid","sourceYear":2013},"geometry":{"type":"Point","coordinates":[126.98551308,37.54636798]}},{"type":"Feature","id":"street-9127","properties":{"id":"street-9127","dataset":"street","gu":"용산구","species":"은행나무","heightM":8.0,"crownWidthM":6.0,"rawHeight":8.0,"rawCrownWidth":6.0,"quality":"valid","sourceYear":2013},"geometry":{"type":"Point","coordinates":[126.98858985,37.54612543]}},{"type":"Feature","id":"street-9144","properties":{"id":"street-9144","dataset":"street","gu":"용산구","species":"은행나무","heightM":6.0,"crownWidthM":4.0,"rawHeight":6.0,"rawCrownWidth":4.0,"quality":"valid","sourceYear":2013},"geometry":{"type":"Point","coordinates":[126.98717605,37.54597634]}},{"type":"Feature","id":"street-9155","properties":{"id":"street-9155","dataset":"street","gu":"용산구","species":"은행나무","heightM":8.0,"crownWidthM":5.0,"rawHeight":8.0,"rawCrownWidth":5.0,"quality":"valid","sourceYear":2013},"geometry":{"type":"Point","coordinates":[126.98796392,37.54024643]}},{"type":"Feature","id":"street-9188","properties":{"id":"street-9188","dataset":"street","gu":"용산구","species":"은행나무","heightM":7.0,"crownWidthM":5.0,"rawHeight":7.0,"rawCrownWidth":5.0,"quality":"valid","sourceYear":2013},"geometry":{"type":"Point","coordinates":[126.98625127,37.54616859]}},{"type":"Feature","id":"street-9210","properties":{"id":"street-9210","dataset":"street","gu":"용산구","species":"은행나무","heightM":6.0,"crownWidthM":2.0,"rawHeight":6.0,"rawCrownWidth":2.0,"quality":"valid","sourceYear":2013},"geometry":{"type":"Point","coordinates":[126.98147858,37.54666514]}},{"type":"Feature","id":"street-9220","properties":{"id":"street-9220","dataset":"street","gu":"용산구","species":"은행나무","heightM":4.0,"crownWidthM":2.0,"rawHeight":4.0,"rawCrownWidth":2.0,"quality":"valid","sourceYear":2013},"geometry":{"type":"Point","coordinates":[126.98169278,37.54717394]}},{"type":"Feature","id":"street-9227","properties":{"id":"street-9227","dataset":"street","gu":"용산구","species":"은행나무","heightM":8.0,"crownWidthM":4.0,"rawHeight":8.0,"rawCrownWidth":4.0,"quality":"valid","sourceYear":2013},"geometry":{"type":"Point","coordinates":[126.98649469,37.54627403]}},{"type":"Feature","id":"street-9254","properties":{"id":"street-9254","dataset":"street","gu":"용산구","species":"은행나무","heightM":8.0,"crownWidthM":4.0,"rawHeight":8.0,"rawCrownWidth":4.0,"quality":"valid","sourceYear":2013},"geometry":{"type":"Point","coordinates":[126.98436289,37.54769002]}},{"type":"Feature","id":"street-9305","properties":{"id":"street-9305","dataset":"street","gu":"용산구","species":"은행나무","heightM":8.0,"crownWidthM":4.0,"rawHeight":8.0,"rawCrownWidth":4.0,"quality":"valid","sourceYear":2013},"geometry":{"type":"Point","coordinates":[126.98420723,37.5484474]}},{"type":"Feature","id":"street-9312","properties":{"id":"street-9312","dataset":"street","gu":"용산구","species":"은행나무","heightM":8.0,"crownWidthM":4.0,"rawHeight":8.0,"rawCrownWidth":4.0,"quality":"valid","sourceYear":2013},"geometry":{"type":"Point","coordinates":[126.98433215,37.54813337]}},{"type":"Feature","id":"street-9332","properties":{"id":"street-9332","dataset":"street","gu":"용산구","species":"은행나무","heightM":8.0,"crownWidthM":4.0,"rawHeight":8.0,"rawCrownWidth":4.0,"quality":"valid","sourceYear":2013},"geometry":{"type":"Point","coordinates":[126.98354785,37.54974122]}},{"type":"Feature","id":"street-9334","properties":{"id":"street-9334","dataset":"street","gu":"용산구","species":"은행나무","heightM":7.0,"crownWidthM":5.0,"rawHeight":7.0,"rawCrownWidth":5.0,"quality":"valid","sourceYear":2013},"geometry":{"type":"Point","coordinates":[126.98730049,37.54611077]}},{"type":"Feature","id":"street-9340","properties":{"id":"street-9340","dataset":"street","gu":"용산구","species":"은행나무","heightM":8.0,"crownWidthM":6.0,"rawHeight":8.0,"rawCrownWidth":6.0,"quality":"valid","sourceYear":2013},"geometry":{"type":"Point","coordinates":[126.98844254,37.54625781]}},{"type":"Feature","id":"street-9390","properties":{"id":"street-9390","dataset":"street","gu":"용산구","species":"은행나무","heightM":9.0,"crownWidthM":4.0,"rawHeight":9.0,"rawCrownWidth":4.0,"quality":"valid","sourceYear":2013},"geometry":{"type":"Point","coordinates":[126.98445213,37.54830818]}},{"type":"Feature","id":"street-9391","properties":{"id":"street-9391","dataset":"street","gu":"용산구","species":"은행나무","heightM":7.0,"crownWidthM":5.0,"rawHeight":7.0,"rawCrownWidth":5.0,"quality":"valid","sourceYear":2013},"geometry":{"type":"Point","coordinates":[126.98809552,37.54024645]}},{"type":"Feature","id":"street-9394","properties":{"id":"street-9394","dataset":"street","gu":"용산구","species":"은행나무","heightM":10.0,"crownWidthM":4.0,"rawHeight":10.0,"rawCrownWidth":4.0,"quality":"valid","sourceYear":2013},"geometry":{"type":"Point","coordinates":[126.9851871,37.54671639]}},{"type":"Feature","id":"street-9396","properties":{"id":"street-9396","dataset":"street","gu":"용산구","species":"은행나무","heightM":8.0,"crownWidthM":4.0,"rawHeight":8.0,"rawCrownWidth":4.0,"quality":"valid","sourceYear":2013},"geometry":{"type":"Point","coordinates":[126.98544018,37.54640725]}},{"type":"Feature","id":"street-9525","properties":{"id":"street-9525","dataset":"street","gu":"용산구","species":"이팝나무","heightM":11.0,"crownWidthM":5.0,"rawHeight":11.0,"rawCrownWidth":5.0,"quality":"valid","sourceYear":2013},"geometry":{"type":"Point","coordinates":[126.98836078,37.54208889]}},{"type":"Feature","id":"street-9537","properties":{"id":"street-9537","dataset":"street","gu":"용산구","species":"이팝나무","heightM":10.0,"crownWidthM":5.0,"rawHeight":10.0,"rawCrownWidth":5.0,"quality":"valid","sourceYear":2013},"geometry":{"type":"Point","coordinates":[126.98837881,37.54213439]}},{"type":"Feature","id":"street-9547","properties":{"id":"street-9547","dataset":"street","gu":"용산구","species":"은행나무","heightM":9.0,"crownWidthM":5.0,"rawHeight":9.0,"rawCrownWidth":5.0,"quality":"valid","sourceYear":2013},"geometry":{"type":"Point","coordinates":[126.98806373,37.5412351]}},{"type":"Feature","id":"street-9579","properties":{"id":"street-9579","dataset":"street","gu":"용산구","species":"은행나무","heightM":6.0,"crownWidthM":2.0,"rawHeight":6.0,"rawCrownWidth":2.0,"quality":"valid","sourceYear":2013},"geometry":{"type":"Point","coordinates":[126.9815218,37.54715566]}},{"type":"Feature","id":"street-9587","properties":{"id":"street-9587","dataset":"street","gu":"용산구","species":"은행나무","heightM":8.0,"crownWidthM":4.0,"rawHeight":8.0,"rawCrownWidth":4.0,"quality":"valid","sourceYear":2013},"geometry":{"type":"Point","coordinates":[126.98747935,37.54608819]}},{"type":"Feature","id":"street-9628","properties":{"id":"street-9628","dataset":"street","gu":"용산구","species":"은행나무","heightM":7.0,"crownWidthM":4.0,"rawHeight":7.0,"rawCrownWidth":4.0,"quality":"valid","sourceYear":2013},"geometry":{"type":"Point","coordinates":[126.98528804,37.54647914]}},{"type":"Feature","id":"street-9646","properties":{"id":"street-9646","dataset":"street","gu":"용산구","species":"은행나무","heightM":8.0,"crownWidthM":4.0,"rawHeight":8.0,"rawCrownWidth":4.0,"quality":"valid","sourceYear":2013},"geometry":{"type":"Point","coordinates":[126.98350964,37.54995089]}},{"type":"Feature","id":"street-9711","properties":{"id":"street-9711","dataset":"street","gu":"용산구","species":"은행나무","heightM":8.0,"crownWidthM":4.0,"rawHeight":8.0,"rawCrownWidth":4.0,"quality":"valid","sourceYear":2013},"geometry":{"type":"Point","coordinates":[126.9854648,37.54656706]}},{"type":"Feature","id":"street-9718","properties":{"id":"street-9718","dataset":"street","gu":"용산구","species":"은행나무","heightM":5.0,"crownWidthM":2.0,"rawHeight":5.0,"rawCrownWidth":2.0,"quality":"valid","sourceYear":2013},"geometry":{"type":"Point","coordinates":[126.98220054,37.54755471]}},{"type":"Feature","id":"street-9735","properties":{"id":"street-9735","dataset":"street","gu":"용산구","species":"은행나무","heightM":10.0,"crownWidthM":4.0,"rawHeight":10.0,"rawCrownWidth":4.0,"quality":"valid","sourceYear":2013},"geometry":{"type":"Point","coordinates":[126.98436342,37.54740486]}},{"type":"Feature","id":"street-9756","properties":{"id":"street-9756","dataset":"street","gu":"용산구","species":"은행나무","heightM":5.0,"crownWidthM":2.0,"rawHeight":5.0,"rawCrownWidth":2.0,"quality":"valid","sourceYear":2013},"geometry":{"type":"Point","coordinates":[126.98016243,37.54623678]}},{"type":"Feature","id":"street-9811","properties":{"id":"street-9811","dataset":"street","gu":"용산구","species":"은행나무","heightM":6.0,"crownWidthM":2.0,"rawHeight":6.0,"rawCrownWidth":2.0,"quality":"valid","sourceYear":2013},"geometry":{"type":"Point","coordinates":[126.98157562,37.54719855]}},{"type":"Feature","id":"street-9844","properties":{"id":"street-9844","dataset":"street","gu":"용산구","species":"은행나무","heightM":9.0,"crownWidthM":4.0,"rawHeight":9.0,"rawCrownWidth":4.0,"quality":"valid","sourceYear":2013},"geometry":{"type":"Point","coordinates":[126.98398189,37.54904877]}},{"type":"Feature","id":"street-10004","properties":{"id":"street-10004","dataset":"street","gu":"용산구","species":"은행나무","heightM":7.0,"crownWidthM":5.0,"rawHeight":7.0,"rawCrownWidth":5.0,"quality":"valid","sourceYear":2013},"geometry":{"type":"Point","coordinates":[126.98755137,37.54592767]}},{"type":"Feature","id":"street-10016","properties":{"id":"street-10016","dataset":"street","gu":"용산구","species":"은행나무","heightM":9.0,"crownWidthM":6.0,"rawHeight":9.0,"rawCrownWidth":6.0,"quality":"valid","sourceYear":2013},"geometry":{"type":"Point","coordinates":[126.98005459,37.54612898]}},{"type":"Feature","id":"street-10031","properties":{"id":"street-10031","dataset":"street","gu":"용산구","species":"은행나무","heightM":4.0,"crownWidthM":2.0,"rawHeight":4.0,"rawCrownWidth":2.0,"quality":"valid","sourceYear":2013},"geometry":{"type":"Point","coordinates":[126.98023956,37.54625237]}},{"type":"Feature","id":"street-10057","properties":{"id":"street-10057","dataset":"street","gu":"용산구","species":"은행나무","heightM":7.0,"crownWidthM":4.0,"rawHeight":7.0,"rawCrownWidth":4.0,"quality":"valid","sourceYear":2013},"geometry":{"type":"Point","coordinates":[126.98958116,37.54587219]}},{"type":"Feature","id":"street-10070","properties":{"id":"street-10070","dataset":"street","gu":"용산구","species":"은행나무","heightM":11.0,"crownWidthM":5.0,"rawHeight":11.0,"rawCrownWidth":5.0,"quality":"valid","sourceYear":2013},"geometry":{"type":"Point","coordinates":[126.98777106,37.54041917]}},{"type":"Feature","id":"street-10104","properties":{"id":"street-10104","dataset":"street","gu":"용산구","species":"은행나무","heightM":8.0,"crownWidthM":6.0,"rawHeight":8.0,"rawCrownWidth":6.0,"quality":"valid","sourceYear":2013},"geometry":{"type":"Point","coordinates":[126.98866603,37.54613151]}},{"type":"Feature","id":"street-10191","properties":{"id":"street-10191","dataset":"street","gu":"용산구","species":"은행나무","heightM":12.0,"crownWidthM":5.0,"rawHeight":12.0,"rawCrownWidth":5.0,"quality":"valid","sourceYear":2013},"geometry":{"type":"Point","coordinates":[126.98814501,37.541468]}},{"type":"Feature","id":"street-10195","properties":{"id":"street-10195","dataset":"street","gu":"용산구","species":"은행나무","heightM":9.0,"crownWidthM":4.0,"rawHeight":9.0,"rawCrownWidth":4.0,"quality":"valid","sourceYear":2013},"geometry":{"type":"Point","coordinates":[126.9841147,37.5488862]}},{"type":"Feature","id":"street-10308","properties":{"id":"street-10308","dataset":"street","gu":"용산구","species":"이팝나무","heightM":11.0,"crownWidthM":5.0,"rawHeight":11.0,"rawCrownWidth":5.0,"quality":"valid","sourceYear":2013},"geometry":{"type":"Point","coordinates":[126.9885061,37.54250529]}},{"type":"Feature","id":"street-10330","properties":{"id":"street-10330","dataset":"street","gu":"용산구","species":"은행나무","heightM":7.0,"crownWidthM":2.0,"rawHeight":7.0,"rawCrownWidth":2.0,"quality":"valid","sourceYear":2013},"geometry":{"type":"Point","coordinates":[126.98052184,37.54636338]}},{"type":"Feature","id":"street-10386","properties":{"id":"street-10386","dataset":"street","gu":"용산구","species":"은행나무","heightM":6.0,"crownWidthM":2.0,"rawHeight":6.0,"rawCrownWidth":2.0,"quality":"valid","sourceYear":2013},"geometry":{"type":"Point","coordinates":[126.98162944,37.54724144]}},{"type":"Feature","id":"street-10462","properties":{"id":"street-10462","dataset":"street","gu":"용산구","species":"은행나무","heightM":8.0,"crownWidthM":5.0,"rawHeight":8.0,"rawCrownWidth":5.0,"quality":"valid","sourceYear":2013},"geometry":{"type":"Point","coordinates":[126.98616345,37.54618867]}},{"type":"Feature","id":"street-10470","properties":{"id":"street-10470","dataset":"street","gu":"용산구","species":"은행나무","heightM":6.0,"crownWidthM":2.0,"rawHeight":6.0,"rawCrownWidth":2.0,"quality":"valid","sourceYear":2013},"geometry":{"type":"Point","coordinates":[126.98227586,37.54827372]}},{"type":"Feature","id":"street-10486","properties":{"id":"street-10486","dataset":"street","gu":"용산구","species":"은행나무","heightM":6.0,"crownWidthM":2.0,"rawHeight":6.0,"rawCrownWidth":2.0,"quality":"valid","sourceYear":2013},"geometry":{"type":"Point","coordinates":[126.98212304,37.54749586]}},{"type":"Feature","id":"street-10518","properties":{"id":"street-10518","dataset":"street","gu":"용산구","species":"은행나무","heightM":8.0,"crownWidthM":7.0,"rawHeight":8.0,"rawCrownWidth":7.0,"quality":"valid","sourceYear":2013},"geometry":{"type":"Point","coordinates":[126.98841447,37.54608793]}},{"type":"Feature","id":"street-10557","properties":{"id":"street-10557","dataset":"street","gu":"용산구","species":"은행나무","heightM":8.0,"crownWidthM":5.0,"rawHeight":8.0,"rawCrownWidth":5.0,"quality":"valid","sourceYear":2013},"geometry":{"type":"Point","coordinates":[126.98702419,37.54616517]}},{"type":"Feature","id":"street-10569","properties":{"id":"street-10569","dataset":"street","gu":"용산구","species":"은행나무","heightM":8.0,"crownWidthM":4.0,"rawHeight":8.0,"rawCrownWidth":4.0,"quality":"valid","sourceYear":2013},"geometry":{"type":"Point","coordinates":[126.98435182,37.54790802]}},{"type":"Feature","id":"street-10598","properties":{"id":"street-10598","dataset":"street","gu":"용산구","species":"은행나무","heightM":8.0,"crownWidthM":4.0,"rawHeight":8.0,"rawCrownWidth":4.0,"quality":"valid","sourceYear":2013},"geometry":{"type":"Point","coordinates":[126.98681242,37.54605381]}},{"type":"Feature","id":"street-10614","properties":{"id":"street-10614","dataset":"street","gu":"용산구","species":"은행나무","heightM":5.0,"crownWidthM":2.0,"rawHeight":5.0,"rawCrownWidth":2.0,"quality":"valid","sourceYear":2013},"geometry":{"type":"Point","coordinates":[126.98125375,37.5468669]}},{"type":"Feature","id":"street-10615","properties":{"id":"street-10615","dataset":"street","gu":"용산구","species":"은행나무","heightM":11.0,"crownWidthM":4.0,"rawHeight":11.0,"rawCrownWidth":4.0,"quality":"valid","sourceYear":2013},"geometry":{"type":"Point","coordinates":[126.98436289,37.54717195]}},{"type":"Feature","id":"street-10635","properties":{"id":"street-10635","dataset":"street","gu":"용산구","species":"은행나무","heightM":5.0,"crownWidthM":2.0,"rawHeight":5.0,"rawCrownWidth":2.0,"quality":"valid","sourceYear":2013},"geometry":{"type":"Point","coordinates":[126.98228964,37.54858584]}},{"type":"Feature","id":"street-10643","properties":{"id":"street-10643","dataset":"street","gu":"용산구","species":"이팝나무","heightM":11.0,"crownWidthM":5.0,"rawHeight":11.0,"rawCrownWidth":5.0,"quality":"valid","sourceYear":2013},"geometry":{"type":"Point","coordinates":[126.98815823,37.54151398]}},{"type":"Feature","id":"street-10701","properties":{"id":"street-10701","dataset":"street","gu":"용산구","species":"은행나무","heightM":8.0,"crownWidthM":4.0,"rawHeight":8.0,"rawCrownWidth":4.0,"quality":"valid","sourceYear":2013},"geometry":{"type":"Point","coordinates":[126.98359548,37.54959064]}},{"type":"Feature","id":"street-10724","properties":{"id":"street-10724","dataset":"street","gu":"용산구","species":"은행나무","heightM":8.0,"crownWidthM":4.0,"rawHeight":8.0,"rawCrownWidth":4.0,"quality":"valid","sourceYear":2013},"geometry":{"type":"Point","coordinates":[126.98436078,37.54783524]}},{"type":"Feature","id":"street-10735","properties":{"id":"street-10735","dataset":"street","gu":"용산구","species":"은행나무","heightM":13.0,"crownWidthM":6.0,"rawHeight":13.0,"rawCrownWidth":6.0,"quality":"valid","sourceYear":2013},"geometry":{"type":"Point","coordinates":[126.98722676,37.54004529]}},{"type":"Feature","id":"street-10745","properties":{"id":"street-10745","dataset":"street","gu":"용산구","species":"은행나무","heightM":7.0,"crownWidthM":5.0,"rawHeight":7.0,"rawCrownWidth":5.0,"quality":"valid","sourceYear":2013},"geometry":{"type":"Point","coordinates":[126.98747905,37.5459307]}},{"type":"Feature","id":"street-10750","properties":{"id":"street-10750","dataset":"street","gu":"용산구","species":"은행나무","heightM":6.0,"crownWidthM":2.0,"rawHeight":6.0,"rawCrownWidth":2.0,"quality":"valid","sourceYear":2013},"geometry":{"type":"Point","coordinates":[126.98230102,37.54815436]}},{"type":"Feature","id":"street-10853","properties":{"id":"street-10853","dataset":"street","gu":"용산구","species":"은행나무","heightM":9.0,"crownWidthM":4.0,"rawHeight":9.0,"rawCrownWidth":4.0,"quality":"valid","sourceYear":2013},"geometry":{"type":"Point","coordinates":[126.98487024,37.54689791]}},{"type":"Feature","id":"street-10859","properties":{"id":"street-10859","dataset":"street","gu":"용산구","species":"은행나무","heightM":8.0,"crownWidthM":5.0,"rawHeight":8.0,"rawCrownWidth":5.0,"quality":"valid","sourceYear":2013},"geometry":{"type":"Point","coordinates":[126.98814681,37.54602639]}},{"type":"Feature","id":"street-10870","properties":{"id":"street-10870","dataset":"street","gu":"용산구","species":"은행나무","heightM":10.0,"crownWidthM":4.0,"rawHeight":10.0,"rawCrownWidth":4.0,"quality":"valid","sourceYear":2013},"geometry":{"type":"Point","coordinates":[126.98587513,37.54640634]}},{"type":"Feature","id":"street-10914","properties":{"id":"street-10914","dataset":"street","gu":"용산구","species":"은행나무","heightM":7.0,"crownWidthM":2.0,"rawHeight":7.0,"rawCrownWidth":2.0,"quality":"valid","sourceYear":2013},"geometry":{"type":"Point","coordinates":[126.98829816,37.54017395]}},{"type":"Feature","id":"street-10915","properties":{"id":"street-10915","dataset":"street","gu":"용산구","species":"은행나무","heightM":9.0,"crownWidthM":4.0,"rawHeight":9.0,"rawCrownWidth":4.0,"quality":"valid","sourceYear":2013},"geometry":{"type":"Point","coordinates":[126.98960799,37.54603401]}},{"type":"Feature","id":"street-10983","properties":{"id":"street-10983","dataset":"street","gu":"용산구","species":"은행나무","heightM":12.0,"crownWidthM":4.0,"rawHeight":12.0,"rawCrownWidth":4.0,"quality":"valid","sourceYear":2013},"geometry":{"type":"Point","coordinates":[126.98035067,37.54619152]}},{"type":"Feature","id":"street-11001","properties":{"id":"street-11001","dataset":"street","gu":"용산구","species":"은행나무","heightM":9.0,"crownWidthM":5.0,"rawHeight":9.0,"rawCrownWidth":5.0,"quality":"valid","sourceYear":2013},"geometry":{"type":"Point","coordinates":[126.98711574,37.54615052]}},{"type":"Feature","id":"street-11066","properties":{"id":"street-11066","dataset":"street","gu":"용산구","species":"은행나무","heightM":9.0,"crownWidthM":4.0,"rawHeight":9.0,"rawCrownWidth":4.0,"quality":"valid","sourceYear":2013},"geometry":{"type":"Point","coordinates":[126.98754003,37.54004967]}},{"type":"Feature","id":"street-11070","properties":{"id":"street-11070","dataset":"street","gu":"용산구","species":"은행나무","heightM":5.0,"crownWidthM":2.0,"rawHeight":5.0,"rawCrownWidth":2.0,"quality":"valid","sourceYear":2013},"geometry":{"type":"Point","coordinates":[126.98196361,37.5492712]}},{"type":"Feature","id":"street-11089","properties":{"id":"street-11089","dataset":"street","gu":"용산구","species":"은행나무","heightM":13.0,"crownWidthM":5.0,"rawHeight":13.0,"rawCrownWidth":5.0,"quality":"valid","sourceYear":2013},"geometry":{"type":"Point","coordinates":[126.98808177,37.54128252]}},{"type":"Feature","id":"street-11096","properties":{"id":"street-11096","dataset":"street","gu":"용산구","species":"은행나무","heightM":6.0,"crownWidthM":2.0,"rawHeight":6.0,"rawCrownWidth":2.0,"quality":"valid","sourceYear":2013},"geometry":{"type":"Point","coordinates":[126.98085707,37.5464728]}},{"type":"Feature","id":"street-11103","properties":{"id":"street-11103","dataset":"street","gu":"용산구","species":"은행나무","heightM":10.0,"crownWidthM":4.0,"rawHeight":10.0,"rawCrownWidth":4.0,"quality":"valid","sourceYear":2013},"geometry":{"type":"Point","coordinates":[126.98360283,37.54951863]}},{"type":"Feature","id":"street-11107","properties":{"id":"street-11107","dataset":"street","gu":"용산구","species":"은행나무","heightM":8.0,"crownWidthM":4.0,"rawHeight":8.0,"rawCrownWidth":4.0,"quality":"valid","sourceYear":2013},"geometry":{"type":"Point","coordinates":[126.98592661,37.54623989]}},{"type":"Feature","id":"street-11141","properties":{"id":"street-11141","dataset":"street","gu":"용산구","species":"은행나무","heightM":7.0,"crownWidthM":4.0,"rawHeight":7.0,"rawCrownWidth":4.0,"quality":"valid","sourceYear":2013},"geometry":{"type":"Point","coordinates":[126.98512647,37.54655427]}},{"type":"Feature","id":"street-11168","properties":{"id":"street-11168","dataset":"street","gu":"용산구","species":"은행나무","heightM":5.0,"crownWidthM":2.0,"rawHeight":5.0,"rawCrownWidth":2.0,"quality":"valid","sourceYear":2013},"geometry":{"type":"Point","coordinates":[126.98105862,37.5468809]}},{"type":"Feature","id":"street-11169","properties":{"id":"street-11169","dataset":"street","gu":"용산구","species":"은행나무","heightM":7.0,"crownWidthM":4.0,"rawHeight":7.0,"rawCrownWidth":4.0,"quality":"valid","sourceYear":2013},"geometry":{"type":"Point","coordinates":[126.98521174,37.54652207]}},{"type":"Feature","id":"street-11179","properties":{"id":"street-11179","dataset":"street","gu":"용산구","species":"은행나무","heightM":9.0,"crownWidthM":5.0,"rawHeight":9.0,"rawCrownWidth":5.0,"quality":"valid","sourceYear":2013},"geometry":{"type":"Point","coordinates":[126.98784773,37.54611308]}},{"type":"Feature","id":"street-11181","properties":{"id":"street-11181","dataset":"street","gu":"용산구","species":"은행나무","heightM":10.0,"crownWidthM":4.0,"rawHeight":10.0,"rawCrownWidth":4.0,"quality":"valid","sourceYear":2013},"geometry":{"type":"Point","coordinates":[126.98975407,37.54594437]}},{"type":"Feature","id":"street-11214","properties":{"id":"street-11214","dataset":"street","gu":"용산구","species":"은행나무","heightM":8.0,"crownWidthM":4.0,"rawHeight":8.0,"rawCrownWidth":4.0,"quality":"valid","sourceYear":2013},"geometry":{"type":"Point","coordinates":[126.98352365,37.54988091]}},{"type":"Feature","id":"street-11259","properties":{"id":"street-11259","dataset":"street","gu":"용산구","species":"은행나무","heightM":9.0,"crownWidthM":4.0,"rawHeight":9.0,"rawCrownWidth":4.0,"quality":"valid","sourceYear":2013},"geometry":{"type":"Point","coordinates":[126.9841613,37.54881473]}},{"type":"Feature","id":"street-11339","properties":{"id":"street-11339","dataset":"street","gu":"용산구","species":"은행나무","heightM":10.0,"crownWidthM":4.0,"rawHeight":10.0,"rawCrownWidth":4.0,"quality":"valid","sourceYear":2013},"geometry":{"type":"Point","coordinates":[126.98459063,37.54707168]}},{"type":"Feature","id":"street-11380","properties":{"id":"street-11380","dataset":"street","gu":"용산구","species":"은행나무","heightM":7.0,"crownWidthM":2.0,"rawHeight":7.0,"rawCrownWidth":2.0,"quality":"valid","sourceYear":2013},"geometry":{"type":"Point","coordinates":[126.98224166,37.54841312]}},{"type":"Feature","id":"street-11382","properties":{"id":"street-11382","dataset":"street","gu":"용산구","species":"은행나무","heightM":10.0,"crownWidthM":5.0,"rawHeight":10.0,"rawCrownWidth":5.0,"quality":"valid","sourceYear":2013},"geometry":{"type":"Point","coordinates":[126.98779259,37.54047605]}},{"type":"Feature","id":"street-11397","properties":{"id":"street-11397","dataset":"street","gu":"용산구","species":"은행나무","heightM":9.0,"crownWidthM":4.0,"rawHeight":9.0,"rawCrownWidth":4.0,"quality":"valid","sourceYear":2013},"geometry":{"type":"Point","coordinates":[126.98452867,37.54786484]}},{"type":"Feature","id":"street-11430","properties":{"id":"street-11430","dataset":"street","gu":"용산구","species":"이팝나무","heightM":13.0,"crownWidthM":6.0,"rawHeight":13.0,"rawCrownWidth":6.0,"quality":"valid","sourceYear":2013},"geometry":{"type":"Point","coordinates":[126.98734116,37.54025751]}},{"type":"Feature","id":"street-11500","properties":{"id":"street-11500","dataset":"street","gu":"용산구","species":"은행나무","heightM":9.0,"crownWidthM":4.0,"rawHeight":9.0,"rawCrownWidth":4.0,"quality":"valid","sourceYear":2013},"geometry":{"type":"Point","coordinates":[126.98449115,37.54819103]}},{"type":"Feature","id":"street-11558","properties":{"id":"street-11558","dataset":"street","gu":"용산구","species":"이팝나무","heightM":12.0,"crownWidthM":5.0,"rawHeight":12.0,"rawCrownWidth":5.0,"quality":"valid","sourceYear":2013},"geometry":{"type":"Point","coordinates":[126.98834398,37.54203899]}},{"type":"Feature","id":"street-11578","properties":{"id":"street-11578","dataset":"street","gu":"용산구","species":"은행나무","heightM":6.0,"crownWidthM":2.0,"rawHeight":6.0,"rawCrownWidth":2.0,"quality":"valid","sourceYear":2013},"geometry":{"type":"Point","coordinates":[126.98227071,37.54865789]}},{"type":"Feature","id":"street-11624","properties":{"id":"street-11624","dataset":"street","gu":"용산구","species":"은행나무","heightM":8.0,"crownWidthM":4.0,"rawHeight":8.0,"rawCrownWidth":4.0,"quality":"valid","sourceYear":2013},"geometry":{"type":"Point","coordinates":[126.98570239,37.54645502]}},{"type":"Feature","id":"street-11631","properties":{"id":"street-11631","dataset":"street","gu":"용산구","species":"은행나무","heightM":8.0,"crownWidthM":4.0,"rawHeight":8.0,"rawCrownWidth":4.0,"quality":"valid","sourceYear":2013},"geometry":{"type":"Point","coordinates":[126.98727057,37.5459587]}},{"type":"Feature","id":"street-11656","properties":{"id":"street-11656","dataset":"street","gu":"용산구","species":"은행나무","heightM":5.0,"crownWidthM":2.0,"rawHeight":5.0,"rawCrownWidth":2.0,"quality":"valid","sourceYear":2013},"geometry":{"type":"Point","coordinates":[126.98066448,37.54645002]}},{"type":"Feature","id":"street-11659","properties":{"id":"street-11659","dataset":"street","gu":"용산구","species":"은행나무","heightM":8.0,"crownWidthM":5.0,"rawHeight":8.0,"rawCrownWidth":5.0,"quality":"valid","sourceYear":2013},"geometry":{"type":"Point","coordinates":[126.98699505,37.546018]}},{"type":"Feature","id":"street-11678","properties":{"id":"street-11678","dataset":"street","gu":"용산구","species":"은행나무","heightM":9.0,"crownWidthM":4.0,"rawHeight":9.0,"rawCrownWidth":4.0,"quality":"valid","sourceYear":2013},"geometry":{"type":"Point","coordinates":[126.98595971,37.54638372]}},{"type":"Feature","id":"street-11713","properties":{"id":"street-11713","dataset":"street","gu":"용산구","species":"은행나무","heightM":8.0,"crownWidthM":4.0,"rawHeight":8.0,"rawCrownWidth":4.0,"quality":"valid","sourceYear":2013},"geometry":{"type":"Point","coordinates":[126.98631263,37.54631031]}},{"type":"Feature","id":"street-11720","properties":{"id":"street-11720","dataset":"street","gu":"용산구","species":"은행나무","heightM":8.0,"crownWidthM":4.0,"rawHeight":8.0,"rawCrownWidth":4.0,"quality":"valid","sourceYear":2013},"geometry":{"type":"Point","coordinates":[126.98455435,37.54713907]}},{"type":"Feature","id":"street-11761","properties":{"id":"street-11761","dataset":"street","gu":"용산구","species":"은행나무","heightM":5.0,"crownWidthM":2.0,"rawHeight":5.0,"rawCrownWidth":2.0,"quality":"valid","sourceYear":2013},"geometry":{"type":"Point","coordinates":[126.98200204,37.54898513]}},{"type":"Feature","id":"street-11762","properties":{"id":"street-11762","dataset":"street","gu":"용산구","species":"은행나무","heightM":8.0,"crownWidthM":4.0,"rawHeight":8.0,"rawCrownWidth":4.0,"quality":"valid","sourceYear":2013},"geometry":{"type":"Point","coordinates":[126.9858603,37.54625385]}},{"type":"Feature","id":"street-11775","properties":{"id":"street-11775","dataset":"street","gu":"용산구","species":"은행나무","heightM":4.0,"crownWidthM":2.0,"rawHeight":4.0,"rawCrownWidth":2.0,"quality":"valid","sourceYear":2013},"geometry":{"type":"Point","coordinates":[126.98143711,37.54699522]}},{"type":"Feature","id":"street-11776","properties":{"id":"street-11776","dataset":"street","gu":"용산구","species":"은행나무","heightM":5.0,"crownWidthM":2.0,"rawHeight":5.0,"rawCrownWidth":2.0,"quality":"valid","sourceYear":2013},"geometry":{"type":"Point","coordinates":[126.98119086,37.54682038]}},{"type":"Feature","id":"street-11777","properties":{"id":"street-11777","dataset":"street","gu":"용산구","species":"은행나무","heightM":8.0,"crownWidthM":6.0,"rawHeight":8.0,"rawCrownWidth":6.0,"quality":"valid","sourceYear":2013},"geometry":{"type":"Point","coordinates":[126.98853688,37.54628644]}},{"type":"Feature","id":"street-11790","properties":{"id":"street-11790","dataset":"street","gu":"용산구","species":"은행나무","heightM":5.0,"crownWidthM":2.0,"rawHeight":5.0,"rawCrownWidth":2.0,"quality":"valid","sourceYear":2013},"geometry":{"type":"Point","coordinates":[126.98208824,37.54886795]}},{"type":"Feature","id":"street-11836","properties":{"id":"street-11836","dataset":"street","gu":"용산구","species":"은행나무","heightM":9.0,"crownWidthM":3.0,"rawHeight":9.0,"rawCrownWidth":3.0,"quality":"valid","sourceYear":2013},"geometry":{"type":"Point","coordinates":[126.98968561,37.54598657]}},{"type":"Feature","id":"street-11846","properties":{"id":"street-11846","dataset":"street","gu":"용산구","species":"은행나무","heightM":9.0,"crownWidthM":4.0,"rawHeight":9.0,"rawCrownWidth":4.0,"quality":"valid","sourceYear":2013},"geometry":{"type":"Point","coordinates":[126.98436683,37.54849788]}},{"type":"Feature","id":"street-11865","properties":{"id":"street-11865","dataset":"street","gu":"용산구","species":"은행나무","heightM":6.0,"crownWidthM":2.0,"rawHeight":6.0,"rawCrownWidth":2.0,"quality":"valid","sourceYear":2013},"geometry":{"type":"Point","coordinates":[126.98198391,37.54749609]}},{"type":"Feature","id":"street-11866","properties":{"id":"street-11866","dataset":"street","gu":"용산구","species":"은행나무","heightM":8.0,"crownWidthM":4.0,"rawHeight":8.0,"rawCrownWidth":4.0,"quality":"valid","sourceYear":2013},"geometry":{"type":"Point","coordinates":[126.98453449,37.54750123]}},{"type":"Feature","id":"street-11918","properties":{"id":"street-11918","dataset":"street","gu":"용산구","species":"은행나무","heightM":8.0,"crownWidthM":4.0,"rawHeight":8.0,"rawCrownWidth":4.0,"quality":"valid","sourceYear":2013},"geometry":{"type":"Point","coordinates":[126.98895368,37.54614864]}},{"type":"Feature","id":"street-11930","properties":{"id":"street-11930","dataset":"street","gu":"용산구","species":"은행나무","heightM":6.0,"crownWidthM":2.0,"rawHeight":6.0,"rawCrownWidth":2.0,"quality":"valid","sourceYear":2013},"geometry":{"type":"Point","coordinates":[126.98238999,37.54823491]}},{"type":"Feature","id":"street-11950","properties":{"id":"street-11950","dataset":"street","gu":"용산구","species":"은행나무","heightM":7.0,"crownWidthM":4.0,"rawHeight":7.0,"rawCrownWidth":4.0,"quality":"valid","sourceYear":2013},"geometry":{"type":"Point","coordinates":[126.98689259,37.5460374]}},{"type":"Feature","id":"street-11952","properties":{"id":"street-11952","dataset":"street","gu":"용산구","species":"은행나무","heightM":9.0,"crownWidthM":4.0,"rawHeight":9.0,"rawCrownWidth":4.0,"quality":"valid","sourceYear":2013},"geometry":{"type":"Point","coordinates":[126.98540038,37.54643043]}},{"type":"Feature","id":"street-11976","properties":{"id":"street-11976","dataset":"street","gu":"용산구","species":"은행나무","heightM":8.0,"crownWidthM":4.0,"rawHeight":8.0,"rawCrownWidth":4.0,"quality":"valid","sourceYear":2013},"geometry":{"type":"Point","coordinates":[126.98436531,37.54775658]}},{"type":"Feature","id":"street-11997","properties":{"id":"street-11997","dataset":"street","gu":"용산구","species":"은행나무","heightM":10.0,"crownWidthM":5.0,"rawHeight":10.0,"rawCrownWidth":5.0,"quality":"valid","sourceYear":2013},"geometry":{"type":"Point","coordinates":[126.98820387,37.54163273]}},{"type":"Feature","id":"street-12106","properties":{"id":"street-12106","dataset":"street","gu":"용산구","species":"은행나무","heightM":10.0,"crownWidthM":4.0,"rawHeight":10.0,"rawCrownWidth":4.0,"quality":"valid","sourceYear":2013},"geometry":{"type":"Point","coordinates":[126.98362342,37.54944347]}},{"type":"Feature","id":"street-12112","properties":{"id":"street-12112","dataset":"street","gu":"용산구","species":"은행나무","heightM":8.0,"crownWidthM":5.0,"rawHeight":8.0,"rawCrownWidth":5.0,"quality":"valid","sourceYear":2013},"geometry":{"type":"Point","coordinates":[126.98739009,37.54609168]}},{"type":"Feature","id":"street-12137","properties":{"id":"street-12137","dataset":"street","gu":"용산구","species":"은행나무","heightM":13.0,"crownWidthM":6.0,"rawHeight":13.0,"rawCrownWidth":6.0,"quality":"valid","sourceYear":2013},"geometry":{"type":"Point","coordinates":[126.98726548,37.54019453]}},{"type":"Feature","id":"street-12225","properties":{"id":"street-12225","dataset":"street","gu":"용산구","species":"은행나무","heightM":9.0,"crownWidthM":4.0,"rawHeight":9.0,"rawCrownWidth":4.0,"quality":"valid","sourceYear":2013},"geometry":{"type":"Point","coordinates":[126.98436511,37.54753893]}},{"type":"Feature","id":"street-12489","properties":{"id":"street-12489","dataset":"street","gu":"용산구","species":"은행나무","heightM":9.0,"crownWidthM":4.0,"rawHeight":9.0,"rawCrownWidth":4.0,"quality":"valid","sourceYear":2013},"geometry":{"type":"Point","coordinates":[126.98424897,37.54869956]}},{"type":"Feature","id":"street-12524","properties":{"id":"street-12524","dataset":"street","gu":"용산구","species":"은행나무","heightM":8.0,"crownWidthM":4.0,"rawHeight":8.0,"rawCrownWidth":4.0,"quality":"valid","sourceYear":2013},"geometry":{"type":"Point","coordinates":[126.98465721,37.54684554]}},{"type":"Feature","id":"street-12526","properties":{"id":"street-12526","dataset":"street","gu":"용산구","species":"은행나무","heightM":5.0,"crownWidthM":2.0,"rawHeight":5.0,"rawCrownWidth":2.0,"quality":"valid","sourceYear":2013},"geometry":{"type":"Point","coordinates":[126.98085074,37.54658627]}},{"type":"Feature","id":"street-12582","properties":{"id":"street-12582","dataset":"street","gu":"용산구","species":"은행나무","heightM":10.0,"crownWidthM":5.0,"rawHeight":10.0,"rawCrownWidth":5.0,"quality":"valid","sourceYear":2013},"geometry":{"type":"Point","coordinates":[126.98756132,37.54011554]}},{"type":"Feature","id":"street-12583","properties":{"id":"street-12583","dataset":"street","gu":"용산구","species":"은행나무","heightM":9.0,"crownWidthM":4.0,"rawHeight":9.0,"rawCrownWidth":4.0,"quality":"valid","sourceYear":2013},"geometry":{"type":"Point","coordinates":[126.98904063,37.54613231]}},{"type":"Feature","id":"street-12613","properties":{"id":"street-12613","dataset":"street","gu":"용산구","species":"은행나무","heightM":7.0,"crownWidthM":5.0,"rawHeight":7.0,"rawCrownWidth":5.0,"quality":"valid","sourceYear":2013},"geometry":{"type":"Point","coordinates":[126.98685095,37.54619972]}},{"type":"Feature","id":"street-12617","properties":{"id":"street-12617","dataset":"street","gu":"용산구","species":"은행나무","heightM":9.0,"crownWidthM":4.0,"rawHeight":9.0,"rawCrownWidth":4.0,"quality":"valid","sourceYear":2013},"geometry":{"type":"Point","coordinates":[126.98554832,37.5465223]}},{"type":"Feature","id":"street-12664","properties":{"id":"street-12664","dataset":"street","gu":"용산구","species":"은행나무","heightM":9.0,"crownWidthM":4.0,"rawHeight":9.0,"rawCrownWidth":4.0,"quality":"valid","sourceYear":2013},"geometry":{"type":"Point","coordinates":[126.98510407,37.5467665]}},{"type":"Feature","id":"street-12871","properties":{"id":"street-12871","dataset":"street","gu":"용산구","species":"은행나무","heightM":9.0,"crownWidthM":4.0,"rawHeight":9.0,"rawCrownWidth":4.0,"quality":"valid","sourceYear":2013},"geometry":{"type":"Point","coordinates":[126.98428754,37.54863369]}},{"type":"Feature","id":"street-12872","properties":{"id":"street-12872","dataset":"street","gu":"용산구","species":"은행나무","heightM":6.0,"crownWidthM":2.0,"rawHeight":6.0,"rawCrownWidth":2.0,"quality":"valid","sourceYear":2013},"geometry":{"type":"Point","coordinates":[126.98100606,37.5465941]}},{"type":"Feature","id":"street-12910","properties":{"id":"street-12910","dataset":"street","gu":"용산구","species":"은행나무","heightM":4.0,"crownWidthM":2.0,"rawHeight":4.0,"rawCrownWidth":2.0,"quality":"valid","sourceYear":2013},"geometry":{"type":"Point","coordinates":[126.98149541,37.54704169]}},{"type":"Feature","id":"street-12915","properties":{"id":"street-12915","dataset":"street","gu":"용산구","species":"은행나무","heightM":10.0,"crownWidthM":4.0,"rawHeight":10.0,"rawCrownWidth":4.0,"quality":"valid","sourceYear":2013},"geometry":{"type":"Point","coordinates":[126.98404931,37.54870676]}},{"type":"Feature","id":"street-12916","properties":{"id":"street-12916","dataset":"street","gu":"용산구","species":"은행나무","heightM":8.0,"crownWidthM":4.0,"rawHeight":8.0,"rawCrownWidth":4.0,"quality":"valid","sourceYear":2013},"geometry":{"type":"Point","coordinates":[126.98453545,37.54728164]}},{"type":"Feature","id":"street-12957","properties":{"id":"street-12957","dataset":"street","gu":"용산구","species":"은행나무","heightM":8.0,"crownWidthM":4.0,"rawHeight":8.0,"rawCrownWidth":4.0,"quality":"valid","sourceYear":2013},"geometry":{"type":"Point","coordinates":[126.98434564,37.5480548]}},{"type":"Feature","id":"street-12963","properties":{"id":"street-12963","dataset":"street","gu":"용산구","species":"은행나무","heightM":13.0,"crownWidthM":5.0,"rawHeight":13.0,"rawCrownWidth":5.0,"quality":"valid","sourceYear":2013},"geometry":{"type":"Point","coordinates":[126.98813226,37.54144059]}},{"type":"Feature","id":"street-12977","properties":{"id":"street-12977","dataset":"street","gu":"용산구","species":"은행나무","heightM":7.0,"crownWidthM":2.0,"rawHeight":7.0,"rawCrownWidth":2.0,"quality":"valid","sourceYear":2013},"geometry":{"type":"Point","coordinates":[126.98236009,37.54774496]}},{"type":"Feature","id":"street-13003","properties":{"id":"street-13003","dataset":"street","gu":"용산구","species":"은행나무","heightM":9.0,"crownWidthM":4.0,"rawHeight":9.0,"rawCrownWidth":4.0,"quality":"valid","sourceYear":2013},"geometry":{"type":"Point","coordinates":[126.98436963,37.547471]}},{"type":"Feature","id":"street-13286","properties":{"id":"street-13286","dataset":"street","gu":"용산구","species":"은행나무","heightM":8.0,"crownWidthM":4.0,"rawHeight":8.0,"rawCrownWidth":4.0,"quality":"valid","sourceYear":2013},"geometry":{"type":"Point","coordinates":[126.98568518,37.54630484]}},{"type":"Feature","id":"street-13445","properties":{"id":"street-13445","dataset":"street","gu":"용산구","species":"은행나무","heightM":8.0,"crownWidthM":4.0,"rawHeight":8.0,"rawCrownWidth":4.0,"quality":"valid","sourceYear":2013},"geometry":{"type":"Point","coordinates":[126.9849491,37.54685172]}},{"type":"Feature","id":"street-13645","properties":{"id":"street-13645","dataset":"street","gu":"용산구","species":"은행나무","heightM":6.0,"crownWidthM":2.0,"rawHeight":6.0,"rawCrownWidth":2.0,"quality":"valid","sourceYear":2013},"geometry":{"type":"Point","coordinates":[126.98188835,37.54743421]}},{"type":"Feature","id":"street-13649","properties":{"id":"street-13649","dataset":"street","gu":"용산구","species":"은행나무","heightM":7.0,"crownWidthM":5.0,"rawHeight":7.0,"rawCrownWidth":5.0,"quality":"valid","sourceYear":2013},"geometry":{"type":"Point","coordinates":[126.98607713,37.54620727]}},{"type":"Feature","id":"street-13717","properties":{"id":"street-13717","dataset":"street","gu":"용산구","species":"은행나무","heightM":6.0,"crownWidthM":2.0,"rawHeight":6.0,"rawCrownWidth":2.0,"quality":"valid","sourceYear":2013},"geometry":{"type":"Point","coordinates":[126.9807911,37.54642477]}},{"type":"Feature","id":"street-13784","properties":{"id":"street-13784","dataset":"street","gu":"용산구","species":"은행나무","heightM":9.0,"crownWidthM":4.0,"rawHeight":9.0,"rawCrownWidth":4.0,"quality":"valid","sourceYear":2013},"geometry":{"type":"Point","coordinates":[126.98443346,37.54836361]}},{"type":"Feature","id":"street-13948","properties":{"id":"street-13948","dataset":"street","gu":"용산구","species":"은행나무","heightM":8.0,"crownWidthM":4.0,"rawHeight":8.0,"rawCrownWidth":4.0,"quality":"valid","sourceYear":2013},"geometry":{"type":"Point","coordinates":[126.98466328,37.54701331]}},{"type":"Feature","id":"street-13950","properties":{"id":"street-13950","dataset":"street","gu":"용산구","species":"은행나무","heightM":11.0,"crownWidthM":5.0,"rawHeight":11.0,"rawCrownWidth":5.0,"quality":"valid","sourceYear":2013},"geometry":{"type":"Point","coordinates":[126.98803067,37.54114255]}},{"type":"Feature","id":"street-13981","properties":{"id":"street-13981","dataset":"street","gu":"용산구","species":"은행나무","heightM":6.0,"crownWidthM":2.0,"rawHeight":6.0,"rawCrownWidth":2.0,"quality":"valid","sourceYear":2013},"geometry":{"type":"Point","coordinates":[126.98216536,37.54763816]}},{"type":"Feature","id":"street-14029","properties":{"id":"street-14029","dataset":"street","gu":"용산구","species":"은행나무","heightM":9.0,"crownWidthM":3.0,"rawHeight":9.0,"rawCrownWidth":3.0,"quality":"valid","sourceYear":2013},"geometry":{"type":"Point","coordinates":[126.98982139,37.54590099]}},{"type":"Feature","id":"street-14066","properties":{"id":"street-14066","dataset":"street","gu":"용산구","species":"은행나무","heightM":6.0,"crownWidthM":2.0,"rawHeight":6.0,"rawCrownWidth":2.0,"quality":"valid","sourceYear":2013},"geometry":{"type":"Point","coordinates":[126.98237189,37.54831006]}},{"type":"Feature","id":"street-14352","properties":{"id":"street-14352","dataset":"street","gu":"용산구","species":"은행나무","heightM":8.0,"crownWidthM":4.0,"rawHeight":8.0,"rawCrownWidth":4.0,"quality":"valid","sourceYear":2013},"geometry":{"type":"Point","coordinates":[126.98672081,37.54607196]}},{"type":"Feature","id":"street-14458","properties":{"id":"street-14458","dataset":"street","gu":"용산구","species":"은행나무","heightM":12.0,"crownWidthM":5.0,"rawHeight":12.0,"rawCrownWidth":5.0,"quality":"valid","sourceYear":2013},"geometry":{"type":"Point","coordinates":[126.9880463,37.54118289]}},{"type":"Feature","id":"street-14459","properties":{"id":"street-14459","dataset":"street","gu":"용산구","species":"은행나무","heightM":8.0,"crownWidthM":5.0,"rawHeight":8.0,"rawCrownWidth":5.0,"quality":"valid","sourceYear":2013},"geometry":{"type":"Point","coordinates":[126.98776169,37.5403625]}},{"type":"Feature","id":"street-14460","properties":{"id":"street-14460","dataset":"street","gu":"용산구","species":"은행나무","heightM":8.0,"crownWidthM":5.0,"rawHeight":8.0,"rawCrownWidth":5.0,"quality":"valid","sourceYear":2013},"geometry":{"type":"Point","coordinates":[126.9880297,37.54024642]}},{"type":"Feature","id":"street-14518","properties":{"id":"street-14518","dataset":"street","gu":"용산구","species":"은행나무","heightM":9.0,"crownWidthM":4.0,"rawHeight":9.0,"rawCrownWidth":4.0,"quality":"valid","sourceYear":2013},"geometry":{"type":"Point","coordinates":[126.98406402,37.54893864]}},{"type":"Feature","id":"street-14727","properties":{"id":"street-14727","dataset":"street","gu":"용산구","species":"은행나무","heightM":9.0,"crownWidthM":4.0,"rawHeight":9.0,"rawCrownWidth":4.0,"quality":"valid","sourceYear":2013},"geometry":{"type":"Point","coordinates":[126.98640249,37.54629262]}},{"type":"Feature","id":"street-14744","properties":{"id":"street-14744","dataset":"street","gu":"용산구","species":"은행나무","heightM":10.0,"crownWidthM":4.0,"rawHeight":10.0,"rawCrownWidth":4.0,"quality":"valid","sourceYear":2013},"geometry":{"type":"Point","coordinates":[126.98390509,37.54888753]}},{"type":"Feature","id":"street-14769","properties":{"id":"street-14769","dataset":"street","gu":"용산구","species":"은행나무","heightM":8.0,"crownWidthM":4.0,"rawHeight":8.0,"rawCrownWidth":4.0,"quality":"valid","sourceYear":2013},"geometry":{"type":"Point","coordinates":[126.98364542,37.54938723]}},{"type":"Feature","id":"street-14789","properties":{"id":"street-14789","dataset":"street","gu":"용산구","species":"은행나무","heightM":8.0,"crownWidthM":4.0,"rawHeight":8.0,"rawCrownWidth":4.0,"quality":"valid","sourceYear":2013},"geometry":{"type":"Point","coordinates":[126.98793078,37.54613049]}},{"type":"Feature","id":"street-14829","properties":{"id":"street-14829","dataset":"street","gu":"용산구","species":"은행나무","heightM":10.0,"crownWidthM":4.0,"rawHeight":10.0,"rawCrownWidth":4.0,"quality":"valid","sourceYear":2013},"geometry":{"type":"Point","coordinates":[126.98435877,37.54726835]}},{"type":"Feature","id":"street-14846","properties":{"id":"street-14846","dataset":"street","gu":"용산구","species":"은행나무","heightM":9.0,"crownWidthM":5.0,"rawHeight":9.0,"rawCrownWidth":5.0,"quality":"valid","sourceYear":2013},"geometry":{"type":"Point","coordinates":[126.98775448,37.54609461]}},{"type":"Feature","id":"street-14929","properties":{"id":"street-14929","dataset":"street","gu":"용산구","species":"은행나무","heightM":6.0,"crownWidthM":2.0,"rawHeight":6.0,"rawCrownWidth":2.0,"quality":"valid","sourceYear":2013},"geometry":{"type":"Point","coordinates":[126.98194258,37.54932163]}},{"type":"Feature","id":"street-14930","properties":{"id":"street-14930","dataset":"street","gu":"용산구","species":"은행나무","heightM":12.0,"crownWidthM":6.0,"rawHeight":12.0,"rawCrownWidth":6.0,"quality":"valid","sourceYear":2013},"geometry":{"type":"Point","coordinates":[126.9802677,37.54616997]}},{"type":"Feature","id":"street-14936","properties":{"id":"street-14936","dataset":"street","gu":"용산구","species":"은행나무","heightM":10.0,"crownWidthM":5.0,"rawHeight":10.0,"rawCrownWidth":5.0,"quality":"valid","sourceYear":2013},"geometry":{"type":"Point","coordinates":[126.98824128,37.54173866]}},{"type":"Feature","id":"street-14948","properties":{"id":"street-14948","dataset":"street","gu":"용산구","species":"은행나무","heightM":8.0,"crownWidthM":4.0,"rawHeight":8.0,"rawCrownWidth":4.0,"quality":"valid","sourceYear":2013},"geometry":{"type":"Point","coordinates":[126.98912405,37.54610289]}},{"type":"Feature","id":"street-15030","properties":{"id":"street-15030","dataset":"street","gu":"용산구","species":"은행나무","heightM":9.0,"crownWidthM":4.0,"rawHeight":9.0,"rawCrownWidth":4.0,"quality":"valid","sourceYear":2013},"geometry":{"type":"Point","coordinates":[126.98376742,37.54959119]}},{"type":"Feature","id":"street-15066","properties":{"id":"street-15066","dataset":"street","gu":"용산구","species":"은행나무","heightM":6.0,"crownWidthM":2.0,"rawHeight":6.0,"rawCrownWidth":2.0,"quality":"valid","sourceYear":2013},"geometry":{"type":"Point","coordinates":[126.98231312,37.5484926]}},{"type":"Feature","id":"street-15069","properties":{"id":"street-15069","dataset":"street","gu":"용산구","species":"은행나무","heightM":7.0,"crownWidthM":2.0,"rawHeight":7.0,"rawCrownWidth":2.0,"quality":"valid","sourceYear":2013},"geometry":{"type":"Point","coordinates":[126.9883573,37.54017473]}},{"type":"Feature","id":"street-15206","properties":{"id":"street-15206","dataset":"street","gu":"용산구","species":"은행나무","heightM":8.0,"crownWidthM":4.0,"rawHeight":8.0,"rawCrownWidth":4.0,"quality":"valid","sourceYear":2013},"geometry":{"type":"Point","coordinates":[126.98431235,37.54819168]}},{"type":"Feature","id":"street-15581","properties":{"id":"street-15581","dataset":"street","gu":"용산구","species":"은행나무","heightM":7.0,"crownWidthM":2.0,"rawHeight":7.0,"rawCrownWidth":2.0,"quality":"valid","sourceYear":2013},"geometry":{"type":"Point","coordinates":[126.98833331,37.54017439]}},{"type":"Feature","id":"street-15878","properties":{"id":"street-15878","dataset":"street","gu":"용산구","species":"은행나무","heightM":5.0,"crownWidthM":2.0,"rawHeight":5.0,"rawCrownWidth":2.0,"quality":"valid","sourceYear":2013},"geometry":{"type":"Point","coordinates":[126.98189205,37.54923225]}},{"type":"Feature","id":"street-15934","properties":{"id":"street-15934","dataset":"street","gu":"용산구","species":"은행나무","heightM":6.0,"crownWidthM":2.0,"rawHeight":6.0,"rawCrownWidth":2.0,"quality":"valid","sourceYear":2013},"geometry":{"type":"Point","coordinates":[126.98240358,37.54816335]}},{"type":"Feature","id":"street-15949","properties":{"id":"street-15949","dataset":"street","gu":"용산구","species":"은행나무","heightM":6.0,"crownWidthM":2.0,"rawHeight":6.0,"rawCrownWidth":2.0,"quality":"valid","sourceYear":2013},"geometry":{"type":"Point","coordinates":[126.98221839,37.54769296]}},{"type":"Feature","id":"street-15957","properties":{"id":"street-15957","dataset":"street","gu":"용산구","species":"은행나무","heightM":9.0,"crownWidthM":4.0,"rawHeight":9.0,"rawCrownWidth":4.0,"quality":"valid","sourceYear":2013},"geometry":{"type":"Point","coordinates":[126.98390305,37.54918205]}},{"type":"Feature","id":"street-15961","properties":{"id":"street-15961","dataset":"street","gu":"용산구","species":"은행나무","heightM":8.0,"crownWidthM":4.0,"rawHeight":8.0,"rawCrownWidth":4.0,"quality":"valid","sourceYear":2013},"geometry":{"type":"Point","coordinates":[126.9897897,37.54573468]}},{"type":"Feature","id":"street-15962","properties":{"id":"street-15962","dataset":"street","gu":"용산구","species":"은행나무","heightM":6.0,"crownWidthM":2.0,"rawHeight":6.0,"rawCrownWidth":2.0,"quality":"valid","sourceYear":2013},"geometry":{"type":"Point","coordinates":[126.98058031,37.54628504]}},{"type":"Feature","id":"street-16242","properties":{"id":"street-16242","dataset":"street","gu":"용산구","species":"은행나무","heightM":13.0,"crownWidthM":5.0,"rawHeight":13.0,"rawCrownWidth":5.0,"quality":"valid","sourceYear":2013},"geometry":{"type":"Point","coordinates":[126.98795131,37.54092197]}},{"type":"Feature","id":"street-16246","properties":{"id":"street-16246","dataset":"street","gu":"용산구","species":"은행나무","heightM":8.0,"crownWidthM":4.0,"rawHeight":8.0,"rawCrownWidth":4.0,"quality":"valid","sourceYear":2013},"geometry":{"type":"Point","coordinates":[126.98436473,37.54761497]}},{"type":"Feature","id":"street-16311","properties":{"id":"street-16311","dataset":"street","gu":"용산구","species":"은행나무","heightM":8.0,"crownWidthM":4.0,"rawHeight":8.0,"rawCrownWidth":4.0,"quality":"valid","sourceYear":2013},"geometry":{"type":"Point","coordinates":[126.98622655,37.54632969]}},{"type":"Feature","id":"street-16324","properties":{"id":"street-16324","dataset":"street","gu":"용산구","species":"은행나무","heightM":9.0,"crownWidthM":3.0,"rawHeight":9.0,"rawCrownWidth":3.0,"quality":"valid","sourceYear":2013},"geometry":{"type":"Point","coordinates":[126.98935576,37.5461621]}},{"type":"Feature","id":"street-16621","properties":{"id":"street-16621","dataset":"street","gu":"용산구","species":"은행나무","heightM":8.0,"crownWidthM":8.0,"rawHeight":8.0,"rawCrownWidth":8.0,"quality":"valid","sourceYear":2013},"geometry":{"type":"Point","coordinates":[126.98721531,37.54612924]}},{"type":"Feature","id":"street-16623","properties":{"id":"street-16623","dataset":"street","gu":"용산구","species":"은행나무","heightM":4.0,"crownWidthM":2.0,"rawHeight":4.0,"rawCrownWidth":2.0,"quality":"valid","sourceYear":2013},"geometry":{"type":"Point","coordinates":[126.9813788,37.54695233]}},{"type":"Feature","id":"street-16632","properties":{"id":"street-16632","dataset":"street","gu":"용산구","species":"은행나무","heightM":6.0,"crownWidthM":2.0,"rawHeight":6.0,"rawCrownWidth":2.0,"quality":"valid","sourceYear":2013},"geometry":{"type":"Point","coordinates":[126.98233571,37.5484389]}},{"type":"Feature","id":"street-16802","properties":{"id":"street-16802","dataset":"street","gu":"용산구","species":"은행나무","heightM":6.0,"crownWidthM":2.0,"rawHeight":6.0,"rawCrownWidth":2.0,"quality":"valid","sourceYear":2013},"geometry":{"type":"Point","coordinates":[126.98190579,37.54734112]}},{"type":"Feature","id":"street-17003","properties":{"id":"street-17003","dataset":"street","gu":"용산구","species":"은행나무","heightM":12.0,"crownWidthM":5.0,"rawHeight":12.0,"rawCrownWidth":5.0,"quality":"valid","sourceYear":2013},"geometry":{"type":"Point","coordinates":[126.98843226,37.54229143]}},{"type":"Feature","id":"street-17304","properties":{"id":"street-17304","dataset":"street","gu":"용산구","species":"은행나무","heightM":8.0,"crownWidthM":4.0,"rawHeight":8.0,"rawCrownWidth":4.0,"quality":"valid","sourceYear":2013},"geometry":{"type":"Point","coordinates":[126.98577897,37.54627464]}},{"type":"Feature","id":"street-17392","properties":{"id":"street-17392","dataset":"street","gu":"용산구","species":"은행나무","heightM":8.0,"crownWidthM":4.0,"rawHeight":8.0,"rawCrownWidth":4.0,"quality":"valid","sourceYear":2013},"geometry":{"type":"Point","coordinates":[126.98451924,37.54691114]}},{"type":"Feature","id":"street-17411","properties":{"id":"street-17411","dataset":"street","gu":"용산구","species":"은행나무","heightM":9.0,"crownWidthM":5.0,"rawHeight":9.0,"rawCrownWidth":5.0,"quality":"valid","sourceYear":2013},"geometry":{"type":"Point","coordinates":[126.98641686,37.54613344]}},{"type":"Feature","id":"street-17701","properties":{"id":"street-17701","dataset":"street","gu":"용산구","species":"은행나무","heightM":6.0,"crownWidthM":2.0,"rawHeight":6.0,"rawCrownWidth":2.0,"quality":"valid","sourceYear":2013},"geometry":{"type":"Point","coordinates":[126.98226136,37.547616]}},{"type":"Feature","id":"street-17947","properties":{"id":"street-17947","dataset":"street","gu":"용산구","species":"은행나무","heightM":10.0,"crownWidthM":5.0,"rawHeight":10.0,"rawCrownWidth":5.0,"quality":"valid","sourceYear":2013},"geometry":{"type":"Point","coordinates":[126.98790923,37.54080793]}},{"type":"Feature","id":"street-17968","properties":{"id":"street-17968","dataset":"street","gu":"용산구","species":"은행나무","heightM":6.0,"crownWidthM":2.0,"rawHeight":6.0,"rawCrownWidth":2.0,"quality":"valid","sourceYear":2013},"geometry":{"type":"Point","coordinates":[126.98072158,37.54637613]}},{"type":"Feature","id":"street-17970","properties":{"id":"street-17970","dataset":"street","gu":"용산구","species":"은행나무","heightM":8.0,"crownWidthM":4.0,"rawHeight":8.0,"rawCrownWidth":4.0,"quality":"valid","sourceYear":2013},"geometry":{"type":"Point","coordinates":[126.98652699,37.54611112]}},{"type":"Feature","id":"street-18081","properties":{"id":"street-18081","dataset":"street","gu":"용산구","species":"은행나무","heightM":9.0,"crownWidthM":4.0,"rawHeight":9.0,"rawCrownWidth":4.0,"quality":"valid","sourceYear":2013},"geometry":{"type":"Point","coordinates":[126.98378099,37.54952649]}},{"type":"Feature","id":"street-194427","properties":{"id":"street-194427","dataset":"street","gu":"용산구","species":"은행나무","heightM":8.0,"crownWidthM":5.0,"rawHeight":8.0,"rawCrownWidth":5.0,"quality":"valid","sourceYear":2013},"geometry":{"type":"Point","coordinates":[126.98780193,37.54594984]}},{"type":"Feature","id":"street-194765","properties":{"id":"street-194765","dataset":"street","gu":"용산구","species":"은행나무","heightM":12.0,"crownWidthM":5.0,"rawHeight":12.0,"rawCrownWidth":5.0,"quality":"valid","sourceYear":2013},"geometry":{"type":"Point","coordinates":[126.98797415,37.54098735]}},{"type":"Feature","id":"street-195117","properties":{"id":"street-195117","dataset":"street","gu":"용산구","species":"은행나무","heightM":8.0,"crownWidthM":4.0,"rawHeight":8.0,"rawCrownWidth":4.0,"quality":"valid","sourceYear":2013},"geometry":{"type":"Point","coordinates":[126.98444017,37.54700159]}},{"type":"Feature","id":"street-195462","properties":{"id":"street-195462","dataset":"street","gu":"용산구","species":"은행나무","heightM":7.0,"crownWidthM":4.0,"rawHeight":7.0,"rawCrownWidth":4.0,"quality":"valid","sourceYear":2013},"geometry":{"type":"Point","coordinates":[126.98633438,37.54615033]}},{"type":"Feature","id":"street-198551","properties":{"id":"street-198551","dataset":"street","gu":"용산구","species":"은행나무","heightM":9.0,"crownWidthM":4.0,"rawHeight":9.0,"rawCrownWidth":4.0,"quality":"valid","sourceYear":2013},"geometry":{"type":"Point","coordinates":[126.98453667,37.54742988]}},{"type":"Feature","id":"street-198972","properties":{"id":"street-198972","dataset":"street","gu":"용산구","species":"은행나무","heightM":8.0,"crownWidthM":5.0,"rawHeight":8.0,"rawCrownWidth":5.0,"quality":"valid","sourceYear":2013},"geometry":{"type":"Point","coordinates":[126.98832567,37.54606579]}},{"type":"Feature","id":"street-199339","properties":{"id":"street-199339","dataset":"street","gu":"용산구","species":"은행나무","heightM":7.0,"crownWidthM":4.0,"rawHeight":7.0,"rawCrownWidth":4.0,"quality":"valid","sourceYear":2013},"geometry":{"type":"Point","coordinates":[126.9850283,37.54662643]}},{"type":"Feature","id":"street-230833","properties":{"id":"street-230833","dataset":"street","gu":"용산구","species":"은행나무","heightM":9.0,"crownWidthM":4.0,"rawHeight":9.0,"rawCrownWidth":4.0,"quality":"valid","sourceYear":2013},"geometry":{"type":"Point","coordinates":[126.98420666,37.54875535]}},{"type":"Feature","id":"street-233569","properties":{"id":"street-233569","dataset":"street","gu":"용산구","species":"은행나무","heightM":8.0,"crownWidthM":4.0,"rawHeight":8.0,"rawCrownWidth":4.0,"quality":"valid","sourceYear":2013},"geometry":{"type":"Point","coordinates":[126.9847973,37.54675924]}},{"type":"Feature","id":"street-233578","properties":{"id":"street-233578","dataset":"street","gu":"용산구","species":"이팝나무","heightM":9.0,"crownWidthM":5.0,"rawHeight":9.0,"rawCrownWidth":5.0,"quality":"valid","sourceYear":2013},"geometry":{"type":"Point","coordinates":[126.98844641,37.54234388]}},{"type":"Feature","id":"street-233587","properties":{"id":"street-233587","dataset":"street","gu":"용산구","species":"은행나무","heightM":8.0,"crownWidthM":4.0,"rawHeight":8.0,"rawCrownWidth":4.0,"quality":"valid","sourceYear":2013},"geometry":{"type":"Point","coordinates":[126.98423459,37.54838911]}},{"type":"Feature","id":"street-233592","properties":{"id":"street-233592","dataset":"street","gu":"용산구","species":"은행나무","heightM":12.0,"crownWidthM":5.0,"rawHeight":12.0,"rawCrownWidth":5.0,"quality":"valid","sourceYear":2013},"geometry":{"type":"Point","coordinates":[126.9880974,37.54133043]}},{"type":"Feature","id":"street-233950","properties":{"id":"street-233950","dataset":"street","gu":"용산구","species":"은행나무","heightM":8.0,"crownWidthM":4.0,"rawHeight":8.0,"rawCrownWidth":4.0,"quality":"valid","sourceYear":2013},"geometry":{"type":"Point","coordinates":[126.98472639,37.54698208]}},{"type":"Feature","id":"street-242138","properties":{"id":"street-242138","dataset":"street","gu":"용산구","species":"은행나무","heightM":6.0,"crownWidthM":2.0,"rawHeight":6.0,"rawCrownWidth":2.0,"quality":"valid","sourceYear":2013},"geometry":{"type":"Point","coordinates":[126.9821085,37.54898917]}},{"type":"Feature","id":"street-242475","properties":{"id":"street-242475","dataset":"street","gu":"용산구","species":"은행나무","heightM":10.0,"crownWidthM":4.0,"rawHeight":10.0,"rawCrownWidth":4.0,"quality":"valid","sourceYear":2013},"geometry":{"type":"Point","coordinates":[126.98944019,37.54612547]}},{"type":"Feature","id":"street-242489","properties":{"id":"street-242489","dataset":"street","gu":"용산구","species":"은행나무","heightM":8.0,"crownWidthM":5.0,"rawHeight":8.0,"rawCrownWidth":5.0,"quality":"valid","sourceYear":2013},"geometry":{"type":"Point","coordinates":[126.98817308,37.54024645]}},{"type":"Feature","id":"street-244379","properties":{"id":"street-244379","dataset":"street","gu":"용산구","species":"은행나무","heightM":9.0,"crownWidthM":4.0,"rawHeight":9.0,"rawCrownWidth":4.0,"quality":"valid","sourceYear":2013},"geometry":{"type":"Point","coordinates":[126.98384921,37.54931029]}},{"type":"Feature","id":"street-244506","properties":{"id":"street-244506","dataset":"street","gu":"용산구","species":"은행나무","heightM":7.0,"crownWidthM":2.0,"rawHeight":7.0,"rawCrownWidth":2.0,"quality":"valid","sourceYear":2013},"geometry":{"type":"Point","coordinates":[126.98837926,37.54017308]}},{"type":"Feature","id":"street-244739","properties":{"id":"street-244739","dataset":"street","gu":"용산구","species":"은행나무","heightM":8.0,"crownWidthM":4.0,"rawHeight":8.0,"rawCrownWidth":4.0,"quality":"valid","sourceYear":2013},"geometry":{"type":"Point","coordinates":[126.98578385,37.54642655]}},{"type":"Feature","id":"street-244771","properties":{"id":"street-244771","dataset":"street","gu":"용산구","species":"은행나무","heightM":5.0,"crownWidthM":2.0,"rawHeight":5.0,"rawCrownWidth":2.0,"quality":"valid","sourceYear":2013},"geometry":{"type":"Point","coordinates":[126.98091363,37.5466471]}},{"type":"Feature","id":"street-244956","properties":{"id":"street-244956","dataset":"street","gu":"용산구","species":"은행나무","heightM":5.0,"crownWidthM":2.0,"rawHeight":5.0,"rawCrownWidth":2.0,"quality":"valid","sourceYear":2013},"geometry":{"type":"Point","coordinates":[126.98229904,37.54765641]}},{"type":"Feature","id":"street-244978","properties":{"id":"street-244978","dataset":"street","gu":"용산구","species":"이팝나무","heightM":12.0,"crownWidthM":5.0,"rawHeight":12.0,"rawCrownWidth":5.0,"quality":"valid","sourceYear":2013},"geometry":{"type":"Point","coordinates":[126.98854672,37.54261483]}},{"type":"Feature","id":"street-244981","properties":{"id":"street-244981","dataset":"street","gu":"용산구","species":"은행나무","heightM":9.0,"crownWidthM":4.0,"rawHeight":9.0,"rawCrownWidth":4.0,"quality":"valid","sourceYear":2013},"geometry":{"type":"Point","coordinates":[126.98433064,37.54856295]}},{"type":"Feature","id":"street-245365","properties":{"id":"street-245365","dataset":"street","gu":"용산구","species":"은행나무","heightM":11.0,"crownWidthM":4.0,"rawHeight":11.0,"rawCrownWidth":4.0,"quality":"valid","sourceYear":2013},"geometry":{"type":"Point","coordinates":[126.98436292,37.54712041]}},{"type":"Feature","id":"street-245471","properties":{"id":"street-245471","dataset":"street","gu":"용산구","species":"은행나무","heightM":6.0,"crownWidthM":2.0,"rawHeight":6.0,"rawCrownWidth":2.0,"quality":"valid","sourceYear":2013},"geometry":{"type":"Point","coordinates":[126.98096563,37.54655116]}},{"type":"Feature","id":"street-245635","properties":{"id":"street-245635","dataset":"street","gu":"용산구","species":"은행나무","heightM":5.0,"crownWidthM":2.0,"rawHeight":5.0,"rawCrownWidth":2.0,"quality":"valid","sourceYear":2013},"geometry":{"type":"Point","coordinates":[126.98196894,37.54906475]}},{"type":"Feature","id":"street-245691","properties":{"id":"street-245691","dataset":"street","gu":"용산구","species":"은행나무","heightM":8.0,"crownWidthM":4.0,"rawHeight":8.0,"rawCrownWidth":4.0,"quality":"valid","sourceYear":2013},"geometry":{"type":"Point","coordinates":[126.98491303,37.54669273]}},{"type":"Feature","id":"street-245992","properties":{"id":"street-245992","dataset":"street","gu":"용산구","species":"은행나무","heightM":8.0,"crownWidthM":4.0,"rawHeight":8.0,"rawCrownWidth":4.0,"quality":"valid","sourceYear":2013},"geometry":{"type":"Point","coordinates":[126.98886399,37.54615561]}},{"type":"Feature","id":"street-246062","properties":{"id":"street-246062","dataset":"street","gu":"용산구","species":"은행나무","heightM":8.0,"crownWidthM":5.0,"rawHeight":8.0,"rawCrownWidth":5.0,"quality":"valid","sourceYear":2013},"geometry":{"type":"Point","coordinates":[126.9885908,37.54276958]}},{"type":"Feature","id":"street-246066","properties":{"id":"street-246066","dataset":"street","gu":"용산구","species":"은행나무","heightM":5.0,"crownWidthM":2.0,"rawHeight":5.0,"rawCrownWidth":2.0,"quality":"valid","sourceYear":2013},"geometry":{"type":"Point","coordinates":[126.98220722,37.54855793]}},{"type":"Feature","id":"street-246180","properties":{"id":"street-246180","dataset":"street","gu":"용산구","species":"은행나무","heightM":9.0,"crownWidthM":6.0,"rawHeight":9.0,"rawCrownWidth":6.0,"quality":"valid","sourceYear":2013},"geometry":{"type":"Point","coordinates":[126.9801272,37.54614657]}},{"type":"Feature","id":"street-246432","properties":{"id":"street-246432","dataset":"street","gu":"용산구","species":"은행나무","heightM":8.0,"crownWidthM":4.0,"rawHeight":8.0,"rawCrownWidth":4.0,"quality":"valid","sourceYear":2013},"geometry":{"type":"Point","coordinates":[126.98536029,37.54645113]}},{"type":"Feature","id":"street-246530","properties":{"id":"street-246530","dataset":"street","gu":"용산구","species":"은행나무","heightM":9.0,"crownWidthM":4.0,"rawHeight":9.0,"rawCrownWidth":4.0,"quality":"valid","sourceYear":2013},"geometry":{"type":"Point","coordinates":[126.98394287,37.54911068]}},{"type":"Feature","id":"street-246875","properties":{"id":"street-246875","dataset":"street","gu":"용산구","species":"이팝나무","heightM":12.0,"crownWidthM":5.0,"rawHeight":12.0,"rawCrownWidth":5.0,"quality":"valid","sourceYear":2013},"geometry":{"type":"Point","coordinates":[126.9882725,37.54183155]}},{"type":"Feature","id":"street-246904","properties":{"id":"street-246904","dataset":"street","gu":"용산구","species":"은행나무","heightM":6.0,"crownWidthM":2.0,"rawHeight":6.0,"rawCrownWidth":2.0,"quality":"valid","sourceYear":2013},"geometry":{"type":"Point","coordinates":[126.98062275,37.54631945]}},{"type":"Feature","id":"street-247143","properties":{"id":"street-247143","dataset":"street","gu":"용산구","species":"은행나무","heightM":6.0,"crownWidthM":2.0,"rawHeight":6.0,"rawCrownWidth":2.0,"quality":"valid","sourceYear":2013},"geometry":{"type":"Point","coordinates":[126.98091692,37.54651783]}},{"type":"Feature","id":"street-247156","properties":{"id":"street-247156","dataset":"street","gu":"용산구","species":"은행나무","heightM":5.0,"crownWidthM":2.0,"rawHeight":5.0,"rawCrownWidth":2.0,"quality":"valid","sourceYear":2013},"geometry":{"type":"Point","coordinates":[126.98193538,37.54914168]}},{"type":"Feature","id":"street-247531","properties":{"id":"street-247531","dataset":"street","gu":"용산구","species":"은행나무","heightM":8.0,"crownWidthM":4.0,"rawHeight":8.0,"rawCrownWidth":4.0,"quality":"valid","sourceYear":2013},"geometry":{"type":"Point","coordinates":[126.98524723,37.54668839]}},{"type":"Feature","id":"street-247540","properties":{"id":"street-247540","dataset":"street","gu":"용산구","species":"은행나무","heightM":8.0,"crownWidthM":4.0,"rawHeight":8.0,"rawCrownWidth":4.0,"quality":"valid","sourceYear":2013},"geometry":{"type":"Point","coordinates":[126.98562614,37.54648541]}},{"type":"Feature","id":"street-250335","properties":{"id":"street-250335","dataset":"street","gu":"용산구","species":"은행나무","heightM":6.0,"crownWidthM":2.0,"rawHeight":6.0,"rawCrownWidth":2.0,"quality":"valid","sourceYear":2013},"geometry":{"type":"Point","coordinates":[126.98205307,37.54744716]}},{"type":"Feature","id":"street-250674","properties":{"id":"street-250674","dataset":"street","gu":"용산구","species":"은행나무","heightM":9.0,"crownWidthM":5.0,"rawHeight":9.0,"rawCrownWidth":5.0,"quality":"valid","sourceYear":2013},"geometry":{"type":"Point","coordinates":[126.9880208,37.54614985]}},{"type":"Feature","id":"street-250683","properties":{"id":"street-250683","dataset":"street","gu":"용산구","species":"은행나무","heightM":5.0,"crownWidthM":2.0,"rawHeight":5.0,"rawCrownWidth":2.0,"quality":"valid","sourceYear":2013},"geometry":{"type":"Point","coordinates":[126.98222729,37.54847318]}},{"type":"Feature","id":"street-250684","properties":{"id":"street-250684","dataset":"street","gu":"용산구","species":"은행나무","heightM":9.0,"crownWidthM":4.0,"rawHeight":9.0,"rawCrownWidth":4.0,"quality":"valid","sourceYear":2013},"geometry":{"type":"Point","coordinates":[126.98447319,37.54824825]}},{"type":"Feature","id":"street-250985","properties":{"id":"street-250985","dataset":"street","gu":"용산구","species":"은행나무","heightM":8.0,"crownWidthM":4.0,"rawHeight":8.0,"rawCrownWidth":4.0,"quality":"valid","sourceYear":2013},"geometry":{"type":"Point","coordinates":[126.98413087,37.54857393]}},{"type":"Feature","id":"street-250997","properties":{"id":"street-250997","dataset":"street","gu":"용산구","species":"은행나무","heightM":9.0,"crownWidthM":4.0,"rawHeight":9.0,"rawCrownWidth":4.0,"quality":"valid","sourceYear":2013},"geometry":{"type":"Point","coordinates":[126.98658073,37.54625698]}},{"type":"Feature","id":"street-251003","properties":{"id":"street-251003","dataset":"street","gu":"용산구","species":"은행나무","heightM":8.0,"crownWidthM":4.0,"rawHeight":8.0,"rawCrownWidth":4.0,"quality":"valid","sourceYear":2013},"geometry":{"type":"Point","coordinates":[126.98395317,37.54882021]}},{"type":"Feature","id":"street-251038","properties":{"id":"street-251038","dataset":"street","gu":"용산구","species":"은행나무","heightM":12.0,"crownWidthM":5.0,"rawHeight":12.0,"rawCrownWidth":5.0,"quality":"valid","sourceYear":2013},"geometry":{"type":"Point","coordinates":[126.98792967,37.54085731]}},{"type":"Feature","id":"park-private-3289","properties":{"id":"park-private-3289","dataset":"park-private","gu":"용산구","species":"은행나무","heightM":11.0,"crownWidthM":7.0,"rawHeight":11.0,"rawCrownWidth":7.0,"quality":"valid","sourceYear":2013},"geometry":{"type":"Point","coordinates":[126.98056288,37.54620894]}},{"type":"Feature","id":"park-private-3318","properties":{"id":"park-private-3318","dataset":"park-private","gu":"용산구","species":"양버즘","heightM":10.0,"crownWidthM":8.0,"rawHeight":10.0,"rawCrownWidth":8.0,"quality":"valid","sourceYear":2013},"geometry":{"type":"Point","coordinates":[126.98552413,37.54666271]}},{"type":"Feature","id":"park-private-3354","properties":{"id":"park-private-3354","dataset":"park-private","gu":"용산구","species":"은행나무","heightM":10.0,"crownWidthM":10.0,"rawHeight":10.0,"rawCrownWidth":10.0,"quality":"valid","sourceYear":2013},"geometry":{"type":"Point","coordinates":[126.98000023,37.54599788]}},{"type":"Feature","id":"park-private-3356","properties":{"id":"park-private-3356","dataset":"park-private","gu":"용산구","species":"아까시나무","heightM":8.0,"crownWidthM":5.0,"rawHeight":8.0,"rawCrownWidth":5.0,"quality":"valid","sourceYear":2013},"geometry":{"type":"Point","coordinates":[126.9844902,37.54563697]}},{"type":"Feature","id":"park-private-3372","properties":{"id":"park-private-3372","dataset":"park-private","gu":"용산구","species":"은행나무","heightM":27.0,"crownWidthM":7.0,"rawHeight":27.0,"rawCrownWidth":7.0,"quality":"valid","sourceYear":2013},"geometry":{"type":"Point","coordinates":[126.98866143,37.54345219]}},{"type":"Feature","id":"park-private-3379","properties":{"id":"park-private-3379","dataset":"park-private","gu":"용산구","species":"은행나무","heightM":5.0,"crownWidthM":4.0,"rawHeight":5.0,"rawCrownWidth":4.0,"quality":"valid","sourceYear":2013},"geometry":{"type":"Point","coordinates":[126.9801597,37.54604827]}},{"type":"Feature","id":"park-private-3387","properties":{"id":"park-private-3387","dataset":"park-private","gu":"용산구","species":"느티나무","heightM":10.0,"crownWidthM":9.0,"rawHeight":10.0,"rawCrownWidth":9.0,"quality":"valid","sourceYear":2013},"geometry":{"type":"Point","coordinates":[126.98983302,37.54483914]}},{"type":"Feature","id":"park-private-3409","properties":{"id":"park-private-3409","dataset":"park-private","gu":"용산구","species":"버드나무","heightM":13.0,"crownWidthM":7.0,"rawHeight":13.0,"rawCrownWidth":7.0,"quality":"valid","sourceYear":2013},"geometry":{"type":"Point","coordinates":[126.98860765,37.54272902]}},{"type":"Feature","id":"park-private-3492","properties":{"id":"park-private-3492","dataset":"park-private","gu":"용산구","species":"소나무","heightM":9.0,"crownWidthM":4.0,"rawHeight":9.0,"rawCrownWidth":4.0,"quality":"valid","sourceYear":2013},"geometry":{"type":"Point","coordinates":[126.98539483,37.54682628]}},{"type":"Feature","id":"park-private-3502","properties":{"id":"park-private-3502","dataset":"park-private","gu":"용산구","species":"느티나무","heightM":14.0,"crownWidthM":7.0,"rawHeight":14.0,"rawCrownWidth":7.0,"quality":"valid","sourceYear":2013},"geometry":{"type":"Point","coordinates":[126.98867379,37.54290861]}},{"type":"Feature","id":"park-private-3504","properties":{"id":"park-private-3504","dataset":"park-private","gu":"용산구","species":"은행나무","heightM":8.0,"crownWidthM":5.0,"rawHeight":8.0,"rawCrownWidth":5.0,"quality":"valid","sourceYear":2013},"geometry":{"type":"Point","coordinates":[126.98012048,37.54458446]}},{"type":"Feature","id":"park-private-3525","properties":{"id":"park-private-3525","dataset":"park-private","gu":"용산구","species":"은행나무","heightM":11.0,"crownWidthM":7.0,"rawHeight":11.0,"rawCrownWidth":7.0,"quality":"valid","sourceYear":2013},"geometry":{"type":"Point","coordinates":[126.98378625,37.54877702]}},{"type":"Feature","id":"park-private-3563","properties":{"id":"park-private-3563","dataset":"park-private","gu":"용산구","species":"측백나무","heightM":12.0,"crownWidthM":7.0,"rawHeight":12.0,"rawCrownWidth":7.0,"quality":"valid","sourceYear":2013},"geometry":{"type":"Point","coordinates":[126.98031074,37.54750184]}},{"type":"Feature","id":"park-private-3569","properties":{"id":"park-private-3569","dataset":"park-private","gu":"용산구","species":"오동나무","heightM":9.0,"crownWidthM":6.0,"rawHeight":9.0,"rawCrownWidth":6.0,"quality":"valid","sourceYear":2013},"geometry":{"type":"Point","coordinates":[126.98814806,37.54014717]}},{"type":"Feature","id":"park-private-3570","properties":{"id":"park-private-3570","dataset":"park-private","gu":"용산구","species":"오동나무","heightM":28.0,"crownWidthM":6.0,"rawHeight":28.0,"rawCrownWidth":6.0,"quality":"valid","sourceYear":2013},"geometry":{"type":"Point","coordinates":[126.98873038,37.54398364]}},{"type":"Feature","id":"park-private-3580","properties":{"id":"park-private-3580","dataset":"park-private","gu":"용산구","species":"측백나무","heightM":7.0,"crownWidthM":4.0,"rawHeight":7.0,"rawCrownWidth":4.0,"quality":"valid","sourceYear":2013},"geometry":{"type":"Point","coordinates":[126.98581336,37.54385007]}},{"type":"Feature","id":"park-private-3590","properties":{"id":"park-private-3590","dataset":"park-private","gu":"용산구","species":"느티나무","heightM":8.0,"crownWidthM":5.0,"rawHeight":8.0,"rawCrownWidth":5.0,"quality":"valid","sourceYear":2013},"geometry":{"type":"Point","coordinates":[126.9839807,37.54326853]}},{"type":"Feature","id":"park-private-3650","properties":{"id":"park-private-3650","dataset":"park-private","gu":"용산구","species":"은향나무","heightM":8.0,"crownWidthM":6.0,"rawHeight":8.0,"rawCrownWidth":6.0,"quality":"valid","sourceYear":2013},"geometry":{"type":"Point","coordinates":[126.98728395,37.54155568]}},{"type":"Feature","id":"park-private-3661","properties":{"id":"park-private-3661","dataset":"park-private","gu":"용산구","species":"감나무","heightM":8.0,"crownWidthM":6.0,"rawHeight":8.0,"rawCrownWidth":6.0,"quality":"valid","sourceYear":2013},"geometry":{"type":"Point","coordinates":[126.98070861,37.54912475]}},{"type":"Feature","id":"park-private-3715","properties":{"id":"park-private-3715","dataset":"park-private","gu":"용산구","species":"은행나무","heightM":11.0,"crownWidthM":8.0,"rawHeight":11.0,"rawCrownWidth":8.0,"quality":"valid","sourceYear":2013},"geometry":{"type":"Point","coordinates":[126.98121841,37.54954566]}},{"type":"Feature","id":"park-private-3716","properties":{"id":"park-private-3716","dataset":"park-private","gu":"용산구","species":"느티나무","heightM":11.0,"crownWidthM":8.0,"rawHeight":11.0,"rawCrownWidth":8.0,"quality":"valid","sourceYear":2013},"geometry":{"type":"Point","coordinates":[126.98583956,37.54670199]}},{"type":"Feature","id":"park-private-3720","properties":{"id":"park-private-3720","dataset":"park-private","gu":"용산구","species":"은행나무","heightM":8.0,"crownWidthM":4.0,"rawHeight":8.0,"rawCrownWidth":4.0,"quality":"valid","sourceYear":2013},"geometry":{"type":"Point","coordinates":[126.98384531,37.54288037]}},{"type":"Feature","id":"park-private-3856","properties":{"id":"park-private-3856","dataset":"park-private","gu":"용산구","species":"감나무","heightM":8.0,"crownWidthM":5.0,"rawHeight":8.0,"rawCrownWidth":5.0,"quality":"valid","sourceYear":2013},"geometry":{"type":"Point","coordinates":[126.98424676,37.54745649]}},{"type":"Feature","id":"park-private-3857","properties":{"id":"park-private-3857","dataset":"park-private","gu":"용산구","species":"양버즘","heightM":10.0,"crownWidthM":8.0,"rawHeight":10.0,"rawCrownWidth":8.0,"quality":"valid","sourceYear":2013},"geometry":{"type":"Point","coordinates":[126.98601446,37.54665656]}},{"type":"Feature","id":"park-private-3866","properties":{"id":"park-private-3866","dataset":"park-private","gu":"용산구","species":"은사시나무","heightM":8.0,"crownWidthM":4.0,"rawHeight":8.0,"rawCrownWidth":4.0,"quality":"valid","sourceYear":2013},"geometry":{"type":"Point","coordinates":[126.98293673,37.5436538]}},{"type":"Feature","id":"park-private-3876","properties":{"id":"park-private-3876","dataset":"park-private","gu":"용산구","species":"메타세쿼이아","heightM":12.0,"crownWidthM":7.0,"rawHeight":12.0,"rawCrownWidth":7.0,"quality":"valid","sourceYear":2013},"geometry":{"type":"Point","coordinates":[126.98415516,37.54243969]}},{"type":"Feature","id":"park-private-3886","properties":{"id":"park-private-3886","dataset":"park-private","gu":"용산구","species":"양버즘나무","heightM":10.0,"crownWidthM":2.0,"rawHeight":10.0,"rawCrownWidth":2.0,"quality":"valid","sourceYear":2013},"geometry":{"type":"Point","coordinates":[126.98861376,37.54257098]}},{"type":"Feature","id":"park-private-3941","properties":{"id":"park-private-3941","dataset":"park-private","gu":"용산구","species":"버드나무","heightM":16.0,"crownWidthM":7.0,"rawHeight":16.0,"rawCrownWidth":7.0,"quality":"valid","sourceYear":2013},"geometry":{"type":"Point","coordinates":[126.98870114,37.54246321]}},{"type":"Feature","id":"park-private-3946","properties":{"id":"park-private-3946","dataset":"park-private","gu":"용산구","species":"단풍나무","heightM":8.0,"crownWidthM":8.0,"rawHeight":8.0,"rawCrownWidth":8.0,"quality":"valid","sourceYear":2013},"geometry":{"type":"Point","coordinates":[126.98558496,37.54662029]}},{"type":"Feature","id":"park-private-4051","properties":{"id":"park-private-4051","dataset":"park-private","gu":"용산구","species":"사시나무","heightM":12.0,"crownWidthM":7.0,"rawHeight":12.0,"rawCrownWidth":7.0,"quality":"valid","sourceYear":2013},"geometry":{"type":"Point","coordinates":[126.98996291,37.54214692]}},{"type":"Feature","id":"park-private-4065","properties":{"id":"park-private-4065","dataset":"park-private","gu":"용산구","species":"은행나무","heightM":28.0,"crownWidthM":5.0,"rawHeight":28.0,"rawCrownWidth":5.0,"quality":"valid","sourceYear":2013},"geometry":{"type":"Point","coordinates":[126.98885701,37.54368913]}},{"type":"Feature","id":"park-private-4245","properties":{"id":"park-private-4245","dataset":"park-private","gu":"용산구","species":"은사시나무","heightM":13.0,"crownWidthM":8.0,"rawHeight":13.0,"rawCrownWidth":8.0,"quality":"valid","sourceYear":2013},"geometry":{"type":"Point","coordinates":[126.98287955,37.54360825]}},{"type":"Feature","id":"park-private-4249","properties":{"id":"park-private-4249","dataset":"park-private","gu":"용산구","species":"느티나무","heightM":8.0,"crownWidthM":4.0,"rawHeight":8.0,"rawCrownWidth":4.0,"quality":"valid","sourceYear":2013},"geometry":{"type":"Point","coordinates":[126.98501967,37.54454477]}},{"type":"Feature","id":"park-private-4332","properties":{"id":"park-private-4332","dataset":"park-private","gu":"용산구","species":"느티나무","heightM":8.0,"crownWidthM":7.0,"rawHeight":8.0,"rawCrownWidth":7.0,"quality":"valid","sourceYear":2013},"geometry":{"type":"Point","coordinates":[126.98734832,37.54048018]}},{"type":"Feature","id":"park-private-4352","properties":{"id":"park-private-4352","dataset":"park-private","gu":"용산구","species":"단풍나무","heightM":7.0,"crownWidthM":6.0,"rawHeight":7.0,"rawCrownWidth":6.0,"quality":"valid","sourceYear":2013},"geometry":{"type":"Point","coordinates":[126.9811021,37.54729913]}},{"type":"Feature","id":"park-private-4438","properties":{"id":"park-private-4438","dataset":"park-private","gu":"용산구","species":"오동나무","heightM":10.0,"crownWidthM":8.0,"rawHeight":10.0,"rawCrownWidth":8.0,"quality":"valid","sourceYear":2013},"geometry":{"type":"Point","coordinates":[126.98809095,37.54012078]}},{"type":"Feature","id":"park-private-4541","properties":{"id":"park-private-4541","dataset":"park-private","gu":"용산구","species":"목련","heightM":7.0,"crownWidthM":4.0,"rawHeight":7.0,"rawCrownWidth":4.0,"quality":"valid","sourceYear":2013},"geometry":{"type":"Point","coordinates":[126.98764924,37.54011845]}},{"type":"Feature","id":"park-private-4621","properties":{"id":"park-private-4621","dataset":"park-private","gu":"용산구","species":"향나무","heightM":8.0,"crownWidthM":4.0,"rawHeight":8.0,"rawCrownWidth":4.0,"quality":"valid","sourceYear":2013},"geometry":{"type":"Point","coordinates":[126.98395362,37.54281094]}},{"type":"Feature","id":"park-private-4635","properties":{"id":"park-private-4635","dataset":"park-private","gu":"용산구","species":"은행나무","heightM":12.0,"crownWidthM":10.0,"rawHeight":12.0,"rawCrownWidth":10.0,"quality":"valid","sourceYear":2013},"geometry":{"type":"Point","coordinates":[126.98001226,37.54594278]}},{"type":"Feature","id":"park-private-4644","properties":{"id":"park-private-4644","dataset":"park-private","gu":"용산구","species":"은사시나무","heightM":8.0,"crownWidthM":6.0,"rawHeight":8.0,"rawCrownWidth":6.0,"quality":"valid","sourceYear":2013},"geometry":{"type":"Point","coordinates":[126.98278626,37.5435004]}},{"type":"Feature","id":"park-private-4645","properties":{"id":"park-private-4645","dataset":"park-private","gu":"용산구","species":"양버즘나무","heightM":8.0,"crownWidthM":6.0,"rawHeight":8.0,"rawCrownWidth":6.0,"quality":"valid","sourceYear":2013},"geometry":{"type":"Point","coordinates":[126.98412398,37.54493535]}},{"type":"Feature","id":"park-private-4702","properties":{"id":"park-private-4702","dataset":"park-private","gu":"용산구","species":"양버즘","heightM":10.0,"crownWidthM":7.0,"rawHeight":10.0,"rawCrownWidth":7.0,"quality":"valid","sourceYear":2013},"geometry":{"type":"Point","coordinates":[126.98561154,37.54665663]}},{"type":"Feature","id":"park-private-4706","properties":{"id":"park-private-4706","dataset":"park-private","gu":"용산구","species":"느티나무","heightM":25.0,"crownWidthM":6.0,"rawHeight":25.0,"rawCrownWidth":6.0,"quality":"valid","sourceYear":2013},"geometry":{"type":"Point","coordinates":[126.98976961,37.54320996]}},{"type":"Feature","id":"park-private-4891","properties":{"id":"park-private-4891","dataset":"park-private","gu":"용산구","species":"현사시나무","heightM":10.0,"crownWidthM":8.0,"rawHeight":10.0,"rawCrownWidth":8.0,"quality":"valid","sourceYear":2013},"geometry":{"type":"Point","coordinates":[126.98007866,37.54719879]}},{"type":"Feature","id":"park-private-4892","properties":{"id":"park-private-4892","dataset":"park-private","gu":"용산구","species":"향나무","heightM":7.0,"crownWidthM":6.0,"rawHeight":7.0,"rawCrownWidth":6.0,"quality":"valid","sourceYear":2013},"geometry":{"type":"Point","coordinates":[126.98035525,37.54549974]}},{"type":"Feature","id":"park-private-4893","properties":{"id":"park-private-4893","dataset":"park-private","gu":"용산구","species":"은행나무","heightM":8.0,"crownWidthM":5.0,"rawHeight":8.0,"rawCrownWidth":5.0,"quality":"valid","sourceYear":2013},"geometry":{"type":"Point","coordinates":[126.98392351,37.54263844]}},{"type":"Feature","id":"park-private-4901","properties":{"id":"park-private-4901","dataset":"park-private","gu":"용산구","species":"밤나무","heightM":6.0,"crownWidthM":5.0,"rawHeight":6.0,"rawCrownWidth":5.0,"quality":"valid","sourceYear":2013},"geometry":{"type":"Point","coordinates":[126.98304499,37.54315793]}},{"type":"Feature","id":"park-private-4906","properties":{"id":"park-private-4906","dataset":"park-private","gu":"용산구","species":"아까시나무","heightM":10.0,"crownWidthM":5.0,"rawHeight":10.0,"rawCrownWidth":5.0,"quality":"valid","sourceYear":2013},"geometry":{"type":"Point","coordinates":[126.98970773,37.54403149]}},{"type":"Feature","id":"park-private-5067","properties":{"id":"park-private-5067","dataset":"park-private","gu":"용산구","species":"측백나무","heightM":9.0,"crownWidthM":5.0,"rawHeight":9.0,"rawCrownWidth":5.0,"quality":"valid","sourceYear":2013},"geometry":{"type":"Point","coordinates":[126.98206264,37.54813914]}},{"type":"Feature","id":"park-private-5071","properties":{"id":"park-private-5071","dataset":"park-private","gu":"용산구","species":"아까시나무","heightM":7.0,"crownWidthM":6.0,"rawHeight":7.0,"rawCrownWidth":6.0,"quality":"valid","sourceYear":2013},"geometry":{"type":"Point","coordinates":[126.98282837,37.54335189]}},{"type":"Feature","id":"park-private-5760","properties":{"id":"park-private-5760","dataset":"park-private","gu":"용산구","species":"느티나무","heightM":7.0,"crownWidthM":8.0,"rawHeight":7.0,"rawCrownWidth":8.0,"quality":"valid","sourceYear":2013},"geometry":{"type":"Point","coordinates":[126.9885064,37.54004177]}},{"type":"Feature","id":"park-private-6489","properties":{"id":"park-private-6489","dataset":"park-private","gu":"용산구","species":"버드나무","heightM":14.0,"crownWidthM":7.0,"rawHeight":14.0,"rawCrownWidth":7.0,"quality":"valid","sourceYear":2013},"geometry":{"type":"Point","coordinates":[126.98864973,37.54284875]}},{"type":"Feature","id":"park-private-6667","properties":{"id":"park-private-6667","dataset":"park-private","gu":"용산구","species":"메타세쿼이아","heightM":12.0,"crownWidthM":7.0,"rawHeight":12.0,"rawCrownWidth":7.0,"quality":"valid","sourceYear":2013},"geometry":{"type":"Point","coordinates":[126.98448902,37.5423823]}},{"type":"Feature","id":"park-private-6754","properties":{"id":"park-private-6754","dataset":"park-private","gu":"용산구","species":"오동나무","heightM":7.0,"crownWidthM":7.0,"rawHeight":7.0,"rawCrownWidth":7.0,"quality":"valid","sourceYear":2013},"geometry":{"type":"Point","coordinates":[126.98802485,37.54012079]}},{"type":"Feature","id":"park-private-6771","properties":{"id":"park-private-6771","dataset":"park-private","gu":"용산구","species":"양버즘","heightM":11.0,"crownWidthM":5.0,"rawHeight":11.0,"rawCrownWidth":5.0,"quality":"valid","sourceYear":2013},"geometry":{"type":"Point","coordinates":[126.98560007,37.54681108]}},{"type":"Feature","id":"park-private-6773","properties":{"id":"park-private-6773","dataset":"park-private","gu":"용산구","species":"은행나무","heightM":12.0,"crownWidthM":9.0,"rawHeight":12.0,"rawCrownWidth":9.0,"quality":"valid","sourceYear":2013},"geometry":{"type":"Point","coordinates":[126.98222689,37.54985499]}},{"type":"Feature","id":"park-private-6838","properties":{"id":"park-private-6838","dataset":"park-private","gu":"용산구","species":"버드나무","heightM":14.0,"crownWidthM":7.0,"rawHeight":14.0,"rawCrownWidth":7.0,"quality":"valid","sourceYear":2013},"geometry":{"type":"Point","coordinates":[126.9888302,37.54316962]}},{"type":"Feature","id":"park-private-6841","properties":{"id":"park-private-6841","dataset":"park-private","gu":"용산구","species":"버드나무","heightM":14.0,"crownWidthM":7.0,"rawHeight":14.0,"rawCrownWidth":7.0,"quality":"valid","sourceYear":2013},"geometry":{"type":"Point","coordinates":[126.98858963,37.54265239]}},{"type":"Feature","id":"park-private-6852","properties":{"id":"park-private-6852","dataset":"park-private","gu":"용산구","species":"은행나무","heightM":8.0,"crownWidthM":5.0,"rawHeight":8.0,"rawCrownWidth":5.0,"quality":"valid","sourceYear":2013},"geometry":{"type":"Point","coordinates":[126.98023181,37.54454378]}},{"type":"Feature","id":"park-private-6853","properties":{"id":"park-private-6853","dataset":"park-private","gu":"용산구","species":"아까시나무","heightM":9.0,"crownWidthM":7.0,"rawHeight":9.0,"rawCrownWidth":7.0,"quality":"valid","sourceYear":2013},"geometry":{"type":"Point","coordinates":[126.98284343,37.54345491]}},{"type":"Feature","id":"park-private-6861","properties":{"id":"park-private-6861","dataset":"park-private","gu":"용산구","species":"벗나무","heightM":6.0,"crownWidthM":7.0,"rawHeight":6.0,"rawCrownWidth":7.0,"quality":"valid","sourceYear":2013},"geometry":{"type":"Point","coordinates":[126.98011758,37.54600512]}},{"type":"Feature","id":"park-private-6923","properties":{"id":"park-private-6923","dataset":"park-private","gu":"용산구","species":"느티나무","heightM":7.0,"crownWidthM":8.0,"rawHeight":7.0,"rawCrownWidth":8.0,"quality":"valid","sourceYear":2013},"geometry":{"type":"Point","coordinates":[126.98281049,37.54486358]}},{"type":"Feature","id":"park-private-6924","properties":{"id":"park-private-6924","dataset":"park-private","gu":"용산구","species":"메타세쿼이아","heightM":11.0,"crownWidthM":7.0,"rawHeight":11.0,"rawCrownWidth":7.0,"quality":"valid","sourceYear":2013},"geometry":{"type":"Point","coordinates":[126.98419427,37.54235346]}},{"type":"Feature","id":"park-private-6925","properties":{"id":"park-private-6925","dataset":"park-private","gu":"용산구","species":"느티나무","heightM":7.0,"crownWidthM":6.0,"rawHeight":7.0,"rawCrownWidth":6.0,"quality":"valid","sourceYear":2013},"geometry":{"type":"Point","coordinates":[126.98713506,37.54041074]}},{"type":"Feature","id":"park-private-6927","properties":{"id":"park-private-6927","dataset":"park-private","gu":"용산구","species":"버드나무","heightM":15.0,"crownWidthM":7.0,"rawHeight":15.0,"rawCrownWidth":7.0,"quality":"valid","sourceYear":2013},"geometry":{"type":"Point","coordinates":[126.98888137,37.54321748]}},{"type":"Feature","id":"park-private-6933","properties":{"id":"park-private-6933","dataset":"park-private","gu":"용산구","species":"오동나무","heightM":10.0,"crownWidthM":8.0,"rawHeight":10.0,"rawCrownWidth":8.0,"quality":"valid","sourceYear":2013},"geometry":{"type":"Point","coordinates":[126.98811188,37.54032203]}},{"type":"Feature","id":"park-private-6968","properties":{"id":"park-private-6968","dataset":"park-private","gu":"용산구","species":"편백나무","heightM":10.0,"crownWidthM":5.0,"rawHeight":10.0,"rawCrownWidth":5.0,"quality":"valid","sourceYear":2013},"geometry":{"type":"Point","coordinates":[126.98003633,37.54583978]}},{"type":"Feature","id":"park-private-7031","properties":{"id":"park-private-7031","dataset":"park-private","gu":"용산구","species":"은행나무","heightM":10.0,"crownWidthM":8.0,"rawHeight":10.0,"rawCrownWidth":8.0,"quality":"valid","sourceYear":2013},"geometry":{"type":"Point","coordinates":[126.9830962,37.54509124]}},{"type":"Feature","id":"park-private-7047","properties":{"id":"park-private-7047","dataset":"park-private","gu":"용산구","species":"개잎갈나무","heightM":12.0,"crownWidthM":7.0,"rawHeight":12.0,"rawCrownWidth":7.0,"quality":"valid","sourceYear":2013},"geometry":{"type":"Point","coordinates":[126.98321034,37.54516546]}},{"type":"Feature","id":"park-private-7053","properties":{"id":"park-private-7053","dataset":"park-private","gu":"용산구","species":"느티나무","heightM":29.0,"crownWidthM":8.0,"rawHeight":29.0,"rawCrownWidth":8.0,"quality":"valid","sourceYear":2013},"geometry":{"type":"Point","coordinates":[126.98869157,37.54341387]}},{"type":"Feature","id":"park-private-7057","properties":{"id":"park-private-7057","dataset":"park-private","gu":"용산구","species":"느티나무","heightM":11.0,"crownWidthM":10.0,"rawHeight":11.0,"rawCrownWidth":10.0,"quality":"valid","sourceYear":2013},"geometry":{"type":"Point","coordinates":[126.98529603,37.54680813]}},{"type":"Feature","id":"park-private-7136","properties":{"id":"park-private-7136","dataset":"park-private","gu":"용산구","species":"느티나무","heightM":27.0,"crownWidthM":4.0,"rawHeight":27.0,"rawCrownWidth":4.0,"quality":"valid","sourceYear":2013},"geometry":{"type":"Point","coordinates":[126.98886008,37.54359576]}},{"type":"Feature","id":"park-private-7192","properties":{"id":"park-private-7192","dataset":"park-private","gu":"용산구","species":"밤나무","heightM":7.0,"crownWidthM":8.0,"rawHeight":7.0,"rawCrownWidth":8.0,"quality":"valid","sourceYear":2013},"geometry":{"type":"Point","coordinates":[126.98308711,37.54311962]}},{"type":"Feature","id":"park-private-7217","properties":{"id":"park-private-7217","dataset":"park-private","gu":"용산구","species":"은행나무","heightM":7.0,"crownWidthM":4.0,"rawHeight":7.0,"rawCrownWidth":4.0,"quality":"valid","sourceYear":2013},"geometry":{"type":"Point","coordinates":[126.98841549,37.54180471]}},{"type":"Feature","id":"park-private-7221","properties":{"id":"park-private-7221","dataset":"park-private","gu":"용산구","species":"사시나무","heightM":12.0,"crownWidthM":7.0,"rawHeight":12.0,"rawCrownWidth":7.0,"quality":"valid","sourceYear":2013},"geometry":{"type":"Point","coordinates":[126.98994186,37.54209425]}},{"type":"Feature","id":"park-private-7233","properties":{"id":"park-private-7233","dataset":"park-private","gu":"용산구","species":"수수꽃다리","heightM":5.0,"crownWidthM":4.0,"rawHeight":5.0,"rawCrownWidth":4.0,"quality":"valid","sourceYear":2013},"geometry":{"type":"Point","coordinates":[126.98106791,37.54727491]}},{"type":"Feature","id":"park-private-7237","properties":{"id":"park-private-7237","dataset":"park-private","gu":"용산구","species":"메타세쿼이아","heightM":14.0,"crownWidthM":7.0,"rawHeight":14.0,"rawCrownWidth":7.0,"quality":"valid","sourceYear":2013},"geometry":{"type":"Point","coordinates":[126.98900177,37.54328687]}},{"type":"Feature","id":"park-private-7301","properties":{"id":"park-private-7301","dataset":"park-private","gu":"용산구","species":"은행나무","heightM":10.0,"crownWidthM":6.0,"rawHeight":10.0,"rawCrownWidth":6.0,"quality":"valid","sourceYear":2013},"geometry":{"type":"Point","coordinates":[126.98143918,37.54970321]}},{"type":"Feature","id":"park-private-7332","properties":{"id":"park-private-7332","dataset":"park-private","gu":"용산구","species":"은행나무","heightM":27.0,"crownWidthM":4.0,"rawHeight":27.0,"rawCrownWidth":4.0,"quality":"valid","sourceYear":2013},"geometry":{"type":"Point","coordinates":[126.98876675,37.54356467]}},{"type":"Feature","id":"park-private-7342","properties":{"id":"park-private-7342","dataset":"park-private","gu":"용산구","species":"은행나무","heightM":11.0,"crownWidthM":9.0,"rawHeight":11.0,"rawCrownWidth":9.0,"quality":"valid","sourceYear":2013},"geometry":{"type":"Point","coordinates":[126.98112553,37.54532041]}},{"type":"Feature","id":"park-private-7402","properties":{"id":"park-private-7402","dataset":"park-private","gu":"용산구","species":"대추나무","heightM":7.0,"crownWidthM":5.0,"rawHeight":7.0,"rawCrownWidth":5.0,"quality":"valid","sourceYear":2013},"geometry":{"type":"Point","coordinates":[126.98219919,37.54892369]}},{"type":"Feature","id":"park-private-7404","properties":{"id":"park-private-7404","dataset":"park-private","gu":"용산구","species":"느티나무","heightM":10.0,"crownWidthM":8.0,"rawHeight":10.0,"rawCrownWidth":8.0,"quality":"valid","sourceYear":2013},"geometry":{"type":"Point","coordinates":[126.9852314,37.54684146]}},{"type":"Feature","id":"park-private-7406","properties":{"id":"park-private-7406","dataset":"park-private","gu":"용산구","species":"아까시나무","heightM":8.0,"crownWidthM":7.0,"rawHeight":8.0,"rawCrownWidth":7.0,"quality":"valid","sourceYear":2013},"geometry":{"type":"Point","coordinates":[126.98281032,37.54340938]}},{"type":"Feature","id":"park-private-7408","properties":{"id":"park-private-7408","dataset":"park-private","gu":"용산구","species":"소나무","heightM":8.0,"crownWidthM":5.0,"rawHeight":8.0,"rawCrownWidth":5.0,"quality":"valid","sourceYear":2013},"geometry":{"type":"Point","coordinates":[126.98596504,37.54655962]}},{"type":"Feature","id":"park-private-7487","properties":{"id":"park-private-7487","dataset":"park-private","gu":"용산구","species":"은행나무","heightM":11.0,"crownWidthM":6.0,"rawHeight":11.0,"rawCrownWidth":6.0,"quality":"valid","sourceYear":2013},"geometry":{"type":"Point","coordinates":[126.98197097,37.54889009]}},{"type":"Feature","id":"park-private-7592","properties":{"id":"park-private-7592","dataset":"park-private","gu":"용산구","species":"오동나무","heightM":7.0,"crownWidthM":4.0,"rawHeight":7.0,"rawCrownWidth":4.0,"quality":"valid","sourceYear":2013},"geometry":{"type":"Point","coordinates":[126.98761015,37.54013522]}},{"type":"Feature","id":"park-private-7831","properties":{"id":"park-private-7831","dataset":"park-private","gu":"용산구","species":"튤립나무","heightM":16.0,"crownWidthM":6.0,"rawHeight":16.0,"rawCrownWidth":6.0,"quality":"valid","sourceYear":2013},"geometry":{"type":"Point","coordinates":[126.98383952,37.54865284]}},{"type":"Feature","id":"park-private-7834","properties":{"id":"park-private-7834","dataset":"park-private","gu":"용산구","species":"아까시나무","heightM":7.0,"crownWidthM":5.0,"rawHeight":7.0,"rawCrownWidth":5.0,"quality":"valid","sourceYear":2013},"geometry":{"type":"Point","coordinates":[126.98839144,37.54173766]}},{"type":"Feature","id":"park-private-7857","properties":{"id":"park-private-7857","dataset":"park-private","gu":"용산구","species":"느티나무","heightM":8.0,"crownWidthM":5.0,"rawHeight":8.0,"rawCrownWidth":5.0,"quality":"valid","sourceYear":2013},"geometry":{"type":"Point","coordinates":[126.98484545,37.54443944]}},{"type":"Feature","id":"park-private-7862","properties":{"id":"park-private-7862","dataset":"park-private","gu":"용산구","species":"느티나무","heightM":10.0,"crownWidthM":8.0,"rawHeight":10.0,"rawCrownWidth":8.0,"quality":"valid","sourceYear":2013},"geometry":{"type":"Point","coordinates":[126.98574082,37.54653545]}},{"type":"Feature","id":"park-private-7878","properties":{"id":"park-private-7878","dataset":"park-private","gu":"용산구","species":"느티나무","heightM":8.0,"crownWidthM":5.0,"rawHeight":8.0,"rawCrownWidth":5.0,"quality":"valid","sourceYear":2013},"geometry":{"type":"Point","coordinates":[126.98405891,37.54267683]}},{"type":"Feature","id":"park-private-7896","properties":{"id":"park-private-7896","dataset":"park-private","gu":"용산구","species":"은행나무","heightM":8.0,"crownWidthM":5.0,"rawHeight":8.0,"rawCrownWidth":5.0,"quality":"valid","sourceYear":2013},"geometry":{"type":"Point","coordinates":[126.98386636,37.54279653]}},{"type":"Feature","id":"park-private-7927","properties":{"id":"park-private-7927","dataset":"park-private","gu":"용산구","species":"은행나무","heightM":9.0,"crownWidthM":7.0,"rawHeight":9.0,"rawCrownWidth":7.0,"quality":"valid","sourceYear":2013},"geometry":{"type":"Point","coordinates":[126.98103828,37.54550963]}},{"type":"Feature","id":"park-private-7931","properties":{"id":"park-private-7931","dataset":"park-private","gu":"용산구","species":"소나무","heightM":8.0,"crownWidthM":4.0,"rawHeight":8.0,"rawCrownWidth":4.0,"quality":"valid","sourceYear":2013},"geometry":{"type":"Point","coordinates":[126.98398372,37.54288522]}},{"type":"Feature","id":"park-private-7957","properties":{"id":"park-private-7957","dataset":"park-private","gu":"용산구","species":"은행나무","heightM":9.0,"crownWidthM":10.0,"rawHeight":9.0,"rawCrownWidth":10.0,"quality":"valid","sourceYear":2013},"geometry":{"type":"Point","coordinates":[126.98017174,37.54596921]}},{"type":"Feature","id":"park-private-7962","properties":{"id":"park-private-7962","dataset":"park-private","gu":"용산구","species":"양버즘나무","heightM":7.0,"crownWidthM":4.0,"rawHeight":7.0,"rawCrownWidth":4.0,"quality":"valid","sourceYear":2013},"geometry":{"type":"Point","coordinates":[126.98580732,37.54389557]}},{"type":"Feature","id":"park-private-7970","properties":{"id":"park-private-7970","dataset":"park-private","gu":"용산구","species":"아까시나무","heightM":10.0,"crownWidthM":7.0,"rawHeight":10.0,"rawCrownWidth":7.0,"quality":"valid","sourceYear":2013},"geometry":{"type":"Point","coordinates":[126.98123381,37.54483892]}},{"type":"Feature","id":"park-private-8019","properties":{"id":"park-private-8019","dataset":"park-private","gu":"용산구","species":"미루나무","heightM":11.0,"crownWidthM":6.0,"rawHeight":11.0,"rawCrownWidth":6.0,"quality":"valid","sourceYear":2013},"geometry":{"type":"Point","coordinates":[126.98434579,37.5470022]}},{"type":"Feature","id":"park-private-8048","properties":{"id":"park-private-8048","dataset":"park-private","gu":"용산구","species":"은행나무","heightM":8.0,"crownWidthM":7.0,"rawHeight":8.0,"rawCrownWidth":7.0,"quality":"valid","sourceYear":2013},"geometry":{"type":"Point","coordinates":[126.98109244,37.54539466]}},{"type":"Feature","id":"park-private-8051","properties":{"id":"park-private-8051","dataset":"park-private","gu":"용산구","species":"양버즘","heightM":8.0,"crownWidthM":6.0,"rawHeight":8.0,"rawCrownWidth":6.0,"quality":"valid","sourceYear":2013},"geometry":{"type":"Point","coordinates":[126.98575981,37.54657179]}},{"type":"Feature","id":"park-private-8056","properties":{"id":"park-private-8056","dataset":"park-private","gu":"용산구","species":"메타세쿼이아","heightM":12.0,"crownWidthM":7.0,"rawHeight":12.0,"rawCrownWidth":7.0,"quality":"valid","sourceYear":2013},"geometry":{"type":"Point","coordinates":[126.98428453,37.54237506]}},{"type":"Feature","id":"park-private-8061","properties":{"id":"park-private-8061","dataset":"park-private","gu":"용산구","species":"사시나무","heightM":12.0,"crownWidthM":7.0,"rawHeight":12.0,"rawCrownWidth":7.0,"quality":"valid","sourceYear":2013},"geometry":{"type":"Point","coordinates":[126.98998395,37.54219958]}},{"type":"Feature","id":"park-private-8075","properties":{"id":"park-private-8075","dataset":"park-private","gu":"용산구","species":"느티나무","heightM":7.0,"crownWidthM":8.0,"rawHeight":7.0,"rawCrownWidth":8.0,"quality":"valid","sourceYear":2013},"geometry":{"type":"Point","coordinates":[126.98718011,37.5404299]}},{"type":"Feature","id":"park-private-8084","properties":{"id":"park-private-8084","dataset":"park-private","gu":"용산구","species":"은행나무","heightM":8.0,"crownWidthM":5.0,"rawHeight":8.0,"rawCrownWidth":5.0,"quality":"valid","sourceYear":2013},"geometry":{"type":"Point","coordinates":[126.98036119,37.54449593]}},{"type":"Feature","id":"park-private-8095","properties":{"id":"park-private-8095","dataset":"park-private","gu":"용산구","species":"가중나무","heightM":8.0,"crownWidthM":4.0,"rawHeight":8.0,"rawCrownWidth":4.0,"quality":"valid","sourceYear":2013},"geometry":{"type":"Point","coordinates":[126.98397676,37.54489706]}},{"type":"Feature","id":"park-private-8134","properties":{"id":"park-private-8134","dataset":"park-private","gu":"용산구","species":"은행나무","heightM":23.0,"crownWidthM":4.0,"rawHeight":23.0,"rawCrownWidth":4.0,"quality":"valid","sourceYear":2013},"geometry":{"type":"Point","coordinates":[126.9888781,37.54366996]}},{"type":"Feature","id":"park-private-8176","properties":{"id":"park-private-8176","dataset":"park-private","gu":"용산구","species":"아까시나무","heightM":7.0,"crownWidthM":6.0,"rawHeight":7.0,"rawCrownWidth":6.0,"quality":"valid","sourceYear":2013},"geometry":{"type":"Point","coordinates":[126.98797951,37.54034356]}},{"type":"Feature","id":"park-private-8177","properties":{"id":"park-private-8177","dataset":"park-private","gu":"용산구","species":"버드나무","heightM":14.0,"crownWidthM":7.0,"rawHeight":14.0,"rawCrownWidth":7.0,"quality":"valid","sourceYear":2013},"geometry":{"type":"Point","coordinates":[126.98878206,37.54311694]}},{"type":"Feature","id":"park-private-8208","properties":{"id":"park-private-8208","dataset":"park-private","gu":"용산구","species":"느티나무","heightM":8.0,"crownWidthM":7.0,"rawHeight":8.0,"rawCrownWidth":7.0,"quality":"valid","sourceYear":2013},"geometry":{"type":"Point","coordinates":[126.98398967,37.54241806]}},{"type":"Feature","id":"park-private-8222","properties":{"id":"park-private-8222","dataset":"park-private","gu":"용산구","species":"은행나무","heightM":7.0,"crownWidthM":5.0,"rawHeight":7.0,"rawCrownWidth":5.0,"quality":"valid","sourceYear":2013},"geometry":{"type":"Point","coordinates":[126.98730635,37.54039874]}},{"type":"Feature","id":"park-private-8229","properties":{"id":"park-private-8229","dataset":"park-private","gu":"용산구","species":"튤립나무","heightM":10.0,"crownWidthM":5.0,"rawHeight":10.0,"rawCrownWidth":5.0,"quality":"valid","sourceYear":2013},"geometry":{"type":"Point","coordinates":[126.98502251,37.54653564]}},{"type":"Feature","id":"park-private-8232","properties":{"id":"park-private-8232","dataset":"park-private","gu":"용산구","species":"느티나무","heightM":10.0,"crownWidthM":9.0,"rawHeight":10.0,"rawCrownWidth":9.0,"quality":"valid","sourceYear":2013},"geometry":{"type":"Point","coordinates":[126.98357331,37.54927383]}},{"type":"Feature","id":"park-private-8246","properties":{"id":"park-private-8246","dataset":"park-private","gu":"용산구","species":"가중나무","heightM":10.0,"crownWidthM":8.0,"rawHeight":10.0,"rawCrownWidth":8.0,"quality":"valid","sourceYear":2013},"geometry":{"type":"Point","coordinates":[126.9831563,37.54305975]}},{"type":"Feature","id":"park-private-8249","properties":{"id":"park-private-8249","dataset":"park-private","gu":"용산구","species":"편백나무","heightM":7.0,"crownWidthM":4.0,"rawHeight":7.0,"rawCrownWidth":4.0,"quality":"valid","sourceYear":2013},"geometry":{"type":"Point","coordinates":[126.98004525,37.54448141]}},{"type":"Feature","id":"park-private-8250","properties":{"id":"park-private-8250","dataset":"park-private","gu":"용산구","species":"양버즘나무","heightM":8.0,"crownWidthM":6.0,"rawHeight":8.0,"rawCrownWidth":6.0,"quality":"valid","sourceYear":2013},"geometry":{"type":"Point","coordinates":[126.98388362,37.54488032]}},{"type":"Feature","id":"park-private-8251","properties":{"id":"park-private-8251","dataset":"park-private","gu":"용산구","species":"은행나무","heightM":8.0,"crownWidthM":4.0,"rawHeight":8.0,"rawCrownWidth":4.0,"quality":"valid","sourceYear":2013},"geometry":{"type":"Point","coordinates":[126.98403478,37.54328767]}},{"type":"Feature","id":"park-private-8267","properties":{"id":"park-private-8267","dataset":"park-private","gu":"용산구","species":"은행나무","heightM":26.0,"crownWidthM":4.0,"rawHeight":26.0,"rawCrownWidth":4.0,"quality":"valid","sourceYear":2013},"geometry":{"type":"Point","coordinates":[126.98879689,37.54351678]}},{"type":"Feature","id":"park-private-8285","properties":{"id":"park-private-8285","dataset":"park-private","gu":"용산구","species":"은행나무","heightM":28.0,"crownWidthM":5.0,"rawHeight":28.0,"rawCrownWidth":5.0,"quality":"valid","sourceYear":2013},"geometry":{"type":"Point","coordinates":[126.98880275,37.54380406]}},{"type":"Feature","id":"park-private-8288","properties":{"id":"park-private-8288","dataset":"park-private","gu":"용산구","species":"단풍나무","heightM":5.0,"crownWidthM":6.0,"rawHeight":5.0,"rawCrownWidth":6.0,"quality":"valid","sourceYear":2013},"geometry":{"type":"Point","coordinates":[126.98120978,37.54530607]}},{"type":"Feature","id":"park-private-8310","properties":{"id":"park-private-8310","dataset":"park-private","gu":"용산구","species":"느티나무","heightM":14.0,"crownWidthM":7.0,"rawHeight":14.0,"rawCrownWidth":7.0,"quality":"valid","sourceYear":2013},"geometry":{"type":"Point","coordinates":[126.98985721,37.54270717]}},{"type":"Feature","id":"park-private-8320","properties":{"id":"park-private-8320","dataset":"park-private","gu":"용산구","species":"느티나무","heightM":8.0,"crownWidthM":8.0,"rawHeight":8.0,"rawCrownWidth":8.0,"quality":"valid","sourceYear":2013},"geometry":{"type":"Point","coordinates":[126.98545559,37.54693529]}},{"type":"Feature","id":"park-private-8343","properties":{"id":"park-private-8343","dataset":"park-private","gu":"용산구","species":"아까시나무","heightM":7.0,"crownWidthM":6.0,"rawHeight":7.0,"rawCrownWidth":6.0,"quality":"valid","sourceYear":2013},"geometry":{"type":"Point","coordinates":[126.98791636,37.5403795]}},{"type":"Feature","id":"park-private-8351","properties":{"id":"park-private-8351","dataset":"park-private","gu":"용산구","species":"은행나무","heightM":22.0,"crownWidthM":6.0,"rawHeight":22.0,"rawCrownWidth":6.0,"quality":"valid","sourceYear":2013},"geometry":{"type":"Point","coordinates":[126.98967384,37.54217097]}},{"type":"Feature","id":"park-private-8406","properties":{"id":"park-private-8406","dataset":"park-private","gu":"용산구","species":"아까시나무","heightM":7.0,"crownWidthM":7.0,"rawHeight":7.0,"rawCrownWidth":7.0,"quality":"valid","sourceYear":2013},"geometry":{"type":"Point","coordinates":[126.98817511,37.54031724]}},{"type":"Feature","id":"park-private-8442","properties":{"id":"park-private-8442","dataset":"park-private","gu":"용산구","species":"느티나무","heightM":11.0,"crownWidthM":10.0,"rawHeight":11.0,"rawCrownWidth":10.0,"quality":"valid","sourceYear":2013},"geometry":{"type":"Point","coordinates":[126.98365697,37.54912237]}},{"type":"Feature","id":"park-private-8451","properties":{"id":"park-private-8451","dataset":"park-private","gu":"용산구","species":"느티나무","heightM":7.0,"crownWidthM":4.0,"rawHeight":7.0,"rawCrownWidth":4.0,"quality":"valid","sourceYear":2013},"geometry":{"type":"Point","coordinates":[126.98710806,37.54037002]}},{"type":"Feature","id":"park-private-8511","properties":{"id":"park-private-8511","dataset":"park-private","gu":"용산구","species":"은사시나무","heightM":6.0,"crownWidthM":2.0,"rawHeight":6.0,"rawCrownWidth":2.0,"quality":"valid","sourceYear":2013},"geometry":{"type":"Point","coordinates":[126.98299089,37.54365861]}},{"type":"Feature","id":"park-private-8525","properties":{"id":"park-private-8525","dataset":"park-private","gu":"용산구","species":"버드나무","heightM":14.0,"crownWidthM":7.0,"rawHeight":14.0,"rawCrownWidth":7.0,"quality":"valid","sourceYear":2013},"geometry":{"type":"Point","coordinates":[126.98869784,37.54297806]}},{"type":"Feature","id":"park-private-8540","properties":{"id":"park-private-8540","dataset":"park-private","gu":"용산구","species":"느티나무","heightM":10.0,"crownWidthM":8.0,"rawHeight":10.0,"rawCrownWidth":8.0,"quality":"valid","sourceYear":2013},"geometry":{"type":"Point","coordinates":[126.98354289,37.54933442]}},{"type":"Feature","id":"park-private-8603","properties":{"id":"park-private-8603","dataset":"park-private","gu":"용산구","species":"은행나무","heightM":8.0,"crownWidthM":5.0,"rawHeight":8.0,"rawCrownWidth":5.0,"quality":"valid","sourceYear":2013},"geometry":{"type":"Point","coordinates":[126.98379718,37.54299295]}},{"type":"Feature","id":"park-private-8622","properties":{"id":"park-private-8622","dataset":"park-private","gu":"용산구","species":"가중나무","heightM":7.0,"crownWidthM":6.0,"rawHeight":7.0,"rawCrownWidth":6.0,"quality":"valid","sourceYear":2013},"geometry":{"type":"Point","coordinates":[126.98093694,37.54951231]}},{"type":"Feature","id":"park-private-8626","properties":{"id":"park-private-8626","dataset":"park-private","gu":"용산구","species":"아까시나무","heightM":9.0,"crownWidthM":5.0,"rawHeight":9.0,"rawCrownWidth":5.0,"quality":"valid","sourceYear":2013},"geometry":{"type":"Point","coordinates":[126.98282836,37.5432297]}},{"type":"Feature","id":"park-private-8711","properties":{"id":"park-private-8711","dataset":"park-private","gu":"용산구","species":"소나무","heightM":9.0,"crownWidthM":4.0,"rawHeight":9.0,"rawCrownWidth":4.0,"quality":"valid","sourceYear":2013},"geometry":{"type":"Point","coordinates":[126.98551263,37.54688076]}},{"type":"Feature","id":"park-private-8715","properties":{"id":"park-private-8715","dataset":"park-private","gu":"용산구","species":"양버즘","heightM":11.0,"crownWidthM":6.0,"rawHeight":11.0,"rawCrownWidth":6.0,"quality":"valid","sourceYear":2013},"geometry":{"type":"Point","coordinates":[126.98573692,37.54675048]}},{"type":"Feature","id":"park-private-8737","properties":{"id":"park-private-8737","dataset":"park-private","gu":"용산구","species":"느티나무","heightM":13.0,"crownWidthM":7.0,"rawHeight":13.0,"rawCrownWidth":7.0,"quality":"valid","sourceYear":2013},"geometry":{"type":"Point","coordinates":[126.98387751,37.54872855]}},{"type":"Feature","id":"park-private-8739","properties":{"id":"park-private-8739","dataset":"park-private","gu":"용산구","species":"미루나무","heightM":13.0,"crownWidthM":7.0,"rawHeight":13.0,"rawCrownWidth":7.0,"quality":"valid","sourceYear":2013},"geometry":{"type":"Point","coordinates":[126.98395356,37.54873462]}},{"type":"Feature","id":"park-private-8756","properties":{"id":"park-private-8756","dataset":"park-private","gu":"용산구","species":"버드나무","heightM":11.0,"crownWidthM":7.0,"rawHeight":11.0,"rawCrownWidth":7.0,"quality":"valid","sourceYear":2013},"geometry":{"type":"Point","coordinates":[126.98862869,37.54279367]}},{"type":"Feature","id":"park-private-8759","properties":{"id":"park-private-8759","dataset":"park-private","gu":"용산구","species":"느티나무","heightM":11.0,"crownWidthM":10.0,"rawHeight":11.0,"rawCrownWidth":10.0,"quality":"valid","sourceYear":2013},"geometry":{"type":"Point","coordinates":[126.98362274,37.54916781]}},{"type":"Feature","id":"park-private-8760","properties":{"id":"park-private-8760","dataset":"park-private","gu":"용산구","species":"아까시나무","heightM":8.0,"crownWidthM":5.0,"rawHeight":8.0,"rawCrownWidth":5.0,"quality":"valid","sourceYear":2013},"geometry":{"type":"Point","coordinates":[126.98449622,37.54560104]}},{"type":"Feature","id":"park-private-8774","properties":{"id":"park-private-8774","dataset":"park-private","gu":"용산구","species":"느티나무","heightM":12.0,"crownWidthM":13.0,"rawHeight":12.0,"rawCrownWidth":13.0,"quality":"valid","sourceYear":2013},"geometry":{"type":"Point","coordinates":[126.98105859,37.54863733]}},{"type":"Feature","id":"park-private-8815","properties":{"id":"park-private-8815","dataset":"park-private","gu":"용산구","species":"메타세쿼이아","heightM":15.0,"crownWidthM":7.0,"rawHeight":15.0,"rawCrownWidth":7.0,"quality":"valid","sourceYear":2013},"geometry":{"type":"Point","coordinates":[126.98983295,37.54301123]}},{"type":"Feature","id":"park-private-8845","properties":{"id":"park-private-8845","dataset":"park-private","gu":"용산구","species":"은행나무","heightM":29.0,"crownWidthM":5.0,"rawHeight":29.0,"rawCrownWidth":5.0,"quality":"valid","sourceYear":2013},"geometry":{"type":"Point","coordinates":[126.98889016,37.54364841]}},{"type":"Feature","id":"park-private-8846","properties":{"id":"park-private-8846","dataset":"park-private","gu":"용산구","species":"느티나무","heightM":11.0,"crownWidthM":10.0,"rawHeight":11.0,"rawCrownWidth":10.0,"quality":"valid","sourceYear":2013},"geometry":{"type":"Point","coordinates":[126.98368739,37.54908905]}},{"type":"Feature","id":"park-private-8848","properties":{"id":"park-private-8848","dataset":"park-private","gu":"용산구","species":"단풍나무","heightM":6.0,"crownWidthM":5.0,"rawHeight":6.0,"rawCrownWidth":5.0,"quality":"valid","sourceYear":2013},"geometry":{"type":"Point","coordinates":[126.98098248,37.54934275]}},{"type":"Feature","id":"park-private-8870","properties":{"id":"park-private-8870","dataset":"park-private","gu":"용산구","species":"은사시나무","heightM":8.0,"crownWidthM":6.0,"rawHeight":8.0,"rawCrownWidth":6.0,"quality":"valid","sourceYear":2013},"geometry":{"type":"Point","coordinates":[126.98281636,37.54354354]}},{"type":"Feature","id":"park-private-8880","properties":{"id":"park-private-8880","dataset":"park-private","gu":"용산구","species":"버드나무","heightM":10.0,"crownWidthM":5.0,"rawHeight":10.0,"rawCrownWidth":5.0,"quality":"valid","sourceYear":2013},"geometry":{"type":"Point","coordinates":[126.98985707,37.54491579]}},{"type":"Feature","id":"park-private-8883","properties":{"id":"park-private-8883","dataset":"park-private","gu":"용산구","species":"메타세쿼이아","heightM":12.0,"crownWidthM":7.0,"rawHeight":12.0,"rawCrownWidth":7.0,"quality":"valid","sourceYear":2013},"geometry":{"type":"Point","coordinates":[126.98411906,37.54247322]}},{"type":"Feature","id":"park-private-8897","properties":{"id":"park-private-8897","dataset":"park-private","gu":"용산구","species":"은행나무","heightM":8.0,"crownWidthM":4.0,"rawHeight":8.0,"rawCrownWidth":4.0,"quality":"valid","sourceYear":2013},"geometry":{"type":"Point","coordinates":[126.98381823,37.54293307]}},{"type":"Feature","id":"park-private-8963","properties":{"id":"park-private-8963","dataset":"park-private","gu":"용산구","species":"은행나무","heightM":8.0,"crownWidthM":5.0,"rawHeight":8.0,"rawCrownWidth":5.0,"quality":"valid","sourceYear":2013},"geometry":{"type":"Point","coordinates":[126.98421666,37.54579508]}},{"type":"Feature","id":"park-private-8968","properties":{"id":"park-private-8968","dataset":"park-private","gu":"용산구","species":"양버즘","heightM":9.0,"crownWidthM":6.0,"rawHeight":9.0,"rawCrownWidth":6.0,"quality":"valid","sourceYear":2013},"geometry":{"type":"Point","coordinates":[126.98569138,37.54659604]}},{"type":"Feature","id":"park-private-8992","properties":{"id":"park-private-8992","dataset":"park-private","gu":"용산구","species":"느티나무","heightM":11.0,"crownWidthM":7.0,"rawHeight":11.0,"rawCrownWidth":7.0,"quality":"valid","sourceYear":2013},"geometry":{"type":"Point","coordinates":[126.9859194,37.54667776]}},{"type":"Feature","id":"park-private-8993","properties":{"id":"park-private-8993","dataset":"park-private","gu":"용산구","species":"벗나무","heightM":8.0,"crownWidthM":6.0,"rawHeight":8.0,"rawCrownWidth":6.0,"quality":"valid","sourceYear":2013},"geometry":{"type":"Point","coordinates":[126.98105475,37.54938817]}},{"type":"Feature","id":"park-private-8994","properties":{"id":"park-private-8994","dataset":"park-private","gu":"용산구","species":"느티나무","heightM":7.0,"crownWidthM":6.0,"rawHeight":7.0,"rawCrownWidth":6.0,"quality":"valid","sourceYear":2013},"geometry":{"type":"Point","coordinates":[126.98675691,37.54001796]}},{"type":"Feature","id":"park-private-8998","properties":{"id":"park-private-8998","dataset":"park-private","gu":"용산구","species":"신단풍나무","heightM":8.0,"crownWidthM":5.0,"rawHeight":8.0,"rawCrownWidth":5.0,"quality":"valid","sourceYear":2013},"geometry":{"type":"Point","coordinates":[126.98399272,37.54271274]}},{"type":"Feature","id":"park-private-9006","properties":{"id":"park-private-9006","dataset":"park-private","gu":"용산구","species":"아까시나무","heightM":10.0,"crownWidthM":7.0,"rawHeight":10.0,"rawCrownWidth":7.0,"quality":"valid","sourceYear":2013},"geometry":{"type":"Point","coordinates":[126.98123079,37.54480059]}},{"type":"Feature","id":"park-private-9040","properties":{"id":"park-private-9040","dataset":"park-private","gu":"용산구","species":"목련","heightM":8.0,"crownWidthM":4.0,"rawHeight":8.0,"rawCrownWidth":4.0,"quality":"valid","sourceYear":2013},"geometry":{"type":"Point","coordinates":[126.98461853,37.54132593]}},{"type":"Feature","id":"park-private-9041","properties":{"id":"park-private-9041","dataset":"park-private","gu":"용산구","species":"느티나무","heightM":8.0,"crownWidthM":6.0,"rawHeight":8.0,"rawCrownWidth":6.0,"quality":"valid","sourceYear":2013},"geometry":{"type":"Point","coordinates":[126.98427207,37.5434409]}},{"type":"Feature","id":"park-private-9044","properties":{"id":"park-private-9044","dataset":"park-private","gu":"용산구","species":"편백나무","heightM":7.0,"crownWidthM":4.0,"rawHeight":7.0,"rawCrownWidth":4.0,"quality":"valid","sourceYear":2013},"geometry":{"type":"Point","coordinates":[126.98022879,37.54439764]}},{"type":"Feature","id":"park-private-9090","properties":{"id":"park-private-9090","dataset":"park-private","gu":"용산구","species":"은행나무","heightM":8.0,"crownWidthM":4.0,"rawHeight":8.0,"rawCrownWidth":4.0,"quality":"valid","sourceYear":2013},"geometry":{"type":"Point","coordinates":[126.98401675,37.54243005]}},{"type":"Feature","id":"park-private-9147","properties":{"id":"park-private-9147","dataset":"park-private","gu":"용산구","species":"살구나무","heightM":4.0,"crownWidthM":5.0,"rawHeight":4.0,"rawCrownWidth":5.0,"quality":"valid","sourceYear":2013},"geometry":{"type":"Point","coordinates":[126.98031614,37.54559315]}},{"type":"Feature","id":"park-private-9148","properties":{"id":"park-private-9148","dataset":"park-private","gu":"용산구","species":"은행나무","heightM":27.0,"crownWidthM":6.0,"rawHeight":27.0,"rawCrownWidth":6.0,"quality":"valid","sourceYear":2013},"geometry":{"type":"Point","coordinates":[126.98882988,37.54374181]}},{"type":"Feature","id":"park-private-9151","properties":{"id":"park-private-9151","dataset":"park-private","gu":"용산구","species":"측백나무","heightM":9.0,"crownWidthM":5.0,"rawHeight":9.0,"rawCrownWidth":5.0,"quality":"valid","sourceYear":2013},"geometry":{"type":"Point","coordinates":[126.98391554,37.54878006]}},{"type":"Feature","id":"park-private-9172","properties":{"id":"park-private-9172","dataset":"park-private","gu":"용산구","species":"감나무","heightM":8.0,"crownWidthM":7.0,"rawHeight":8.0,"rawCrownWidth":7.0,"quality":"valid","sourceYear":2013},"geometry":{"type":"Point","coordinates":[126.98150008,37.54975169]}},{"type":"Feature","id":"park-private-9238","properties":{"id":"park-private-9238","dataset":"park-private","gu":"용산구","species":"은행나무","heightM":8.0,"crownWidthM":6.0,"rawHeight":8.0,"rawCrownWidth":6.0,"quality":"valid","sourceYear":2013},"geometry":{"type":"Point","coordinates":[126.98334572,37.54806241]}},{"type":"Feature","id":"park-private-9252","properties":{"id":"park-private-9252","dataset":"park-private","gu":"용산구","species":"아까시나무","heightM":10.0,"crownWidthM":4.0,"rawHeight":10.0,"rawCrownWidth":4.0,"quality":"valid","sourceYear":2013},"geometry":{"type":"Point","coordinates":[126.9899745,37.54429787]}},{"type":"Feature","id":"park-private-9256","properties":{"id":"park-private-9256","dataset":"park-private","gu":"용산구","species":"느티나무","heightM":8.0,"crownWidthM":7.0,"rawHeight":8.0,"rawCrownWidth":7.0,"quality":"valid","sourceYear":2013},"geometry":{"type":"Point","coordinates":[126.98736929,37.54053287]}},{"type":"Feature","id":"park-private-9270","properties":{"id":"park-private-9270","dataset":"park-private","gu":"용산구","species":"가중나무","heightM":8.0,"crownWidthM":6.0,"rawHeight":8.0,"rawCrownWidth":6.0,"quality":"valid","sourceYear":2013},"geometry":{"type":"Point","coordinates":[126.98538855,37.54596479]}},{"type":"Feature","id":"park-private-9271","properties":{"id":"park-private-9271","dataset":"park-private","gu":"용산구","species":"은사시나무","heightM":9.0,"crownWidthM":7.0,"rawHeight":9.0,"rawCrownWidth":7.0,"quality":"valid","sourceYear":2013},"geometry":{"type":"Point","coordinates":[126.98870148,37.54188371]}},{"type":"Feature","id":"park-private-9886","properties":{"id":"park-private-9886","dataset":"park-private","gu":"용산구","species":"느티나무","heightM":23.0,"crownWidthM":6.0,"rawHeight":23.0,"rawCrownWidth":6.0,"quality":"valid","sourceYear":2013},"geometry":{"type":"Point","coordinates":[126.98868837,37.54373707]}},{"type":"Feature","id":"park-private-10057","properties":{"id":"park-private-10057","dataset":"park-private","gu":"용산구","species":"은행나무","heightM":27.0,"crownWidthM":5.0,"rawHeight":27.0,"rawCrownWidth":5.0,"quality":"valid","sourceYear":2013},"geometry":{"type":"Point","coordinates":[126.98876656,37.54389026]}},{"type":"Feature","id":"park-private-10069","properties":{"id":"park-private-10069","dataset":"park-private","gu":"용산구","species":"은행나무","heightM":10.0,"crownWidthM":7.0,"rawHeight":10.0,"rawCrownWidth":7.0,"quality":"valid","sourceYear":2013},"geometry":{"type":"Point","coordinates":[126.98872754,37.54369157]}},{"type":"Feature","id":"park-private-10072","properties":{"id":"park-private-10072","dataset":"park-private","gu":"용산구","species":"은행나무","heightM":11.0,"crownWidthM":6.0,"rawHeight":11.0,"rawCrownWidth":6.0,"quality":"valid","sourceYear":2013},"geometry":{"type":"Point","coordinates":[126.98380148,37.54871039]}},{"type":"Feature","id":"park-private-10251","properties":{"id":"park-private-10251","dataset":"park-private","gu":"용산구","species":"느티나무","heightM":8.0,"crownWidthM":7.0,"rawHeight":8.0,"rawCrownWidth":7.0,"quality":"valid","sourceYear":2013},"geometry":{"type":"Point","coordinates":[126.98735118,37.54060473]}},{"type":"Feature","id":"park-private-10252","properties":{"id":"park-private-10252","dataset":"park-private","gu":"용산구","species":"은행나무","heightM":8.0,"crownWidthM":4.0,"rawHeight":8.0,"rawCrownWidth":4.0,"quality":"valid","sourceYear":2013},"geometry":{"type":"Point","coordinates":[126.98377612,37.5430169]}},{"type":"Feature","id":"park-private-10253","properties":{"id":"park-private-10253","dataset":"park-private","gu":"용산구","species":"양버즘나무","heightM":7.0,"crownWidthM":7.0,"rawHeight":7.0,"rawCrownWidth":7.0,"quality":"valid","sourceYear":2013},"geometry":{"type":"Point","coordinates":[126.98825914,37.54138802]}},{"type":"Feature","id":"park-private-10887","properties":{"id":"park-private-10887","dataset":"park-private","gu":"용산구","species":"아까시나무","heightM":7.0,"crownWidthM":6.0,"rawHeight":7.0,"rawCrownWidth":6.0,"quality":"valid","sourceYear":2013},"geometry":{"type":"Point","coordinates":[126.98794029,37.5404801]}},{"type":"Feature","id":"park-private-11153","properties":{"id":"park-private-11153","dataset":"park-private","gu":"용산구","species":"아까시나무","heightM":8.0,"crownWidthM":5.0,"rawHeight":8.0,"rawCrownWidth":5.0,"quality":"valid","sourceYear":2013},"geometry":{"type":"Point","coordinates":[126.98287951,37.54326806]}},{"type":"Feature","id":"park-private-11154","properties":{"id":"park-private-11154","dataset":"park-private","gu":"용산구","species":"느티나무","heightM":11.0,"crownWidthM":8.0,"rawHeight":11.0,"rawCrownWidth":8.0,"quality":"valid","sourceYear":2013},"geometry":{"type":"Point","coordinates":[126.98359993,37.54922233]}},{"type":"Feature","id":"park-private-11156","properties":{"id":"park-private-11156","dataset":"park-private","gu":"용산구","species":"버드나무","heightM":14.0,"crownWidthM":7.0,"rawHeight":14.0,"rawCrownWidth":7.0,"quality":"valid","sourceYear":2013},"geometry":{"type":"Point","coordinates":[126.98894458,37.54325337]}},{"type":"Feature","id":"park-private-11285","properties":{"id":"park-private-11285","dataset":"park-private","gu":"용산구","species":"아까시나무","heightM":10.0,"crownWidthM":7.0,"rawHeight":10.0,"rawCrownWidth":7.0,"quality":"valid","sourceYear":2013},"geometry":{"type":"Point","coordinates":[126.98286747,37.54320576]}},{"type":"Feature","id":"park-private-11287","properties":{"id":"park-private-11287","dataset":"park-private","gu":"용산구","species":"은행나무","heightM":8.0,"crownWidthM":6.0,"rawHeight":8.0,"rawCrownWidth":6.0,"quality":"valid","sourceYear":2013},"geometry":{"type":"Point","coordinates":[126.98538858,37.54592169]}},{"type":"Feature","id":"park-private-11288","properties":{"id":"park-private-11288","dataset":"park-private","gu":"용산구","species":"칠엽수","heightM":8.0,"crownWidthM":5.0,"rawHeight":8.0,"rawCrownWidth":5.0,"quality":"valid","sourceYear":2013},"geometry":{"type":"Point","coordinates":[126.9839626,37.54247794]}},{"type":"Feature","id":"park-private-11289","properties":{"id":"park-private-11289","dataset":"park-private","gu":"용산구","species":"편백","heightM":8.0,"crownWidthM":2.0,"rawHeight":8.0,"rawCrownWidth":2.0,"quality":"valid","sourceYear":2013},"geometry":{"type":"Point","coordinates":[126.98490727,37.54125652]}},{"type":"Feature","id":"park-private-11290","properties":{"id":"park-private-11290","dataset":"park-private","gu":"용산구","species":"편백","heightM":8.0,"crownWidthM":4.0,"rawHeight":8.0,"rawCrownWidth":4.0,"quality":"valid","sourceYear":2013},"geometry":{"type":"Point","coordinates":[126.98485915,37.54125891]}},{"type":"Feature","id":"park-private-11293","properties":{"id":"park-private-11293","dataset":"park-private","gu":"용산구","species":"아까시나무","heightM":7.0,"crownWidthM":7.0,"rawHeight":7.0,"rawCrownWidth":7.0,"quality":"valid","sourceYear":2013},"geometry":{"type":"Point","coordinates":[126.98824711,37.5413449]}},{"type":"Feature","id":"park-private-11455","properties":{"id":"park-private-11455","dataset":"park-private","gu":"용산구","species":"은행나무","heightM":8.0,"crownWidthM":5.0,"rawHeight":8.0,"rawCrownWidth":5.0,"quality":"valid","sourceYear":2013},"geometry":{"type":"Point","coordinates":[126.98418359,37.54584298]}},{"type":"Feature","id":"park-private-11530","properties":{"id":"park-private-11530","dataset":"park-private","gu":"용산구","species":"은행나무","heightM":23.0,"crownWidthM":5.0,"rawHeight":23.0,"rawCrownWidth":5.0,"quality":"valid","sourceYear":2013},"geometry":{"type":"Point","coordinates":[126.98884194,37.54371068]}},{"type":"Feature","id":"park-private-11531","properties":{"id":"park-private-11531","dataset":"park-private","gu":"용산구","species":"목련","heightM":8.0,"crownWidthM":5.0,"rawHeight":8.0,"rawCrownWidth":5.0,"quality":"valid","sourceYear":2013},"geometry":{"type":"Point","coordinates":[126.98389343,37.54271988]}},{"type":"Feature","id":"park-private-11535","properties":{"id":"park-private-11535","dataset":"park-private","gu":"용산구","species":"아까시나무","heightM":8.0,"crownWidthM":7.0,"rawHeight":8.0,"rawCrownWidth":7.0,"quality":"valid","sourceYear":2013},"geometry":{"type":"Point","coordinates":[126.98285245,37.54338064]}},{"type":"Feature","id":"park-private-11820","properties":{"id":"park-private-11820","dataset":"park-private","gu":"용산구","species":"은향나무","heightM":8.0,"crownWidthM":6.0,"rawHeight":8.0,"rawCrownWidth":6.0,"quality":"valid","sourceYear":2013},"geometry":{"type":"Point","coordinates":[126.98531608,37.54125171]}},{"type":"Feature","id":"park-private-11910","properties":{"id":"park-private-11910","dataset":"park-private","gu":"용산구","species":"느릅나무","heightM":13.0,"crownWidthM":11.0,"rawHeight":13.0,"rawCrownWidth":11.0,"quality":"valid","sourceYear":2013},"geometry":{"type":"Point","coordinates":[126.98116464,37.54524137]}},{"type":"Feature","id":"park-private-12078","properties":{"id":"park-private-12078","dataset":"park-private","gu":"용산구","species":"향나무","heightM":8.0,"crownWidthM":7.0,"rawHeight":8.0,"rawCrownWidth":7.0,"quality":"valid","sourceYear":2013},"geometry":{"type":"Point","coordinates":[126.98489827,37.54119422]}},{"type":"Feature","id":"park-private-12085","properties":{"id":"park-private-12085","dataset":"park-private","gu":"용산구","species":"버드나무","heightM":7.0,"crownWidthM":7.0,"rawHeight":7.0,"rawCrownWidth":7.0,"quality":"valid","sourceYear":2013},"geometry":{"type":"Point","coordinates":[126.98878817,37.5429589]}},{"type":"Feature","id":"park-private-12180","properties":{"id":"park-private-12180","dataset":"park-private","gu":"용산구","species":"은행나무","heightM":11.0,"crownWidthM":7.0,"rawHeight":11.0,"rawCrownWidth":7.0,"quality":"valid","sourceYear":2013},"geometry":{"type":"Point","coordinates":[126.9820128,37.54888714]}},{"type":"Feature","id":"park-private-12252","properties":{"id":"park-private-12252","dataset":"park-private","gu":"용산구","species":"밤나무","heightM":8.0,"crownWidthM":6.0,"rawHeight":8.0,"rawCrownWidth":6.0,"quality":"valid","sourceYear":2013},"geometry":{"type":"Point","coordinates":[126.98427714,37.54750494]}},{"type":"Feature","id":"park-private-12258","properties":{"id":"park-private-12258","dataset":"park-private","gu":"용산구","species":"아까시나무","heightM":10.0,"crownWidthM":6.0,"rawHeight":10.0,"rawCrownWidth":6.0,"quality":"valid","sourceYear":2013},"geometry":{"type":"Point","coordinates":[126.98281633,37.54327522]}},{"type":"Feature","id":"park-private-12276","properties":{"id":"park-private-12276","dataset":"park-private","gu":"용산구","species":"편백나무","heightM":9.0,"crownWidthM":5.0,"rawHeight":9.0,"rawCrownWidth":5.0,"quality":"valid","sourceYear":2013},"geometry":{"type":"Point","coordinates":[126.9800243,37.5458829]}},{"type":"Feature","id":"park-private-12279","properties":{"id":"park-private-12279","dataset":"park-private","gu":"용산구","species":"은행나무","heightM":9.0,"crownWidthM":5.0,"rawHeight":9.0,"rawCrownWidth":5.0,"quality":"valid","sourceYear":2013},"geometry":{"type":"Point","coordinates":[126.98003924,37.54461317]}},{"type":"Feature","id":"park-private-14480","properties":{"id":"park-private-14480","dataset":"park-private","gu":"용산구","species":"측백나무","heightM":9.0,"crownWidthM":5.0,"rawHeight":9.0,"rawCrownWidth":5.0,"quality":"valid","sourceYear":2013},"geometry":{"type":"Point","coordinates":[126.98204356,37.54819063]}},{"type":"Feature","id":"park-private-14707","properties":{"id":"park-private-14707","dataset":"park-private","gu":"용산구","species":"백송","heightM":8.0,"crownWidthM":4.0,"rawHeight":8.0,"rawCrownWidth":4.0,"quality":"valid","sourceYear":2013},"geometry":{"type":"Point","coordinates":[126.98013559,37.54536787]}},{"type":"Feature","id":"park-private-14874","properties":{"id":"park-private-14874","dataset":"park-private","gu":"용산구","species":"은행나무","heightM":8.0,"crownWidthM":7.0,"rawHeight":8.0,"rawCrownWidth":7.0,"quality":"valid","sourceYear":2013},"geometry":{"type":"Point","coordinates":[126.98397167,37.54275825]}},{"type":"Feature","id":"park-private-15055","properties":{"id":"park-private-15055","dataset":"park-private","gu":"용산구","species":"은행나무","heightM":8.0,"crownWidthM":4.0,"rawHeight":8.0,"rawCrownWidth":4.0,"quality":"valid","sourceYear":2013},"geometry":{"type":"Point","coordinates":[126.98378515,37.54305284]}},{"type":"Feature","id":"park-private-162507","properties":{"id":"park-private-162507","dataset":"park-private","gu":"용산구","species":"아까시나무","heightM":7.0,"crownWidthM":6.0,"rawHeight":7.0,"rawCrownWidth":6.0,"quality":"valid","sourceYear":2013},"geometry":{"type":"Point","coordinates":[126.98837642,37.54168737]}},{"type":"Feature","id":"park-private-164290","properties":{"id":"park-private-164290","dataset":"park-private","gu":"용산구","species":"느티나무","heightM":10.0,"crownWidthM":9.0,"rawHeight":10.0,"rawCrownWidth":9.0,"quality":"valid","sourceYear":2013},"geometry":{"type":"Point","coordinates":[126.98351247,37.54944348]}},{"type":"Feature","id":"park-private-164291","properties":{"id":"park-private-164291","dataset":"park-private","gu":"용산구","species":"단풍나무","heightM":6.0,"crownWidthM":4.0,"rawHeight":6.0,"rawCrownWidth":4.0,"quality":"valid","sourceYear":2013},"geometry":{"type":"Point","coordinates":[126.98140497,37.54976375]}},{"type":"Feature","id":"park-private-164293","properties":{"id":"park-private-164293","dataset":"park-private","gu":"용산구","species":"은행나무","heightM":8.0,"crownWidthM":4.0,"rawHeight":8.0,"rawCrownWidth":4.0,"quality":"valid","sourceYear":2013},"geometry":{"type":"Point","coordinates":[126.98375205,37.54304564]}},{"type":"Feature","id":"park-private-164370","properties":{"id":"park-private-164370","dataset":"park-private","gu":"용산구","species":"측백나무","heightM":9.0,"crownWidthM":5.0,"rawHeight":9.0,"rawCrownWidth":5.0,"quality":"valid","sourceYear":2013},"geometry":{"type":"Point","coordinates":[126.98208931,37.54809374]}},{"type":"Feature","id":"park-private-164756","properties":{"id":"park-private-164756","dataset":"park-private","gu":"용산구","species":"느티나무","heightM":10.0,"crownWidthM":8.0,"rawHeight":10.0,"rawCrownWidth":8.0,"quality":"valid","sourceYear":2013},"geometry":{"type":"Point","coordinates":[126.98350106,37.54951012]}},{"type":"Feature","id":"park-private-164759","properties":{"id":"park-private-164759","dataset":"park-private","gu":"용산구","species":"느티나무","heightM":28.0,"crownWidthM":5.0,"rawHeight":28.0,"rawCrownWidth":5.0,"quality":"valid","sourceYear":2013},"geometry":{"type":"Point","coordinates":[126.98878466,37.54384716]}},{"type":"Feature","id":"park-private-164955","properties":{"id":"park-private-164955","dataset":"park-private","gu":"용산구","species":"느티나무","heightM":9.0,"crownWidthM":7.0,"rawHeight":9.0,"rawCrownWidth":7.0,"quality":"valid","sourceYear":2013},"geometry":{"type":"Point","coordinates":[126.98566479,37.54656576]}},{"type":"Feature","id":"park-private-164959","properties":{"id":"park-private-164959","dataset":"park-private","gu":"용산구","species":"측백나무","heightM":8.0,"crownWidthM":4.0,"rawHeight":8.0,"rawCrownWidth":4.0,"quality":"valid","sourceYear":2013},"geometry":{"type":"Point","coordinates":[126.98393256,37.54285166]}},{"type":"Feature","id":"park-private-165139","properties":{"id":"park-private-165139","dataset":"park-private","gu":"용산구","species":"은행나무","heightM":22.0,"crownWidthM":4.0,"rawHeight":22.0,"rawCrownWidth":4.0,"quality":"valid","sourceYear":2013},"geometry":{"type":"Point","coordinates":[126.98881782,37.54377293]}},{"type":"Feature","id":"park-private-165268","properties":{"id":"park-private-165268","dataset":"park-private","gu":"용산구","species":"아까시나무","heightM":7.0,"crownWidthM":5.0,"rawHeight":7.0,"rawCrownWidth":5.0,"quality":"valid","sourceYear":2013},"geometry":{"type":"Point","coordinates":[126.98792232,37.5404298]}},{"type":"Feature","id":"park-private-165626","properties":{"id":"park-private-165626","dataset":"park-private","gu":"용산구","species":"느티나무","heightM":13.0,"crownWidthM":12.0,"rawHeight":13.0,"rawCrownWidth":12.0,"quality":"valid","sourceYear":2013},"geometry":{"type":"Point","coordinates":[126.98129021,37.54878293]}},{"type":"Feature","id":"park-private-165709","properties":{"id":"park-private-165709","dataset":"park-private","gu":"용산구","species":"버드나무","heightM":13.0,"crownWidthM":7.0,"rawHeight":13.0,"rawCrownWidth":7.0,"quality":"valid","sourceYear":2013},"geometry":{"type":"Point","coordinates":[126.98874596,37.54306905]}},{"type":"Feature","id":"park-private-165759","properties":{"id":"park-private-165759","dataset":"park-private","gu":"용산구","species":"은사시나무","heightM":6.0,"crownWidthM":2.0,"rawHeight":6.0,"rawCrownWidth":2.0,"quality":"valid","sourceYear":2013},"geometry":{"type":"Point","coordinates":[126.98310823,37.54367304]}},{"type":"Feature","id":"park-private-165995","properties":{"id":"park-private-165995","dataset":"park-private","gu":"용산구","species":"사시나무","heightM":9.0,"crownWidthM":7.0,"rawHeight":9.0,"rawCrownWidth":7.0,"quality":"valid","sourceYear":2013},"geometry":{"type":"Point","coordinates":[126.98983309,37.54275985]}},{"type":"Feature","id":"park-private-166002","properties":{"id":"park-private-166002","dataset":"park-private","gu":"용산구","species":"현사시나무","heightM":8.0,"crownWidthM":6.0,"rawHeight":8.0,"rawCrownWidth":6.0,"quality":"valid","sourceYear":2013},"geometry":{"type":"Point","coordinates":[126.98218025,37.54895989]}},{"type":"Feature","id":"park-private-166010","properties":{"id":"park-private-166010","dataset":"park-private","gu":"용산구","species":"버드나무","heightM":13.0,"crownWidthM":7.0,"rawHeight":13.0,"rawCrownWidth":7.0,"quality":"valid","sourceYear":2013},"geometry":{"type":"Point","coordinates":[126.9887219,37.54301876]}},{"type":"Feature","id":"park-private-166297","properties":{"id":"park-private-166297","dataset":"park-private","gu":"용산구","species":"은행나무","heightM":30.0,"crownWidthM":5.0,"rawHeight":30.0,"rawCrownWidth":5.0,"quality":"valid","sourceYear":2013},"geometry":{"type":"Point","coordinates":[126.98874847,37.54394294]}},{"type":"Feature","id":"park-private-166308","properties":{"id":"park-private-166308","dataset":"park-private","gu":"용산구","species":"느티나무","heightM":11.0,"crownWidthM":7.0,"rawHeight":11.0,"rawCrownWidth":7.0,"quality":"valid","sourceYear":2013},"geometry":{"type":"Point","coordinates":[126.98983362,37.5418118]}},{"type":"Feature","id":"park-private-166369","properties":{"id":"park-private-166369","dataset":"park-private","gu":"용산구","species":"칠엽수","heightM":8.0,"crownWidthM":5.0,"rawHeight":8.0,"rawCrownWidth":5.0,"quality":"valid","sourceYear":2013},"geometry":{"type":"Point","coordinates":[126.98399871,37.54246598]}},{"type":"Feature","id":"park-private-166371","properties":{"id":"park-private-166371","dataset":"park-private","gu":"용산구","species":"느티나무","heightM":8.0,"crownWidthM":7.0,"rawHeight":8.0,"rawCrownWidth":7.0,"quality":"valid","sourceYear":2013},"geometry":{"type":"Point","coordinates":[126.98966821,37.54147179]}},{"type":"Feature","id":"park-private-166754","properties":{"id":"park-private-166754","dataset":"park-private","gu":"용산구","species":"은사시나무","heightM":7.0,"crownWidthM":3.0,"rawHeight":7.0,"rawCrownWidth":3.0,"quality":"valid","sourceYear":2013},"geometry":{"type":"Point","coordinates":[126.98303903,37.54366582]}},{"type":"Feature","id":"park-private-166819","properties":{"id":"park-private-166819","dataset":"park-private","gu":"용산구","species":"가중나무","heightM":8.0,"crownWidthM":6.0,"rawHeight":8.0,"rawCrownWidth":6.0,"quality":"valid","sourceYear":2013},"geometry":{"type":"Point","coordinates":[126.98358316,37.5448253]}},{"type":"Feature","id":"park-private-167091","properties":{"id":"park-private-167091","dataset":"park-private","gu":"용산구","species":"양버즘","heightM":9.0,"crownWidthM":6.0,"rawHeight":9.0,"rawCrownWidth":6.0,"quality":"valid","sourceYear":2013},"geometry":{"type":"Point","coordinates":[126.98586242,37.54656571]}},{"type":"Feature","id":"park-private-167938","properties":{"id":"park-private-167938","dataset":"park-private","gu":"용산구","species":"아까시나무","heightM":10.0,"crownWidthM":4.0,"rawHeight":10.0,"rawCrownWidth":4.0,"quality":"valid","sourceYear":2013},"geometry":{"type":"Point","coordinates":[126.98986321,37.54418528]}},{"type":"Feature","id":"park-private-169897","properties":{"id":"park-private-169897","dataset":"park-private","gu":"용산구","species":"은행나무","heightM":25.0,"crownWidthM":7.0,"rawHeight":25.0,"rawCrownWidth":7.0,"quality":"valid","sourceYear":2013},"geometry":{"type":"Point","coordinates":[126.98869134,37.54379932]}},{"type":"Feature","id":"park-private-170152","properties":{"id":"park-private-170152","dataset":"park-private","gu":"용산구","species":"은행나무","heightM":8.0,"crownWidthM":4.0,"rawHeight":8.0,"rawCrownWidth":4.0,"quality":"valid","sourceYear":2013},"geometry":{"type":"Point","coordinates":[126.98396561,37.54243482]}},{"type":"Feature","id":"park-private-170360","properties":{"id":"park-private-170360","dataset":"park-private","gu":"용산구","species":"가중나무","heightM":8.0,"crownWidthM":6.0,"rawHeight":8.0,"rawCrownWidth":6.0,"quality":"valid","sourceYear":2013},"geometry":{"type":"Point","coordinates":[126.98364325,37.54483726]}},{"type":"Feature","id":"park-private-170450","properties":{"id":"park-private-170450","dataset":"park-private","gu":"용산구","species":"은행나무","heightM":8.0,"crownWidthM":4.0,"rawHeight":8.0,"rawCrownWidth":4.0,"quality":"valid","sourceYear":2013},"geometry":{"type":"Point","coordinates":[126.98395058,37.54257616]}},{"type":"Feature","id":"park-private-170537","properties":{"id":"park-private-170537","dataset":"park-private","gu":"용산구","species":"측백나무","heightM":10.0,"crownWidthM":4.0,"rawHeight":10.0,"rawCrownWidth":4.0,"quality":"valid","sourceYear":2013},"geometry":{"type":"Point","coordinates":[126.98903566,37.54546171]}},{"type":"Feature","id":"park-private-170569","properties":{"id":"park-private-170569","dataset":"park-private","gu":"용산구","species":"느티나무","heightM":8.0,"crownWidthM":8.0,"rawHeight":8.0,"rawCrownWidth":8.0,"quality":"valid","sourceYear":2013},"geometry":{"type":"Point","coordinates":[126.98394161,37.54298583]}},{"type":"Feature","id":"park-private-170734","properties":{"id":"park-private-170734","dataset":"park-private","gu":"용산구","species":"양버즘","heightM":11.0,"crownWidthM":8.0,"rawHeight":11.0,"rawCrownWidth":8.0,"quality":"valid","sourceYear":2013},"geometry":{"type":"Point","coordinates":[126.98536826,37.54676572]}},{"type":"Feature","id":"park-private-171119","properties":{"id":"park-private-171119","dataset":"park-private","gu":"용산구","species":"느티나무","heightM":10.0,"crownWidthM":8.0,"rawHeight":10.0,"rawCrownWidth":8.0,"quality":"valid","sourceYear":2013},"geometry":{"type":"Point","coordinates":[126.98353148,37.54938895]}},{"type":"Feature","id":"park-private-171121","properties":{"id":"park-private-171121","dataset":"park-private","gu":"용산구","species":"은행나무","heightM":12.0,"crownWidthM":13.0,"rawHeight":12.0,"rawCrownWidth":13.0,"quality":"valid","sourceYear":2013},"geometry":{"type":"Point","coordinates":[126.98013864,37.54594524]}},{"type":"Feature","id":"protected-56","properties":{"id":"protected-56","dataset":"protected","gu":"용산구","species":"소나무","heightM":null,"crownWidthM":null,"rawHeight":0.0,"rawCrownWidth":0.0,"quality":"review","sourceYear":2013},"geometry":{"type":"Point","coordinates":[126.9866143,37.54748479]}},{"type":"Feature","id":"protected-57","properties":{"id":"protected-57","dataset":"protected","gu":"용산구","species":"소나무","heightM":null,"crownWidthM":null,"rawHeight":0.0,"rawCrownWidth":0.0,"quality":"review","sourceYear":2013},"geometry":{"type":"Point","coordinates":[126.98671534,37.54714263]}},{"type":"Feature","id":"protected-59","properties":{"id":"protected-59","dataset":"protected","gu":"용산구","species":"소나무","heightM":null,"crownWidthM":null,"rawHeight":0.0,"rawCrownWidth":0.0,"quality":"review","sourceYear":2013},"geometry":{"type":"Point","coordinates":[126.98618483,37.54688094]}},{"type":"Feature","id":"protected-310","properties":{"id":"protected-310","dataset":"protected","gu":"용산구","species":"소나무","heightM":null,"crownWidthM":null,"rawHeight":0.0,"rawCrownWidth":0.0,"quality":"review","sourceYear":2013},"geometry":{"type":"Point","coordinates":[126.98623536,37.54722311]}}]}