{"type":"FeatureCollection","features":[{"type":"Feature","id":"street-8970","properties":{"id":"street-8970","dataset":"street","gu":"성동구","species":"회화나무","heightM":null,"crownWidthM":null,"rawHeight":0.0,"rawCrownWidth":0.0,"quality":"review","sourceYear":2013},"geometry":{"type":"Point","coordinates":[127.02140058,37.55463108]}},{"type":"Feature","id":"street-8978","properties":{"id":"street-8978","dataset":"street","gu":"성동구","species":"느티나무","heightM":6.0,"crownWidthM":2.0,"rawHeight":6.0,"rawCrownWidth":2.0,"quality":"valid","sourceYear":2013},"geometry":{"type":"Point","coordinates":[127.02772721,37.55657975]}},{"type":"Feature","id":"street-9072","properties":{"id":"street-9072","dataset":"street","gu":"성동구","species":"느티나무","heightM":6.0,"crownWidthM":2.0,"rawHeight":6.0,"rawCrownWidth":2.0,"quality":"valid","sourceYear":2013},"geometry":{"type":"Point","coordinates":[127.02779714,37.55654586]}},{"type":"Feature","id":"street-9079","properties":{"id":"street-9079","dataset":"street","gu":"성동구","species":"회화나무","heightM":6.0,"crownWidthM":2.0,"rawHeight":6.0,"rawCrownWidth":2.0,"quality":"valid","sourceYear":2013},"geometry":{"type":"Point","coordinates":[127.02629306,37.55590419]}},{"type":"Feature","id":"street-9098","properties":{"id":"street-9098","dataset":"street","gu":"성동구","species":"소나무","heightM":9.0,"crownWidthM":2.0,"rawHeight":9.0,"rawCrownWidth":2.0,"quality":"valid","sourceYear":2013},"geometry":{"type":"Point","coordinates":[127.02522543,37.55570001]}},{"type":"Feature","id":"street-9103","properties":{"id":"street-9103","dataset":"street","gu":"성동구","species":"느티나무","heightM":6.0,"crownWidthM":2.0,"rawHeight":6.0,"rawCrownWidth":2.0,"quality":"valid","sourceYear":2013},"geometry":{"type":"Point","coordinates":[127.02690282,37.55618064]}},{"type":"Feature","id":"street-9104","properties":{"id":"street-9104","dataset":"street","gu":"성동구","species":"회화나무","heightM":7.0,"crownWidthM":3.0,"rawHeight":7.0,"rawCrownWidth":3.0,"quality":"valid","sourceYear":2013},"geometry":{"type":"Point","coordinates":[127.02926961,37.55734921]}},{"type":"Feature","id":"street-9162","properties":{"id":"street-9162","dataset":"street","gu":"성동구","species":"느티나무","heightM":7.0,"crownWidthM":3.0,"rawHeight":7.0,"rawCrownWidth":3.0,"quality":"valid","sourceYear":2013},"geometry":{"type":"Point","coordinates":[127.02959208,37.55750165]}},{"type":"Feature","id":"street-9163","properties":{"id":"street-9163","dataset":"street","gu":"성동구","species":"회화나무","heightM":null,"crownWidthM":null,"rawHeight":0.0,"rawCrownWidth":0.0,"quality":"review","sourceYear":2013},"geometry":{"type":"Point","coordinates":[127.02404009,37.55560011]}},{"type":"Feature","id":"street-9164","properties":{"id":"street-9164","dataset":"street","gu":"성동구","species":"단풍나무","heightM":null,"crownWidthM":null,"rawHeight":0.0,"rawCrownWidth":0.0,"quality":"review","sourceYear":2013},"geometry":{"type":"Point","coordinates":[127.02650421,37.55003448]}},{"type":"Feature","id":"street-9171","properties":{"id":"street-9171","dataset":"street","gu":"성동구","species":"소나무","heightM":9.0,"crownWidthM":2.0,"rawHeight":9.0,"rawCrownWidth":2.0,"quality":"valid","sourceYear":2013},"geometry":{"type":"Point","coordinates":[127.02528171,37.55570531]}},{"type":"Feature","id":"street-9173","properties":{"id":"street-9173","dataset":"street","gu":"성동구","species":"회화나무","heightM":6.0,"crownWidthM":2.0,"rawHeight":6.0,"rawCrownWidth":2.0,"quality":"valid","sourceYear":2013},"geometry":{"type":"Point","coordinates":[127.02577621,37.55577431]}},{"type":"Feature","id":"street-9265","properties":{"id":"street-9265","dataset":"street","gu":"성동구","species":"회화나무","heightM":6.0,"crownWidthM":2.0,"rawHeight":6.0,"rawCrownWidth":2.0,"quality":"valid","sourceYear":2013},"geometry":{"type":"Point","coordinates":[127.02652899,37.55600403]}},{"type":"Feature","id":"street-9367","properties":{"id":"street-9367","dataset":"street","gu":"성동구","species":"회화나무","heightM":null,"crownWidthM":null,"rawHeight":0.0,"rawCrownWidth":0.0,"quality":"review","sourceYear":2013},"geometry":{"type":"Point","coordinates":[127.02324559,37.55557833]}},{"type":"Feature","id":"street-9470","properties":{"id":"street-9470","dataset":"street","gu":"성동구","species":"느티나무","heightM":6.0,"crownWidthM":2.0,"rawHeight":6.0,"rawCrownWidth":2.0,"quality":"valid","sourceYear":2013},"geometry":{"type":"Point","coordinates":[127.02758723,37.55643941]}},{"type":"Feature","id":"street-9482","properties":{"id":"street-9482","dataset":"street","gu":"성동구","species":"회화나무","heightM":6.0,"crownWidthM":2.0,"rawHeight":6.0,"rawCrownWidth":2.0,"quality":"valid","sourceYear":2013},"geometry":{"type":"Point","coordinates":[127.02648934,37.55598495]}},{"type":"Feature","id":"street-9677","properties":{"id":"street-9677","dataset":"street","gu":"성동구","species":"회화나무","heightM":6.0,"crownWidthM":2.0,"rawHeight":6.0,"rawCrownWidth":2.0,"quality":"valid","sourceYear":2013},"geometry":{"type":"Point","coordinates":[127.02581549,37.55578089]}},{"type":"Feature","id":"street-9777","properties":{"id":"street-9777","dataset":"street","gu":"성동구","species":"느티나무","heightM":7.0,"crownWidthM":3.0,"rawHeight":7.0,"rawCrownWidth":3.0,"quality":"valid","sourceYear":2013},"geometry":{"type":"Point","coordinates":[127.02886804,37.5571508]}},{"type":"Feature","id":"street-9779","properties":{"id":"street-9779","dataset":"street","gu":"성동구","species":"회화나무","heightM":7.0,"crownWidthM":3.0,"rawHeight":7.0,"rawCrownWidth":3.0,"quality":"valid","sourceYear":2013},"geometry":{"type":"Point","coordinates":[127.02973506,37.55756456]}},{"type":"Feature","id":"street-9875","properties":{"id":"street-9875","dataset":"street","gu":"성동구","species":"회화나무","heightM":6.0,"crownWidthM":3.0,"rawHeight":6.0,"rawCrownWidth":3.0,"quality":"valid","sourceYear":2013},"geometry":{"type":"Point","coordinates":[127.02981637,37.55759987]}},{"type":"Feature","id":"street-9876","properties":{"id":"street-9876","dataset":"street","gu":"성동구","species":"회화나무","heightM":null,"crownWidthM":null,"rawHeight":0.0,"rawCrownWidth":0.0,"quality":"review","sourceYear":2013},"geometry":{"type":"Point","coordinates":[127.02367145,37.55558703]}},{"type":"Feature","id":"street-9878","properties":{"id":"street-9878","dataset":"street","gu":"성동구","species":"회화나무","heightM":null,"crownWidthM":null,"rawHeight":0.0,"rawCrownWidth":0.0,"quality":"review","sourceYear":2013},"geometry":{"type":"Point","coordinates":[127.0221989,37.55527138]}},{"type":"Feature","id":"street-9880","properties":{"id":"street-9880","dataset":"street","gu":"성동구","species":"회화나무","heightM":null,"crownWidthM":null,"rawHeight":0.0,"rawCrownWidth":0.0,"quality":"review","sourceYear":2013},"geometry":{"type":"Point","coordinates":[127.02219888,37.5551138]}},{"type":"Feature","id":"street-10085","properties":{"id":"street-10085","dataset":"street","gu":"성동구","species":"회화나무","heightM":null,"crownWidthM":null,"rawHeight":0.0,"rawCrownWidth":0.0,"quality":"review","sourceYear":2013},"geometry":{"type":"Point","coordinates":[127.02244668,37.55545231]}},{"type":"Feature","id":"street-10268","properties":{"id":"street-10268","dataset":"street","gu":"성동구","species":"회화나무","heightM":6.0,"crownWidthM":2.0,"rawHeight":6.0,"rawCrownWidth":2.0,"quality":"valid","sourceYear":2013},"geometry":{"type":"Point","coordinates":[127.02640441,37.55593865]}},{"type":"Feature","id":"street-12066","properties":{"id":"street-12066","dataset":"street","gu":"성동구","species":"회화나무","heightM":5.0,"crownWidthM":4.0,"rawHeight":5.0,"rawCrownWidth":4.0,"quality":"valid","sourceYear":2013},"geometry":{"type":"Point","coordinates":[127.02466198,37.55764621]}},{"type":"Feature","id":"street-12067","properties":{"id":"street-12067","dataset":"street","gu":"성동구","species":"회화나무","heightM":5.0,"crownWidthM":4.0,"rawHeight":5.0,"rawCrownWidth":4.0,"quality":"valid","sourceYear":2013},"geometry":{"type":"Point","coordinates":[127.02466198,37.55764621]}},{"type":"Feature","id":"street-12068","properties":{"id":"street-12068","dataset":"street","gu":"성동구","species":"회화나무","heightM":5.0,"crownWidthM":4.0,"rawHeight":5.0,"rawCrownWidth":4.0,"quality":"valid","sourceYear":2013},"geometry":{"type":"Point","coordinates":[127.02466198,37.55764621]}},{"type":"Feature","id":"street-12069","properties":{"id":"street-12069","dataset":"street","gu":"성동구","species":"회화나무","heightM":5.0,"crownWidthM":4.0,"rawHeight":5.0,"rawCrownWidth":4.0,"quality":"valid","sourceYear":2013},"geometry":{"type":"Point","coordinates":[127.02466198,37.55764621]}},{"type":"Feature","id":"street-12070","properties":{"id":"street-12070","dataset":"street","gu":"성동구","species":"회화나무","heightM":5.0,"crownWidthM":4.0,"rawHeight":5.0,"rawCrownWidth":4.0,"quality":"valid","sourceYear":2013},"geometry":{"type":"Point","coordinates":[127.02466198,37.55764621]}},{"type":"Feature","id":"street-12071","properties":{"id":"street-12071","dataset":"street","gu":"성동구","species":"회화나무","heightM":5.0,"crownWidthM":4.0,"rawHeight":5.0,"rawCrownWidth":4.0,"quality":"valid","sourceYear":2013},"geometry":{"type":"Point","coordinates":[127.02466198,37.55764621]}},{"type":"Feature","id":"street-12072","properties":{"id":"street-12072","dataset":"street","gu":"성동구","species":"회화나무","heightM":5.0,"crownWidthM":4.0,"rawHeight":5.0,"rawCrownWidth":4.0,"quality":"valid","sourceYear":2013},"geometry":{"type":"Point","coordinates":[127.02466198,37.55764621]}},{"type":"Feature","id":"street-12073","properties":{"id":"street-12073","dataset":"street","gu":"성동구","species":"회화나무","heightM":5.0,"crownWidthM":4.0,"rawHeight":5.0,"rawCrownWidth":4.0,"quality":"valid","sourceYear":2013},"geometry":{"type":"Point","coordinates":[127.02466198,37.55764621]}},{"type":"Feature","id":"street-12074","properties":{"id":"street-12074","dataset":"street","gu":"성동구","species":"회화나무","heightM":5.0,"crownWidthM":4.0,"rawHeight":5.0,"rawCrownWidth":4.0,"quality":"valid","sourceYear":2013},"geometry":{"type":"Point","coordinates":[127.02466198,37.55764621]}},{"type":"Feature","id":"street-12075","properties":{"id":"street-12075","dataset":"street","gu":"성동구","species":"회화나무","heightM":5.0,"crownWidthM":4.0,"rawHeight":5.0,"rawCrownWidth":4.0,"quality":"valid","sourceYear":2013},"geometry":{"type":"Point","coordinates":[127.02466198,37.55764621]}},{"type":"Feature","id":"street-12092","properties":{"id":"street-12092","dataset":"street","gu":"성동구","species":"회화나무","heightM":6.0,"crownWidthM":2.0,"rawHeight":6.0,"rawCrownWidth":2.0,"quality":"valid","sourceYear":2013},"geometry":{"type":"Point","coordinates":[127.02632199,37.55582517]}},{"type":"Feature","id":"street-12094","properties":{"id":"street-12094","dataset":"street","gu":"성동구","species":"소나무","heightM":9.0,"crownWidthM":2.0,"rawHeight":9.0,"rawCrownWidth":2.0,"quality":"valid","sourceYear":2013},"geometry":{"type":"Point","coordinates":[127.02540761,37.55571623]}},{"type":"Feature","id":"street-12233","properties":{"id":"street-12233","dataset":"street","gu":"성동구","species":"회화나무","heightM":null,"crownWidthM":null,"rawHeight":0.0,"rawCrownWidth":0.0,"quality":"review","sourceYear":2013},"geometry":{"type":"Point","coordinates":[127.02156024,37.55465138]}},{"type":"Feature","id":"street-12305","properties":{"id":"street-12305","dataset":"street","gu":"성동구","species":"회화나무","heightM":null,"crownWidthM":null,"rawHeight":0.0,"rawCrownWidth":0.0,"quality":"review","sourceYear":2013},"geometry":{"type":"Point","coordinates":[127.02057683,37.55475318]}},{"type":"Feature","id":"street-12314","properties":{"id":"street-12314","dataset":"street","gu":"성동구","species":"소나무","heightM":9.0,"crownWidthM":2.0,"rawHeight":9.0,"rawCrownWidth":2.0,"quality":"valid","sourceYear":2013},"geometry":{"type":"Point","coordinates":[127.02512913,37.5556955]}},{"type":"Feature","id":"street-12322","properties":{"id":"street-12322","dataset":"street","gu":"성동구","species":"회화나무","heightM":6.0,"crownWidthM":2.0,"rawHeight":6.0,"rawCrownWidth":2.0,"quality":"valid","sourceYear":2013},"geometry":{"type":"Point","coordinates":[127.02645009,37.5559619]}},{"type":"Feature","id":"street-12386","properties":{"id":"street-12386","dataset":"street","gu":"성동구","species":"회화나무","heightM":6.0,"crownWidthM":2.0,"rawHeight":6.0,"rawCrownWidth":2.0,"quality":"valid","sourceYear":2013},"geometry":{"type":"Point","coordinates":[127.0260429,37.55584007]}},{"type":"Feature","id":"street-12421","properties":{"id":"street-12421","dataset":"street","gu":"성동구","species":"느티나무","heightM":8.0,"crownWidthM":2.0,"rawHeight":8.0,"rawCrownWidth":2.0,"quality":"valid","sourceYear":2013},"geometry":{"type":"Point","coordinates":[127.02581961,37.55570352]}},{"type":"Feature","id":"street-12429","properties":{"id":"street-12429","dataset":"street","gu":"성동구","species":"느티나무","heightM":6.0,"crownWidthM":3.0,"rawHeight":6.0,"rawCrownWidth":3.0,"quality":"valid","sourceYear":2013},"geometry":{"type":"Point","coordinates":[127.02578652,37.55569616]}},{"type":"Feature","id":"street-12475","properties":{"id":"street-12475","dataset":"street","gu":"성동구","species":"회화나무","heightM":null,"crownWidthM":null,"rawHeight":0.0,"rawCrownWidth":0.0,"quality":"review","sourceYear":2013},"geometry":{"type":"Point","coordinates":[127.02226911,37.55494097]}},{"type":"Feature","id":"street-12483","properties":{"id":"street-12483","dataset":"street","gu":"성동구","species":"회화나무","heightM":6.0,"crownWidthM":2.0,"rawHeight":6.0,"rawCrownWidth":2.0,"quality":"valid","sourceYear":2013},"geometry":{"type":"Point","coordinates":[127.02637984,37.55593062]}},{"type":"Feature","id":"street-12508","properties":{"id":"street-12508","dataset":"street","gu":"성동구","species":"느티나무","heightM":9.0,"crownWidthM":2.0,"rawHeight":9.0,"rawCrownWidth":2.0,"quality":"valid","sourceYear":2013},"geometry":{"type":"Point","coordinates":[127.02687366,37.55608044]}},{"type":"Feature","id":"street-12590","properties":{"id":"street-12590","dataset":"street","gu":"성동구","species":"느티나무","heightM":8.0,"crownWidthM":2.0,"rawHeight":8.0,"rawCrownWidth":2.0,"quality":"valid","sourceYear":2013},"geometry":{"type":"Point","coordinates":[127.0258713,37.55571338]}},{"type":"Feature","id":"street-12601","properties":{"id":"street-12601","dataset":"street","gu":"성동구","species":"회화나무","heightM":null,"crownWidthM":null,"rawHeight":0.0,"rawCrownWidth":0.0,"quality":"review","sourceYear":2013},"geometry":{"type":"Point","coordinates":[127.02343816,37.55557918]}},{"type":"Feature","id":"street-12652","properties":{"id":"street-12652","dataset":"street","gu":"성동구","species":"양버즘나무","heightM":10.0,"crownWidthM":3.0,"rawHeight":10.0,"rawCrownWidth":3.0,"quality":"valid","sourceYear":2013},"geometry":{"type":"Point","coordinates":[127.02346525,37.55310941]}},{"type":"Feature","id":"street-12654","properties":{"id":"street-12654","dataset":"street","gu":"성동구","species":"양버즘나무","heightM":11.0,"crownWidthM":4.0,"rawHeight":11.0,"rawCrownWidth":4.0,"quality":"valid","sourceYear":2013},"geometry":{"type":"Point","coordinates":[127.0232745,37.55318011]}},{"type":"Feature","id":"street-12655","properties":{"id":"street-12655","dataset":"street","gu":"성동구","species":"양버즘나무","heightM":9.0,"crownWidthM":4.0,"rawHeight":9.0,"rawCrownWidth":4.0,"quality":"valid","sourceYear":2013},"geometry":{"type":"Point","coordinates":[127.02568836,37.55109799]}},{"type":"Feature","id":"street-12680","properties":{"id":"street-12680","dataset":"street","gu":"성동구","species":"느티나무","heightM":6.0,"crownWidthM":2.0,"rawHeight":6.0,"rawCrownWidth":2.0,"quality":"valid","sourceYear":2013},"geometry":{"type":"Point","coordinates":[127.02680134,37.55613312]}},{"type":"Feature","id":"street-12697","properties":{"id":"street-12697","dataset":"street","gu":"성동구","species":"회화나무","heightM":6.0,"crownWidthM":2.0,"rawHeight":6.0,"rawCrownWidth":2.0,"quality":"valid","sourceYear":2013},"geometry":{"type":"Point","coordinates":[127.02608424,37.55576599]}},{"type":"Feature","id":"street-12703","properties":{"id":"street-12703","dataset":"street","gu":"성동구","species":"회화나무","heightM":6.0,"crownWidthM":2.0,"rawHeight":6.0,"rawCrownWidth":2.0,"quality":"valid","sourceYear":2013},"geometry":{"type":"Point","coordinates":[127.02642529,37.55595202]}},{"type":"Feature","id":"street-12746","properties":{"id":"street-12746","dataset":"street","gu":"성동구","species":"회화나무","heightM":5.0,"crownWidthM":4.0,"rawHeight":5.0,"rawCrownWidth":4.0,"quality":"valid","sourceYear":2013},"geometry":{"type":"Point","coordinates":[127.02466198,37.55764621]}},{"type":"Feature","id":"street-12747","properties":{"id":"street-12747","dataset":"street","gu":"성동구","species":"회화나무","heightM":5.0,"crownWidthM":4.0,"rawHeight":5.0,"rawCrownWidth":4.0,"quality":"valid","sourceYear":2013},"geometry":{"type":"Point","coordinates":[127.02466198,37.55764621]}},{"type":"Feature","id":"street-12748","properties":{"id":"street-12748","dataset":"street","gu":"성동구","species":"회화나무","heightM":5.0,"crownWidthM":4.0,"rawHeight":5.0,"rawCrownWidth":4.0,"quality":"valid","sourceYear":2013},"geometry":{"type":"Point","coordinates":[127.02466198,37.55764621]}},{"type":"Feature","id":"street-12760","properties":{"id":"street-12760","dataset":"street","gu":"성동구","species":"단풍나무","heightM":null,"crownWidthM":null,"rawHeight":0.0,"rawCrownWidth":0.0,"quality":"review","sourceYear":2013},"geometry":{"type":"Point","coordinates":[127.02633917,37.55036628]}},{"type":"Feature","id":"street-12779","properties":{"id":"street-12779","dataset":"street","gu":"성동구","species":"단풍나무","heightM":null,"crownWidthM":null,"rawHeight":0.0,"rawCrownWidth":0.0,"quality":"review","sourceYear":2013},"geometry":{"type":"Point","coordinates":[127.02642562,37.55019725]}},{"type":"Feature","id":"street-12797","properties":{"id":"street-12797","dataset":"street","gu":"성동구","species":"느티나무","heightM":9.0,"crownWidthM":2.0,"rawHeight":9.0,"rawCrownWidth":2.0,"quality":"valid","sourceYear":2013},"geometry":{"type":"Point","coordinates":[127.02545162,37.55564437]}},{"type":"Feature","id":"street-12801","properties":{"id":"street-12801","dataset":"street","gu":"성동구","species":"회화나무","heightM":6.0,"crownWidthM":2.0,"rawHeight":6.0,"rawCrownWidth":2.0,"quality":"valid","sourceYear":2013},"geometry":{"type":"Point","coordinates":[127.02626412,37.55589432]}},{"type":"Feature","id":"street-12950","properties":{"id":"street-12950","dataset":"street","gu":"성동구","species":"양버즘나무","heightM":9.0,"crownWidthM":3.0,"rawHeight":9.0,"rawCrownWidth":3.0,"quality":"valid","sourceYear":2013},"geometry":{"type":"Point","coordinates":[127.02188277,37.55348403]}},{"type":"Feature","id":"street-12952","properties":{"id":"street-12952","dataset":"street","gu":"성동구","species":"느릅나무","heightM":7.0,"crownWidthM":8.0,"rawHeight":7.0,"rawCrownWidth":8.0,"quality":"valid","sourceYear":2013},"geometry":{"type":"Point","coordinates":[127.02565591,37.55122115]}},{"type":"Feature","id":"street-12990","properties":{"id":"street-12990","dataset":"street","gu":"성동구","species":"느티나무","heightM":6.0,"crownWidthM":2.0,"rawHeight":6.0,"rawCrownWidth":2.0,"quality":"valid","sourceYear":2013},"geometry":{"type":"Point","coordinates":[127.02764508,37.55653862]}},{"type":"Feature","id":"street-12993","properties":{"id":"street-12993","dataset":"street","gu":"성동구","species":"회화나무","heightM":6.0,"crownWidthM":2.0,"rawHeight":6.0,"rawCrownWidth":2.0,"quality":"valid","sourceYear":2013},"geometry":{"type":"Point","coordinates":[127.02596751,37.55582199]}},{"type":"Feature","id":"street-13002","properties":{"id":"street-13002","dataset":"street","gu":"성동구","species":"회화나무","heightM":null,"crownWidthM":null,"rawHeight":0.0,"rawCrownWidth":0.0,"quality":"review","sourceYear":2013},"geometry":{"type":"Point","coordinates":[127.02223079,37.55482406]}},{"type":"Feature","id":"street-13028","properties":{"id":"street-13028","dataset":"street","gu":"성동구","species":"양버즘나무","heightM":9.0,"crownWidthM":4.0,"rawHeight":9.0,"rawCrownWidth":4.0,"quality":"valid","sourceYear":2013},"geometry":{"type":"Point","coordinates":[127.0256745,37.55115903]}},{"type":"Feature","id":"street-13030","properties":{"id":"street-13030","dataset":"street","gu":"성동구","species":"양버즘나무","heightM":null,"crownWidthM":4.0,"rawHeight":0.0,"rawCrownWidth":4.0,"quality":"review","sourceYear":2013},"geometry":{"type":"Point","coordinates":[127.02338088,37.5531442]}},{"type":"Feature","id":"street-13031","properties":{"id":"street-13031","dataset":"street","gu":"성동구","species":"양버즘나무","heightM":9.0,"crownWidthM":3.0,"rawHeight":9.0,"rawCrownWidth":3.0,"quality":"valid","sourceYear":2013},"geometry":{"type":"Point","coordinates":[127.02194562,37.55346869]}},{"type":"Feature","id":"street-13032","properties":{"id":"street-13032","dataset":"street","gu":"성동구","species":"양버즘나무","heightM":9.0,"crownWidthM":4.0,"rawHeight":9.0,"rawCrownWidth":4.0,"quality":"valid","sourceYear":2013},"geometry":{"type":"Point","coordinates":[127.02607392,37.55024448]}},{"type":"Feature","id":"street-13033","properties":{"id":"street-13033","dataset":"street","gu":"성동구","species":"양버즘나무","heightM":8.0,"crownWidthM":4.0,"rawHeight":8.0,"rawCrownWidth":4.0,"quality":"valid","sourceYear":2013},"geometry":{"type":"Point","coordinates":[127.02553059,37.55171484]}},{"type":"Feature","id":"street-13034","properties":{"id":"street-13034","dataset":"street","gu":"성동구","species":"양버즘나무","heightM":9.0,"crownWidthM":3.0,"rawHeight":9.0,"rawCrownWidth":3.0,"quality":"valid","sourceYear":2013},"geometry":{"type":"Point","coordinates":[127.02178799,37.55351027]}},{"type":"Feature","id":"street-13035","properties":{"id":"street-13035","dataset":"street","gu":"성동구","species":"양버즘나무","heightM":9.0,"crownWidthM":3.0,"rawHeight":9.0,"rawCrownWidth":3.0,"quality":"valid","sourceYear":2013},"geometry":{"type":"Point","coordinates":[127.02532974,37.55214435]}},{"type":"Feature","id":"street-13041","properties":{"id":"street-13041","dataset":"street","gu":"성동구","species":"가중나무","heightM":8.0,"crownWidthM":3.0,"rawHeight":8.0,"rawCrownWidth":3.0,"quality":"valid","sourceYear":2013},"geometry":{"type":"Point","coordinates":[127.02163294,37.55355425]}},{"type":"Feature","id":"street-13042","properties":{"id":"street-13042","dataset":"street","gu":"성동구","species":"양버즘나무","heightM":9.0,"crownWidthM":2.0,"rawHeight":9.0,"rawCrownWidth":2.0,"quality":"valid","sourceYear":2013},"geometry":{"type":"Point","coordinates":[127.0217054,37.55353327]}},{"type":"Feature","id":"street-13044","properties":{"id":"street-13044","dataset":"street","gu":"성동구","species":"양버즘나무","heightM":7.0,"crownWidthM":3.0,"rawHeight":7.0,"rawCrownWidth":3.0,"quality":"valid","sourceYear":2013},"geometry":{"type":"Point","coordinates":[127.02555532,37.55162644]}},{"type":"Feature","id":"street-13077","properties":{"id":"street-13077","dataset":"street","gu":"성동구","species":"회화나무","heightM":6.0,"crownWidthM":2.0,"rawHeight":6.0,"rawCrownWidth":2.0,"quality":"valid","sourceYear":2013},"geometry":{"type":"Point","coordinates":[127.02618555,37.5558713]}},{"type":"Feature","id":"street-13095","properties":{"id":"street-13095","dataset":"street","gu":"성동구","species":"느티나무","heightM":8.0,"crownWidthM":2.0,"rawHeight":8.0,"rawCrownWidth":2.0,"quality":"valid","sourceYear":2013},"geometry":{"type":"Point","coordinates":[127.02552604,37.55565423]}},{"type":"Feature","id":"street-13163","properties":{"id":"street-13163","dataset":"street","gu":"성동구","species":"느티나무","heightM":6.0,"crownWidthM":2.0,"rawHeight":6.0,"rawCrownWidth":2.0,"quality":"valid","sourceYear":2013},"geometry":{"type":"Point","coordinates":[127.02709143,37.5562774]}},{"type":"Feature","id":"street-13186","properties":{"id":"street-13186","dataset":"street","gu":"성동구","species":"느티나무","heightM":6.0,"crownWidthM":2.0,"rawHeight":6.0,"rawCrownWidth":2.0,"quality":"valid","sourceYear":2013},"geometry":{"type":"Point","coordinates":[127.02673935,37.55610513]}},{"type":"Feature","id":"street-13295","properties":{"id":"street-13295","dataset":"street","gu":"성동구","species":"단풍나무","heightM":null,"crownWidthM":null,"rawHeight":0.0,"rawCrownWidth":0.0,"quality":"review","sourceYear":2013},"geometry":{"type":"Point","coordinates":[127.02647282,37.55027863]}},{"type":"Feature","id":"street-13339","properties":{"id":"street-13339","dataset":"street","gu":"성동구","species":"양버즘나무","heightM":9.0,"crownWidthM":3.0,"rawHeight":9.0,"rawCrownWidth":3.0,"quality":"valid","sourceYear":2013},"geometry":{"type":"Point","coordinates":[127.02410013,37.55286208]}},{"type":"Feature","id":"street-13341","properties":{"id":"street-13341","dataset":"street","gu":"성동구","species":"양버즘나무","heightM":10.0,"crownWidthM":2.0,"rawHeight":10.0,"rawCrownWidth":2.0,"quality":"valid","sourceYear":2013},"geometry":{"type":"Point","coordinates":[127.02426094,37.55279774]}},{"type":"Feature","id":"street-13343","properties":{"id":"street-13343","dataset":"street","gu":"성동구","species":"양버즘나무","heightM":10.0,"crownWidthM":4.0,"rawHeight":10.0,"rawCrownWidth":4.0,"quality":"valid","sourceYear":2013},"geometry":{"type":"Point","coordinates":[127.02350577,37.55298538]}},{"type":"Feature","id":"street-13376","properties":{"id":"street-13376","dataset":"street","gu":"성동구","species":"회화나무","heightM":null,"crownWidthM":null,"rawHeight":0.0,"rawCrownWidth":0.0,"quality":"review","sourceYear":2013},"geometry":{"type":"Point","coordinates":[127.02050016,37.55474296]}},{"type":"Feature","id":"street-13419","properties":{"id":"street-13419","dataset":"street","gu":"성동구","species":"양버즘나무","heightM":10.0,"crownWidthM":2.0,"rawHeight":10.0,"rawCrownWidth":2.0,"quality":"valid","sourceYear":2013},"geometry":{"type":"Point","coordinates":[127.02597374,37.55046255]}},{"type":"Feature","id":"street-13425","properties":{"id":"street-13425","dataset":"street","gu":"성동구","species":"4","heightM":null,"crownWidthM":null,"rawHeight":0.0,"rawCrownWidth":0.0,"quality":"review","sourceYear":2013},"geometry":{"type":"Point","coordinates":[127.02149001,37.55361158]}},{"type":"Feature","id":"street-13429","properties":{"id":"street-13429","dataset":"street","gu":"성동구","species":"양버즘나무","heightM":9.0,"crownWidthM":4.0,"rawHeight":9.0,"rawCrownWidth":4.0,"quality":"valid","sourceYear":2013},"geometry":{"type":"Point","coordinates":[127.02121123,37.55375208]}},{"type":"Feature","id":"street-13432","properties":{"id":"street-13432","dataset":"street","gu":"성동구","species":"양버즘나무","heightM":10.0,"crownWidthM":3.0,"rawHeight":10.0,"rawCrownWidth":3.0,"quality":"valid","sourceYear":2013},"geometry":{"type":"Point","coordinates":[127.02378645,37.55298455]}},{"type":"Feature","id":"street-13467","properties":{"id":"street-13467","dataset":"street","gu":"성동구","species":"느티나무","heightM":7.0,"crownWidthM":3.0,"rawHeight":7.0,"rawCrownWidth":3.0,"quality":"valid","sourceYear":2013},"geometry":{"type":"Point","coordinates":[127.02890759,37.55717016]}},{"type":"Feature","id":"street-13482","properties":{"id":"street-13482","dataset":"street","gu":"성동구","species":"단풍나무","heightM":null,"crownWidthM":null,"rawHeight":0.0,"rawCrownWidth":0.0,"quality":"review","sourceYear":2013},"geometry":{"type":"Point","coordinates":[127.02629987,37.55042888]}},{"type":"Feature","id":"street-13554","properties":{"id":"street-13554","dataset":"street","gu":"성동구","species":"회화나무","heightM":null,"crownWidthM":null,"rawHeight":0.0,"rawCrownWidth":0.0,"quality":"review","sourceYear":2013},"geometry":{"type":"Point","coordinates":[127.02210948,37.55512906]}},{"type":"Feature","id":"street-13654","properties":{"id":"street-13654","dataset":"street","gu":"성동구","species":"회화나무","heightM":6.0,"crownWidthM":2.0,"rawHeight":6.0,"rawCrownWidth":2.0,"quality":"valid","sourceYear":2013},"geometry":{"type":"Point","coordinates":[127.02646822,37.55597255]}},{"type":"Feature","id":"street-13675","properties":{"id":"street-13675","dataset":"street","gu":"성동구","species":"느티나무","heightM":7.0,"crownWidthM":3.0,"rawHeight":7.0,"rawCrownWidth":3.0,"quality":"valid","sourceYear":2013},"geometry":{"type":"Point","coordinates":[127.02882545,37.55713387]}},{"type":"Feature","id":"street-13676","properties":{"id":"street-13676","dataset":"street","gu":"성동구","species":"느티나무","heightM":8.0,"crownWidthM":2.0,"rawHeight":8.0,"rawCrownWidth":2.0,"quality":"valid","sourceYear":2013},"geometry":{"type":"Point","coordinates":[127.02589611,37.5557216]}},{"type":"Feature","id":"street-13687","properties":{"id":"street-13687","dataset":"street","gu":"성동구","species":"회화나무","heightM":6.0,"crownWidthM":3.0,"rawHeight":6.0,"rawCrownWidth":3.0,"quality":"valid","sourceYear":2013},"geometry":{"type":"Point","coordinates":[127.02818114,37.55674759]}},{"type":"Feature","id":"street-13725","properties":{"id":"street-13725","dataset":"street","gu":"성동구","species":"느티나무","heightM":8.0,"crownWidthM":2.0,"rawHeight":8.0,"rawCrownWidth":2.0,"quality":"valid","sourceYear":2013},"geometry":{"type":"Point","coordinates":[127.02562541,37.55566165]}},{"type":"Feature","id":"street-13745","properties":{"id":"street-13745","dataset":"street","gu":"성동구","species":"회화나무","heightM":6.0,"crownWidthM":2.0,"rawHeight":6.0,"rawCrownWidth":2.0,"quality":"valid","sourceYear":2013},"geometry":{"type":"Point","coordinates":[127.0263158,37.55591077]}},{"type":"Feature","id":"street-13851","properties":{"id":"street-13851","dataset":"street","gu":"성동구","species":"느티나무","heightM":8.0,"crownWidthM":2.0,"rawHeight":8.0,"rawCrownWidth":2.0,"quality":"valid","sourceYear":2013},"geometry":{"type":"Point","coordinates":[127.02537926,37.55563617]}},{"type":"Feature","id":"street-13852","properties":{"id":"street-13852","dataset":"street","gu":"성동구","species":"느티나무","heightM":9.0,"crownWidthM":2.0,"rawHeight":9.0,"rawCrownWidth":2.0,"quality":"valid","sourceYear":2013},"geometry":{"type":"Point","coordinates":[127.0256968,37.55567247]}},{"type":"Feature","id":"street-13853","properties":{"id":"street-13853","dataset":"street","gu":"성동구","species":"단풍나무","heightM":null,"crownWidthM":null,"rawHeight":0.0,"rawCrownWidth":0.0,"quality":"review","sourceYear":2013},"geometry":{"type":"Point","coordinates":[127.02631562,37.55053531]}},{"type":"Feature","id":"street-13876","properties":{"id":"street-13876","dataset":"street","gu":"성동구","species":"회화나무","heightM":null,"crownWidthM":null,"rawHeight":0.0,"rawCrownWidth":0.0,"quality":"review","sourceYear":2013},"geometry":{"type":"Point","coordinates":[127.02391684,37.55559225]}},{"type":"Feature","id":"street-13922","properties":{"id":"street-13922","dataset":"street","gu":"성동구","species":"회화나무","heightM":6.0,"crownWidthM":2.0,"rawHeight":6.0,"rawCrownWidth":2.0,"quality":"valid","sourceYear":2013},"geometry":{"type":"Point","coordinates":[127.02593333,37.55581048]}},{"type":"Feature","id":"street-13930","properties":{"id":"street-13930","dataset":"street","gu":"성동구","species":"회화나무","heightM":6.0,"crownWidthM":2.0,"rawHeight":6.0,"rawCrownWidth":2.0,"quality":"valid","sourceYear":2013},"geometry":{"type":"Point","coordinates":[127.02602223,37.5558335]}},{"type":"Feature","id":"street-13934","properties":{"id":"street-13934","dataset":"street","gu":"성동구","species":"회화나무","heightM":null,"crownWidthM":null,"rawHeight":0.0,"rawCrownWidth":0.0,"quality":"review","sourceYear":2013},"geometry":{"type":"Point","coordinates":[127.0221031,37.55520022]}},{"type":"Feature","id":"street-13985","properties":{"id":"street-13985","dataset":"street","gu":"성동구","species":"회화나무","heightM":7.0,"crownWidthM":3.0,"rawHeight":7.0,"rawCrownWidth":3.0,"quality":"valid","sourceYear":2013},"geometry":{"type":"Point","coordinates":[127.02921789,37.55731776]}},{"type":"Feature","id":"street-13986","properties":{"id":"street-13986","dataset":"street","gu":"성동구","species":"소나무","heightM":9.0,"crownWidthM":2.0,"rawHeight":9.0,"rawCrownWidth":2.0,"quality":"valid","sourceYear":2013},"geometry":{"type":"Point","coordinates":[127.02546817,37.55572009]}},{"type":"Feature","id":"street-13994","properties":{"id":"street-13994","dataset":"street","gu":"성동구","species":"느티나무","heightM":6.0,"crownWidthM":2.0,"rawHeight":6.0,"rawCrownWidth":2.0,"quality":"valid","sourceYear":2013},"geometry":{"type":"Point","coordinates":[127.02676828,37.55611995]}},{"type":"Feature","id":"street-13995","properties":{"id":"street-13995","dataset":"street","gu":"성동구","species":"느티나무","heightM":8.0,"crownWidthM":2.0,"rawHeight":8.0,"rawCrownWidth":2.0,"quality":"valid","sourceYear":2013},"geometry":{"type":"Point","coordinates":[127.02572244,37.55568051]}},{"type":"Feature","id":"street-14001","properties":{"id":"street-14001","dataset":"street","gu":"성동구","species":"회화나무","heightM":null,"crownWidthM":null,"rawHeight":0.0,"rawCrownWidth":0.0,"quality":"review","sourceYear":2013},"geometry":{"type":"Point","coordinates":[127.0246035,37.55562105]}},{"type":"Feature","id":"street-14105","properties":{"id":"street-14105","dataset":"street","gu":"성동구","species":"느티나무","heightM":9.0,"crownWidthM":2.0,"rawHeight":9.0,"rawCrownWidth":2.0,"quality":"valid","sourceYear":2013},"geometry":{"type":"Point","coordinates":[127.02541234,37.55564109]}},{"type":"Feature","id":"street-14123","properties":{"id":"street-14123","dataset":"street","gu":"성동구","species":"느티나무","heightM":9.0,"crownWidthM":2.0,"rawHeight":9.0,"rawCrownWidth":2.0,"quality":"valid","sourceYear":2013},"geometry":{"type":"Point","coordinates":[127.02670828,37.55600887]}},{"type":"Feature","id":"street-14139","properties":{"id":"street-14139","dataset":"street","gu":"성동구","species":"느티나무","heightM":6.0,"crownWidthM":2.0,"rawHeight":6.0,"rawCrownWidth":2.0,"quality":"valid","sourceYear":2013},"geometry":{"type":"Point","coordinates":[127.02670523,37.55608635]}},{"type":"Feature","id":"street-14140","properties":{"id":"street-14140","dataset":"street","gu":"성동구","species":"회화나무","heightM":6.0,"crownWidthM":2.0,"rawHeight":6.0,"rawCrownWidth":2.0,"quality":"valid","sourceYear":2013},"geometry":{"type":"Point","coordinates":[127.02635583,37.55591676]}},{"type":"Feature","id":"street-14141","properties":{"id":"street-14141","dataset":"street","gu":"성동구","species":"소나무","heightM":9.0,"crownWidthM":2.0,"rawHeight":9.0,"rawCrownWidth":2.0,"quality":"valid","sourceYear":2013},"geometry":{"type":"Point","coordinates":[127.02533768,37.55570657]}},{"type":"Feature","id":"street-14142","properties":{"id":"street-14142","dataset":"street","gu":"성동구","species":"느티나무","heightM":6.0,"crownWidthM":2.0,"rawHeight":6.0,"rawCrownWidth":2.0,"quality":"valid","sourceYear":2013},"geometry":{"type":"Point","coordinates":[127.02738646,37.55634265]}},{"type":"Feature","id":"street-14143","properties":{"id":"street-14143","dataset":"street","gu":"성동구","species":"느티나무","heightM":6.0,"crownWidthM":2.0,"rawHeight":6.0,"rawCrownWidth":2.0,"quality":"valid","sourceYear":2013},"geometry":{"type":"Point","coordinates":[127.02732257,37.55630637]}},{"type":"Feature","id":"street-14166","properties":{"id":"street-14166","dataset":"street","gu":"성동구","species":"단풍나무","heightM":null,"crownWidthM":null,"rawHeight":0.0,"rawCrownWidth":0.0,"quality":"review","sourceYear":2013},"geometry":{"type":"Point","coordinates":[127.02650426,37.55021602]}},{"type":"Feature","id":"street-14177","properties":{"id":"street-14177","dataset":"street","gu":"성동구","species":"회화나무","heightM":6.0,"crownWidthM":2.0,"rawHeight":6.0,"rawCrownWidth":2.0,"quality":"valid","sourceYear":2013},"geometry":{"type":"Point","coordinates":[127.02600155,37.55583021]}},{"type":"Feature","id":"street-14197","properties":{"id":"street-14197","dataset":"street","gu":"성동구","species":"회화나무","heightM":null,"crownWidthM":null,"rawHeight":0.0,"rawCrownWidth":0.0,"quality":"review","sourceYear":2013},"geometry":{"type":"Point","coordinates":[127.0224973,37.55547946]}},{"type":"Feature","id":"street-14199","properties":{"id":"street-14199","dataset":"street","gu":"성동구","species":"단풍나무","heightM":null,"crownWidthM":null,"rawHeight":0.0,"rawCrownWidth":0.0,"quality":"review","sourceYear":2013},"geometry":{"type":"Point","coordinates":[127.0264492,37.55014716]}},{"type":"Feature","id":"street-14206","properties":{"id":"street-14206","dataset":"street","gu":"성동구","species":"회화나무","heightM":6.0,"crownWidthM":2.0,"rawHeight":6.0,"rawCrownWidth":2.0,"quality":"valid","sourceYear":2013},"geometry":{"type":"Point","coordinates":[127.02589405,37.55580061]}},{"type":"Feature","id":"street-14213","properties":{"id":"street-14213","dataset":"street","gu":"성동구","species":"단풍나무","heightM":null,"crownWidthM":null,"rawHeight":0.0,"rawCrownWidth":0.0,"quality":"review","sourceYear":2013},"geometry":{"type":"Point","coordinates":[127.02655141,37.55009708]}},{"type":"Feature","id":"street-14216","properties":{"id":"street-14216","dataset":"street","gu":"성동구","species":"회화나무","heightM":6.0,"crownWidthM":2.0,"rawHeight":6.0,"rawCrownWidth":2.0,"quality":"valid","sourceYear":2013},"geometry":{"type":"Point","coordinates":[127.02615039,37.55578243]}},{"type":"Feature","id":"street-14247","properties":{"id":"street-14247","dataset":"street","gu":"성동구","species":"회화나무","heightM":null,"crownWidthM":null,"rawHeight":0.0,"rawCrownWidth":0.0,"quality":"review","sourceYear":2013},"geometry":{"type":"Point","coordinates":[127.02351079,37.5555853]}},{"type":"Feature","id":"street-14251","properties":{"id":"street-14251","dataset":"street","gu":"성동구","species":"느티나무","heightM":7.0,"crownWidthM":3.0,"rawHeight":7.0,"rawCrownWidth":3.0,"quality":"valid","sourceYear":2013},"geometry":{"type":"Point","coordinates":[127.02877885,37.55710527]}},{"type":"Feature","id":"street-14271","properties":{"id":"street-14271","dataset":"street","gu":"성동구","species":"회화나무","heightM":6.0,"crownWidthM":2.0,"rawHeight":6.0,"rawCrownWidth":2.0,"quality":"valid","sourceYear":2013},"geometry":{"type":"Point","coordinates":[127.02645837,37.5558697]}},{"type":"Feature","id":"street-14293","properties":{"id":"street-14293","dataset":"street","gu":"성동구","species":"회화나무","heightM":null,"crownWidthM":null,"rawHeight":0.0,"rawCrownWidth":0.0,"quality":"review","sourceYear":2013},"geometry":{"type":"Point","coordinates":[127.0204107,37.55474287]}},{"type":"Feature","id":"street-14323","properties":{"id":"street-14323","dataset":"street","gu":"성동구","species":"회화나무","heightM":null,"crownWidthM":null,"rawHeight":0.0,"rawCrownWidth":0.0,"quality":"review","sourceYear":2013},"geometry":{"type":"Point","coordinates":[127.02379359,37.55558789]}},{"type":"Feature","id":"street-14324","properties":{"id":"street-14324","dataset":"street","gu":"성동구","species":"회화나무","heightM":null,"crownWidthM":null,"rawHeight":0.0,"rawCrownWidth":0.0,"quality":"review","sourceYear":2013},"geometry":{"type":"Point","coordinates":[127.02226915,37.55536286]}},{"type":"Feature","id":"street-14345","properties":{"id":"street-14345","dataset":"street","gu":"성동구","species":"회화나무","heightM":null,"crownWidthM":null,"rawHeight":0.0,"rawCrownWidth":0.0,"quality":"review","sourceYear":2013},"geometry":{"type":"Point","coordinates":[127.0217518,37.5546107]}},{"type":"Feature","id":"street-14378","properties":{"id":"street-14378","dataset":"street","gu":"성동구","species":"회화나무","heightM":null,"crownWidthM":null,"rawHeight":0.0,"rawCrownWidth":0.0,"quality":"review","sourceYear":2013},"geometry":{"type":"Point","coordinates":[127.02254022,37.5554996]}},{"type":"Feature","id":"street-14384","properties":{"id":"street-14384","dataset":"street","gu":"성동구","species":"회화나무","heightM":null,"crownWidthM":null,"rawHeight":0.0,"rawCrownWidth":0.0,"quality":"review","sourceYear":2013},"geometry":{"type":"Point","coordinates":[127.02439882,37.55561933]}},{"type":"Feature","id":"street-14473","properties":{"id":"street-14473","dataset":"street","gu":"성동구","species":"소나무","heightM":9.0,"crownWidthM":2.0,"rawHeight":9.0,"rawCrownWidth":2.0,"quality":"valid","sourceYear":2013},"geometry":{"type":"Point","coordinates":[127.02517461,37.55569878]}},{"type":"Feature","id":"street-14477","properties":{"id":"street-14477","dataset":"street","gu":"성동구","species":"회화나무","heightM":null,"crownWidthM":null,"rawHeight":0.0,"rawCrownWidth":0.0,"quality":"review","sourceYear":2013},"geometry":{"type":"Point","coordinates":[127.02362083,37.55558441]}},{"type":"Feature","id":"street-14563","properties":{"id":"street-14563","dataset":"street","gu":"성동구","species":"회화나무","heightM":null,"crownWidthM":null,"rawHeight":0.0,"rawCrownWidth":0.0,"quality":"review","sourceYear":2013},"geometry":{"type":"Point","coordinates":[127.0232951,37.55557657]}},{"type":"Feature","id":"street-14568","properties":{"id":"street-14568","dataset":"street","gu":"성동구","species":"회화나무","heightM":6.0,"crownWidthM":null,"rawHeight":6.0,"rawCrownWidth":0.0,"quality":"review","sourceYear":2013},"geometry":{"type":"Point","coordinates":[127.02826319,37.55678365]}},{"type":"Feature","id":"street-14579","properties":{"id":"street-14579","dataset":"street","gu":"성동구","species":"회화나무","heightM":6.0,"crownWidthM":2.0,"rawHeight":6.0,"rawCrownWidth":2.0,"quality":"valid","sourceYear":2013},"geometry":{"type":"Point","coordinates":[127.02624963,37.55580874]}},{"type":"Feature","id":"street-14594","properties":{"id":"street-14594","dataset":"street","gu":"성동구","species":"느티나무","heightM":9.0,"crownWidthM":2.0,"rawHeight":9.0,"rawCrownWidth":2.0,"quality":"valid","sourceYear":2013},"geometry":{"type":"Point","coordinates":[127.02559427,37.55566408]}},{"type":"Feature","id":"street-14602","properties":{"id":"street-14602","dataset":"street","gu":"성동구","species":"느티나무","heightM":8.0,"crownWidthM":2.0,"rawHeight":8.0,"rawCrownWidth":2.0,"quality":"valid","sourceYear":2013},"geometry":{"type":"Point","coordinates":[127.02556752,37.55566002]}},{"type":"Feature","id":"street-14611","properties":{"id":"street-14611","dataset":"street","gu":"성동구","species":"회화나무","heightM":6.0,"crownWidthM":2.0,"rawHeight":6.0,"rawCrownWidth":2.0,"quality":"valid","sourceYear":2013},"geometry":{"type":"Point","coordinates":[127.02639641,37.55584326]}},{"type":"Feature","id":"street-14622","properties":{"id":"street-14622","dataset":"street","gu":"성동구","species":"느티나무","heightM":8.0,"crownWidthM":2.0,"rawHeight":8.0,"rawCrownWidth":2.0,"quality":"valid","sourceYear":2013},"geometry":{"type":"Point","coordinates":[127.02566931,37.55567035]}},{"type":"Feature","id":"street-14651","properties":{"id":"street-14651","dataset":"street","gu":"성동구","species":"회화나무","heightM":8.0,"crownWidthM":2.0,"rawHeight":8.0,"rawCrownWidth":2.0,"quality":"valid","sourceYear":2013},"geometry":{"type":"Point","coordinates":[127.02514992,37.55564308]}},{"type":"Feature","id":"street-14685","properties":{"id":"street-14685","dataset":"street","gu":"성동구","species":"단풍나무","heightM":null,"crownWidthM":null,"rawHeight":0.0,"rawCrownWidth":0.0,"quality":"review","sourceYear":2013},"geometry":{"type":"Point","coordinates":[127.02640208,37.55039757]}},{"type":"Feature","id":"street-14710","properties":{"id":"street-14710","dataset":"street","gu":"성동구","species":"회화나무","heightM":6.0,"crownWidthM":2.0,"rawHeight":6.0,"rawCrownWidth":2.0,"quality":"valid","sourceYear":2013},"geometry":{"type":"Point","coordinates":[127.02593125,37.55572818]}},{"type":"Feature","id":"street-14912","properties":{"id":"street-14912","dataset":"street","gu":"성동구","species":"느티나무","heightM":6.0,"crownWidthM":2.0,"rawHeight":6.0,"rawCrownWidth":2.0,"quality":"valid","sourceYear":2013},"geometry":{"type":"Point","coordinates":[127.02686956,37.55616428]}},{"type":"Feature","id":"street-14920","properties":{"id":"street-14920","dataset":"street","gu":"성동구","species":"회화나무","heightM":null,"crownWidthM":null,"rawHeight":0.0,"rawCrownWidth":0.0,"quality":"review","sourceYear":2013},"geometry":{"type":"Point","coordinates":[127.02110045,37.5546413]}},{"type":"Feature","id":"street-14989","properties":{"id":"street-14989","dataset":"street","gu":"성동구","species":"회화나무","heightM":7.0,"crownWidthM":3.0,"rawHeight":7.0,"rawCrownWidth":3.0,"quality":"valid","sourceYear":2013},"geometry":{"type":"Point","coordinates":[127.02954645,37.55747987]}},{"type":"Feature","id":"street-14992","properties":{"id":"street-14992","dataset":"street","gu":"성동구","species":"회화나무","heightM":6.0,"crownWidthM":2.0,"rawHeight":6.0,"rawCrownWidth":2.0,"quality":"valid","sourceYear":2013},"geometry":{"type":"Point","coordinates":[127.02612135,37.5558628]}},{"type":"Feature","id":"street-14998","properties":{"id":"street-14998","dataset":"street","gu":"성동구","species":"느티나무","heightM":6.0,"crownWidthM":2.0,"rawHeight":6.0,"rawCrownWidth":2.0,"quality":"valid","sourceYear":2013},"geometry":{"type":"Point","coordinates":[127.02710963,37.55620236]}},{"type":"Feature","id":"street-15021","properties":{"id":"street-15021","dataset":"street","gu":"성동구","species":"회화나무","heightM":null,"crownWidthM":null,"rawHeight":0.0,"rawCrownWidth":0.0,"quality":"review","sourceYear":2013},"geometry":{"type":"Point","coordinates":[127.0230079,37.55557048]}},{"type":"Feature","id":"street-15022","properties":{"id":"street-15022","dataset":"street","gu":"성동구","species":"회화나무","heightM":6.0,"crownWidthM":2.0,"rawHeight":6.0,"rawCrownWidth":2.0,"quality":"valid","sourceYear":2013},"geometry":{"type":"Point","coordinates":[127.02643357,37.55585653]}},{"type":"Feature","id":"street-15053","properties":{"id":"street-15053","dataset":"street","gu":"성동구","species":"소나무","heightM":9.0,"crownWidthM":2.0,"rawHeight":9.0,"rawCrownWidth":2.0,"quality":"valid","sourceYear":2013},"geometry":{"type":"Point","coordinates":[127.0256889,37.55575942]}},{"type":"Feature","id":"street-15080","properties":{"id":"street-15080","dataset":"street","gu":"성동구","species":"회화나무","heightM":null,"crownWidthM":null,"rawHeight":0.0,"rawCrownWidth":0.0,"quality":"review","sourceYear":2013},"geometry":{"type":"Point","coordinates":[127.02032764,37.55474279]}},{"type":"Feature","id":"street-15088","properties":{"id":"street-15088","dataset":"street","gu":"성동구","species":"회화나무","heightM":6.0,"crownWidthM":2.0,"rawHeight":6.0,"rawCrownWidth":2.0,"quality":"valid","sourceYear":2013},"geometry":{"type":"Point","coordinates":[127.02598293,37.55573968]}},{"type":"Feature","id":"street-15095","properties":{"id":"street-15095","dataset":"street","gu":"성동구","species":"회화나무","heightM":null,"crownWidthM":null,"rawHeight":0.0,"rawCrownWidth":0.0,"quality":"review","sourceYear":2013},"geometry":{"type":"Point","coordinates":[127.02118346,37.55462604]}},{"type":"Feature","id":"street-15098","properties":{"id":"street-15098","dataset":"street","gu":"성동구","species":"회화나무","heightM":null,"crownWidthM":null,"rawHeight":0.0,"rawCrownWidth":0.0,"quality":"review","sourceYear":2013},"geometry":{"type":"Point","coordinates":[127.02410611,37.55560361]}},{"type":"Feature","id":"street-15101","properties":{"id":"street-15101","dataset":"street","gu":"성동구","species":"회화나무","heightM":6.0,"crownWidthM":2.0,"rawHeight":6.0,"rawCrownWidth":2.0,"quality":"valid","sourceYear":2013},"geometry":{"type":"Point","coordinates":[127.0261814,37.55579065]}},{"type":"Feature","id":"street-15226","properties":{"id":"street-15226","dataset":"street","gu":"성동구","species":"회화나무","heightM":null,"crownWidthM":null,"rawHeight":0.0,"rawCrownWidth":0.0,"quality":"review","sourceYear":2013},"geometry":{"type":"Point","coordinates":[127.02125371,37.55462094]}},{"type":"Feature","id":"street-15227","properties":{"id":"street-15227","dataset":"street","gu":"성동구","species":"회화나무","heightM":null,"crownWidthM":null,"rawHeight":0.0,"rawCrownWidth":0.0,"quality":"review","sourceYear":2013},"geometry":{"type":"Point","coordinates":[127.02191146,37.55465641]}},{"type":"Feature","id":"street-15245","properties":{"id":"street-15245","dataset":"street","gu":"성동구","species":"회화나무","heightM":null,"crownWidthM":null,"rawHeight":0.0,"rawCrownWidth":0.0,"quality":"review","sourceYear":2013},"geometry":{"type":"Point","coordinates":[127.02259304,37.55551974]}},{"type":"Feature","id":"street-15415","properties":{"id":"street-15415","dataset":"street","gu":"성동구","species":"회화나무","heightM":null,"crownWidthM":null,"rawHeight":0.0,"rawCrownWidth":0.0,"quality":"review","sourceYear":2013},"geometry":{"type":"Point","coordinates":[127.02148999,37.55464123]}},{"type":"Feature","id":"street-15481","properties":{"id":"street-15481","dataset":"street","gu":"성동구","species":"회화나무","heightM":6.0,"crownWidthM":2.0,"rawHeight":6.0,"rawCrownWidth":2.0,"quality":"valid","sourceYear":2013},"geometry":{"type":"Point","coordinates":[127.02621655,37.55579722]}},{"type":"Feature","id":"street-15484","properties":{"id":"street-15484","dataset":"street","gu":"성동구","species":"회화나무","heightM":null,"crownWidthM":null,"rawHeight":0.0,"rawCrownWidth":0.0,"quality":"review","sourceYear":2013},"geometry":{"type":"Point","coordinates":[127.02165601,37.55459547]}},{"type":"Feature","id":"street-15490","properties":{"id":"street-15490","dataset":"street","gu":"성동구","species":"회화나무","heightM":6.0,"crownWidthM":2.0,"rawHeight":6.0,"rawCrownWidth":2.0,"quality":"valid","sourceYear":2013},"geometry":{"type":"Point","coordinates":[127.02611938,37.55577585]}},{"type":"Feature","id":"street-15494","properties":{"id":"street-15494","dataset":"street","gu":"성동구","species":"회화나무","heightM":6.0,"crownWidthM":3.0,"rawHeight":6.0,"rawCrownWidth":3.0,"quality":"valid","sourceYear":2013},"geometry":{"type":"Point","coordinates":[127.0296505,37.55753387]}},{"type":"Feature","id":"street-15495","properties":{"id":"street-15495","dataset":"street","gu":"성동구","species":"회화나무","heightM":null,"crownWidthM":null,"rawHeight":0.0,"rawCrownWidth":0.0,"quality":"review","sourceYear":2013},"geometry":{"type":"Point","coordinates":[127.02273059,37.55554775]}},{"type":"Feature","id":"street-15497","properties":{"id":"street-15497","dataset":"street","gu":"성동구","species":"단풍나무","heightM":null,"crownWidthM":null,"rawHeight":0.0,"rawCrownWidth":0.0,"quality":"review","sourceYear":2013},"geometry":{"type":"Point","coordinates":[127.02643352,37.55034123]}},{"type":"Feature","id":"street-15508","properties":{"id":"street-15508","dataset":"street","gu":"성동구","species":"단풍나무","heightM":null,"crownWidthM":null,"rawHeight":0.0,"rawCrownWidth":0.0,"quality":"review","sourceYear":2013},"geometry":{"type":"Point","coordinates":[127.02626843,37.55047897]}},{"type":"Feature","id":"street-15746","properties":{"id":"street-15746","dataset":"street","gu":"성동구","species":"회화나무","heightM":5.0,"crownWidthM":4.0,"rawHeight":5.0,"rawCrownWidth":4.0,"quality":"valid","sourceYear":2013},"geometry":{"type":"Point","coordinates":[127.02466198,37.55764621]}},{"type":"Feature","id":"street-15747","properties":{"id":"street-15747","dataset":"street","gu":"성동구","species":"회화나무","heightM":5.0,"crownWidthM":4.0,"rawHeight":5.0,"rawCrownWidth":4.0,"quality":"valid","sourceYear":2013},"geometry":{"type":"Point","coordinates":[127.02466198,37.55764621]}},{"type":"Feature","id":"street-15748","properties":{"id":"street-15748","dataset":"street","gu":"성동구","species":"회화나무","heightM":5.0,"crownWidthM":4.0,"rawHeight":5.0,"rawCrownWidth":4.0,"quality":"valid","sourceYear":2013},"geometry":{"type":"Point","coordinates":[127.02466198,37.55764621]}},{"type":"Feature","id":"street-15749","properties":{"id":"street-15749","dataset":"street","gu":"성동구","species":"회화나무","heightM":5.0,"crownWidthM":4.0,"rawHeight":5.0,"rawCrownWidth":4.0,"quality":"valid","sourceYear":2013},"geometry":{"type":"Point","coordinates":[127.02466198,37.55764621]}},{"type":"Feature","id":"street-15750","properties":{"id":"street-15750","dataset":"street","gu":"성동구","species":"회화나무","heightM":5.0,"crownWidthM":4.0,"rawHeight":5.0,"rawCrownWidth":4.0,"quality":"valid","sourceYear":2013},"geometry":{"type":"Point","coordinates":[127.02466198,37.55764621]}},{"type":"Feature","id":"street-15751","properties":{"id":"street-15751","dataset":"street","gu":"성동구","species":"회화나무","heightM":5.0,"crownWidthM":4.0,"rawHeight":5.0,"rawCrownWidth":4.0,"quality":"valid","sourceYear":2013},"geometry":{"type":"Point","coordinates":[127.02466198,37.55764621]}},{"type":"Feature","id":"street-15752","properties":{"id":"street-15752","dataset":"street","gu":"성동구","species":"회화나무","heightM":5.0,"crownWidthM":4.0,"rawHeight":5.0,"rawCrownWidth":4.0,"quality":"valid","sourceYear":2013},"geometry":{"type":"Point","coordinates":[127.02466198,37.55764621]}},{"type":"Feature","id":"street-15753","properties":{"id":"street-15753","dataset":"street","gu":"성동구","species":"회화나무","heightM":5.0,"crownWidthM":4.0,"rawHeight":5.0,"rawCrownWidth":4.0,"quality":"valid","sourceYear":2013},"geometry":{"type":"Point","coordinates":[127.02466198,37.55764621]}},{"type":"Feature","id":"street-15754","properties":{"id":"street-15754","dataset":"street","gu":"성동구","species":"회화나무","heightM":5.0,"crownWidthM":4.0,"rawHeight":5.0,"rawCrownWidth":4.0,"quality":"valid","sourceYear":2013},"geometry":{"type":"Point","coordinates":[127.02466198,37.55764621]}},{"type":"Feature","id":"street-15755","properties":{"id":"street-15755","dataset":"street","gu":"성동구","species":"회화나무","heightM":5.0,"crownWidthM":4.0,"rawHeight":5.0,"rawCrownWidth":4.0,"quality":"valid","sourceYear":2013},"geometry":{"type":"Point","coordinates":[127.02466198,37.55764621]}},{"type":"Feature","id":"street-15756","properties":{"id":"street-15756","dataset":"street","gu":"성동구","species":"회화나무","heightM":5.0,"crownWidthM":4.0,"rawHeight":5.0,"rawCrownWidth":4.0,"quality":"valid","sourceYear":2013},"geometry":{"type":"Point","coordinates":[127.02466198,37.55764621]}},{"type":"Feature","id":"street-15757","properties":{"id":"street-15757","dataset":"street","gu":"성동구","species":"회화나무","heightM":5.0,"crownWidthM":4.0,"rawHeight":5.0,"rawCrownWidth":4.0,"quality":"valid","sourceYear":2013},"geometry":{"type":"Point","coordinates":[127.02466198,37.55764621]}},{"type":"Feature","id":"street-15758","properties":{"id":"street-15758","dataset":"street","gu":"성동구","species":"회화나무","heightM":5.0,"crownWidthM":4.0,"rawHeight":5.0,"rawCrownWidth":4.0,"quality":"valid","sourceYear":2013},"geometry":{"type":"Point","coordinates":[127.02466198,37.55764621]}},{"type":"Feature","id":"street-15867","properties":{"id":"street-15867","dataset":"street","gu":"성동구","species":"느티나무","heightM":6.0,"crownWidthM":2.0,"rawHeight":6.0,"rawCrownWidth":2.0,"quality":"valid","sourceYear":2013},"geometry":{"type":"Point","coordinates":[127.02724652,37.55626767]}},{"type":"Feature","id":"street-15929","properties":{"id":"street-15929","dataset":"street","gu":"성동구","species":"회화나무","heightM":null,"crownWidthM":null,"rawHeight":0.0,"rawCrownWidth":0.0,"quality":"review","sourceYear":2013},"geometry":{"type":"Point","coordinates":[127.02094719,37.55467689]}},{"type":"Feature","id":"street-16137","properties":{"id":"street-16137","dataset":"street","gu":"성동구","species":"회화나무","heightM":5.0,"crownWidthM":4.0,"rawHeight":5.0,"rawCrownWidth":4.0,"quality":"valid","sourceYear":2013},"geometry":{"type":"Point","coordinates":[127.02466198,37.55764621]}},{"type":"Feature","id":"street-16138","properties":{"id":"street-16138","dataset":"street","gu":"성동구","species":"회화나무","heightM":5.0,"crownWidthM":4.0,"rawHeight":5.0,"rawCrownWidth":4.0,"quality":"valid","sourceYear":2013},"geometry":{"type":"Point","coordinates":[127.02466198,37.55764621]}},{"type":"Feature","id":"street-16139","properties":{"id":"street-16139","dataset":"street","gu":"성동구","species":"회화나무","heightM":5.0,"crownWidthM":4.0,"rawHeight":5.0,"rawCrownWidth":4.0,"quality":"valid","sourceYear":2013},"geometry":{"type":"Point","coordinates":[127.02466198,37.55764621]}},{"type":"Feature","id":"street-16140","properties":{"id":"street-16140","dataset":"street","gu":"성동구","species":"회화나무","heightM":5.0,"crownWidthM":4.0,"rawHeight":5.0,"rawCrownWidth":4.0,"quality":"valid","sourceYear":2013},"geometry":{"type":"Point","coordinates":[127.02466198,37.55764621]}},{"type":"Feature","id":"street-16141","properties":{"id":"street-16141","dataset":"street","gu":"성동구","species":"회화나무","heightM":5.0,"crownWidthM":4.0,"rawHeight":5.0,"rawCrownWidth":4.0,"quality":"valid","sourceYear":2013},"geometry":{"type":"Point","coordinates":[127.02466198,37.55764621]}},{"type":"Feature","id":"street-16142","properties":{"id":"street-16142","dataset":"street","gu":"성동구","species":"회화나무","heightM":5.0,"crownWidthM":4.0,"rawHeight":5.0,"rawCrownWidth":4.0,"quality":"valid","sourceYear":2013},"geometry":{"type":"Point","coordinates":[127.02466198,37.55764621]}},{"type":"Feature","id":"street-16143","properties":{"id":"street-16143","dataset":"street","gu":"성동구","species":"회화나무","heightM":5.0,"crownWidthM":4.0,"rawHeight":5.0,"rawCrownWidth":4.0,"quality":"valid","sourceYear":2013},"geometry":{"type":"Point","coordinates":[127.02466198,37.55764621]}},{"type":"Feature","id":"street-16144","properties":{"id":"street-16144","dataset":"street","gu":"성동구","species":"회화나무","heightM":5.0,"crownWidthM":4.0,"rawHeight":5.0,"rawCrownWidth":4.0,"quality":"valid","sourceYear":2013},"geometry":{"type":"Point","coordinates":[127.02466198,37.55764621]}},{"type":"Feature","id":"street-16145","properties":{"id":"street-16145","dataset":"street","gu":"성동구","species":"회화나무","heightM":5.0,"crownWidthM":4.0,"rawHeight":5.0,"rawCrownWidth":4.0,"quality":"valid","sourceYear":2013},"geometry":{"type":"Point","coordinates":[127.02466198,37.55764621]}},{"type":"Feature","id":"street-16146","properties":{"id":"street-16146","dataset":"street","gu":"성동구","species":"회화나무","heightM":5.0,"crownWidthM":4.0,"rawHeight":5.0,"rawCrownWidth":4.0,"quality":"valid","sourceYear":2013},"geometry":{"type":"Point","coordinates":[127.02466198,37.55764621]}},{"type":"Feature","id":"street-16147","properties":{"id":"street-16147","dataset":"street","gu":"성동구","species":"회화나무","heightM":5.0,"crownWidthM":4.0,"rawHeight":5.0,"rawCrownWidth":4.0,"quality":"valid","sourceYear":2013},"geometry":{"type":"Point","coordinates":[127.02466198,37.55764621]}},{"type":"Feature","id":"street-16154","properties":{"id":"street-16154","dataset":"street","gu":"성동구","species":"소나무","heightM":9.0,"crownWidthM":2.0,"rawHeight":9.0,"rawCrownWidth":2.0,"quality":"valid","sourceYear":2013},"geometry":{"type":"Point","coordinates":[127.02559015,37.55574145]}},{"type":"Feature","id":"street-16220","properties":{"id":"street-16220","dataset":"street","gu":"성동구","species":"회화나무","heightM":null,"crownWidthM":null,"rawHeight":0.0,"rawCrownWidth":0.0,"quality":"review","sourceYear":2013},"geometry":{"type":"Point","coordinates":[127.02312344,37.55557485]}},{"type":"Feature","id":"street-16230","properties":{"id":"street-16230","dataset":"street","gu":"성동구","species":"회화나무","heightM":null,"crownWidthM":null,"rawHeight":0.0,"rawCrownWidth":0.0,"quality":"review","sourceYear":2013},"geometry":{"type":"Point","coordinates":[127.02133034,37.55462601]}},{"type":"Feature","id":"street-16231","properties":{"id":"street-16231","dataset":"street","gu":"성동구","species":"회화나무","heightM":null,"crownWidthM":null,"rawHeight":0.0,"rawCrownWidth":0.0,"quality":"review","sourceYear":2013},"geometry":{"type":"Point","coordinates":[127.02210947,37.5550579]}},{"type":"Feature","id":"street-16234","properties":{"id":"street-16234","dataset":"street","gu":"성동구","species":"회화나무","heightM":null,"crownWidthM":null,"rawHeight":0.0,"rawCrownWidth":0.0,"quality":"review","sourceYear":2013},"geometry":{"type":"Point","coordinates":[127.0221414,37.55498165]}},{"type":"Feature","id":"street-16236","properties":{"id":"street-16236","dataset":"street","gu":"성동구","species":"회화나무","heightM":null,"crownWidthM":null,"rawHeight":0.0,"rawCrownWidth":0.0,"quality":"review","sourceYear":2013},"geometry":{"type":"Point","coordinates":[127.02086418,37.55469723]}},{"type":"Feature","id":"street-16524","properties":{"id":"street-16524","dataset":"street","gu":"성동구","species":"회화나무","heightM":null,"crownWidthM":null,"rawHeight":0.0,"rawCrownWidth":0.0,"quality":"review","sourceYear":2013},"geometry":{"type":"Point","coordinates":[127.02356471,37.55558529]}},{"type":"Feature","id":"street-16528","properties":{"id":"street-16528","dataset":"street","gu":"성동구","species":"회화나무","heightM":null,"crownWidthM":null,"rawHeight":0.0,"rawCrownWidth":0.0,"quality":"review","sourceYear":2013},"geometry":{"type":"Point","coordinates":[127.02373197,37.55558789]}},{"type":"Feature","id":"street-16531","properties":{"id":"street-16531","dataset":"street","gu":"성동구","species":"회화나무","heightM":null,"crownWidthM":null,"rawHeight":0.0,"rawCrownWidth":0.0,"quality":"review","sourceYear":2013},"geometry":{"type":"Point","coordinates":[127.02278561,37.55555563]}},{"type":"Feature","id":"street-16599","properties":{"id":"street-16599","dataset":"street","gu":"성동구","species":"회화나무","heightM":null,"crownWidthM":null,"rawHeight":0.0,"rawCrownWidth":0.0,"quality":"review","sourceYear":2013},"geometry":{"type":"Point","coordinates":[127.02215415,37.55478341]}},{"type":"Feature","id":"street-16659","properties":{"id":"street-16659","dataset":"street","gu":"성동구","species":"양버즘나무","heightM":10.0,"crownWidthM":3.0,"rawHeight":10.0,"rawCrownWidth":3.0,"quality":"valid","sourceYear":2013},"geometry":{"type":"Point","coordinates":[127.02227345,37.55340455]}},{"type":"Feature","id":"street-16660","properties":{"id":"street-16660","dataset":"street","gu":"성동구","species":"양버즘나무","heightM":10.0,"crownWidthM":3.0,"rawHeight":10.0,"rawCrownWidth":3.0,"quality":"valid","sourceYear":2013},"geometry":{"type":"Point","coordinates":[127.02233782,37.55339244]}},{"type":"Feature","id":"street-16797","properties":{"id":"street-16797","dataset":"street","gu":"성동구","species":"회화나무","heightM":5.0,"crownWidthM":4.0,"rawHeight":5.0,"rawCrownWidth":4.0,"quality":"valid","sourceYear":2013},"geometry":{"type":"Point","coordinates":[127.02466198,37.55764621]}},{"type":"Feature","id":"street-16798","properties":{"id":"street-16798","dataset":"street","gu":"성동구","species":"회화나무","heightM":5.0,"crownWidthM":4.0,"rawHeight":5.0,"rawCrownWidth":4.0,"quality":"valid","sourceYear":2013},"geometry":{"type":"Point","coordinates":[127.02466198,37.55764621]}},{"type":"Feature","id":"street-16873","properties":{"id":"street-16873","dataset":"street","gu":"성동구","species":"회화나무","heightM":5.0,"crownWidthM":4.0,"rawHeight":5.0,"rawCrownWidth":4.0,"quality":"valid","sourceYear":2013},"geometry":{"type":"Point","coordinates":[127.02466198,37.55764621]}},{"type":"Feature","id":"street-16874","properties":{"id":"street-16874","dataset":"street","gu":"성동구","species":"회화나무","heightM":5.0,"crownWidthM":4.0,"rawHeight":5.0,"rawCrownWidth":4.0,"quality":"valid","sourceYear":2013},"geometry":{"type":"Point","coordinates":[127.02466198,37.55764621]}},{"type":"Feature","id":"street-16875","properties":{"id":"street-16875","dataset":"street","gu":"성동구","species":"회화나무","heightM":5.0,"crownWidthM":4.0,"rawHeight":5.0,"rawCrownWidth":4.0,"quality":"valid","sourceYear":2013},"geometry":{"type":"Point","coordinates":[127.02466198,37.55764621]}},{"type":"Feature","id":"street-16876","properties":{"id":"street-16876","dataset":"street","gu":"성동구","species":"회화나무","heightM":5.0,"crownWidthM":4.0,"rawHeight":5.0,"rawCrownWidth":4.0,"quality":"valid","sourceYear":2013},"geometry":{"type":"Point","coordinates":[127.02466198,37.55764621]}},{"type":"Feature","id":"street-16877","properties":{"id":"street-16877","dataset":"street","gu":"성동구","species":"회화나무","heightM":5.0,"crownWidthM":4.0,"rawHeight":5.0,"rawCrownWidth":4.0,"quality":"valid","sourceYear":2013},"geometry":{"type":"Point","coordinates":[127.02466198,37.55764621]}},{"type":"Feature","id":"street-16878","properties":{"id":"street-16878","dataset":"street","gu":"성동구","species":"회화나무","heightM":5.0,"crownWidthM":4.0,"rawHeight":5.0,"rawCrownWidth":4.0,"quality":"valid","sourceYear":2013},"geometry":{"type":"Point","coordinates":[127.02466198,37.55764621]}},{"type":"Feature","id":"street-16879","properties":{"id":"street-16879","dataset":"street","gu":"성동구","species":"회화나무","heightM":5.0,"crownWidthM":4.0,"rawHeight":5.0,"rawCrownWidth":4.0,"quality":"valid","sourceYear":2013},"geometry":{"type":"Point","coordinates":[127.02466198,37.55764621]}},{"type":"Feature","id":"street-16880","properties":{"id":"street-16880","dataset":"street","gu":"성동구","species":"회화나무","heightM":5.0,"crownWidthM":4.0,"rawHeight":5.0,"rawCrownWidth":4.0,"quality":"valid","sourceYear":2013},"geometry":{"type":"Point","coordinates":[127.02466198,37.55764621]}},{"type":"Feature","id":"street-16881","properties":{"id":"street-16881","dataset":"street","gu":"성동구","species":"회화나무","heightM":5.0,"crownWidthM":4.0,"rawHeight":5.0,"rawCrownWidth":4.0,"quality":"valid","sourceYear":2013},"geometry":{"type":"Point","coordinates":[127.02466198,37.55764621]}},{"type":"Feature","id":"street-16882","properties":{"id":"street-16882","dataset":"street","gu":"성동구","species":"회화나무","heightM":5.0,"crownWidthM":4.0,"rawHeight":5.0,"rawCrownWidth":4.0,"quality":"valid","sourceYear":2013},"geometry":{"type":"Point","coordinates":[127.02466198,37.55764621]}},{"type":"Feature","id":"street-16883","properties":{"id":"street-16883","dataset":"street","gu":"성동구","species":"회화나무","heightM":5.0,"crownWidthM":4.0,"rawHeight":5.0,"rawCrownWidth":4.0,"quality":"valid","sourceYear":2013},"geometry":{"type":"Point","coordinates":[127.02466198,37.55764621]}},{"type":"Feature","id":"street-16884","properties":{"id":"street-16884","dataset":"street","gu":"성동구","species":"회화나무","heightM":5.0,"crownWidthM":4.0,"rawHeight":5.0,"rawCrownWidth":4.0,"quality":"valid","sourceYear":2013},"geometry":{"type":"Point","coordinates":[127.02466198,37.55764621]}},{"type":"Feature","id":"street-16885","properties":{"id":"street-16885","dataset":"street","gu":"성동구","species":"회화나무","heightM":5.0,"crownWidthM":4.0,"rawHeight":5.0,"rawCrownWidth":4.0,"quality":"valid","sourceYear":2013},"geometry":{"type":"Point","coordinates":[127.02466198,37.55764621]}},{"type":"Feature","id":"street-16886","properties":{"id":"street-16886","dataset":"street","gu":"성동구","species":"회화나무","heightM":5.0,"crownWidthM":4.0,"rawHeight":5.0,"rawCrownWidth":4.0,"quality":"valid","sourceYear":2013},"geometry":{"type":"Point","coordinates":[127.02466198,37.55764621]}},{"type":"Feature","id":"street-16887","properties":{"id":"street-16887","dataset":"street","gu":"성동구","species":"회화나무","heightM":5.0,"crownWidthM":4.0,"rawHeight":5.0,"rawCrownWidth":4.0,"quality":"valid","sourceYear":2013},"geometry":{"type":"Point","coordinates":[127.02466198,37.55764621]}},{"type":"Feature","id":"street-16917","properties":{"id":"street-16917","dataset":"street","gu":"성동구","species":"느티나무","heightM":6.0,"crownWidthM":2.0,"rawHeight":6.0,"rawCrownWidth":2.0,"quality":"valid","sourceYear":2013},"geometry":{"type":"Point","coordinates":[127.02790057,37.55659425]}},{"type":"Feature","id":"street-16927","properties":{"id":"street-16927","dataset":"street","gu":"성동구","species":"회화나무","heightM":5.0,"crownWidthM":4.0,"rawHeight":5.0,"rawCrownWidth":4.0,"quality":"valid","sourceYear":2013},"geometry":{"type":"Point","coordinates":[127.02466198,37.55764621]}},{"type":"Feature","id":"street-16959","properties":{"id":"street-16959","dataset":"street","gu":"성동구","species":"양버즘나무","heightM":9.0,"crownWidthM":3.0,"rawHeight":9.0,"rawCrownWidth":3.0,"quality":"valid","sourceYear":2013},"geometry":{"type":"Point","coordinates":[127.02575483,37.55085919]}},{"type":"Feature","id":"street-16964","properties":{"id":"street-16964","dataset":"street","gu":"성동구","species":"양버즘나무","heightM":10.0,"crownWidthM":3.0,"rawHeight":10.0,"rawCrownWidth":3.0,"quality":"valid","sourceYear":2013},"geometry":{"type":"Point","coordinates":[127.02591605,37.5505906]}},{"type":"Feature","id":"street-16965","properties":{"id":"street-16965","dataset":"street","gu":"성동구","species":"양버즘나무","heightM":9.0,"crownWidthM":4.0,"rawHeight":9.0,"rawCrownWidth":4.0,"quality":"valid","sourceYear":2013},"geometry":{"type":"Point","coordinates":[127.02088188,37.55399455]}},{"type":"Feature","id":"street-16966","properties":{"id":"street-16966","dataset":"street","gu":"성동구","species":"양버즘나무","heightM":9.0,"crownWidthM":4.0,"rawHeight":9.0,"rawCrownWidth":4.0,"quality":"valid","sourceYear":2013},"geometry":{"type":"Point","coordinates":[127.02563791,37.55127777]}},{"type":"Feature","id":"street-16967","properties":{"id":"street-16967","dataset":"street","gu":"성동구","species":"양버즘나무","heightM":8.0,"crownWidthM":3.0,"rawHeight":8.0,"rawCrownWidth":3.0,"quality":"valid","sourceYear":2013},"geometry":{"type":"Point","coordinates":[127.02083833,37.55402555]}},{"type":"Feature","id":"street-17168","properties":{"id":"street-17168","dataset":"street","gu":"성동구","species":"회화나무","heightM":null,"crownWidthM":null,"rawHeight":0.0,"rawCrownWidth":0.0,"quality":"review","sourceYear":2013},"geometry":{"type":"Point","coordinates":[127.02318176,37.55557396]}},{"type":"Feature","id":"street-17169","properties":{"id":"street-17169","dataset":"street","gu":"성동구","species":"회화나무","heightM":null,"crownWidthM":null,"rawHeight":0.0,"rawCrownWidth":0.0,"quality":"review","sourceYear":2013},"geometry":{"type":"Point","coordinates":[127.02203921,37.55478851]}},{"type":"Feature","id":"street-17177","properties":{"id":"street-17177","dataset":"street","gu":"성동구","species":"느티나무","heightM":9.0,"crownWidthM":2.0,"rawHeight":9.0,"rawCrownWidth":2.0,"quality":"valid","sourceYear":2013},"geometry":{"type":"Point","coordinates":[127.02532758,37.55563783]}},{"type":"Feature","id":"street-17188","properties":{"id":"street-17188","dataset":"street","gu":"성동구","species":"회화나무","heightM":null,"crownWidthM":null,"rawHeight":0.0,"rawCrownWidth":0.0,"quality":"review","sourceYear":2013},"geometry":{"type":"Point","coordinates":[127.02078756,37.55472774]}},{"type":"Feature","id":"street-17189","properties":{"id":"street-17189","dataset":"street","gu":"성동구","species":"회화나무","heightM":null,"crownWidthM":null,"rawHeight":0.0,"rawCrownWidth":0.0,"quality":"review","sourceYear":2013},"geometry":{"type":"Point","coordinates":[127.02202642,37.55470212]}},{"type":"Feature","id":"street-17192","properties":{"id":"street-17192","dataset":"street","gu":"성동구","species":"회화나무","heightM":5.0,"crownWidthM":4.0,"rawHeight":5.0,"rawCrownWidth":4.0,"quality":"valid","sourceYear":2013},"geometry":{"type":"Point","coordinates":[127.02466198,37.55764621]}},{"type":"Feature","id":"street-17193","properties":{"id":"street-17193","dataset":"street","gu":"성동구","species":"회화나무","heightM":5.0,"crownWidthM":4.0,"rawHeight":5.0,"rawCrownWidth":4.0,"quality":"valid","sourceYear":2013},"geometry":{"type":"Point","coordinates":[127.02466198,37.55764621]}},{"type":"Feature","id":"street-17195","properties":{"id":"street-17195","dataset":"street","gu":"성동구","species":"회화나무","heightM":null,"crownWidthM":null,"rawHeight":0.0,"rawCrownWidth":0.0,"quality":"review","sourceYear":2013},"geometry":{"type":"Point","coordinates":[127.02306292,37.5555731]}},{"type":"Feature","id":"street-17196","properties":{"id":"street-17196","dataset":"street","gu":"성동구","species":"회화나무","heightM":null,"crownWidthM":null,"rawHeight":0.0,"rawCrownWidth":0.0,"quality":"review","sourceYear":2013},"geometry":{"type":"Point","coordinates":[127.02212227,37.55531713]}},{"type":"Feature","id":"street-17217","properties":{"id":"street-17217","dataset":"street","gu":"성동구","species":"회화나무","heightM":5.0,"crownWidthM":4.0,"rawHeight":5.0,"rawCrownWidth":4.0,"quality":"valid","sourceYear":2013},"geometry":{"type":"Point","coordinates":[127.02466198,37.55764621]}},{"type":"Feature","id":"street-17218","properties":{"id":"street-17218","dataset":"street","gu":"성동구","species":"회화나무","heightM":5.0,"crownWidthM":4.0,"rawHeight":5.0,"rawCrownWidth":4.0,"quality":"valid","sourceYear":2013},"geometry":{"type":"Point","coordinates":[127.02466198,37.55764621]}},{"type":"Feature","id":"street-17219","properties":{"id":"street-17219","dataset":"street","gu":"성동구","species":"회화나무","heightM":5.0,"crownWidthM":4.0,"rawHeight":5.0,"rawCrownWidth":4.0,"quality":"valid","sourceYear":2013},"geometry":{"type":"Point","coordinates":[127.02466198,37.55764621]}},{"type":"Feature","id":"street-17220","properties":{"id":"street-17220","dataset":"street","gu":"성동구","species":"회화나무","heightM":5.0,"crownWidthM":4.0,"rawHeight":5.0,"rawCrownWidth":4.0,"quality":"valid","sourceYear":2013},"geometry":{"type":"Point","coordinates":[127.02466198,37.55764621]}},{"type":"Feature","id":"street-17221","properties":{"id":"street-17221","dataset":"street","gu":"성동구","species":"회화나무","heightM":5.0,"crownWidthM":4.0,"rawHeight":5.0,"rawCrownWidth":4.0,"quality":"valid","sourceYear":2013},"geometry":{"type":"Point","coordinates":[127.02466198,37.55764621]}},{"type":"Feature","id":"street-17222","properties":{"id":"street-17222","dataset":"street","gu":"성동구","species":"회화나무","heightM":5.0,"crownWidthM":4.0,"rawHeight":5.0,"rawCrownWidth":4.0,"quality":"valid","sourceYear":2013},"geometry":{"type":"Point","coordinates":[127.02466198,37.55764621]}},{"type":"Feature","id":"street-17223","properties":{"id":"street-17223","dataset":"street","gu":"성동구","species":"회화나무","heightM":5.0,"crownWidthM":4.0,"rawHeight":5.0,"rawCrownWidth":4.0,"quality":"valid","sourceYear":2013},"geometry":{"type":"Point","coordinates":[127.02466198,37.55764621]}},{"type":"Feature","id":"street-17224","properties":{"id":"street-17224","dataset":"street","gu":"성동구","species":"회화나무","heightM":5.0,"crownWidthM":4.0,"rawHeight":5.0,"rawCrownWidth":4.0,"quality":"valid","sourceYear":2013},"geometry":{"type":"Point","coordinates":[127.02466198,37.55764621]}},{"type":"Feature","id":"street-17225","properties":{"id":"street-17225","dataset":"street","gu":"성동구","species":"회화나무","heightM":5.0,"crownWidthM":4.0,"rawHeight":5.0,"rawCrownWidth":4.0,"quality":"valid","sourceYear":2013},"geometry":{"type":"Point","coordinates":[127.02466198,37.55764621]}},{"type":"Feature","id":"street-17226","properties":{"id":"street-17226","dataset":"street","gu":"성동구","species":"회화나무","heightM":5.0,"crownWidthM":4.0,"rawHeight":5.0,"rawCrownWidth":4.0,"quality":"valid","sourceYear":2013},"geometry":{"type":"Point","coordinates":[127.02466198,37.55764621]}},{"type":"Feature","id":"street-17227","properties":{"id":"street-17227","dataset":"street","gu":"성동구","species":"회화나무","heightM":5.0,"crownWidthM":4.0,"rawHeight":5.0,"rawCrownWidth":4.0,"quality":"valid","sourceYear":2013},"geometry":{"type":"Point","coordinates":[127.02466198,37.55764621]}},{"type":"Feature","id":"street-17228","properties":{"id":"street-17228","dataset":"street","gu":"성동구","species":"회화나무","heightM":5.0,"crownWidthM":4.0,"rawHeight":5.0,"rawCrownWidth":4.0,"quality":"valid","sourceYear":2013},"geometry":{"type":"Point","coordinates":[127.02466198,37.55764621]}},{"type":"Feature","id":"street-17229","properties":{"id":"street-17229","dataset":"street","gu":"성동구","species":"회화나무","heightM":5.0,"crownWidthM":4.0,"rawHeight":5.0,"rawCrownWidth":4.0,"quality":"valid","sourceYear":2013},"geometry":{"type":"Point","coordinates":[127.02466198,37.55764621]}},{"type":"Feature","id":"street-17230","properties":{"id":"street-17230","dataset":"street","gu":"성동구","species":"회화나무","heightM":5.0,"crownWidthM":4.0,"rawHeight":5.0,"rawCrownWidth":4.0,"quality":"valid","sourceYear":2013},"geometry":{"type":"Point","coordinates":[127.02466198,37.55764621]}},{"type":"Feature","id":"street-17231","properties":{"id":"street-17231","dataset":"street","gu":"성동구","species":"회화나무","heightM":5.0,"crownWidthM":4.0,"rawHeight":5.0,"rawCrownWidth":4.0,"quality":"valid","sourceYear":2013},"geometry":{"type":"Point","coordinates":[127.02466198,37.55764621]}},{"type":"Feature","id":"street-17232","properties":{"id":"street-17232","dataset":"street","gu":"성동구","species":"회화나무","heightM":5.0,"crownWidthM":4.0,"rawHeight":5.0,"rawCrownWidth":4.0,"quality":"valid","sourceYear":2013},"geometry":{"type":"Point","coordinates":[127.02466198,37.55764621]}},{"type":"Feature","id":"street-17233","properties":{"id":"street-17233","dataset":"street","gu":"성동구","species":"회화나무","heightM":5.0,"crownWidthM":4.0,"rawHeight":5.0,"rawCrownWidth":4.0,"quality":"valid","sourceYear":2013},"geometry":{"type":"Point","coordinates":[127.02466198,37.55764621]}},{"type":"Feature","id":"street-17265","properties":{"id":"street-17265","dataset":"street","gu":"성동구","species":"단풍나무","heightM":null,"crownWidthM":null,"rawHeight":0.0,"rawCrownWidth":0.0,"quality":"review","sourceYear":2013},"geometry":{"type":"Point","coordinates":[127.02636274,37.55030368]}},{"type":"Feature","id":"street-17268","properties":{"id":"street-17268","dataset":"street","gu":"성동구","species":"느티나무","heightM":5.0,"crownWidthM":2.0,"rawHeight":5.0,"rawCrownWidth":2.0,"quality":"valid","sourceYear":2013},"geometry":{"type":"Point","coordinates":[127.02549503,37.55564765]}},{"type":"Feature","id":"street-17280","properties":{"id":"street-17280","dataset":"street","gu":"성동구","species":"회화나무","heightM":null,"crownWidthM":null,"rawHeight":0.0,"rawCrownWidth":0.0,"quality":"review","sourceYear":2013},"geometry":{"type":"Point","coordinates":[127.02163687,37.55466153]}},{"type":"Feature","id":"street-17290","properties":{"id":"street-17290","dataset":"street","gu":"성동구","species":"느티나무","heightM":6.0,"crownWidthM":2.0,"rawHeight":6.0,"rawCrownWidth":2.0,"quality":"valid","sourceYear":2013},"geometry":{"type":"Point","coordinates":[127.02717351,37.55622896]}},{"type":"Feature","id":"street-17355","properties":{"id":"street-17355","dataset":"street","gu":"성동구","species":"양버즘나무","heightM":10.0,"crownWidthM":4.0,"rawHeight":10.0,"rawCrownWidth":4.0,"quality":"valid","sourceYear":2013},"geometry":{"type":"Point","coordinates":[127.0241773,37.55283196]}},{"type":"Feature","id":"street-17357","properties":{"id":"street-17357","dataset":"street","gu":"성동구","species":"양버즘나무","heightM":9.0,"crownWidthM":3.0,"rawHeight":9.0,"rawCrownWidth":3.0,"quality":"valid","sourceYear":2013},"geometry":{"type":"Point","coordinates":[127.02308649,37.55324426]}},{"type":"Feature","id":"street-17358","properties":{"id":"street-17358","dataset":"street","gu":"성동구","species":"양버즘나무","heightM":10.0,"crownWidthM":3.0,"rawHeight":10.0,"rawCrownWidth":3.0,"quality":"valid","sourceYear":2013},"geometry":{"type":"Point","coordinates":[127.02313919,37.55323054]}},{"type":"Feature","id":"street-17360","properties":{"id":"street-17360","dataset":"street","gu":"성동구","species":"느릅나무","heightM":7.0,"crownWidthM":11.0,"rawHeight":7.0,"rawCrownWidth":11.0,"quality":"valid","sourceYear":2013},"geometry":{"type":"Point","coordinates":[127.02301554,37.55325877]}},{"type":"Feature","id":"street-17362","properties":{"id":"street-17362","dataset":"street","gu":"성동구","species":"느티나무","heightM":7.0,"crownWidthM":3.0,"rawHeight":7.0,"rawCrownWidth":3.0,"quality":"valid","sourceYear":2013},"geometry":{"type":"Point","coordinates":[127.02869159,37.55706853]}},{"type":"Feature","id":"street-17370","properties":{"id":"street-17370","dataset":"street","gu":"성동구","species":"회화나무","heightM":null,"crownWidthM":null,"rawHeight":0.0,"rawCrownWidth":0.0,"quality":"review","sourceYear":2013},"geometry":{"type":"Point","coordinates":[127.02294738,37.55557049]}},{"type":"Feature","id":"street-17371","properties":{"id":"street-17371","dataset":"street","gu":"성동구","species":"회화나무","heightM":null,"crownWidthM":null,"rawHeight":0.0,"rawCrownWidth":0.0,"quality":"review","sourceYear":2013},"geometry":{"type":"Point","coordinates":[127.02179652,37.55468692]}},{"type":"Feature","id":"street-17372","properties":{"id":"street-17372","dataset":"street","gu":"성동구","species":"단풍나무","heightM":null,"crownWidthM":null,"rawHeight":0.0,"rawCrownWidth":0.0,"quality":"review","sourceYear":2013},"geometry":{"type":"Point","coordinates":[127.02658281,37.55004689]}},{"type":"Feature","id":"street-17374","properties":{"id":"street-17374","dataset":"street","gu":"성동구","species":"회화나무","heightM":6.0,"crownWidthM":2.0,"rawHeight":6.0,"rawCrownWidth":2.0,"quality":"valid","sourceYear":2013},"geometry":{"type":"Point","coordinates":[127.02628891,37.5558186]}},{"type":"Feature","id":"street-17417","properties":{"id":"street-17417","dataset":"street","gu":"성동구","species":"양버즘나무","heightM":8.0,"crownWidthM":4.0,"rawHeight":8.0,"rawCrownWidth":4.0,"quality":"valid","sourceYear":2013},"geometry":{"type":"Point","coordinates":[127.02560551,37.55142131]}},{"type":"Feature","id":"street-17422","properties":{"id":"street-17422","dataset":"street","gu":"성동구","species":"양버즘나무","heightM":9.0,"crownWidthM":4.0,"rawHeight":9.0,"rawCrownWidth":4.0,"quality":"valid","sourceYear":2013},"geometry":{"type":"Point","coordinates":[127.02562171,37.55135833]}},{"type":"Feature","id":"street-17427","properties":{"id":"street-17427","dataset":"street","gu":"성동구","species":"양버즘나무","heightM":11.0,"crownWidthM":3.0,"rawHeight":11.0,"rawCrownWidth":3.0,"quality":"valid","sourceYear":2013},"geometry":{"type":"Point","coordinates":[127.02580153,37.55078543]}},{"type":"Feature","id":"street-17431","properties":{"id":"street-17431","dataset":"street","gu":"성동구","species":"양버즘나무","heightM":9.0,"crownWidthM":4.0,"rawHeight":9.0,"rawCrownWidth":4.0,"quality":"valid","sourceYear":2013},"geometry":{"type":"Point","coordinates":[127.02583541,37.55072584]}},{"type":"Feature","id":"street-17433","properties":{"id":"street-17433","dataset":"street","gu":"성동구","species":"아까시나무","heightM":9.0,"crownWidthM":3.0,"rawHeight":9.0,"rawCrownWidth":3.0,"quality":"valid","sourceYear":2013},"geometry":{"type":"Point","coordinates":[127.02201555,37.55345537]}},{"type":"Feature","id":"street-17434","properties":{"id":"street-17434","dataset":"street","gu":"성동구","species":"양버즘나무","heightM":10.0,"crownWidthM":5.0,"rawHeight":10.0,"rawCrownWidth":5.0,"quality":"valid","sourceYear":2013},"geometry":{"type":"Point","coordinates":[127.02587428,37.55066275]}},{"type":"Feature","id":"street-17437","properties":{"id":"street-17437","dataset":"street","gu":"성동구","species":"양버즘나무","heightM":10.0,"crownWidthM":3.0,"rawHeight":10.0,"rawCrownWidth":3.0,"quality":"valid","sourceYear":2013},"geometry":{"type":"Point","coordinates":[127.02295827,37.55326926]}},{"type":"Feature","id":"street-17439","properties":{"id":"street-17439","dataset":"street","gu":"성동구","species":"느티나무","heightM":6.0,"crownWidthM":6.0,"rawHeight":6.0,"rawCrownWidth":6.0,"quality":"valid","sourceYear":2013},"geometry":{"type":"Point","coordinates":[127.02601891,37.55037217]}},{"type":"Feature","id":"street-17465","properties":{"id":"street-17465","dataset":"street","gu":"성동구","species":"회화나무","heightM":null,"crownWidthM":null,"rawHeight":0.0,"rawCrownWidth":0.0,"quality":"review","sourceYear":2013},"geometry":{"type":"Point","coordinates":[127.02418094,37.55561411]}},{"type":"Feature","id":"street-17469","properties":{"id":"street-17469","dataset":"street","gu":"성동구","species":"회화나무","heightM":6.0,"crownWidthM":2.0,"rawHeight":6.0,"rawCrownWidth":2.0,"quality":"valid","sourceYear":2013},"geometry":{"type":"Point","coordinates":[127.02615454,37.55586802]}},{"type":"Feature","id":"street-17562","properties":{"id":"street-17562","dataset":"street","gu":"성동구","species":"느티나무","heightM":8.0,"crownWidthM":2.0,"rawHeight":8.0,"rawCrownWidth":2.0,"quality":"valid","sourceYear":2013},"geometry":{"type":"Point","coordinates":[127.02575139,37.55568873]}},{"type":"Feature","id":"street-17566","properties":{"id":"street-17566","dataset":"street","gu":"성동구","species":"느티나무","heightM":6.0,"crownWidthM":2.0,"rawHeight":6.0,"rawCrownWidth":2.0,"quality":"valid","sourceYear":2013},"geometry":{"type":"Point","coordinates":[127.02769674,37.5564902]}},{"type":"Feature","id":"street-17581","properties":{"id":"street-17581","dataset":"street","gu":"성동구","species":"회화나무","heightM":6.0,"crownWidthM":2.0,"rawHeight":6.0,"rawCrownWidth":2.0,"quality":"valid","sourceYear":2013},"geometry":{"type":"Point","coordinates":[127.02601188,37.5557479]}},{"type":"Feature","id":"street-17592","properties":{"id":"street-17592","dataset":"street","gu":"성동구","species":"회화나무","heightM":null,"crownWidthM":null,"rawHeight":0.0,"rawCrownWidth":0.0,"quality":"review","sourceYear":2013},"geometry":{"type":"Point","coordinates":[127.02238725,37.55541378]}},{"type":"Feature","id":"street-17595","properties":{"id":"street-17595","dataset":"street","gu":"성동구","species":"단풍나무","heightM":null,"crownWidthM":null,"rawHeight":0.0,"rawCrownWidth":0.0,"quality":"review","sourceYear":2013},"geometry":{"type":"Point","coordinates":[127.02636278,37.55046644]}},{"type":"Feature","id":"street-17661","properties":{"id":"street-17661","dataset":"street","gu":"성동구","species":"느티나무","heightM":2.0,"crownWidthM":2.0,"rawHeight":2.0,"rawCrownWidth":2.0,"quality":"valid","sourceYear":2013},"geometry":{"type":"Point","coordinates":[127.02799184,37.55664264]}},{"type":"Feature","id":"street-17663","properties":{"id":"street-17663","dataset":"street","gu":"성동구","species":"회화나무","heightM":9.0,"crownWidthM":2.0,"rawHeight":9.0,"rawCrownWidth":2.0,"quality":"valid","sourceYear":2013},"geometry":{"type":"Point","coordinates":[127.025026,37.55562198]}},{"type":"Feature","id":"street-17773","properties":{"id":"street-17773","dataset":"street","gu":"성동구","species":"회화나무","heightM":7.0,"crownWidthM":3.0,"rawHeight":7.0,"rawCrownWidth":3.0,"quality":"valid","sourceYear":2013},"geometry":{"type":"Point","coordinates":[127.02950286,37.55745572]}},{"type":"Feature","id":"street-17808","properties":{"id":"street-17808","dataset":"street","gu":"성동구","species":"양버즘나무","heightM":9.0,"crownWidthM":6.0,"rawHeight":9.0,"rawCrownWidth":6.0,"quality":"valid","sourceYear":2013},"geometry":{"type":"Point","coordinates":[127.02138485,37.55355206]}},{"type":"Feature","id":"street-17851","properties":{"id":"street-17851","dataset":"street","gu":"성동구","species":"회화나무","heightM":null,"crownWidthM":null,"rawHeight":0.0,"rawCrownWidth":0.0,"quality":"review","sourceYear":2013},"geometry":{"type":"Point","coordinates":[127.02453527,37.55562106]}},{"type":"Feature","id":"street-17854","properties":{"id":"street-17854","dataset":"street","gu":"성동구","species":"느티나무","heightM":8.0,"crownWidthM":2.0,"rawHeight":8.0,"rawCrownWidth":2.0,"quality":"valid","sourceYear":2013},"geometry":{"type":"Point","coordinates":[127.02579687,37.55569859]}},{"type":"Feature","id":"street-17855","properties":{"id":"street-17855","dataset":"street","gu":"성동구","species":"단풍나무","heightM":null,"crownWidthM":null,"rawHeight":0.0,"rawCrownWidth":0.0,"quality":"review","sourceYear":2013},"geometry":{"type":"Point","coordinates":[127.02647277,37.55008456]}},{"type":"Feature","id":"street-18112","properties":{"id":"street-18112","dataset":"street","gu":"성동구","species":"양버즘나무","heightM":10.0,"crownWidthM":3.0,"rawHeight":10.0,"rawCrownWidth":3.0,"quality":"valid","sourceYear":2013},"geometry":{"type":"Point","coordinates":[127.02364446,37.55304261]}},{"type":"Feature","id":"street-18114","properties":{"id":"street-18114","dataset":"street","gu":"성동구","species":"아까시나무","heightM":12.0,"crownWidthM":10.0,"rawHeight":12.0,"rawCrownWidth":10.0,"quality":"valid","sourceYear":2013},"geometry":{"type":"Point","coordinates":[127.02240675,37.55337831]}},{"type":"Feature","id":"street-18115","properties":{"id":"street-18115","dataset":"street","gu":"성동구","species":"양버즘나무","heightM":9.0,"crownWidthM":4.0,"rawHeight":9.0,"rawCrownWidth":4.0,"quality":"valid","sourceYear":2013},"geometry":{"type":"Point","coordinates":[127.02109365,37.55382797]}},{"type":"Feature","id":"street-18117","properties":{"id":"street-18117","dataset":"street","gu":"성동구","species":"양버즘나무","heightM":9.0,"crownWidthM":3.0,"rawHeight":9.0,"rawCrownWidth":3.0,"quality":"valid","sourceYear":2013},"geometry":{"type":"Point","coordinates":[127.02356253,37.55306984]}},{"type":"Feature","id":"street-18118","properties":{"id":"street-18118","dataset":"street","gu":"성동구","species":"양버즘나무","heightM":9.0,"crownWidthM":4.0,"rawHeight":9.0,"rawCrownWidth":4.0,"quality":"valid","sourceYear":2013},"geometry":{"type":"Point","coordinates":[127.02099432,37.55390223]}},{"type":"Feature","id":"street-18737","properties":{"id":"street-18737","dataset":"street","gu":"성동구","species":"양버즘나무","heightM":9.0,"crownWidthM":4.0,"rawHeight":9.0,"rawCrownWidth":4.0,"quality":"valid","sourceYear":2013},"geometry":{"type":"Point","coordinates":[127.02543199,37.55159954]}},{"type":"Feature","id":"street-19229","properties":{"id":"street-19229","dataset":"street","gu":"성동구","species":"회화나무","heightM":5.0,"crownWidthM":4.0,"rawHeight":5.0,"rawCrownWidth":4.0,"quality":"valid","sourceYear":2013},"geometry":{"type":"Point","coordinates":[127.02466198,37.55764621]}},{"type":"Feature","id":"street-19610","properties":{"id":"street-19610","dataset":"street","gu":"성동구","species":"양버즘나무","heightM":10.0,"crownWidthM":5.0,"rawHeight":10.0,"rawCrownWidth":5.0,"quality":"valid","sourceYear":2013},"geometry":{"type":"Point","coordinates":[127.02579973,37.55055444]}},{"type":"Feature","id":"street-19611","properties":{"id":"street-19611","dataset":"street","gu":"성동구","species":"양버즘나무","heightM":10.0,"crownWidthM":5.0,"rawHeight":10.0,"rawCrownWidth":5.0,"quality":"valid","sourceYear":2013},"geometry":{"type":"Point","coordinates":[127.02582336,37.55050382]}},{"type":"Feature","id":"street-19612","properties":{"id":"street-19612","dataset":"street","gu":"성동구","species":"양버즘나무","heightM":10.0,"crownWidthM":4.0,"rawHeight":10.0,"rawCrownWidth":4.0,"quality":"valid","sourceYear":2013},"geometry":{"type":"Point","coordinates":[127.02577397,37.55060825]}},{"type":"Feature","id":"street-19674","properties":{"id":"street-19674","dataset":"street","gu":"성동구","species":"양버즘나무","heightM":10.0,"crownWidthM":2.0,"rawHeight":10.0,"rawCrownWidth":2.0,"quality":"valid","sourceYear":2013},"geometry":{"type":"Point","coordinates":[127.02319797,37.55320998]}},{"type":"Feature","id":"street-19675","properties":{"id":"street-19675","dataset":"street","gu":"성동구","species":"양버즘나무","heightM":8.0,"crownWidthM":3.0,"rawHeight":8.0,"rawCrownWidth":3.0,"quality":"valid","sourceYear":2013},"geometry":{"type":"Point","coordinates":[127.02074559,37.55409938]}},{"type":"Feature","id":"street-19755","properties":{"id":"street-19755","dataset":"street","gu":"성동구","species":"회화나무","heightM":5.0,"crownWidthM":4.0,"rawHeight":5.0,"rawCrownWidth":4.0,"quality":"valid","sourceYear":2013},"geometry":{"type":"Point","coordinates":[127.02466198,37.55764621]}},{"type":"Feature","id":"street-19969","properties":{"id":"street-19969","dataset":"street","gu":"성동구","species":"양버즘나무","heightM":10.0,"crownWidthM":5.0,"rawHeight":10.0,"rawCrownWidth":5.0,"quality":"valid","sourceYear":2013},"geometry":{"type":"Point","coordinates":[127.02554624,37.55113206]}},{"type":"Feature","id":"street-20038","properties":{"id":"street-20038","dataset":"street","gu":"성동구","species":"양버즘나무","heightM":10.0,"crownWidthM":6.0,"rawHeight":10.0,"rawCrownWidth":6.0,"quality":"valid","sourceYear":2013},"geometry":{"type":"Point","coordinates":[127.02556671,37.55105951]}},{"type":"Feature","id":"street-20039","properties":{"id":"street-20039","dataset":"street","gu":"성동구","species":"양버즘나무","heightM":9.0,"crownWidthM":3.0,"rawHeight":9.0,"rawCrownWidth":3.0,"quality":"valid","sourceYear":2013},"geometry":{"type":"Point","coordinates":[127.02079421,37.55392515]}},{"type":"Feature","id":"street-20040","properties":{"id":"street-20040","dataset":"street","gu":"성동구","species":"느릅나무","heightM":9.0,"crownWidthM":7.0,"rawHeight":9.0,"rawCrownWidth":7.0,"quality":"valid","sourceYear":2013},"geometry":{"type":"Point","coordinates":[127.02107139,37.55372301]}},{"type":"Feature","id":"street-20041","properties":{"id":"street-20041","dataset":"street","gu":"성동구","species":"양버즘나무","heightM":10.0,"crownWidthM":6.0,"rawHeight":10.0,"rawCrownWidth":6.0,"quality":"valid","sourceYear":2013},"geometry":{"type":"Point","coordinates":[127.0255851,37.55099314]}},{"type":"Feature","id":"street-20043","properties":{"id":"street-20043","dataset":"street","gu":"성동구","species":"회화나무","heightM":6.0,"crownWidthM":null,"rawHeight":6.0,"rawCrownWidth":0.0,"quality":"review","sourceYear":2013},"geometry":{"type":"Point","coordinates":[127.02826319,37.55678365]}},{"type":"Feature","id":"street-20044","properties":{"id":"street-20044","dataset":"street","gu":"성동구","species":"회화나무","heightM":6.0,"crownWidthM":null,"rawHeight":6.0,"rawCrownWidth":0.0,"quality":"review","sourceYear":2013},"geometry":{"type":"Point","coordinates":[127.02826319,37.55678365]}},{"type":"Feature","id":"street-20045","properties":{"id":"street-20045","dataset":"street","gu":"성동구","species":"회화나무","heightM":6.0,"crownWidthM":null,"rawHeight":6.0,"rawCrownWidth":0.0,"quality":"review","sourceYear":2013},"geometry":{"type":"Point","coordinates":[127.02826319,37.55678365]}},{"type":"Feature","id":"street-20130","properties":{"id":"street-20130","dataset":"street","gu":"성동구","species":"회화나무","heightM":6.0,"crownWidthM":2.0,"rawHeight":6.0,"rawCrownWidth":2.0,"quality":"valid","sourceYear":2013},"geometry":{"type":"Point","coordinates":[127.0262331,37.5558861]}},{"type":"Feature","id":"street-20576","properties":{"id":"street-20576","dataset":"street","gu":"성동구","species":"회화나무","heightM":6.0,"crownWidthM":null,"rawHeight":6.0,"rawCrownWidth":0.0,"quality":"review","sourceYear":2013},"geometry":{"type":"Point","coordinates":[127.02826319,37.55678365]}},{"type":"Feature","id":"street-20577","properties":{"id":"street-20577","dataset":"street","gu":"성동구","species":"회화나무","heightM":6.0,"crownWidthM":null,"rawHeight":6.0,"rawCrownWidth":0.0,"quality":"review","sourceYear":2013},"geometry":{"type":"Point","coordinates":[127.02826319,37.55678365]}},{"type":"Feature","id":"street-20778","properties":{"id":"street-20778","dataset":"street","gu":"성동구","species":"양버즘나무","heightM":10.0,"crownWidthM":6.0,"rawHeight":10.0,"rawCrownWidth":6.0,"quality":"valid","sourceYear":2013},"geometry":{"type":"Point","coordinates":[127.02560509,37.55091174]}},{"type":"Feature","id":"street-20780","properties":{"id":"street-20780","dataset":"street","gu":"성동구","species":"양버즘나무","heightM":10.0,"crownWidthM":6.0,"rawHeight":10.0,"rawCrownWidth":6.0,"quality":"valid","sourceYear":2013},"geometry":{"type":"Point","coordinates":[127.02562477,37.5508566]}},{"type":"Feature","id":"street-20797","properties":{"id":"street-20797","dataset":"street","gu":"성동구","species":"양버즘나무","heightM":10.0,"crownWidthM":7.0,"rawHeight":10.0,"rawCrownWidth":7.0,"quality":"valid","sourceYear":2013},"geometry":{"type":"Point","coordinates":[127.02268799,37.55322182]}},{"type":"Feature","id":"street-20876","properties":{"id":"street-20876","dataset":"street","gu":"성동구","species":"회화나무","heightM":null,"crownWidthM":null,"rawHeight":0.0,"rawCrownWidth":0.0,"quality":"review","sourceYear":2013},"geometry":{"type":"Point","coordinates":[127.02171989,37.55467168]}},{"type":"Feature","id":"street-20879","properties":{"id":"street-20879","dataset":"street","gu":"성동구","species":"회화나무","heightM":6.0,"crownWidthM":2.0,"rawHeight":6.0,"rawCrownWidth":2.0,"quality":"valid","sourceYear":2013},"geometry":{"type":"Point","coordinates":[127.02595399,37.55573311]}},{"type":"Feature","id":"street-20880","properties":{"id":"street-20880","dataset":"street","gu":"성동구","species":"회화나무","heightM":null,"crownWidthM":null,"rawHeight":0.0,"rawCrownWidth":0.0,"quality":"review","sourceYear":2013},"geometry":{"type":"Point","coordinates":[127.02196257,37.55474787]}},{"type":"Feature","id":"street-20945","properties":{"id":"street-20945","dataset":"street","gu":"성동구","species":"양버즘나무","heightM":9.0,"crownWidthM":5.0,"rawHeight":9.0,"rawCrownWidth":5.0,"quality":"valid","sourceYear":2013},"geometry":{"type":"Point","coordinates":[127.02545036,37.55153709]}},{"type":"Feature","id":"street-20948","properties":{"id":"street-20948","dataset":"street","gu":"성동구","species":"양버즘나무","heightM":9.0,"crownWidthM":5.0,"rawHeight":9.0,"rawCrownWidth":5.0,"quality":"valid","sourceYear":2013},"geometry":{"type":"Point","coordinates":[127.02548066,37.55141799]}},{"type":"Feature","id":"street-20949","properties":{"id":"street-20949","dataset":"street","gu":"성동구","species":"양버즘나무","heightM":9.0,"crownWidthM":5.0,"rawHeight":9.0,"rawCrownWidth":5.0,"quality":"valid","sourceYear":2013},"geometry":{"type":"Point","coordinates":[127.02546939,37.55147584]}},{"type":"Feature","id":"street-20950","properties":{"id":"street-20950","dataset":"street","gu":"성동구","species":"양버즘나무","heightM":10.0,"crownWidthM":4.0,"rawHeight":10.0,"rawCrownWidth":4.0,"quality":"valid","sourceYear":2013},"geometry":{"type":"Point","coordinates":[127.02566929,37.55076986]}},{"type":"Feature","id":"street-20957","properties":{"id":"street-20957","dataset":"street","gu":"성동구","species":"양버즘나무","heightM":9.0,"crownWidthM":5.0,"rawHeight":9.0,"rawCrownWidth":5.0,"quality":"valid","sourceYear":2013},"geometry":{"type":"Point","coordinates":[127.02553143,37.5512155]}},{"type":"Feature","id":"street-20959","properties":{"id":"street-20959","dataset":"street","gu":"성동구","species":"양버즘나무","heightM":9.0,"crownWidthM":5.0,"rawHeight":9.0,"rawCrownWidth":5.0,"quality":"valid","sourceYear":2013},"geometry":{"type":"Point","coordinates":[127.02550113,37.5513425]}},{"type":"Feature","id":"street-193689","properties":{"id":"street-193689","dataset":"street","gu":"성동구","species":"양버즘나무","heightM":9.0,"crownWidthM":5.0,"rawHeight":9.0,"rawCrownWidth":5.0,"quality":"valid","sourceYear":2013},"geometry":{"type":"Point","coordinates":[127.0255166,37.55127392]}},{"type":"Feature","id":"street-193691","properties":{"id":"street-193691","dataset":"street","gu":"성동구","species":"회화나무","heightM":6.0,"crownWidthM":null,"rawHeight":6.0,"rawCrownWidth":0.0,"quality":"review","sourceYear":2013},"geometry":{"type":"Point","coordinates":[127.02826319,37.55678365]}},{"type":"Feature","id":"street-194305","properties":{"id":"street-194305","dataset":"street","gu":"성동구","species":"양버즘나무","heightM":10.0,"crownWidthM":3.0,"rawHeight":10.0,"rawCrownWidth":3.0,"quality":"valid","sourceYear":2013},"geometry":{"type":"Point","coordinates":[127.02279505,37.55330277]}},{"type":"Feature","id":"street-194781","properties":{"id":"street-194781","dataset":"street","gu":"성동구","species":"회화나무","heightM":5.0,"crownWidthM":4.0,"rawHeight":5.0,"rawCrownWidth":4.0,"quality":"valid","sourceYear":2013},"geometry":{"type":"Point","coordinates":[127.02466198,37.55764621]}},{"type":"Feature","id":"street-194782","properties":{"id":"street-194782","dataset":"street","gu":"성동구","species":"회화나무","heightM":5.0,"crownWidthM":4.0,"rawHeight":5.0,"rawCrownWidth":4.0,"quality":"valid","sourceYear":2013},"geometry":{"type":"Point","coordinates":[127.02466198,37.55764621]}},{"type":"Feature","id":"street-194783","properties":{"id":"street-194783","dataset":"street","gu":"성동구","species":"회화나무","heightM":5.0,"crownWidthM":4.0,"rawHeight":5.0,"rawCrownWidth":4.0,"quality":"valid","sourceYear":2013},"geometry":{"type":"Point","coordinates":[127.02466198,37.55764621]}},{"type":"Feature","id":"street-195124","properties":{"id":"street-195124","dataset":"street","gu":"성동구","species":"느티나무","heightM":8.0,"crownWidthM":2.0,"rawHeight":8.0,"rawCrownWidth":2.0,"quality":"valid","sourceYear":2013},"geometry":{"type":"Point","coordinates":[127.0257762,37.55569366]}},{"type":"Feature","id":"street-195137","properties":{"id":"street-195137","dataset":"street","gu":"성동구","species":"회화나무","heightM":5.0,"crownWidthM":4.0,"rawHeight":5.0,"rawCrownWidth":4.0,"quality":"valid","sourceYear":2013},"geometry":{"type":"Point","coordinates":[127.02466198,37.55764621]}},{"type":"Feature","id":"street-195485","properties":{"id":"street-195485","dataset":"street","gu":"성동구","species":"회화나무","heightM":null,"crownWidthM":null,"rawHeight":0.0,"rawCrownWidth":0.0,"quality":"review","sourceYear":2013},"geometry":{"type":"Point","coordinates":[127.02426017,37.5556176]}},{"type":"Feature","id":"street-195499","properties":{"id":"street-195499","dataset":"street","gu":"성동구","species":"회화나무","heightM":5.0,"crownWidthM":4.0,"rawHeight":5.0,"rawCrownWidth":4.0,"quality":"valid","sourceYear":2013},"geometry":{"type":"Point","coordinates":[127.02466198,37.55764621]}},{"type":"Feature","id":"street-198554","properties":{"id":"street-198554","dataset":"street","gu":"성동구","species":"회화나무","heightM":6.0,"crownWidthM":2.0,"rawHeight":6.0,"rawCrownWidth":2.0,"quality":"valid","sourceYear":2013},"geometry":{"type":"Point","coordinates":[127.02604909,37.55575612]}},{"type":"Feature","id":"street-198560","properties":{"id":"street-198560","dataset":"street","gu":"성동구","species":"느티나무","heightM":6.0,"crownWidthM":2.0,"rawHeight":6.0,"rawCrownWidth":2.0,"quality":"valid","sourceYear":2013},"geometry":{"type":"Point","coordinates":[127.02748684,37.55638377]}},{"type":"Feature","id":"street-198565","properties":{"id":"street-198565","dataset":"street","gu":"성동구","species":"느티나무","heightM":9.0,"crownWidthM":2.0,"rawHeight":9.0,"rawCrownWidth":2.0,"quality":"valid","sourceYear":2013},"geometry":{"type":"Point","coordinates":[127.02701223,37.55614284]}},{"type":"Feature","id":"street-198567","properties":{"id":"street-198567","dataset":"street","gu":"성동구","species":"회화나무","heightM":6.0,"crownWidthM":2.0,"rawHeight":6.0,"rawCrownWidth":2.0,"quality":"valid","sourceYear":2013},"geometry":{"type":"Point","coordinates":[127.0263592,37.55583339]}},{"type":"Feature","id":"street-198962","properties":{"id":"street-198962","dataset":"street","gu":"성동구","species":"느티나무","heightM":6.0,"crownWidthM":2.0,"rawHeight":6.0,"rawCrownWidth":2.0,"quality":"valid","sourceYear":2013},"geometry":{"type":"Point","coordinates":[127.02683646,37.55614794]}},{"type":"Feature","id":"street-230451","properties":{"id":"street-230451","dataset":"street","gu":"성동구","species":"회화나무","heightM":5.0,"crownWidthM":4.0,"rawHeight":5.0,"rawCrownWidth":4.0,"quality":"valid","sourceYear":2013},"geometry":{"type":"Point","coordinates":[127.02466198,37.55764621]}},{"type":"Feature","id":"street-232457","properties":{"id":"street-232457","dataset":"street","gu":"성동구","species":"회화나무","heightM":6.0,"crownWidthM":3.0,"rawHeight":6.0,"rawCrownWidth":3.0,"quality":"valid","sourceYear":2013},"geometry":{"type":"Point","coordinates":[127.02809387,37.55671033]}},{"type":"Feature","id":"street-233178","properties":{"id":"street-233178","dataset":"street","gu":"성동구","species":"회화나무","heightM":null,"crownWidthM":null,"rawHeight":0.0,"rawCrownWidth":0.0,"quality":"review","sourceYear":2013},"geometry":{"type":"Point","coordinates":[127.022135,37.5549054]}},{"type":"Feature","id":"street-233180","properties":{"id":"street-233180","dataset":"street","gu":"성동구","species":"회화나무","heightM":null,"crownWidthM":null,"rawHeight":0.0,"rawCrownWidth":0.0,"quality":"review","sourceYear":2013},"geometry":{"type":"Point","coordinates":[127.02188593,37.55471739]}},{"type":"Feature","id":"street-233219","properties":{"id":"street-233219","dataset":"street","gu":"성동구","species":"회화나무","heightM":null,"crownWidthM":null,"rawHeight":0.0,"rawCrownWidth":0.0,"quality":"review","sourceYear":2013},"geometry":{"type":"Point","coordinates":[127.02447145,37.55561932]}},{"type":"Feature","id":"street-233221","properties":{"id":"street-233221","dataset":"street","gu":"성동구","species":"소나무","heightM":9.0,"crownWidthM":2.0,"rawHeight":9.0,"rawCrownWidth":2.0,"quality":"valid","sourceYear":2013},"geometry":{"type":"Point","coordinates":[127.02563721,37.55574491]}},{"type":"Feature","id":"street-233963","properties":{"id":"street-233963","dataset":"street","gu":"성동구","species":"회화나무","heightM":5.0,"crownWidthM":4.0,"rawHeight":5.0,"rawCrownWidth":4.0,"quality":"valid","sourceYear":2013},"geometry":{"type":"Point","coordinates":[127.02466198,37.55764621]}},{"type":"Feature","id":"street-234308","properties":{"id":"street-234308","dataset":"street","gu":"성동구","species":"양버즘나무","heightM":10.0,"crownWidthM":3.0,"rawHeight":10.0,"rawCrownWidth":3.0,"quality":"valid","sourceYear":2013},"geometry":{"type":"Point","coordinates":[127.02220657,37.55341827]}},{"type":"Feature","id":"street-234309","properties":{"id":"street-234309","dataset":"street","gu":"성동구","species":"양버즘나무","heightM":10.0,"crownWidthM":5.0,"rawHeight":10.0,"rawCrownWidth":5.0,"quality":"valid","sourceYear":2013},"geometry":{"type":"Point","coordinates":[127.02573227,37.55067516]}},{"type":"Feature","id":"street-234663","properties":{"id":"street-234663","dataset":"street","gu":"성동구","species":"양버즘나무","heightM":9.0,"crownWidthM":5.0,"rawHeight":9.0,"rawCrownWidth":5.0,"quality":"valid","sourceYear":2013},"geometry":{"type":"Point","coordinates":[127.02537825,37.55179435]}},{"type":"Feature","id":"street-235022","properties":{"id":"street-235022","dataset":"street","gu":"성동구","species":"회화나무","heightM":5.0,"crownWidthM":4.0,"rawHeight":5.0,"rawCrownWidth":4.0,"quality":"valid","sourceYear":2013},"geometry":{"type":"Point","coordinates":[127.02466198,37.55764621]}},{"type":"Feature","id":"street-235023","properties":{"id":"street-235023","dataset":"street","gu":"성동구","species":"회화나무","heightM":5.0,"crownWidthM":4.0,"rawHeight":5.0,"rawCrownWidth":4.0,"quality":"valid","sourceYear":2013},"geometry":{"type":"Point","coordinates":[127.02466198,37.55764621]}},{"type":"Feature","id":"street-235024","properties":{"id":"street-235024","dataset":"street","gu":"성동구","species":"회화나무","heightM":5.0,"crownWidthM":4.0,"rawHeight":5.0,"rawCrownWidth":4.0,"quality":"valid","sourceYear":2013},"geometry":{"type":"Point","coordinates":[127.02466198,37.55764621]}},{"type":"Feature","id":"street-235300","properties":{"id":"street-235300","dataset":"street","gu":"성동구","species":"양버즘나무","heightM":10.0,"crownWidthM":4.0,"rawHeight":10.0,"rawCrownWidth":4.0,"quality":"valid","sourceYear":2013},"geometry":{"type":"Point","coordinates":[127.02594428,37.5505241]}},{"type":"Feature","id":"street-235301","properties":{"id":"street-235301","dataset":"street","gu":"성동구","species":"4","heightM":null,"crownWidthM":null,"rawHeight":0.0,"rawCrownWidth":0.0,"quality":"review","sourceYear":2013},"geometry":{"type":"Point","coordinates":[127.02055807,37.55423861]}},{"type":"Feature","id":"street-235304","properties":{"id":"street-235304","dataset":"street","gu":"성동구","species":"양버즘나무","heightM":10.0,"crownWidthM":1.0,"rawHeight":10.0,"rawCrownWidth":1.0,"quality":"valid","sourceYear":2013},"geometry":{"type":"Point","coordinates":[127.02612141,37.55011889]}},{"type":"Feature","id":"street-235305","properties":{"id":"street-235305","dataset":"street","gu":"성동구","species":"양버즘나무","heightM":10.0,"crownWidthM":2.0,"rawHeight":10.0,"rawCrownWidth":2.0,"quality":"valid","sourceYear":2013},"geometry":{"type":"Point","coordinates":[127.02469449,37.55262558]}},{"type":"Feature","id":"street-235306","properties":{"id":"street-235306","dataset":"street","gu":"성동구","species":"양버즘나무","heightM":6.0,"crownWidthM":3.0,"rawHeight":6.0,"rawCrownWidth":3.0,"quality":"valid","sourceYear":2013},"geometry":{"type":"Point","coordinates":[127.02557724,37.5515374]}},{"type":"Feature","id":"street-236074","properties":{"id":"street-236074","dataset":"street","gu":"성동구","species":"회화나무","heightM":5.0,"crownWidthM":4.0,"rawHeight":5.0,"rawCrownWidth":4.0,"quality":"valid","sourceYear":2013},"geometry":{"type":"Point","coordinates":[127.02466198,37.55764621]}},{"type":"Feature","id":"street-236075","properties":{"id":"street-236075","dataset":"street","gu":"성동구","species":"회화나무","heightM":5.0,"crownWidthM":4.0,"rawHeight":5.0,"rawCrownWidth":4.0,"quality":"valid","sourceYear":2013},"geometry":{"type":"Point","coordinates":[127.02466198,37.55764621]}},{"type":"Feature","id":"street-236076","properties":{"id":"street-236076","dataset":"street","gu":"성동구","species":"회화나무","heightM":5.0,"crownWidthM":4.0,"rawHeight":5.0,"rawCrownWidth":4.0,"quality":"valid","sourceYear":2013},"geometry":{"type":"Point","coordinates":[127.02466198,37.55764621]}},{"type":"Feature","id":"street-244391","properties":{"id":"street-244391","dataset":"street","gu":"성동구","species":"회화나무","heightM":6.0,"crownWidthM":2.0,"rawHeight":6.0,"rawCrownWidth":2.0,"quality":"valid","sourceYear":2013},"geometry":{"type":"Point","coordinates":[127.02608425,37.55584994]}},{"type":"Feature","id":"street-244392","properties":{"id":"street-244392","dataset":"street","gu":"성동구","species":"회화나무","heightM":6.0,"crownWidthM":2.0,"rawHeight":6.0,"rawCrownWidth":2.0,"quality":"valid","sourceYear":2013},"geometry":{"type":"Point","coordinates":[127.02574107,37.55576609]}},{"type":"Feature","id":"street-244577","properties":{"id":"street-244577","dataset":"street","gu":"성동구","species":"회화나무","heightM":6.0,"crownWidthM":2.0,"rawHeight":6.0,"rawCrownWidth":2.0,"quality":"valid","sourceYear":2013},"geometry":{"type":"Point","coordinates":[127.02650794,37.55599812]}},{"type":"Feature","id":"street-244688","properties":{"id":"street-244688","dataset":"street","gu":"성동구","species":"단풍나무","heightM":null,"crownWidthM":null,"rawHeight":0.0,"rawCrownWidth":0.0,"quality":"review","sourceYear":2013},"geometry":{"type":"Point","coordinates":[127.02652783,37.55015342]}},{"type":"Feature","id":"street-244788","properties":{"id":"street-244788","dataset":"street","gu":"성동구","species":"회화나무","heightM":6.0,"crownWidthM":2.0,"rawHeight":6.0,"rawCrownWidth":2.0,"quality":"valid","sourceYear":2013},"geometry":{"type":"Point","coordinates":[127.02621243,37.55587953]}},{"type":"Feature","id":"street-244789","properties":{"id":"street-244789","dataset":"street","gu":"성동구","species":"회화나무","heightM":null,"crownWidthM":null,"rawHeight":0.0,"rawCrownWidth":0.0,"quality":"review","sourceYear":2013},"geometry":{"type":"Point","coordinates":[127.02284834,37.55556175]}},{"type":"Feature","id":"street-244791","properties":{"id":"street-244791","dataset":"street","gu":"성동구","species":"회화나무","heightM":9.0,"crownWidthM":2.0,"rawHeight":9.0,"rawCrownWidth":2.0,"quality":"valid","sourceYear":2013},"geometry":{"type":"Point","coordinates":[127.02509239,37.55562901]}},{"type":"Feature","id":"street-245439","properties":{"id":"street-245439","dataset":"street","gu":"성동구","species":"느티나무","heightM":8.0,"crownWidthM":2.0,"rawHeight":8.0,"rawCrownWidth":2.0,"quality":"valid","sourceYear":2013},"geometry":{"type":"Point","coordinates":[127.02584442,37.55570845]}},{"type":"Feature","id":"street-245641","properties":{"id":"street-245641","dataset":"street","gu":"성동구","species":"회화나무","heightM":null,"crownWidthM":null,"rawHeight":0.0,"rawCrownWidth":0.0,"quality":"review","sourceYear":2013},"geometry":{"type":"Point","coordinates":[127.02222442,37.55502738]}},{"type":"Feature","id":"street-245642","properties":{"id":"street-245642","dataset":"street","gu":"성동구","species":"회화나무","heightM":null,"crownWidthM":null,"rawHeight":0.0,"rawCrownWidth":0.0,"quality":"review","sourceYear":2013},"geometry":{"type":"Point","coordinates":[127.02218612,37.55519513]}},{"type":"Feature","id":"street-245713","properties":{"id":"street-245713","dataset":"street","gu":"성동구","species":"소나무","heightM":9.0,"crownWidthM":2.0,"rawHeight":9.0,"rawCrownWidth":2.0,"quality":"valid","sourceYear":2013},"geometry":{"type":"Point","coordinates":[127.02552825,37.55572753]}},{"type":"Feature","id":"street-246009","properties":{"id":"street-246009","dataset":"street","gu":"성동구","species":"회화나무","heightM":null,"crownWidthM":null,"rawHeight":0.0,"rawCrownWidth":0.0,"quality":"review","sourceYear":2013},"geometry":{"type":"Point","coordinates":[127.02266237,37.55553725]}},{"type":"Feature","id":"street-246068","properties":{"id":"street-246068","dataset":"street","gu":"성동구","species":"느티나무","heightM":6.0,"crownWidthM":2.0,"rawHeight":6.0,"rawCrownWidth":2.0,"quality":"valid","sourceYear":2013},"geometry":{"type":"Point","coordinates":[127.02700402,37.55623501]}},{"type":"Feature","id":"street-246072","properties":{"id":"street-246072","dataset":"street","gu":"성동구","species":"회화나무","heightM":null,"crownWidthM":null,"rawHeight":0.0,"rawCrownWidth":0.0,"quality":"review","sourceYear":2013},"geometry":{"type":"Point","coordinates":[127.02101744,37.55465655]}},{"type":"Feature","id":"street-246102","properties":{"id":"street-246102","dataset":"street","gu":"성동구","species":"회화나무","heightM":null,"crownWidthM":null,"rawHeight":0.0,"rawCrownWidth":0.0,"quality":"review","sourceYear":2013},"geometry":{"type":"Point","coordinates":[127.02398396,37.55559662]}},{"type":"Feature","id":"street-246774","properties":{"id":"street-246774","dataset":"street","gu":"성동구","species":"단풍나무","heightM":null,"crownWidthM":null,"rawHeight":0.0,"rawCrownWidth":0.0,"quality":"review","sourceYear":2013},"geometry":{"type":"Point","coordinates":[127.02640204,37.55025359]}},{"type":"Feature","id":"street-251049","properties":{"id":"street-251049","dataset":"street","gu":"성동구","species":"회화나무","heightM":6.0,"crownWidthM":2.0,"rawHeight":6.0,"rawCrownWidth":2.0,"quality":"valid","sourceYear":2013},"geometry":{"type":"Point","coordinates":[127.02585746,37.55578996]}},{"type":"Feature","id":"park-private-3084","properties":{"id":"park-private-3084","dataset":"park-private","gu":"중구","species":"느티나무","heightM":5.0,"crownWidthM":5.0,"rawHeight":5.0,"rawCrownWidth":5.0,"quality":"valid","sourceYear":2013},"geometry":{"type":"Point","coordinates":[127.02182693,37.559338]}},{"type":"Feature","id":"park-private-3085","properties":{"id":"park-private-3085","dataset":"park-private","gu":"중구","species":"느티나무","heightM":5.0,"crownWidthM":5.0,"rawHeight":5.0,"rawCrownWidth":5.0,"quality":"valid","sourceYear":2013},"geometry":{"type":"Point","coordinates":[127.02190524,37.5598967]}},{"type":"Feature","id":"park-private-3086","properties":{"id":"park-private-3086","dataset":"park-private","gu":"중구","species":"느티나무","heightM":7.0,"crownWidthM":6.0,"rawHeight":7.0,"rawCrownWidth":6.0,"quality":"valid","sourceYear":2013},"geometry":{"type":"Point","coordinates":[127.0200541,37.55828576]}},{"type":"Feature","id":"park-private-3547","properties":{"id":"park-private-3547","dataset":"park-private","gu":"중구","species":"느티나무","heightM":7.0,"crownWidthM":6.0,"rawHeight":7.0,"rawCrownWidth":6.0,"quality":"valid","sourceYear":2013},"geometry":{"type":"Point","coordinates":[127.0200045,37.55823499]}},{"type":"Feature","id":"park-private-3996","properties":{"id":"park-private-3996","dataset":"park-private","gu":"중구","species":"느티나무","heightM":7.0,"crownWidthM":7.0,"rawHeight":7.0,"rawCrownWidth":7.0,"quality":"valid","sourceYear":2013},"geometry":{"type":"Point","coordinates":[127.02007879,37.55839294]}},{"type":"Feature","id":"park-private-4173","properties":{"id":"park-private-4173","dataset":"park-private","gu":"중구","species":"느티나무","heightM":7.0,"crownWidthM":6.0,"rawHeight":7.0,"rawCrownWidth":6.0,"quality":"valid","sourceYear":2013},"geometry":{"type":"Point","coordinates":[127.02021747,37.55814476]}},{"type":"Feature","id":"park-private-4388","properties":{"id":"park-private-4388","dataset":"park-private","gu":"중구","species":"벚나무","heightM":4.0,"crownWidthM":4.0,"rawHeight":4.0,"rawCrownWidth":4.0,"quality":"valid","sourceYear":2013},"geometry":{"type":"Point","coordinates":[127.02040555,37.55809682]}},{"type":"Feature","id":"park-private-4981","properties":{"id":"park-private-4981","dataset":"park-private","gu":"중구","species":"벚나무","heightM":5.0,"crownWidthM":4.0,"rawHeight":5.0,"rawCrownWidth":4.0,"quality":"valid","sourceYear":2013},"geometry":{"type":"Point","coordinates":[127.02085158,37.55884144]}},{"type":"Feature","id":"park-private-5062","properties":{"id":"park-private-5062","dataset":"park-private","gu":"중구","species":"느티나무","heightM":4.0,"crownWidthM":4.0,"rawHeight":4.0,"rawCrownWidth":4.0,"quality":"valid","sourceYear":2013},"geometry":{"type":"Point","coordinates":[127.02070536,37.55952964]}},{"type":"Feature","id":"park-private-5415","properties":{"id":"park-private-5415","dataset":"park-private","gu":"중구","species":"아카시아나무","heightM":7.0,"crownWidthM":3.0,"rawHeight":7.0,"rawCrownWidth":3.0,"quality":"valid","sourceYear":2013},"geometry":{"type":"Point","coordinates":[127.02016004,37.55865525]}},{"type":"Feature","id":"park-private-5782","properties":{"id":"park-private-5782","dataset":"park-private","gu":"중구","species":"양버즘나무","heightM":5.0,"crownWidthM":2.0,"rawHeight":5.0,"rawCrownWidth":2.0,"quality":"valid","sourceYear":2013},"geometry":{"type":"Point","coordinates":[127.02046432,37.55928704]}},{"type":"Feature","id":"park-private-6005","properties":{"id":"park-private-6005","dataset":"park-private","gu":"중구","species":"아카시아나무","heightM":7.0,"crownWidthM":5.0,"rawHeight":7.0,"rawCrownWidth":5.0,"quality":"valid","sourceYear":2013},"geometry":{"type":"Point","coordinates":[127.0204829,37.55863553]}},{"type":"Feature","id":"park-private-6006","properties":{"id":"park-private-6006","dataset":"park-private","gu":"중구","species":"아카시아나무","heightM":7.0,"crownWidthM":4.0,"rawHeight":7.0,"rawCrownWidth":4.0,"quality":"valid","sourceYear":2013},"geometry":{"type":"Point","coordinates":[127.02022747,37.55863551]}},{"type":"Feature","id":"park-private-6115","properties":{"id":"park-private-6115","dataset":"park-private","gu":"중구","species":"양버즘나무","heightM":5.0,"crownWidthM":5.0,"rawHeight":5.0,"rawCrownWidth":5.0,"quality":"valid","sourceYear":2013},"geometry":{"type":"Point","coordinates":[127.02059887,37.55951269]}},{"type":"Feature","id":"park-private-6120","properties":{"id":"park-private-6120","dataset":"park-private","gu":"중구","species":"벚나무","heightM":4.0,"crownWidthM":3.0,"rawHeight":4.0,"rawCrownWidth":3.0,"quality":"valid","sourceYear":2013},"geometry":{"type":"Point","coordinates":[127.02074167,37.55879631]}},{"type":"Feature","id":"park-private-6234","properties":{"id":"park-private-6234","dataset":"park-private","gu":"중구","species":"느티나무","heightM":4.0,"crownWidthM":3.0,"rawHeight":4.0,"rawCrownWidth":3.0,"quality":"valid","sourceYear":2013},"geometry":{"type":"Point","coordinates":[127.02207551,37.55962586]}},{"type":"Feature","id":"park-private-6372","properties":{"id":"park-private-6372","dataset":"park-private","gu":"성동구","species":"감나무","heightM":9.0,"crownWidthM":9.0,"rawHeight":9.0,"rawCrownWidth":9.0,"quality":"valid","sourceYear":2013},"geometry":{"type":"Point","coordinates":[127.02382915,37.55514967]}},{"type":"Feature","id":"park-private-6526","properties":{"id":"park-private-6526","dataset":"park-private","gu":"성동구","species":"대추나무","heightM":10.0,"crownWidthM":8.0,"rawHeight":10.0,"rawCrownWidth":8.0,"quality":"valid","sourceYear":2013},"geometry":{"type":"Point","coordinates":[127.02396409,37.55481646]}},{"type":"Feature","id":"park-private-6574","properties":{"id":"park-private-6574","dataset":"park-private","gu":"성동구","species":"은행나무","heightM":11.0,"crownWidthM":8.0,"rawHeight":11.0,"rawCrownWidth":8.0,"quality":"valid","sourceYear":2013},"geometry":{"type":"Point","coordinates":[127.02427415,37.55054998]}},{"type":"Feature","id":"park-private-6997","properties":{"id":"park-private-6997","dataset":"park-private","gu":"성동구","species":"은행나무","heightM":7.0,"crownWidthM":2.0,"rawHeight":7.0,"rawCrownWidth":2.0,"quality":"valid","sourceYear":2013},"geometry":{"type":"Point","coordinates":[127.02363216,37.55663211]}},{"type":"Feature","id":"park-private-7284","properties":{"id":"park-private-7284","dataset":"park-private","gu":"성동구","species":"밤나무","heightM":7.0,"crownWidthM":7.0,"rawHeight":7.0,"rawCrownWidth":7.0,"quality":"valid","sourceYear":2013},"geometry":{"type":"Point","coordinates":[127.02084709,37.55209528]}},{"type":"Feature","id":"park-private-7372","properties":{"id":"park-private-7372","dataset":"park-private","gu":"성동구","species":"밤나무","heightM":9.0,"crownWidthM":11.0,"rawHeight":9.0,"rawCrownWidth":11.0,"quality":"valid","sourceYear":2013},"geometry":{"type":"Point","coordinates":[127.02139356,37.55241156]}},{"type":"Feature","id":"park-private-7457","properties":{"id":"park-private-7457","dataset":"park-private","gu":"성동구","species":"대추나무","heightM":12.0,"crownWidthM":8.0,"rawHeight":12.0,"rawCrownWidth":8.0,"quality":"valid","sourceYear":2013},"geometry":{"type":"Point","coordinates":[127.02356832,37.55529939]}},{"type":"Feature","id":"park-private-7475","properties":{"id":"park-private-7475","dataset":"park-private","gu":"성동구","species":"단풍나무","heightM":10.0,"crownWidthM":12.0,"rawHeight":10.0,"rawCrownWidth":12.0,"quality":"valid","sourceYear":2013},"geometry":{"type":"Point","coordinates":[127.02236471,37.5539767]}},{"type":"Feature","id":"park-private-7482","properties":{"id":"park-private-7482","dataset":"park-private","gu":"성동구","species":"은행나무","heightM":15.0,"crownWidthM":8.0,"rawHeight":15.0,"rawCrownWidth":8.0,"quality":"valid","sourceYear":2013},"geometry":{"type":"Point","coordinates":[127.02092251,37.55422556]}},{"type":"Feature","id":"park-private-7566","properties":{"id":"park-private-7566","dataset":"park-private","gu":"성동구","species":"감나무","heightM":10.0,"crownWidthM":10.0,"rawHeight":10.0,"rawCrownWidth":10.0,"quality":"valid","sourceYear":2013},"geometry":{"type":"Point","coordinates":[127.02038118,37.5550269]}},{"type":"Feature","id":"park-private-7581","properties":{"id":"park-private-7581","dataset":"park-private","gu":"성동구","species":"가래나무","heightM":13.0,"crownWidthM":10.0,"rawHeight":13.0,"rawCrownWidth":10.0,"quality":"valid","sourceYear":2013},"geometry":{"type":"Point","coordinates":[127.02322268,37.55662132]}},{"type":"Feature","id":"park-private-10034","properties":{"id":"park-private-10034","dataset":"park-private","gu":"성동구","species":"참오동","heightM":10.0,"crownWidthM":7.0,"rawHeight":10.0,"rawCrownWidth":7.0,"quality":"valid","sourceYear":2013},"geometry":{"type":"Point","coordinates":[127.02088686,37.55422134]}},{"type":"Feature","id":"park-private-10708","properties":{"id":"park-private-10708","dataset":"park-private","gu":"성동구","species":"은행나무","heightM":11.0,"crownWidthM":4.0,"rawHeight":11.0,"rawCrownWidth":4.0,"quality":"valid","sourceYear":2013},"geometry":{"type":"Point","coordinates":[127.02527658,37.55028133]}},{"type":"Feature","id":"park-private-10806","properties":{"id":"park-private-10806","dataset":"park-private","gu":"성동구","species":"은행나무","heightM":15.0,"crownWidthM":9.0,"rawHeight":15.0,"rawCrownWidth":9.0,"quality":"valid","sourceYear":2013},"geometry":{"type":"Point","coordinates":[127.02171334,37.55396716]}},{"type":"Feature","id":"park-private-10907","properties":{"id":"park-private-10907","dataset":"park-private","gu":"성동구","species":"가래나무","heightM":15.0,"crownWidthM":10.0,"rawHeight":15.0,"rawCrownWidth":10.0,"quality":"valid","sourceYear":2013},"geometry":{"type":"Point","coordinates":[127.02343498,37.5563907]}},{"type":"Feature","id":"park-private-10965","properties":{"id":"park-private-10965","dataset":"park-private","gu":"성동구","species":"은행나무","heightM":9.0,"crownWidthM":2.0,"rawHeight":9.0,"rawCrownWidth":2.0,"quality":"valid","sourceYear":2013},"geometry":{"type":"Point","coordinates":[127.02363975,37.55669729]}},{"type":"Feature","id":"park-private-11049","properties":{"id":"park-private-11049","dataset":"park-private","gu":"성동구","species":"은행나무","heightM":8.0,"crownWidthM":4.0,"rawHeight":8.0,"rawCrownWidth":4.0,"quality":"valid","sourceYear":2013},"geometry":{"type":"Point","coordinates":[127.0247624,37.55144099]}},{"type":"Feature","id":"park-private-11060","properties":{"id":"park-private-11060","dataset":"park-private","gu":"성동구","species":"은행나무","heightM":13.0,"crownWidthM":6.0,"rawHeight":13.0,"rawCrownWidth":6.0,"quality":"valid","sourceYear":2013},"geometry":{"type":"Point","coordinates":[127.02405862,37.55822185]}},{"type":"Feature","id":"park-private-11062","properties":{"id":"park-private-11062","dataset":"park-private","gu":"성동구","species":"아까시나무","heightM":10.0,"crownWidthM":10.0,"rawHeight":10.0,"rawCrownWidth":10.0,"quality":"valid","sourceYear":2013},"geometry":{"type":"Point","coordinates":[127.02359878,37.5565114]}},{"type":"Feature","id":"park-private-11099","properties":{"id":"park-private-11099","dataset":"park-private","gu":"성동구","species":"아까시나무","heightM":12.0,"crownWidthM":10.0,"rawHeight":12.0,"rawCrownWidth":10.0,"quality":"valid","sourceYear":2013},"geometry":{"type":"Point","coordinates":[127.02318023,37.55666722]}},{"type":"Feature","id":"park-private-11111","properties":{"id":"park-private-11111","dataset":"park-private","gu":"성동구","species":"소나무","heightM":8.0,"crownWidthM":4.0,"rawHeight":8.0,"rawCrownWidth":4.0,"quality":"valid","sourceYear":2013},"geometry":{"type":"Point","coordinates":[127.02813775,37.55716589]}},{"type":"Feature","id":"park-private-11128","properties":{"id":"park-private-11128","dataset":"park-private","gu":"성동구","species":"느티나무","heightM":7.0,"crownWidthM":7.0,"rawHeight":7.0,"rawCrownWidth":7.0,"quality":"valid","sourceYear":2013},"geometry":{"type":"Point","coordinates":[127.02273021,37.55963575]}},{"type":"Feature","id":"park-private-11417","properties":{"id":"park-private-11417","dataset":"park-private","gu":"성동구","species":"미루나무","heightM":9.0,"crownWidthM":9.0,"rawHeight":9.0,"rawCrownWidth":9.0,"quality":"valid","sourceYear":2013},"geometry":{"type":"Point","coordinates":[127.02119711,37.55249285]}},{"type":"Feature","id":"park-private-11422","properties":{"id":"park-private-11422","dataset":"park-private","gu":"성동구","species":"소나무","heightM":9.0,"crownWidthM":4.0,"rawHeight":9.0,"rawCrownWidth":4.0,"quality":"valid","sourceYear":2013},"geometry":{"type":"Point","coordinates":[127.02826823,37.55723829]}},{"type":"Feature","id":"park-private-11424","properties":{"id":"park-private-11424","dataset":"park-private","gu":"성동구","species":"목련","heightM":9.0,"crownWidthM":7.0,"rawHeight":9.0,"rawCrownWidth":7.0,"quality":"valid","sourceYear":2013},"geometry":{"type":"Point","coordinates":[127.02359404,37.55477668]}},{"type":"Feature","id":"park-private-11436","properties":{"id":"park-private-11436","dataset":"park-private","gu":"성동구","species":"단풍나무","heightM":9.0,"crownWidthM":7.0,"rawHeight":9.0,"rawCrownWidth":7.0,"quality":"valid","sourceYear":2013},"geometry":{"type":"Point","coordinates":[127.02230252,37.55394775]}},{"type":"Feature","id":"park-private-11474","properties":{"id":"park-private-11474","dataset":"park-private","gu":"성동구","species":"대추나무","heightM":9.0,"crownWidthM":7.0,"rawHeight":9.0,"rawCrownWidth":7.0,"quality":"valid","sourceYear":2013},"geometry":{"type":"Point","coordinates":[127.02313792,37.55738332]}},{"type":"Feature","id":"park-private-11753","properties":{"id":"park-private-11753","dataset":"park-private","gu":"성동구","species":"참오동","heightM":10.0,"crownWidthM":9.0,"rawHeight":10.0,"rawCrownWidth":9.0,"quality":"valid","sourceYear":2013},"geometry":{"type":"Point","coordinates":[127.02206283,37.55485604]}},{"type":"Feature","id":"park-private-11779","properties":{"id":"park-private-11779","dataset":"park-private","gu":"성동구","species":"감나무","heightM":10.0,"crownWidthM":10.0,"rawHeight":10.0,"rawCrownWidth":10.0,"quality":"valid","sourceYear":2013},"geometry":{"type":"Point","coordinates":[127.02138957,37.55405049]}},{"type":"Feature","id":"park-private-11857","properties":{"id":"park-private-11857","dataset":"park-private","gu":"성동구","species":"아까시나무","heightM":18.0,"crownWidthM":15.0,"rawHeight":18.0,"rawCrownWidth":15.0,"quality":"valid","sourceYear":2013},"geometry":{"type":"Point","coordinates":[127.02058777,37.55246565]}},{"type":"Feature","id":"park-private-11875","properties":{"id":"park-private-11875","dataset":"park-private","gu":"성동구","species":"향나무","heightM":9.0,"crownWidthM":4.0,"rawHeight":9.0,"rawCrownWidth":4.0,"quality":"valid","sourceYear":2013},"geometry":{"type":"Point","coordinates":[127.02306646,37.55062563]}},{"type":"Feature","id":"park-private-12018","properties":{"id":"park-private-12018","dataset":"park-private","gu":"성동구","species":"가래나무","heightM":13.0,"crownWidthM":9.0,"rawHeight":13.0,"rawCrownWidth":9.0,"quality":"valid","sourceYear":2013},"geometry":{"type":"Point","coordinates":[127.02207476,37.55614218]}},{"type":"Feature","id":"park-private-12248","properties":{"id":"park-private-12248","dataset":"park-private","gu":"성동구","species":"가래나무","heightM":10.0,"crownWidthM":8.0,"rawHeight":10.0,"rawCrownWidth":8.0,"quality":"valid","sourceYear":2013},"geometry":{"type":"Point","coordinates":[127.02523436,37.55025008]}},{"type":"Feature","id":"park-private-12447","properties":{"id":"park-private-12447","dataset":"park-private","gu":"성동구","species":"은행나무","heightM":12.0,"crownWidthM":6.0,"rawHeight":12.0,"rawCrownWidth":6.0,"quality":"valid","sourceYear":2013},"geometry":{"type":"Point","coordinates":[127.02221775,37.55616209]}},{"type":"Feature","id":"park-private-12451","properties":{"id":"park-private-12451","dataset":"park-private","gu":"성동구","species":"은행나무","heightM":9.0,"crownWidthM":2.0,"rawHeight":9.0,"rawCrownWidth":2.0,"quality":"valid","sourceYear":2013},"geometry":{"type":"Point","coordinates":[127.02366706,37.55680714]}},{"type":"Feature","id":"park-private-12452","properties":{"id":"park-private-12452","dataset":"park-private","gu":"성동구","species":"소나무","heightM":7.0,"crownWidthM":5.0,"rawHeight":7.0,"rawCrownWidth":5.0,"quality":"valid","sourceYear":2013},"geometry":{"type":"Point","coordinates":[127.0282166,37.55714294]}},{"type":"Feature","id":"park-private-13098","properties":{"id":"park-private-13098","dataset":"park-private","gu":"성동구","species":"향나무","heightM":8.0,"crownWidthM":8.0,"rawHeight":8.0,"rawCrownWidth":8.0,"quality":"valid","sourceYear":2013},"geometry":{"type":"Point","coordinates":[127.02323498,37.55740261]}},{"type":"Feature","id":"park-private-13467","properties":{"id":"park-private-13467","dataset":"park-private","gu":"성동구","species":"양버즘나무","heightM":10.0,"crownWidthM":8.0,"rawHeight":10.0,"rawCrownWidth":8.0,"quality":"valid","sourceYear":2013},"geometry":{"type":"Point","coordinates":[127.02343651,37.55654764]}},{"type":"Feature","id":"park-private-13782","properties":{"id":"park-private-13782","dataset":"park-private","gu":"성동구","species":"은행나무","heightM":9.0,"crownWidthM":3.0,"rawHeight":9.0,"rawCrownWidth":3.0,"quality":"valid","sourceYear":2013},"geometry":{"type":"Point","coordinates":[127.02365492,37.55675886]}},{"type":"Feature","id":"park-private-13783","properties":{"id":"park-private-13783","dataset":"park-private","gu":"성동구","species":"은행나무","heightM":11.0,"crownWidthM":4.0,"rawHeight":11.0,"rawCrownWidth":4.0,"quality":"valid","sourceYear":2013},"geometry":{"type":"Point","coordinates":[127.023056,37.55725535]}},{"type":"Feature","id":"park-private-13937","properties":{"id":"park-private-13937","dataset":"park-private","gu":"성동구","species":"오동나무","heightM":8.0,"crownWidthM":4.0,"rawHeight":8.0,"rawCrownWidth":4.0,"quality":"valid","sourceYear":2013},"geometry":{"type":"Point","coordinates":[127.02995354,37.55055454]}},{"type":"Feature","id":"park-private-14318","properties":{"id":"park-private-14318","dataset":"park-private","gu":"성동구","species":"은행나무","heightM":14.0,"crownWidthM":4.0,"rawHeight":14.0,"rawCrownWidth":4.0,"quality":"valid","sourceYear":2013},"geometry":{"type":"Point","coordinates":[127.02225315,37.55624894]}},{"type":"Feature","id":"park-private-14319","properties":{"id":"park-private-14319","dataset":"park-private","gu":"성동구","species":"은행나무","heightM":9.0,"crownWidthM":3.0,"rawHeight":9.0,"rawCrownWidth":3.0,"quality":"valid","sourceYear":2013},"geometry":{"type":"Point","coordinates":[127.02367769,37.55685665]}},{"type":"Feature","id":"park-private-14867","properties":{"id":"park-private-14867","dataset":"park-private","gu":"성동구","species":"히말라야시다","heightM":13.0,"crownWidthM":6.0,"rawHeight":13.0,"rawCrownWidth":6.0,"quality":"valid","sourceYear":2013},"geometry":{"type":"Point","coordinates":[127.02304691,37.55733263]}},{"type":"Feature","id":"park-private-162131","properties":{"id":"park-private-162131","dataset":"park-private","gu":"중구","species":"벚나무","heightM":4.0,"crownWidthM":4.0,"rawHeight":4.0,"rawCrownWidth":4.0,"quality":"valid","sourceYear":2013},"geometry":{"type":"Point","coordinates":[127.02064241,37.55873425]}},{"type":"Feature","id":"park-private-165472","properties":{"id":"park-private-165472","dataset":"park-private","gu":"성동구","species":"향나무","heightM":9.0,"crownWidthM":6.0,"rawHeight":9.0,"rawCrownWidth":6.0,"quality":"valid","sourceYear":2013},"geometry":{"type":"Point","coordinates":[127.02837898,37.55729259]}},{"type":"Feature","id":"park-private-165761","properties":{"id":"park-private-165761","dataset":"park-private","gu":"성동구","species":"은행나무","heightM":11.0,"crownWidthM":4.0,"rawHeight":11.0,"rawCrownWidth":4.0,"quality":"valid","sourceYear":2013},"geometry":{"type":"Point","coordinates":[127.02525793,37.55029776]}},{"type":"Feature","id":"park-private-166142","properties":{"id":"park-private-166142","dataset":"park-private","gu":"성동구","species":"아까시나무","heightM":15.0,"crownWidthM":10.0,"rawHeight":15.0,"rawCrownWidth":10.0,"quality":"valid","sourceYear":2013},"geometry":{"type":"Point","coordinates":[127.02291188,37.55704165]}},{"type":"Feature","id":"park-private-166606","properties":{"id":"park-private-166606","dataset":"park-private","gu":"중구","species":"느티나무","heightM":5.0,"crownWidthM":5.0,"rawHeight":5.0,"rawCrownWidth":5.0,"quality":"valid","sourceYear":2013},"geometry":{"type":"Point","coordinates":[127.0201217,37.55813065]}},{"type":"Feature","id":"park-private-167004","properties":{"id":"park-private-167004","dataset":"park-private","gu":"중구","species":"느티나무","heightM":4.0,"crownWidthM":4.0,"rawHeight":4.0,"rawCrownWidth":4.0,"quality":"valid","sourceYear":2013},"geometry":{"type":"Point","coordinates":[127.02173487,37.55989667]}},{"type":"Feature","id":"park-private-167126","properties":{"id":"park-private-167126","dataset":"park-private","gu":"성동구","species":"단풍나무","heightM":7.0,"crownWidthM":7.0,"rawHeight":7.0,"rawCrownWidth":7.0,"quality":"valid","sourceYear":2013},"geometry":{"type":"Point","coordinates":[127.02851244,37.55729137]}},{"type":"Feature","id":"park-private-167526","properties":{"id":"park-private-167526","dataset":"park-private","gu":"성동구","species":"은행나무","heightM":12.0,"crownWidthM":6.0,"rawHeight":12.0,"rawCrownWidth":6.0,"quality":"valid","sourceYear":2013},"geometry":{"type":"Point","coordinates":[127.02785692,37.55905935]}},{"type":"Feature","id":"park-private-167570","properties":{"id":"park-private-167570","dataset":"park-private","gu":"중구","species":"양버즘나무","heightM":9.0,"crownWidthM":7.0,"rawHeight":9.0,"rawCrownWidth":7.0,"quality":"valid","sourceYear":2013},"geometry":{"type":"Point","coordinates":[127.02013176,37.55857909]}},{"type":"Feature","id":"park-private-167777","properties":{"id":"park-private-167777","dataset":"park-private","gu":"중구","species":"벚나무","heightM":4.0,"crownWidthM":4.0,"rawHeight":4.0,"rawCrownWidth":4.0,"quality":"valid","sourceYear":2013},"geometry":{"type":"Point","coordinates":[127.0206396,37.55816735]}}]}