{"type":"FeatureCollection","features":[{"type":"Feature","id":"street-8907","properties":{"id":"street-8907","dataset":"street","gu":"성동구","species":"느티나무","heightM":7.0,"crownWidthM":7.0,"rawHeight":7.0,"rawCrownWidth":7.0,"quality":"valid","sourceYear":2013},"geometry":{"type":"Point","coordinates":[127.03410919,37.55890845]}},{"type":"Feature","id":"street-8968","properties":{"id":"street-8968","dataset":"street","gu":"성동구","species":"회화나무","heightM":6.0,"crownWidthM":4.0,"rawHeight":6.0,"rawCrownWidth":4.0,"quality":"valid","sourceYear":2013},"geometry":{"type":"Point","coordinates":[127.03921931,37.55726848]}},{"type":"Feature","id":"street-9080","properties":{"id":"street-9080","dataset":"street","gu":"성동구","species":"회화나무","heightM":9.0,"crownWidthM":7.0,"rawHeight":9.0,"rawCrownWidth":7.0,"quality":"valid","sourceYear":2013},"geometry":{"type":"Point","coordinates":[127.03915755,37.55754817]}},{"type":"Feature","id":"street-9091","properties":{"id":"street-9091","dataset":"street","gu":"성동구","species":"양버즘나무","heightM":9.0,"crownWidthM":4.0,"rawHeight":9.0,"rawCrownWidth":4.0,"quality":"valid","sourceYear":2013},"geometry":{"type":"Point","coordinates":[127.03322745,37.55314988]}},{"type":"Feature","id":"street-9100","properties":{"id":"street-9100","dataset":"street","gu":"성동구","species":"회화나무","heightM":7.0,"crownWidthM":2.0,"rawHeight":7.0,"rawCrownWidth":2.0,"quality":"valid","sourceYear":2013},"geometry":{"type":"Point","coordinates":[127.03211852,37.55814981]}},{"type":"Feature","id":"street-9158","properties":{"id":"street-9158","dataset":"street","gu":"성동구","species":"느티나무","heightM":6.0,"crownWidthM":3.0,"rawHeight":6.0,"rawCrownWidth":3.0,"quality":"valid","sourceYear":2013},"geometry":{"type":"Point","coordinates":[127.03668311,37.5590996]}},{"type":"Feature","id":"street-9160","properties":{"id":"street-9160","dataset":"street","gu":"성동구","species":"느티나무","heightM":6.0,"crownWidthM":9.0,"rawHeight":6.0,"rawCrownWidth":9.0,"quality":"valid","sourceYear":2013},"geometry":{"type":"Point","coordinates":[127.0393611,37.5553829]}},{"type":"Feature","id":"street-9266","properties":{"id":"street-9266","dataset":"street","gu":"성동구","species":"느티나무","heightM":6.0,"crownWidthM":3.0,"rawHeight":6.0,"rawCrownWidth":3.0,"quality":"valid","sourceYear":2013},"geometry":{"type":"Point","coordinates":[127.03623541,37.55898738]}},{"type":"Feature","id":"street-9267","properties":{"id":"street-9267","dataset":"street","gu":"성동구","species":"소나무","heightM":8.0,"crownWidthM":3.0,"rawHeight":8.0,"rawCrownWidth":3.0,"quality":"valid","sourceYear":2013},"geometry":{"type":"Point","coordinates":[127.03677534,37.55921544]}},{"type":"Feature","id":"street-9268","properties":{"id":"street-9268","dataset":"street","gu":"성동구","species":"느티나무","heightM":6.0,"crownWidthM":7.0,"rawHeight":6.0,"rawCrownWidth":7.0,"quality":"valid","sourceYear":2013},"geometry":{"type":"Point","coordinates":[127.03413355,37.55898781]}},{"type":"Feature","id":"street-9474","properties":{"id":"street-9474","dataset":"street","gu":"성동구","species":"느티나무","heightM":9.0,"crownWidthM":7.0,"rawHeight":9.0,"rawCrownWidth":7.0,"quality":"valid","sourceYear":2013},"geometry":{"type":"Point","coordinates":[127.03393226,37.55990407]}},{"type":"Feature","id":"street-9559","properties":{"id":"street-9559","dataset":"street","gu":"성동구","species":"회화나무","heightM":6.0,"crownWidthM":3.0,"rawHeight":6.0,"rawCrownWidth":3.0,"quality":"valid","sourceYear":2013},"geometry":{"type":"Point","coordinates":[127.03169461,37.55806892]}},{"type":"Feature","id":"street-9676","properties":{"id":"street-9676","dataset":"street","gu":"성동구","species":"양버즘나무","heightM":9.0,"crownWidthM":3.0,"rawHeight":9.0,"rawCrownWidth":3.0,"quality":"valid","sourceYear":2013},"geometry":{"type":"Point","coordinates":[127.03238925,37.55141582]}},{"type":"Feature","id":"street-9881","properties":{"id":"street-9881","dataset":"street","gu":"성동구","species":"느티나무","heightM":4.0,"crownWidthM":3.0,"rawHeight":4.0,"rawCrownWidth":3.0,"quality":"valid","sourceYear":2013},"geometry":{"type":"Point","coordinates":[127.03484591,37.55358489]}},{"type":"Feature","id":"street-10087","properties":{"id":"street-10087","dataset":"street","gu":"성동구","species":"느티나무","heightM":4.0,"crownWidthM":5.0,"rawHeight":4.0,"rawCrownWidth":5.0,"quality":"valid","sourceYear":2013},"geometry":{"type":"Point","coordinates":[127.03498501,37.55304859]}},{"type":"Feature","id":"street-10177","properties":{"id":"street-10177","dataset":"street","gu":"성동구","species":"느티나무","heightM":6.0,"crownWidthM":8.0,"rawHeight":6.0,"rawCrownWidth":8.0,"quality":"valid","sourceYear":2013},"geometry":{"type":"Point","coordinates":[127.03937105,37.55565822]}},{"type":"Feature","id":"street-10181","properties":{"id":"street-10181","dataset":"street","gu":"성동구","species":"은행나무","heightM":8.0,"crownWidthM":4.0,"rawHeight":8.0,"rawCrownWidth":4.0,"quality":"valid","sourceYear":2013},"geometry":{"type":"Point","coordinates":[127.03460421,37.55875636]}},{"type":"Feature","id":"street-12126","properties":{"id":"street-12126","dataset":"street","gu":"성동구","species":"회화나무","heightM":6.0,"crownWidthM":3.0,"rawHeight":6.0,"rawCrownWidth":3.0,"quality":"valid","sourceYear":2013},"geometry":{"type":"Point","coordinates":[127.03313731,37.55826898]}},{"type":"Feature","id":"street-12127","properties":{"id":"street-12127","dataset":"street","gu":"성동구","species":"소나무","heightM":10.0,"crownWidthM":4.0,"rawHeight":10.0,"rawCrownWidth":4.0,"quality":"valid","sourceYear":2013},"geometry":{"type":"Point","coordinates":[127.03630367,37.55907569]}},{"type":"Feature","id":"street-12290","properties":{"id":"street-12290","dataset":"street","gu":"성동구","species":"느티나무","heightM":4.0,"crownWidthM":6.0,"rawHeight":4.0,"rawCrownWidth":6.0,"quality":"valid","sourceYear":2013},"geometry":{"type":"Point","coordinates":[127.03505607,37.55275611]}},{"type":"Feature","id":"street-12291","properties":{"id":"street-12291","dataset":"street","gu":"성동구","species":"은행나무","heightM":6.0,"crownWidthM":3.0,"rawHeight":6.0,"rawCrownWidth":3.0,"quality":"valid","sourceYear":2013},"geometry":{"type":"Point","coordinates":[127.03423927,37.55866158]}},{"type":"Feature","id":"street-12292","properties":{"id":"street-12292","dataset":"street","gu":"성동구","species":"회화나무","heightM":7.0,"crownWidthM":2.0,"rawHeight":7.0,"rawCrownWidth":2.0,"quality":"valid","sourceYear":2013},"geometry":{"type":"Point","coordinates":[127.03066235,37.55787177]}},{"type":"Feature","id":"street-12296","properties":{"id":"street-12296","dataset":"street","gu":"성동구","species":"양버즘나무","heightM":9.0,"crownWidthM":3.0,"rawHeight":9.0,"rawCrownWidth":3.0,"quality":"valid","sourceYear":2013},"geometry":{"type":"Point","coordinates":[127.03245767,37.55157415]}},{"type":"Feature","id":"street-12301","properties":{"id":"street-12301","dataset":"street","gu":"성동구","species":"소나무","heightM":8.0,"crownWidthM":3.0,"rawHeight":8.0,"rawCrownWidth":3.0,"quality":"valid","sourceYear":2013},"geometry":{"type":"Point","coordinates":[127.03669065,37.55918575]}},{"type":"Feature","id":"street-12308","properties":{"id":"street-12308","dataset":"street","gu":"성동구","species":"소나무","heightM":8.0,"crownWidthM":3.0,"rawHeight":8.0,"rawCrownWidth":3.0,"quality":"valid","sourceYear":2013},"geometry":{"type":"Point","coordinates":[127.03559433,37.5589481]}},{"type":"Feature","id":"street-12310","properties":{"id":"street-12310","dataset":"street","gu":"성동구","species":"소나무","heightM":6.0,"crownWidthM":3.0,"rawHeight":6.0,"rawCrownWidth":3.0,"quality":"valid","sourceYear":2013},"geometry":{"type":"Point","coordinates":[127.03536291,37.55890495]}},{"type":"Feature","id":"street-12318","properties":{"id":"street-12318","dataset":"street","gu":"성동구","species":"느티나무","heightM":5.0,"crownWidthM":7.0,"rawHeight":5.0,"rawCrownWidth":7.0,"quality":"valid","sourceYear":2013},"geometry":{"type":"Point","coordinates":[127.03933141,37.55520592]}},{"type":"Feature","id":"street-12327","properties":{"id":"street-12327","dataset":"street","gu":"성동구","species":"회화나무","heightM":7.0,"crownWidthM":2.0,"rawHeight":7.0,"rawCrownWidth":2.0,"quality":"valid","sourceYear":2013},"geometry":{"type":"Point","coordinates":[127.03184791,37.55809661]}},{"type":"Feature","id":"street-12410","properties":{"id":"street-12410","dataset":"street","gu":"성동구","species":"회화나무","heightM":6.0,"crownWidthM":3.0,"rawHeight":6.0,"rawCrownWidth":3.0,"quality":"valid","sourceYear":2013},"geometry":{"type":"Point","coordinates":[127.03304532,37.55825191]}},{"type":"Feature","id":"street-12415","properties":{"id":"street-12415","dataset":"street","gu":"성동구","species":"느티나무","heightM":7.0,"crownWidthM":4.0,"rawHeight":7.0,"rawCrownWidth":4.0,"quality":"valid","sourceYear":2013},"geometry":{"type":"Point","coordinates":[127.0341116,37.55884844]}},{"type":"Feature","id":"street-12419","properties":{"id":"street-12419","dataset":"street","gu":"성동구","species":"회화나무","heightM":8.0,"crownWidthM":7.0,"rawHeight":8.0,"rawCrownWidth":7.0,"quality":"valid","sourceYear":2013},"geometry":{"type":"Point","coordinates":[127.03922658,37.55722068]}},{"type":"Feature","id":"street-12420","properties":{"id":"street-12420","dataset":"street","gu":"성동구","species":"느티나무","heightM":6.0,"crownWidthM":7.0,"rawHeight":6.0,"rawCrownWidth":7.0,"quality":"valid","sourceYear":2013},"geometry":{"type":"Point","coordinates":[127.03393,37.55794318]}},{"type":"Feature","id":"street-12423","properties":{"id":"street-12423","dataset":"street","gu":"성동구","species":"회화나무","heightM":6.0,"crownWidthM":3.0,"rawHeight":6.0,"rawCrownWidth":3.0,"quality":"valid","sourceYear":2013},"geometry":{"type":"Point","coordinates":[127.03312507,37.5583666]}},{"type":"Feature","id":"street-12424","properties":{"id":"street-12424","dataset":"street","gu":"성동구","species":"느티나무","heightM":6.0,"crownWidthM":9.0,"rawHeight":6.0,"rawCrownWidth":9.0,"quality":"valid","sourceYear":2013},"geometry":{"type":"Point","coordinates":[127.03937103,37.55557956]}},{"type":"Feature","id":"street-12464","properties":{"id":"street-12464","dataset":"street","gu":"성동구","species":"느티나무","heightM":5.0,"crownWidthM":5.0,"rawHeight":5.0,"rawCrownWidth":5.0,"quality":"valid","sourceYear":2013},"geometry":{"type":"Point","coordinates":[127.03919787,37.55463567]}},{"type":"Feature","id":"street-12470","properties":{"id":"street-12470","dataset":"street","gu":"성동구","species":"소나무","heightM":8.0,"crownWidthM":2.0,"rawHeight":8.0,"rawCrownWidth":2.0,"quality":"valid","sourceYear":2013},"geometry":{"type":"Point","coordinates":[127.03551404,37.55893317]}},{"type":"Feature","id":"street-12512","properties":{"id":"street-12512","dataset":"street","gu":"성동구","species":"소나무","heightM":8.0,"crownWidthM":3.0,"rawHeight":8.0,"rawCrownWidth":3.0,"quality":"valid","sourceYear":2013},"geometry":{"type":"Point","coordinates":[127.03661191,37.55916259]}},{"type":"Feature","id":"street-12517","properties":{"id":"street-12517","dataset":"street","gu":"성동구","species":"느티나무","heightM":6.0,"crownWidthM":3.0,"rawHeight":6.0,"rawCrownWidth":3.0,"quality":"valid","sourceYear":2013},"geometry":{"type":"Point","coordinates":[127.03648602,37.55904155]}},{"type":"Feature","id":"street-12589","properties":{"id":"street-12589","dataset":"street","gu":"성동구","species":"양버즘나무","heightM":9.0,"crownWidthM":4.0,"rawHeight":9.0,"rawCrownWidth":4.0,"quality":"valid","sourceYear":2013},"geometry":{"type":"Point","coordinates":[127.03317529,37.55304978]}},{"type":"Feature","id":"street-12593","properties":{"id":"street-12593","dataset":"street","gu":"성동구","species":"회화나무","heightM":7.0,"crownWidthM":2.0,"rawHeight":7.0,"rawCrownWidth":2.0,"quality":"valid","sourceYear":2013},"geometry":{"type":"Point","coordinates":[127.03205466,37.55814013]}},{"type":"Feature","id":"street-12677","properties":{"id":"street-12677","dataset":"street","gu":"성동구","species":"회화나무","heightM":8.0,"crownWidthM":3.0,"rawHeight":8.0,"rawCrownWidth":3.0,"quality":"valid","sourceYear":2013},"geometry":{"type":"Point","coordinates":[127.03319866,37.5583788]}},{"type":"Feature","id":"street-12698","properties":{"id":"street-12698","dataset":"street","gu":"성동구","species":"느티나무","heightM":3.0,"crownWidthM":2.0,"rawHeight":3.0,"rawCrownWidth":2.0,"quality":"valid","sourceYear":2013},"geometry":{"type":"Point","coordinates":[127.0342795,37.55413112]}},{"type":"Feature","id":"street-12699","properties":{"id":"street-12699","dataset":"street","gu":"성동구","species":"느티나무","heightM":5.0,"crownWidthM":5.0,"rawHeight":5.0,"rawCrownWidth":5.0,"quality":"valid","sourceYear":2013},"geometry":{"type":"Point","coordinates":[127.03409463,37.55902073]}},{"type":"Feature","id":"street-12701","properties":{"id":"street-12701","dataset":"street","gu":"성동구","species":"양버즘나무","heightM":8.0,"crownWidthM":3.0,"rawHeight":8.0,"rawCrownWidth":3.0,"quality":"valid","sourceYear":2013},"geometry":{"type":"Point","coordinates":[127.03397424,37.55737803]}},{"type":"Feature","id":"street-12704","properties":{"id":"street-12704","dataset":"street","gu":"성동구","species":"소나무","heightM":8.0,"crownWidthM":1.0,"rawHeight":8.0,"rawCrownWidth":1.0,"quality":"valid","sourceYear":2013},"geometry":{"type":"Point","coordinates":[127.03556685,37.5589433]}},{"type":"Feature","id":"street-12762","properties":{"id":"street-12762","dataset":"street","gu":"성동구","species":"회화나무","heightM":9.0,"crownWidthM":4.0,"rawHeight":9.0,"rawCrownWidth":4.0,"quality":"valid","sourceYear":2013},"geometry":{"type":"Point","coordinates":[127.03917934,37.55743224]}},{"type":"Feature","id":"street-12763","properties":{"id":"street-12763","dataset":"street","gu":"성동구","species":"느티나무","heightM":7.0,"crownWidthM":5.0,"rawHeight":7.0,"rawCrownWidth":5.0,"quality":"valid","sourceYear":2013},"geometry":{"type":"Point","coordinates":[127.03922258,37.55468286]}},{"type":"Feature","id":"street-12765","properties":{"id":"street-12765","dataset":"street","gu":"성동구","species":"양버즘나무","heightM":9.0,"crownWidthM":4.0,"rawHeight":9.0,"rawCrownWidth":4.0,"quality":"valid","sourceYear":2013},"geometry":{"type":"Point","coordinates":[127.03313235,37.55300584]}},{"type":"Feature","id":"street-12773","properties":{"id":"street-12773","dataset":"street","gu":"성동구","species":"느티나무","heightM":4.0,"crownWidthM":3.0,"rawHeight":4.0,"rawCrownWidth":3.0,"quality":"valid","sourceYear":2013},"geometry":{"type":"Point","coordinates":[127.034662,37.55424945]}},{"type":"Feature","id":"street-12780","properties":{"id":"street-12780","dataset":"street","gu":"성동구","species":"회화나무","heightM":6.0,"crownWidthM":3.0,"rawHeight":6.0,"rawCrownWidth":3.0,"quality":"valid","sourceYear":2013},"geometry":{"type":"Point","coordinates":[127.0330116,37.55833245]}},{"type":"Feature","id":"street-12788","properties":{"id":"street-12788","dataset":"street","gu":"성동구","species":"은단풍","heightM":6.0,"crownWidthM":5.0,"rawHeight":6.0,"rawCrownWidth":5.0,"quality":"valid","sourceYear":2013},"geometry":{"type":"Point","coordinates":[127.03447244,37.55356709]}},{"type":"Feature","id":"street-12790","properties":{"id":"street-12790","dataset":"street","gu":"성동구","species":"회화나무","heightM":6.0,"crownWidthM":3.0,"rawHeight":6.0,"rawCrownWidth":3.0,"quality":"valid","sourceYear":2013},"geometry":{"type":"Point","coordinates":[127.03365249,37.55837873]}},{"type":"Feature","id":"street-12792","properties":{"id":"street-12792","dataset":"street","gu":"성동구","species":"느티나무","heightM":5.0,"crownWidthM":3.0,"rawHeight":5.0,"rawCrownWidth":3.0,"quality":"valid","sourceYear":2013},"geometry":{"type":"Point","coordinates":[127.0369021,37.55916926]}},{"type":"Feature","id":"street-12988","properties":{"id":"street-12988","dataset":"street","gu":"성동구","species":"소나무","heightM":12.0,"crownWidthM":3.0,"rawHeight":12.0,"rawCrownWidth":3.0,"quality":"valid","sourceYear":2013},"geometry":{"type":"Point","coordinates":[127.03625979,37.55906483]}},{"type":"Feature","id":"street-12995","properties":{"id":"street-12995","dataset":"street","gu":"성동구","species":"느티나무","heightM":5.0,"crownWidthM":3.0,"rawHeight":5.0,"rawCrownWidth":3.0,"quality":"valid","sourceYear":2013},"geometry":{"type":"Point","coordinates":[127.03616972,37.55897772]}},{"type":"Feature","id":"street-13001","properties":{"id":"street-13001","dataset":"street","gu":"성동구","species":"느티나무","heightM":6.0,"crownWidthM":7.0,"rawHeight":6.0,"rawCrownWidth":7.0,"quality":"valid","sourceYear":2013},"geometry":{"type":"Point","coordinates":[127.03396981,37.55408237]}},{"type":"Feature","id":"street-13050","properties":{"id":"street-13050","dataset":"street","gu":"성동구","species":"느티나무","heightM":5.0,"crownWidthM":8.0,"rawHeight":5.0,"rawCrownWidth":8.0,"quality":"valid","sourceYear":2013},"geometry":{"type":"Point","coordinates":[127.0391448,37.55441256]}},{"type":"Feature","id":"street-13051","properties":{"id":"street-13051","dataset":"street","gu":"성동구","species":"느티나무","heightM":4.0,"crownWidthM":5.0,"rawHeight":4.0,"rawCrownWidth":5.0,"quality":"valid","sourceYear":2013},"geometry":{"type":"Point","coordinates":[127.03901132,37.55410189]}},{"type":"Feature","id":"street-13072","properties":{"id":"street-13072","dataset":"street","gu":"성동구","species":"양버즘나무","heightM":8.0,"crownWidthM":3.0,"rawHeight":8.0,"rawCrownWidth":3.0,"quality":"valid","sourceYear":2013},"geometry":{"type":"Point","coordinates":[127.03397731,37.5574244]}},{"type":"Feature","id":"street-13089","properties":{"id":"street-13089","dataset":"street","gu":"성동구","species":"소나무","heightM":5.0,"crownWidthM":2.0,"rawHeight":5.0,"rawCrownWidth":2.0,"quality":"valid","sourceYear":2013},"geometry":{"type":"Point","coordinates":[127.03534015,37.55889916]}},{"type":"Feature","id":"street-13090","properties":{"id":"street-13090","dataset":"street","gu":"성동구","species":"양버즘나무","heightM":8.0,"crownWidthM":3.0,"rawHeight":8.0,"rawCrownWidth":3.0,"quality":"valid","sourceYear":2013},"geometry":{"type":"Point","coordinates":[127.03384585,37.55889361]}},{"type":"Feature","id":"street-13093","properties":{"id":"street-13093","dataset":"street","gu":"성동구","species":"양버즘나무","heightM":9.0,"crownWidthM":3.0,"rawHeight":9.0,"rawCrownWidth":3.0,"quality":"valid","sourceYear":2013},"geometry":{"type":"Point","coordinates":[127.03251991,37.55169029]}},{"type":"Feature","id":"street-13099","properties":{"id":"street-13099","dataset":"street","gu":"성동구","species":"회화나무","heightM":6.0,"crownWidthM":3.0,"rawHeight":6.0,"rawCrownWidth":3.0,"quality":"valid","sourceYear":2013},"geometry":{"type":"Point","coordinates":[127.03328757,37.55830312]}},{"type":"Feature","id":"street-13104","properties":{"id":"street-13104","dataset":"street","gu":"성동구","species":"왕벚나무","heightM":3.0,"crownWidthM":4.0,"rawHeight":3.0,"rawCrownWidth":4.0,"quality":"valid","sourceYear":2013},"geometry":{"type":"Point","coordinates":[127.03382074,37.55420094]}},{"type":"Feature","id":"street-13105","properties":{"id":"street-13105","dataset":"street","gu":"성동구","species":"왕벚나무","heightM":3.0,"crownWidthM":6.0,"rawHeight":3.0,"rawCrownWidth":6.0,"quality":"valid","sourceYear":2013},"geometry":{"type":"Point","coordinates":[127.03376821,37.55414058]}},{"type":"Feature","id":"street-13106","properties":{"id":"street-13106","dataset":"street","gu":"성동구","species":"왕벚나무","heightM":3.0,"crownWidthM":6.0,"rawHeight":3.0,"rawCrownWidth":6.0,"quality":"valid","sourceYear":2013},"geometry":{"type":"Point","coordinates":[127.03372735,37.55408719]}},{"type":"Feature","id":"street-13107","properties":{"id":"street-13107","dataset":"street","gu":"성동구","species":"왕벚나무","heightM":3.0,"crownWidthM":7.0,"rawHeight":3.0,"rawCrownWidth":7.0,"quality":"valid","sourceYear":2013},"geometry":{"type":"Point","coordinates":[127.03358436,37.55392003]}},{"type":"Feature","id":"street-13125","properties":{"id":"street-13125","dataset":"street","gu":"성동구","species":"느티나무","heightM":4.0,"crownWidthM":5.0,"rawHeight":4.0,"rawCrownWidth":5.0,"quality":"valid","sourceYear":2013},"geometry":{"type":"Point","coordinates":[127.03895696,37.55402324]}},{"type":"Feature","id":"street-13126","properties":{"id":"street-13126","dataset":"street","gu":"성동구","species":"느티나무","heightM":5.0,"crownWidthM":4.0,"rawHeight":5.0,"rawCrownWidth":4.0,"quality":"valid","sourceYear":2013},"geometry":{"type":"Point","coordinates":[127.03903605,37.55418841]}},{"type":"Feature","id":"street-13127","properties":{"id":"street-13127","dataset":"street","gu":"성동구","species":"느티나무","heightM":5.0,"crownWidthM":6.0,"rawHeight":5.0,"rawCrownWidth":6.0,"quality":"valid","sourceYear":2013},"geometry":{"type":"Point","coordinates":[127.03918434,37.55447548]}},{"type":"Feature","id":"street-13128","properties":{"id":"street-13128","dataset":"street","gu":"성동구","species":"느티나무","heightM":5.0,"crownWidthM":3.0,"rawHeight":5.0,"rawCrownWidth":3.0,"quality":"valid","sourceYear":2013},"geometry":{"type":"Point","coordinates":[127.03907066,37.55427493]}},{"type":"Feature","id":"street-13129","properties":{"id":"street-13129","dataset":"street","gu":"성동구","species":"느티나무","heightM":6.0,"crownWidthM":8.0,"rawHeight":6.0,"rawCrownWidth":8.0,"quality":"valid","sourceYear":2013},"geometry":{"type":"Point","coordinates":[127.03420341,37.55776587]}},{"type":"Feature","id":"street-13130","properties":{"id":"street-13130","dataset":"street","gu":"성동구","species":"느티나무","heightM":7.0,"crownWidthM":3.0,"rawHeight":7.0,"rawCrownWidth":3.0,"quality":"valid","sourceYear":2013},"geometry":{"type":"Point","coordinates":[127.03419372,37.55793237]}},{"type":"Feature","id":"street-13131","properties":{"id":"street-13131","dataset":"street","gu":"성동구","species":"양버즘나무","heightM":8.0,"crownWidthM":4.0,"rawHeight":8.0,"rawCrownWidth":4.0,"quality":"valid","sourceYear":2013},"geometry":{"type":"Point","coordinates":[127.03418663,37.55798883]}},{"type":"Feature","id":"street-13132","properties":{"id":"street-13132","dataset":"street","gu":"성동구","species":"느티나무","heightM":5.0,"crownWidthM":7.0,"rawHeight":5.0,"rawCrownWidth":7.0,"quality":"valid","sourceYear":2013},"geometry":{"type":"Point","coordinates":[127.03513911,37.55249937]}},{"type":"Feature","id":"street-13133","properties":{"id":"street-13133","dataset":"street","gu":"성동구","species":"느티나무","heightM":4.0,"crownWidthM":6.0,"rawHeight":4.0,"rawCrownWidth":6.0,"quality":"valid","sourceYear":2013},"geometry":{"type":"Point","coordinates":[127.0344239,37.55545966]}},{"type":"Feature","id":"street-13134","properties":{"id":"street-13134","dataset":"street","gu":"성동구","species":"느티나무","heightM":3.0,"crownWidthM":3.0,"rawHeight":3.0,"rawCrownWidth":3.0,"quality":"valid","sourceYear":2013},"geometry":{"type":"Point","coordinates":[127.03446509,37.55515943]}},{"type":"Feature","id":"street-13135","properties":{"id":"street-13135","dataset":"street","gu":"성동구","species":"느티나무","heightM":6.0,"crownWidthM":8.0,"rawHeight":6.0,"rawCrownWidth":8.0,"quality":"valid","sourceYear":2013},"geometry":{"type":"Point","coordinates":[127.03417652,37.55502215]}},{"type":"Feature","id":"street-13136","properties":{"id":"street-13136","dataset":"street","gu":"성동구","species":"느티나무","heightM":4.0,"crownWidthM":5.0,"rawHeight":4.0,"rawCrownWidth":5.0,"quality":"valid","sourceYear":2013},"geometry":{"type":"Point","coordinates":[127.03511274,37.55259589]}},{"type":"Feature","id":"street-13137","properties":{"id":"street-13137","dataset":"street","gu":"성동구","species":"느티나무","heightM":5.0,"crownWidthM":4.0,"rawHeight":5.0,"rawCrownWidth":4.0,"quality":"valid","sourceYear":2013},"geometry":{"type":"Point","coordinates":[127.03443116,37.5554035]}},{"type":"Feature","id":"street-13160","properties":{"id":"street-13160","dataset":"street","gu":"성동구","species":"양버즘나무","heightM":8.0,"crownWidthM":3.0,"rawHeight":8.0,"rawCrownWidth":3.0,"quality":"valid","sourceYear":2013},"geometry":{"type":"Point","coordinates":[127.03116774,37.55026808]}},{"type":"Feature","id":"street-13166","properties":{"id":"street-13166","dataset":"street","gu":"성동구","species":"양버즘나무","heightM":9.0,"crownWidthM":4.0,"rawHeight":9.0,"rawCrownWidth":4.0,"quality":"valid","sourceYear":2013},"geometry":{"type":"Point","coordinates":[127.0321063,37.55086168]}},{"type":"Feature","id":"street-13172","properties":{"id":"street-13172","dataset":"street","gu":"성동구","species":"소나무","heightM":10.0,"crownWidthM":2.0,"rawHeight":10.0,"rawCrownWidth":2.0,"quality":"valid","sourceYear":2013},"geometry":{"type":"Point","coordinates":[127.03633828,37.55908511]}},{"type":"Feature","id":"street-13194","properties":{"id":"street-13194","dataset":"street","gu":"성동구","species":"회화나무","heightM":6.0,"crownWidthM":3.0,"rawHeight":6.0,"rawCrownWidth":3.0,"quality":"valid","sourceYear":2013},"geometry":{"type":"Point","coordinates":[127.03351143,37.55834702]}},{"type":"Feature","id":"street-13206","properties":{"id":"street-13206","dataset":"street","gu":"성동구","species":"양버즘나무","heightM":6.0,"crownWidthM":5.0,"rawHeight":6.0,"rawCrownWidth":5.0,"quality":"valid","sourceYear":2013},"geometry":{"type":"Point","coordinates":[127.0330554,37.55322681]}},{"type":"Feature","id":"street-13207","properties":{"id":"street-13207","dataset":"street","gu":"성동구","species":"양버즘나무","heightM":7.0,"crownWidthM":4.0,"rawHeight":7.0,"rawCrownWidth":4.0,"quality":"valid","sourceYear":2013},"geometry":{"type":"Point","coordinates":[127.03290484,37.55293162]}},{"type":"Feature","id":"street-13208","properties":{"id":"street-13208","dataset":"street","gu":"성동구","species":"양버즘나무","heightM":6.0,"crownWidthM":4.0,"rawHeight":6.0,"rawCrownWidth":4.0,"quality":"valid","sourceYear":2013},"geometry":{"type":"Point","coordinates":[127.03300367,37.55314121]}},{"type":"Feature","id":"street-13209","properties":{"id":"street-13209","dataset":"street","gu":"성동구","species":"양버즘나무","heightM":7.0,"crownWidthM":4.0,"rawHeight":7.0,"rawCrownWidth":4.0,"quality":"valid","sourceYear":2013},"geometry":{"type":"Point","coordinates":[127.03295461,37.55304048]}},{"type":"Feature","id":"street-13241","properties":{"id":"street-13241","dataset":"street","gu":"성동구","species":"은단풍","heightM":6.0,"crownWidthM":4.0,"rawHeight":6.0,"rawCrownWidth":4.0,"quality":"valid","sourceYear":2013},"geometry":{"type":"Point","coordinates":[127.03473427,37.55274908]}},{"type":"Feature","id":"street-13242","properties":{"id":"street-13242","dataset":"street","gu":"성동구","species":"느티나무","heightM":7.0,"crownWidthM":6.0,"rawHeight":7.0,"rawCrownWidth":6.0,"quality":"valid","sourceYear":2013},"geometry":{"type":"Point","coordinates":[127.0348225,37.55252808]}},{"type":"Feature","id":"street-13243","properties":{"id":"street-13243","dataset":"street","gu":"성동구","species":"느티나무","heightM":4.0,"crownWidthM":2.0,"rawHeight":4.0,"rawCrownWidth":2.0,"quality":"valid","sourceYear":2013},"geometry":{"type":"Point","coordinates":[127.03475869,37.55269273]}},{"type":"Feature","id":"street-13244","properties":{"id":"street-13244","dataset":"street","gu":"성동구","species":"은단풍","heightM":6.0,"crownWidthM":4.0,"rawHeight":6.0,"rawCrownWidth":4.0,"quality":"valid","sourceYear":2013},"geometry":{"type":"Point","coordinates":[127.03472342,37.55280855]}},{"type":"Feature","id":"street-13249","properties":{"id":"street-13249","dataset":"street","gu":"성동구","species":"은행나무","heightM":7.0,"crownWidthM":5.0,"rawHeight":7.0,"rawCrownWidth":5.0,"quality":"valid","sourceYear":2013},"geometry":{"type":"Point","coordinates":[127.03455555,37.55874863]}},{"type":"Feature","id":"street-13251","properties":{"id":"street-13251","dataset":"street","gu":"성동구","species":"느티나무","heightM":4.0,"crownWidthM":4.0,"rawHeight":4.0,"rawCrownWidth":4.0,"quality":"valid","sourceYear":2013},"geometry":{"type":"Point","coordinates":[127.03500929,37.55294787]}},{"type":"Feature","id":"street-13255","properties":{"id":"street-13255","dataset":"street","gu":"성동구","species":"양버즘나무","heightM":9.0,"crownWidthM":4.0,"rawHeight":9.0,"rawCrownWidth":4.0,"quality":"valid","sourceYear":2013},"geometry":{"type":"Point","coordinates":[127.0331078,37.55295946]}},{"type":"Feature","id":"street-13294","properties":{"id":"street-13294","dataset":"street","gu":"성동구","species":"느티나무","heightM":6.0,"crownWidthM":6.0,"rawHeight":6.0,"rawCrownWidth":6.0,"quality":"valid","sourceYear":2013},"geometry":{"type":"Point","coordinates":[127.03388927,37.55980889]}},{"type":"Feature","id":"street-13320","properties":{"id":"street-13320","dataset":"street","gu":"성동구","species":"느티나무","heightM":6.0,"crownWidthM":5.0,"rawHeight":6.0,"rawCrownWidth":5.0,"quality":"valid","sourceYear":2013},"geometry":{"type":"Point","coordinates":[127.03468092,37.55292507]}},{"type":"Feature","id":"street-13321","properties":{"id":"street-13321","dataset":"street","gu":"성동구","species":"느티나무","heightM":5.0,"crownWidthM":7.0,"rawHeight":5.0,"rawCrownWidth":7.0,"quality":"valid","sourceYear":2013},"geometry":{"type":"Point","coordinates":[127.03461137,37.55312605]}},{"type":"Feature","id":"street-13322","properties":{"id":"street-13322","dataset":"street","gu":"성동구","species":"양버즘나무","heightM":8.0,"crownWidthM":3.0,"rawHeight":8.0,"rawCrownWidth":3.0,"quality":"valid","sourceYear":2013},"geometry":{"type":"Point","coordinates":[127.03463281,37.55305036]}},{"type":"Feature","id":"street-13323","properties":{"id":"street-13323","dataset":"street","gu":"성동구","species":"느티나무","heightM":6.0,"crownWidthM":5.0,"rawHeight":6.0,"rawCrownWidth":5.0,"quality":"valid","sourceYear":2013},"geometry":{"type":"Point","coordinates":[127.03416114,37.55492449]}},{"type":"Feature","id":"street-13324","properties":{"id":"street-13324","dataset":"street","gu":"성동구","species":"느티나무","heightM":8.0,"crownWidthM":8.0,"rawHeight":8.0,"rawCrownWidth":8.0,"quality":"valid","sourceYear":2013},"geometry":{"type":"Point","coordinates":[127.03415828,37.55534935]}},{"type":"Feature","id":"street-13325","properties":{"id":"street-13325","dataset":"street","gu":"성동구","species":"은행나무","heightM":5.0,"crownWidthM":7.0,"rawHeight":5.0,"rawCrownWidth":7.0,"quality":"valid","sourceYear":2013},"geometry":{"type":"Point","coordinates":[127.03413964,37.55482928]}},{"type":"Feature","id":"street-13326","properties":{"id":"street-13326","dataset":"street","gu":"성동구","species":"느티나무","heightM":6.0,"crownWidthM":7.0,"rawHeight":6.0,"rawCrownWidth":7.0,"quality":"valid","sourceYear":2013},"geometry":{"type":"Point","coordinates":[127.03415499,37.55487322]}},{"type":"Feature","id":"street-13327","properties":{"id":"street-13327","dataset":"street","gu":"성동구","species":"느티나무","heightM":6.0,"crownWidthM":3.0,"rawHeight":6.0,"rawCrownWidth":3.0,"quality":"valid","sourceYear":2013},"geometry":{"type":"Point","coordinates":[127.03417047,37.5551955]}},{"type":"Feature","id":"street-13328","properties":{"id":"street-13328","dataset":"street","gu":"성동구","species":"느티나무","heightM":6.0,"crownWidthM":8.0,"rawHeight":6.0,"rawCrownWidth":8.0,"quality":"valid","sourceYear":2013},"geometry":{"type":"Point","coordinates":[127.0341522,37.55544212]}},{"type":"Feature","id":"street-13377","properties":{"id":"street-13377","dataset":"street","gu":"성동구","species":"느티나무","heightM":7.0,"crownWidthM":6.0,"rawHeight":7.0,"rawCrownWidth":6.0,"quality":"valid","sourceYear":2013},"geometry":{"type":"Point","coordinates":[127.03414083,37.55893554]}},{"type":"Feature","id":"street-13379","properties":{"id":"street-13379","dataset":"street","gu":"성동구","species":"은행나무","heightM":6.0,"crownWidthM":3.0,"rawHeight":6.0,"rawCrownWidth":3.0,"quality":"valid","sourceYear":2013},"geometry":{"type":"Point","coordinates":[127.03430496,37.55867899]}},{"type":"Feature","id":"street-13437","properties":{"id":"street-13437","dataset":"street","gu":"성동구","species":"느티나무","heightM":8.0,"crownWidthM":5.0,"rawHeight":8.0,"rawCrownWidth":5.0,"quality":"valid","sourceYear":2013},"geometry":{"type":"Point","coordinates":[127.03403847,37.55665614]}},{"type":"Feature","id":"street-13438","properties":{"id":"street-13438","dataset":"street","gu":"성동구","species":"느티나무","heightM":8.0,"crownWidthM":3.0,"rawHeight":8.0,"rawCrownWidth":3.0,"quality":"valid","sourceYear":2013},"geometry":{"type":"Point","coordinates":[127.03401708,37.55696611]}},{"type":"Feature","id":"street-13439","properties":{"id":"street-13439","dataset":"street","gu":"성동구","species":"회화나무","heightM":9.0,"crownWidthM":7.0,"rawHeight":9.0,"rawCrownWidth":7.0,"quality":"valid","sourceYear":2013},"geometry":{"type":"Point","coordinates":[127.03389469,37.55826337]}},{"type":"Feature","id":"street-13440","properties":{"id":"street-13440","dataset":"street","gu":"성동구","species":"회화나무","heightM":7.0,"crownWidthM":8.0,"rawHeight":7.0,"rawCrownWidth":8.0,"quality":"valid","sourceYear":2013},"geometry":{"type":"Point","coordinates":[127.03390924,37.55810932]}},{"type":"Feature","id":"street-13460","properties":{"id":"street-13460","dataset":"street","gu":"성동구","species":"느티나무","heightM":6.0,"crownWidthM":6.0,"rawHeight":6.0,"rawCrownWidth":6.0,"quality":"valid","sourceYear":2013},"geometry":{"type":"Point","coordinates":[127.03925225,37.55477724]}},{"type":"Feature","id":"street-13466","properties":{"id":"street-13466","dataset":"street","gu":"성동구","species":"회화나무","heightM":8.0,"crownWidthM":6.0,"rawHeight":8.0,"rawCrownWidth":6.0,"quality":"valid","sourceYear":2013},"geometry":{"type":"Point","coordinates":[127.03924837,37.55711635]}},{"type":"Feature","id":"street-13468","properties":{"id":"street-13468","dataset":"street","gu":"성동구","species":"회화나무","heightM":7.0,"crownWidthM":2.0,"rawHeight":7.0,"rawCrownWidth":2.0,"quality":"valid","sourceYear":2013},"geometry":{"type":"Point","coordinates":[127.03092986,37.55792254]}},{"type":"Feature","id":"street-13476","properties":{"id":"street-13476","dataset":"street","gu":"성동구","species":"회화나무","heightM":9.0,"crownWidthM":4.0,"rawHeight":9.0,"rawCrownWidth":4.0,"quality":"valid","sourceYear":2013},"geometry":{"type":"Point","coordinates":[127.03917209,37.55748151]}},{"type":"Feature","id":"street-13481","properties":{"id":"street-13481","dataset":"street","gu":"성동구","species":"회화나무","heightM":6.0,"crownWidthM":3.0,"rawHeight":6.0,"rawCrownWidth":3.0,"quality":"valid","sourceYear":2013},"geometry":{"type":"Point","coordinates":[127.03306987,37.55834708]}},{"type":"Feature","id":"street-13484","properties":{"id":"street-13484","dataset":"street","gu":"성동구","species":"소나무","heightM":8.0,"crownWidthM":4.0,"rawHeight":8.0,"rawCrownWidth":4.0,"quality":"valid","sourceYear":2013},"geometry":{"type":"Point","coordinates":[127.03647849,37.55912058]}},{"type":"Feature","id":"street-13509","properties":{"id":"street-13509","dataset":"street","gu":"성동구","species":"양버즘나무","heightM":8.0,"crownWidthM":5.0,"rawHeight":8.0,"rawCrownWidth":5.0,"quality":"valid","sourceYear":2013},"geometry":{"type":"Point","coordinates":[127.03257085,37.55228669]}},{"type":"Feature","id":"street-13515","properties":{"id":"street-13515","dataset":"street","gu":"성동구","species":"회화나무","heightM":10.0,"crownWidthM":3.0,"rawHeight":10.0,"rawCrownWidth":3.0,"quality":"valid","sourceYear":2013},"geometry":{"type":"Point","coordinates":[127.0338713,37.55865413]}},{"type":"Feature","id":"street-13516","properties":{"id":"street-13516","dataset":"street","gu":"성동구","species":"회화나무","heightM":9.0,"crownWidthM":3.0,"rawHeight":9.0,"rawCrownWidth":3.0,"quality":"valid","sourceYear":2013},"geometry":{"type":"Point","coordinates":[127.03386102,37.55862091]}},{"type":"Feature","id":"street-13518","properties":{"id":"street-13518","dataset":"street","gu":"성동구","species":"느티나무","heightM":7.0,"crownWidthM":9.0,"rawHeight":7.0,"rawCrownWidth":9.0,"quality":"valid","sourceYear":2013},"geometry":{"type":"Point","coordinates":[127.03384337,37.5596894]}},{"type":"Feature","id":"street-13519","properties":{"id":"street-13519","dataset":"street","gu":"성동구","species":"왕벚나무","heightM":3.0,"crownWidthM":6.0,"rawHeight":3.0,"rawCrownWidth":6.0,"quality":"valid","sourceYear":2013},"geometry":{"type":"Point","coordinates":[127.0336544,37.55400361]}},{"type":"Feature","id":"street-13553","properties":{"id":"street-13553","dataset":"street","gu":"성동구","species":"느티나무","heightM":5.0,"crownWidthM":3.0,"rawHeight":5.0,"rawCrownWidth":3.0,"quality":"valid","sourceYear":2013},"geometry":{"type":"Point","coordinates":[127.03470047,37.55877149]}},{"type":"Feature","id":"street-13576","properties":{"id":"street-13576","dataset":"street","gu":"성동구","species":"느티나무","heightM":4.0,"crownWidthM":6.0,"rawHeight":4.0,"rawCrownWidth":6.0,"quality":"valid","sourceYear":2013},"geometry":{"type":"Point","coordinates":[127.03490763,37.55337609]}},{"type":"Feature","id":"street-13578","properties":{"id":"street-13578","dataset":"street","gu":"성동구","species":"회화나무","heightM":8.0,"crownWidthM":6.0,"rawHeight":8.0,"rawCrownWidth":6.0,"quality":"valid","sourceYear":2013},"geometry":{"type":"Point","coordinates":[127.03931011,37.55683227]}},{"type":"Feature","id":"street-13581","properties":{"id":"street-13581","dataset":"street","gu":"성동구","species":"은단풍","heightM":6.0,"crownWidthM":5.0,"rawHeight":6.0,"rawCrownWidth":5.0,"quality":"valid","sourceYear":2013},"geometry":{"type":"Point","coordinates":[127.03454287,37.55333269]}},{"type":"Feature","id":"street-13613","properties":{"id":"street-13613","dataset":"street","gu":"성동구","species":"소나무","heightM":8.0,"crownWidthM":3.0,"rawHeight":8.0,"rawCrownWidth":3.0,"quality":"valid","sourceYear":2013},"geometry":{"type":"Point","coordinates":[127.03538754,37.55890943]}},{"type":"Feature","id":"street-13655","properties":{"id":"street-13655","dataset":"street","gu":"성동구","species":"양버즘나무","heightM":9.0,"crownWidthM":4.0,"rawHeight":9.0,"rawCrownWidth":4.0,"quality":"valid","sourceYear":2013},"geometry":{"type":"Point","coordinates":[127.03803255,37.55847524]}},{"type":"Feature","id":"street-13659","properties":{"id":"street-13659","dataset":"street","gu":"성동구","species":"느티나무","heightM":6.0,"crownWidthM":8.0,"rawHeight":6.0,"rawCrownWidth":8.0,"quality":"valid","sourceYear":2013},"geometry":{"type":"Point","coordinates":[127.03412131,37.55877874]}},{"type":"Feature","id":"street-13660","properties":{"id":"street-13660","dataset":"street","gu":"성동구","species":"양버즘나무","heightM":9.0,"crownWidthM":7.0,"rawHeight":9.0,"rawCrownWidth":7.0,"quality":"valid","sourceYear":2013},"geometry":{"type":"Point","coordinates":[127.03946526,37.55788085]}},{"type":"Feature","id":"street-13661","properties":{"id":"street-13661","dataset":"street","gu":"성동구","species":"소나무","heightM":12.0,"crownWidthM":4.0,"rawHeight":12.0,"rawCrownWidth":4.0,"quality":"valid","sourceYear":2013},"geometry":{"type":"Point","coordinates":[127.03617706,37.55905129]}},{"type":"Feature","id":"street-13671","properties":{"id":"street-13671","dataset":"street","gu":"성동구","species":"느티나무","heightM":6.0,"crownWidthM":8.0,"rawHeight":6.0,"rawCrownWidth":8.0,"quality":"valid","sourceYear":2013},"geometry":{"type":"Point","coordinates":[127.03929183,37.55498568]}},{"type":"Feature","id":"street-13673","properties":{"id":"street-13673","dataset":"street","gu":"성동구","species":"느티나무","heightM":7.0,"crownWidthM":3.0,"rawHeight":7.0,"rawCrownWidth":3.0,"quality":"valid","sourceYear":2013},"geometry":{"type":"Point","coordinates":[127.03379095,37.55951844]}},{"type":"Feature","id":"street-13679","properties":{"id":"street-13679","dataset":"street","gu":"성동구","species":"양버즘나무","heightM":8.0,"crownWidthM":3.0,"rawHeight":8.0,"rawCrownWidth":3.0,"quality":"valid","sourceYear":2013},"geometry":{"type":"Point","coordinates":[127.03109314,37.55022853]}},{"type":"Feature","id":"street-13707","properties":{"id":"street-13707","dataset":"street","gu":"성동구","species":"느티나무","heightM":5.0,"crownWidthM":3.0,"rawHeight":5.0,"rawCrownWidth":3.0,"quality":"valid","sourceYear":2013},"geometry":{"type":"Point","coordinates":[127.0367488,37.55911895]}},{"type":"Feature","id":"street-13709","properties":{"id":"street-13709","dataset":"street","gu":"성동구","species":"느티나무","heightM":5.0,"crownWidthM":7.0,"rawHeight":5.0,"rawCrownWidth":7.0,"quality":"valid","sourceYear":2013},"geometry":{"type":"Point","coordinates":[127.03437139,37.55390404]}},{"type":"Feature","id":"street-13724","properties":{"id":"street-13724","dataset":"street","gu":"성동구","species":"회화나무","heightM":7.0,"crownWidthM":2.0,"rawHeight":7.0,"rawCrownWidth":2.0,"quality":"valid","sourceYear":2013},"geometry":{"type":"Point","coordinates":[127.03050427,37.55782823]}},{"type":"Feature","id":"street-13727","properties":{"id":"street-13727","dataset":"street","gu":"성동구","species":"소나무","heightM":10.0,"crownWidthM":2.0,"rawHeight":10.0,"rawCrownWidth":2.0,"quality":"valid","sourceYear":2013},"geometry":{"type":"Point","coordinates":[127.03621356,37.55905516]}},{"type":"Feature","id":"street-13728","properties":{"id":"street-13728","dataset":"street","gu":"성동구","species":"느티나무","heightM":5.0,"crownWidthM":5.0,"rawHeight":5.0,"rawCrownWidth":5.0,"quality":"valid","sourceYear":2013},"geometry":{"type":"Point","coordinates":[127.03438225,37.55998106]}},{"type":"Feature","id":"street-13730","properties":{"id":"street-13730","dataset":"street","gu":"성동구","species":"회화나무","heightM":7.0,"crownWidthM":2.0,"rawHeight":7.0,"rawCrownWidth":2.0,"quality":"valid","sourceYear":2013},"geometry":{"type":"Point","coordinates":[127.03239221,37.55821028]}},{"type":"Feature","id":"street-13741","properties":{"id":"street-13741","dataset":"street","gu":"성동구","species":"느티나무","heightM":5.0,"crownWidthM":3.0,"rawHeight":5.0,"rawCrownWidth":3.0,"quality":"valid","sourceYear":2013},"geometry":{"type":"Point","coordinates":[127.03681207,37.5591383]}},{"type":"Feature","id":"street-13814","properties":{"id":"street-13814","dataset":"street","gu":"성동구","species":"느티나무","heightM":6.0,"crownWidthM":3.0,"rawHeight":6.0,"rawCrownWidth":3.0,"quality":"valid","sourceYear":2013},"geometry":{"type":"Point","coordinates":[127.03638383,37.5590164]}},{"type":"Feature","id":"street-13861","properties":{"id":"street-13861","dataset":"street","gu":"성동구","species":"양버즘나무","heightM":8.0,"crownWidthM":6.0,"rawHeight":8.0,"rawCrownWidth":6.0,"quality":"valid","sourceYear":2013},"geometry":{"type":"Point","coordinates":[127.03507091,37.55173699]}},{"type":"Feature","id":"street-13864","properties":{"id":"street-13864","dataset":"street","gu":"성동구","species":"느티나무","heightM":8.0,"crownWidthM":6.0,"rawHeight":8.0,"rawCrownWidth":6.0,"quality":"valid","sourceYear":2013},"geometry":{"type":"Point","coordinates":[127.03346204,37.55344103]}},{"type":"Feature","id":"street-13869","properties":{"id":"street-13869","dataset":"street","gu":"성동구","species":"회화나무","heightM":9.0,"crownWidthM":7.0,"rawHeight":9.0,"rawCrownWidth":7.0,"quality":"valid","sourceYear":2013},"geometry":{"type":"Point","coordinates":[127.03920842,37.55731922]}},{"type":"Feature","id":"street-13898","properties":{"id":"street-13898","dataset":"street","gu":"성동구","species":"느티나무","heightM":6.0,"crownWidthM":4.0,"rawHeight":6.0,"rawCrownWidth":4.0,"quality":"valid","sourceYear":2013},"geometry":{"type":"Point","coordinates":[127.03439266,37.55868777]}},{"type":"Feature","id":"street-13902","properties":{"id":"street-13902","dataset":"street","gu":"성동구","species":"느티나무","heightM":5.0,"crownWidthM":4.0,"rawHeight":5.0,"rawCrownWidth":4.0,"quality":"valid","sourceYear":2013},"geometry":{"type":"Point","coordinates":[127.03465181,37.55875602]}},{"type":"Feature","id":"street-13906","properties":{"id":"street-13906","dataset":"street","gu":"성동구","species":"느티나무","heightM":5.0,"crownWidthM":1.0,"rawHeight":5.0,"rawCrownWidth":1.0,"quality":"valid","sourceYear":2013},"geometry":{"type":"Point","coordinates":[127.03337163,37.55333052]}},{"type":"Feature","id":"street-13907","properties":{"id":"street-13907","dataset":"street","gu":"성동구","species":"회화나무","heightM":8.0,"crownWidthM":5.0,"rawHeight":8.0,"rawCrownWidth":5.0,"quality":"valid","sourceYear":2013},"geometry":{"type":"Point","coordinates":[127.03928106,37.55696564]}},{"type":"Feature","id":"street-13920","properties":{"id":"street-13920","dataset":"street","gu":"성동구","species":"느티나무","heightM":4.0,"crownWidthM":2.0,"rawHeight":4.0,"rawCrownWidth":2.0,"quality":"valid","sourceYear":2013},"geometry":{"type":"Point","coordinates":[127.03432697,37.55867036]}},{"type":"Feature","id":"street-13938","properties":{"id":"street-13938","dataset":"street","gu":"성동구","species":"소나무","heightM":7.0,"crownWidthM":2.0,"rawHeight":7.0,"rawCrownWidth":2.0,"quality":"valid","sourceYear":2013},"geometry":{"type":"Point","coordinates":[127.03673618,37.55920124]}},{"type":"Feature","id":"street-13939","properties":{"id":"street-13939","dataset":"street","gu":"성동구","species":"느티나무","heightM":6.0,"crownWidthM":7.0,"rawHeight":6.0,"rawCrownWidth":7.0,"quality":"valid","sourceYear":2013},"geometry":{"type":"Point","coordinates":[127.03413357,37.55905557]}},{"type":"Feature","id":"street-13984","properties":{"id":"street-13984","dataset":"street","gu":"성동구","species":"소나무","heightM":8.0,"crownWidthM":3.0,"rawHeight":8.0,"rawCrownWidth":3.0,"quality":"valid","sourceYear":2013},"geometry":{"type":"Point","coordinates":[127.03564813,37.55895698]}},{"type":"Feature","id":"street-13988","properties":{"id":"street-13988","dataset":"street","gu":"성동구","species":"회화나무","heightM":7.0,"crownWidthM":2.0,"rawHeight":7.0,"rawCrownWidth":2.0,"quality":"valid","sourceYear":2013},"geometry":{"type":"Point","coordinates":[127.03138888,37.55800958]}},{"type":"Feature","id":"street-13989","properties":{"id":"street-13989","dataset":"street","gu":"성동구","species":"소나무","heightM":8.0,"crownWidthM":3.0,"rawHeight":8.0,"rawCrownWidth":3.0,"quality":"valid","sourceYear":2013},"geometry":{"type":"Point","coordinates":[127.03548972,37.55892876]}},{"type":"Feature","id":"street-13990","properties":{"id":"street-13990","dataset":"street","gu":"성동구","species":"느티나무","heightM":6.0,"crownWidthM":3.0,"rawHeight":6.0,"rawCrownWidth":3.0,"quality":"valid","sourceYear":2013},"geometry":{"type":"Point","coordinates":[127.03659551,37.55907057]}},{"type":"Feature","id":"street-13999","properties":{"id":"street-13999","dataset":"street","gu":"성동구","species":"양버즘나무","heightM":8.0,"crownWidthM":3.0,"rawHeight":8.0,"rawCrownWidth":3.0,"quality":"valid","sourceYear":2013},"geometry":{"type":"Point","coordinates":[127.03399261,37.55725356]}},{"type":"Feature","id":"street-14010","properties":{"id":"street-14010","dataset":"street","gu":"성동구","species":"느티나무","heightM":6.0,"crownWidthM":9.0,"rawHeight":6.0,"rawCrownWidth":9.0,"quality":"valid","sourceYear":2013},"geometry":{"type":"Point","coordinates":[127.0393512,37.55530031]}},{"type":"Feature","id":"street-14057","properties":{"id":"street-14057","dataset":"street","gu":"성동구","species":"소나무","heightM":8.0,"crownWidthM":2.0,"rawHeight":8.0,"rawCrownWidth":2.0,"quality":"valid","sourceYear":2013},"geometry":{"type":"Point","coordinates":[127.03675712,37.5592082]}},{"type":"Feature","id":"street-14058","properties":{"id":"street-14058","dataset":"street","gu":"성동구","species":"은단풍","heightM":8.0,"crownWidthM":4.0,"rawHeight":8.0,"rawCrownWidth":4.0,"quality":"valid","sourceYear":2013},"geometry":{"type":"Point","coordinates":[127.03439589,37.55383567]}},{"type":"Feature","id":"street-14081","properties":{"id":"street-14081","dataset":"street","gu":"성동구","species":"양버즘나무","heightM":9.0,"crownWidthM":3.0,"rawHeight":9.0,"rawCrownWidth":3.0,"quality":"valid","sourceYear":2013},"geometry":{"type":"Point","coordinates":[127.03676588,37.55976439]}},{"type":"Feature","id":"street-14121","properties":{"id":"street-14121","dataset":"street","gu":"성동구","species":"은행나무","heightM":8.0,"crownWidthM":4.0,"rawHeight":8.0,"rawCrownWidth":4.0,"quality":"valid","sourceYear":2013},"geometry":{"type":"Point","coordinates":[127.03470639,37.55878731]}},{"type":"Feature","id":"street-14125","properties":{"id":"street-14125","dataset":"street","gu":"성동구","species":"소나무","heightM":10.0,"crownWidthM":4.0,"rawHeight":10.0,"rawCrownWidth":4.0,"quality":"valid","sourceYear":2013},"geometry":{"type":"Point","coordinates":[127.03638016,37.55909669]}},{"type":"Feature","id":"street-14126","properties":{"id":"street-14126","dataset":"street","gu":"성동구","species":"소나무","heightM":8.0,"crownWidthM":3.0,"rawHeight":8.0,"rawCrownWidth":3.0,"quality":"valid","sourceYear":2013},"geometry":{"type":"Point","coordinates":[127.03685508,37.55924502]}},{"type":"Feature","id":"street-14127","properties":{"id":"street-14127","dataset":"street","gu":"성동구","species":"양버즘나무","heightM":6.0,"crownWidthM":3.0,"rawHeight":6.0,"rawCrownWidth":3.0,"quality":"valid","sourceYear":2013},"geometry":{"type":"Point","coordinates":[127.03103719,37.5501964]}},{"type":"Feature","id":"street-14128","properties":{"id":"street-14128","dataset":"street","gu":"성동구","species":"소나무","heightM":10.0,"crownWidthM":3.0,"rawHeight":10.0,"rawCrownWidth":3.0,"quality":"valid","sourceYear":2013},"geometry":{"type":"Point","coordinates":[127.03613334,37.55906919]}},{"type":"Feature","id":"street-14134","properties":{"id":"street-14134","dataset":"street","gu":"성동구","species":"느티나무","heightM":6.0,"crownWidthM":3.0,"rawHeight":6.0,"rawCrownWidth":3.0,"quality":"valid","sourceYear":2013},"geometry":{"type":"Point","coordinates":[127.03381226,37.55924017]}},{"type":"Feature","id":"street-14137","properties":{"id":"street-14137","dataset":"street","gu":"성동구","species":"회화나무","heightM":7.0,"crownWidthM":2.0,"rawHeight":7.0,"rawCrownWidth":2.0,"quality":"valid","sourceYear":2013},"geometry":{"type":"Point","coordinates":[127.03197255,37.55812562]}},{"type":"Feature","id":"street-14149","properties":{"id":"street-14149","dataset":"street","gu":"성동구","species":"느티나무","heightM":5.0,"crownWidthM":7.0,"rawHeight":5.0,"rawCrownWidth":7.0,"quality":"valid","sourceYear":2013},"geometry":{"type":"Point","coordinates":[127.03486845,37.55351344]}},{"type":"Feature","id":"street-14188","properties":{"id":"street-14188","dataset":"street","gu":"성동구","species":"양버즘나무","heightM":9.0,"crownWidthM":3.0,"rawHeight":9.0,"rawCrownWidth":3.0,"quality":"valid","sourceYear":2013},"geometry":{"type":"Point","coordinates":[127.03202859,37.55074788]}},{"type":"Feature","id":"street-14193","properties":{"id":"street-14193","dataset":"street","gu":"성동구","species":"소나무","heightM":8.0,"crownWidthM":2.0,"rawHeight":8.0,"rawCrownWidth":2.0,"quality":"valid","sourceYear":2013},"geometry":{"type":"Point","coordinates":[127.03683318,37.55923728]}},{"type":"Feature","id":"street-14195","properties":{"id":"street-14195","dataset":"street","gu":"성동구","species":"양버즘나무","heightM":7.0,"crownWidthM":3.0,"rawHeight":7.0,"rawCrownWidth":3.0,"quality":"valid","sourceYear":2013},"geometry":{"type":"Point","coordinates":[127.03392686,37.55402378]}},{"type":"Feature","id":"street-14196","properties":{"id":"street-14196","dataset":"street","gu":"성동구","species":"느티나무","heightM":5.0,"crownWidthM":3.0,"rawHeight":5.0,"rawCrownWidth":3.0,"quality":"valid","sourceYear":2013},"geometry":{"type":"Point","coordinates":[127.03383364,37.55904736]}},{"type":"Feature","id":"street-14202","properties":{"id":"street-14202","dataset":"street","gu":"성동구","species":"느티나무","heightM":4.0,"crownWidthM":4.0,"rawHeight":4.0,"rawCrownWidth":4.0,"quality":"valid","sourceYear":2013},"geometry":{"type":"Point","coordinates":[127.03480948,37.55372047]}},{"type":"Feature","id":"street-14205","properties":{"id":"street-14205","dataset":"street","gu":"성동구","species":"소나무","heightM":8.0,"crownWidthM":1.0,"rawHeight":8.0,"rawCrownWidth":1.0,"quality":"valid","sourceYear":2013},"geometry":{"type":"Point","coordinates":[127.03546397,37.55892449]}},{"type":"Feature","id":"street-14217","properties":{"id":"street-14217","dataset":"street","gu":"성동구","species":"느티나무","heightM":5.0,"crownWidthM":6.0,"rawHeight":5.0,"rawCrownWidth":6.0,"quality":"valid","sourceYear":2013},"geometry":{"type":"Point","coordinates":[127.03931162,37.55509581]}},{"type":"Feature","id":"street-14253","properties":{"id":"street-14253","dataset":"street","gu":"성동구","species":"소나무","heightM":8.0,"crownWidthM":2.0,"rawHeight":8.0,"rawCrownWidth":2.0,"quality":"valid","sourceYear":2013},"geometry":{"type":"Point","coordinates":[127.03664421,37.55917199]}},{"type":"Feature","id":"street-14284","properties":{"id":"street-14284","dataset":"street","gu":"성동구","species":"느티나무","heightM":6.0,"crownWidthM":3.0,"rawHeight":6.0,"rawCrownWidth":3.0,"quality":"valid","sourceYear":2013},"geometry":{"type":"Point","coordinates":[127.03385197,37.55885456]}},{"type":"Feature","id":"street-14287","properties":{"id":"street-14287","dataset":"street","gu":"성동구","species":"느티나무","heightM":3.0,"crownWidthM":4.0,"rawHeight":3.0,"rawCrownWidth":4.0,"quality":"valid","sourceYear":2013},"geometry":{"type":"Point","coordinates":[127.03474213,37.55392987]}},{"type":"Feature","id":"street-14317","properties":{"id":"street-14317","dataset":"street","gu":"성동구","species":"느티나무","heightM":4.0,"crownWidthM":6.0,"rawHeight":4.0,"rawCrownWidth":6.0,"quality":"valid","sourceYear":2013},"geometry":{"type":"Point","coordinates":[127.0350366,37.55285056]}},{"type":"Feature","id":"street-14319","properties":{"id":"street-14319","dataset":"street","gu":"성동구","species":"양버즘나무","heightM":9.0,"crownWidthM":3.0,"rawHeight":9.0,"rawCrownWidth":3.0,"quality":"valid","sourceYear":2013},"geometry":{"type":"Point","coordinates":[127.03248877,37.55162603]}},{"type":"Feature","id":"street-14321","properties":{"id":"street-14321","dataset":"street","gu":"성동구","species":"소나무","heightM":8.0,"crownWidthM":3.0,"rawHeight":8.0,"rawCrownWidth":3.0,"quality":"valid","sourceYear":2013},"geometry":{"type":"Point","coordinates":[127.03659049,37.55915534]}},{"type":"Feature","id":"street-14325","properties":{"id":"street-14325","dataset":"street","gu":"성동구","species":"회화나무","heightM":9.0,"crownWidthM":4.0,"rawHeight":9.0,"rawCrownWidth":4.0,"quality":"valid","sourceYear":2013},"geometry":{"type":"Point","coordinates":[127.03915431,37.55760158]}},{"type":"Feature","id":"street-14334","properties":{"id":"street-14334","dataset":"street","gu":"성동구","species":"소나무","heightM":8.0,"crownWidthM":2.0,"rawHeight":8.0,"rawCrownWidth":2.0,"quality":"valid","sourceYear":2013},"geometry":{"type":"Point","coordinates":[127.03543619,37.5589191]}},{"type":"Feature","id":"street-14336","properties":{"id":"street-14336","dataset":"street","gu":"성동구","species":"느티나무","heightM":7.0,"crownWidthM":4.0,"rawHeight":7.0,"rawCrownWidth":4.0,"quality":"valid","sourceYear":2013},"geometry":{"type":"Point","coordinates":[127.03412372,37.55871873]}},{"type":"Feature","id":"street-14348","properties":{"id":"street-14348","dataset":"street","gu":"성동구","species":"느티나무","heightM":6.0,"crownWidthM":3.0,"rawHeight":6.0,"rawCrownWidth":3.0,"quality":"valid","sourceYear":2013},"geometry":{"type":"Point","coordinates":[127.03654928,37.55905896]}},{"type":"Feature","id":"street-14391","properties":{"id":"street-14391","dataset":"street","gu":"성동구","species":"회화나무","heightM":8.0,"crownWidthM":4.0,"rawHeight":8.0,"rawCrownWidth":4.0,"quality":"valid","sourceYear":2013},"geometry":{"type":"Point","coordinates":[127.03913578,37.55770466]}},{"type":"Feature","id":"street-14471","properties":{"id":"street-14471","dataset":"street","gu":"성동구","species":"소나무","heightM":8.0,"crownWidthM":2.0,"rawHeight":8.0,"rawCrownWidth":2.0,"quality":"valid","sourceYear":2013},"geometry":{"type":"Point","coordinates":[127.0366688,37.55917923]}},{"type":"Feature","id":"street-14553","properties":{"id":"street-14553","dataset":"street","gu":"성동구","species":"느티나무","heightM":7.0,"crownWidthM":5.0,"rawHeight":7.0,"rawCrownWidth":5.0,"quality":"valid","sourceYear":2013},"geometry":{"type":"Point","coordinates":[127.0341408,37.55887747]}},{"type":"Feature","id":"street-14555","properties":{"id":"street-14555","dataset":"street","gu":"성동구","species":"회화나무","heightM":7.0,"crownWidthM":2.0,"rawHeight":7.0,"rawCrownWidth":2.0,"quality":"valid","sourceYear":2013},"geometry":{"type":"Point","coordinates":[127.0316412,37.55805551]}},{"type":"Feature","id":"street-14557","properties":{"id":"street-14557","dataset":"street","gu":"성동구","species":"양버즘나무","heightM":9.0,"crownWidthM":3.0,"rawHeight":9.0,"rawCrownWidth":3.0,"quality":"valid","sourceYear":2013},"geometry":{"type":"Point","coordinates":[127.0324017,37.55146283]}},{"type":"Feature","id":"street-14565","properties":{"id":"street-14565","dataset":"street","gu":"성동구","species":"느티나무","heightM":5.0,"crownWidthM":5.0,"rawHeight":5.0,"rawCrownWidth":5.0,"quality":"valid","sourceYear":2013},"geometry":{"type":"Point","coordinates":[127.03424738,37.55726286]}},{"type":"Feature","id":"street-14574","properties":{"id":"street-14574","dataset":"street","gu":"성동구","species":"양버즘나무","heightM":9.0,"crownWidthM":4.0,"rawHeight":9.0,"rawCrownWidth":4.0,"quality":"valid","sourceYear":2013},"geometry":{"type":"Point","coordinates":[127.03319984,37.55310349]}},{"type":"Feature","id":"street-14580","properties":{"id":"street-14580","dataset":"street","gu":"성동구","species":"느티나무","heightM":6.0,"crownWidthM":3.0,"rawHeight":6.0,"rawCrownWidth":3.0,"quality":"valid","sourceYear":2013},"geometry":{"type":"Point","coordinates":[127.03594344,37.55891966]}},{"type":"Feature","id":"street-14581","properties":{"id":"street-14581","dataset":"street","gu":"성동구","species":"느티나무","heightM":6.0,"crownWidthM":8.0,"rawHeight":6.0,"rawCrownWidth":8.0,"quality":"valid","sourceYear":2013},"geometry":{"type":"Point","coordinates":[127.03399565,37.55713397]}},{"type":"Feature","id":"street-14591","properties":{"id":"street-14591","dataset":"street","gu":"성동구","species":"양버즘나무","heightM":9.0,"crownWidthM":2.0,"rawHeight":9.0,"rawCrownWidth":2.0,"quality":"valid","sourceYear":2013},"geometry":{"type":"Point","coordinates":[127.03691602,37.55958128]}},{"type":"Feature","id":"street-14596","properties":{"id":"street-14596","dataset":"street","gu":"성동구","species":"소나무","heightM":8.0,"crownWidthM":3.0,"rawHeight":8.0,"rawCrownWidth":3.0,"quality":"valid","sourceYear":2013},"geometry":{"type":"Point","coordinates":[127.03652858,37.55914014]}},{"type":"Feature","id":"street-14617","properties":{"id":"street-14617","dataset":"street","gu":"성동구","species":"느티나무","heightM":8.0,"crownWidthM":7.0,"rawHeight":8.0,"rawCrownWidth":7.0,"quality":"valid","sourceYear":2013},"geometry":{"type":"Point","coordinates":[127.03340844,37.55337934]}},{"type":"Feature","id":"street-14679","properties":{"id":"street-14679","dataset":"street","gu":"성동구","species":"느티나무","heightM":5.0,"crownWidthM":3.0,"rawHeight":5.0,"rawCrownWidth":3.0,"quality":"valid","sourceYear":2013},"geometry":{"type":"Point","coordinates":[127.03383975,37.5589839]}},{"type":"Feature","id":"street-14681","properties":{"id":"street-14681","dataset":"street","gu":"성동구","species":"느티나무","heightM":6.0,"crownWidthM":3.0,"rawHeight":6.0,"rawCrownWidth":3.0,"quality":"valid","sourceYear":2013},"geometry":{"type":"Point","coordinates":[127.03663688,37.55908412]}},{"type":"Feature","id":"street-14687","properties":{"id":"street-14687","dataset":"street","gu":"성동구","species":"느티나무","heightM":7.0,"crownWidthM":4.0,"rawHeight":7.0,"rawCrownWidth":4.0,"quality":"valid","sourceYear":2013},"geometry":{"type":"Point","coordinates":[127.03470327,37.55406545]}},{"type":"Feature","id":"street-14698","properties":{"id":"street-14698","dataset":"street","gu":"성동구","species":"느티나무","heightM":3.0,"crownWidthM":4.0,"rawHeight":3.0,"rawCrownWidth":4.0,"quality":"valid","sourceYear":2013},"geometry":{"type":"Point","coordinates":[127.03478343,37.5537846]}},{"type":"Feature","id":"street-14711","properties":{"id":"street-14711","dataset":"street","gu":"성동구","species":"회화나무","heightM":7.0,"crownWidthM":4.0,"rawHeight":7.0,"rawCrownWidth":4.0,"quality":"valid","sourceYear":2013},"geometry":{"type":"Point","coordinates":[127.03929561,37.55692506]}},{"type":"Feature","id":"street-14716","properties":{"id":"street-14716","dataset":"street","gu":"성동구","species":"소나무","heightM":8.0,"crownWidthM":3.0,"rawHeight":8.0,"rawCrownWidth":3.0,"quality":"valid","sourceYear":2013},"geometry":{"type":"Point","coordinates":[127.03671524,37.55919444]}},{"type":"Feature","id":"street-14781","properties":{"id":"street-14781","dataset":"street","gu":"성동구","species":"소나무","heightM":8.0,"crownWidthM":3.0,"rawHeight":8.0,"rawCrownWidth":3.0,"quality":"valid","sourceYear":2013},"geometry":{"type":"Point","coordinates":[127.03656318,37.55914665]}},{"type":"Feature","id":"street-14786","properties":{"id":"street-14786","dataset":"street","gu":"성동구","species":"양버즘나무","heightM":8.0,"crownWidthM":6.0,"rawHeight":8.0,"rawCrownWidth":6.0,"quality":"valid","sourceYear":2013},"geometry":{"type":"Point","coordinates":[127.03511425,37.55159609]}},{"type":"Feature","id":"street-14868","properties":{"id":"street-14868","dataset":"street","gu":"성동구","species":"소나무","heightM":10.0,"crownWidthM":5.0,"rawHeight":10.0,"rawCrownWidth":5.0,"quality":"valid","sourceYear":2013},"geometry":{"type":"Point","coordinates":[127.03622092,37.55908079]}},{"type":"Feature","id":"street-14904","properties":{"id":"street-14904","dataset":"street","gu":"성동구","species":"회화나무","heightM":8.0,"crownWidthM":6.0,"rawHeight":8.0,"rawCrownWidth":6.0,"quality":"valid","sourceYear":2013},"geometry":{"type":"Point","coordinates":[127.03931014,37.55687576]}},{"type":"Feature","id":"street-14905","properties":{"id":"street-14905","dataset":"street","gu":"성동구","species":"양버즘나무","heightM":8.0,"crownWidthM":3.0,"rawHeight":8.0,"rawCrownWidth":3.0,"quality":"valid","sourceYear":2013},"geometry":{"type":"Point","coordinates":[127.03098435,37.55017168]}},{"type":"Feature","id":"street-14966","properties":{"id":"street-14966","dataset":"street","gu":"성동구","species":"회화나무","heightM":9.0,"crownWidthM":4.0,"rawHeight":9.0,"rawCrownWidth":4.0,"quality":"valid","sourceYear":2013},"geometry":{"type":"Point","coordinates":[127.03913217,37.55775393]}},{"type":"Feature","id":"street-14988","properties":{"id":"street-14988","dataset":"street","gu":"성동구","species":"회화나무","heightM":7.0,"crownWidthM":8.0,"rawHeight":7.0,"rawCrownWidth":8.0,"quality":"valid","sourceYear":2013},"geometry":{"type":"Point","coordinates":[127.03391919,37.55801992]}},{"type":"Feature","id":"street-14993","properties":{"id":"street-14993","dataset":"street","gu":"성동구","species":"소나무","heightM":12.0,"crownWidthM":4.0,"rawHeight":12.0,"rawCrownWidth":4.0,"quality":"valid","sourceYear":2013},"geometry":{"type":"Point","coordinates":[127.03617713,37.55907499]}},{"type":"Feature","id":"street-15004","properties":{"id":"street-15004","dataset":"street","gu":"성동구","species":"느티나무","heightM":9.0,"crownWidthM":7.0,"rawHeight":9.0,"rawCrownWidth":7.0,"quality":"valid","sourceYear":2013},"geometry":{"type":"Point","coordinates":[127.03529787,37.55186303]}},{"type":"Feature","id":"street-15005","properties":{"id":"street-15005","dataset":"street","gu":"성동구","species":"회화나무","heightM":7.0,"crownWidthM":2.0,"rawHeight":7.0,"rawCrownWidth":2.0,"quality":"valid","sourceYear":2013},"geometry":{"type":"Point","coordinates":[127.03275105,37.55828042]}},{"type":"Feature","id":"street-15019","properties":{"id":"street-15019","dataset":"street","gu":"성동구","species":"회화나무","heightM":7.0,"crownWidthM":4.0,"rawHeight":7.0,"rawCrownWidth":4.0,"quality":"valid","sourceYear":2013},"geometry":{"type":"Point","coordinates":[127.03927017,37.55701202]}},{"type":"Feature","id":"street-15104","properties":{"id":"street-15104","dataset":"street","gu":"성동구","species":"회화나무","heightM":7.0,"crownWidthM":2.0,"rawHeight":7.0,"rawCrownWidth":2.0,"quality":"valid","sourceYear":2013},"geometry":{"type":"Point","coordinates":[127.03265678,37.55826349]}},{"type":"Feature","id":"street-15229","properties":{"id":"street-15229","dataset":"street","gu":"성동구","species":"느티나무","heightM":5.0,"crownWidthM":7.0,"rawHeight":5.0,"rawCrownWidth":7.0,"quality":"valid","sourceYear":2013},"geometry":{"type":"Point","coordinates":[127.03935131,37.55574082]}},{"type":"Feature","id":"street-15239","properties":{"id":"street-15239","dataset":"street","gu":"성동구","species":"느티나무","heightM":6.0,"crownWidthM":3.0,"rawHeight":6.0,"rawCrownWidth":3.0,"quality":"valid","sourceYear":2013},"geometry":{"type":"Point","coordinates":[127.03455449,37.558727]}},{"type":"Feature","id":"street-15240","properties":{"id":"street-15240","dataset":"street","gu":"성동구","species":"느티나무","heightM":5.0,"crownWidthM":7.0,"rawHeight":5.0,"rawCrownWidth":7.0,"quality":"valid","sourceYear":2013},"geometry":{"type":"Point","coordinates":[127.03497289,37.5531493]}},{"type":"Feature","id":"street-15323","properties":{"id":"street-15323","dataset":"street","gu":"성동구","species":"느티나무","heightM":7.0,"crownWidthM":4.0,"rawHeight":7.0,"rawCrownWidth":4.0,"quality":"valid","sourceYear":2013},"geometry":{"type":"Point","coordinates":[127.03460558,37.5587386]}},{"type":"Feature","id":"street-15324","properties":{"id":"street-15324","dataset":"street","gu":"성동구","species":"소나무","heightM":9.0,"crownWidthM":2.0,"rawHeight":9.0,"rawCrownWidth":2.0,"quality":"valid","sourceYear":2013},"geometry":{"type":"Point","coordinates":[127.03595809,37.55901068]}},{"type":"Feature","id":"street-15414","properties":{"id":"street-15414","dataset":"street","gu":"성동구","species":"느티나무","heightM":6.0,"crownWidthM":3.0,"rawHeight":6.0,"rawCrownWidth":3.0,"quality":"valid","sourceYear":2013},"geometry":{"type":"Point","coordinates":[127.03686317,37.55915571]}},{"type":"Feature","id":"street-15416","properties":{"id":"street-15416","dataset":"street","gu":"성동구","species":"소나무","heightM":8.0,"crownWidthM":4.0,"rawHeight":8.0,"rawCrownWidth":4.0,"quality":"valid","sourceYear":2013},"geometry":{"type":"Point","coordinates":[127.03553594,37.5589365]}},{"type":"Feature","id":"street-15418","properties":{"id":"street-15418","dataset":"street","gu":"성동구","species":"느티나무","heightM":3.0,"crownWidthM":3.0,"rawHeight":3.0,"rawCrownWidth":3.0,"quality":"valid","sourceYear":2013},"geometry":{"type":"Point","coordinates":[127.03471692,37.55399554]}},{"type":"Feature","id":"street-15419","properties":{"id":"street-15419","dataset":"street","gu":"성동구","species":"느티나무","heightM":9.0,"crownWidthM":3.0,"rawHeight":9.0,"rawCrownWidth":3.0,"quality":"valid","sourceYear":2013},"geometry":{"type":"Point","coordinates":[127.03379393,37.55937198]}},{"type":"Feature","id":"street-15429","properties":{"id":"street-15429","dataset":"street","gu":"성동구","species":"회화나무","heightM":7.0,"crownWidthM":5.0,"rawHeight":7.0,"rawCrownWidth":5.0,"quality":"valid","sourceYear":2013},"geometry":{"type":"Point","coordinates":[127.03926291,37.55706128]}},{"type":"Feature","id":"street-15552","properties":{"id":"street-15552","dataset":"street","gu":"성동구","species":"느티나무","heightM":7.0,"crownWidthM":7.0,"rawHeight":7.0,"rawCrownWidth":7.0,"quality":"valid","sourceYear":2013},"geometry":{"type":"Point","coordinates":[127.0332704,37.55319625]}},{"type":"Feature","id":"street-15690","properties":{"id":"street-15690","dataset":"street","gu":"성동구","species":"양버즘나무","heightM":8.0,"crownWidthM":3.0,"rawHeight":8.0,"rawCrownWidth":3.0,"quality":"valid","sourceYear":2013},"geometry":{"type":"Point","coordinates":[127.0317233,37.55063582]}},{"type":"Feature","id":"street-15691","properties":{"id":"street-15691","dataset":"street","gu":"성동구","species":"양버즘나무","heightM":8.0,"crownWidthM":4.0,"rawHeight":8.0,"rawCrownWidth":4.0,"quality":"valid","sourceYear":2013},"geometry":{"type":"Point","coordinates":[127.03168289,37.55058882]}},{"type":"Feature","id":"street-15764","properties":{"id":"street-15764","dataset":"street","gu":"성동구","species":"양버즘나무","heightM":8.0,"crownWidthM":4.0,"rawHeight":8.0,"rawCrownWidth":4.0,"quality":"valid","sourceYear":2013},"geometry":{"type":"Point","coordinates":[127.03202927,37.55110053]}},{"type":"Feature","id":"street-15766","properties":{"id":"street-15766","dataset":"street","gu":"성동구","species":"양버즘나무","heightM":8.0,"crownWidthM":4.0,"rawHeight":8.0,"rawCrownWidth":4.0,"quality":"valid","sourceYear":2013},"geometry":{"type":"Point","coordinates":[127.03209945,37.55123416]}},{"type":"Feature","id":"street-15767","properties":{"id":"street-15767","dataset":"street","gu":"성동구","species":"양버즘나무","heightM":8.0,"crownWidthM":4.0,"rawHeight":8.0,"rawCrownWidth":4.0,"quality":"valid","sourceYear":2013},"geometry":{"type":"Point","coordinates":[127.03212706,37.55130004]}},{"type":"Feature","id":"street-15770","properties":{"id":"street-15770","dataset":"street","gu":"성동구","species":"양버즘나무","heightM":8.0,"crownWidthM":4.0,"rawHeight":8.0,"rawCrownWidth":4.0,"quality":"valid","sourceYear":2013},"geometry":{"type":"Point","coordinates":[127.03147966,37.55041485]}},{"type":"Feature","id":"street-15774","properties":{"id":"street-15774","dataset":"street","gu":"성동구","species":"양버즘나무","heightM":9.0,"crownWidthM":5.0,"rawHeight":9.0,"rawCrownWidth":5.0,"quality":"valid","sourceYear":2013},"geometry":{"type":"Point","coordinates":[127.03142993,37.55038272]}},{"type":"Feature","id":"street-15781","properties":{"id":"street-15781","dataset":"street","gu":"성동구","species":"느티나무","heightM":4.0,"crownWidthM":3.0,"rawHeight":4.0,"rawCrownWidth":3.0,"quality":"valid","sourceYear":2013},"geometry":{"type":"Point","coordinates":[127.03442957,37.55370871]}},{"type":"Feature","id":"street-15784","properties":{"id":"street-15784","dataset":"street","gu":"성동구","species":"느티나무","heightM":8.0,"crownWidthM":9.0,"rawHeight":8.0,"rawCrownWidth":9.0,"quality":"valid","sourceYear":2013},"geometry":{"type":"Point","coordinates":[127.03496252,37.55204846]}},{"type":"Feature","id":"street-15869","properties":{"id":"street-15869","dataset":"street","gu":"성동구","species":"느티나무","heightM":8.0,"crownWidthM":9.0,"rawHeight":8.0,"rawCrownWidth":9.0,"quality":"valid","sourceYear":2013},"geometry":{"type":"Point","coordinates":[127.03498109,37.55198666]}},{"type":"Feature","id":"street-16028","properties":{"id":"street-16028","dataset":"street","gu":"성동구","species":"느티나무","heightM":6.0,"crownWidthM":5.0,"rawHeight":6.0,"rawCrownWidth":5.0,"quality":"valid","sourceYear":2013},"geometry":{"type":"Point","coordinates":[127.03408542,37.55935551]}},{"type":"Feature","id":"street-16029","properties":{"id":"street-16029","dataset":"street","gu":"성동구","species":"느티나무","heightM":5.0,"crownWidthM":5.0,"rawHeight":5.0,"rawCrownWidth":5.0,"quality":"valid","sourceYear":2013},"geometry":{"type":"Point","coordinates":[127.03408545,37.55940585]}},{"type":"Feature","id":"street-16030","properties":{"id":"street-16030","dataset":"street","gu":"성동구","species":"느티나무","heightM":7.0,"crownWidthM":7.0,"rawHeight":7.0,"rawCrownWidth":7.0,"quality":"valid","sourceYear":2013},"geometry":{"type":"Point","coordinates":[127.03408539,37.55930323]}},{"type":"Feature","id":"street-16031","properties":{"id":"street-16031","dataset":"street","gu":"성동구","species":"느티나무","heightM":5.0,"crownWidthM":7.0,"rawHeight":5.0,"rawCrownWidth":7.0,"quality":"valid","sourceYear":2013},"geometry":{"type":"Point","coordinates":[127.03438236,37.55581259]}},{"type":"Feature","id":"street-16032","properties":{"id":"street-16032","dataset":"street","gu":"성동구","species":"느티나무","heightM":4.0,"crownWidthM":5.0,"rawHeight":4.0,"rawCrownWidth":5.0,"quality":"valid","sourceYear":2013},"geometry":{"type":"Point","coordinates":[127.03509256,37.55265218]}},{"type":"Feature","id":"street-16033","properties":{"id":"street-16033","dataset":"street","gu":"성동구","species":"느티나무","heightM":4.0,"crownWidthM":5.0,"rawHeight":4.0,"rawCrownWidth":5.0,"quality":"valid","sourceYear":2013},"geometry":{"type":"Point","coordinates":[127.03462102,37.55443946]}},{"type":"Feature","id":"street-16034","properties":{"id":"street-16034","dataset":"street","gu":"성동구","species":"느티나무","heightM":5.0,"crownWidthM":5.0,"rawHeight":5.0,"rawCrownWidth":5.0,"quality":"valid","sourceYear":2013},"geometry":{"type":"Point","coordinates":[127.03464123,37.55434023]}},{"type":"Feature","id":"street-16035","properties":{"id":"street-16035","dataset":"street","gu":"성동구","species":"느티나무","heightM":5.0,"crownWidthM":7.0,"rawHeight":5.0,"rawCrownWidth":7.0,"quality":"valid","sourceYear":2013},"geometry":{"type":"Point","coordinates":[127.03484559,37.55243177]}},{"type":"Feature","id":"street-16036","properties":{"id":"street-16036","dataset":"street","gu":"성동구","species":"은단풍","heightM":8.0,"crownWidthM":7.0,"rawHeight":8.0,"rawCrownWidth":7.0,"quality":"valid","sourceYear":2013},"geometry":{"type":"Point","coordinates":[127.0348959,37.55225925]}},{"type":"Feature","id":"street-16037","properties":{"id":"street-16037","dataset":"street","gu":"성동구","species":"느티나무","heightM":5.0,"crownWidthM":6.0,"rawHeight":5.0,"rawCrownWidth":6.0,"quality":"valid","sourceYear":2013},"geometry":{"type":"Point","coordinates":[127.03451958,37.55501013]}},{"type":"Feature","id":"street-16038","properties":{"id":"street-16038","dataset":"street","gu":"성동구","species":"느티나무","heightM":4.0,"crownWidthM":4.0,"rawHeight":4.0,"rawCrownWidth":4.0,"quality":"valid","sourceYear":2013},"geometry":{"type":"Point","coordinates":[127.03457641,37.55481623]}},{"type":"Feature","id":"street-16039","properties":{"id":"street-16039","dataset":"street","gu":"성동구","species":"느티나무","heightM":3.0,"crownWidthM":5.0,"rawHeight":3.0,"rawCrownWidth":5.0,"quality":"valid","sourceYear":2013},"geometry":{"type":"Point","coordinates":[127.03450988,37.55509147]}},{"type":"Feature","id":"street-16040","properties":{"id":"street-16040","dataset":"street","gu":"성동구","species":"느티나무","heightM":5.0,"crownWidthM":6.0,"rawHeight":5.0,"rawCrownWidth":6.0,"quality":"valid","sourceYear":2013},"geometry":{"type":"Point","coordinates":[127.03518412,37.55234286]}},{"type":"Feature","id":"street-16041","properties":{"id":"street-16041","dataset":"street","gu":"성동구","species":"느티나무","heightM":5.0,"crownWidthM":10.0,"rawHeight":5.0,"rawCrownWidth":10.0,"quality":"valid","sourceYear":2013},"geometry":{"type":"Point","coordinates":[127.03487107,37.55234338]}},{"type":"Feature","id":"street-16042","properties":{"id":"street-16042","dataset":"street","gu":"성동구","species":"느티나무","heightM":2.0,"crownWidthM":5.0,"rawHeight":2.0,"rawCrownWidth":5.0,"quality":"valid","sourceYear":2013},"geometry":{"type":"Point","coordinates":[127.03477945,37.55264475]}},{"type":"Feature","id":"street-16056","properties":{"id":"street-16056","dataset":"street","gu":"성동구","species":"양버즘나무","heightM":9.0,"crownWidthM":3.0,"rawHeight":9.0,"rawCrownWidth":3.0,"quality":"valid","sourceYear":2013},"geometry":{"type":"Point","coordinates":[127.03268335,37.55206077]}},{"type":"Feature","id":"street-16057","properties":{"id":"street-16057","dataset":"street","gu":"성동구","species":"양버즘나무","heightM":9.0,"crownWidthM":3.0,"rawHeight":9.0,"rawCrownWidth":3.0,"quality":"valid","sourceYear":2013},"geometry":{"type":"Point","coordinates":[127.03265535,37.55199952]}},{"type":"Feature","id":"street-16111","properties":{"id":"street-16111","dataset":"street","gu":"성동구","species":"양버즘나무","heightM":9.0,"crownWidthM":3.0,"rawHeight":9.0,"rawCrownWidth":3.0,"quality":"valid","sourceYear":2013},"geometry":{"type":"Point","coordinates":[127.03228666,37.55119878]}},{"type":"Feature","id":"street-16114","properties":{"id":"street-16114","dataset":"street","gu":"성동구","species":"양버즘나무","heightM":9.0,"crownWidthM":3.0,"rawHeight":9.0,"rawCrownWidth":3.0,"quality":"valid","sourceYear":2013},"geometry":{"type":"Point","coordinates":[127.03282564,37.55235461]}},{"type":"Feature","id":"street-16115","properties":{"id":"street-16115","dataset":"street","gu":"성동구","species":"양버즘나무","heightM":9.0,"crownWidthM":3.0,"rawHeight":9.0,"rawCrownWidth":3.0,"quality":"valid","sourceYear":2013},"geometry":{"type":"Point","coordinates":[127.03280076,37.55230018]}},{"type":"Feature","id":"street-16151","properties":{"id":"street-16151","dataset":"street","gu":"성동구","species":"양버즘나무","heightM":8.0,"crownWidthM":3.0,"rawHeight":8.0,"rawCrownWidth":3.0,"quality":"valid","sourceYear":2013},"geometry":{"type":"Point","coordinates":[127.03399872,37.55719254]}},{"type":"Feature","id":"street-16219","properties":{"id":"street-16219","dataset":"street","gu":"성동구","species":"회화나무","heightM":7.0,"crownWidthM":2.0,"rawHeight":7.0,"rawCrownWidth":2.0,"quality":"valid","sourceYear":2013},"geometry":{"type":"Point","coordinates":[127.03247736,37.55822479]}},{"type":"Feature","id":"street-16221","properties":{"id":"street-16221","dataset":"street","gu":"성동구","species":"느티나무","heightM":6.0,"crownWidthM":3.0,"rawHeight":6.0,"rawCrownWidth":3.0,"quality":"valid","sourceYear":2013},"geometry":{"type":"Point","coordinates":[127.03535225,37.55880945]}},{"type":"Feature","id":"street-16222","properties":{"id":"street-16222","dataset":"street","gu":"성동구","species":"소나무","heightM":8.0,"crownWidthM":3.0,"rawHeight":8.0,"rawCrownWidth":3.0,"quality":"valid","sourceYear":2013},"geometry":{"type":"Point","coordinates":[127.03681722,37.55922992]}},{"type":"Feature","id":"street-16225","properties":{"id":"street-16225","dataset":"street","gu":"성동구","species":"느티나무","heightM":3.0,"crownWidthM":5.0,"rawHeight":3.0,"rawCrownWidth":5.0,"quality":"valid","sourceYear":2013},"geometry":{"type":"Point","coordinates":[127.03489517,37.55343983]}},{"type":"Feature","id":"street-16335","properties":{"id":"street-16335","dataset":"street","gu":"성동구","species":"양버즘나무","heightM":9.0,"crownWidthM":3.0,"rawHeight":9.0,"rawCrownWidth":3.0,"quality":"valid","sourceYear":2013},"geometry":{"type":"Point","coordinates":[127.03262503,37.55194199]}},{"type":"Feature","id":"street-16336","properties":{"id":"street-16336","dataset":"street","gu":"성동구","species":"양버즘나무","heightM":9.0,"crownWidthM":4.0,"rawHeight":9.0,"rawCrownWidth":4.0,"quality":"valid","sourceYear":2013},"geometry":{"type":"Point","coordinates":[127.03260093,37.55189808]}},{"type":"Feature","id":"street-16337","properties":{"id":"street-16337","dataset":"street","gu":"성동구","species":"양버즘나무","heightM":9.0,"crownWidthM":3.0,"rawHeight":9.0,"rawCrownWidth":3.0,"quality":"valid","sourceYear":2013},"geometry":{"type":"Point","coordinates":[127.03257522,37.55183066]}},{"type":"Feature","id":"street-16340","properties":{"id":"street-16340","dataset":"street","gu":"성동구","species":"느티나무","heightM":9.0,"crownWidthM":8.0,"rawHeight":9.0,"rawCrownWidth":8.0,"quality":"valid","sourceYear":2013},"geometry":{"type":"Point","coordinates":[127.03284114,37.55241761]}},{"type":"Feature","id":"street-16344","properties":{"id":"street-16344","dataset":"street","gu":"성동구","species":"양버즘나무","heightM":9.0,"crownWidthM":4.0,"rawHeight":9.0,"rawCrownWidth":4.0,"quality":"valid","sourceYear":2013},"geometry":{"type":"Point","coordinates":[127.03292045,37.55259332]}},{"type":"Feature","id":"street-16345","properties":{"id":"street-16345","dataset":"street","gu":"성동구","species":"양버즘나무","heightM":9.0,"crownWidthM":4.0,"rawHeight":9.0,"rawCrownWidth":4.0,"quality":"valid","sourceYear":2013},"geometry":{"type":"Point","coordinates":[127.03294534,37.5526527]}},{"type":"Feature","id":"street-16346","properties":{"id":"street-16346","dataset":"street","gu":"성동구","species":"양버즘나무","heightM":9.0,"crownWidthM":4.0,"rawHeight":9.0,"rawCrownWidth":4.0,"quality":"valid","sourceYear":2013},"geometry":{"type":"Point","coordinates":[127.03289558,37.55255373]}},{"type":"Feature","id":"street-16347","properties":{"id":"street-16347","dataset":"street","gu":"성동구","species":"양버즘나무","heightM":9.0,"crownWidthM":3.0,"rawHeight":9.0,"rawCrownWidth":3.0,"quality":"valid","sourceYear":2013},"geometry":{"type":"Point","coordinates":[127.03300052,37.55275719]}},{"type":"Feature","id":"street-16395","properties":{"id":"street-16395","dataset":"street","gu":"성동구","species":"양버즘나무","heightM":9.0,"crownWidthM":3.0,"rawHeight":9.0,"rawCrownWidth":3.0,"quality":"valid","sourceYear":2013},"geometry":{"type":"Point","coordinates":[127.03277511,37.5522476]}},{"type":"Feature","id":"street-16396","properties":{"id":"street-16396","dataset":"street","gu":"성동구","species":"양버즘나무","heightM":9.0,"crownWidthM":3.0,"rawHeight":9.0,"rawCrownWidth":3.0,"quality":"valid","sourceYear":2013},"geometry":{"type":"Point","coordinates":[127.03272067,37.55212386]}},{"type":"Feature","id":"street-16417","properties":{"id":"street-16417","dataset":"street","gu":"성동구","species":"양버즘나무","heightM":9.0,"crownWidthM":4.0,"rawHeight":9.0,"rawCrownWidth":4.0,"quality":"valid","sourceYear":2013},"geometry":{"type":"Point","coordinates":[127.0330327,37.55281367]}},{"type":"Feature","id":"street-16418","properties":{"id":"street-16418","dataset":"street","gu":"성동구","species":"양버즘나무","heightM":9.0,"crownWidthM":4.0,"rawHeight":9.0,"rawCrownWidth":4.0,"quality":"valid","sourceYear":2013},"geometry":{"type":"Point","coordinates":[127.03305725,37.55286738]}},{"type":"Feature","id":"street-16533","properties":{"id":"street-16533","dataset":"street","gu":"성동구","species":"양버즘나무","heightM":7.0,"crownWidthM":4.0,"rawHeight":7.0,"rawCrownWidth":4.0,"quality":"valid","sourceYear":2013},"geometry":{"type":"Point","coordinates":[127.03387778,37.55397252]}},{"type":"Feature","id":"street-16582","properties":{"id":"street-16582","dataset":"street","gu":"성동구","species":"은행나무","heightM":8.0,"crownWidthM":3.0,"rawHeight":8.0,"rawCrownWidth":3.0,"quality":"valid","sourceYear":2013},"geometry":{"type":"Point","coordinates":[127.03448986,37.55873122]}},{"type":"Feature","id":"street-16590","properties":{"id":"street-16590","dataset":"street","gu":"성동구","species":"회화나무","heightM":5.0,"crownWidthM":3.0,"rawHeight":5.0,"rawCrownWidth":3.0,"quality":"valid","sourceYear":2013},"geometry":{"type":"Point","coordinates":[127.03332746,37.55840318]}},{"type":"Feature","id":"street-16593","properties":{"id":"street-16593","dataset":"street","gu":"성동구","species":"느티나무","heightM":7.0,"crownWidthM":6.0,"rawHeight":7.0,"rawCrownWidth":6.0,"quality":"valid","sourceYear":2013},"geometry":{"type":"Point","coordinates":[127.03709905,37.55904141]}},{"type":"Feature","id":"street-16598","properties":{"id":"street-16598","dataset":"street","gu":"성동구","species":"느티나무","heightM":7.0,"crownWidthM":7.0,"rawHeight":7.0,"rawCrownWidth":7.0,"quality":"valid","sourceYear":2013},"geometry":{"type":"Point","coordinates":[127.03412873,37.55912526]}},{"type":"Feature","id":"street-16606","properties":{"id":"street-16606","dataset":"street","gu":"성동구","species":"회화나무","heightM":6.0,"crownWidthM":3.0,"rawHeight":6.0,"rawCrownWidth":3.0,"quality":"valid","sourceYear":2013},"geometry":{"type":"Point","coordinates":[127.03321091,37.55828605]}},{"type":"Feature","id":"street-16689","properties":{"id":"street-16689","dataset":"street","gu":"성동구","species":"양버즘나무","heightM":7.0,"crownWidthM":3.0,"rawHeight":7.0,"rawCrownWidth":3.0,"quality":"valid","sourceYear":2013},"geometry":{"type":"Point","coordinates":[127.03152553,37.55045629]}},{"type":"Feature","id":"street-16690","properties":{"id":"street-16690","dataset":"street","gu":"성동구","species":"양버즘나무","heightM":8.0,"crownWidthM":3.0,"rawHeight":8.0,"rawCrownWidth":3.0,"quality":"valid","sourceYear":2013},"geometry":{"type":"Point","coordinates":[127.03130674,37.55031582]}},{"type":"Feature","id":"street-16691","properties":{"id":"street-16691","dataset":"street","gu":"성동구","species":"양버즘나무","heightM":8.0,"crownWidthM":3.0,"rawHeight":8.0,"rawCrownWidth":3.0,"quality":"valid","sourceYear":2013},"geometry":{"type":"Point","coordinates":[127.03137512,37.55034825]}},{"type":"Feature","id":"street-16719","properties":{"id":"street-16719","dataset":"street","gu":"성동구","species":"회화나무","heightM":7.0,"crownWidthM":2.0,"rawHeight":7.0,"rawCrownWidth":2.0,"quality":"valid","sourceYear":2013},"geometry":{"type":"Point","coordinates":[127.03222495,37.55817158]}},{"type":"Feature","id":"street-16720","properties":{"id":"street-16720","dataset":"street","gu":"성동구","species":"느티나무","heightM":5.0,"crownWidthM":3.0,"rawHeight":5.0,"rawCrownWidth":3.0,"quality":"valid","sourceYear":2013},"geometry":{"type":"Point","coordinates":[127.03606509,37.55894869]}},{"type":"Feature","id":"street-16733","properties":{"id":"street-16733","dataset":"street","gu":"성동구","species":"양버즘나무","heightM":9.0,"crownWidthM":4.0,"rawHeight":9.0,"rawCrownWidth":4.0,"quality":"valid","sourceYear":2013},"geometry":{"type":"Point","coordinates":[127.03205968,37.55080478]}},{"type":"Feature","id":"street-16734","properties":{"id":"street-16734","dataset":"street","gu":"성동구","species":"느티나무","heightM":6.0,"crownWidthM":3.0,"rawHeight":6.0,"rawCrownWidth":3.0,"quality":"valid","sourceYear":2013},"geometry":{"type":"Point","coordinates":[127.03421996,37.55864757]}},{"type":"Feature","id":"street-16736","properties":{"id":"street-16736","dataset":"street","gu":"성동구","species":"은행나무","heightM":8.0,"crownWidthM":4.0,"rawHeight":8.0,"rawCrownWidth":4.0,"quality":"valid","sourceYear":2013},"geometry":{"type":"Point","coordinates":[127.03443147,37.55871381]}},{"type":"Feature","id":"street-16772","properties":{"id":"street-16772","dataset":"street","gu":"성동구","species":"느티나무","heightM":6.0,"crownWidthM":6.0,"rawHeight":6.0,"rawCrownWidth":6.0,"quality":"valid","sourceYear":2013},"geometry":{"type":"Point","coordinates":[127.03997657,37.55063133]}},{"type":"Feature","id":"street-16773","properties":{"id":"street-16773","dataset":"street","gu":"성동구","species":"느티나무","heightM":6.0,"crownWidthM":6.0,"rawHeight":6.0,"rawCrownWidth":6.0,"quality":"valid","sourceYear":2013},"geometry":{"type":"Point","coordinates":[127.03929693,37.55022523]}},{"type":"Feature","id":"street-16774","properties":{"id":"street-16774","dataset":"street","gu":"성동구","species":"느티나무","heightM":6.0,"crownWidthM":5.0,"rawHeight":6.0,"rawCrownWidth":5.0,"quality":"valid","sourceYear":2013},"geometry":{"type":"Point","coordinates":[127.03945165,37.55035303]}},{"type":"Feature","id":"street-16843","properties":{"id":"street-16843","dataset":"street","gu":"성동구","species":"양버즘나무","heightM":12.0,"crownWidthM":8.0,"rawHeight":12.0,"rawCrownWidth":8.0,"quality":"valid","sourceYear":2013},"geometry":{"type":"Point","coordinates":[127.0399697,37.55798498]}},{"type":"Feature","id":"street-16849","properties":{"id":"street-16849","dataset":"street","gu":"성동구","species":"느티나무","heightM":6.0,"crownWidthM":6.0,"rawHeight":6.0,"rawCrownWidth":6.0,"quality":"valid","sourceYear":2013},"geometry":{"type":"Point","coordinates":[127.03923743,37.55019683]}},{"type":"Feature","id":"street-16850","properties":{"id":"street-16850","dataset":"street","gu":"성동구","species":"느티나무","heightM":6.0,"crownWidthM":6.0,"rawHeight":6.0,"rawCrownWidth":6.0,"quality":"valid","sourceYear":2013},"geometry":{"type":"Point","coordinates":[127.03911247,37.55011164]}},{"type":"Feature","id":"street-16853","properties":{"id":"street-16853","dataset":"street","gu":"성동구","species":"느티나무","heightM":6.0,"crownWidthM":5.0,"rawHeight":6.0,"rawCrownWidth":5.0,"quality":"valid","sourceYear":2013},"geometry":{"type":"Point","coordinates":[127.03939214,37.55031043]}},{"type":"Feature","id":"street-16854","properties":{"id":"street-16854","dataset":"street","gu":"성동구","species":"느티나무","heightM":6.0,"crownWidthM":6.0,"rawHeight":6.0,"rawCrownWidth":6.0,"quality":"valid","sourceYear":2013},"geometry":{"type":"Point","coordinates":[127.03900059,37.55002266]}},{"type":"Feature","id":"street-16855","properties":{"id":"street-16855","dataset":"street","gu":"성동구","species":"느티나무","heightM":6.0,"crownWidthM":6.0,"rawHeight":6.0,"rawCrownWidth":6.0,"quality":"valid","sourceYear":2013},"geometry":{"type":"Point","coordinates":[127.03905891,37.55005957]}},{"type":"Feature","id":"street-16894","properties":{"id":"street-16894","dataset":"street","gu":"성동구","species":"왕벚나무","heightM":3.0,"crownWidthM":6.0,"rawHeight":3.0,"rawCrownWidth":6.0,"quality":"valid","sourceYear":2013},"geometry":{"type":"Point","coordinates":[127.0335406,37.55388289]}},{"type":"Feature","id":"street-16895","properties":{"id":"street-16895","dataset":"street","gu":"성동구","species":"양버즘나무","heightM":4.0,"crownWidthM":4.0,"rawHeight":4.0,"rawCrownWidth":4.0,"quality":"valid","sourceYear":2013},"geometry":{"type":"Point","coordinates":[127.03347638,37.55377841]}},{"type":"Feature","id":"street-16896","properties":{"id":"street-16896","dataset":"street","gu":"성동구","species":"양버즘나무","heightM":5.0,"crownWidthM":4.0,"rawHeight":5.0,"rawCrownWidth":4.0,"quality":"valid","sourceYear":2013},"geometry":{"type":"Point","coordinates":[127.03342969,37.55372734]}},{"type":"Feature","id":"street-16897","properties":{"id":"street-16897","dataset":"street","gu":"성동구","species":"양버즘나무","heightM":6.0,"crownWidthM":4.0,"rawHeight":6.0,"rawCrownWidth":4.0,"quality":"valid","sourceYear":2013},"geometry":{"type":"Point","coordinates":[127.03318458,37.55339066]}},{"type":"Feature","id":"street-16914","properties":{"id":"street-16914","dataset":"street","gu":"성동구","species":"느티나무","heightM":6.0,"crownWidthM":3.0,"rawHeight":6.0,"rawCrownWidth":3.0,"quality":"valid","sourceYear":2013},"geometry":{"type":"Point","coordinates":[127.03610889,37.55896224]}},{"type":"Feature","id":"street-16930","properties":{"id":"street-16930","dataset":"street","gu":"성동구","species":"느티나무","heightM":6.0,"crownWidthM":5.0,"rawHeight":6.0,"rawCrownWidth":5.0,"quality":"valid","sourceYear":2013},"geometry":{"type":"Point","coordinates":[127.03960256,37.55043949]}},{"type":"Feature","id":"street-16931","properties":{"id":"street-16931","dataset":"street","gu":"성동구","species":"느티나무","heightM":6.0,"crownWidthM":5.0,"rawHeight":6.0,"rawCrownWidth":5.0,"quality":"valid","sourceYear":2013},"geometry":{"type":"Point","coordinates":[127.03954305,37.55039689]}},{"type":"Feature","id":"street-16932","properties":{"id":"street-16932","dataset":"street","gu":"성동구","species":"느티나무","heightM":6.0,"crownWidthM":5.0,"rawHeight":6.0,"rawCrownWidth":5.0,"quality":"valid","sourceYear":2013},"geometry":{"type":"Point","coordinates":[127.03949437,37.55037065]}},{"type":"Feature","id":"street-16933","properties":{"id":"street-16933","dataset":"street","gu":"성동구","species":"느티나무","heightM":6.0,"crownWidthM":5.0,"rawHeight":6.0,"rawCrownWidth":5.0,"quality":"valid","sourceYear":2013},"geometry":{"type":"Point","coordinates":[127.03964988,37.55045991]}},{"type":"Feature","id":"street-16935","properties":{"id":"street-16935","dataset":"street","gu":"성동구","species":"느티나무","heightM":6.0,"crownWidthM":5.0,"rawHeight":6.0,"rawCrownWidth":5.0,"quality":"valid","sourceYear":2013},"geometry":{"type":"Point","coordinates":[127.0397613,37.55052509]}},{"type":"Feature","id":"street-16936","properties":{"id":"street-16936","dataset":"street","gu":"성동구","species":"느티나무","heightM":6.0,"crownWidthM":5.0,"rawHeight":6.0,"rawCrownWidth":5.0,"quality":"valid","sourceYear":2013},"geometry":{"type":"Point","coordinates":[127.0398162,37.55054938]}},{"type":"Feature","id":"street-16937","properties":{"id":"street-16937","dataset":"street","gu":"성동구","species":"느티나무","heightM":6.0,"crownWidthM":5.0,"rawHeight":6.0,"rawCrownWidth":5.0,"quality":"valid","sourceYear":2013},"geometry":{"type":"Point","coordinates":[127.03986461,37.55057778]}},{"type":"Feature","id":"street-16938","properties":{"id":"street-16938","dataset":"street","gu":"성동구","species":"느티나무","heightM":6.0,"crownWidthM":6.0,"rawHeight":6.0,"rawCrownWidth":6.0,"quality":"valid","sourceYear":2013},"geometry":{"type":"Point","coordinates":[127.03992897,37.55060703]}},{"type":"Feature","id":"street-16955","properties":{"id":"street-16955","dataset":"street","gu":"성동구","species":"양버즘나무","heightM":9.0,"crownWidthM":5.0,"rawHeight":9.0,"rawCrownWidth":5.0,"quality":"valid","sourceYear":2013},"geometry":{"type":"Point","coordinates":[127.03219027,37.55099155]}},{"type":"Feature","id":"street-16957","properties":{"id":"street-16957","dataset":"street","gu":"성동구","species":"양버즘나무","heightM":9.0,"crownWidthM":3.0,"rawHeight":9.0,"rawCrownWidth":3.0,"quality":"valid","sourceYear":2013},"geometry":{"type":"Point","coordinates":[127.03254407,37.55175706]}},{"type":"Feature","id":"street-16970","properties":{"id":"street-16970","dataset":"street","gu":"성동구","species":"양버즘나무","heightM":9.0,"crownWidthM":3.0,"rawHeight":9.0,"rawCrownWidth":3.0,"quality":"valid","sourceYear":2013},"geometry":{"type":"Point","coordinates":[127.03312629,37.55330522]}},{"type":"Feature","id":"street-17022","properties":{"id":"street-17022","dataset":"street","gu":"성동구","species":"느티나무","heightM":6.0,"crownWidthM":9.0,"rawHeight":6.0,"rawCrownWidth":9.0,"quality":"valid","sourceYear":2013},"geometry":{"type":"Point","coordinates":[127.03417657,37.55513202]}},{"type":"Feature","id":"street-17023","properties":{"id":"street-17023","dataset":"street","gu":"성동구","species":"느티나무","heightM":6.0,"crownWidthM":8.0,"rawHeight":6.0,"rawCrownWidth":8.0,"quality":"valid","sourceYear":2013},"geometry":{"type":"Point","coordinates":[127.03417654,37.55506854]}},{"type":"Feature","id":"street-17024","properties":{"id":"street-17024","dataset":"street","gu":"성동구","species":"느티나무","heightM":6.0,"crownWidthM":6.0,"rawHeight":6.0,"rawCrownWidth":6.0,"quality":"valid","sourceYear":2013},"geometry":{"type":"Point","coordinates":[127.03415524,37.55539817]}},{"type":"Feature","id":"street-17062","properties":{"id":"street-17062","dataset":"street","gu":"성동구","species":"양버즘나무","heightM":9.0,"crownWidthM":3.0,"rawHeight":9.0,"rawCrownWidth":3.0,"quality":"valid","sourceYear":2013},"geometry":{"type":"Point","coordinates":[127.03845979,37.55830917]}},{"type":"Feature","id":"street-17064","properties":{"id":"street-17064","dataset":"street","gu":"성동구","species":"양버즘나무","heightM":9.0,"crownWidthM":4.0,"rawHeight":9.0,"rawCrownWidth":4.0,"quality":"valid","sourceYear":2013},"geometry":{"type":"Point","coordinates":[127.0383917,37.55833437]}},{"type":"Feature","id":"street-17065","properties":{"id":"street-17065","dataset":"street","gu":"성동구","species":"양버즘나무","heightM":9.0,"crownWidthM":3.0,"rawHeight":9.0,"rawCrownWidth":3.0,"quality":"valid","sourceYear":2013},"geometry":{"type":"Point","coordinates":[127.03861787,37.55823942]}},{"type":"Feature","id":"street-17072","properties":{"id":"street-17072","dataset":"street","gu":"성동구","species":"양버즘나무","heightM":6.0,"crownWidthM":5.0,"rawHeight":6.0,"rawCrownWidth":5.0,"quality":"valid","sourceYear":2013},"geometry":{"type":"Point","coordinates":[127.03339319,37.55368116]}},{"type":"Feature","id":"street-17073","properties":{"id":"street-17073","dataset":"street","gu":"성동구","species":"양버즘나무","heightM":8.0,"crownWidthM":3.0,"rawHeight":8.0,"rawCrownWidth":3.0,"quality":"valid","sourceYear":2013},"geometry":{"type":"Point","coordinates":[127.03245007,37.55200852]}},{"type":"Feature","id":"street-17075","properties":{"id":"street-17075","dataset":"street","gu":"성동구","species":"양버즘나무","heightM":5.0,"crownWidthM":4.0,"rawHeight":5.0,"rawCrownWidth":4.0,"quality":"valid","sourceYear":2013},"geometry":{"type":"Point","coordinates":[127.03335616,37.55362828]}},{"type":"Feature","id":"street-17084","properties":{"id":"street-17084","dataset":"street","gu":"성동구","species":"양버즘나무","heightM":6.0,"crownWidthM":4.0,"rawHeight":6.0,"rawCrownWidth":4.0,"quality":"valid","sourceYear":2013},"geometry":{"type":"Point","coordinates":[127.0332535,37.55348384]}},{"type":"Feature","id":"street-17091","properties":{"id":"street-17091","dataset":"street","gu":"성동구","species":"양버즘나무","heightM":9.0,"crownWidthM":3.0,"rawHeight":9.0,"rawCrownWidth":3.0,"quality":"valid","sourceYear":2013},"geometry":{"type":"Point","coordinates":[127.03940933,37.55790797]}},{"type":"Feature","id":"street-17150","properties":{"id":"street-17150","dataset":"street","gu":"성동구","species":"양버즘나무","heightM":9.0,"crownWidthM":3.0,"rawHeight":9.0,"rawCrownWidth":3.0,"quality":"valid","sourceYear":2013},"geometry":{"type":"Point","coordinates":[127.031983,37.55098562]}},{"type":"Feature","id":"street-17166","properties":{"id":"street-17166","dataset":"street","gu":"성동구","species":"회화나무","heightM":6.0,"crownWidthM":3.0,"rawHeight":6.0,"rawCrownWidth":3.0,"quality":"valid","sourceYear":2013},"geometry":{"type":"Point","coordinates":[127.03295641,37.55832514]}},{"type":"Feature","id":"street-17181","properties":{"id":"street-17181","dataset":"street","gu":"성동구","species":"느티나무","heightM":6.0,"crownWidthM":7.0,"rawHeight":6.0,"rawCrownWidth":7.0,"quality":"valid","sourceYear":2013},"geometry":{"type":"Point","coordinates":[127.03936113,37.5555009]}},{"type":"Feature","id":"street-17183","properties":{"id":"street-17183","dataset":"street","gu":"성동구","species":"소나무","heightM":8.0,"crownWidthM":4.0,"rawHeight":8.0,"rawCrownWidth":4.0,"quality":"valid","sourceYear":2013},"geometry":{"type":"Point","coordinates":[127.03642933,37.55910755]}},{"type":"Feature","id":"street-17184","properties":{"id":"street-17184","dataset":"street","gu":"성동구","species":"느티나무","heightM":6.0,"crownWidthM":6.0,"rawHeight":6.0,"rawCrownWidth":6.0,"quality":"valid","sourceYear":2013},"geometry":{"type":"Point","coordinates":[127.03452143,37.55340594]}},{"type":"Feature","id":"street-17185","properties":{"id":"street-17185","dataset":"street","gu":"성동구","species":"느티나무","heightM":7.0,"crownWidthM":7.0,"rawHeight":7.0,"rawCrownWidth":7.0,"quality":"valid","sourceYear":2013},"geometry":{"type":"Point","coordinates":[127.03330721,37.55324264]}},{"type":"Feature","id":"street-17186","properties":{"id":"street-17186","dataset":"street","gu":"성동구","species":"회화나무","heightM":9.0,"crownWidthM":8.0,"rawHeight":9.0,"rawCrownWidth":8.0,"quality":"valid","sourceYear":2013},"geometry":{"type":"Point","coordinates":[127.03393755,37.5578686]}},{"type":"Feature","id":"street-17187","properties":{"id":"street-17187","dataset":"street","gu":"성동구","species":"회화나무","heightM":6.0,"crownWidthM":3.0,"rawHeight":6.0,"rawCrownWidth":3.0,"quality":"valid","sourceYear":2013},"geometry":{"type":"Point","coordinates":[127.0331741,37.55827752]}},{"type":"Feature","id":"street-17204","properties":{"id":"street-17204","dataset":"street","gu":"성동구","species":"양버즘나무","heightM":8.0,"crownWidthM":6.0,"rawHeight":8.0,"rawCrownWidth":6.0,"quality":"valid","sourceYear":2013},"geometry":{"type":"Point","coordinates":[127.03532883,37.55176168]}},{"type":"Feature","id":"street-17209","properties":{"id":"street-17209","dataset":"street","gu":"성동구","species":"회화나무","heightM":6.0,"crownWidthM":3.0,"rawHeight":6.0,"rawCrownWidth":3.0,"quality":"valid","sourceYear":2013},"geometry":{"type":"Point","coordinates":[127.03371689,37.55839825]}},{"type":"Feature","id":"street-17249","properties":{"id":"street-17249","dataset":"street","gu":"성동구","species":"양버즘나무","heightM":9.0,"crownWidthM":3.0,"rawHeight":9.0,"rawCrownWidth":3.0,"quality":"valid","sourceYear":2013},"geometry":{"type":"Point","coordinates":[127.03225663,37.55112043]}},{"type":"Feature","id":"street-17269","properties":{"id":"street-17269","dataset":"street","gu":"성동구","species":"회화나무","heightM":8.0,"crownWidthM":5.0,"rawHeight":8.0,"rawCrownWidth":5.0,"quality":"valid","sourceYear":2013},"geometry":{"type":"Point","coordinates":[127.03915032,37.55765829]}},{"type":"Feature","id":"street-17288","properties":{"id":"street-17288","dataset":"street","gu":"성동구","species":"양버즘나무","heightM":9.0,"crownWidthM":3.0,"rawHeight":9.0,"rawCrownWidth":3.0,"quality":"valid","sourceYear":2013},"geometry":{"type":"Point","coordinates":[127.03243279,37.55151972]}},{"type":"Feature","id":"street-17313","properties":{"id":"street-17313","dataset":"street","gu":"성동구","species":"느티나무","heightM":3.0,"crownWidthM":2.0,"rawHeight":3.0,"rawCrownWidth":2.0,"quality":"valid","sourceYear":2013},"geometry":{"type":"Point","coordinates":[127.03409942,37.55581487]}},{"type":"Feature","id":"street-17315","properties":{"id":"street-17315","dataset":"street","gu":"성동구","species":"느티나무","heightM":3.0,"crownWidthM":2.0,"rawHeight":3.0,"rawCrownWidth":2.0,"quality":"valid","sourceYear":2013},"geometry":{"type":"Point","coordinates":[127.03409876,37.55597458]}},{"type":"Feature","id":"street-17317","properties":{"id":"street-17317","dataset":"street","gu":"성동구","species":"느티나무","heightM":3.0,"crownWidthM":2.0,"rawHeight":3.0,"rawCrownWidth":2.0,"quality":"valid","sourceYear":2013},"geometry":{"type":"Point","coordinates":[127.03409573,37.55603806]}},{"type":"Feature","id":"street-17318","properties":{"id":"street-17318","dataset":"street","gu":"성동구","species":"느티나무","heightM":9.0,"crownWidthM":3.0,"rawHeight":9.0,"rawCrownWidth":3.0,"quality":"valid","sourceYear":2013},"geometry":{"type":"Point","coordinates":[127.03408046,37.55615769]}},{"type":"Feature","id":"street-17319","properties":{"id":"street-17319","dataset":"street","gu":"성동구","species":"양버즘나무","heightM":10.0,"crownWidthM":4.0,"rawHeight":10.0,"rawCrownWidth":4.0,"quality":"valid","sourceYear":2013},"geometry":{"type":"Point","coordinates":[127.03400558,37.55707393]}},{"type":"Feature","id":"street-17322","properties":{"id":"street-17322","dataset":"street","gu":"성동구","species":"양버즘나무","heightM":7.0,"crownWidthM":3.0,"rawHeight":7.0,"rawCrownWidth":3.0,"quality":"valid","sourceYear":2013},"geometry":{"type":"Point","coordinates":[127.03386886,37.55874227]}},{"type":"Feature","id":"street-17323","properties":{"id":"street-17323","dataset":"street","gu":"성동구","species":"왕벚나무","heightM":3.0,"crownWidthM":6.0,"rawHeight":3.0,"rawCrownWidth":6.0,"quality":"valid","sourceYear":2013},"geometry":{"type":"Point","coordinates":[127.03368358,37.55403843]}},{"type":"Feature","id":"street-17324","properties":{"id":"street-17324","dataset":"street","gu":"성동구","species":"느티나무","heightM":5.0,"crownWidthM":3.0,"rawHeight":5.0,"rawCrownWidth":3.0,"quality":"valid","sourceYear":2013},"geometry":{"type":"Point","coordinates":[127.03386275,37.55880816]}},{"type":"Feature","id":"street-17326","properties":{"id":"street-17326","dataset":"street","gu":"성동구","species":"느티나무","heightM":4.0,"crownWidthM":5.0,"rawHeight":4.0,"rawCrownWidth":5.0,"quality":"valid","sourceYear":2013},"geometry":{"type":"Point","coordinates":[127.03407066,37.55639]}},{"type":"Feature","id":"street-17327","properties":{"id":"street-17327","dataset":"street","gu":"성동구","species":"느티나무","heightM":10.0,"crownWidthM":3.0,"rawHeight":10.0,"rawCrownWidth":3.0,"quality":"valid","sourceYear":2013},"geometry":{"type":"Point","coordinates":[127.03405843,37.5564486]}},{"type":"Feature","id":"street-17328","properties":{"id":"street-17328","dataset":"street","gu":"성동구","species":"느티나무","heightM":10.0,"crownWidthM":3.0,"rawHeight":10.0,"rawCrownWidth":3.0,"quality":"valid","sourceYear":2013},"geometry":{"type":"Point","coordinates":[127.03407672,37.55625328]}},{"type":"Feature","id":"street-17329","properties":{"id":"street-17329","dataset":"street","gu":"성동구","species":"느티나무","heightM":9.0,"crownWidthM":3.0,"rawHeight":9.0,"rawCrownWidth":3.0,"quality":"valid","sourceYear":2013},"geometry":{"type":"Point","coordinates":[127.03407674,37.55628746]}},{"type":"Feature","id":"street-17330","properties":{"id":"street-17330","dataset":"street","gu":"성동구","species":"느티나무","heightM":4.0,"crownWidthM":5.0,"rawHeight":4.0,"rawCrownWidth":5.0,"quality":"valid","sourceYear":2013},"geometry":{"type":"Point","coordinates":[127.03407369,37.55633384]}},{"type":"Feature","id":"street-17331","properties":{"id":"street-17331","dataset":"street","gu":"성동구","species":"양버즘나무","heightM":9.0,"crownWidthM":3.0,"rawHeight":9.0,"rawCrownWidth":3.0,"quality":"valid","sourceYear":2013},"geometry":{"type":"Point","coordinates":[127.03404153,37.55659757]}},{"type":"Feature","id":"street-17332","properties":{"id":"street-17332","dataset":"street","gu":"성동구","species":"느티나무","heightM":6.0,"crownWidthM":7.0,"rawHeight":6.0,"rawCrownWidth":7.0,"quality":"valid","sourceYear":2013},"geometry":{"type":"Point","coordinates":[127.03402931,37.55679282]}},{"type":"Feature","id":"street-17333","properties":{"id":"street-17333","dataset":"street","gu":"성동구","species":"양버즘나무","heightM":8.0,"crownWidthM":3.0,"rawHeight":8.0,"rawCrownWidth":3.0,"quality":"valid","sourceYear":2013},"geometry":{"type":"Point","coordinates":[127.03402929,37.55672693]}},{"type":"Feature","id":"street-17334","properties":{"id":"street-17334","dataset":"street","gu":"성동구","species":"느티나무","heightM":5.0,"crownWidthM":3.0,"rawHeight":5.0,"rawCrownWidth":3.0,"quality":"valid","sourceYear":2013},"geometry":{"type":"Point","coordinates":[127.03405072,37.55655364]}},{"type":"Feature","id":"street-17335","properties":{"id":"street-17335","dataset":"street","gu":"성동구","species":"양버즘나무","heightM":8.0,"crownWidthM":4.0,"rawHeight":8.0,"rawCrownWidth":4.0,"quality":"valid","sourceYear":2013},"geometry":{"type":"Point","coordinates":[127.03402013,37.55690997]}},{"type":"Feature","id":"street-17381","properties":{"id":"street-17381","dataset":"street","gu":"성동구","species":"느티나무","heightM":5.0,"crownWidthM":5.0,"rawHeight":5.0,"rawCrownWidth":5.0,"quality":"valid","sourceYear":2013},"geometry":{"type":"Point","coordinates":[127.03521136,37.55225896]}},{"type":"Feature","id":"street-17443","properties":{"id":"street-17443","dataset":"street","gu":"성동구","species":"양버즘나무","heightM":9.0,"crownWidthM":3.0,"rawHeight":9.0,"rawCrownWidth":3.0,"quality":"valid","sourceYear":2013},"geometry":{"type":"Point","coordinates":[127.03200515,37.55102768]}},{"type":"Feature","id":"street-17444","properties":{"id":"street-17444","dataset":"street","gu":"성동구","species":"양버즘나무","heightM":8.0,"crownWidthM":4.0,"rawHeight":8.0,"rawCrownWidth":4.0,"quality":"valid","sourceYear":2013},"geometry":{"type":"Point","coordinates":[127.0319294,37.55090792]}},{"type":"Feature","id":"street-17445","properties":{"id":"street-17445","dataset":"street","gu":"성동구","species":"양버즘나무","heightM":8.0,"crownWidthM":5.0,"rawHeight":8.0,"rawCrownWidth":5.0,"quality":"valid","sourceYear":2013},"geometry":{"type":"Point","coordinates":[127.03189926,37.55087298]}},{"type":"Feature","id":"street-17446","properties":{"id":"street-17446","dataset":"street","gu":"성동구","species":"양버즘나무","heightM":8.0,"crownWidthM":3.0,"rawHeight":8.0,"rawCrownWidth":3.0,"quality":"valid","sourceYear":2013},"geometry":{"type":"Point","coordinates":[127.03184744,37.55080425]}},{"type":"Feature","id":"street-17447","properties":{"id":"street-17447","dataset":"street","gu":"성동구","species":"양버즘나무","heightM":8.0,"crownWidthM":3.0,"rawHeight":8.0,"rawCrownWidth":3.0,"quality":"valid","sourceYear":2013},"geometry":{"type":"Point","coordinates":[127.03187966,37.55084036]}},{"type":"Feature","id":"street-17448","properties":{"id":"street-17448","dataset":"street","gu":"성동구","species":"양버즘나무","heightM":8.0,"crownWidthM":4.0,"rawHeight":8.0,"rawCrownWidth":4.0,"quality":"valid","sourceYear":2013},"geometry":{"type":"Point","coordinates":[127.03180759,37.55072025]}},{"type":"Feature","id":"street-17449","properties":{"id":"street-17449","dataset":"street","gu":"성동구","species":"양버즘나무","heightM":8.0,"crownWidthM":5.0,"rawHeight":8.0,"rawCrownWidth":5.0,"quality":"valid","sourceYear":2013},"geometry":{"type":"Point","coordinates":[127.03175748,37.55067293]}},{"type":"Feature","id":"street-17450","properties":{"id":"street-17450","dataset":"street","gu":"성동구","species":"양버즘나무","heightM":8.0,"crownWidthM":3.0,"rawHeight":8.0,"rawCrownWidth":3.0,"quality":"valid","sourceYear":2013},"geometry":{"type":"Point","coordinates":[127.03158383,37.55050096]}},{"type":"Feature","id":"street-17523","properties":{"id":"street-17523","dataset":"street","gu":"성동구","species":"양버즘나무","heightM":9.0,"crownWidthM":3.0,"rawHeight":9.0,"rawCrownWidth":3.0,"quality":"valid","sourceYear":2013},"geometry":{"type":"Point","coordinates":[127.03876878,37.5581745]}},{"type":"Feature","id":"street-17525","properties":{"id":"street-17525","dataset":"street","gu":"성동구","species":"느티나무","heightM":7.0,"crownWidthM":5.0,"rawHeight":7.0,"rawCrownWidth":5.0,"quality":"valid","sourceYear":2013},"geometry":{"type":"Point","coordinates":[127.03734426,37.55881954]}},{"type":"Feature","id":"street-17526","properties":{"id":"street-17526","dataset":"street","gu":"성동구","species":"양버즘나무","heightM":7.0,"crownWidthM":3.0,"rawHeight":7.0,"rawCrownWidth":3.0,"quality":"valid","sourceYear":2013},"geometry":{"type":"Point","coordinates":[127.03744286,37.55875465]}},{"type":"Feature","id":"street-17528","properties":{"id":"street-17528","dataset":"street","gu":"성동구","species":"양버즘나무","heightM":9.0,"crownWidthM":8.0,"rawHeight":9.0,"rawCrownWidth":8.0,"quality":"valid","sourceYear":2013},"geometry":{"type":"Point","coordinates":[127.03782537,37.558555]}},{"type":"Feature","id":"street-17529","properties":{"id":"street-17529","dataset":"street","gu":"성동구","species":"느티나무","heightM":9.0,"crownWidthM":8.0,"rawHeight":9.0,"rawCrownWidth":8.0,"quality":"valid","sourceYear":2013},"geometry":{"type":"Point","coordinates":[127.03639085,37.5598291]}},{"type":"Feature","id":"street-17559","properties":{"id":"street-17559","dataset":"street","gu":"성동구","species":"양버즘나무","heightM":8.0,"crownWidthM":7.0,"rawHeight":8.0,"rawCrownWidth":7.0,"quality":"valid","sourceYear":2013},"geometry":{"type":"Point","coordinates":[127.03504616,37.5518334]}},{"type":"Feature","id":"street-17576","properties":{"id":"street-17576","dataset":"street","gu":"성동구","species":"느티나무","heightM":6.0,"crownWidthM":3.0,"rawHeight":6.0,"rawCrownWidth":3.0,"quality":"valid","sourceYear":2013},"geometry":{"type":"Point","coordinates":[127.03538418,37.55881937]}},{"type":"Feature","id":"street-17600","properties":{"id":"street-17600","dataset":"street","gu":"성동구","species":"회화나무","heightM":7.0,"crownWidthM":2.0,"rawHeight":7.0,"rawCrownWidth":2.0,"quality":"valid","sourceYear":2013},"geometry":{"type":"Point","coordinates":[127.03107577,37.55794671]}},{"type":"Feature","id":"street-17662","properties":{"id":"street-17662","dataset":"street","gu":"성동구","species":"회화나무","heightM":6.0,"crownWidthM":3.0,"rawHeight":6.0,"rawCrownWidth":3.0,"quality":"valid","sourceYear":2013},"geometry":{"type":"Point","coordinates":[127.03292266,37.55822508]}},{"type":"Feature","id":"street-17664","properties":{"id":"street-17664","dataset":"street","gu":"성동구","species":"회화나무","heightM":7.0,"crownWidthM":2.0,"rawHeight":7.0,"rawCrownWidth":2.0,"quality":"valid","sourceYear":2013},"geometry":{"type":"Point","coordinates":[127.03019419,37.55770728]}},{"type":"Feature","id":"street-17670","properties":{"id":"street-17670","dataset":"street","gu":"성동구","species":"양버즘나무","heightM":7.0,"crownWidthM":4.0,"rawHeight":7.0,"rawCrownWidth":4.0,"quality":"valid","sourceYear":2013},"geometry":{"type":"Point","coordinates":[127.03279945,37.5527692]}},{"type":"Feature","id":"street-17671","properties":{"id":"street-17671","dataset":"street","gu":"성동구","species":"양버즘나무","heightM":7.0,"crownWidthM":3.0,"rawHeight":7.0,"rawCrownWidth":3.0,"quality":"valid","sourceYear":2013},"geometry":{"type":"Point","coordinates":[127.03277769,37.55273566]}},{"type":"Feature","id":"street-17672","properties":{"id":"street-17672","dataset":"street","gu":"성동구","species":"양버즘나무","heightM":7.0,"crownWidthM":5.0,"rawHeight":7.0,"rawCrownWidth":5.0,"quality":"valid","sourceYear":2013},"geometry":{"type":"Point","coordinates":[127.0327431,37.5526743]}},{"type":"Feature","id":"street-17673","properties":{"id":"street-17673","dataset":"street","gu":"성동구","species":"양버즘나무","heightM":7.0,"crownWidthM":3.0,"rawHeight":7.0,"rawCrownWidth":3.0,"quality":"valid","sourceYear":2013},"geometry":{"type":"Point","coordinates":[127.032733,37.55263875]}},{"type":"Feature","id":"street-17674","properties":{"id":"street-17674","dataset":"street","gu":"성동구","species":"양버즘나무","heightM":6.0,"crownWidthM":4.0,"rawHeight":6.0,"rawCrownWidth":4.0,"quality":"valid","sourceYear":2013},"geometry":{"type":"Point","coordinates":[127.03269918,37.5525772]}},{"type":"Feature","id":"street-17675","properties":{"id":"street-17675","dataset":"street","gu":"성동구","species":"양버즘나무","heightM":6.0,"crownWidthM":4.0,"rawHeight":6.0,"rawCrownWidth":4.0,"quality":"valid","sourceYear":2013},"geometry":{"type":"Point","coordinates":[127.0326776,37.55253095]}},{"type":"Feature","id":"street-17676","properties":{"id":"street-17676","dataset":"street","gu":"성동구","species":"양버즘나무","heightM":6.0,"crownWidthM":4.0,"rawHeight":6.0,"rawCrownWidth":4.0,"quality":"valid","sourceYear":2013},"geometry":{"type":"Point","coordinates":[127.03265837,37.55248596]}},{"type":"Feature","id":"street-17751","properties":{"id":"street-17751","dataset":"street","gu":"성동구","species":"양버즘나무","heightM":6.0,"crownWidthM":4.0,"rawHeight":6.0,"rawCrownWidth":4.0,"quality":"valid","sourceYear":2013},"geometry":{"type":"Point","coordinates":[127.03262958,37.55242824]}},{"type":"Feature","id":"street-17752","properties":{"id":"street-17752","dataset":"street","gu":"성동구","species":"양버즘나무","heightM":8.0,"crownWidthM":4.0,"rawHeight":8.0,"rawCrownWidth":4.0,"quality":"valid","sourceYear":2013},"geometry":{"type":"Point","coordinates":[127.03253524,37.55219309]}},{"type":"Feature","id":"street-17756","properties":{"id":"street-17756","dataset":"street","gu":"성동구","species":"양버즘나무","heightM":6.0,"crownWidthM":4.0,"rawHeight":6.0,"rawCrownWidth":4.0,"quality":"valid","sourceYear":2013},"geometry":{"type":"Point","coordinates":[127.03248992,37.55208309]}},{"type":"Feature","id":"street-17758","properties":{"id":"street-17758","dataset":"street","gu":"성동구","species":"양버즘나무","heightM":8.0,"crownWidthM":3.0,"rawHeight":8.0,"rawCrownWidth":3.0,"quality":"valid","sourceYear":2013},"geometry":{"type":"Point","coordinates":[127.03221045,37.55149536]}},{"type":"Feature","id":"street-17820","properties":{"id":"street-17820","dataset":"street","gu":"성동구","species":"양버즘나무","heightM":9.0,"crownWidthM":4.0,"rawHeight":9.0,"rawCrownWidth":4.0,"quality":"valid","sourceYear":2013},"geometry":{"type":"Point","coordinates":[127.0364602,37.55976021]}},{"type":"Feature","id":"street-17821","properties":{"id":"street-17821","dataset":"street","gu":"성동구","species":"양버즘나무","heightM":9.0,"crownWidthM":4.0,"rawHeight":9.0,"rawCrownWidth":4.0,"quality":"valid","sourceYear":2013},"geometry":{"type":"Point","coordinates":[127.03667584,37.5595095]}},{"type":"Feature","id":"street-17822","properties":{"id":"street-17822","dataset":"street","gu":"성동구","species":"양버즘나무","heightM":7.0,"crownWidthM":4.0,"rawHeight":7.0,"rawCrownWidth":4.0,"quality":"valid","sourceYear":2013},"geometry":{"type":"Point","coordinates":[127.03720956,37.55892869]}},{"type":"Feature","id":"street-17823","properties":{"id":"street-17823","dataset":"street","gu":"성동구","species":"양버즘나무","heightM":7.0,"crownWidthM":3.0,"rawHeight":7.0,"rawCrownWidth":3.0,"quality":"valid","sourceYear":2013},"geometry":{"type":"Point","coordinates":[127.03790682,37.55852001]}},{"type":"Feature","id":"street-17824","properties":{"id":"street-17824","dataset":"street","gu":"성동구","species":"느티나무","heightM":4.0,"crownWidthM":5.0,"rawHeight":4.0,"rawCrownWidth":5.0,"quality":"valid","sourceYear":2013},"geometry":{"type":"Point","coordinates":[127.03444569,37.55529307]}},{"type":"Feature","id":"street-17831","properties":{"id":"street-17831","dataset":"street","gu":"성동구","species":"양버즘나무","heightM":9.0,"crownWidthM":6.0,"rawHeight":9.0,"rawCrownWidth":6.0,"quality":"valid","sourceYear":2013},"geometry":{"type":"Point","coordinates":[127.03965836,37.55781554]}},{"type":"Feature","id":"street-17834","properties":{"id":"street-17834","dataset":"street","gu":"성동구","species":"양버즘나무","heightM":9.0,"crownWidthM":4.0,"rawHeight":9.0,"rawCrownWidth":4.0,"quality":"valid","sourceYear":2013},"geometry":{"type":"Point","coordinates":[127.03975661,37.55777746]}},{"type":"Feature","id":"street-17835","properties":{"id":"street-17835","dataset":"street","gu":"성동구","species":"양버즘나무","heightM":9.0,"crownWidthM":3.0,"rawHeight":9.0,"rawCrownWidth":3.0,"quality":"valid","sourceYear":2013},"geometry":{"type":"Point","coordinates":[127.03985863,37.55776029]}},{"type":"Feature","id":"street-17836","properties":{"id":"street-17836","dataset":"street","gu":"성동구","species":"양버즘나무","heightM":9.0,"crownWidthM":3.0,"rawHeight":9.0,"rawCrownWidth":3.0,"quality":"valid","sourceYear":2013},"geometry":{"type":"Point","coordinates":[127.03994376,37.55774284]}},{"type":"Feature","id":"street-17898","properties":{"id":"street-17898","dataset":"street","gu":"성동구","species":"느티나무","heightM":8.0,"crownWidthM":5.0,"rawHeight":8.0,"rawCrownWidth":5.0,"quality":"valid","sourceYear":2013},"geometry":{"type":"Point","coordinates":[127.03415048,37.55845043]}},{"type":"Feature","id":"street-17899","properties":{"id":"street-17899","dataset":"street","gu":"성동구","species":"느티나무","heightM":7.0,"crownWidthM":6.0,"rawHeight":7.0,"rawCrownWidth":6.0,"quality":"valid","sourceYear":2013},"geometry":{"type":"Point","coordinates":[127.03417956,37.55807486]}},{"type":"Feature","id":"street-17900","properties":{"id":"street-17900","dataset":"street","gu":"성동구","species":"느티나무","heightM":7.0,"crownWidthM":6.0,"rawHeight":7.0,"rawCrownWidth":6.0,"quality":"valid","sourceYear":2013},"geometry":{"type":"Point","coordinates":[127.03417219,37.55816468]}},{"type":"Feature","id":"street-17901","properties":{"id":"street-17901","dataset":"street","gu":"성동구","species":"은단풍","heightM":7.0,"crownWidthM":6.0,"rawHeight":7.0,"rawCrownWidth":6.0,"quality":"valid","sourceYear":2013},"geometry":{"type":"Point","coordinates":[127.0341648,37.55825981]}},{"type":"Feature","id":"street-17902","properties":{"id":"street-17902","dataset":"street","gu":"성동구","species":"은단풍","heightM":7.0,"crownWidthM":4.0,"rawHeight":7.0,"rawCrownWidth":4.0,"quality":"valid","sourceYear":2013},"geometry":{"type":"Point","coordinates":[127.03415754,37.5583569]}},{"type":"Feature","id":"street-17986","properties":{"id":"street-17986","dataset":"street","gu":"성동구","species":"느티나무","heightM":5.0,"crownWidthM":7.0,"rawHeight":5.0,"rawCrownWidth":7.0,"quality":"valid","sourceYear":2013},"geometry":{"type":"Point","coordinates":[127.03936112,37.55543797]}},{"type":"Feature","id":"street-18054","properties":{"id":"street-18054","dataset":"street","gu":"성동구","species":"양버즘나무","heightM":8.0,"crownWidthM":4.0,"rawHeight":8.0,"rawCrownWidth":4.0,"quality":"valid","sourceYear":2013},"geometry":{"type":"Point","coordinates":[127.03226329,37.55160171]}},{"type":"Feature","id":"street-18055","properties":{"id":"street-18055","dataset":"street","gu":"성동구","species":"양버즘나무","heightM":8.0,"crownWidthM":3.0,"rawHeight":8.0,"rawCrownWidth":3.0,"quality":"valid","sourceYear":2013},"geometry":{"type":"Point","coordinates":[127.03223844,37.55155473]}},{"type":"Feature","id":"street-18056","properties":{"id":"street-18056","dataset":"street","gu":"성동구","species":"양버즘나무","heightM":8.0,"crownWidthM":2.0,"rawHeight":8.0,"rawCrownWidth":2.0,"quality":"valid","sourceYear":2013},"geometry":{"type":"Point","coordinates":[127.03218868,37.55143599]}},{"type":"Feature","id":"street-18057","properties":{"id":"street-18057","dataset":"street","gu":"성동구","species":"양버즘나무","heightM":8.0,"crownWidthM":4.0,"rawHeight":8.0,"rawCrownWidth":4.0,"quality":"valid","sourceYear":2013},"geometry":{"type":"Point","coordinates":[127.03233377,37.55176319]}},{"type":"Feature","id":"street-18058","properties":{"id":"street-18058","dataset":"street","gu":"성동구","species":"양버즘나무","heightM":9.0,"crownWidthM":5.0,"rawHeight":9.0,"rawCrownWidth":5.0,"quality":"valid","sourceYear":2013},"geometry":{"type":"Point","coordinates":[127.03237969,37.55185261]}},{"type":"Feature","id":"street-18059","properties":{"id":"street-18059","dataset":"street","gu":"성동구","species":"양버즘나무","heightM":9.0,"crownWidthM":4.0,"rawHeight":9.0,"rawCrownWidth":4.0,"quality":"valid","sourceYear":2013},"geometry":{"type":"Point","coordinates":[127.03241079,37.5519233]}},{"type":"Feature","id":"street-18152","properties":{"id":"street-18152","dataset":"street","gu":"성동구","species":"소나무","heightM":9.0,"crownWidthM":1.0,"rawHeight":9.0,"rawCrownWidth":1.0,"quality":"valid","sourceYear":2013},"geometry":{"type":"Point","coordinates":[127.03575857,37.55897391]}},{"type":"Feature","id":"street-18158","properties":{"id":"street-18158","dataset":"street","gu":"성동구","species":"회화나무","heightM":9.0,"crownWidthM":4.0,"rawHeight":9.0,"rawCrownWidth":4.0,"quality":"valid","sourceYear":2013},"geometry":{"type":"Point","coordinates":[127.03911333,37.55781168]}},{"type":"Feature","id":"street-18317","properties":{"id":"street-18317","dataset":"street","gu":"성동구","species":"양버즘나무","heightM":9.0,"crownWidthM":3.0,"rawHeight":9.0,"rawCrownWidth":3.0,"quality":"valid","sourceYear":2013},"geometry":{"type":"Point","coordinates":[127.03687423,37.55962981]}},{"type":"Feature","id":"street-18318","properties":{"id":"street-18318","dataset":"street","gu":"성동구","species":"양버즘나무","heightM":9.0,"crownWidthM":5.0,"rawHeight":9.0,"rawCrownWidth":5.0,"quality":"valid","sourceYear":2013},"geometry":{"type":"Point","coordinates":[127.0368344,37.55968352]}},{"type":"Feature","id":"street-18683","properties":{"id":"street-18683","dataset":"street","gu":"성동구","species":"양버즘나무","heightM":9.0,"crownWidthM":4.0,"rawHeight":9.0,"rawCrownWidth":4.0,"quality":"valid","sourceYear":2013},"geometry":{"type":"Point","coordinates":[127.03725185,37.55921536]}},{"type":"Feature","id":"street-18744","properties":{"id":"street-18744","dataset":"street","gu":"성동구","species":"양버즘나무","heightM":9.0,"crownWidthM":3.0,"rawHeight":9.0,"rawCrownWidth":3.0,"quality":"valid","sourceYear":2013},"geometry":{"type":"Point","coordinates":[127.03146359,37.55024417]}},{"type":"Feature","id":"street-18745","properties":{"id":"street-18745","dataset":"street","gu":"성동구","species":"양버즘나무","heightM":5.0,"crownWidthM":5.0,"rawHeight":5.0,"rawCrownWidth":5.0,"quality":"valid","sourceYear":2013},"geometry":{"type":"Point","coordinates":[127.03160035,37.55034129]}},{"type":"Feature","id":"street-18750","properties":{"id":"street-18750","dataset":"street","gu":"성동구","species":"느티나무","heightM":9.0,"crownWidthM":6.0,"rawHeight":9.0,"rawCrownWidth":6.0,"quality":"valid","sourceYear":2013},"geometry":{"type":"Point","coordinates":[127.03167636,37.55039246]}},{"type":"Feature","id":"street-18754","properties":{"id":"street-18754","dataset":"street","gu":"성동구","species":"양버즘나무","heightM":6.0,"crownWidthM":2.0,"rawHeight":6.0,"rawCrownWidth":2.0,"quality":"valid","sourceYear":2013},"geometry":{"type":"Point","coordinates":[127.03734162,37.55912376]}},{"type":"Feature","id":"street-18755","properties":{"id":"street-18755","dataset":"street","gu":"성동구","species":"양버즘나무","heightM":9.0,"crownWidthM":2.0,"rawHeight":9.0,"rawCrownWidth":2.0,"quality":"valid","sourceYear":2013},"geometry":{"type":"Point","coordinates":[127.03740292,37.55907248]}},{"type":"Feature","id":"street-18756","properties":{"id":"street-18756","dataset":"street","gu":"성동구","species":"양버즘나무","heightM":9.0,"crownWidthM":4.0,"rawHeight":9.0,"rawCrownWidth":4.0,"quality":"valid","sourceYear":2013},"geometry":{"type":"Point","coordinates":[127.03729257,37.55917258]}},{"type":"Feature","id":"street-19128","properties":{"id":"street-19128","dataset":"street","gu":"성동구","species":"은단풍","heightM":7.0,"crownWidthM":5.0,"rawHeight":7.0,"rawCrownWidth":5.0,"quality":"valid","sourceYear":2013},"geometry":{"type":"Point","coordinates":[127.0346573,37.55296979]}},{"type":"Feature","id":"street-19616","properties":{"id":"street-19616","dataset":"street","gu":"성동구","species":"양버즘나무","heightM":5.0,"crownWidthM":3.0,"rawHeight":5.0,"rawCrownWidth":3.0,"quality":"valid","sourceYear":2013},"geometry":{"type":"Point","coordinates":[127.0315304,37.55028807]}},{"type":"Feature","id":"street-19617","properties":{"id":"street-19617","dataset":"street","gu":"성동구","species":"느티나무","heightM":9.0,"crownWidthM":7.0,"rawHeight":9.0,"rawCrownWidth":7.0,"quality":"valid","sourceYear":2013},"geometry":{"type":"Point","coordinates":[127.03125603,37.55012394]}},{"type":"Feature","id":"street-19618","properties":{"id":"street-19618","dataset":"street","gu":"성동구","species":"느티나무","heightM":9.0,"crownWidthM":7.0,"rawHeight":9.0,"rawCrownWidth":7.0,"quality":"valid","sourceYear":2013},"geometry":{"type":"Point","coordinates":[127.03119236,37.55009491]}},{"type":"Feature","id":"street-19619","properties":{"id":"street-19619","dataset":"street","gu":"성동구","species":"느티나무","heightM":9.0,"crownWidthM":8.0,"rawHeight":9.0,"rawCrownWidth":8.0,"quality":"valid","sourceYear":2013},"geometry":{"type":"Point","coordinates":[127.03133399,37.55017068]}},{"type":"Feature","id":"street-19620","properties":{"id":"street-19620","dataset":"street","gu":"성동구","species":"느티나무","heightM":9.0,"crownWidthM":9.0,"rawHeight":9.0,"rawCrownWidth":9.0,"quality":"valid","sourceYear":2013},"geometry":{"type":"Point","coordinates":[127.03139534,37.55020776]}},{"type":"Feature","id":"street-19655","properties":{"id":"street-19655","dataset":"street","gu":"성동구","species":"양버즘나무","heightM":9.0,"crownWidthM":3.0,"rawHeight":9.0,"rawCrownWidth":3.0,"quality":"valid","sourceYear":2013},"geometry":{"type":"Point","coordinates":[127.03185778,37.55054618]}},{"type":"Feature","id":"street-19679","properties":{"id":"street-19679","dataset":"street","gu":"성동구","species":"소나무","heightM":8.0,"crownWidthM":2.0,"rawHeight":8.0,"rawCrownWidth":2.0,"quality":"valid","sourceYear":2013},"geometry":{"type":"Point","coordinates":[127.03679537,37.55922123]}},{"type":"Feature","id":"street-19834","properties":{"id":"street-19834","dataset":"street","gu":"성동구","species":"양버즘나무","heightM":9.0,"crownWidthM":5.0,"rawHeight":9.0,"rawCrownWidth":5.0,"quality":"valid","sourceYear":2013},"geometry":{"type":"Point","coordinates":[127.03679009,37.55937007]}},{"type":"Feature","id":"street-19851","properties":{"id":"street-19851","dataset":"street","gu":"성동구","species":"회화나무","heightM":12.0,"crownWidthM":8.0,"rawHeight":12.0,"rawCrownWidth":8.0,"quality":"valid","sourceYear":2013},"geometry":{"type":"Point","coordinates":[127.03767508,37.55890206]}},{"type":"Feature","id":"street-19852","properties":{"id":"street-19852","dataset":"street","gu":"성동구","species":"양버즘나무","heightM":9.0,"crownWidthM":2.0,"rawHeight":9.0,"rawCrownWidth":2.0,"quality":"valid","sourceYear":2013},"geometry":{"type":"Point","coordinates":[127.03790862,37.55876932]}},{"type":"Feature","id":"street-19853","properties":{"id":"street-19853","dataset":"street","gu":"성동구","species":"양버즘나무","heightM":9.0,"crownWidthM":2.0,"rawHeight":9.0,"rawCrownWidth":2.0,"quality":"valid","sourceYear":2013},"geometry":{"type":"Point","coordinates":[127.03761412,37.55892951]}},{"type":"Feature","id":"street-19854","properties":{"id":"street-19854","dataset":"street","gu":"성동구","species":"회화나무","heightM":12.0,"crownWidthM":8.0,"rawHeight":12.0,"rawCrownWidth":8.0,"quality":"valid","sourceYear":2013},"geometry":{"type":"Point","coordinates":[127.03771493,37.55887275]}},{"type":"Feature","id":"street-19855","properties":{"id":"street-19855","dataset":"street","gu":"성동구","species":"회화나무","heightM":12.0,"crownWidthM":8.0,"rawHeight":12.0,"rawCrownWidth":8.0,"quality":"valid","sourceYear":2013},"geometry":{"type":"Point","coordinates":[127.03775171,37.55884833]}},{"type":"Feature","id":"street-19924","properties":{"id":"street-19924","dataset":"street","gu":"성동구","species":"양버즘나무","heightM":9.0,"crownWidthM":2.0,"rawHeight":9.0,"rawCrownWidth":2.0,"quality":"valid","sourceYear":2013},"geometry":{"type":"Point","coordinates":[127.03785037,37.55879619]}},{"type":"Feature","id":"street-19925","properties":{"id":"street-19925","dataset":"street","gu":"성동구","species":"양버즘나무","heightM":9.0,"crownWidthM":2.0,"rawHeight":9.0,"rawCrownWidth":2.0,"quality":"valid","sourceYear":2013},"geometry":{"type":"Point","coordinates":[127.03755281,37.55897347]}},{"type":"Feature","id":"street-19926","properties":{"id":"street-19926","dataset":"street","gu":"성동구","species":"양버즘나무","heightM":9.0,"crownWidthM":1.0,"rawHeight":9.0,"rawCrownWidth":1.0,"quality":"valid","sourceYear":2013},"geometry":{"type":"Point","coordinates":[127.03796541,37.55874375]}},{"type":"Feature","id":"street-19927","properties":{"id":"street-19927","dataset":"street","gu":"성동구","species":"양버즘나무","heightM":9.0,"crownWidthM":2.0,"rawHeight":9.0,"rawCrownWidth":2.0,"quality":"valid","sourceYear":2013},"geometry":{"type":"Point","coordinates":[127.03663155,37.55992829]}},{"type":"Feature","id":"street-20053","properties":{"id":"street-20053","dataset":"street","gu":"성동구","species":"느티나무","heightM":5.0,"crownWidthM":6.0,"rawHeight":5.0,"rawCrownWidth":6.0,"quality":"valid","sourceYear":2013},"geometry":{"type":"Point","coordinates":[127.0343433,37.5599404]}},{"type":"Feature","id":"street-20133","properties":{"id":"street-20133","dataset":"street","gu":"성동구","species":"은행나무","heightM":7.0,"crownWidthM":3.0,"rawHeight":7.0,"rawCrownWidth":3.0,"quality":"valid","sourceYear":2013},"geometry":{"type":"Point","coordinates":[127.03465773,37.55877377]}},{"type":"Feature","id":"street-20509","properties":{"id":"street-20509","dataset":"street","gu":"성동구","species":"느티나무","heightM":5.0,"crownWidthM":7.0,"rawHeight":5.0,"rawCrownWidth":7.0,"quality":"valid","sourceYear":2013},"geometry":{"type":"Point","coordinates":[127.03935098,37.55526279]}},{"type":"Feature","id":"street-20510","properties":{"id":"street-20510","dataset":"street","gu":"성동구","species":"느티나무","heightM":3.0,"crownWidthM":6.0,"rawHeight":3.0,"rawCrownWidth":6.0,"quality":"valid","sourceYear":2013},"geometry":{"type":"Point","coordinates":[127.03929562,37.55618359]}},{"type":"Feature","id":"street-20511","properties":{"id":"street-20511","dataset":"street","gu":"성동구","species":"느티나무","heightM":3.0,"crownWidthM":4.0,"rawHeight":3.0,"rawCrownWidth":4.0,"quality":"valid","sourceYear":2013},"geometry":{"type":"Point","coordinates":[127.03930539,37.55602231]}},{"type":"Feature","id":"street-20512","properties":{"id":"street-20512","dataset":"street","gu":"성동구","species":"느티나무","heightM":3.0,"crownWidthM":4.0,"rawHeight":3.0,"rawCrownWidth":4.0,"quality":"valid","sourceYear":2013},"geometry":{"type":"Point","coordinates":[127.03930534,37.55593971]}},{"type":"Feature","id":"street-20513","properties":{"id":"street-20513","dataset":"street","gu":"성동구","species":"느티나무","heightM":4.0,"crownWidthM":6.0,"rawHeight":4.0,"rawCrownWidth":6.0,"quality":"valid","sourceYear":2013},"geometry":{"type":"Point","coordinates":[127.03933988,37.55578633]}},{"type":"Feature","id":"street-20514","properties":{"id":"street-20514","dataset":"street","gu":"성동구","species":"느티나무","heightM":3.0,"crownWidthM":4.0,"rawHeight":3.0,"rawCrownWidth":4.0,"quality":"valid","sourceYear":2013},"geometry":{"type":"Point","coordinates":[127.03930051,37.55610492]}},{"type":"Feature","id":"street-20515","properties":{"id":"street-20515","dataset":"street","gu":"성동구","species":"느티나무","heightM":7.0,"crownWidthM":7.0,"rawHeight":7.0,"rawCrownWidth":7.0,"quality":"valid","sourceYear":2013},"geometry":{"type":"Point","coordinates":[127.03930011,37.55504362]}},{"type":"Feature","id":"street-20701","properties":{"id":"street-20701","dataset":"street","gu":"성동구","species":"느티나무","heightM":9.0,"crownWidthM":5.0,"rawHeight":9.0,"rawCrownWidth":5.0,"quality":"valid","sourceYear":2013},"geometry":{"type":"Point","coordinates":[127.03110884,37.55003781]}},{"type":"Feature","id":"street-20704","properties":{"id":"street-20704","dataset":"street","gu":"성동구","species":"느티나무","heightM":7.0,"crownWidthM":6.0,"rawHeight":7.0,"rawCrownWidth":6.0,"quality":"valid","sourceYear":2013},"geometry":{"type":"Point","coordinates":[127.0318205,37.55051033]}},{"type":"Feature","id":"street-20705","properties":{"id":"street-20705","dataset":"street","gu":"성동구","species":"양버즘나무","heightM":9.0,"crownWidthM":4.0,"rawHeight":9.0,"rawCrownWidth":4.0,"quality":"valid","sourceYear":2013},"geometry":{"type":"Point","coordinates":[127.03177701,37.55047696]}},{"type":"Feature","id":"street-20792","properties":{"id":"street-20792","dataset":"street","gu":"성동구","species":"느티나무","heightM":6.0,"crownWidthM":7.0,"rawHeight":6.0,"rawCrownWidth":7.0,"quality":"valid","sourceYear":2013},"geometry":{"type":"Point","coordinates":[127.03932945,37.55515553]}},{"type":"Feature","id":"street-20872","properties":{"id":"street-20872","dataset":"street","gu":"성동구","species":"느티나무","heightM":5.0,"crownWidthM":6.0,"rawHeight":5.0,"rawCrownWidth":6.0,"quality":"valid","sourceYear":2013},"geometry":{"type":"Point","coordinates":[127.0349486,37.55323646]}},{"type":"Feature","id":"street-21037","properties":{"id":"street-21037","dataset":"street","gu":"성동구","species":"느티나무","heightM":3.0,"crownWidthM":6.0,"rawHeight":3.0,"rawCrownWidth":6.0,"quality":"valid","sourceYear":2013},"geometry":{"type":"Point","coordinates":[127.03491603,37.55331571]}},{"type":"Feature","id":"street-21046","properties":{"id":"street-21046","dataset":"street","gu":"성동구","species":"회화나무","heightM":7.0,"crownWidthM":2.0,"rawHeight":7.0,"rawCrownWidth":2.0,"quality":"valid","sourceYear":2013},"geometry":{"type":"Point","coordinates":[127.03174798,37.55808561]}},{"type":"Feature","id":"street-21651","properties":{"id":"street-21651","dataset":"street","gu":"성동구","species":"회화나무","heightM":4.0,"crownWidthM":5.0,"rawHeight":4.0,"rawCrownWidth":5.0,"quality":"valid","sourceYear":2013},"geometry":{"type":"Point","coordinates":[127.03567947,37.55156158]}},{"type":"Feature","id":"street-21652","properties":{"id":"street-21652","dataset":"street","gu":"성동구","species":"회화나무","heightM":4.0,"crownWidthM":5.0,"rawHeight":4.0,"rawCrownWidth":5.0,"quality":"valid","sourceYear":2013},"geometry":{"type":"Point","coordinates":[127.03575258,37.55161108]}},{"type":"Feature","id":"street-21899","properties":{"id":"street-21899","dataset":"street","gu":"성동구","species":"회화나무","heightM":4.0,"crownWidthM":5.0,"rawHeight":4.0,"rawCrownWidth":5.0,"quality":"valid","sourceYear":2013},"geometry":{"type":"Point","coordinates":[127.03655406,37.55211257]}},{"type":"Feature","id":"street-21900","properties":{"id":"street-21900","dataset":"street","gu":"성동구","species":"회화나무","heightM":4.0,"crownWidthM":5.0,"rawHeight":4.0,"rawCrownWidth":5.0,"quality":"valid","sourceYear":2013},"geometry":{"type":"Point","coordinates":[127.03560636,37.55152069]}},{"type":"Feature","id":"street-21901","properties":{"id":"street-21901","dataset":"street","gu":"성동구","species":"회화나무","heightM":4.0,"crownWidthM":5.0,"rawHeight":4.0,"rawCrownWidth":5.0,"quality":"valid","sourceYear":2013},"geometry":{"type":"Point","coordinates":[127.03582839,37.55165197]}},{"type":"Feature","id":"street-21902","properties":{"id":"street-21902","dataset":"street","gu":"성동구","species":"회화나무","heightM":4.0,"crownWidthM":3.0,"rawHeight":4.0,"rawCrownWidth":3.0,"quality":"valid","sourceYear":2013},"geometry":{"type":"Point","coordinates":[127.03619934,37.55188442]}},{"type":"Feature","id":"street-21903","properties":{"id":"street-21903","dataset":"street","gu":"성동구","species":"회화나무","heightM":4.0,"crownWidthM":5.0,"rawHeight":4.0,"rawCrownWidth":5.0,"quality":"valid","sourceYear":2013},"geometry":{"type":"Point","coordinates":[127.0352844,37.5514866]}},{"type":"Feature","id":"street-21904","properties":{"id":"street-21904","dataset":"street","gu":"성동구","species":"회화나무","heightM":4.0,"crownWidthM":5.0,"rawHeight":4.0,"rawCrownWidth":5.0,"quality":"valid","sourceYear":2013},"geometry":{"type":"Point","coordinates":[127.03544662,37.55144106]}},{"type":"Feature","id":"street-21905","properties":{"id":"street-21905","dataset":"street","gu":"성동구","species":"회화나무","heightM":4.0,"crownWidthM":3.0,"rawHeight":4.0,"rawCrownWidth":3.0,"quality":"valid","sourceYear":2013},"geometry":{"type":"Point","coordinates":[127.03627516,37.55192531]}},{"type":"Feature","id":"street-21906","properties":{"id":"street-21906","dataset":"street","gu":"성동구","species":"회화나무","heightM":4.0,"crownWidthM":5.0,"rawHeight":4.0,"rawCrownWidth":5.0,"quality":"valid","sourceYear":2013},"geometry":{"type":"Point","coordinates":[127.03641596,37.55201786]}},{"type":"Feature","id":"street-21907","properties":{"id":"street-21907","dataset":"street","gu":"성동구","species":"회화나무","heightM":4.0,"crownWidthM":2.0,"rawHeight":4.0,"rawCrownWidth":2.0,"quality":"valid","sourceYear":2013},"geometry":{"type":"Point","coordinates":[127.03536812,37.55146263]}},{"type":"Feature","id":"street-21908","properties":{"id":"street-21908","dataset":"street","gu":"성동구","species":"회화나무","heightM":4.0,"crownWidthM":3.0,"rawHeight":4.0,"rawCrownWidth":3.0,"quality":"valid","sourceYear":2013},"geometry":{"type":"Point","coordinates":[127.03634014,37.55197266]}},{"type":"Feature","id":"street-21909","properties":{"id":"street-21909","dataset":"street","gu":"성동구","species":"회화나무","heightM":4.0,"crownWidthM":5.0,"rawHeight":4.0,"rawCrownWidth":5.0,"quality":"valid","sourceYear":2013},"geometry":{"type":"Point","coordinates":[127.03553326,37.55147118]}},{"type":"Feature","id":"street-21910","properties":{"id":"street-21910","dataset":"street","gu":"성동구","species":"회화나무","heightM":4.0,"crownWidthM":5.0,"rawHeight":4.0,"rawCrownWidth":5.0,"quality":"valid","sourceYear":2013},"geometry":{"type":"Point","coordinates":[127.03648907,37.55206737]}},{"type":"Feature","id":"street-21968","properties":{"id":"street-21968","dataset":"street","gu":"성동구","species":"회화나무","heightM":4.0,"crownWidthM":5.0,"rawHeight":4.0,"rawCrownWidth":5.0,"quality":"valid","sourceYear":2013},"geometry":{"type":"Point","coordinates":[127.03670585,37.55220956]}},{"type":"Feature","id":"street-21970","properties":{"id":"street-21970","dataset":"street","gu":"성동구","species":"회화나무","heightM":4.0,"crownWidthM":5.0,"rawHeight":4.0,"rawCrownWidth":5.0,"quality":"valid","sourceYear":2013},"geometry":{"type":"Point","coordinates":[127.03663004,37.5521622]}},{"type":"Feature","id":"street-22396","properties":{"id":"street-22396","dataset":"street","gu":"성동구","species":"회화나무","heightM":4.0,"crownWidthM":3.0,"rawHeight":4.0,"rawCrownWidth":3.0,"quality":"valid","sourceYear":2013},"geometry":{"type":"Point","coordinates":[127.0368479,37.55230317]}},{"type":"Feature","id":"street-22397","properties":{"id":"street-22397","dataset":"street","gu":"성동구","species":"느티나무","heightM":4.0,"crownWidthM":6.0,"rawHeight":4.0,"rawCrownWidth":6.0,"quality":"valid","sourceYear":2013},"geometry":{"type":"Point","coordinates":[127.03890753,37.55394853]}},{"type":"Feature","id":"street-22398","properties":{"id":"street-22398","dataset":"street","gu":"성동구","species":"느티나무","heightM":5.0,"crownWidthM":5.0,"rawHeight":5.0,"rawCrownWidth":5.0,"quality":"valid","sourceYear":2013},"geometry":{"type":"Point","coordinates":[127.03919918,37.5545502]}},{"type":"Feature","id":"street-22467","properties":{"id":"street-22467","dataset":"street","gu":"성동구","species":"느티나무","heightM":6.0,"crownWidthM":6.0,"rawHeight":6.0,"rawCrownWidth":6.0,"quality":"valid","sourceYear":2013},"geometry":{"type":"Point","coordinates":[127.03910031,37.55433391]}},{"type":"Feature","id":"street-22468","properties":{"id":"street-22468","dataset":"street","gu":"성동구","species":"느티나무","heightM":5.0,"crownWidthM":6.0,"rawHeight":5.0,"rawCrownWidth":6.0,"quality":"valid","sourceYear":2013},"geometry":{"type":"Point","coordinates":[127.03430423,37.556834]}},{"type":"Feature","id":"street-22585","properties":{"id":"street-22585","dataset":"street","gu":"성동구","species":"양버즘나무","heightM":9.0,"crownWidthM":4.0,"rawHeight":9.0,"rawCrownWidth":4.0,"quality":"valid","sourceYear":2013},"geometry":{"type":"Point","coordinates":[127.0319122,37.55059691]}},{"type":"Feature","id":"street-22734","properties":{"id":"street-22734","dataset":"street","gu":"성동구","species":"느티나무","heightM":6.0,"crownWidthM":3.0,"rawHeight":6.0,"rawCrownWidth":3.0,"quality":"valid","sourceYear":2013},"geometry":{"type":"Point","coordinates":[127.03410696,37.55960313]}},{"type":"Feature","id":"street-22735","properties":{"id":"street-22735","dataset":"street","gu":"성동구","species":"느티나무","heightM":8.0,"crownWidthM":9.0,"rawHeight":8.0,"rawCrownWidth":9.0,"quality":"valid","sourceYear":2013},"geometry":{"type":"Point","coordinates":[127.03413862,37.55966702]}},{"type":"Feature","id":"street-193677","properties":{"id":"street-193677","dataset":"street","gu":"성동구","species":"느티나무","heightM":5.0,"crownWidthM":6.0,"rawHeight":5.0,"rawCrownWidth":6.0,"quality":"valid","sourceYear":2013},"geometry":{"type":"Point","coordinates":[127.03408792,37.55947362]}},{"type":"Feature","id":"street-193678","properties":{"id":"street-193678","dataset":"street","gu":"성동구","species":"느티나무","heightM":4.0,"crownWidthM":6.0,"rawHeight":4.0,"rawCrownWidth":6.0,"quality":"valid","sourceYear":2013},"geometry":{"type":"Point","coordinates":[127.03454911,37.55491344]}},{"type":"Feature","id":"street-193679","properties":{"id":"street-193679","dataset":"street","gu":"성동구","species":"양버즘나무","heightM":9.0,"crownWidthM":3.0,"rawHeight":9.0,"rawCrownWidth":3.0,"quality":"valid","sourceYear":2013},"geometry":{"type":"Point","coordinates":[127.0323131,37.5512563]}},{"type":"Feature","id":"street-193680","properties":{"id":"street-193680","dataset":"street","gu":"성동구","species":"양버즘나무","heightM":9.0,"crownWidthM":3.0,"rawHeight":9.0,"rawCrownWidth":3.0,"quality":"valid","sourceYear":2013},"geometry":{"type":"Point","coordinates":[127.03274244,37.55217768]}},{"type":"Feature","id":"street-193696","properties":{"id":"street-193696","dataset":"street","gu":"성동구","species":"양버즘나무","heightM":9.0,"crownWidthM":4.0,"rawHeight":9.0,"rawCrownWidth":4.0,"quality":"valid","sourceYear":2013},"geometry":{"type":"Point","coordinates":[127.03103098,37.55000008]}},{"type":"Feature","id":"street-194380","properties":{"id":"street-194380","dataset":"street","gu":"성동구","species":"양버즘나무","heightM":8.0,"crownWidthM":3.0,"rawHeight":8.0,"rawCrownWidth":3.0,"quality":"valid","sourceYear":2013},"geometry":{"type":"Point","coordinates":[127.03215543,37.55136577]}},{"type":"Feature","id":"street-194392","properties":{"id":"street-194392","dataset":"street","gu":"성동구","species":"느티나무","heightM":3.0,"crownWidthM":4.0,"rawHeight":3.0,"rawCrownWidth":4.0,"quality":"valid","sourceYear":2013},"geometry":{"type":"Point","coordinates":[127.03932013,37.55585319]}},{"type":"Feature","id":"street-194433","properties":{"id":"street-194433","dataset":"street","gu":"성동구","species":"은단풍","heightM":8.0,"crownWidthM":5.0,"rawHeight":8.0,"rawCrownWidth":5.0,"quality":"valid","sourceYear":2013},"geometry":{"type":"Point","coordinates":[127.03421798,37.55766713]}},{"type":"Feature","id":"street-194434","properties":{"id":"street-194434","dataset":"street","gu":"성동구","species":"느티나무","heightM":3.0,"crownWidthM":5.0,"rawHeight":3.0,"rawCrownWidth":5.0,"quality":"valid","sourceYear":2013},"geometry":{"type":"Point","coordinates":[127.03445782,37.55523303]}},{"type":"Feature","id":"street-194436","properties":{"id":"street-194436","dataset":"street","gu":"성동구","species":"회화나무","heightM":9.0,"crownWidthM":7.0,"rawHeight":9.0,"rawCrownWidth":7.0,"quality":"valid","sourceYear":2013},"geometry":{"type":"Point","coordinates":[127.03389775,37.55819747]}},{"type":"Feature","id":"street-194441","properties":{"id":"street-194441","dataset":"street","gu":"성동구","species":"양버즘나무","heightM":9.0,"crownWidthM":5.0,"rawHeight":9.0,"rawCrownWidth":5.0,"quality":"valid","sourceYear":2013},"geometry":{"type":"Point","coordinates":[127.03774268,37.55859492]}},{"type":"Feature","id":"street-194442","properties":{"id":"street-194442","dataset":"street","gu":"성동구","species":"느티나무","heightM":4.0,"crownWidthM":5.0,"rawHeight":4.0,"rawCrownWidth":5.0,"quality":"valid","sourceYear":2013},"geometry":{"type":"Point","coordinates":[127.03443842,37.55535118]}},{"type":"Feature","id":"street-195125","properties":{"id":"street-195125","dataset":"street","gu":"성동구","species":"소나무","heightM":7.0,"crownWidthM":3.0,"rawHeight":7.0,"rawCrownWidth":3.0,"quality":"valid","sourceYear":2013},"geometry":{"type":"Point","coordinates":[127.0354139,37.55891436]}},{"type":"Feature","id":"street-195126","properties":{"id":"street-195126","dataset":"street","gu":"성동구","species":"은행나무","heightM":7.0,"crownWidthM":6.0,"rawHeight":7.0,"rawCrownWidth":6.0,"quality":"valid","sourceYear":2013},"geometry":{"type":"Point","coordinates":[127.03527003,37.55196191]}},{"type":"Feature","id":"street-195127","properties":{"id":"street-195127","dataset":"street","gu":"성동구","species":"소나무","heightM":8.0,"crownWidthM":3.0,"rawHeight":8.0,"rawCrownWidth":3.0,"quality":"valid","sourceYear":2013},"geometry":{"type":"Point","coordinates":[127.03608516,37.55903806]}},{"type":"Feature","id":"street-195478","properties":{"id":"street-195478","dataset":"street","gu":"성동구","species":"느티나무","heightM":6.0,"crownWidthM":3.0,"rawHeight":6.0,"rawCrownWidth":3.0,"quality":"valid","sourceYear":2013},"geometry":{"type":"Point","coordinates":[127.03643006,37.55902994]}},{"type":"Feature","id":"street-198211","properties":{"id":"street-198211","dataset":"street","gu":"성동구","species":"느티나무","heightM":5.0,"crownWidthM":6.0,"rawHeight":5.0,"rawCrownWidth":6.0,"quality":"valid","sourceYear":2013},"geometry":{"type":"Point","coordinates":[127.03480077,37.552585]}},{"type":"Feature","id":"street-198555","properties":{"id":"street-198555","dataset":"street","gu":"성동구","species":"회화나무","heightM":9.0,"crownWidthM":4.0,"rawHeight":9.0,"rawCrownWidth":4.0,"quality":"valid","sourceYear":2013},"geometry":{"type":"Point","coordinates":[127.03919024,37.55737718]}},{"type":"Feature","id":"street-198558","properties":{"id":"street-198558","dataset":"street","gu":"성동구","species":"양버즘나무","heightM":8.0,"crownWidthM":3.0,"rawHeight":8.0,"rawCrownWidth":3.0,"quality":"valid","sourceYear":2013},"geometry":{"type":"Point","coordinates":[127.03399262,37.55731945]}},{"type":"Feature","id":"street-198563","properties":{"id":"street-198563","dataset":"street","gu":"성동구","species":"느티나무","heightM":6.0,"crownWidthM":3.0,"rawHeight":6.0,"rawCrownWidth":3.0,"quality":"valid","sourceYear":2013},"geometry":{"type":"Point","coordinates":[127.03600669,37.55893707]}},{"type":"Feature","id":"street-198575","properties":{"id":"street-198575","dataset":"street","gu":"성동구","species":"느티나무","heightM":7.0,"crownWidthM":7.0,"rawHeight":7.0,"rawCrownWidth":7.0,"quality":"valid","sourceYear":2013},"geometry":{"type":"Point","coordinates":[127.03416438,37.55529316]}},{"type":"Feature","id":"street-198586","properties":{"id":"street-198586","dataset":"street","gu":"성동구","species":"양버즘나무","heightM":9.0,"crownWidthM":3.0,"rawHeight":9.0,"rawCrownWidth":3.0,"quality":"valid","sourceYear":2013},"geometry":{"type":"Point","coordinates":[127.03236127,37.55136635]}},{"type":"Feature","id":"street-198595","properties":{"id":"street-198595","dataset":"street","gu":"성동구","species":"느티나무","heightM":4.0,"crownWidthM":3.0,"rawHeight":4.0,"rawCrownWidth":3.0,"quality":"valid","sourceYear":2013},"geometry":{"type":"Point","coordinates":[127.03426002,37.55865553]}},{"type":"Feature","id":"street-199234","properties":{"id":"street-199234","dataset":"street","gu":"성동구","species":"회화나무","heightM":4.0,"crownWidthM":5.0,"rawHeight":4.0,"rawCrownWidth":5.0,"quality":"valid","sourceYear":2013},"geometry":{"type":"Point","coordinates":[127.03678166,37.55225928]}},{"type":"Feature","id":"street-199235","properties":{"id":"street-199235","dataset":"street","gu":"성동구","species":"회화나무","heightM":4.0,"crownWidthM":5.0,"rawHeight":4.0,"rawCrownWidth":5.0,"quality":"valid","sourceYear":2013},"geometry":{"type":"Point","coordinates":[127.03598002,37.55174452]}},{"type":"Feature","id":"street-199236","properties":{"id":"street-199236","dataset":"street","gu":"성동구","species":"회화나무","heightM":4.0,"crownWidthM":5.0,"rawHeight":4.0,"rawCrownWidth":5.0,"quality":"valid","sourceYear":2013},"geometry":{"type":"Point","coordinates":[127.0359015,37.55170148]}},{"type":"Feature","id":"street-232822","properties":{"id":"street-232822","dataset":"street","gu":"성동구","species":"회화나무","heightM":5.0,"crownWidthM":3.0,"rawHeight":5.0,"rawCrownWidth":3.0,"quality":"valid","sourceYear":2013},"geometry":{"type":"Point","coordinates":[127.03359118,37.55846416]}},{"type":"Feature","id":"street-232831","properties":{"id":"street-232831","dataset":"street","gu":"성동구","species":"느티나무","heightM":6.0,"crownWidthM":6.0,"rawHeight":6.0,"rawCrownWidth":6.0,"quality":"valid","sourceYear":2013},"geometry":{"type":"Point","coordinates":[127.03917792,37.55015423]}},{"type":"Feature","id":"street-232832","properties":{"id":"street-232832","dataset":"street","gu":"성동구","species":"느티나무","heightM":6.0,"crownWidthM":6.0,"rawHeight":6.0,"rawCrownWidth":6.0,"quality":"valid","sourceYear":2013},"geometry":{"type":"Point","coordinates":[127.03933858,37.55026783]}},{"type":"Feature","id":"street-232841","properties":{"id":"street-232841","dataset":"street","gu":"성동구","species":"느티나무","heightM":7.0,"crownWidthM":3.0,"rawHeight":7.0,"rawCrownWidth":3.0,"quality":"valid","sourceYear":2013},"geometry":{"type":"Point","coordinates":[127.0340927,37.55609665]}},{"type":"Feature","id":"street-233190","properties":{"id":"street-233190","dataset":"street","gu":"성동구","species":"느티나무","heightM":3.0,"crownWidthM":3.0,"rawHeight":3.0,"rawCrownWidth":3.0,"quality":"valid","sourceYear":2013},"geometry":{"type":"Point","coordinates":[127.03468385,37.55415648]}},{"type":"Feature","id":"street-233200","properties":{"id":"street-233200","dataset":"street","gu":"성동구","species":"회화나무","heightM":10.0,"crownWidthM":3.0,"rawHeight":10.0,"rawCrownWidth":3.0,"quality":"valid","sourceYear":2013},"geometry":{"type":"Point","coordinates":[127.03386871,37.55869631]}},{"type":"Feature","id":"street-233201","properties":{"id":"street-233201","dataset":"street","gu":"성동구","species":"양버즘나무","heightM":8.0,"crownWidthM":3.0,"rawHeight":8.0,"rawCrownWidth":3.0,"quality":"valid","sourceYear":2013},"geometry":{"type":"Point","coordinates":[127.03402932,37.55684652]}},{"type":"Feature","id":"street-233213","properties":{"id":"street-233213","dataset":"street","gu":"성동구","species":"양버즘나무","heightM":9.0,"crownWidthM":3.0,"rawHeight":9.0,"rawCrownWidth":3.0,"quality":"valid","sourceYear":2013},"geometry":{"type":"Point","coordinates":[127.03173619,37.55044325]}},{"type":"Feature","id":"street-233563","properties":{"id":"street-233563","dataset":"street","gu":"성동구","species":"양버즘나무","heightM":8.0,"crownWidthM":3.0,"rawHeight":8.0,"rawCrownWidth":3.0,"quality":"valid","sourceYear":2013},"geometry":{"type":"Point","coordinates":[127.03086623,37.55011484]}},{"type":"Feature","id":"street-233961","properties":{"id":"street-233961","dataset":"street","gu":"성동구","species":"양버즘나무","heightM":8.0,"crownWidthM":4.0,"rawHeight":8.0,"rawCrownWidth":4.0,"quality":"valid","sourceYear":2013},"geometry":{"type":"Point","coordinates":[127.03206874,37.55117277]}},{"type":"Feature","id":"street-233969","properties":{"id":"street-233969","dataset":"street","gu":"성동구","species":"양버즘나무","heightM":9.0,"crownWidthM":2.0,"rawHeight":9.0,"rawCrownWidth":2.0,"quality":"valid","sourceYear":2013},"geometry":{"type":"Point","coordinates":[127.03778906,37.55883282]}},{"type":"Feature","id":"street-234352","properties":{"id":"street-234352","dataset":"street","gu":"성동구","species":"양버즘나무","heightM":7.0,"crownWidthM":3.0,"rawHeight":7.0,"rawCrownWidth":3.0,"quality":"valid","sourceYear":2013},"geometry":{"type":"Point","coordinates":[127.03331321,37.55356713]}},{"type":"Feature","id":"street-234569","properties":{"id":"street-234569","dataset":"street","gu":"성동구","species":"느티나무","heightM":6.0,"crownWidthM":5.0,"rawHeight":6.0,"rawCrownWidth":5.0,"quality":"valid","sourceYear":2013},"geometry":{"type":"Point","coordinates":[127.03970072,37.5504911]}},{"type":"Feature","id":"street-234572","properties":{"id":"street-234572","dataset":"street","gu":"성동구","species":"느티나무","heightM":7.0,"crownWidthM":6.0,"rawHeight":7.0,"rawCrownWidth":6.0,"quality":"valid","sourceYear":2013},"geometry":{"type":"Point","coordinates":[127.03416436,37.55524922]}},{"type":"Feature","id":"street-234584","properties":{"id":"street-234584","dataset":"street","gu":"성동구","species":"회화나무","heightM":4.0,"crownWidthM":3.0,"rawHeight":4.0,"rawCrownWidth":3.0,"quality":"valid","sourceYear":2013},"geometry":{"type":"Point","coordinates":[127.03612623,37.55183491]}},{"type":"Feature","id":"street-234585","properties":{"id":"street-234585","dataset":"street","gu":"성동구","species":"느티나무","heightM":5.0,"crownWidthM":7.0,"rawHeight":5.0,"rawCrownWidth":7.0,"quality":"valid","sourceYear":2013},"geometry":{"type":"Point","coordinates":[127.03418639,37.55976247]}},{"type":"Feature","id":"street-234655","properties":{"id":"street-234655","dataset":"street","gu":"성동구","species":"양버즘나무","heightM":9.0,"crownWidthM":4.0,"rawHeight":9.0,"rawCrownWidth":4.0,"quality":"valid","sourceYear":2013},"geometry":{"type":"Point","coordinates":[127.03286213,37.5524801]}},{"type":"Feature","id":"street-234656","properties":{"id":"street-234656","dataset":"street","gu":"성동구","species":"양버즘나무","heightM":9.0,"crownWidthM":4.0,"rawHeight":9.0,"rawCrownWidth":4.0,"quality":"valid","sourceYear":2013},"geometry":{"type":"Point","coordinates":[127.03298186,37.55271265]}},{"type":"Feature","id":"street-234658","properties":{"id":"street-234658","dataset":"street","gu":"성동구","species":"양버즘나무","heightM":7.0,"crownWidthM":3.0,"rawHeight":7.0,"rawCrownWidth":3.0,"quality":"valid","sourceYear":2013},"geometry":{"type":"Point","coordinates":[127.03275922,37.55270259]}},{"type":"Feature","id":"street-234659","properties":{"id":"street-234659","dataset":"street","gu":"성동구","species":"양버즘나무","heightM":8.0,"crownWidthM":4.0,"rawHeight":8.0,"rawCrownWidth":4.0,"quality":"valid","sourceYear":2013},"geometry":{"type":"Point","coordinates":[127.03260449,37.55237116]}},{"type":"Feature","id":"street-234661","properties":{"id":"street-234661","dataset":"street","gu":"성동구","species":"양버즘나무","heightM":7.0,"crownWidthM":4.0,"rawHeight":7.0,"rawCrownWidth":4.0,"quality":"valid","sourceYear":2013},"geometry":{"type":"Point","coordinates":[127.03228783,37.5516629]}},{"type":"Feature","id":"street-234674","properties":{"id":"street-234674","dataset":"street","gu":"성동구","species":"양버즘나무","heightM":9.0,"crownWidthM":2.0,"rawHeight":9.0,"rawCrownWidth":2.0,"quality":"valid","sourceYear":2013},"geometry":{"type":"Point","coordinates":[127.03668493,37.55987558]}},{"type":"Feature","id":"street-235056","properties":{"id":"street-235056","dataset":"street","gu":"성동구","species":"양버즘나무","heightM":9.0,"crownWidthM":3.0,"rawHeight":9.0,"rawCrownWidth":3.0,"quality":"valid","sourceYear":2013},"geometry":{"type":"Point","coordinates":[127.03955865,37.55784461]}},{"type":"Feature","id":"street-235763","properties":{"id":"street-235763","dataset":"street","gu":"성동구","species":"양버즘나무","heightM":9.0,"crownWidthM":5.0,"rawHeight":9.0,"rawCrownWidth":5.0,"quality":"valid","sourceYear":2013},"geometry":{"type":"Point","coordinates":[127.03853761,37.55827042]}},{"type":"Feature","id":"street-235765","properties":{"id":"street-235765","dataset":"street","gu":"성동구","species":"양버즘나무","heightM":9.0,"crownWidthM":3.0,"rawHeight":9.0,"rawCrownWidth":3.0,"quality":"valid","sourceYear":2013},"geometry":{"type":"Point","coordinates":[127.03194919,37.55094003]}},{"type":"Feature","id":"street-235766","properties":{"id":"street-235766","dataset":"street","gu":"성동구","species":"양버즘나무","heightM":8.0,"crownWidthM":4.0,"rawHeight":8.0,"rawCrownWidth":4.0,"quality":"valid","sourceYear":2013},"geometry":{"type":"Point","coordinates":[127.03164249,37.55055171]}},{"type":"Feature","id":"street-236082","properties":{"id":"street-236082","dataset":"street","gu":"성동구","species":"왕벚나무","heightM":3.0,"crownWidthM":6.0,"rawHeight":3.0,"rawCrownWidth":6.0,"quality":"valid","sourceYear":2013},"geometry":{"type":"Point","coordinates":[127.03363397,37.55396878]}},{"type":"Feature","id":"street-244387","properties":{"id":"street-244387","dataset":"street","gu":"성동구","species":"회화나무","heightM":6.0,"crownWidthM":3.0,"rawHeight":6.0,"rawCrownWidth":3.0,"quality":"valid","sourceYear":2013},"geometry":{"type":"Point","coordinates":[127.03299012,37.55823727]}},{"type":"Feature","id":"street-244388","properties":{"id":"street-244388","dataset":"street","gu":"성동구","species":"느티나무","heightM":7.0,"crownWidthM":6.0,"rawHeight":7.0,"rawCrownWidth":6.0,"quality":"valid","sourceYear":2013},"geometry":{"type":"Point","coordinates":[127.03476576,37.55385799]}},{"type":"Feature","id":"street-244512","properties":{"id":"street-244512","dataset":"street","gu":"성동구","species":"양버즘나무","heightM":7.0,"crownWidthM":2.0,"rawHeight":7.0,"rawCrownWidth":2.0,"quality":"valid","sourceYear":2013},"geometry":{"type":"Point","coordinates":[127.03384287,37.55390509]}},{"type":"Feature","id":"street-244585","properties":{"id":"street-244585","dataset":"street","gu":"성동구","species":"은단풍","heightM":3.0,"crownWidthM":3.0,"rawHeight":3.0,"rawCrownWidth":3.0,"quality":"valid","sourceYear":2013},"geometry":{"type":"Point","coordinates":[127.03449387,37.55348652]}},{"type":"Feature","id":"street-244689","properties":{"id":"street-244689","dataset":"street","gu":"성동구","species":"느티나무","heightM":7.0,"crownWidthM":10.0,"rawHeight":7.0,"rawCrownWidth":10.0,"quality":"valid","sourceYear":2013},"geometry":{"type":"Point","coordinates":[127.03399671,37.55998949]}},{"type":"Feature","id":"street-244795","properties":{"id":"street-244795","dataset":"street","gu":"성동구","species":"느티나무","heightM":5.0,"crownWidthM":4.0,"rawHeight":5.0,"rawCrownWidth":4.0,"quality":"valid","sourceYear":2013},"geometry":{"type":"Point","coordinates":[127.03415049,37.55874777]}},{"type":"Feature","id":"street-244798","properties":{"id":"street-244798","dataset":"street","gu":"성동구","species":"양버즘나무","heightM":8.0,"crownWidthM":6.0,"rawHeight":8.0,"rawCrownWidth":6.0,"quality":"valid","sourceYear":2013},"geometry":{"type":"Point","coordinates":[127.03514209,37.55149721]}},{"type":"Feature","id":"street-245380","properties":{"id":"street-245380","dataset":"street","gu":"성동구","species":"양버즘나무","heightM":8.0,"crownWidthM":2.0,"rawHeight":8.0,"rawCrownWidth":2.0,"quality":"valid","sourceYear":2013},"geometry":{"type":"Point","coordinates":[127.03092218,37.55013708]}},{"type":"Feature","id":"street-245646","properties":{"id":"street-245646","dataset":"street","gu":"성동구","species":"느티나무","heightM":4.0,"crownWidthM":4.0,"rawHeight":4.0,"rawCrownWidth":4.0,"quality":"valid","sourceYear":2013},"geometry":{"type":"Point","coordinates":[127.03482715,37.55364515]}},{"type":"Feature","id":"street-245710","properties":{"id":"street-245710","dataset":"street","gu":"성동구","species":"느티나무","heightM":8.0,"crownWidthM":6.0,"rawHeight":8.0,"rawCrownWidth":6.0,"quality":"valid","sourceYear":2013},"geometry":{"type":"Point","coordinates":[127.03410191,37.55896072]}},{"type":"Feature","id":"street-245811","properties":{"id":"street-245811","dataset":"street","gu":"성동구","species":"느티나무","heightM":7.0,"crownWidthM":8.0,"rawHeight":7.0,"rawCrownWidth":8.0,"quality":"valid","sourceYear":2013},"geometry":{"type":"Point","coordinates":[127.03927698,37.55487556]}},{"type":"Feature","id":"street-245815","properties":{"id":"street-245815","dataset":"street","gu":"성동구","species":"느티나무","heightM":5.0,"crownWidthM":3.0,"rawHeight":5.0,"rawCrownWidth":3.0,"quality":"valid","sourceYear":2013},"geometry":{"type":"Point","coordinates":[127.03445835,37.55870518]}},{"type":"Feature","id":"street-246013","properties":{"id":"street-246013","dataset":"street","gu":"성동구","species":"양버즘나무","heightM":9.0,"crownWidthM":3.0,"rawHeight":9.0,"rawCrownWidth":3.0,"quality":"valid","sourceYear":2013},"geometry":{"type":"Point","coordinates":[127.03233639,37.5513144]}},{"type":"Feature","id":"street-246069","properties":{"id":"street-246069","dataset":"street","gu":"성동구","species":"양버즘나무","heightM":8.0,"crownWidthM":6.0,"rawHeight":8.0,"rawCrownWidth":6.0,"quality":"valid","sourceYear":2013},"geometry":{"type":"Point","coordinates":[127.03509257,37.55165789]}},{"type":"Feature","id":"street-247140","properties":{"id":"street-247140","dataset":"street","gu":"성동구","species":"느티나무","heightM":6.0,"crownWidthM":3.0,"rawHeight":6.0,"rawCrownWidth":3.0,"quality":"valid","sourceYear":2013},"geometry":{"type":"Point","coordinates":[127.0363157,37.55900092]}},{"type":"Feature","id":"street-250689","properties":{"id":"street-250689","dataset":"street","gu":"성동구","species":"회화나무","heightM":8.0,"crownWidthM":4.0,"rawHeight":8.0,"rawCrownWidth":4.0,"quality":"valid","sourceYear":2013},"geometry":{"type":"Point","coordinates":[127.03923383,37.55716852]}},{"type":"Feature","id":"street-251051","properties":{"id":"street-251051","dataset":"street","gu":"성동구","species":"양버즘나무","heightM":9.0,"crownWidthM":5.0,"rawHeight":9.0,"rawCrownWidth":5.0,"quality":"valid","sourceYear":2013},"geometry":{"type":"Point","coordinates":[127.03216225,37.55092848]}},{"type":"Feature","id":"street-251056","properties":{"id":"street-251056","dataset":"street","gu":"성동구","species":"은행나무","heightM":8.0,"crownWidthM":5.0,"rawHeight":8.0,"rawCrownWidth":5.0,"quality":"valid","sourceYear":2013},"geometry":{"type":"Point","coordinates":[127.03437308,37.55869446]}},{"type":"Feature","id":"street-251082","properties":{"id":"street-251082","dataset":"street","gu":"성동구","species":"소나무","heightM":11.0,"crownWidthM":2.0,"rawHeight":11.0,"rawCrownWidth":2.0,"quality":"valid","sourceYear":2013},"geometry":{"type":"Point","coordinates":[127.0358705,37.55899327]}},{"type":"Feature","id":"park-private-6348","properties":{"id":"park-private-6348","dataset":"park-private","gu":"성동구","species":"메타세쿼이아","heightM":18.0,"crownWidthM":8.0,"rawHeight":18.0,"rawCrownWidth":8.0,"quality":"valid","sourceYear":2013},"geometry":{"type":"Point","coordinates":[127.03408936,37.55175069]}},{"type":"Feature","id":"park-private-6366","properties":{"id":"park-private-6366","dataset":"park-private","gu":"성동구","species":"중국단풍","heightM":9.0,"crownWidthM":7.0,"rawHeight":9.0,"rawCrownWidth":7.0,"quality":"valid","sourceYear":2013},"geometry":{"type":"Point","coordinates":[127.03367896,37.55257281]}},{"type":"Feature","id":"park-private-6383","properties":{"id":"park-private-6383","dataset":"park-private","gu":"성동구","species":"오동나무","heightM":9.0,"crownWidthM":7.0,"rawHeight":9.0,"rawCrownWidth":7.0,"quality":"valid","sourceYear":2013},"geometry":{"type":"Point","coordinates":[127.03950572,37.55752816]}},{"type":"Feature","id":"park-private-6442","properties":{"id":"park-private-6442","dataset":"park-private","gu":"성동구","species":"편백","heightM":6.0,"crownWidthM":6.0,"rawHeight":6.0,"rawCrownWidth":6.0,"quality":"valid","sourceYear":2013},"geometry":{"type":"Point","coordinates":[127.03354312,37.55688653]}},{"type":"Feature","id":"park-private-6443","properties":{"id":"park-private-6443","dataset":"park-private","gu":"성동구","species":"잣나무","heightM":10.0,"crownWidthM":10.0,"rawHeight":10.0,"rawCrownWidth":10.0,"quality":"valid","sourceYear":2013},"geometry":{"type":"Point","coordinates":[127.03298367,37.55683074]}},{"type":"Feature","id":"park-private-6508","properties":{"id":"park-private-6508","dataset":"park-private","gu":"성동구","species":"메타세쿼이아","heightM":18.0,"crownWidthM":8.0,"rawHeight":18.0,"rawCrownWidth":8.0,"quality":"valid","sourceYear":2013},"geometry":{"type":"Point","coordinates":[127.03410286,37.55162404]}},{"type":"Feature","id":"park-private-6529","properties":{"id":"park-private-6529","dataset":"park-private","gu":"성동구","species":"대추나무","heightM":9.0,"crownWidthM":8.0,"rawHeight":9.0,"rawCrownWidth":8.0,"quality":"valid","sourceYear":2013},"geometry":{"type":"Point","coordinates":[127.03273397,37.55799403]}},{"type":"Feature","id":"park-private-6533","properties":{"id":"park-private-6533","dataset":"park-private","gu":"성동구","species":"목련","heightM":7.0,"crownWidthM":7.0,"rawHeight":7.0,"rawCrownWidth":7.0,"quality":"valid","sourceYear":2013},"geometry":{"type":"Point","coordinates":[127.03811212,37.55494339]}},{"type":"Feature","id":"park-private-6546","properties":{"id":"park-private-6546","dataset":"park-private","gu":"성동구","species":"은행나무","heightM":11.0,"crownWidthM":6.0,"rawHeight":11.0,"rawCrownWidth":6.0,"quality":"valid","sourceYear":2013},"geometry":{"type":"Point","coordinates":[127.0335163,37.55793612]}},{"type":"Feature","id":"park-private-6562","properties":{"id":"park-private-6562","dataset":"park-private","gu":"성동구","species":"은행나무","heightM":12.0,"crownWidthM":6.0,"rawHeight":12.0,"rawCrownWidth":6.0,"quality":"valid","sourceYear":2013},"geometry":{"type":"Point","coordinates":[127.03439664,37.55675639]}},{"type":"Feature","id":"park-private-6601","properties":{"id":"park-private-6601","dataset":"park-private","gu":"성동구","species":"느티나무","heightM":7.0,"crownWidthM":8.0,"rawHeight":7.0,"rawCrownWidth":8.0,"quality":"valid","sourceYear":2013},"geometry":{"type":"Point","coordinates":[127.03026103,37.55047445]}},{"type":"Feature","id":"park-private-6614","properties":{"id":"park-private-6614","dataset":"park-private","gu":"성동구","species":"느티나무","heightM":10.0,"crownWidthM":9.0,"rawHeight":10.0,"rawCrownWidth":9.0,"quality":"valid","sourceYear":2013},"geometry":{"type":"Point","coordinates":[127.0374149,37.55777266]}},{"type":"Feature","id":"park-private-6621","properties":{"id":"park-private-6621","dataset":"park-private","gu":"성동구","species":"양버즘나무","heightM":10.0,"crownWidthM":8.0,"rawHeight":10.0,"rawCrownWidth":8.0,"quality":"valid","sourceYear":2013},"geometry":{"type":"Point","coordinates":[127.0357724,37.55184337]}},{"type":"Feature","id":"park-private-6634","properties":{"id":"park-private-6634","dataset":"park-private","gu":"성동구","species":"느티나무","heightM":11.0,"crownWidthM":11.0,"rawHeight":11.0,"rawCrownWidth":11.0,"quality":"valid","sourceYear":2013},"geometry":{"type":"Point","coordinates":[127.03306383,37.55348793]}},{"type":"Feature","id":"park-private-6641","properties":{"id":"park-private-6641","dataset":"park-private","gu":"성동구","species":"양버즘나무","heightM":12.0,"crownWidthM":8.0,"rawHeight":12.0,"rawCrownWidth":8.0,"quality":"valid","sourceYear":2013},"geometry":{"type":"Point","coordinates":[127.03577076,37.55173843]}},{"type":"Feature","id":"park-private-6652","properties":{"id":"park-private-6652","dataset":"park-private","gu":"성동구","species":"양버즘나무","heightM":9.0,"crownWidthM":5.0,"rawHeight":9.0,"rawCrownWidth":5.0,"quality":"valid","sourceYear":2013},"geometry":{"type":"Point","coordinates":[127.03578422,37.55168628]}},{"type":"Feature","id":"park-private-6698","properties":{"id":"park-private-6698","dataset":"park-private","gu":"성동구","species":"느티나무","heightM":11.0,"crownWidthM":5.0,"rawHeight":11.0,"rawCrownWidth":5.0,"quality":"valid","sourceYear":2013},"geometry":{"type":"Point","coordinates":[127.03609083,37.5595972]}},{"type":"Feature","id":"park-private-6701","properties":{"id":"park-private-6701","dataset":"park-private","gu":"성동구","species":"은행나무","heightM":10.0,"crownWidthM":5.0,"rawHeight":10.0,"rawCrownWidth":5.0,"quality":"valid","sourceYear":2013},"geometry":{"type":"Point","coordinates":[127.03360493,37.55787209]}},{"type":"Feature","id":"park-private-6720","properties":{"id":"park-private-6720","dataset":"park-private","gu":"성동구","species":"은행나무","heightM":10.0,"crownWidthM":6.0,"rawHeight":10.0,"rawCrownWidth":6.0,"quality":"valid","sourceYear":2013},"geometry":{"type":"Point","coordinates":[127.0373199,37.55725282]}},{"type":"Feature","id":"park-private-6721","properties":{"id":"park-private-6721","dataset":"park-private","gu":"성동구","species":"이태리포플러","heightM":12.0,"crownWidthM":7.0,"rawHeight":12.0,"rawCrownWidth":7.0,"quality":"valid","sourceYear":2013},"geometry":{"type":"Point","coordinates":[127.03980258,37.55551279]}},{"type":"Feature","id":"park-private-6734","properties":{"id":"park-private-6734","dataset":"park-private","gu":"성동구","species":"은사시나무","heightM":8.0,"crownWidthM":7.0,"rawHeight":8.0,"rawCrownWidth":7.0,"quality":"valid","sourceYear":2013},"geometry":{"type":"Point","coordinates":[127.03960118,37.55699483]}},{"type":"Feature","id":"park-private-6882","properties":{"id":"park-private-6882","dataset":"park-private","gu":"성동구","species":"중국단풍","heightM":19.0,"crownWidthM":9.0,"rawHeight":19.0,"rawCrownWidth":9.0,"quality":"valid","sourceYear":2013},"geometry":{"type":"Point","coordinates":[127.03403517,37.55362119]}},{"type":"Feature","id":"park-private-6887","properties":{"id":"park-private-6887","dataset":"park-private","gu":"성동구","species":"양버즘나무","heightM":15.0,"crownWidthM":10.0,"rawHeight":15.0,"rawCrownWidth":10.0,"quality":"valid","sourceYear":2013},"geometry":{"type":"Point","coordinates":[127.03845649,37.5592703]}},{"type":"Feature","id":"park-private-6907","properties":{"id":"park-private-6907","dataset":"park-private","gu":"성동구","species":"가중나무","heightM":10.0,"crownWidthM":4.0,"rawHeight":10.0,"rawCrownWidth":4.0,"quality":"valid","sourceYear":2013},"geometry":{"type":"Point","coordinates":[127.03970927,37.55638502]}},{"type":"Feature","id":"park-private-6909","properties":{"id":"park-private-6909","dataset":"park-private","gu":"성동구","species":"양버즘나무","heightM":13.0,"crownWidthM":8.0,"rawHeight":13.0,"rawCrownWidth":8.0,"quality":"valid","sourceYear":2013},"geometry":{"type":"Point","coordinates":[127.03742455,37.55800594]}},{"type":"Feature","id":"park-private-6985","properties":{"id":"park-private-6985","dataset":"park-private","gu":"성동구","species":"참오동","heightM":12.0,"crownWidthM":11.0,"rawHeight":12.0,"rawCrownWidth":11.0,"quality":"valid","sourceYear":2013},"geometry":{"type":"Point","coordinates":[127.03231232,37.55755262]}},{"type":"Feature","id":"park-private-6996","properties":{"id":"park-private-6996","dataset":"park-private","gu":"성동구","species":"은행나무","heightM":8.0,"crownWidthM":4.0,"rawHeight":8.0,"rawCrownWidth":4.0,"quality":"valid","sourceYear":2013},"geometry":{"type":"Point","coordinates":[127.0370984,37.55764753]}},{"type":"Feature","id":"park-private-7013","properties":{"id":"park-private-7013","dataset":"park-private","gu":"성동구","species":"은행나무","heightM":14.0,"crownWidthM":7.0,"rawHeight":14.0,"rawCrownWidth":7.0,"quality":"valid","sourceYear":2013},"geometry":{"type":"Point","coordinates":[127.03951979,37.55850684]}},{"type":"Feature","id":"park-private-7108","properties":{"id":"park-private-7108","dataset":"park-private","gu":"성동구","species":"메타세쿼이아","heightM":18.0,"crownWidthM":8.0,"rawHeight":18.0,"rawCrownWidth":8.0,"quality":"valid","sourceYear":2013},"geometry":{"type":"Point","coordinates":[127.03410291,37.55166746]}},{"type":"Feature","id":"park-private-7178","properties":{"id":"park-private-7178","dataset":"park-private","gu":"성동구","species":"가중나무","heightM":10.0,"crownWidthM":5.0,"rawHeight":10.0,"rawCrownWidth":5.0,"quality":"valid","sourceYear":2013},"geometry":{"type":"Point","coordinates":[127.03755549,37.55901745]}},{"type":"Feature","id":"park-private-7179","properties":{"id":"park-private-7179","dataset":"park-private","gu":"성동구","species":"느티나무","heightM":7.0,"crownWidthM":6.0,"rawHeight":7.0,"rawCrownWidth":6.0,"quality":"valid","sourceYear":2013},"geometry":{"type":"Point","coordinates":[127.03792768,37.55890062]}},{"type":"Feature","id":"park-private-7183","properties":{"id":"park-private-7183","dataset":"park-private","gu":"성동구","species":"양버즘나무","heightM":14.0,"crownWidthM":8.0,"rawHeight":14.0,"rawCrownWidth":8.0,"quality":"valid","sourceYear":2013},"geometry":{"type":"Point","coordinates":[127.03745182,37.55793352]}},{"type":"Feature","id":"park-private-7259","properties":{"id":"park-private-7259","dataset":"park-private","gu":"성동구","species":"은행나무","heightM":10.0,"crownWidthM":8.0,"rawHeight":10.0,"rawCrownWidth":8.0,"quality":"valid","sourceYear":2013},"geometry":{"type":"Point","coordinates":[127.0337539,37.55774997]}},{"type":"Feature","id":"park-private-7353","properties":{"id":"park-private-7353","dataset":"park-private","gu":"성동구","species":"메타세쿼이아","heightM":18.0,"crownWidthM":8.0,"rawHeight":18.0,"rawCrownWidth":8.0,"quality":"valid","sourceYear":2013},"geometry":{"type":"Point","coordinates":[127.03410581,37.55155408]}},{"type":"Feature","id":"park-private-7363","properties":{"id":"park-private-7363","dataset":"park-private","gu":"성동구","species":"은행나무","heightM":12.0,"crownWidthM":9.0,"rawHeight":12.0,"rawCrownWidth":9.0,"quality":"valid","sourceYear":2013},"geometry":{"type":"Point","coordinates":[127.03312407,37.5568832]}},{"type":"Feature","id":"park-private-7370","properties":{"id":"park-private-7370","dataset":"park-private","gu":"성동구","species":"감나무","heightM":6.0,"crownWidthM":7.0,"rawHeight":6.0,"rawCrownWidth":7.0,"quality":"valid","sourceYear":2013},"geometry":{"type":"Point","coordinates":[127.03113139,37.55898278]}},{"type":"Feature","id":"park-private-7379","properties":{"id":"park-private-7379","dataset":"park-private","gu":"성동구","species":"목련","heightM":7.0,"crownWidthM":6.0,"rawHeight":7.0,"rawCrownWidth":6.0,"quality":"valid","sourceYear":2013},"geometry":{"type":"Point","coordinates":[127.03289007,37.55681382]}},{"type":"Feature","id":"park-private-7380","properties":{"id":"park-private-7380","dataset":"park-private","gu":"성동구","species":"은행나무","heightM":14.0,"crownWidthM":14.0,"rawHeight":14.0,"rawCrownWidth":14.0,"quality":"valid","sourceYear":2013},"geometry":{"type":"Point","coordinates":[127.03388573,37.55749768]}},{"type":"Feature","id":"park-private-7450","properties":{"id":"park-private-7450","dataset":"park-private","gu":"성동구","species":"향나무","heightM":5.0,"crownWidthM":7.0,"rawHeight":5.0,"rawCrownWidth":7.0,"quality":"valid","sourceYear":2013},"geometry":{"type":"Point","coordinates":[127.03231677,37.55784978]}},{"type":"Feature","id":"park-private-7460","properties":{"id":"park-private-7460","dataset":"park-private","gu":"성동구","species":"느티나무","heightM":7.0,"crownWidthM":7.0,"rawHeight":7.0,"rawCrownWidth":7.0,"quality":"valid","sourceYear":2013},"geometry":{"type":"Point","coordinates":[127.03705943,37.55755192]}},{"type":"Feature","id":"park-private-7467","properties":{"id":"park-private-7467","dataset":"park-private","gu":"성동구","species":"가중나무","heightM":10.0,"crownWidthM":6.0,"rawHeight":10.0,"rawCrownWidth":6.0,"quality":"valid","sourceYear":2013},"geometry":{"type":"Point","coordinates":[127.037604,37.55898846]}},{"type":"Feature","id":"park-private-7468","properties":{"id":"park-private-7468","dataset":"park-private","gu":"성동구","species":"양버즘나무","heightM":10.0,"crownWidthM":5.0,"rawHeight":10.0,"rawCrownWidth":5.0,"quality":"valid","sourceYear":2013},"geometry":{"type":"Point","coordinates":[127.03748078,37.55752078]}},{"type":"Feature","id":"park-private-7472","properties":{"id":"park-private-7472","dataset":"park-private","gu":"성동구","species":"메타세쿼이아","heightM":18.0,"crownWidthM":8.0,"rawHeight":18.0,"rawCrownWidth":8.0,"quality":"valid","sourceYear":2013},"geometry":{"type":"Point","coordinates":[127.03421238,37.5519316]}},{"type":"Feature","id":"park-private-7478","properties":{"id":"park-private-7478","dataset":"park-private","gu":"성동구","species":"소나무","heightM":13.0,"crownWidthM":6.0,"rawHeight":13.0,"rawCrownWidth":6.0,"quality":"valid","sourceYear":2013},"geometry":{"type":"Point","coordinates":[127.03238355,37.55734622]}},{"type":"Feature","id":"park-private-7578","properties":{"id":"park-private-7578","dataset":"park-private","gu":"성동구","species":"느티나무","heightM":10.0,"crownWidthM":9.0,"rawHeight":10.0,"rawCrownWidth":9.0,"quality":"valid","sourceYear":2013},"geometry":{"type":"Point","coordinates":[127.03422449,37.55364994]}},{"type":"Feature","id":"park-private-7658","properties":{"id":"park-private-7658","dataset":"park-private","gu":"성동구","species":"양버즘나무","heightM":10.0,"crownWidthM":5.0,"rawHeight":10.0,"rawCrownWidth":5.0,"quality":"valid","sourceYear":2013},"geometry":{"type":"Point","coordinates":[127.03749772,37.55755175]}},{"type":"Feature","id":"park-private-7665","properties":{"id":"park-private-7665","dataset":"park-private","gu":"성동구","species":"중국단풍","heightM":10.0,"crownWidthM":7.0,"rawHeight":10.0,"rawCrownWidth":7.0,"quality":"valid","sourceYear":2013},"geometry":{"type":"Point","coordinates":[127.03803217,37.55426277]}},{"type":"Feature","id":"park-private-7732","properties":{"id":"park-private-7732","dataset":"park-private","gu":"성동구","species":"가중나무","heightM":10.0,"crownWidthM":9.0,"rawHeight":10.0,"rawCrownWidth":9.0,"quality":"valid","sourceYear":2013},"geometry":{"type":"Point","coordinates":[127.0381771,37.5587176]}},{"type":"Feature","id":"park-private-7733","properties":{"id":"park-private-7733","dataset":"park-private","gu":"성동구","species":"이태리포플러","heightM":12.0,"crownWidthM":8.0,"rawHeight":12.0,"rawCrownWidth":8.0,"quality":"valid","sourceYear":2013},"geometry":{"type":"Point","coordinates":[127.03980788,37.5554298]}},{"type":"Feature","id":"park-private-7739","properties":{"id":"park-private-7739","dataset":"park-private","gu":"성동구","species":"은행나무","heightM":12.0,"crownWidthM":6.0,"rawHeight":12.0,"rawCrownWidth":6.0,"quality":"valid","sourceYear":2013},"geometry":{"type":"Point","coordinates":[127.03335053,37.55801323]}},{"type":"Feature","id":"park-private-7749","properties":{"id":"park-private-7749","dataset":"park-private","gu":"성동구","species":"은행나무","heightM":14.0,"crownWidthM":7.0,"rawHeight":14.0,"rawCrownWidth":7.0,"quality":"valid","sourceYear":2013},"geometry":{"type":"Point","coordinates":[127.03957561,37.55851074]}},{"type":"Feature","id":"park-private-9508","properties":{"id":"park-private-9508","dataset":"park-private","gu":"성동구","species":"은행나무","heightM":14.0,"crownWidthM":7.0,"rawHeight":14.0,"rawCrownWidth":7.0,"quality":"valid","sourceYear":2013},"geometry":{"type":"Point","coordinates":[127.03953212,37.55853101]}},{"type":"Feature","id":"park-private-9762","properties":{"id":"park-private-9762","dataset":"park-private","gu":"성동구","species":"느티나무","heightM":6.0,"crownWidthM":7.0,"rawHeight":6.0,"rawCrownWidth":7.0,"quality":"valid","sourceYear":2013},"geometry":{"type":"Point","coordinates":[127.03008214,37.55065198]}},{"type":"Feature","id":"park-private-9763","properties":{"id":"park-private-9763","dataset":"park-private","gu":"성동구","species":"은사시나무","heightM":10.0,"crownWidthM":7.0,"rawHeight":10.0,"rawCrownWidth":7.0,"quality":"valid","sourceYear":2013},"geometry":{"type":"Point","coordinates":[127.03957148,37.55715229]}},{"type":"Feature","id":"park-private-9953","properties":{"id":"park-private-9953","dataset":"park-private","gu":"성동구","species":"양버즘나무","heightM":9.0,"crownWidthM":6.0,"rawHeight":9.0,"rawCrownWidth":6.0,"quality":"valid","sourceYear":2013},"geometry":{"type":"Point","coordinates":[127.03742154,37.55749251]}},{"type":"Feature","id":"park-private-9955","properties":{"id":"park-private-9955","dataset":"park-private","gu":"성동구","species":"양버즘나무","heightM":25.0,"crownWidthM":17.0,"rawHeight":25.0,"rawCrownWidth":17.0,"quality":"valid","sourceYear":2013},"geometry":{"type":"Point","coordinates":[127.03450634,37.55600413]}},{"type":"Feature","id":"park-private-10038","properties":{"id":"park-private-10038","dataset":"park-private","gu":"성동구","species":"메타세쿼이아","heightM":18.0,"crownWidthM":8.0,"rawHeight":18.0,"rawCrownWidth":8.0,"quality":"valid","sourceYear":2013},"geometry":{"type":"Point","coordinates":[127.03425153,37.55170484]}},{"type":"Feature","id":"park-private-10044","properties":{"id":"park-private-10044","dataset":"park-private","gu":"성동구","species":"가래나무","heightM":10.0,"crownWidthM":6.0,"rawHeight":10.0,"rawCrownWidth":6.0,"quality":"valid","sourceYear":2013},"geometry":{"type":"Point","coordinates":[127.03226199,37.5561501]}},{"type":"Feature","id":"park-private-10046","properties":{"id":"park-private-10046","dataset":"park-private","gu":"성동구","species":"메타세쿼이아","heightM":18.0,"crownWidthM":8.0,"rawHeight":18.0,"rawCrownWidth":8.0,"quality":"valid","sourceYear":2013},"geometry":{"type":"Point","coordinates":[127.03403807,37.55197505]}},{"type":"Feature","id":"park-private-10239","properties":{"id":"park-private-10239","dataset":"park-private","gu":"성동구","species":"은행나무","heightM":10.0,"crownWidthM":6.0,"rawHeight":10.0,"rawCrownWidth":6.0,"quality":"valid","sourceYear":2013},"geometry":{"type":"Point","coordinates":[127.03372146,37.55778062]}},{"type":"Feature","id":"park-private-10528","properties":{"id":"park-private-10528","dataset":"park-private","gu":"성동구","species":"느티나무","heightM":8.0,"crownWidthM":5.0,"rawHeight":8.0,"rawCrownWidth":5.0,"quality":"valid","sourceYear":2013},"geometry":{"type":"Point","coordinates":[127.03702042,37.55734452]}},{"type":"Feature","id":"park-private-10605","properties":{"id":"park-private-10605","dataset":"park-private","gu":"성동구","species":"양버즘나무","heightM":8.0,"crownWidthM":4.0,"rawHeight":8.0,"rawCrownWidth":4.0,"quality":"valid","sourceYear":2013},"geometry":{"type":"Point","coordinates":[127.03433584,37.55728194]}},{"type":"Feature","id":"park-private-10608","properties":{"id":"park-private-10608","dataset":"park-private","gu":"성동구","species":"은행나무","heightM":12.0,"crownWidthM":5.0,"rawHeight":12.0,"rawCrownWidth":5.0,"quality":"valid","sourceYear":2013},"geometry":{"type":"Point","coordinates":[127.03658216,37.55950053]}},{"type":"Feature","id":"park-private-10611","properties":{"id":"park-private-10611","dataset":"park-private","gu":"성동구","species":"가래나무","heightM":10.0,"crownWidthM":6.0,"rawHeight":10.0,"rawCrownWidth":6.0,"quality":"valid","sourceYear":2013},"geometry":{"type":"Point","coordinates":[127.03042483,37.5573315]}},{"type":"Feature","id":"park-private-10702","properties":{"id":"park-private-10702","dataset":"park-private","gu":"성동구","species":"은행나무","heightM":7.0,"crownWidthM":4.0,"rawHeight":7.0,"rawCrownWidth":4.0,"quality":"valid","sourceYear":2013},"geometry":{"type":"Point","coordinates":[127.03754847,37.55752075]}},{"type":"Feature","id":"park-private-10703","properties":{"id":"park-private-10703","dataset":"park-private","gu":"성동구","species":"메타세쿼이아","heightM":18.0,"crownWidthM":8.0,"rawHeight":18.0,"rawCrownWidth":8.0,"quality":"valid","sourceYear":2013},"geometry":{"type":"Point","coordinates":[127.03424557,37.5517941]}},{"type":"Feature","id":"park-private-10718","properties":{"id":"park-private-10718","dataset":"park-private","gu":"성동구","species":"단풍나무","heightM":6.0,"crownWidthM":6.0,"rawHeight":6.0,"rawCrownWidth":6.0,"quality":"valid","sourceYear":2013},"geometry":{"type":"Point","coordinates":[127.03498463,37.55738411]}},{"type":"Feature","id":"park-private-10808","properties":{"id":"park-private-10808","dataset":"park-private","gu":"성동구","species":"편백","heightM":5.0,"crownWidthM":5.0,"rawHeight":5.0,"rawCrownWidth":5.0,"quality":"valid","sourceYear":2013},"geometry":{"type":"Point","coordinates":[127.03376435,37.55691867]}},{"type":"Feature","id":"park-private-10817","properties":{"id":"park-private-10817","dataset":"park-private","gu":"성동구","species":"가중나무","heightM":8.0,"crownWidthM":8.0,"rawHeight":8.0,"rawCrownWidth":8.0,"quality":"valid","sourceYear":2013},"geometry":{"type":"Point","coordinates":[127.03878435,37.55847699]}},{"type":"Feature","id":"park-private-10864","properties":{"id":"park-private-10864","dataset":"park-private","gu":"성동구","species":"양버즘나무","heightM":12.0,"crownWidthM":10.0,"rawHeight":12.0,"rawCrownWidth":10.0,"quality":"valid","sourceYear":2013},"geometry":{"type":"Point","coordinates":[127.03474879,37.55596003]}},{"type":"Feature","id":"park-private-10952","properties":{"id":"park-private-10952","dataset":"park-private","gu":"성동구","species":"계수나무","heightM":9.0,"crownWidthM":6.0,"rawHeight":9.0,"rawCrownWidth":6.0,"quality":"valid","sourceYear":2013},"geometry":{"type":"Point","coordinates":[127.03229615,37.55791665]}},{"type":"Feature","id":"park-private-10957","properties":{"id":"park-private-10957","dataset":"park-private","gu":"성동구","species":"양버즘나무","heightM":7.0,"crownWidthM":2.0,"rawHeight":7.0,"rawCrownWidth":2.0,"quality":"valid","sourceYear":2013},"geometry":{"type":"Point","coordinates":[127.03437899,37.55691124]}},{"type":"Feature","id":"park-private-10960","properties":{"id":"park-private-10960","dataset":"park-private","gu":"성동구","species":"이태리포플러","heightM":12.0,"crownWidthM":7.0,"rawHeight":12.0,"rawCrownWidth":7.0,"quality":"valid","sourceYear":2013},"geometry":{"type":"Point","coordinates":[127.03986003,37.55551362]}},{"type":"Feature","id":"park-private-11038","properties":{"id":"park-private-11038","dataset":"park-private","gu":"성동구","species":"메타세쿼이아","heightM":18.0,"crownWidthM":8.0,"rawHeight":18.0,"rawCrownWidth":8.0,"quality":"valid","sourceYear":2013},"geometry":{"type":"Point","coordinates":[127.03420029,37.55197382]}},{"type":"Feature","id":"park-private-11055","properties":{"id":"park-private-11055","dataset":"park-private","gu":"성동구","species":"메타세쿼이아","heightM":18.0,"crownWidthM":8.0,"rawHeight":18.0,"rawCrownWidth":8.0,"quality":"valid","sourceYear":2013},"geometry":{"type":"Point","coordinates":[127.03406523,37.55186287]}},{"type":"Feature","id":"park-private-11063","properties":{"id":"park-private-11063","dataset":"park-private","gu":"성동구","species":"감나무","heightM":9.0,"crownWidthM":8.0,"rawHeight":9.0,"rawCrownWidth":8.0,"quality":"valid","sourceYear":2013},"geometry":{"type":"Point","coordinates":[127.03295,37.55803028]}},{"type":"Feature","id":"park-private-11097","properties":{"id":"park-private-11097","dataset":"park-private","gu":"성동구","species":"양버즘나무","heightM":14.0,"crownWidthM":6.0,"rawHeight":14.0,"rawCrownWidth":6.0,"quality":"valid","sourceYear":2013},"geometry":{"type":"Point","coordinates":[127.03742458,37.55805543]}},{"type":"Feature","id":"park-private-11138","properties":{"id":"park-private-11138","dataset":"park-private","gu":"성동구","species":"잣나무","heightM":10.0,"crownWidthM":10.0,"rawHeight":10.0,"rawCrownWidth":10.0,"quality":"valid","sourceYear":2013},"geometry":{"type":"Point","coordinates":[127.03303471,37.55679349]}},{"type":"Feature","id":"park-private-11181","properties":{"id":"park-private-11181","dataset":"park-private","gu":"성동구","species":"양버즘나무","heightM":11.0,"crownWidthM":5.0,"rawHeight":11.0,"rawCrownWidth":5.0,"quality":"valid","sourceYear":2013},"geometry":{"type":"Point","coordinates":[127.03746723,37.55749519]}},{"type":"Feature","id":"park-private-11194","properties":{"id":"park-private-11194","dataset":"park-private","gu":"성동구","species":"은행나무","heightM":9.0,"crownWidthM":7.0,"rawHeight":9.0,"rawCrownWidth":7.0,"quality":"valid","sourceYear":2013},"geometry":{"type":"Point","coordinates":[127.0369883,37.55741187]}},{"type":"Feature","id":"park-private-11207","properties":{"id":"park-private-11207","dataset":"park-private","gu":"성동구","species":"느티나무","heightM":6.0,"crownWidthM":7.0,"rawHeight":6.0,"rawCrownWidth":7.0,"quality":"valid","sourceYear":2013},"geometry":{"type":"Point","coordinates":[127.03004879,37.550687]}},{"type":"Feature","id":"park-private-11218","properties":{"id":"park-private-11218","dataset":"park-private","gu":"성동구","species":"양버즘나무","heightM":12.0,"crownWidthM":7.0,"rawHeight":12.0,"rawCrownWidth":7.0,"quality":"valid","sourceYear":2013},"geometry":{"type":"Point","coordinates":[127.03575718,37.5517903]}},{"type":"Feature","id":"park-private-11249","properties":{"id":"park-private-11249","dataset":"park-private","gu":"성동구","species":"은행나무","heightM":11.0,"crownWidthM":10.0,"rawHeight":11.0,"rawCrownWidth":10.0,"quality":"valid","sourceYear":2013},"geometry":{"type":"Point","coordinates":[127.03255027,37.55691168]}},{"type":"Feature","id":"park-private-11250","properties":{"id":"park-private-11250","dataset":"park-private","gu":"성동구","species":"이태리포플러","heightM":11.0,"crownWidthM":6.0,"rawHeight":11.0,"rawCrownWidth":6.0,"quality":"valid","sourceYear":2013},"geometry":{"type":"Point","coordinates":[127.03979517,37.55563642]}},{"type":"Feature","id":"park-private-11268","properties":{"id":"park-private-11268","dataset":"park-private","gu":"성동구","species":"감나무","heightM":6.0,"crownWidthM":8.0,"rawHeight":6.0,"rawCrownWidth":8.0,"quality":"valid","sourceYear":2013},"geometry":{"type":"Point","coordinates":[127.03024718,37.55861279]}},{"type":"Feature","id":"park-private-11278","properties":{"id":"park-private-11278","dataset":"park-private","gu":"성동구","species":"메타세쿼이아","heightM":18.0,"crownWidthM":8.0,"rawHeight":18.0,"rawCrownWidth":8.0,"quality":"valid","sourceYear":2013},"geometry":{"type":"Point","coordinates":[127.03422597,37.55188577]}},{"type":"Feature","id":"park-private-11308","properties":{"id":"park-private-11308","dataset":"park-private","gu":"성동구","species":"은행나무","heightM":14.0,"crownWidthM":7.0,"rawHeight":14.0,"rawCrownWidth":7.0,"quality":"valid","sourceYear":2013},"geometry":{"type":"Point","coordinates":[127.03964615,37.55842447]}},{"type":"Feature","id":"park-private-11331","properties":{"id":"park-private-11331","dataset":"park-private","gu":"성동구","species":"양버즘나무","heightM":12.0,"crownWidthM":8.0,"rawHeight":12.0,"rawCrownWidth":8.0,"quality":"valid","sourceYear":2013},"geometry":{"type":"Point","coordinates":[127.03267245,37.55170138]}},{"type":"Feature","id":"park-private-11373","properties":{"id":"park-private-11373","dataset":"park-private","gu":"성동구","species":"편백","heightM":9.0,"crownWidthM":6.0,"rawHeight":9.0,"rawCrownWidth":6.0,"quality":"valid","sourceYear":2013},"geometry":{"type":"Point","coordinates":[127.03249574,37.55720136]}},{"type":"Feature","id":"park-private-11383","properties":{"id":"park-private-11383","dataset":"park-private","gu":"성동구","species":"느티나무","heightM":9.0,"crownWidthM":7.0,"rawHeight":9.0,"rawCrownWidth":7.0,"quality":"valid","sourceYear":2013},"geometry":{"type":"Point","coordinates":[127.0374503,37.55746691]}},{"type":"Feature","id":"park-private-11396","properties":{"id":"park-private-11396","dataset":"park-private","gu":"성동구","species":"목련","heightM":7.0,"crownWidthM":7.0,"rawHeight":7.0,"rawCrownWidth":7.0,"quality":"valid","sourceYear":2013},"geometry":{"type":"Point","coordinates":[127.03469329,37.55803392]}},{"type":"Feature","id":"park-private-11400","properties":{"id":"park-private-11400","dataset":"park-private","gu":"성동구","species":"느티나무","heightM":7.0,"crownWidthM":12.0,"rawHeight":7.0,"rawCrownWidth":12.0,"quality":"valid","sourceYear":2013},"geometry":{"type":"Point","coordinates":[127.03754507,37.55748708]}},{"type":"Feature","id":"park-private-11411","properties":{"id":"park-private-11411","dataset":"park-private","gu":"성동구","species":"향나무","heightM":7.0,"crownWidthM":6.0,"rawHeight":7.0,"rawCrownWidth":6.0,"quality":"valid","sourceYear":2013},"geometry":{"type":"Point","coordinates":[127.03383885,37.55715061]}},{"type":"Feature","id":"park-private-11419","properties":{"id":"park-private-11419","dataset":"park-private","gu":"성동구","species":"양버즘나무","heightM":9.0,"crownWidthM":6.0,"rawHeight":9.0,"rawCrownWidth":6.0,"quality":"valid","sourceYear":2013},"geometry":{"type":"Point","coordinates":[127.03717113,37.55757342]}},{"type":"Feature","id":"park-private-11421","properties":{"id":"park-private-11421","dataset":"park-private","gu":"성동구","species":"은행나무","heightM":10.0,"crownWidthM":8.0,"rawHeight":10.0,"rawCrownWidth":8.0,"quality":"valid","sourceYear":2013},"geometry":{"type":"Point","coordinates":[127.03022731,37.55873365]}},{"type":"Feature","id":"park-private-11461","properties":{"id":"park-private-11461","dataset":"park-private","gu":"성동구","species":"양버즘나무","heightM":13.0,"crownWidthM":6.0,"rawHeight":13.0,"rawCrownWidth":6.0,"quality":"valid","sourceYear":2013},"geometry":{"type":"Point","coordinates":[127.0374246,37.55810129]}},{"type":"Feature","id":"park-private-11489","properties":{"id":"park-private-11489","dataset":"park-private","gu":"성동구","species":"양버즘나무","heightM":10.0,"crownWidthM":7.0,"rawHeight":10.0,"rawCrownWidth":7.0,"quality":"valid","sourceYear":2013},"geometry":{"type":"Point","coordinates":[127.03734372,37.55753564]}},{"type":"Feature","id":"park-private-11522","properties":{"id":"park-private-11522","dataset":"park-private","gu":"성동구","species":"미루나무","heightM":16.0,"crownWidthM":11.0,"rawHeight":16.0,"rawCrownWidth":11.0,"quality":"valid","sourceYear":2013},"geometry":{"type":"Point","coordinates":[127.03955322,37.55378539]}},{"type":"Feature","id":"park-private-11523","properties":{"id":"park-private-11523","dataset":"park-private","gu":"성동구","species":"일본목련","heightM":8.0,"crownWidthM":6.0,"rawHeight":8.0,"rawCrownWidth":6.0,"quality":"valid","sourceYear":2013},"geometry":{"type":"Point","coordinates":[127.03806637,37.55492308]}},{"type":"Feature","id":"park-private-11547","properties":{"id":"park-private-11547","dataset":"park-private","gu":"성동구","species":"향나무","heightM":5.0,"crownWidthM":7.0,"rawHeight":5.0,"rawCrownWidth":7.0,"quality":"valid","sourceYear":2013},"geometry":{"type":"Point","coordinates":[127.03231992,37.55764435]}},{"type":"Feature","id":"park-private-11551","properties":{"id":"park-private-11551","dataset":"park-private","gu":"성동구","species":"은행나무","heightM":11.0,"crownWidthM":8.0,"rawHeight":11.0,"rawCrownWidth":8.0,"quality":"valid","sourceYear":2013},"geometry":{"type":"Point","coordinates":[127.038062,37.55446]}},{"type":"Feature","id":"park-private-11554","properties":{"id":"park-private-11554","dataset":"park-private","gu":"성동구","species":"중국단풍","heightM":8.0,"crownWidthM":7.0,"rawHeight":8.0,"rawCrownWidth":7.0,"quality":"valid","sourceYear":2013},"geometry":{"type":"Point","coordinates":[127.03364707,37.55246657]}},{"type":"Feature","id":"park-private-11585","properties":{"id":"park-private-11585","dataset":"park-private","gu":"성동구","species":"메타세쿼이아","heightM":18.0,"crownWidthM":8.0,"rawHeight":18.0,"rawCrownWidth":8.0,"quality":"valid","sourceYear":2013},"geometry":{"type":"Point","coordinates":[127.03407428,37.55182427]}},{"type":"Feature","id":"park-private-11636","properties":{"id":"park-private-11636","dataset":"park-private","gu":"성동구","species":"은행나무","heightM":12.0,"crownWidthM":8.0,"rawHeight":12.0,"rawCrownWidth":8.0,"quality":"valid","sourceYear":2013},"geometry":{"type":"Point","coordinates":[127.03240474,37.5571193]}},{"type":"Feature","id":"park-private-11643","properties":{"id":"park-private-11643","dataset":"park-private","gu":"성동구","species":"양버즘나무","heightM":8.0,"crownWidthM":3.0,"rawHeight":8.0,"rawCrownWidth":3.0,"quality":"valid","sourceYear":2013},"geometry":{"type":"Point","coordinates":[127.03435742,37.55712396]}},{"type":"Feature","id":"park-private-11653","properties":{"id":"park-private-11653","dataset":"park-private","gu":"성동구","species":"벚나무","heightM":9.0,"crownWidthM":6.0,"rawHeight":9.0,"rawCrownWidth":6.0,"quality":"valid","sourceYear":2013},"geometry":{"type":"Point","coordinates":[127.03393879,37.55697113]}},{"type":"Feature","id":"park-private-11719","properties":{"id":"park-private-11719","dataset":"park-private","gu":"성동구","species":"중국단풍","heightM":7.0,"crownWidthM":7.0,"rawHeight":7.0,"rawCrownWidth":7.0,"quality":"valid","sourceYear":2013},"geometry":{"type":"Point","coordinates":[127.03279592,37.55161754]}},{"type":"Feature","id":"park-private-11726","properties":{"id":"park-private-11726","dataset":"park-private","gu":"성동구","species":"은사시나무","heightM":7.0,"crownWidthM":4.0,"rawHeight":7.0,"rawCrownWidth":4.0,"quality":"valid","sourceYear":2013},"geometry":{"type":"Point","coordinates":[127.03956511,37.55718784]}},{"type":"Feature","id":"park-private-11745","properties":{"id":"park-private-11745","dataset":"park-private","gu":"성동구","species":"은행나무","heightM":12.0,"crownWidthM":6.0,"rawHeight":12.0,"rawCrownWidth":6.0,"quality":"valid","sourceYear":2013},"geometry":{"type":"Point","coordinates":[127.03566921,37.5596166]}},{"type":"Feature","id":"park-private-11781","properties":{"id":"park-private-11781","dataset":"park-private","gu":"성동구","species":"은행나무","heightM":13.0,"crownWidthM":8.0,"rawHeight":13.0,"rawCrownWidth":8.0,"quality":"valid","sourceYear":2013},"geometry":{"type":"Point","coordinates":[127.03243505,37.55707102]}},{"type":"Feature","id":"park-private-11782","properties":{"id":"park-private-11782","dataset":"park-private","gu":"성동구","species":"편백","heightM":11.0,"crownWidthM":7.0,"rawHeight":11.0,"rawCrownWidth":7.0,"quality":"valid","sourceYear":2013},"geometry":{"type":"Point","coordinates":[127.03253213,37.55720136]}},{"type":"Feature","id":"park-private-11786","properties":{"id":"park-private-11786","dataset":"park-private","gu":"성동구","species":"은행나무","heightM":11.0,"crownWidthM":11.0,"rawHeight":11.0,"rawCrownWidth":11.0,"quality":"valid","sourceYear":2013},"geometry":{"type":"Point","coordinates":[127.03307085,37.55669359]}},{"type":"Feature","id":"park-private-11788","properties":{"id":"park-private-11788","dataset":"park-private","gu":"성동구","species":"양버즘나무","heightM":7.0,"crownWidthM":3.0,"rawHeight":7.0,"rawCrownWidth":3.0,"quality":"valid","sourceYear":2013},"geometry":{"type":"Point","coordinates":[127.03438487,37.5568346]}},{"type":"Feature","id":"park-private-11923","properties":{"id":"park-private-11923","dataset":"park-private","gu":"성동구","species":"오동나무","heightM":7.0,"crownWidthM":7.0,"rawHeight":7.0,"rawCrownWidth":7.0,"quality":"valid","sourceYear":2013},"geometry":{"type":"Point","coordinates":[127.03024719,37.55866324]}},{"type":"Feature","id":"park-private-11925","properties":{"id":"park-private-11925","dataset":"park-private","gu":"성동구","species":"모과나무","heightM":16.0,"crownWidthM":9.0,"rawHeight":16.0,"rawCrownWidth":9.0,"quality":"valid","sourceYear":2013},"geometry":{"type":"Point","coordinates":[127.03278689,37.55718442]}},{"type":"Feature","id":"park-private-11941","properties":{"id":"park-private-11941","dataset":"park-private","gu":"성동구","species":"메타세쿼이아","heightM":18.0,"crownWidthM":8.0,"rawHeight":18.0,"rawCrownWidth":8.0,"quality":"valid","sourceYear":2013},"geometry":{"type":"Point","coordinates":[127.03408183,37.55179291]}},{"type":"Feature","id":"park-private-11952","properties":{"id":"park-private-11952","dataset":"park-private","gu":"성동구","species":"벚나무","heightM":7.0,"crownWidthM":8.0,"rawHeight":7.0,"rawCrownWidth":8.0,"quality":"valid","sourceYear":2013},"geometry":{"type":"Point","coordinates":[127.03389847,37.55739271]}},{"type":"Feature","id":"park-private-11968","properties":{"id":"park-private-11968","dataset":"park-private","gu":"성동구","species":"양버즘나무","heightM":10.0,"crownWidthM":8.0,"rawHeight":10.0,"rawCrownWidth":8.0,"quality":"valid","sourceYear":2013},"geometry":{"type":"Point","coordinates":[127.03584337,37.55168867]}},{"type":"Feature","id":"park-private-11972","properties":{"id":"park-private-11972","dataset":"park-private","gu":"성동구","species":"은사시나무","heightM":7.0,"crownWidthM":4.0,"rawHeight":7.0,"rawCrownWidth":4.0,"quality":"valid","sourceYear":2013},"geometry":{"type":"Point","coordinates":[127.03957997,37.55712012]}},{"type":"Feature","id":"park-private-12024","properties":{"id":"park-private-12024","dataset":"park-private","gu":"성동구","species":"은행나무","heightM":12.0,"crownWidthM":6.0,"rawHeight":12.0,"rawCrownWidth":6.0,"quality":"valid","sourceYear":2013},"geometry":{"type":"Point","coordinates":[127.03201653,37.55715797]}},{"type":"Feature","id":"park-private-12025","properties":{"id":"park-private-12025","dataset":"park-private","gu":"성동구","species":"목련","heightM":8.0,"crownWidthM":6.0,"rawHeight":8.0,"rawCrownWidth":6.0,"quality":"valid","sourceYear":2013},"geometry":{"type":"Point","coordinates":[127.03313878,37.55806422]}},{"type":"Feature","id":"park-private-12033","properties":{"id":"park-private-12033","dataset":"park-private","gu":"성동구","species":"오동나무","heightM":15.0,"crownWidthM":7.0,"rawHeight":15.0,"rawCrownWidth":7.0,"quality":"valid","sourceYear":2013},"geometry":{"type":"Point","coordinates":[127.03222589,37.55756108]}},{"type":"Feature","id":"park-private-12045","properties":{"id":"park-private-12045","dataset":"park-private","gu":"성동구","species":"은행나무","heightM":9.0,"crownWidthM":4.0,"rawHeight":9.0,"rawCrownWidth":4.0,"quality":"valid","sourceYear":2013},"geometry":{"type":"Point","coordinates":[127.03753152,37.55745207]}},{"type":"Feature","id":"park-private-12060","properties":{"id":"park-private-12060","dataset":"park-private","gu":"성동구","species":"메타세쿼이아","heightM":18.0,"crownWidthM":8.0,"rawHeight":18.0,"rawCrownWidth":8.0,"quality":"valid","sourceYear":2013},"geometry":{"type":"Point","coordinates":[127.03423956,37.55183631]}},{"type":"Feature","id":"park-private-12061","properties":{"id":"park-private-12061","dataset":"park-private","gu":"성동구","species":"메타세쿼이아","heightM":18.0,"crownWidthM":8.0,"rawHeight":18.0,"rawCrownWidth":8.0,"quality":"valid","sourceYear":2013},"geometry":{"type":"Point","coordinates":[127.03409537,37.55170365]}},{"type":"Feature","id":"park-private-12062","properties":{"id":"park-private-12062","dataset":"park-private","gu":"성동구","species":"양버즘나무","heightM":10.0,"crownWidthM":7.0,"rawHeight":10.0,"rawCrownWidth":7.0,"quality":"valid","sourceYear":2013},"geometry":{"type":"Point","coordinates":[127.0358179,37.55185543]}},{"type":"Feature","id":"park-private-12110","properties":{"id":"park-private-12110","dataset":"park-private","gu":"성동구","species":"양버즘나무","heightM":9.0,"crownWidthM":6.0,"rawHeight":9.0,"rawCrownWidth":6.0,"quality":"valid","sourceYear":2013},"geometry":{"type":"Point","coordinates":[127.0374249,37.55742517]}},{"type":"Feature","id":"park-private-12136","properties":{"id":"park-private-12136","dataset":"park-private","gu":"성동구","species":"중국단풍","heightM":15.0,"crownWidthM":9.0,"rawHeight":15.0,"rawCrownWidth":9.0,"quality":"valid","sourceYear":2013},"geometry":{"type":"Point","coordinates":[127.03803213,37.55408668]}},{"type":"Feature","id":"park-private-12244","properties":{"id":"park-private-12244","dataset":"park-private","gu":"성동구","species":"은행나무","heightM":11.0,"crownWidthM":5.0,"rawHeight":11.0,"rawCrownWidth":5.0,"quality":"valid","sourceYear":2013},"geometry":{"type":"Point","coordinates":[127.03635474,37.55961887]}},{"type":"Feature","id":"park-private-12287","properties":{"id":"park-private-12287","dataset":"park-private","gu":"성동구","species":"메타세쿼이아","heightM":18.0,"crownWidthM":8.0,"rawHeight":18.0,"rawCrownWidth":8.0,"quality":"valid","sourceYear":2013},"geometry":{"type":"Point","coordinates":[127.03410433,37.55158785]}},{"type":"Feature","id":"park-private-12291","properties":{"id":"park-private-12291","dataset":"park-private","gu":"성동구","species":"이태리포플러","heightM":12.0,"crownWidthM":7.0,"rawHeight":12.0,"rawCrownWidth":7.0,"quality":"valid","sourceYear":2013},"geometry":{"type":"Point","coordinates":[127.03980148,37.55534766]}},{"type":"Feature","id":"park-private-12453","properties":{"id":"park-private-12453","dataset":"park-private","gu":"성동구","species":"은행나무","heightM":9.0,"crownWidthM":8.0,"rawHeight":9.0,"rawCrownWidth":8.0,"quality":"valid","sourceYear":2013},"geometry":{"type":"Point","coordinates":[127.03224379,37.55610424]}},{"type":"Feature","id":"park-private-12454","properties":{"id":"park-private-12454","dataset":"park-private","gu":"성동구","species":"양버즘나무","heightM":10.0,"crownWidthM":5.0,"rawHeight":10.0,"rawCrownWidth":5.0,"quality":"valid","sourceYear":2013},"geometry":{"type":"Point","coordinates":[127.03748973,37.55793471]}},{"type":"Feature","id":"park-private-12455","properties":{"id":"park-private-12455","dataset":"park-private","gu":"성동구","species":"가중나무","heightM":10.0,"crownWidthM":8.0,"rawHeight":10.0,"rawCrownWidth":8.0,"quality":"valid","sourceYear":2013},"geometry":{"type":"Point","coordinates":[127.03869572,37.5585136]}},{"type":"Feature","id":"park-private-12456","properties":{"id":"park-private-12456","dataset":"park-private","gu":"성동구","species":"밤나무","heightM":7.0,"crownWidthM":7.0,"rawHeight":7.0,"rawCrownWidth":7.0,"quality":"valid","sourceYear":2013},"geometry":{"type":"Point","coordinates":[127.03971564,37.55933724]}},{"type":"Feature","id":"park-private-12544","properties":{"id":"park-private-12544","dataset":"park-private","gu":"성동구","species":"메타세쿼이아","heightM":18.0,"crownWidthM":8.0,"rawHeight":18.0,"rawCrownWidth":8.0,"quality":"valid","sourceYear":2013},"geometry":{"type":"Point","coordinates":[127.03425449,37.55163367]}},{"type":"Feature","id":"park-private-12545","properties":{"id":"park-private-12545","dataset":"park-private","gu":"성동구","species":"메타세쿼이아","heightM":18.0,"crownWidthM":8.0,"rawHeight":18.0,"rawCrownWidth":8.0,"quality":"valid","sourceYear":2013},"geometry":{"type":"Point","coordinates":[127.03404561,37.55194127]}},{"type":"Feature","id":"park-private-12647","properties":{"id":"park-private-12647","dataset":"park-private","gu":"성동구","species":"버드나무","heightM":12.0,"crownWidthM":9.0,"rawHeight":12.0,"rawCrownWidth":9.0,"quality":"valid","sourceYear":2013},"geometry":{"type":"Point","coordinates":[127.03202812,37.55165799]}},{"type":"Feature","id":"park-private-12731","properties":{"id":"park-private-12731","dataset":"park-private","gu":"성동구","species":"양버즘나무","heightM":9.0,"crownWidthM":6.0,"rawHeight":9.0,"rawCrownWidth":6.0,"quality":"valid","sourceYear":2013},"geometry":{"type":"Point","coordinates":[127.0371119,37.55756671]}},{"type":"Feature","id":"park-private-12732","properties":{"id":"park-private-12732","dataset":"park-private","gu":"성동구","species":"목련","heightM":9.0,"crownWidthM":7.0,"rawHeight":9.0,"rawCrownWidth":7.0,"quality":"valid","sourceYear":2013},"geometry":{"type":"Point","coordinates":[127.03376445,37.5573504]}},{"type":"Feature","id":"park-private-12799","properties":{"id":"park-private-12799","dataset":"park-private","gu":"성동구","species":"참오동","heightM":8.0,"crownWidthM":7.0,"rawHeight":8.0,"rawCrownWidth":7.0,"quality":"valid","sourceYear":2013},"geometry":{"type":"Point","coordinates":[127.03236537,37.5574126]}},{"type":"Feature","id":"park-private-12800","properties":{"id":"park-private-12800","dataset":"park-private","gu":"성동구","species":"은행나무","heightM":15.0,"crownWidthM":9.0,"rawHeight":15.0,"rawCrownWidth":9.0,"quality":"valid","sourceYear":2013},"geometry":{"type":"Point","coordinates":[127.0320287,37.55731367]}},{"type":"Feature","id":"park-private-12802","properties":{"id":"park-private-12802","dataset":"park-private","gu":"성동구","species":"이태리포플러","heightM":12.0,"crownWidthM":9.0,"rawHeight":12.0,"rawCrownWidth":9.0,"quality":"valid","sourceYear":2013},"geometry":{"type":"Point","coordinates":[127.03862023,37.55854237]}},{"type":"Feature","id":"park-private-12803","properties":{"id":"park-private-12803","dataset":"park-private","gu":"성동구","species":"은행나무","heightM":14.0,"crownWidthM":7.0,"rawHeight":14.0,"rawCrownWidth":7.0,"quality":"valid","sourceYear":2013},"geometry":{"type":"Point","coordinates":[127.03965847,37.55844342]}},{"type":"Feature","id":"park-private-13101","properties":{"id":"park-private-13101","dataset":"park-private","gu":"성동구","species":"은행나무","heightM":14.0,"crownWidthM":7.0,"rawHeight":14.0,"rawCrownWidth":7.0,"quality":"valid","sourceYear":2013},"geometry":{"type":"Point","coordinates":[127.03961249,37.55840749]}},{"type":"Feature","id":"park-private-13477","properties":{"id":"park-private-13477","dataset":"park-private","gu":"성동구","species":"편백","heightM":11.0,"crownWidthM":11.0,"rawHeight":11.0,"rawCrownWidth":11.0,"quality":"valid","sourceYear":2013},"geometry":{"type":"Point","coordinates":[127.03272928,37.55722306]}},{"type":"Feature","id":"park-private-13785","properties":{"id":"park-private-13785","dataset":"park-private","gu":"성동구","species":"은행나무","heightM":14.0,"crownWidthM":7.0,"rawHeight":14.0,"rawCrownWidth":7.0,"quality":"valid","sourceYear":2013},"geometry":{"type":"Point","coordinates":[127.03346543,37.55797533]}},{"type":"Feature","id":"park-private-13786","properties":{"id":"park-private-13786","dataset":"park-private","gu":"성동구","species":"은행나무","heightM":14.0,"crownWidthM":7.0,"rawHeight":14.0,"rawCrownWidth":7.0,"quality":"valid","sourceYear":2013},"geometry":{"type":"Point","coordinates":[127.0396314,37.55846891]}},{"type":"Feature","id":"park-private-13788","properties":{"id":"park-private-13788","dataset":"park-private","gu":"성동구","species":"양버즘나무","heightM":10.0,"crownWidthM":7.0,"rawHeight":10.0,"rawCrownWidth":7.0,"quality":"valid","sourceYear":2013},"geometry":{"type":"Point","coordinates":[127.03739271,37.55733899]}},{"type":"Feature","id":"park-private-14144","properties":{"id":"park-private-14144","dataset":"park-private","gu":"성동구","species":"감나무","heightM":8.0,"crownWidthM":11.0,"rawHeight":8.0,"rawCrownWidth":11.0,"quality":"valid","sourceYear":2013},"geometry":{"type":"Point","coordinates":[127.03342192,37.55710157]}},{"type":"Feature","id":"park-private-14145","properties":{"id":"park-private-14145","dataset":"park-private","gu":"성동구","species":"편백","heightM":5.0,"crownWidthM":5.0,"rawHeight":5.0,"rawCrownWidth":5.0,"quality":"valid","sourceYear":2013},"geometry":{"type":"Point","coordinates":[127.03369628,37.55691021]}},{"type":"Feature","id":"park-private-14146","properties":{"id":"park-private-14146","dataset":"park-private","gu":"성동구","species":"은행나무","heightM":11.0,"crownWidthM":7.0,"rawHeight":11.0,"rawCrownWidth":7.0,"quality":"valid","sourceYear":2013},"geometry":{"type":"Point","coordinates":[127.03330063,37.55691196]}},{"type":"Feature","id":"park-private-14317","properties":{"id":"park-private-14317","dataset":"park-private","gu":"성동구","species":"목련","heightM":5.0,"crownWidthM":6.0,"rawHeight":5.0,"rawCrownWidth":6.0,"quality":"valid","sourceYear":2013},"geometry":{"type":"Point","coordinates":[127.03092518,37.55942954]}},{"type":"Feature","id":"park-private-14320","properties":{"id":"park-private-14320","dataset":"park-private","gu":"성동구","species":"은행나무","heightM":7.0,"crownWidthM":7.0,"rawHeight":7.0,"rawCrownWidth":7.0,"quality":"valid","sourceYear":2013},"geometry":{"type":"Point","coordinates":[127.03192555,37.55715799]}},{"type":"Feature","id":"park-private-14324","properties":{"id":"park-private-14324","dataset":"park-private","gu":"성동구","species":"은행나무","heightM":10.0,"crownWidthM":5.0,"rawHeight":10.0,"rawCrownWidth":5.0,"quality":"valid","sourceYear":2013},"geometry":{"type":"Point","coordinates":[127.03355733,37.55790476]}},{"type":"Feature","id":"park-private-14325","properties":{"id":"park-private-14325","dataset":"park-private","gu":"성동구","species":"이태리포플러","heightM":12.0,"crownWidthM":9.0,"rawHeight":12.0,"rawCrownWidth":9.0,"quality":"valid","sourceYear":2013},"geometry":{"type":"Point","coordinates":[127.03847581,37.55861036]}},{"type":"Feature","id":"park-private-14451","properties":{"id":"park-private-14451","dataset":"park-private","gu":"성동구","species":"느티나무","heightM":8.0,"crownWidthM":7.0,"rawHeight":8.0,"rawCrownWidth":7.0,"quality":"valid","sourceYear":2013},"geometry":{"type":"Point","coordinates":[127.03734708,37.55748042]}},{"type":"Feature","id":"park-private-14452","properties":{"id":"park-private-14452","dataset":"park-private","gu":"성동구","species":"목련","heightM":7.0,"crownWidthM":7.0,"rawHeight":7.0,"rawCrownWidth":7.0,"quality":"valid","sourceYear":2013},"geometry":{"type":"Point","coordinates":[127.032939,37.55682736]}},{"type":"Feature","id":"park-private-14490","properties":{"id":"park-private-14490","dataset":"park-private","gu":"성동구","species":"중국단풍","heightM":18.0,"crownWidthM":9.0,"rawHeight":18.0,"rawCrownWidth":9.0,"quality":"valid","sourceYear":2013},"geometry":{"type":"Point","coordinates":[127.0339905,37.55361104]}},{"type":"Feature","id":"park-private-14681","properties":{"id":"park-private-14681","dataset":"park-private","gu":"성동구","species":"이태리포플러","heightM":12.0,"crownWidthM":9.0,"rawHeight":12.0,"rawCrownWidth":9.0,"quality":"valid","sourceYear":2013},"geometry":{"type":"Point","coordinates":[127.03853489,37.55858421]}},{"type":"Feature","id":"park-private-14817","properties":{"id":"park-private-14817","dataset":"park-private","gu":"성동구","species":"가중나무","heightM":9.0,"crownWidthM":11.0,"rawHeight":9.0,"rawCrownWidth":11.0,"quality":"valid","sourceYear":2013},"geometry":{"type":"Point","coordinates":[127.03374174,37.55948885]}},{"type":"Feature","id":"park-private-14860","properties":{"id":"park-private-14860","dataset":"park-private","gu":"성동구","species":"메타세쿼이아","heightM":18.0,"crownWidthM":8.0,"rawHeight":18.0,"rawCrownWidth":8.0,"quality":"valid","sourceYear":2013},"geometry":{"type":"Point","coordinates":[127.03425008,37.55175429]}},{"type":"Feature","id":"park-private-14868","properties":{"id":"park-private-14868","dataset":"park-private","gu":"성동구","species":"편백","heightM":11.0,"crownWidthM":6.0,"rawHeight":11.0,"rawCrownWidth":6.0,"quality":"valid","sourceYear":2013},"geometry":{"type":"Point","coordinates":[127.03259582,37.55719652]}},{"type":"Feature","id":"park-private-15077","properties":{"id":"park-private-15077","dataset":"park-private","gu":"성동구","species":"양버즘나무","heightM":11.0,"crownWidthM":6.0,"rawHeight":11.0,"rawCrownWidth":6.0,"quality":"valid","sourceYear":2013},"geometry":{"type":"Point","coordinates":[127.03708142,37.5575142]}},{"type":"Feature","id":"park-private-15189","properties":{"id":"park-private-15189","dataset":"park-private","gu":"성동구","species":"메타세쿼이아","heightM":18.0,"crownWidthM":8.0,"rawHeight":18.0,"rawCrownWidth":8.0,"quality":"valid","sourceYear":2013},"geometry":{"type":"Point","coordinates":[127.0341867,37.55201246]}},{"type":"Feature","id":"park-private-15190","properties":{"id":"park-private-15190","dataset":"park-private","gu":"성동구","species":"메타세쿼이아","heightM":18.0,"crownWidthM":8.0,"rawHeight":18.0,"rawCrownWidth":8.0,"quality":"valid","sourceYear":2013},"geometry":{"type":"Point","coordinates":[127.03405618,37.55190388]}},{"type":"Feature","id":"park-private-15191","properties":{"id":"park-private-15191","dataset":"park-private","gu":"성동구","species":"은행나무","heightM":10.0,"crownWidthM":9.0,"rawHeight":10.0,"rawCrownWidth":9.0,"quality":"valid","sourceYear":2013},"geometry":{"type":"Point","coordinates":[127.03400314,37.55192319]}},{"type":"Feature","id":"park-private-15193","properties":{"id":"park-private-15193","dataset":"park-private","gu":"성동구","species":"오동나무","heightM":9.0,"crownWidthM":10.0,"rawHeight":9.0,"rawCrownWidth":10.0,"quality":"valid","sourceYear":2013},"geometry":{"type":"Point","coordinates":[127.03068264,37.55874822]}},{"type":"Feature","id":"park-private-15198","properties":{"id":"park-private-15198","dataset":"park-private","gu":"성동구","species":"은행나무","heightM":10.0,"crownWidthM":7.0,"rawHeight":10.0,"rawCrownWidth":7.0,"quality":"valid","sourceYear":2013},"geometry":{"type":"Point","coordinates":[127.03366566,37.55782635]}},{"type":"Feature","id":"park-private-15199","properties":{"id":"park-private-15199","dataset":"park-private","gu":"성동구","species":"은행나무","heightM":14.0,"crownWidthM":7.0,"rawHeight":14.0,"rawCrownWidth":7.0,"quality":"valid","sourceYear":2013},"geometry":{"type":"Point","coordinates":[127.03960597,37.55849048]}},{"type":"Feature","id":"park-private-165035","properties":{"id":"park-private-165035","dataset":"park-private","gu":"성동구","species":"메타세쿼이아","heightM":18.0,"crownWidthM":8.0,"rawHeight":18.0,"rawCrownWidth":8.0,"quality":"valid","sourceYear":2013},"geometry":{"type":"Point","coordinates":[127.03425301,37.55166986]}},{"type":"Feature","id":"park-private-165111","properties":{"id":"park-private-165111","dataset":"park-private","gu":"성동구","species":"은행나무","heightM":10.0,"crownWidthM":8.0,"rawHeight":10.0,"rawCrownWidth":8.0,"quality":"valid","sourceYear":2013},"geometry":{"type":"Point","coordinates":[127.03575375,37.55899852]}},{"type":"Feature","id":"park-private-166307","properties":{"id":"park-private-166307","dataset":"park-private","gu":"성동구","species":"가래나무","heightM":9.0,"crownWidthM":8.0,"rawHeight":9.0,"rawCrownWidth":8.0,"quality":"valid","sourceYear":2013},"geometry":{"type":"Point","coordinates":[127.03364461,37.55893554]}},{"type":"Feature","id":"park-private-167221","properties":{"id":"park-private-167221","dataset":"park-private","gu":"성동구","species":"양버즘나무","heightM":12.0,"crownWidthM":9.0,"rawHeight":12.0,"rawCrownWidth":9.0,"quality":"valid","sourceYear":2013},"geometry":{"type":"Point","coordinates":[127.0347701,37.55603116]}}]}