{"type":"FeatureCollection","features":[{"type":"Feature","id":"seoul-building-3871","properties":{"id":"seoul-building-3871","sourceId":"1984194086894462411900000000","pnu":"1156011000100530011","name":"서울특별시 영등포구 여의도동","address":"서울특별시 영등포구 여의도동","useName":"제2종근린생활시설","floors":7.0,"height":23.4,"heightSource":"estimated","heightRaw":0.0,"sourceDate":"2026-09-09"},"geometry":{"type":"Polygon","coordinates":[[[126.93392625,37.51852718],[126.93406495,37.51838022],[126.93405839,37.51837634],[126.93406269,37.51837184],[126.93393452,37.5182952],[126.93397865,37.51824799],[126.9339185,37.51821273],[126.93387038,37.51826505],[126.93387064,37.5182652],[126.93384717,37.51829],[126.93384163,37.51828675],[126.93375218,37.51838212],[126.9337679,37.51839042],[126.93375861,37.51840159],[126.93374764,37.51839419],[126.93373225,37.51840887],[126.93379104,37.51844404],[126.93378628,37.51844909],[126.9339146,37.51852592],[126.93391799,37.51852223],[126.93392625,37.51852718]]]}},{"type":"Feature","id":"seoul-building-23329","properties":{"id":"seoul-building-23329","sourceId":"1993193784364454580800000000","pnu":"1159010800105030000","name":"대방주공영구임대아파트","address":"서울특별시 동작구 대방동","useName":"공동주택","floors":15.0,"height":41.3,"heightSource":"measured","heightRaw":41.3,"sourceDate":"2026-09-09"},"geometry":{"type":"Polygon","coordinates":[[[126.93037328,37.51116769],[126.93028822,37.51123662],[126.93028822,37.51124027],[126.93033095,37.51127466],[126.93032795,37.51128056],[126.93033977,37.51129127],[126.9303472,37.51128677],[126.93041784,37.51134031],[126.93041536,37.51134425],[126.93046145,37.51138229],[126.93046817,37.51138258],[126.93047188,37.51138061],[126.93053687,37.51142935],[126.93053262,37.51143752],[126.93054339,37.51144795],[126.93055117,37.51144457],[126.93059567,37.51147866],[126.93059991,37.51147866],[126.93068799,37.51140832],[126.93037328,37.51116769]]]}},{"type":"Feature","id":"seoul-building-64452","properties":{"id":"seoul-building-64452","sourceId":"1995194514174455231500000000","pnu":"1159010100102440054","name":"서울특별시 동작구 노량진동","address":"서울특별시 동작구 노량진동","useName":"제2종근린생활시설","floors":1.0,"height":4.2,"heightSource":"estimated","heightRaw":0.0,"sourceDate":"2026-09-09"},"geometry":{"type":"Polygon","coordinates":[[[126.93868763,37.51186494],[126.93866001,37.51193305],[126.93878439,37.51197085],[126.93881768,37.51188753],[126.93876627,37.51187371],[126.93876201,37.51188553],[126.93868763,37.51186494]]]}},{"type":"Feature","id":"seoul-building-83706","properties":{"id":"seoul-building-83706","sourceId":"1990194340464455974300000000","pnu":"1159010100102610002","name":"서울특별시 동작구 노량진동","address":"서울특별시 동작구 노량진동","useName":"단독주택","floors":4.0,"height":14.0,"heightSource":"measured","heightRaw":14.0,"sourceDate":"2026-09-09"},"geometry":{"type":"Polygon","coordinates":[[[126.9368033,37.51252703],[126.93670838,37.51254781],[126.9367043,37.5125602],[126.93670749,37.51256724],[126.93669652,37.51257568],[126.93671592,37.51262469],[126.9367274,37.51262244],[126.9367357,37.51264385],[126.93683592,37.51262109],[126.93683098,37.51260729],[126.93684442,37.51260364],[126.9368386,37.51258815],[126.93685503,37.51258393],[126.93683741,37.51253577],[126.93681019,37.51254026],[126.9368033,37.51252703]]]}},{"type":"Feature","id":"seoul-building-90175","properties":{"id":"seoul-building-90175","sourceId":"2004194362744456399200000000","pnu":"1159010100100270002","name":"기독교TV멀티미디어센터","address":"서울특별시 동작구 노량진동","useName":"업무시설","floors":13.0,"height":71.5,"heightSource":"measured","heightRaw":71.5,"sourceDate":"2026-09-09"},"geometry":{"type":"Polygon","coordinates":[[[126.93671917,37.51309726],[126.93725997,37.51313366],[126.93729654,37.51280964],[126.93694488,37.51278589],[126.93693682,37.51286016],[126.93676927,37.51285042],[126.93675717,37.51296392],[126.93673367,37.51296276],[126.93671917,37.51309726]]]}},{"type":"Feature","id":"seoul-building-90187","properties":{"id":"seoul-building-90187","sourceId":"2005194620374456469300000000","pnu":"1159010100100450003","name":"노량진아이비빌딩","address":"서울특별시 동작구 노량진동","useName":"교육연구시설","floors":11.0,"height":39.15,"heightSource":"measured","heightRaw":39.15,"sourceDate":"2026-09-09"},"geometry":{"type":"Polygon","coordinates":[[[126.93999999,37.51318862],[126.94002041,37.5131472],[126.94003216,37.51310919],[126.94002863,37.51283774],[126.93999999,37.51284396],[126.9398648,37.51287889],[126.93982433,37.51311761],[126.93988514,37.51316733],[126.93993945,37.51324889],[126.93998037,37.5132122],[126.93998616,37.51321341],[126.93999999,37.51318862]]]}},{"type":"Feature","id":"seoul-building-91807","properties":{"id":"seoul-building-91807","sourceId":"1996193898904455074000000000","pnu":"1159010800100370002","name":"서울특별시 동작구 대방동","address":"서울특별시 동작구 대방동","useName":"제2종근린생활시설","floors":7.0,"height":24.48,"heightSource":"measured","heightRaw":24.48,"sourceDate":"2026-09-09"},"geometry":{"type":"Polygon","coordinates":[[[126.93171686,37.51165923],[126.9317122,37.5117209],[126.93169771,37.51172089],[126.93166661,37.51172058],[126.93166232,37.51178505],[126.93169288,37.51178846],[126.931733,37.51178904],[126.9317662,37.51182004],[126.93176584,37.51183693],[126.93176565,37.51184875],[126.93176564,37.5118572],[126.93176545,37.51186509],[126.93176951,37.51187381],[126.93177887,37.51188086],[126.93178911,37.51188706],[126.931796,37.51188988],[126.93180378,37.51189073],[126.93185892,37.51189273],[126.93185966,37.51185303],[126.93186755,37.5117345],[126.93178507,37.51166181],[126.93171686,37.51165923]]]}},{"type":"Feature","id":"seoul-building-99977","properties":{"id":"seoul-building-99977","sourceId":"1993194390124455407700000000","pnu":"1159010100102580010","name":"서울특별시 동작구 노량진동","address":"서울특별시 동작구 노량진동","useName":"단독주택","floors":3.0,"height":10.6,"heightSource":"estimated","heightRaw":0.0,"sourceDate":"2026-09-09"},"geometry":{"type":"Polygon","coordinates":[[[126.93736873,37.51202164],[126.93727929,37.51204412],[126.93729128,37.51207932],[126.93728386,37.51208101],[126.93729973,37.51212297],[126.93739906,37.51210049],[126.93736873,37.51202164]]]}},{"type":"Feature","id":"seoul-building-100052","properties":{"id":"seoul-building-100052","sourceId":"2000194540184454274400000000","pnu":"1159010100102460020","name":"서울특별시 동작구 노량진동","address":"서울특별시 동작구 노량진동","useName":"단독주택","floors":5.0,"height":13.7,"heightSource":"measured","heightRaw":13.7,"sourceDate":"2026-09-09"},"geometry":{"type":"Polygon","coordinates":[[[126.93899037,37.51104225],[126.93897586,37.51107256],[126.93907416,37.5111024],[126.9390943,37.51106031],[126.93907322,37.51102594],[126.93899712,37.51100284],[126.93897981,37.51103904],[126.93899037,37.51104225]]]}},{"type":"Feature","id":"seoul-building-100438","properties":{"id":"seoul-building-100438","sourceId":"1992194479484453442900000000","pnu":"1159010100102490089","name":"서울특별시 동작구 노량진동","address":"서울특별시 동작구 노량진동","useName":"단독주택","floors":2.0,"height":7.4,"heightSource":"estimated","heightRaw":0.0,"sourceDate":"2026-09-09"},"geometry":{"type":"Polygon","coordinates":[[[126.93835422,37.51025844],[126.93835422,37.51026548],[126.93830951,37.51026292],[126.93830577,37.51029643],[126.93829694,37.5102967],[126.9382957,37.51030571],[126.93828226,37.51030599],[126.93828188,37.51034006],[126.9383895,37.51034687],[126.93839501,37.51031027],[126.93840597,37.51031],[126.93841078,37.51026185],[126.93835422,37.51025844]]]}},{"type":"Feature","id":"seoul-building-154485","properties":{"id":"seoul-building-154485","sourceId":"0000194145304454277300000000","pnu":"1159010800100450014","name":"서울특별시 동작구 대방동","address":"서울특별시 동작구 대방동","useName":"창고시설","floors":0.0,"height":0,"heightSource":"unknown","heightRaw":0.0,"sourceDate":"2026-09-09"},"geometry":{"type":"Polygon","coordinates":[[[126.9345462,37.51098058],[126.93454146,37.51112615],[126.93459025,37.51112589],[126.93459709,37.51098229],[126.9345462,37.51098058]]]}},{"type":"Feature","id":"seoul-building-154603","properties":{"id":"seoul-building-154603","sourceId":"1982194133524454772600000000","pnu":"1159010800100450014","name":"서울특별시 동작구 대방동","address":"서울특별시 동작구 대방동","useName":"방송통신시설","floors":3.0,"height":11.6,"heightSource":"measured","heightRaw":11.6,"sourceDate":"2026-09-09"},"geometry":{"type":"Polygon","coordinates":[[[126.93423395,37.51113808],[126.93421069,37.51147932],[126.93427872,37.51148358],[126.93425135,37.511862],[126.93461027,37.51188105],[126.93464738,37.51127459],[126.93460815,37.51127513],[126.93461656,37.51115546],[126.93423395,37.51113808]]]}},{"type":"Feature","id":"seoul-building-174700","properties":{"id":"seoul-building-174700","sourceId":"1974194194564455904900000000","pnu":"1159010100102670048","name":"서울특별시 동작구 노량진동","address":"서울특별시 동작구 노량진동","useName":"단독주택","floors":3.0,"height":8.0,"heightSource":"measured","heightRaw":8.0,"sourceDate":"2026-09-09"},"geometry":{"type":"Polygon","coordinates":[[[126.93502739,37.51245032],[126.93501728,37.51248579],[126.93506888,37.5124954],[126.93510457,37.51250752],[126.93508188,37.51258156],[126.93518436,37.51260077],[126.93519429,37.51256417],[126.93518638,37.51252024],[126.93518022,37.51249152],[126.93517176,37.51246701],[126.93502739,37.51245032]]]}},{"type":"Feature","id":"seoul-building-175863","properties":{"id":"seoul-building-175863","sourceId":"2006194182934455961000000000","pnu":"1159010100102670048","name":"서울특별시 동작구 노량진동","address":"서울특별시 동작구 노량진동","useName":"단독주택","floors":3.0,"height":9.2,"heightSource":"measured","heightRaw":9.2,"sourceDate":"2026-09-09"},"geometry":{"type":"Polygon","coordinates":[[[126.93494922,37.51251391],[126.9349258,37.51260597],[126.93500002,37.51262009],[126.93501203,37.51262235],[126.93501557,37.51261362],[126.9350465,37.51261814],[126.93506121,37.51257451],[126.93504372,37.51256943],[126.93505082,37.51253143],[126.93500011,37.51252267],[126.93494922,37.51251391]]]}},{"type":"Feature","id":"seoul-building-188459","properties":{"id":"seoul-building-188459","sourceId":"1993194244724455842500000000","pnu":"1159010100102710004","name":"서울특별시 동작구 노량진동","address":"서울특별시 동작구 노량진동","useName":"단독주택","floors":5.0,"height":18.75,"heightSource":"measured","heightRaw":18.75,"sourceDate":"2026-09-09"},"geometry":{"type":"Polygon","coordinates":[[[126.93568363,37.51239916],[126.9356189,37.51247035],[126.9357127,37.51252475],[126.93576116,37.51247663],[126.93571648,37.51243915],[126.93572974,37.51242509],[126.93568363,37.51239916]]]}},{"type":"Feature","id":"seoul-building-189245","properties":{"id":"seoul-building-189245","sourceId":"1985194525804456615100000000","pnu":"1159010100100420011","name":"서울특별시 동작구 노량진동","address":"서울특별시 동작구 노량진동","useName":"제1종근린생활시설","floors":6.0,"height":26.9,"heightSource":"measured","heightRaw":26.9,"sourceDate":"2026-09-09"},"geometry":{"type":"Polygon","coordinates":[[[126.93876885,37.51324774],[126.93881693,37.51325057],[126.93903871,37.51326365],[126.93904317,37.51321043],[126.93902374,37.51320929],[126.93903391,37.51307894],[126.9387349,37.51306639],[126.9387349,37.51306302],[126.93870185,37.51306047],[126.93869507,37.5131348],[126.93871151,37.51313508],[126.93870951,37.5131945],[126.93872187,37.51321506],[126.93871973,37.5132449],[126.93876885,37.51324774]]]}},{"type":"Feature","id":"seoul-building-191775","properties":{"id":"seoul-building-191775","sourceId":"1994194218734455980200000000","pnu":"1159010100102660023","name":"서울특별시 동작구 노량진동","address":"서울특별시 동작구 노량진동","useName":"제2종근린생활시설","floors":6.0,"height":19.92,"heightSource":"measured","heightRaw":19.92,"sourceDate":"2026-09-09"},"geometry":{"type":"Polygon","coordinates":[[[126.93535005,37.51249752],[126.9353267,37.51253722],[126.93528231,37.51256196],[126.93527525,37.51255295],[126.93521884,37.51258474],[126.93524975,37.51262811],[126.93524284,37.51263233],[126.9352552,37.51264755],[126.93528809,37.51262955],[126.93529251,37.51263349],[126.9353551,37.51260227],[126.93541377,37.51260878],[126.93547609,37.51267836],[126.93555938,37.51263223],[126.93554984,37.51262096],[126.93556751,37.51261336],[126.93552248,37.5125773],[126.93548928,37.51255729],[126.93545412,37.5125401],[126.93542569,37.51252714],[126.93535005,37.51249752]]]}},{"type":"Feature","id":"seoul-building-207119","properties":{"id":"seoul-building-207119","sourceId":"1994194586574456492700000000","pnu":"1159010100100460006","name":"서울특별시 동작구 노량진동","address":"서울특별시 동작구 노량진동","useName":"제2종근린생활시설","floors":5.0,"height":25.0,"heightSource":"measured","heightRaw":25.0,"sourceDate":"2026-09-09"},"geometry":{"type":"Polygon","coordinates":[[[126.93949719,37.51300006],[126.93948719,37.51314196],[126.939595,37.51314736],[126.93960303,37.51303559],[126.93964915,37.51303871],[126.93965468,37.5129779],[126.93949916,37.51297078],[126.93949719,37.51300006]]]}},{"type":"Feature","id":"seoul-building-216594","properties":{"id":"seoul-building-216594","sourceId":"1984194055654462820900000000","pnu":"1156011000100530003","name":"서울특별시 영등포구 여의도동","address":"서울특별시 영등포구 여의도동","useName":"제2종근린생활시설","floors":7.0,"height":25.2,"heightSource":"measured","heightRaw":25.2,"sourceDate":"2026-09-09"},"geometry":{"type":"Polygon","coordinates":[[[126.93368544,37.51877104],[126.93348713,37.51864812],[126.93341172,37.51872944],[126.93346135,37.51875884],[126.93345864,37.51876262],[126.9336072,37.51885119],[126.93368544,37.51877104]]]}},{"type":"Feature","id":"seoul-building-216829","properties":{"id":"seoul-building-216829","sourceId":"2000194502434463595300000000","pnu":"1156011000100610005","name":"리버타워","address":"서울특별시 영등포구 여의도동","useName":"공동주택","floors":37.0,"height":110.15,"heightSource":"estimated","heightRaw":0.0,"sourceDate":"2026-09-09"},"geometry":{"type":"Polygon","coordinates":[[[126.93897813,37.51944776],[126.9385156,37.51915334],[126.93822112,37.51945628],[126.93869293,37.51974738],[126.93897813,37.51944776]]]}},{"type":"Feature","id":"seoul-building-250407","properties":{"id":"seoul-building-250407","sourceId":"1994194566994456269900000000","pnu":"1159010100100460006","name":"서울특별시 동작구 노량진동","address":"서울특별시 동작구 노량진동","useName":"교육연구시설","floors":7.0,"height":25.0,"heightSource":"measured","heightRaw":25.0,"sourceDate":"2026-09-09"},"geometry":{"type":"Polygon","coordinates":[[[126.9390395,37.51294971],[126.93904497,37.51296632],[126.93906119,37.51301419],[126.93926534,37.51296812],[126.93927222,37.51299488],[126.93935494,37.51297549],[126.93934578,37.51294873],[126.93965176,37.51288244],[126.93963024,37.51281542],[126.93965057,37.51281121],[126.93964969,37.51280924],[126.93962836,37.51275235],[126.93971586,37.51273184],[126.93969699,37.51267355],[126.93909829,37.51280924],[126.93897067,37.51283789],[126.93901192,37.51295532],[126.93903915,37.51294886],[126.9390395,37.51294971]]]}},{"type":"Feature","id":"seoul-building-250448","properties":{"id":"seoul-building-250448","sourceId":"1984194622734453715000000000","pnu":"1159010100102350002","name":"서울특별시 동작구 노량진동","address":"서울특별시 동작구 노량진동","useName":"제1종근린생활시설","floors":4.0,"height":13.8,"heightSource":"estimated","heightRaw":0.0,"sourceDate":"2026-09-09"},"geometry":{"type":"Polygon","coordinates":[[[126.94002286,37.51049046],[126.93999989,37.51049102],[126.9399094,37.5104921],[126.93991055,37.51059346],[126.93993813,37.51059263],[126.93993688,37.51061065],[126.93999997,37.51061096],[126.94002648,37.51061125],[126.94002286,37.51049046]]]}},{"type":"Feature","id":"seoul-building-294990","properties":{"id":"seoul-building-294990","sourceId":"1990194602914454901500000000","pnu":"1159010100102400006","name":"서울특별시 동작구 노량진동","address":"서울특별시 동작구 노량진동","useName":"단독주택","floors":2.0,"height":7.4,"heightSource":"estimated","heightRaw":0.0,"sourceDate":"2026-09-09"},"geometry":{"type":"Polygon","coordinates":[[[126.9397813,37.51156367],[126.93967044,37.51162274],[126.9396768,37.51163062],[126.9396814,37.51162866],[126.93972183,37.51167429],[126.9397632,37.51165376],[126.93975808,37.51164672],[126.93978602,37.5116318],[126.93977595,37.51162223],[126.93981414,37.51160142],[126.9397813,37.51156367]]]}},{"type":"Feature","id":"seoul-building-307191","properties":{"id":"seoul-building-307191","sourceId":"1965194398974454254400000000","pnu":"1159010100102520008","name":"서울특별시 동작구 노량진동","address":"서울특별시 동작구 노량진동","useName":"단독주택","floors":1.0,"height":4.2,"heightSource":"estimated","heightRaw":0.0,"sourceDate":"2026-09-09"},"geometry":{"type":"Polygon","coordinates":[[[126.93742262,37.51098579],[126.93741607,37.51099339],[126.93740477,37.51098691],[126.93736726,37.51102687],[126.93746177,37.5110869],[126.93750828,37.51104075],[126.93742262,37.51098579]]]}},{"type":"Feature","id":"seoul-building-371961","properties":{"id":"seoul-building-371961","sourceId":"2003193831924455319600000000","pnu":"1159010800105070000","name":"대방2차e-편한세상","address":"서울특별시 동작구 대방동","useName":"공동주택","floors":18.0,"height":51.8,"heightSource":"measured","heightRaw":51.8,"sourceDate":"2026-09-09"},"geometry":{"type":"Polygon","coordinates":[[[126.93118981,37.51170285],[126.93103199,37.51170557],[126.93103599,37.51196518],[126.930562,37.51196969],[126.93056523,37.51209189],[126.93071882,37.51209057],[126.93071917,37.51208691],[126.93074462,37.51208693],[126.93074462,37.51209086],[126.93104154,37.51208935],[126.93104209,37.51207245],[126.93106948,37.5120719],[126.93133391,37.512212],[126.93142061,37.51210928],[126.93118974,37.51198442],[126.93118981,37.51170285]]]}},{"type":"Feature","id":"seoul-building-383223","properties":{"id":"seoul-building-383223","sourceId":"1985194454154456658500000000","pnu":"1159010100100410005","name":"서울특별시 동작구 노량진동","address":"서울특별시 동작구 노량진동","useName":"제1종근린생활시설","floors":5.0,"height":17.0,"heightSource":"estimated","heightRaw":0.0,"sourceDate":"2026-09-09"},"geometry":{"type":"Polygon","coordinates":[[[126.93773383,37.51312669],[126.93772683,37.51323677],[126.93792001,37.51324815],[126.93838638,37.5132757],[126.9383893,37.51316308],[126.9379201,37.51313665],[126.93773383,37.51312669]]]}},{"type":"Feature","id":"seoul-building-383744","properties":{"id":"seoul-building-383744","sourceId":"1968194261214456369200000000","pnu":"1159010100100280008","name":"서울특별시 동작구 노량진동","address":"서울특별시 동작구 노량진동","useName":"제1종근린생활시설","floors":5.0,"height":17.0,"heightSource":"estimated","heightRaw":0.0,"sourceDate":"2026-09-09"},"geometry":{"type":"Polygon","coordinates":[[[126.93595117,37.51286923],[126.93581346,37.51289534],[126.93581345,37.51289872],[126.93580745,37.51289871],[126.93581215,37.51299473],[126.93592825,37.51300352],[126.93594123,37.51291427],[126.93594635,37.51291456],[126.93595117,37.51286923]]]}},{"type":"Feature","id":"seoul-building-391719","properties":{"id":"seoul-building-391719","sourceId":"1992194583044455842600000000","pnu":"1159010100100470002","name":"동작구청","address":"서울특별시 동작구 노량진동","useName":"업무시설","floors":6.0,"height":22.6,"heightSource":"estimated","heightRaw":0.0,"sourceDate":"2026-09-09"},"geometry":{"type":"Polygon","coordinates":[[[126.93916777,37.51255417],[126.93916935,37.51257782],[126.93945725,37.51257375],[126.93945813,37.51257713],[126.93951292,37.51257688],[126.93961206,37.51257608],[126.93961243,37.51257355],[126.93990262,37.51256862],[126.93989766,37.51235463],[126.93957654,37.51235673],[126.93957653,37.51236095],[126.93947368,37.51236118],[126.93916352,37.51236214],[126.93916492,37.51237988],[126.93912021,37.51238099],[126.93911908,37.51245419],[126.93913693,37.51245477],[126.93913637,37.51248743],[126.93913543,37.51255246],[126.9391676,37.51255248],[126.93916777,37.51255417]]]}},{"type":"Feature","id":"seoul-building-404349","properties":{"id":"seoul-building-404349","sourceId":"1981194593834456745200000000","pnu":"1159010100100440011","name":"서울특별시 동작구 노량진동","address":"서울특별시 동작구 노량진동","useName":"제1종근린생활시설","floors":3.0,"height":10.6,"heightSource":"estimated","heightRaw":0.0,"sourceDate":"2026-09-09"},"geometry":{"type":"Polygon","coordinates":[[[126.93947864,37.51321825],[126.93947186,37.51331033],[126.93982583,37.51333416],[126.93983435,37.5132984],[126.93980203,37.51325954],[126.93969882,37.51325244],[126.93970025,37.51324146],[126.93963168,37.51323692],[126.93963257,37.51322707],[126.93947864,37.51321825]]]}},{"type":"Feature","id":"seoul-building-408915","properties":{"id":"seoul-building-408915","sourceId":"1985193908754453885700000000","pnu":"1159010800100230161","name":"서울특별시 동작구 대방동","address":"서울특별시 동작구 대방동","useName":"제1종근린생활시설","floors":2.0,"height":7.6,"heightSource":"measured","heightRaw":7.6,"sourceDate":"2026-09-09"},"geometry":{"type":"Polygon","coordinates":[[[126.93185479,37.51083781],[126.9318541,37.51083907],[126.93192816,37.51084056],[126.93193682,37.51056719],[126.93186422,37.51056445],[126.93186501,37.51055741],[126.93184578,37.51055702],[126.93184551,37.51058355],[126.93186152,37.51058483],[126.93186137,37.51065436],[126.93183796,37.51065474],[126.93183841,37.51067899],[126.93184869,37.51067966],[126.93184953,37.51068869],[126.93185939,37.51068933],[126.93185479,37.51083781]]]}},{"type":"Feature","id":"seoul-building-410088","properties":{"id":"seoul-building-410088","sourceId":"0000194337944462288500000000","pnu":"1156011000100620000","name":"가톨릭대학교성모병원","address":"서울특별시 영등포구 여의도동","useName":"의료시설","floors":16.0,"height":60.65,"heightSource":"measured","heightRaw":60.65,"sourceDate":"2026-09-09"},"geometry":{"type":"Polygon","coordinates":[[[126.9371514,37.51845281],[126.93720994,37.51839131],[126.93720632,37.51838941],[126.93724719,37.5183479],[126.93724855,37.5183488],[126.93729338,37.51830342],[126.93725777,37.51828114],[126.93725143,37.51828763],[126.93723696,37.51827852],[126.93726507,37.51824998],[126.93727466,37.51824024],[126.93724708,37.518223],[126.93705363,37.518102],[126.9370195,37.51813774],[126.93699545,37.51816291],[126.9369831,37.51817585],[126.93698271,37.51817561],[126.93684325,37.51809099],[126.93682746,37.51810764],[126.93680034,37.51813628],[126.93657787,37.51799667],[126.93656766,37.51799026],[126.93640576,37.51788865],[126.9361525,37.51814963],[126.93650129,37.51836498],[126.93648192,37.51838488],[126.93653755,37.51841924],[126.93653993,37.51841681],[126.93693981,37.51867038],[126.9371522,37.51845399],[126.9371514,37.51845281]]]}},{"type":"Feature","id":"seoul-building-421749","properties":{"id":"seoul-building-421749","sourceId":"2002193918714461410900000000","pnu":"1156011000100550001","name":"대우트럼프월드","address":"서울특별시 영등포구 여의도동","useName":"공동주택","floors":41.0,"height":132.9,"heightSource":"measured","heightRaw":132.9,"sourceDate":"2026-09-09"},"geometry":{"type":"Polygon","coordinates":[[[126.93203905,37.51765335],[126.93221902,37.51746601],[126.93220941,37.51745898],[126.93222039,37.51744943],[126.93197643,37.51729684],[126.93176925,37.5174963],[126.93201173,37.51765609],[126.93202113,37.51764699],[126.93203905,37.51765335]]]}},{"type":"Feature","id":"seoul-building-430131","properties":{"id":"seoul-building-430131","sourceId":"1978193875884463483700000000","pnu":"1156011000100440014","name":"서울특별시 영등포구 여의도동","address":"서울특별시 영등포구 여의도동","useName":"제2종근린생활시설","floors":5.0,"height":17.0,"heightSource":"estimated","heightRaw":0.0,"sourceDate":"2026-09-09"},"geometry":{"type":"Polygon","coordinates":[[[126.93170091,37.51948846],[126.93171779,37.51946937],[126.9317368,37.51947173],[126.93178615,37.51942138],[126.93178345,37.51940652],[126.93137296,37.51915211],[126.93135803,37.5191539],[126.93130719,37.5192046],[126.93130932,37.51922262],[126.93129687,37.51923532],[126.93127503,37.51923648],[126.93123869,37.51927204],[126.93124151,37.51928439],[126.93165314,37.51954043],[126.93167044,37.51953864],[126.93170565,37.51950334],[126.93170091,37.51948846]]]}},{"type":"Feature","id":"seoul-building-461310","properties":{"id":"seoul-building-461310","sourceId":"2015193896994454713600000000","pnu":"1159010800100230117","name":"엘리시아빌딩","address":"서울특별시 동작구 대방동","useName":"공동주택","floors":7.0,"height":25.5,"heightSource":"measured","heightRaw":25.5,"sourceDate":"2026-09-09"},"geometry":{"type":"Polygon","coordinates":[[[126.93180007,37.51149854],[126.93187158,37.51145011],[126.9318718,37.51140687],[126.93181412,37.51140669],[126.93181413,37.51140489],[126.93172025,37.51140458],[126.93172035,37.51138566],[126.93166266,37.51138547],[126.93166243,37.51143142],[126.93167826,37.51143148],[126.93167793,37.51149815],[126.93180007,37.51149854]]]}},{"type":"Feature","id":"seoul-building-466894","properties":{"id":"seoul-building-466894","sourceId":"1993194357794454798100000000","pnu":"1159010100102560026","name":"서울특별시 동작구 노량진동","address":"서울특별시 동작구 노량진동","useName":"단독주택","floors":3.0,"height":10.6,"heightSource":"estimated","heightRaw":0.0,"sourceDate":"2026-09-09"},"geometry":{"type":"Polygon","coordinates":[[[126.93698022,37.5114735],[126.93697844,37.5114828],[126.9369355,37.51147743],[126.93693142,37.51148898],[126.93692418,37.51148729],[126.93690308,37.51155823],[126.93701088,37.51157686],[126.93703676,37.51148255],[126.93698022,37.5114735]]]}},{"type":"Feature","id":"seoul-building-467025","properties":{"id":"seoul-building-467025","sourceId":"1994193933994455613000000000","pnu":"1159010800100230000","name":"서울특별시 동작구 대방동","address":"서울특별시 동작구 대방동","useName":"제2종근린생활시설","floors":3.0,"height":10.9,"heightSource":"measured","heightRaw":10.9,"sourceDate":"2026-09-09"},"geometry":{"type":"Polygon","coordinates":[[[126.93212062,37.51211758],[126.93209792,37.51241376],[126.93211222,37.51241405],[126.93211131,37.51244615],[126.93211131,37.51245262],[126.93211555,37.51245573],[126.93212103,37.51245685],[126.9321288,37.51245742],[126.93213481,37.51245686],[126.93213995,37.51245208],[126.93214278,37.51244814],[126.93214418,37.51244504],[126.93214988,37.5124138],[126.93216189,37.51241493],[126.93218683,37.51238819],[126.93219093,37.51235413],[126.93221373,37.51235357],[126.93222795,37.51225926],[126.93226948,37.51226013],[126.93228551,37.51212809],[126.93212062,37.51211758]]]}},{"type":"Feature","id":"seoul-building-470138","properties":{"id":"seoul-building-470138","sourceId":"1975193932644455158000000000","pnu":"1159010800100230054","name":"서울특별시 동작구 대방동","address":"서울특별시 동작구 대방동","useName":"제2종근린생활시설","floors":2.0,"height":7.4,"heightSource":"estimated","heightRaw":0.0,"sourceDate":"2026-09-09"},"geometry":{"type":"Polygon","coordinates":[[[126.93217253,37.51179831],[126.93217252,37.51180169],[126.93210059,37.51180305],[126.93209733,37.51189174],[126.93222599,37.51188759],[126.93222589,37.51179861],[126.93217253,37.51179831]]]}},{"type":"Feature","id":"seoul-building-473815","properties":{"id":"seoul-building-473815","sourceId":"1998194606574455309200000000","pnu":"1159010100100470002","name":"서울특별시 동작구 노량진동","address":"서울특별시 동작구 노량진동","useName":"업무시설","floors":5.0,"height":19.0,"heightSource":"estimated","heightRaw":0.0,"sourceDate":"2026-09-09"},"geometry":{"type":"Polygon","coordinates":[[[126.93992277,37.51190387],[126.93963398,37.51190738],[126.93963465,37.51197805],[126.93961096,37.51197748],[126.93961286,37.51202816],[126.93963655,37.5120293],[126.93963688,37.51204873],[126.93969184,37.51204959],[126.93969237,37.5120572],[126.93980547,37.51205557],[126.93980688,37.51206852],[126.93988022,37.51206913],[126.93988127,37.51207616],[126.93994932,37.51207339],[126.93994848,37.51202157],[126.93992815,37.51202495],[126.93992277,37.51190387]]]}},{"type":"Feature","id":"seoul-building-474468","properties":{"id":"seoul-building-474468","sourceId":"2001194561784456047800000000","pnu":"1159010100100470002","name":"동작구청별관","address":"서울특별시 동작구 노량진동","useName":"업무시설","floors":2.0,"height":6.48,"heightSource":"measured","heightRaw":6.48,"sourceDate":"2026-09-09"},"geometry":{"type":"Polygon","coordinates":[[[126.93951292,37.51257688],[126.9390332,37.51265265],[126.939054,37.51272784],[126.9395309,37.51264362],[126.93951292,37.51257688]]]}},{"type":"Feature","id":"seoul-building-474502","properties":{"id":"seoul-building-474502","sourceId":"1981194539244455791600000000","pnu":"1159010100100470002","name":"동작구청별관","address":"서울특별시 동작구 노량진동","useName":"업무시설","floors":5.0,"height":19.0,"heightSource":"estimated","heightRaw":0.0,"sourceDate":"2026-09-09"},"geometry":{"type":"Polygon","coordinates":[[[126.93913637,37.51248743],[126.93913463,37.51245645],[126.93911908,37.51245672],[126.93911908,37.51245419],[126.93911534,37.51227286],[126.9390542,37.5122734],[126.93899871,37.51227365],[126.93892429,37.51227417],[126.93892935,37.512567],[126.93911916,37.51256456],[126.9391187,37.51248798],[126.93913637,37.51248743]]]}},{"type":"Feature","id":"seoul-building-476141","properties":{"id":"seoul-building-476141","sourceId":"1990194454954455520400000000","pnu":"1159010100102440050","name":"서울특별시 동작구 노량진동","address":"서울특별시 동작구 노량진동","useName":"단독주택","floors":2.0,"height":7.4,"heightSource":"estimated","heightRaw":0.0,"sourceDate":"2026-09-09"},"geometry":{"type":"Polygon","coordinates":[[[126.9380261,37.51212476],[126.93800947,37.51213517],[126.93800132,37.51216276],[126.93798647,37.51216163],[126.93797725,37.51220638],[126.93812056,37.51222504],[126.93812942,37.51219576],[126.93815558,37.51219916],[126.9381632,37.51215355],[126.93814289,37.51215129],[126.9381436,37.51214143],[126.9380261,37.51212476]]]}},{"type":"Feature","id":"seoul-building-477927","properties":{"id":"seoul-building-477927","sourceId":"1982193849764463916000000000","pnu":"1156011000100440013","name":"서울특별시 영등포구 여의도동","address":"서울특별시 영등포구 여의도동","useName":"업무시설","floors":12.0,"height":44.2,"heightSource":"estimated","heightRaw":0.0,"sourceDate":"2026-09-09"},"geometry":{"type":"Polygon","coordinates":[[[126.9310841,37.51992501],[126.93109067,37.51993165],[126.93142719,37.51958896],[126.93134855,37.5195391],[126.93100836,37.51987946],[126.9310841,37.51992501]]]}},{"type":"Feature","id":"seoul-building-492530","properties":{"id":"seoul-building-492530","sourceId":"1967194446514454718000000000","pnu":"1159010100102530009","name":"서울특별시 동작구 노량진동","address":"서울특별시 동작구 노량진동","useName":"단독주택","floors":2.0,"height":7.4,"heightSource":"estimated","heightRaw":0.0,"sourceDate":"2026-09-09"},"geometry":{"type":"Polygon","coordinates":[[[126.93802633,37.51139157],[126.93791993,37.51141404],[126.93790419,37.51141741],[126.93792005,37.51148161],[126.93792499,37.51150161],[126.93798649,37.5115115],[126.93798613,37.51150332],[126.93803828,37.51149575],[126.93802418,37.51144281],[126.93804078,37.51143775],[126.93802633,37.51139157]]]}},{"type":"Feature","id":"seoul-building-498163","properties":{"id":"seoul-building-498163","sourceId":"1983194066424462469300000000","pnu":"1156011000100530012","name":"서울특별시 영등포구 여의도동","address":"서울특별시 영등포구 여의도동","useName":"제1종근린생활시설","floors":5.0,"height":17.0,"heightSource":"estimated","heightRaw":0.0,"sourceDate":"2026-09-09"},"geometry":{"type":"Polygon","coordinates":[[[126.93379073,37.51828511],[126.9336676,37.51820908],[126.93346393,37.51841619],[126.93346888,37.5184435],[126.93377548,37.51863468],[126.933811,37.5186329],[126.93389207,37.51855069],[126.93366607,37.51841018],[126.93379073,37.51828511]]]}},{"type":"Feature","id":"seoul-building-498214","properties":{"id":"seoul-building-498214","sourceId":"1991193768064463577600000000","pnu":"1156011000100440034","name":"서울특별시 영등포구 여의도동","address":"서울특별시 영등포구 여의도동","useName":"업무시설","floors":10.0,"height":37.0,"heightSource":"estimated","heightRaw":0.0,"sourceDate":"2026-09-09"},"geometry":{"type":"Polygon","coordinates":[[[126.93046654,37.51939034],[126.9303042,37.5192906],[126.9302905,37.51930221],[126.93028722,37.51929941],[126.9301321,37.51945736],[126.93013662,37.51946016],[126.93012518,37.51947187],[126.93028867,37.51957297],[126.93046654,37.51939034]]]}},{"type":"Feature","id":"seoul-building-498221","properties":{"id":"seoul-building-498221","sourceId":"1986194005844463065600000000","pnu":"1156011000100530002","name":"서울특별시 영등포구 여의도동","address":"서울특별시 영등포구 여의도동","useName":"제2종근린생활시설","floors":5.0,"height":17.0,"heightSource":"estimated","heightRaw":0.0,"sourceDate":"2026-09-09"},"geometry":{"type":"Polygon","coordinates":[[[126.93308879,37.51895721],[126.93297371,37.51888462],[126.93291574,37.51894297],[126.93287803,37.51898178],[126.93291558,37.51900559],[126.93299709,37.51905726],[126.93308879,37.51895721]]]}},{"type":"Feature","id":"seoul-building-498228","properties":{"id":"seoul-building-498228","sourceId":"1991194553994463780300000000","pnu":"1156011000100610003","name":"서울특별시 영등포구 여의도동","address":"서울특별시 영등포구 여의도동","useName":"업무시설","floors":14.0,"height":51.4,"heightSource":"estimated","heightRaw":0.0,"sourceDate":"2026-09-09"},"geometry":{"type":"Polygon","coordinates":[[[126.93902792,37.51998064],[126.93936756,37.51963059],[126.93936891,37.51962825],[126.93937016,37.51962456],[126.9393705,37.51962041],[126.93937017,37.51961726],[126.93936757,37.51961375],[126.93930934,37.51957767],[126.93930606,37.51958101],[126.93929215,37.51957244],[126.93933348,37.51953011],[126.93933947,37.51953381],[126.93950974,37.51935748],[126.93951043,37.51935441],[126.93951032,37.51935009],[126.93950964,37.51934649],[126.93950817,37.51934243],[126.93936063,37.51925369],[126.93935644,37.51925234],[126.93935123,37.51925225],[126.93934817,37.51925235],[126.93934242,37.51925459],[126.93933811,37.51925765],[126.93900368,37.51960184],[126.93900164,37.51960445],[126.93899983,37.51960941],[126.93899982,37.51961292],[126.93900027,37.51961707],[126.9390031,37.51962121],[126.93905736,37.5196571],[126.93906076,37.51965377],[126.93907466,37.51966297],[126.93903199,37.51970394],[126.93902814,37.51970159],[126.93885832,37.51987811],[126.93885673,37.51988162],[126.9388565,37.51988441],[126.93885695,37.51988811],[126.93885944,37.51989153],[126.93900574,37.51998108],[126.93900834,37.51998198],[126.93901185,37.51998324],[126.93901819,37.51998343],[126.93902237,37.51998307],[126.93902792,37.51998064]]]}},{"type":"Feature","id":"seoul-building-498229","properties":{"id":"seoul-building-498229","sourceId":"2001194120474461647100000000","pnu":"1156011000100530019","name":"여의도침례교회","address":"서울특별시 영등포구 여의도동","useName":"교육연구시설","floors":10.0,"height":47.8,"heightSource":"measured","heightRaw":47.8,"sourceDate":"2026-09-09"},"geometry":{"type":"Polygon","coordinates":[[[126.93437248,37.51764148],[126.93447392,37.51754666],[126.93439568,37.51750697],[126.93436627,37.51750308],[126.93433109,37.51750586],[126.93430087,37.5175335],[126.93426011,37.51757474],[126.93425038,37.5175687],[126.93408282,37.51774304],[126.93410215,37.51775486],[126.93408245,37.5177753],[126.93426639,37.51788686],[126.93444935,37.51769603],[126.93437248,37.51764148]]]}},{"type":"Feature","id":"seoul-building-498282","properties":{"id":"seoul-building-498282","sourceId":"2003194597004462590500000000","pnu":"1156011000100610000","name":"서울특별시 영등포구 여의도동","address":"서울특별시 영등포구 여의도동","useName":"","floors":0.0,"height":0,"heightSource":"unknown","heightRaw":0.0,"sourceDate":"2026-09-09"},"geometry":{"type":"Polygon","coordinates":[[[126.93972361,37.51868407],[126.93980737,37.5186425],[126.93982827,37.51867117],[126.93991755,37.51863499],[126.93989868,37.51861066],[126.93983957,37.51854945],[126.93975749,37.51848462],[126.93965268,37.51842195],[126.93957737,37.51839533],[126.9395051,37.51838304],[126.9394866,37.51845584],[126.93951759,37.51846441],[126.93948018,37.51855639],[126.93954283,37.51859021],[126.93961587,37.51863628],[126.93961704,37.51863697],[126.93962141,37.51863971],[126.93969738,37.51869705],[126.93972361,37.51868407]]]}},{"type":"Feature","id":"seoul-building-498284","properties":{"id":"seoul-building-498284","sourceId":"1982193765384463935900000000","pnu":"1156011000100440031","name":"서울특별시 영등포구 여의도동","address":"서울특별시 영등포구 여의도동","useName":"제1종근린생활시설","floors":8.0,"height":26.6,"heightSource":"estimated","heightRaw":0.0,"sourceDate":"2026-09-09"},"geometry":{"type":"Polygon","coordinates":[[[126.93043686,37.51968838],[126.93029588,37.51960342],[126.93008969,37.51981557],[126.93023191,37.51990342],[126.93043686,37.51968838]]]}},{"type":"Feature","id":"seoul-building-498285","properties":{"id":"seoul-building-498285","sourceId":"1977194034834463156200000000","pnu":"1156011000100530001","name":"서울특별시 영등포구 여의도동","address":"서울특별시 영등포구 여의도동","useName":"제1종근린생활시설","floors":5.0,"height":17.0,"heightSource":"estimated","heightRaw":0.0,"sourceDate":"2026-09-09"},"geometry":{"type":"Polygon","coordinates":[[[126.93316165,37.51932495],[126.93360934,37.51886633],[126.93360312,37.51886254],[126.93360425,37.51886137],[126.93346699,37.51877641],[126.93301717,37.51923423],[126.93302701,37.51923919],[126.93302056,37.51924694],[126.9330677,37.51927174],[126.93307019,37.51926868],[126.93308625,37.51927716],[126.93308251,37.51928166],[126.93315136,37.5193236],[126.93315431,37.51932053],[126.93316165,37.51932495]]]}},{"type":"Feature","id":"seoul-building-498286","properties":{"id":"seoul-building-498286","sourceId":"2002193948014461643900000000","pnu":"1156011000100550001","name":"서울특별시 영등포구 여의도동","address":"서울특별시 영등포구 여의도동","useName":"","floors":0.0,"height":0,"heightSource":"unknown","heightRaw":0.0,"sourceDate":"2026-09-09"},"geometry":{"type":"Polygon","coordinates":[[[126.93203905,37.51765335],[126.9320245,37.51766853],[126.93243455,37.51791853],[126.93263869,37.51770871],[126.93222491,37.51746043],[126.93203905,37.51765335]]]}},{"type":"Feature","id":"seoul-building-498288","properties":{"id":"seoul-building-498288","sourceId":"1977193987474463534900000000","pnu":"1156011000100530000","name":"서울특별시 영등포구 여의도동","address":"서울특별시 영등포구 여의도동","useName":"업무시설","floors":5.0,"height":19.0,"heightSource":"estimated","heightRaw":0.0,"sourceDate":"2026-09-09"},"geometry":{"type":"Polygon","coordinates":[[[126.93278895,37.51955567],[126.93279325,37.51955063],[126.9327963,37.51955225],[126.93281057,37.51953559],[126.93283997,37.51955147],[126.93284325,37.51955084],[126.93284359,37.51955174],[126.93285264,37.51955003],[126.93285603,37.51954661],[126.93285965,37.51954886],[126.93290053,37.51950654],[126.93291579,37.51951592],[126.93292834,37.51952142],[126.93292913,37.51952025],[126.93293524,37.51952296],[126.93293784,37.5195244],[126.93294293,37.51951873],[126.93294746,37.51952135],[126.93304041,37.51942418],[126.93303725,37.51942238],[126.93304019,37.51941905],[126.93291572,37.51934446],[126.93285772,37.51930956],[126.93287018,37.51929686],[126.93282202,37.51926701],[126.93281205,37.51927719],[126.93269459,37.51920432],[126.93269142,37.51920756],[126.93268735,37.51920503],[126.93268565,37.51920675],[126.93254423,37.51935271],[126.93254842,37.51935524],[126.93254547,37.5193583],[126.93254253,37.51936145],[126.93254976,37.5193656],[126.93254727,37.51936821],[126.93257271,37.51938291],[126.93255584,37.51940138],[126.93255663,37.51940327],[126.93255391,37.5194039],[126.93255696,37.51941165],[126.9325616,37.51941408],[126.93255933,37.51941678],[126.93278895,37.51955567]]]}},{"type":"Feature","id":"seoul-building-498289","properties":{"id":"seoul-building-498289","sourceId":"1977194028984462928300000000","pnu":"1156011000100530001","name":"서울특별시 영등포구 여의도동","address":"서울특별시 영등포구 여의도동","useName":"","floors":0.0,"height":0,"heightSource":"unknown","heightRaw":0.0,"sourceDate":"2026-09-09"},"geometry":{"type":"Polygon","coordinates":[[[126.93340452,37.51882161],[126.93323719,37.51871809],[126.93322713,37.51871871],[126.93309579,37.51885225],[126.93309759,37.51886153],[126.93320466,37.51892719],[126.93317907,37.51895411],[126.93317704,37.51895609],[126.93323514,37.51899262],[126.93340452,37.51882161]]]}},{"type":"Feature","id":"seoul-building-498290","properties":{"id":"seoul-building-498290","sourceId":"1983193997704461955000000000","pnu":"1156011000100540006","name":"서울특별시 영등포구 여의도동","address":"서울특별시 영등포구 여의도동","useName":"제2종근린생활시설","floors":6.0,"height":20.2,"heightSource":"estimated","heightRaw":0.0,"sourceDate":"2026-09-09"},"geometry":{"type":"Polygon","coordinates":[[[126.93293041,37.51810342],[126.93309197,37.51793854],[126.93297733,37.51786567],[126.93291574,37.51792754],[126.93290464,37.5179387],[126.93290217,37.51793708],[126.93277837,37.51785728],[126.93275765,37.51787772],[126.93278308,37.51789404],[126.93276904,37.51790782],[126.93273954,37.51789023],[126.93268292,37.51795021],[126.93268813,37.51795336],[126.93291582,37.51809431],[126.93293041,37.51810342]]]}},{"type":"Feature","id":"seoul-building-498348","properties":{"id":"seoul-building-498348","sourceId":"1982193745934463799900000000","pnu":"1156011000100440032","name":"서울특별시 영등포구 여의도동","address":"서울특별시 영등포구 여의도동","useName":"업무시설","floors":10.0,"height":37.0,"heightSource":"estimated","heightRaw":0.0,"sourceDate":"2026-09-09"},"geometry":{"type":"Polygon","coordinates":[[[126.93002289,37.51975246],[126.9300529,37.51971906],[126.93009123,37.51974088],[126.93009315,37.51973881],[126.93018804,37.51964517],[126.93018804,37.51963967],[126.93015526,37.51961911],[126.9301864,37.51958597],[126.93018459,37.5195711],[126.93005876,37.51949426],[126.93003998,37.51949533],[126.92987761,37.519663],[126.92987986,37.51967579],[126.93000536,37.51975354],[126.93002289,37.51975246]]]}},{"type":"Feature","id":"seoul-building-498354","properties":{"id":"seoul-building-498354","sourceId":"1992193759214461461000000000","pnu":"1156011000100560000","name":"앙카라전통주택","address":"서울특별시 영등포구 여의도동","useName":"문화및집회시설","floors":2.0,"height":7.4,"heightSource":"estimated","heightRaw":0.0,"sourceDate":"2026-09-09"},"geometry":{"type":"Polygon","coordinates":[[[126.93024742,37.51757506],[126.93025142,37.5175374],[126.93025696,37.51753776],[126.93026233,37.51748704],[126.93022557,37.51748458],[126.93022682,37.51747314],[126.93017604,37.51746978],[126.93017467,37.51748041],[126.93013689,37.51747777],[126.9301313,37.51753003],[126.93013933,37.51753057],[126.93013533,37.51756742],[126.93024742,37.51757506]]]}},{"type":"Feature","id":"seoul-building-498356","properties":{"id":"seoul-building-498356","sourceId":"2003194586764462694800000000","pnu":"1156011000100610000","name":"서울특별시 영등포구 여의도동","address":"서울특별시 영등포구 여의도동","useName":"","floors":0.0,"height":0,"heightSource":"unknown","heightRaw":0.0,"sourceDate":"2026-09-09"},"geometry":{"type":"Polygon","coordinates":[[[126.93961704,37.51863697],[126.93961587,37.51863628],[126.93954158,37.51859489],[126.93949629,37.51864433],[126.93956572,37.51868473],[126.93961704,37.51863697]]]}},{"type":"Feature","id":"seoul-building-498414","properties":{"id":"seoul-building-498414","sourceId":"1971194395614463914400000000","pnu":"1156011000100500000","name":"서울특별시 영등포구 여의도동","address":"서울특별시 영등포구 여의도동","useName":"공동주택","floors":13.0,"height":39.35,"heightSource":"estimated","heightRaw":0.0,"sourceDate":"2026-09-09"},"geometry":{"type":"Polygon","coordinates":[[[126.93707686,37.519702],[126.93718467,37.51976867],[126.93750915,37.51996975],[126.9375102,37.5199703],[126.93744805,37.52003387],[126.93748309,37.52005551],[126.93774473,37.5197876],[126.93723528,37.51947181],[126.93703557,37.51967631],[126.93707686,37.519702]]]}},{"type":"Feature","id":"seoul-building-498425","properties":{"id":"seoul-building-498425","sourceId":"2009193829854461999000000000","pnu":"1156011000100560000","name":"자매근린공원 관리사무소","address":"서울특별시 영등포구 여의도동","useName":"관광휴게시설","floors":1.0,"height":5.25,"heightSource":"measured","heightRaw":5.25,"sourceDate":"2026-09-09"},"geometry":{"type":"Polygon","coordinates":[[[126.93105693,37.51800639],[126.9309847,37.51795958],[126.93093216,37.5180119],[126.9310027,37.51805645],[126.93105693,37.51800639]]]}},{"type":"Feature","id":"seoul-building-498458","properties":{"id":"seoul-building-498458","sourceId":"0000194340534462036200000000","pnu":"1156011000100620000","name":"서울특별시 영등포구 여의도동","address":"서울특별시 영등포구 여의도동","useName":"","floors":0.0,"height":0,"heightSource":"unknown","heightRaw":0.0,"sourceDate":"2026-09-09"},"geometry":{"type":"Polygon","coordinates":[[[126.93701911,37.51813618],[126.93688434,37.51805057],[126.93678775,37.51803845],[126.93657634,37.51790958],[126.93655143,37.51793552],[126.93659405,37.51796148],[126.9365678,37.51798897],[126.93670379,37.5180722],[126.93673107,37.51804508],[126.93682748,37.5181064],[126.93684325,37.51808974],[126.93684494,37.5180911],[126.93698273,37.51817437],[126.93701911,37.51813618]]]}},{"type":"Feature","id":"seoul-building-498467","properties":{"id":"seoul-building-498467","sourceId":"1977194101384462011700000000","pnu":"1156011000100530019","name":"여의도침례교회","address":"서울특별시 영등포구 여의도동","useName":"종교시설","floors":5.0,"height":22.2,"heightSource":"measured","heightRaw":22.2,"sourceDate":"2026-09-09"},"geometry":{"type":"Polygon","coordinates":[[[126.9341757,37.51824279],[126.9342545,37.51816409],[126.93428242,37.51818176],[126.93429975,37.51816195],[126.93418749,37.5180926],[126.93418433,37.51807692],[126.9341875,37.51807647],[126.93418626,37.51807071],[126.93422509,37.51803181],[126.93425121,37.5180502],[126.93427057,37.51803363],[126.93426045,37.51794524],[126.93404328,37.51780366],[126.93403322,37.51779744],[126.93379749,37.51804742],[126.93394119,37.51813688],[126.93395942,37.51811725],[126.93409226,37.51819571],[126.93409555,37.51819238],[126.9341757,37.51824279]]]}},{"type":"Feature","id":"seoul-building-498468","properties":{"id":"seoul-building-498468","sourceId":"1979193890784462590600000000","pnu":"1156011000100550000","name":"인도네시아대사관","address":"서울특별시 영등포구 여의도동","useName":"제1종근린생활시설","floors":5.0,"height":17.0,"heightSource":"estimated","heightRaw":0.0,"sourceDate":"2026-09-09"},"geometry":{"type":"Polygon","coordinates":[[[126.93179532,37.51855174],[126.93186246,37.51848339],[126.93185332,37.51846636],[126.93187155,37.5184479],[126.93184039,37.51838409],[126.93169285,37.51853475],[126.93153254,37.51843482],[126.9314739,37.51849453],[126.93151584,37.51851996],[126.93149059,37.51854598],[126.93168515,37.51866539],[126.93170254,37.51869919],[126.93181294,37.51858672],[126.93179532,37.51855174]]]}},{"type":"Feature","id":"seoul-building-498469","properties":{"id":"seoul-building-498469","sourceId":"1975193997744461751900000000","pnu":"1156011000100540007","name":"서울특별시 영등포구 여의도동","address":"서울특별시 영등포구 여의도동","useName":"제2종근린생활시설","floors":5.0,"height":13.6,"heightSource":"measured","heightRaw":13.6,"sourceDate":"2026-09-09"},"geometry":{"type":"Polygon","coordinates":[[[126.93286445,37.51785273],[126.93290499,37.51780968],[126.93291573,37.51781608],[126.93295066,37.51783782],[126.93298406,37.51780387],[126.93300104,37.51778595],[126.9329158,37.51773319],[126.9328837,37.51771317],[126.93279425,37.51780358],[126.93278984,37.517808],[126.93286445,37.51785273]]]}},{"type":"Feature","id":"seoul-building-498506","properties":{"id":"seoul-building-498506","sourceId":"0000194037674462824400000000","pnu":"1156011000100530001","name":"서울특별시 영등포구 여의도동","address":"서울특별시 영등포구 여의도동","useName":"","floors":0.0,"height":0,"heightSource":"unknown","heightRaw":0.0,"sourceDate":"2026-09-09"},"geometry":{"type":"Polygon","coordinates":[[[126.9334447,37.51879271],[126.93327987,37.51868378],[126.93324782,37.51872134],[126.93341413,37.51882207],[126.9334447,37.51879271]]]}},{"type":"Feature","id":"seoul-building-498508","properties":{"id":"seoul-building-498508","sourceId":"0000194392014462189200000000","pnu":"1156011000100620000","name":"서울특별시 영등포구 여의도동","address":"서울특별시 영등포구 여의도동","useName":"","floors":0.0,"height":0,"heightSource":"unknown","heightRaw":0.0,"sourceDate":"2026-09-09"},"geometry":{"type":"Polygon","coordinates":[[[126.93745871,37.51814431],[126.93737426,37.5180922],[126.93724749,37.51822256],[126.93733133,37.51827446],[126.93745871,37.51814431]]]}},{"type":"Feature","id":"seoul-building-498510","properties":{"id":"seoul-building-498510","sourceId":"1979193903424461958000000000","pnu":"1156011000100550000","name":"서울특별시 영등포구 여의도동","address":"서울특별시 영등포구 여의도동","useName":"","floors":0.0,"height":0,"heightSource":"unknown","heightRaw":0.0,"sourceDate":"2026-09-09"},"geometry":{"type":"Polygon","coordinates":[[[126.93185757,37.51796872],[126.93181884,37.5179458],[126.93179291,37.51797362],[126.93183417,37.51799798],[126.93185999,37.51797015],[126.93185757,37.51796872]]]}},{"type":"Feature","id":"seoul-building-498514","properties":{"id":"seoul-building-498514","sourceId":"0000193780834461312900000000","pnu":"1156011000100560000","name":"서울특별시 영등포구 여의도동","address":"서울특별시 영등포구 여의도동","useName":"","floors":0.0,"height":0,"heightSource":"unknown","heightRaw":0.0,"sourceDate":"2026-09-09"},"geometry":{"type":"Polygon","coordinates":[[[126.93049025,37.51737463],[126.93039252,37.51736873],[126.93039079,37.51740467],[126.9304867,37.51741157],[126.93049025,37.51737463]]]}},{"type":"Feature","id":"seoul-building-498543","properties":{"id":"seoul-building-498543","sourceId":"0000194372494461893400000000","pnu":"1156011000100620000","name":"서울특별시 영등포구 여의도동","address":"서울특별시 영등포구 여의도동","useName":"","floors":0.0,"height":0,"heightSource":"unknown","heightRaw":0.0,"sourceDate":"2026-09-09"},"geometry":{"type":"Polygon","coordinates":[[[126.93716488,37.51789468],[126.93711253,37.51788209],[126.93710072,37.51793245],[126.93710161,37.51793543],[126.93710366,37.5179375],[126.93710773,37.51794048],[126.93711248,37.51794336],[126.93712175,37.51794742],[126.9371265,37.51794805],[126.93713102,37.51794815],[126.93713487,37.51794807],[126.93713996,37.51794752],[126.93714562,37.51794626],[126.93715139,37.51794428],[126.93715727,37.51794014],[126.93716488,37.51789468]]]}},{"type":"Feature","id":"seoul-building-498546","properties":{"id":"seoul-building-498546","sourceId":"0000194214224461621300000000","pnu":"1156011000100620000","name":"서울특별시 영등포구 여의도동","address":"서울특별시 영등포구 여의도동","useName":"","floors":0.0,"height":0,"heightSource":"unknown","heightRaw":0.0,"sourceDate":"2026-09-09"},"geometry":{"type":"Polygon","coordinates":[[[126.93544156,37.51762802],[126.93530177,37.51760776],[126.93523859,37.51767584],[126.93529884,37.51772434],[126.93534835,37.51775338],[126.93545003,37.51764432],[126.93544156,37.51762802]]]}},{"type":"Feature","id":"seoul-building-498580","properties":{"id":"seoul-building-498580","sourceId":"2010194146094461581400000000","pnu":"1156011000100530022","name":"여의동주민센터","address":"서울특별시 영등포구 여의도동","useName":"제1종근린생활시설","floors":5.0,"height":21.7,"heightSource":"measured","heightRaw":21.7,"sourceDate":"2026-09-09"},"geometry":{"type":"Polygon","coordinates":[[[126.9345863,37.51763907],[126.93462051,37.51760204],[126.93466231,37.51760569],[126.93466377,37.51759493],[126.93467471,37.51759589],[126.93468298,37.51753576],[126.93459138,37.51752995],[126.93454813,37.51752397],[126.93450092,37.51757364],[126.93450433,37.5175757],[126.9344328,37.51765445],[126.93462118,37.51776526],[126.93468239,37.51769923],[126.9345863,37.51763907]]]}},{"type":"Feature","id":"seoul-building-498590","properties":{"id":"seoul-building-498590","sourceId":"0000193852424462651200000000","pnu":"1156011000100550000","name":"서울특별시 영등포구 여의도동","address":"서울특별시 영등포구 여의도동","useName":"","floors":0.0,"height":0,"heightSource":"unknown","heightRaw":0.0,"sourceDate":"2026-09-09"},"geometry":{"type":"Polygon","coordinates":[[[126.93128694,37.51857406],[126.93125619,37.51855657],[126.93120162,37.51861185],[126.93122954,37.5186298],[126.93123702,37.51863062],[126.93124379,37.51863027],[126.93124844,37.51862864],[126.93125105,37.51862747],[126.93128886,37.51859028],[126.93129022,37.5185838],[126.93128865,37.51857668],[126.93128694,37.51857406]]]}},{"type":"Feature","id":"seoul-building-498592","properties":{"id":"seoul-building-498592","sourceId":"1979193892784461803000000000","pnu":"1156011000100550000","name":"인도네시아대사관","address":"서울특별시 영등포구 여의도동","useName":"단독주택","floors":2.0,"height":7.4,"heightSource":"estimated","heightRaw":0.0,"sourceDate":"2026-09-09"},"geometry":{"type":"Polygon","coordinates":[[[126.93173529,37.5180239],[126.93194011,37.51781265],[126.93192495,37.51780354],[126.93191218,37.51779542],[126.93198498,37.51772005],[126.93185542,37.51764078],[126.93178352,37.51771507],[126.9317192,37.51767566],[126.93161752,37.51778083],[126.93160022,37.51776983],[126.93156637,37.5178036],[126.93155663,37.51781278],[126.93154296,37.51780358],[126.93151549,37.5177869],[126.93149963,37.51780356],[126.93148978,37.51781301],[126.93147554,37.51780363],[126.93144976,37.51778812],[126.93143516,37.51780361],[126.93142474,37.51781433],[126.93140744,37.51780359],[126.93140705,37.5178035],[126.93136216,37.51784907],[126.93153038,37.51795413],[126.93156457,37.51791892],[126.93173529,37.5180239]]]}},{"type":"Feature","id":"seoul-building-498635","properties":{"id":"seoul-building-498635","sourceId":"1974194152424464179900000000","pnu":"1156011000100510000","name":"서울특별시 영등포구 여의도동","address":"서울특별시 영등포구 여의도동","useName":"공동주택","floors":12.0,"height":36.4,"heightSource":"estimated","heightRaw":0.0,"sourceDate":"2026-09-09"},"geometry":{"type":"Polygon","coordinates":[[[126.93509213,37.51959769],[126.93499038,37.51953204],[126.93418742,37.52035745],[126.93428996,37.52041932],[126.93472393,37.51997582],[126.93509213,37.51959769]]]}},{"type":"Feature","id":"seoul-building-498636","properties":{"id":"seoul-building-498636","sourceId":"1974194071864463564400000000","pnu":"1156011000100510000","name":"서울특별시 영등포구 여의도동","address":"서울특별시 영등포구 여의도동","useName":"공동주택","floors":12.0,"height":36.4,"heightSource":"estimated","heightRaw":0.0,"sourceDate":"2026-09-09"},"geometry":{"type":"Polygon","coordinates":[[[126.93418484,37.51903739],[126.93408377,37.51897273],[126.93394235,37.51912817],[126.93327831,37.51979517],[126.93338086,37.51985875],[126.93382741,37.51940344],[126.9341656,37.51905648],[126.93418484,37.51903739]]]}},{"type":"Feature","id":"seoul-building-498639","properties":{"id":"seoul-building-498639","sourceId":"1974194213404462571600000000","pnu":"1156011000100520000","name":"서울특별시 영등포구 여의도동","address":"서울특별시 영등포구 여의도동","useName":"공동주택","floors":12.0,"height":36.4,"heightSource":"estimated","heightRaw":0.0,"sourceDate":"2026-09-09"},"geometry":{"type":"Polygon","coordinates":[[[126.93561391,37.51832936],[126.9355013,37.51826316],[126.93505035,37.51872234],[126.93516772,37.51878845],[126.93561391,37.51832936]]]}},{"type":"Feature","id":"seoul-building-498693","properties":{"id":"seoul-building-498693","sourceId":"1971194306574463288000000000","pnu":"1156011000100500000","name":"서울특별시 영등포구 여의도동","address":"서울특별시 영등포구 여의도동","useName":"공동주택","floors":2.0,"height":6.9,"heightSource":"estimated","heightRaw":0.0,"sourceDate":"2026-09-09"},"geometry":{"type":"Polygon","coordinates":[[[126.93622928,37.51938296],[126.93625272,37.51935883],[126.93627092,37.5193701],[126.93642092,37.51921567],[126.93647417,37.51924839],[126.93651143,37.51921003],[126.93645896,37.51917766],[126.93659777,37.51903483],[126.93658025,37.51902383],[126.93660357,37.51900015],[126.93651991,37.51894785],[126.93614369,37.51932949],[126.93622928,37.51938296]]]}},{"type":"Feature","id":"seoul-building-498695","properties":{"id":"seoul-building-498695","sourceId":"1971194347794463625800000000","pnu":"1156011000100500000","name":"서울특별시 영등포구 여의도동","address":"서울특별시 영등포구 여의도동","useName":"공동주택","floors":12.0,"height":36.4,"heightSource":"estimated","heightRaw":0.0,"sourceDate":"2026-09-09"},"geometry":{"type":"Polygon","coordinates":[[[126.93668137,37.51969018],[126.9367047,37.51966695],[126.93671487,37.51967343],[126.93672008,37.51966831],[126.93672686,37.51967264],[126.93688446,37.51951108],[126.93693703,37.51954354],[126.93697383,37.51950572],[126.93692013,37.51947172],[126.93706029,37.51933161],[126.93705283,37.51932692],[126.93705815,37.5193216],[126.93704831,37.51931529],[126.93706892,37.51929476],[126.93699939,37.51925066],[126.93661117,37.51964537],[126.93668137,37.51969018]]]}},{"type":"Feature","id":"seoul-building-498697","properties":{"id":"seoul-building-498697","sourceId":"1974194120234463548900000000","pnu":"1156011000100510000","name":"서울특별시 영등포구 여의도동","address":"서울특별시 영등포구 여의도동","useName":"공동주택","floors":12.0,"height":36.4,"heightSource":"estimated","heightRaw":0.0,"sourceDate":"2026-09-09"},"geometry":{"type":"Polygon","coordinates":[[[126.93444727,37.51957219],[126.93452798,37.51949223],[126.93411363,37.51923359],[126.93403664,37.51931635],[126.93408695,37.51934611],[126.93407835,37.51935529],[126.93411904,37.51938622],[126.93410274,37.51939991],[126.9341206,37.51941343],[126.9341412,37.51939624],[126.93418654,37.51942356],[126.93419424,37.51941546],[126.93429135,37.5194739],[126.93428365,37.51948209],[126.93432593,37.51951203],[126.93430839,37.51952779],[126.93432783,37.51954158],[126.93434742,37.51952213],[126.93439038,37.51954973],[126.93439899,37.51954126],[126.93444727,37.51957219]]]}},{"type":"Feature","id":"seoul-building-498699","properties":{"id":"seoul-building-498699","sourceId":"1977194028554461524200000000","pnu":"1156011000100540008","name":"서울특별시 영등포구 여의도동","address":"서울특별시 영등포구 여의도동","useName":"공동주택","floors":11.0,"height":33.45,"heightSource":"estimated","heightRaw":0.0,"sourceDate":"2026-09-09"},"geometry":{"type":"Polygon","coordinates":[[[126.93342766,37.51747561],[126.93339103,37.51745154],[126.93337654,37.51746549],[126.93331041,37.51742212],[126.93306777,37.51767436],[126.93313334,37.51771674],[126.93312066,37.51772917],[126.93315672,37.51775379],[126.93342766,37.51747561]]]}},{"type":"Feature","id":"seoul-building-498700","properties":{"id":"seoul-building-498700","sourceId":"1977193982884462826200000000","pnu":"1156011000100540000","name":"서울특별시 영등포구 여의도동","address":"서울특별시 영등포구 여의도동","useName":"공동주택","floors":11.0,"height":33.45,"heightSource":"estimated","heightRaw":0.0,"sourceDate":"2026-09-09"},"geometry":{"type":"Polygon","coordinates":[[[126.93310849,37.51843951],[126.93307367,37.5184185],[126.93306008,37.51843228],[126.93299473,37.51839278],[126.93291581,37.51847571],[126.93235163,37.5190532],[126.93241573,37.51909351],[126.93240226,37.51910702],[126.93243821,37.51912867],[126.93277718,37.51878331],[126.9329185,37.51863933],[126.93310849,37.51843951]]]}},{"type":"Feature","id":"seoul-building-498702","properties":{"id":"seoul-building-498702","sourceId":"1977194060484461810200000000","pnu":"1156011000100540003","name":"서울특별시 영등포구 여의도동","address":"서울특별시 영등포구 여의도동","useName":"공동주택","floors":12.0,"height":36.4,"heightSource":"estimated","heightRaw":0.0,"sourceDate":"2026-09-09"},"geometry":{"type":"Polygon","coordinates":[[[126.93330732,37.5182168],[126.9333251,37.51819789],[126.9333286,37.51819997],[126.93396932,37.51753476],[126.93396682,37.51753377],[126.93398676,37.51751503],[126.93394855,37.51749141],[126.93393699,37.51750455],[126.93388227,37.51747443],[126.93323159,37.5181481],[126.933281,37.51817859],[126.9332699,37.51819011],[126.93330732,37.5182168]]]}},{"type":"Feature","id":"seoul-building-498763","properties":{"id":"seoul-building-498763","sourceId":"2003194619634462864800000000","pnu":"1156011000100610000","name":"서울특별시 영등포구 여의도동","address":"서울특별시 영등포구 여의도동","useName":"","floors":0.0,"height":0,"heightSource":"unknown","heightRaw":0.0,"sourceDate":"2026-09-09"},"geometry":{"type":"Polygon","coordinates":[[[126.93972361,37.51868407],[126.93977526,37.51876295],[126.93979711,37.51887478],[126.93980314,37.51896839],[126.93991773,37.51897088],[126.93991825,37.51888646],[126.94010197,37.51885899],[126.94009848,37.51883952],[126.94013208,37.51883504],[126.94012532,37.51880088],[126.94013494,37.51879954],[126.94011103,37.51870988],[126.94009418,37.51870879],[126.94008516,37.51867517],[126.94004918,37.51868128],[126.9400389,37.51866704],[126.93985144,37.51870208],[126.93980624,37.51864358],[126.93972361,37.51868407]]]}},{"type":"Feature","id":"seoul-building-498764","properties":{"id":"seoul-building-498764","sourceId":"1994194541354463046400000000","pnu":"1156011000100610004","name":"콤비빌딩","address":"서울특별시 영등포구 여의도동","useName":"업무시설","floors":24.0,"height":88.18,"heightSource":"measured","heightRaw":88.18,"sourceDate":"2026-09-09"},"geometry":{"type":"Polygon","coordinates":[[[126.93937749,37.51896214],[126.93894638,37.5186927],[126.93885921,37.51878114],[126.93888307,37.51879611],[126.93880926,37.51887112],[126.93879014,37.51885922],[126.9387015,37.51894927],[126.9391274,37.51921574],[126.93937749,37.51896214]]]}},{"type":"Feature","id":"seoul-building-498769","properties":{"id":"seoul-building-498769","sourceId":"2002193972464461467500000000","pnu":"1156011000100550001","name":"서울특별시 영등포구 여의도동","address":"서울특별시 영등포구 여의도동","useName":"","floors":0.0,"height":0,"heightSource":"unknown","heightRaw":0.0,"sourceDate":"2026-09-09"},"geometry":{"type":"Polygon","coordinates":[[[126.93264696,37.51770142],[126.93282517,37.51752123],[126.93281036,37.51751194],[126.93282281,37.51749942],[126.93257759,37.51735332],[126.932379,37.51755197],[126.93262727,37.5177006],[126.93263396,37.51769357],[126.93264696,37.51770142]]]}},{"type":"Feature","id":"seoul-building-498820","properties":{"id":"seoul-building-498820","sourceId":"1976193811794462996000000000","pnu":"1156011000100440037","name":"아일렉스타워","address":"서울특별시 영등포구 여의도동","useName":"제2종근린생활시설","floors":15.0,"height":56.1,"heightSource":"measured","heightRaw":56.1,"sourceDate":"2026-09-09"},"geometry":{"type":"Polygon","coordinates":[[[126.93082975,37.51904529],[126.93096778,37.51889473],[126.9307836,37.51878668],[126.93077648,37.51879451],[126.93075284,37.51878071],[126.93073733,37.51879746],[126.93072354,37.51878943],[126.93061009,37.51891019],[126.93077842,37.51901715],[126.93078147,37.51901409],[126.93082975,37.51904529]]]}},{"type":"Feature","id":"seoul-building-498825","properties":{"id":"seoul-building-498825","sourceId":"1974194098244464054200000000","pnu":"1156011000100510000","name":"서울특별시 영등포구 여의도동","address":"서울특별시 영등포구 여의도동","useName":"공동주택","floors":12.0,"height":36.4,"heightSource":"estimated","heightRaw":0.0,"sourceDate":"2026-09-09"},"geometry":{"type":"Polygon","coordinates":[[[126.93432062,37.51964871],[126.93421694,37.51958468],[126.93373609,37.52007653],[126.93383852,37.52013975],[126.93384678,37.5201312],[126.93398073,37.51999459],[126.93432062,37.51964871]]]}},{"type":"Feature","id":"seoul-building-498826","properties":{"id":"seoul-building-498826","sourceId":"1974194240354463050500000000","pnu":"1156011000100520000","name":"서울특별시 영등포구 여의도동","address":"서울특별시 영등포구 여의도동","useName":"공동주택","floors":12.0,"height":36.4,"heightSource":"estimated","heightRaw":0.0,"sourceDate":"2026-09-09"},"geometry":{"type":"Polygon","coordinates":[[[126.93606908,37.51861198],[126.93594833,37.51854218],[126.93520256,37.51931005],[126.93531811,37.51937841],[126.93606908,37.51861198]]]}},{"type":"Feature","id":"seoul-building-498827","properties":{"id":"seoul-building-498827","sourceId":"1974194159294463075500000000","pnu":"1156011000100520000","name":"서울특별시 영등포구 여의도동","address":"서울특별시 영등포구 여의도동","useName":"공동주택","floors":12.0,"height":36.4,"heightSource":"estimated","heightRaw":0.0,"sourceDate":"2026-09-09"},"geometry":{"type":"Polygon","coordinates":[[[126.93487036,37.5191385],[126.93495392,37.51905188],[126.93455946,37.51881028],[126.93450658,37.51887061],[126.93454084,37.51889081],[126.93451367,37.51891999],[126.93456397,37.51894957],[126.93453715,37.51897848],[126.93457412,37.51899535],[126.93459982,37.51897104],[126.93475934,37.51906925],[126.93473251,37.51909689],[126.93476711,37.51911358],[126.93479687,37.51909666],[126.93487036,37.5191385]]]}},{"type":"Feature","id":"seoul-building-498830","properties":{"id":"seoul-building-498830","sourceId":"1974194160584462431200000000","pnu":"1156011000100520000","name":"서울특별시 영등포구 여의도동","address":"서울특별시 영등포구 여의도동","useName":"공동주택","floors":12.0,"height":36.4,"heightSource":"estimated","heightRaw":0.0,"sourceDate":"2026-09-09"},"geometry":{"type":"Polygon","coordinates":[[[126.93440923,37.51881812],[126.93446063,37.51876589],[126.93448585,37.51878158],[126.93451506,37.51875178],[126.93449652,37.51873131],[126.93462174,37.51860966],[126.93464458,37.51862454],[126.93467638,37.51860022],[126.93464835,37.51857705],[126.9347687,37.51845747],[126.93479301,37.51847298],[126.93481735,37.51844884],[126.93479825,37.51842649],[126.93492212,37.51829808],[126.93495083,37.51831575],[126.93497314,37.51829261],[126.9349512,37.51827926],[126.93507133,37.51815463],[126.935091,37.51816663],[126.93511908,37.51813744],[126.93510405,37.51812121],[126.93516655,37.51804521],[126.93504613,37.51798234],[126.93429494,37.51874688],[126.93440923,37.51881812]]]}},{"type":"Feature","id":"seoul-building-498871","properties":{"id":"seoul-building-498871","sourceId":"1971194268804463771300000000","pnu":"1156011000100500000","name":"서울특별시 영등포구 여의도동","address":"서울특별시 영등포구 여의도동","useName":"공동주택","floors":2.0,"height":6.9,"heightSource":"estimated","heightRaw":0.0,"sourceDate":"2026-09-09"},"geometry":{"type":"Polygon","coordinates":[[[126.93580052,37.51981702],[126.93582498,37.51979252],[126.93584239,37.51980352],[126.93599127,37.51965107],[126.93604407,37.51968371],[126.93608245,37.51964444],[126.93603169,37.51961297],[126.93617118,37.51947015],[126.93615365,37.51945933],[126.93617607,37.51943627],[126.9360933,37.51938514],[126.93571573,37.51976336],[126.93580052,37.51981702]]]}},{"type":"Feature","id":"seoul-building-498872","properties":{"id":"seoul-building-498872","sourceId":"1971194311504464091100000000","pnu":"1156011000100500000","name":"서울특별시 영등포구 여의도동","address":"서울특별시 영등포구 여의도동","useName":"공동주택","floors":2.0,"height":6.9,"heightSource":"estimated","heightRaw":0.0,"sourceDate":"2026-09-09"},"geometry":{"type":"Polygon","coordinates":[[[126.93627357,37.52010884],[126.93629474,37.52008713],[126.93630367,37.52009273],[126.93630956,37.52008669],[126.93631736,37.52009156],[126.93647428,37.51993064],[126.93652799,37.51996238],[126.93656342,37.51992573],[126.93651085,37.51989344],[126.93664784,37.51975161],[126.93664151,37.51974764],[126.93664671,37.51974251],[126.93663733,37.51973665],[126.93666009,37.51971369],[126.9365892,37.51966923],[126.9361994,37.52006294],[126.93627357,37.52010884]]]}},{"type":"Feature","id":"seoul-building-498876","properties":{"id":"seoul-building-498876","sourceId":"1977193954334462474400000000","pnu":"1156011000100540004","name":"서울특별시 영등포구 여의도동","address":"서울특별시 영등포구 여의도동","useName":"공동주택","floors":11.0,"height":33.45,"heightSource":"estimated","heightRaw":0.0,"sourceDate":"2026-09-09"},"geometry":{"type":"Polygon","coordinates":[[[126.93271303,37.5181952],[126.9326738,37.51817031],[126.93265964,37.5181849],[126.93260368,37.51815054],[126.9321021,37.5186686],[126.93215546,37.51870143],[126.93214267,37.51871575],[126.93218202,37.5187391],[126.93271303,37.5181952]]]}},{"type":"Feature","id":"seoul-building-498931","properties":{"id":"seoul-building-498931","sourceId":"2000194527044463374400000000","pnu":"1156011000100610005","name":"서울특별시 영등포구 여의도동","address":"서울특별시 영등포구 여의도동","useName":"","floors":0.0,"height":0,"heightSource":"unknown","heightRaw":0.0,"sourceDate":"2026-09-09"},"geometry":{"type":"Polygon","coordinates":[[[126.9389734,37.51926764],[126.93883875,37.51918162],[126.93878724,37.51923925],[126.93891985,37.51932105],[126.9389734,37.51926764]]]}},{"type":"Feature","id":"seoul-building-498932","properties":{"id":"seoul-building-498932","sourceId":"2000194513674463267500000000","pnu":"1156011000100610005","name":"서울특별시 영등포구 여의도동","address":"서울특별시 영등포구 여의도동","useName":"","floors":0.0,"height":0,"heightSource":"unknown","heightRaw":0.0,"sourceDate":"2026-09-09"},"geometry":{"type":"Polygon","coordinates":[[[126.93882067,37.5191662],[126.93868838,37.51908901],[126.93863517,37.51914385],[126.93876915,37.51922294],[126.93882067,37.5191662]]]}},{"type":"Feature","id":"seoul-building-498979","properties":{"id":"seoul-building-498979","sourceId":"2003193789954463309900000000","pnu":"1156011000100440036","name":"센터빌딩","address":"서울특별시 영등포구 여의도동","useName":"업무시설","floors":16.0,"height":54.9,"heightSource":"measured","heightRaw":54.9,"sourceDate":"2026-09-09"},"geometry":{"type":"Polygon","coordinates":[[[126.93063436,37.51907383],[126.93056767,37.51903064],[126.93035368,37.51924062],[126.93042919,37.51928941],[126.93051148,37.51935091],[126.93073057,37.51913624],[126.93063436,37.51907383]]]}},{"type":"Feature","id":"seoul-building-498987","properties":{"id":"seoul-building-498987","sourceId":"1983193842674463722800000000","pnu":"1156011000100440012","name":"서울특별시 영등포구 여의도동","address":"서울특별시 영등포구 여의도동","useName":"제2종근린생활시설","floors":9.0,"height":29.8,"heightSource":"estimated","heightRaw":0.0,"sourceDate":"2026-09-09"},"geometry":{"type":"Polygon","coordinates":[[[126.9313017,37.5195094],[126.93115835,37.51941904],[126.93096893,37.51960995],[126.93111386,37.51970048],[126.93112359,37.5197005],[126.93130362,37.51951364],[126.9313017,37.5195094]]]}},{"type":"Feature","id":"seoul-building-498988","properties":{"id":"seoul-building-498988","sourceId":"1984193822844463977200000000","pnu":"1156011000100440016","name":"서울특별시 영등포구 여의도동","address":"서울특별시 영등포구 여의도동","useName":"업무시설","floors":10.0,"height":37.0,"heightSource":"estimated","heightRaw":0.0,"sourceDate":"2026-09-09"},"geometry":{"type":"Polygon","coordinates":[[[126.93107832,37.51973633],[126.93099555,37.51968646],[126.93099023,37.51968654],[126.93093291,37.5196529],[126.93092488,37.51965434],[126.93074949,37.51983434],[126.93074881,37.5198366],[126.93074869,37.51983831],[126.93074892,37.5198393],[126.93079979,37.51987023],[126.93080624,37.51987204],[126.9308058,37.51987321],[126.93080782,37.51988096],[126.93088628,37.5199302],[126.93089579,37.51993138],[126.93107785,37.51974336],[126.93107832,37.51973633]]]}},{"type":"Feature","id":"seoul-building-498989","properties":{"id":"seoul-building-498989","sourceId":"1982193786284463711100000000","pnu":"1156011000100440033","name":"서울특별시 영등포구 여의도동","address":"서울특별시 영등포구 여의도동","useName":"업무시설","floors":7.0,"height":26.2,"heightSource":"estimated","heightRaw":0.0,"sourceDate":"2026-09-09"},"geometry":{"type":"Polygon","coordinates":[[[126.93066892,37.51950174],[126.93051708,37.51940785],[126.93033072,37.51959957],[126.93048289,37.51969346],[126.93066892,37.51950174]]]}},{"type":"Feature","id":"seoul-building-498990","properties":{"id":"seoul-building-498990","sourceId":"0000194273564461880700000000","pnu":"1156011000100620000","name":"가톨릭대학교성모병원","address":"서울특별시 영등포구 여의도동","useName":"의료시설","floors":7.0,"height":29.0,"heightSource":"measured","heightRaw":29.0,"sourceDate":"2026-09-09"},"geometry":{"type":"Polygon","coordinates":[[[126.93596628,37.51805087],[126.93618003,37.51783394],[126.93614193,37.51781004],[126.93614658,37.51780527],[126.93606415,37.51775495],[126.93601751,37.51780366],[126.93584339,37.51798052],[126.93592479,37.51803138],[126.93592875,37.51802742],[126.93596628,37.51805087]]]}},{"type":"Feature","id":"seoul-building-498991","properties":{"id":"seoul-building-498991","sourceId":"1979193914604462286200000000","pnu":"1156011000100550000","name":"인도네시아대사관","address":"서울특별시 영등포구 여의도동","useName":"교육연구및복지시설","floors":8.0,"height":30.5,"heightSource":"measured","heightRaw":30.5,"sourceDate":"2026-09-09"},"geometry":{"type":"Polygon","coordinates":[[[126.93202049,37.51835915],[126.93210258,37.51827676],[126.93211217,37.51828181],[126.93215589,37.51823525],[126.93207086,37.51818421],[126.9320309,37.51822626],[126.93198647,37.51819938],[126.93200809,37.51817516],[126.9319181,37.5181242],[126.93187734,37.51816995],[126.9318848,37.51817419],[126.93180192,37.5182591],[126.93179378,37.51825405],[126.93174973,37.51829925],[126.9318351,37.51835201],[126.93187551,37.51830942],[126.93191858,37.51833566],[126.93189708,37.518358],[126.93198549,37.51841184],[126.93203033,37.51836519],[126.93202049,37.51835915]]]}},{"type":"Feature","id":"seoul-building-511691","properties":{"id":"seoul-building-511691","sourceId":"1977193914834462987800000000","pnu":"1156011000100540002","name":"진주상가","address":"서울특별시 영등포구 여의도동","useName":"제1종근린생활시설","floors":5.0,"height":17.0,"heightSource":"estimated","heightRaw":0.0,"sourceDate":"2026-09-09"},"geometry":{"type":"Polygon","coordinates":[[[126.93214888,37.51885495],[126.93210423,37.51882853],[126.93209064,37.51884312],[126.93205581,37.5188258],[126.93205717,37.51882354],[126.93191053,37.51873238],[126.93173674,37.51890878],[126.93199371,37.51906886],[126.93216819,37.51889127],[126.93213428,37.51886936],[126.93214888,37.51885495]]]}},{"type":"Feature","id":"seoul-building-518175","properties":{"id":"seoul-building-518175","sourceId":"0000194007924454785100000000","pnu":"1159010800100430019","name":"서울특별시 동작구 대방동","address":"서울특별시 동작구 대방동","useName":"","floors":0.0,"height":0,"heightSource":"unknown","heightRaw":0.0,"sourceDate":"2026-09-09"},"geometry":{"type":"Polygon","coordinates":[[[126.93299337,37.51148032],[126.93297177,37.51151016],[126.93303006,37.51154173],[126.93305802,37.51150543],[126.93299337,37.51148032]]]}},{"type":"Feature","id":"seoul-building-520094","properties":{"id":"seoul-building-520094","sourceId":"2015193807604462125400000000","pnu":"1156011000100560001","name":"여의도복지관","address":"서울특별시 영등포구 여의도동","useName":"노유자시설","floors":4.0,"height":21.7,"heightSource":"measured","heightRaw":21.7,"sourceDate":"2026-09-09"},"geometry":{"type":"Polygon","coordinates":[[[126.93082955,37.5182175],[126.93077192,37.51817898],[126.93081791,37.51812809],[126.93088967,37.51817217],[126.93093231,37.51812933],[126.9309394,37.51811443],[126.93094078,37.5181109],[126.93093212,37.51810487],[126.93092538,37.51809451],[126.93072819,37.5179753],[126.93072024,37.51797534],[126.93071186,37.51798416],[126.93058064,37.51811436],[126.93056423,37.51813164],[126.93056708,37.51814687],[126.93057841,37.51815878],[126.9307647,37.51828174],[126.93083044,37.51821807],[126.93082955,37.5182175]]]}},{"type":"Feature","id":"seoul-building-520481","properties":{"id":"seoul-building-520481","sourceId":"1976194237524461784100000000","pnu":"1156011000100620000","name":"가톨릭대학교성모병원","address":"서울특별시 영등포구 여의도동","useName":"업무시설","floors":8.0,"height":32.1,"heightSource":"measured","heightRaw":32.1,"sourceDate":"2026-09-09"},"geometry":{"type":"Polygon","coordinates":[[[126.93580164,37.51784652],[126.93552828,37.51767599],[126.93550133,37.51770995],[126.93548143,37.51769984],[126.93546229,37.51771786],[126.93544814,37.51773272],[126.93546284,37.51774183],[126.93541461,37.51779234],[126.93543326,37.51780344],[126.93568663,37.51796106],[126.93580164,37.51784652]]]}},{"type":"Feature","id":"seoul-building-520722","properties":{"id":"seoul-building-520722","sourceId":"2018193856144462193500000000","pnu":"1156011000100550002","name":"나라키움여의도빌딩","address":"서울특별시 영등포구 여의도동","useName":"업무시설","floors":23.0,"height":81.8,"heightSource":"measured","heightRaw":81.8,"sourceDate":"2026-09-09"},"geometry":{"type":"Polygon","coordinates":[[[126.93125059,37.51848564],[126.93127104,37.51846293],[126.93129028,37.51847671],[126.93137767,37.51839959],[126.931347,37.51838329],[126.93158445,37.51815146],[126.93160732,37.51816618],[126.93167383,37.51809859],[126.93130618,37.51787411],[126.93124277,37.51793856],[126.93125373,37.51794933],[126.93125829,37.51798122],[126.93126117,37.51799282],[126.93125396,37.5180235],[126.93116731,37.51810288],[126.93109921,37.51807863],[126.93088185,37.51829952],[126.93101487,37.51831357],[126.93104091,37.5183223],[126.93115034,37.51838758],[126.93125059,37.51848564]]]}},{"type":"Feature","id":"seoul-building-521083","properties":{"id":"seoul-building-521083","sourceId":"0000194102744454432000000000","pnu":"1159010800100450027","name":"서울특별시 동작구 대방동","address":"서울특별시 동작구 대방동","useName":"","floors":0.0,"height":0,"heightSource":"unknown","heightRaw":0.0,"sourceDate":"2026-09-09"},"geometry":{"type":"Polygon","coordinates":[[[126.93406002,37.51117627],[126.93406245,37.51121147],[126.93411407,37.51120784],[126.93411268,37.51117377],[126.93406002,37.51117627]]]}},{"type":"Feature","id":"seoul-building-521156","properties":{"id":"seoul-building-521156","sourceId":"1989194401344455803200000000","pnu":"1159010100102580042","name":"서울특별시 동작구 노량진동","address":"서울특별시 동작구 노량진동","useName":"제1종근린생활시설","floors":4.0,"height":13.8,"heightSource":"estimated","heightRaw":0.0,"sourceDate":"2026-09-09"},"geometry":{"type":"Polygon","coordinates":[[[126.93753758,37.51237087],[126.93736258,37.51241301],[126.93738903,37.51248848],[126.93756473,37.51244606],[126.93753758,37.51237087]]]}},{"type":"Feature","id":"seoul-building-521188","properties":{"id":"seoul-building-521188","sourceId":"1993193972314454988100000000","pnu":"1159010800100230028","name":"서울특별시 동작구 대방동","address":"서울특별시 동작구 대방동","useName":"단독주택","floors":4.0,"height":13.4,"heightSource":"measured","heightRaw":13.4,"sourceDate":"2026-09-09"},"geometry":{"type":"Polygon","coordinates":[[[126.93265747,37.51159783],[126.93255479,37.51160256],[126.93256982,37.51179262],[126.93264316,37.51179267],[126.93264195,37.51176366],[126.93266863,37.5117603],[126.93265747,37.51159783]]]}},{"type":"Feature","id":"seoul-building-521204","properties":{"id":"seoul-building-521204","sourceId":"1989194512654454053100000000","pnu":"1159010100102470012","name":"서울특별시 동작구 노량진동","address":"서울특별시 동작구 노량진동","useName":"단독주택","floors":2.0,"height":7.4,"heightSource":"estimated","heightRaw":0.0,"sourceDate":"2026-09-09"},"geometry":{"type":"Polygon","coordinates":[[[126.93868178,37.51080006],[126.93866851,37.51082821],[126.93865897,37.51082567],[126.93863949,37.51087156],[126.93876741,37.51091132],[126.93880459,37.51082941],[126.93874063,37.51081023],[126.93873727,37.51081444],[126.93868178,37.51080006]]]}},{"type":"Feature","id":"seoul-building-521239","properties":{"id":"seoul-building-521239","sourceId":"1989194332784453896900000000","pnu":"1159010100102820012","name":"서울특별시 동작구 노량진동","address":"서울특별시 동작구 노량진동","useName":"단독주택","floors":2.0,"height":7.4,"heightSource":"estimated","heightRaw":0.0,"sourceDate":"2026-09-09"},"geometry":{"type":"Polygon","coordinates":[[[126.93673047,37.51066134],[126.9366702,37.51066244],[126.9366702,37.51067229],[126.93664069,37.5106734],[126.93664379,37.51075844],[126.93673852,37.51075623],[126.93673047,37.51066134]]]}},{"type":"Feature","id":"seoul-building-521264","properties":{"id":"seoul-building-521264","sourceId":"1994194203504455025500000000","pnu":"1159010100102700003","name":"서울특별시 동작구 노량진동","address":"서울특별시 동작구 노량진동","useName":"제2종근린생활시설","floors":1.0,"height":7.0,"heightSource":"measured","heightRaw":7.0,"sourceDate":"2026-09-09"},"geometry":{"type":"Polygon","coordinates":[[[126.93524456,37.51166235],[126.93514447,37.51174113],[126.93520715,37.51179297],[126.93530867,37.51171475],[126.93524456,37.51166235]]]}},{"type":"Feature","id":"seoul-building-521284","properties":{"id":"seoul-building-521284","sourceId":"1971194326684455957600000000","pnu":"1159010100102610003","name":"서울특별시 동작구 노량진동","address":"서울특별시 동작구 노량진동","useName":"단독주택","floors":2.0,"height":7.4,"heightSource":"estimated","heightRaw":0.0,"sourceDate":"2026-09-09"},"geometry":{"type":"Polygon","coordinates":[[[126.93657746,37.51250523],[126.93655283,37.51256969],[126.93656148,37.51257308],[126.93655723,37.51258462],[126.93655828,37.51260348],[126.93665918,37.51262888],[126.93669406,37.5125433],[126.93662268,37.5125244],[126.9366241,37.5125168],[126.93657746,37.51250523]]]}},{"type":"Feature","id":"seoul-building-521318","properties":{"id":"seoul-building-521318","sourceId":"1961194190244453871100000000","pnu":"1159010100102940204","name":"서울특별시 동작구 노량진동","address":"서울특별시 동작구 노량진동","useName":"단독주택","floors":1.0,"height":4.2,"heightSource":"estimated","heightRaw":0.0,"sourceDate":"2026-09-09"},"geometry":{"type":"Polygon","coordinates":[[[126.9351558,37.51069597],[126.93511922,37.51068581],[126.9351079,37.51070073],[126.93505966,37.51068296],[126.93508658,37.51061963],[126.93504471,37.51060524],[126.93500117,37.51069702],[126.93512235,37.510741],[126.93511952,37.51074916],[126.93514496,37.51075706],[126.93516725,37.51072864],[126.93514341,37.51071764],[126.93515527,37.5106971],[126.9351558,37.51069597]]]}},{"type":"Feature","id":"seoul-building-521333","properties":{"id":"seoul-building-521333","sourceId":"1990194586914453790400000000","pnu":"1159010100102410011","name":"서울특별시 동작구 노량진동","address":"서울특별시 동작구 노량진동","useName":"단독주택","floors":2.0,"height":7.4,"heightSource":"estimated","heightRaw":0.0,"sourceDate":"2026-09-09"},"geometry":{"type":"Polygon","coordinates":[[[126.93955979,37.51056034],[126.93951469,37.51058876],[126.93952123,37.51059665],[126.93950408,37.51060761],[126.93956181,37.51067268],[126.939629,37.51063302],[126.93955979,37.51056034]]]}},{"type":"Feature","id":"seoul-building-521334","properties":{"id":"seoul-building-521334","sourceId":"0000194430334457096400000000","pnu":"1159010100100140016","name":"서울특별시 동작구 노량진동","address":"서울특별시 동작구 노량진동","useName":"","floors":0.0,"height":0,"heightSource":"unknown","heightRaw":0.0,"sourceDate":"2026-09-09"},"geometry":{"type":"Polygon","coordinates":[[[126.93769542,37.51361096],[126.93769418,37.51362193],[126.93788204,37.51363133],[126.93788563,37.51356854],[126.9377013,37.51355774],[126.93769542,37.51361096]]]}},{"type":"Feature","id":"seoul-building-521335","properties":{"id":"seoul-building-521335","sourceId":"1990194496084453822900000000","pnu":"1159010100102480063","name":"서울특별시 동작구 노량진동","address":"서울특별시 동작구 노량진동","useName":"단독주택","floors":2.0,"height":7.4,"heightSource":"estimated","heightRaw":0.0,"sourceDate":"2026-09-09"},"geometry":{"type":"Polygon","coordinates":[[[126.93850876,37.51058597],[126.93848045,37.51063441],[126.93849581,37.5106406],[126.93847441,37.51067579],[126.93855639,37.51070735],[126.93860575,37.51062291],[126.93850876,37.51058597]]]}},{"type":"Feature","id":"seoul-building-521347","properties":{"id":"seoul-building-521347","sourceId":"1978193902964454346000000000","pnu":"1159010800100230027","name":"서울특별시 동작구 대방동","address":"서울특별시 동작구 대방동","useName":"단독주택","floors":2.0,"height":7.4,"heightSource":"estimated","heightRaw":0.0,"sourceDate":"2026-09-09"},"geometry":{"type":"Polygon","coordinates":[[[126.931763,37.51105699],[126.93174666,37.51114681],[126.93189227,37.51116744],[126.93191249,37.51108551],[126.93187025,37.51107873],[126.93187025,37.51107592],[126.931763,37.51105699]]]}},{"type":"Feature","id":"seoul-building-521405","properties":{"id":"seoul-building-521405","sourceId":"1992194373324453537700000000","pnu":"1159010100102500007","name":"서울특별시 동작구 노량진동","address":"서울특별시 동작구 노량진동","useName":"단독주택","floors":3.0,"height":8.9,"heightSource":"measured","heightRaw":8.9,"sourceDate":"2026-09-09"},"geometry":{"type":"Polygon","coordinates":[[[126.9371913,37.51033357],[126.93717222,37.51033525],[126.93717291,37.51034032],[126.9370932,37.51034844],[126.93710603,37.51043939],[126.93720058,37.51043015],[126.9371913,37.51033357]]]}},{"type":"Feature","id":"seoul-building-521427","properties":{"id":"seoul-building-521427","sourceId":"1960194214864453336600000000","pnu":"1159010100102940202","name":"서울특별시 동작구 노량진동","address":"서울특별시 동작구 노량진동","useName":"단독주택","floors":1.0,"height":4.2,"heightSource":"estimated","heightRaw":0.0,"sourceDate":"2026-09-09"},"geometry":{"type":"Polygon","coordinates":[[[126.93533688,37.51015265],[126.93530058,37.51023485],[126.93537106,37.51026023],[126.93538647,37.51023181],[126.93538135,37.51023011],[126.93538808,37.51021379],[126.93539798,37.51021688],[126.93541638,37.51018141],[126.93533688,37.51015265]]]}},{"type":"Feature","id":"seoul-building-521443","properties":{"id":"seoul-building-521443","sourceId":"1991194514824454952700000000","pnu":"1159010100102440043","name":"서울특별시 동작구 노량진동","address":"서울특별시 동작구 노량진동","useName":"단독주택","floors":2.0,"height":7.4,"heightSource":"estimated","heightRaw":0.0,"sourceDate":"2026-09-09"},"geometry":{"type":"Polygon","coordinates":[[[126.93870498,37.51160844],[126.93867098,37.51168755],[126.93879149,37.51171914],[126.93882442,37.51164061],[126.93875939,37.51162508],[126.93876011,37.51162198],[126.93870498,37.51160844]]]}},{"type":"Feature","id":"seoul-building-521458","properties":{"id":"seoul-building-521458","sourceId":"1985194376034453341500000000","pnu":"1159010100102910022","name":"서울특별시 동작구 노량진동","address":"서울특별시 동작구 노량진동","useName":"단독주택","floors":2.0,"height":7.4,"heightSource":"estimated","heightRaw":0.0,"sourceDate":"2026-09-09"},"geometry":{"type":"Polygon","coordinates":[[[126.93721722,37.5101897],[126.93713327,37.51019698],[126.93713502,37.5102271],[126.93722108,37.51023222],[126.93721722,37.5101897]]]}},{"type":"Feature","id":"seoul-building-521465","properties":{"id":"seoul-building-521465","sourceId":"1972193960724454888500000000","pnu":"1159010800100230132","name":"서울특별시 동작구 대방동","address":"서울특별시 동작구 대방동","useName":"단독주택","floors":2.0,"height":7.4,"heightSource":"estimated","heightRaw":0.0,"sourceDate":"2026-09-09"},"geometry":{"type":"Polygon","coordinates":[[[126.93254103,37.51157074],[126.93243411,37.51157265],[126.9324341,37.51158391],[126.93241342,37.51158474],[126.93241462,37.51163035],[126.93254204,37.51163381],[126.93254103,37.51157074]]]}},{"type":"Feature","id":"seoul-building-521467","properties":{"id":"seoul-building-521467","sourceId":"0000194368924457060800000000","pnu":"1159010100100260004","name":"서울특별시 동작구 노량진동","address":"서울특별시 동작구 노량진동","useName":"","floors":0.0,"height":0,"heightSource":"unknown","heightRaw":0.0,"sourceDate":"2026-09-09"},"geometry":{"type":"Polygon","coordinates":[[[126.93712918,37.5136039],[126.93713117,37.51355548],[126.9371241,37.51355519],[126.9371241,37.51355378],[126.93712518,37.51352675],[126.93712536,37.51352337],[126.93706402,37.51351743],[126.93706432,37.51360274],[126.93712918,37.5136039]]]}},{"type":"Feature","id":"seoul-building-521473","properties":{"id":"seoul-building-521473","sourceId":"1970194210894454245500000000","pnu":"1159010100102730008","name":"서울특별시 동작구 노량진동","address":"서울특별시 동작구 노량진동","useName":"단독주택","floors":1.0,"height":4.2,"heightSource":"estimated","heightRaw":0.0,"sourceDate":"2026-09-09"},"geometry":{"type":"Polygon","coordinates":[[[126.93529376,37.51097282],[126.93524882,37.51102939],[126.93534881,37.5110728],[126.93537447,37.51104044],[126.93532518,37.51101845],[126.93533757,37.51099509],[126.93529376,37.51097282]]]}},{"type":"Feature","id":"seoul-building-521480","properties":{"id":"seoul-building-521480","sourceId":"1989193958854453942000000000","pnu":"1159010800100320033","name":"서울특별시 동작구 대방동","address":"서울특별시 동작구 대방동","useName":"단독주택","floors":2.0,"height":7.4,"heightSource":"estimated","heightRaw":0.0,"sourceDate":"2026-09-09"},"geometry":{"type":"Polygon","coordinates":[[[126.93252045,37.51067197],[126.93244338,37.51069867],[126.93244584,37.5107105],[126.93236258,37.51073044],[126.93236258,37.51073382],[126.93236134,37.51073495],[126.93237403,37.51077325],[126.93236819,37.5107755],[126.93238176,37.51081718],[126.93255924,37.51077786],[126.93252045,37.51067197]]]}},{"type":"Feature","id":"seoul-building-521493","properties":{"id":"seoul-building-521493","sourceId":"2007194486154453803900000000","pnu":"1159010100102480003","name":"서울특별시 동작구 노량진동","address":"서울특별시 동작구 노량진동","useName":"단독주택","floors":4.0,"height":13.8,"heightSource":"estimated","heightRaw":0.0,"sourceDate":"2026-09-09"},"geometry":{"type":"Polygon","coordinates":[[[126.93839919,37.51058227],[126.93840406,37.51067885],[126.93844295,37.51067999],[126.93845062,37.51058314],[126.93839919,37.51058227]]]}},{"type":"Feature","id":"seoul-building-521495","properties":{"id":"seoul-building-521495","sourceId":"0000194042004455627000000000","pnu":"1159010800100490006","name":"서울특별시 동작구 대방동","address":"서울특별시 동작구 대방동","useName":"","floors":0.0,"height":0,"heightSource":"unknown","heightRaw":0.0,"sourceDate":"2026-09-09"},"geometry":{"type":"Polygon","coordinates":[[[126.93346881,37.51223322],[126.93340995,37.51223882],[126.93331606,37.5122886],[126.93333619,37.51231311],[126.93340957,37.51227682],[126.93346754,37.51227517],[126.93346881,37.51223322]]]}},{"type":"Feature","id":"seoul-building-521532","properties":{"id":"seoul-building-521532","sourceId":"1991194208684453443800000000","pnu":"1159010100102940201","name":"서울특별시 동작구 노량진동","address":"서울특별시 동작구 노량진동","useName":"단독주택","floors":3.0,"height":10.6,"heightSource":"measured","heightRaw":10.6,"sourceDate":"2026-09-09"},"geometry":{"type":"Polygon","coordinates":[[[126.93525374,37.51023342],[126.93521123,37.51034151],[126.93532397,37.51036945],[126.93534416,37.51032301],[126.93533533,37.51032018],[126.93535835,37.51026248],[126.93525374,37.51023342]]]}},{"type":"Feature","id":"seoul-building-521546","properties":{"id":"seoul-building-521546","sourceId":"1990194500934456113500000000","pnu":"1159010100100390005","name":"서울특별시 동작구 노량진동","address":"서울특별시 동작구 노량진동","useName":"제1종근린생활시설","floors":4.0,"height":13.8,"heightSource":"estimated","heightRaw":0.0,"sourceDate":"2026-09-09"},"geometry":{"type":"Polygon","coordinates":[[[126.93862389,37.51265638],[126.93855019,37.51266845],[126.93855142,37.51267239],[126.93852719,37.51267773],[126.93854306,37.51273911],[126.93855436,37.51273828],[126.93856159,37.51276334],[126.93865032,37.51274762],[126.93864187,37.51271524],[126.93864434,37.51271524],[126.93863781,37.51269356],[126.93863428,37.51269383],[126.93862389,37.51265638]]]}},{"type":"Feature","id":"seoul-building-521680","properties":{"id":"seoul-building-521680","sourceId":"1992194536934453997600000000","pnu":"1159010100102470016","name":"서울특별시 동작구 노량진동","address":"서울특별시 동작구 노량진동","useName":"단독주택","floors":2.0,"height":7.4,"heightSource":"estimated","heightRaw":0.0,"sourceDate":"2026-09-09"},"geometry":{"type":"Polygon","coordinates":[[[126.93896865,37.51075404],[126.9389283,37.51082328],[126.93902318,37.51085205],[126.93903681,37.51082812],[126.93904475,37.5108315],[126.9390706,37.51078731],[126.93896865,37.51075404]]]}},{"type":"Feature","id":"seoul-building-521732","properties":{"id":"seoul-building-521732","sourceId":"1991194400924454719500000000","pnu":"1159010100102800027","name":"서울특별시 동작구 노량진동","address":"서울특별시 동작구 노량진동","useName":"단독주택","floors":3.0,"height":10.6,"heightSource":"estimated","heightRaw":0.0,"sourceDate":"2026-09-09"},"geometry":{"type":"Polygon","coordinates":[[[126.93746098,37.51140394],[126.93745796,37.51141267],[126.93742104,37.51140702],[126.93741163,37.51143799],[126.93740563,37.51143742],[126.93739304,37.51148724],[126.93749818,37.51150476],[126.93752282,37.51141383],[126.93746098,37.51140394]]]}},{"type":"Feature","id":"seoul-building-521733","properties":{"id":"seoul-building-521733","sourceId":"1978193940624453403500000000","pnu":"1159010800100200012","name":"서울특별시 동작구 대방동","address":"서울특별시 동작구 대방동","useName":"제1종근린생활시설","floors":2.0,"height":7.4,"heightSource":"estimated","heightRaw":0.0,"sourceDate":"2026-09-09"},"geometry":{"type":"Polygon","coordinates":[[[126.93221778,37.51021792],[126.93220991,37.51031927],[126.93223941,37.51032154],[126.93226876,37.51030973],[126.9322695,37.51028242],[126.93230396,37.51028301],[126.93230773,37.51022275],[126.93221778,37.51021792]]]}},{"type":"Feature","id":"seoul-building-521847","properties":{"id":"seoul-building-521847","sourceId":"1983194480254455757700000000","pnu":"1159010100100370008","name":"서울특별시 동작구 노량진동","address":"서울특별시 동작구 노량진동","useName":"제2종근린생활시설","floors":3.0,"height":10.6,"heightSource":"estimated","heightRaw":0.0,"sourceDate":"2026-09-09"},"geometry":{"type":"Polygon","coordinates":[[[126.93839828,37.51233134],[126.93828392,37.51235859],[126.93831336,37.51244646],[126.93842827,37.51242005],[126.93839828,37.51233134]]]}},{"type":"Feature","id":"seoul-building-521879","properties":{"id":"seoul-building-521879","sourceId":"1989194335184455059500000000","pnu":"1159010100102560036","name":"서울특별시 동작구 노량진동","address":"서울특별시 동작구 노량진동","useName":"단독주택","floors":2.0,"height":7.4,"heightSource":"estimated","heightRaw":0.0,"sourceDate":"2026-09-09"},"geometry":{"type":"Polygon","coordinates":[[[126.93668612,37.51170339],[126.93665916,37.51179967],[126.93674593,37.51181521],[126.93677146,37.51171779],[126.93668612,37.51170339]]]}},{"type":"Feature","id":"seoul-building-521885","properties":{"id":"seoul-building-521885","sourceId":"1994193967594455496100000000","pnu":"1159010800100230166","name":"다동","address":"서울특별시 동작구 대방동","useName":"제1종근린생활시설","floors":1.0,"height":3.3,"heightSource":"measured","heightRaw":3.3,"sourceDate":"2026-09-09"},"geometry":{"type":"Polygon","coordinates":[[[126.93256408,37.5120815],[126.93247685,37.51218731],[126.93255565,37.51221524],[126.93263615,37.51211758],[126.93256408,37.5120815]]]}},{"type":"Feature","id":"seoul-building-521900","properties":{"id":"seoul-building-521900","sourceId":"1985194597524454481700000000","pnu":"1159010100102400040","name":"서울특별시 동작구 노량진동","address":"서울특별시 동작구 노량진동","useName":"공동주택","floors":2.0,"height":6.9,"heightSource":"estimated","heightRaw":0.0,"sourceDate":"2026-09-09"},"geometry":{"type":"Polygon","coordinates":[[[126.93970066,37.51119026],[126.93962606,37.51121106],[126.93965745,37.51128936],[126.9397423,37.51126856],[126.93971567,37.51120435],[126.93970595,37.51120519],[126.93970066,37.51119026]]]}},{"type":"Feature","id":"seoul-building-521995","properties":{"id":"seoul-building-521995","sourceId":"1990194504934454287000000000","pnu":"1159010100102460077","name":"서울특별시 동작구 노량진동","address":"서울특별시 동작구 노량진동","useName":"단독주택","floors":3.0,"height":9.1,"heightSource":"measured","heightRaw":9.1,"sourceDate":"2026-09-09"},"geometry":{"type":"Polygon","coordinates":[[[126.93859218,37.51101597],[126.93856456,37.51107762],[126.93868293,37.51111232],[126.93870083,37.51107234],[126.93869411,37.51107038],[126.93870331,37.51104814],[126.93859218,37.51101597]]]}},{"type":"Feature","id":"seoul-building-522025","properties":{"id":"seoul-building-522025","sourceId":"1991194304764456104800000000","pnu":"1159010100102640002","name":"서울특별시 동작구 노량진동","address":"서울특별시 동작구 노량진동","useName":"제2종근린생활시설","floors":3.0,"height":10.6,"heightSource":"estimated","heightRaw":0.0,"sourceDate":"2026-09-09"},"geometry":{"type":"Polygon","coordinates":[[[126.93643081,37.51267577],[126.93632404,37.512685],[126.93632317,37.51267571],[126.93630602,37.5126774],[126.9363226,37.51273231],[126.93644068,37.51270929],[126.93643081,37.51267577]]]}},{"type":"Feature","id":"seoul-building-522034","properties":{"id":"seoul-building-522034","sourceId":"1988194543434453382200000000","pnu":"1159010100102480033","name":"서울특별시 동작구 노량진동","address":"서울특별시 동작구 노량진동","useName":"공동주택","floors":2.0,"height":6.9,"heightSource":"estimated","heightRaw":0.0,"sourceDate":"2026-09-09"},"geometry":{"type":"Polygon","coordinates":[[[126.9390557,37.51019066],[126.93902953,37.51022669],[126.93903147,37.51022754],[126.93900263,37.51026554],[126.93909025,37.51030696],[126.93913961,37.51023998],[126.93911911,37.51022814],[126.93912196,37.51022168],[126.9390557,37.51019066]]]}},{"type":"Feature","id":"seoul-building-522039","properties":{"id":"seoul-building-522039","sourceId":"1981194084364453212500000000","pnu":"1159010800100440305","name":"서울특별시 동작구 대방동","address":"서울특별시 동작구 대방동","useName":"공동주택","floors":2.0,"height":6.9,"heightSource":"estimated","heightRaw":0.0,"sourceDate":"2026-09-09"},"geometry":{"type":"Polygon","coordinates":[[[126.93388678,37.51002881],[126.93386255,37.51005104],[126.93385901,37.51004794],[126.933824,37.51007354],[126.93382665,37.51007664],[126.9337987,37.51010141],[126.93382183,37.51012],[126.93381882,37.51012365],[126.93385821,37.51015155],[126.93387661,37.51013636],[126.93389391,37.51014707],[126.93396519,37.51008882],[126.93388678,37.51002881]]]}},{"type":"Feature","id":"seoul-building-522053","properties":{"id":"seoul-building-522053","sourceId":"1995194561874453345700000000","pnu":"1159010100102480012","name":"서울특별시 동작구 노량진동","address":"서울특별시 동작구 노량진동","useName":"단독주택","floors":3.0,"height":9.35,"heightSource":"measured","heightRaw":9.35,"sourceDate":"2026-09-09"},"geometry":{"type":"Polygon","coordinates":[[[126.9392717,37.51014573],[126.93920182,37.51023411],[126.93928784,37.51028511],[126.93936179,37.51020321],[126.9392717,37.51014573]]]}},{"type":"Feature","id":"seoul-building-522059","properties":{"id":"seoul-building-522059","sourceId":"1972194317674453219500000000","pnu":"1159010100102890025","name":"서울특별시 동작구 노량진동","address":"서울특별시 동작구 노량진동","useName":"단독주택","floors":1.0,"height":4.2,"heightSource":"estimated","heightRaw":0.0,"sourceDate":"2026-09-09"},"geometry":{"type":"Polygon","coordinates":[[[126.93652863,37.51005926],[126.93652049,37.51007445],[126.93649045,37.51006825],[126.93646072,37.51011975],[126.93654004,37.51014627],[126.93657245,37.51007139],[126.93652863,37.51005926]]]}},{"type":"Feature","id":"seoul-building-522097","properties":{"id":"seoul-building-522097","sourceId":"1990194212754453117200000000","pnu":"1159010100102940182","name":"서울특별시 동작구 노량진동","address":"서울특별시 동작구 노량진동","useName":"단독주택","floors":2.0,"height":7.4,"heightSource":"estimated","heightRaw":0.0,"sourceDate":"2026-09-09"},"geometry":{"type":"Polygon","coordinates":[[[126.93533636,37.50994626],[126.93531991,37.50995724],[126.93531232,37.50995216],[126.9352934,37.5099637],[126.93529833,37.5099713],[126.93525501,37.50999691],[126.93525837,37.51000001],[126.93533625,37.51007409],[126.93538416,37.51004568],[126.93537374,37.510033],[126.93540611,37.51001162],[126.93539374,37.51000007],[126.93533636,37.50994626]]]}},{"type":"Feature","id":"seoul-building-522112","properties":{"id":"seoul-building-522112","sourceId":"1965194449614454965000000000","pnu":"1159010100102540010","name":"서울특별시 동작구 노량진동","address":"서울특별시 동작구 노량진동","useName":"단독주택","floors":2.0,"height":7.4,"heightSource":"estimated","heightRaw":0.0,"sourceDate":"2026-09-09"},"geometry":{"type":"Polygon","coordinates":[[[126.93805514,37.51162584],[126.93802633,37.51162948],[126.93802632,37.51163596],[126.93794749,37.5116455],[126.93796244,37.5117204],[126.93807204,37.51170441],[126.93805514,37.51162584]]]}},{"type":"Feature","id":"seoul-building-522117","properties":{"id":"seoul-building-522117","sourceId":"0000193865414455669500000000","pnu":"1159010800105070000","name":"서울특별시 동작구 대방동","address":"서울특별시 동작구 대방동","useName":"","floors":0.0,"height":0,"heightSource":"unknown","heightRaw":0.0,"sourceDate":"2026-09-09"},"geometry":{"type":"Polygon","coordinates":[[[126.931371,37.51224497],[126.93131773,37.51231082],[126.93143379,37.51236636],[126.93148545,37.51230107],[126.931371,37.51224497]]]}},{"type":"Feature","id":"seoul-building-522138","properties":{"id":"seoul-building-522138","sourceId":"1993194308594455032000000000","pnu":"1159010100102790003","name":"서울특별시 동작구 노량진동","address":"서울특별시 동작구 노량진동","useName":"단독주택","floors":3.0,"height":9.6,"heightSource":"measured","heightRaw":9.6,"sourceDate":"2026-09-09"},"geometry":{"type":"Polygon","coordinates":[[[126.93640443,37.51168184],[126.93640372,37.51168944],[126.93633497,37.51168744],[126.93632871,37.51177669],[126.93649412,37.51178438],[126.93650002,37.51169597],[126.93646539,37.51169454],[126.9364654,37.51168469],[126.93640443,37.51168184]]]}},{"type":"Feature","id":"seoul-building-522140","properties":{"id":"seoul-building-522140","sourceId":"1994194265854455457700000000","pnu":"1159010100102750001","name":"서울특별시 동작구 노량진동","address":"서울특별시 동작구 노량진동","useName":"제2종근린생활시설","floors":5.0,"height":15.95,"heightSource":"measured","heightRaw":15.95,"sourceDate":"2026-09-09"},"geometry":{"type":"Polygon","coordinates":[[[126.93599612,37.51216534],[126.93600531,37.51216422],[126.93598436,37.51207186],[126.93596281,37.51205805],[126.93585818,37.51206729],[126.93588406,37.51217965],[126.93599612,37.51216534]]]}},{"type":"Feature","id":"seoul-building-522183","properties":{"id":"seoul-building-522183","sourceId":"1966194486084453668700000000","pnu":"1159010100102480113","name":"서울특별시 동작구 노량진동","address":"서울특별시 동작구 노량진동","useName":"단독주택","floors":1.0,"height":4.2,"heightSource":"estimated","heightRaw":0.0,"sourceDate":"2026-09-09"},"geometry":{"type":"Polygon","coordinates":[[[126.93838817,37.51045611],[126.93838122,37.51052201],[126.93838669,37.5105327],[126.93839447,37.510533],[126.93839445,37.51055693],[126.93845311,37.51056174],[126.93846821,37.51046573],[126.93844172,37.51046459],[126.93844172,37.51045952],[126.93838817,37.51045611]]]}},{"type":"Feature","id":"seoul-building-522190","properties":{"id":"seoul-building-522190","sourceId":"1997194098114456171100000000","pnu":"1159010800100490006","name":"서울특별시 동작구 대방동","address":"서울특별시 동작구 대방동","useName":"","floors":0.0,"height":0,"heightSource":"unknown","heightRaw":0.0,"sourceDate":"2026-09-09"},"geometry":{"type":"Polygon","coordinates":[[[126.93382528,37.51262394],[126.9338247,37.51267998],[126.93378548,37.5126777],[126.93378447,37.51280947],[126.93378427,37.51284101],[126.93382509,37.51284243],[126.93382663,37.51289424],[126.93424389,37.51289252],[126.93424447,37.51283986],[126.93428265,37.51283876],[126.93428267,37.51280947],[126.93428174,37.51267797],[126.93424285,37.51267542],[126.93424078,37.51262586],[126.93382528,37.51262394]]]}},{"type":"Feature","id":"seoul-building-522193","properties":{"id":"seoul-building-522193","sourceId":"1988194524164456086300000000","pnu":"1159010100100390003","name":"서울특별시 동작구 노량진동","address":"서울특별시 동작구 노량진동","useName":"단독주택","floors":4.0,"height":13.8,"heightSource":"estimated","heightRaw":0.0,"sourceDate":"2026-09-09"},"geometry":{"type":"Polygon","coordinates":[[[126.93888706,37.51263428],[126.93879144,37.51264971],[126.93880799,37.51271645],[126.93883256,37.51271168],[126.93883872,37.51273956],[126.93890801,37.51272777],[126.93888706,37.51263428]]]}},{"type":"Feature","id":"seoul-building-522237","properties":{"id":"seoul-building-522237","sourceId":"1965194263214455336500000000","pnu":"1159010100102750002","name":"서울특별시 동작구 노량진동","address":"서울특별시 동작구 노량진동","useName":"제1종근린생활시설","floors":2.0,"height":7.4,"heightSource":"estimated","heightRaw":0.0,"sourceDate":"2026-09-09"},"geometry":{"type":"Polygon","coordinates":[[[126.93583513,37.5119569],[126.93585114,37.51203435],[126.93597801,37.51204933],[126.93598653,37.5120071],[126.93596887,37.51200427],[126.93596727,37.51200878],[126.93589287,37.51200113],[126.93590227,37.51195976],[126.93583513,37.5119569]]]}},{"type":"Feature","id":"seoul-building-522241","properties":{"id":"seoul-building-522241","sourceId":"1992194384484453355600000000","pnu":"1159010100102910015","name":"서울특별시 동작구 노량진동","address":"서울특별시 동작구 노량진동","useName":"단독주택","floors":2.0,"height":7.4,"heightSource":"estimated","heightRaw":0.0,"sourceDate":"2026-09-09"},"geometry":{"type":"Polygon","coordinates":[[[126.93727697,37.51018298],[126.9372766,37.51019199],[126.93722658,37.51019394],[126.93722549,37.51023701],[126.93723892,37.51023927],[126.93723855,37.51026264],[126.93731772,37.510261],[126.93731584,37.51018497],[126.93727697,37.51018298]]]}},{"type":"Feature","id":"seoul-building-522293","properties":{"id":"seoul-building-522293","sourceId":"1989194450904455847300000000","pnu":"1159010100100390026","name":"서울특별시 동작구 노량진동","address":"서울특별시 동작구 노량진동","useName":"제2종근린생활시설","floors":4.0,"height":13.8,"heightSource":"estimated","heightRaw":0.0,"sourceDate":"2026-09-09"},"geometry":{"type":"Polygon","coordinates":[[[126.93806704,37.51239903],[126.93795462,37.51242318],[126.93799339,37.51254737],[126.93807382,37.51253164],[126.93805884,37.51247842],[126.93809261,37.51247168],[126.93806704,37.51239903]]]}},{"type":"Feature","id":"seoul-building-522316","properties":{"id":"seoul-building-522316","sourceId":"1994193805054457987800000000","pnu":"1159010800100820010","name":"대방빗물펌프장","address":"서울특별시 동작구 대방동","useName":"제1종근린생활시설","floors":2.0,"height":9.7,"heightSource":"measured","heightRaw":9.7,"sourceDate":"2026-09-09"},"geometry":{"type":"Polygon","coordinates":[[[126.93066795,37.51434615],[126.930661,37.51441344],[126.93067248,37.51441345],[126.9306707,37.51443625],[126.93077002,37.51444081],[126.93077484,37.51438],[126.93075558,37.51437943],[126.93075755,37.51434873],[126.93066795,37.51434615]]]}},{"type":"Feature","id":"seoul-building-522367","properties":{"id":"seoul-building-522367","sourceId":"1991194342644454647700000000","pnu":"1159010100102800009","name":"서울특별시 동작구 노량진동","address":"서울특별시 동작구 노량진동","useName":"단독주택","floors":2.0,"height":7.4,"heightSource":"estimated","heightRaw":0.0,"sourceDate":"2026-09-09"},"geometry":{"type":"Polygon","coordinates":[[[126.93683311,37.51132843],[126.93676366,37.51132924],[126.93676905,37.51144919],[126.93683603,37.51144725],[126.93683311,37.51132843]]]}},{"type":"Feature","id":"seoul-building-522379","properties":{"id":"seoul-building-522379","sourceId":"1967194621004453370600000000","pnu":"1159010100102350010","name":"서울특별시 동작구 노량진동","address":"서울특별시 동작구 노량진동","useName":"제1종근린생활시설","floors":2.0,"height":7.4,"heightSource":"estimated","heightRaw":0.0,"sourceDate":"2026-09-09"},"geometry":{"type":"Polygon","coordinates":[[[126.93998435,37.51026942],[126.94000007,37.51026915],[126.9400522,37.51026805],[126.94004961,37.51019878],[126.93999995,37.51019791],[126.93998351,37.51019762],[126.93998351,37.51019875],[126.9399632,37.5101993],[126.9399637,37.51022183],[126.93989125,37.51022348],[126.93989056,37.5102094],[126.93983895,37.51021049],[126.93983943,37.510273],[126.93998435,37.51026942]]]}},{"type":"Feature","id":"seoul-building-522401","properties":{"id":"seoul-building-522401","sourceId":"1960194183324454064100000000","pnu":"1159010100102730022","name":"서울특별시 동작구 노량진동","address":"서울특별시 동작구 노량진동","useName":"","floors":0.0,"height":0,"heightSource":"unknown","heightRaw":0.0,"sourceDate":"2026-09-09"},"geometry":{"type":"Polygon","coordinates":[[[126.93500012,37.51086398],[126.93500013,37.51085835],[126.93499642,37.51086173],[126.93500012,37.51086398]]]}},{"type":"Feature","id":"seoul-building-522417","properties":{"id":"seoul-building-522417","sourceId":"0000194222234454431000000000","pnu":"1159010100102730045","name":"서울특별시 동작구 노량진동","address":"서울특별시 동작구 노량진동","useName":"","floors":0.0,"height":0,"heightSource":"unknown","heightRaw":0.0,"sourceDate":"2026-09-09"},"geometry":{"type":"Polygon","coordinates":[[[126.93541638,37.51121306],[126.93541496,37.511217],[126.93544217,37.51122434],[126.93546219,37.51116634],[126.93543569,37.51116014],[126.93543286,37.51116802],[126.93541638,37.51121306]]]}},{"type":"Feature","id":"seoul-building-522421","properties":{"id":"seoul-building-522421","sourceId":"1987194303714453543100000000","pnu":"1159010100102890090","name":"서울특별시 동작구 노량진동","address":"서울특별시 동작구 노량진동","useName":"단독주택","floors":2.0,"height":7.4,"heightSource":"estimated","heightRaw":0.0,"sourceDate":"2026-09-09"},"geometry":{"type":"Polygon","coordinates":[[[126.93633328,37.51034437],[126.93632762,37.51035478],[126.93630994,37.51034886],[126.93628268,37.51040403],[126.9363249,37.51041814],[126.93632049,37.51042601],[126.93639576,37.51044943],[126.93643311,37.51037089],[126.93643929,37.51037315],[126.93644195,37.51036386],[126.93642092,37.51035821],[126.93641738,37.51036469],[126.93639212,37.51035567],[126.93638734,37.51035961],[126.93633328,37.51034437]]]}},{"type":"Feature","id":"seoul-building-522480","properties":{"id":"seoul-building-522480","sourceId":"1990194300414455376400000000","pnu":"1159010100102760013","name":"서울특별시 동작구 노량진동","address":"서울특별시 동작구 노량진동","useName":"단독주택","floors":3.0,"height":10.6,"heightSource":"estimated","heightRaw":0.0,"sourceDate":"2026-09-09"},"geometry":{"type":"Polygon","coordinates":[[[126.93631472,37.51200502],[126.93631331,37.51200925],[126.93628503,37.51200586],[126.93626695,37.51207286],[126.93635654,37.51208727],[126.93637621,37.51201323],[126.93631472,37.51200502]]]}},{"type":"Feature","id":"seoul-building-522486","properties":{"id":"seoul-building-522486","sourceId":"1988194574484454994900000000","pnu":"1159010100102430011","name":"서울특별시 동작구 노량진동","address":"서울특별시 동작구 노량진동","useName":"단독주택","floors":2.0,"height":7.4,"heightSource":"estimated","heightRaw":0.0,"sourceDate":"2026-09-09"},"geometry":{"type":"Polygon","coordinates":[[[126.93942263,37.51166907],[126.93935687,37.51168395],[126.93936481,37.51171042],[126.9393763,37.51170902],[126.93938653,37.51174085],[126.93948693,37.51172119],[126.93947458,37.51168486],[126.93945586,37.51167106],[126.93942263,37.51166907]]]}},{"type":"Feature","id":"seoul-building-522499","properties":{"id":"seoul-building-522499","sourceId":"0000194492154455790200000000","pnu":"1159010100100370006","name":"서울특별시 동작구 노량진동","address":"서울특별시 동작구 노량진동","useName":"","floors":0.0,"height":0,"heightSource":"unknown","heightRaw":0.0,"sourceDate":"2026-09-09"},"geometry":{"type":"Polygon","coordinates":[[[126.93853963,37.51239054],[126.93843073,37.51241104],[126.93844309,37.51244708],[126.93855074,37.51242489],[126.93853963,37.51239054]]]}},{"type":"Feature","id":"seoul-building-522513","properties":{"id":"seoul-building-522513","sourceId":"1980194176004456418500000000","pnu":"1159010100102660004","name":"서울특별시 동작구 노량진동","address":"서울특별시 동작구 노량진동","useName":"제2종근린생활시설","floors":4.0,"height":12.8,"heightSource":"measured","heightRaw":12.8,"sourceDate":"2026-09-09"},"geometry":{"type":"Polygon","coordinates":[[[126.93486563,37.51291087],[126.93486154,37.51294663],[126.93482884,37.51294436],[126.93482601,37.51294801],[126.93481433,37.51296885],[126.93478022,37.51296742],[126.93477381,37.51302542],[126.93500001,37.51303963],[126.93503836,37.5130419],[126.93504389,37.51298502],[126.93500042,37.51298106],[126.93500506,37.51292025],[126.93500012,37.51291968],[126.93486563,37.51291087]]]}},{"type":"Feature","id":"seoul-building-522541","properties":{"id":"seoul-building-522541","sourceId":"1976194083624454993900000000","pnu":"1159010800100450004","name":"서울특별시 동작구 대방동","address":"서울특별시 동작구 대방동","useName":"단독주택","floors":2.0,"height":7.4,"heightSource":"estimated","heightRaw":0.0,"sourceDate":"2026-09-09"},"geometry":{"type":"Polygon","coordinates":[[[126.9338608,37.51163427],[126.93382598,37.51163706],[126.93378406,37.51166294],[126.93388701,37.51177197],[126.93395721,37.51172809],[126.9338608,37.51163427]]]}},{"type":"Feature","id":"seoul-building-522550","properties":{"id":"seoul-building-522550","sourceId":"1961194301964456549800000000","pnu":"1159010100100270010","name":"서울특별시 동작구 노량진동","address":"서울특별시 동작구 노량진동","useName":"제2종근린생활시설","floors":3.0,"height":10.6,"heightSource":"estimated","heightRaw":0.0,"sourceDate":"2026-09-09"},"geometry":{"type":"Polygon","coordinates":[[[126.93626016,37.51299526],[126.93622874,37.51314616],[126.93648252,37.51316263],[126.93649295,37.51316292],[126.93649896,37.51316151],[126.9365032,37.51315729],[126.93650427,37.51315194],[126.93650392,37.51314857],[126.9365011,37.51314546],[126.93626016,37.51299526]]]}},{"type":"Feature","id":"seoul-building-522596","properties":{"id":"seoul-building-522596","sourceId":"2007194472634454687400000000","pnu":"1159010100102440018","name":"서울특별시 동작구 노량진동","address":"서울특별시 동작구 노량진동","useName":"단독주택","floors":4.0,"height":10.4,"heightSource":"measured","heightRaw":10.4,"sourceDate":"2026-09-09"},"geometry":{"type":"Polygon","coordinates":[[[126.93825487,37.51137142],[126.93823571,37.51147136],[126.93828465,37.51147871],[126.93830701,37.5113796],[126.93825487,37.51137142]]]}},{"type":"Feature","id":"seoul-building-522601","properties":{"id":"seoul-building-522601","sourceId":"1959194234554453991700000000","pnu":"1159010100102860003","name":"서울특별시 동작구 노량진동","address":"서울특별시 동작구 노량진동","useName":"단독주택","floors":2.0,"height":7.4,"heightSource":"estimated","heightRaw":0.0,"sourceDate":"2026-09-09"},"geometry":{"type":"Polygon","coordinates":[[[126.93553607,37.51073306],[126.93548619,37.51078766],[126.93551694,37.51080457],[126.93551781,37.51081668],[126.93557629,37.51084149],[126.93558213,37.51083474],[126.93562523,37.51085729],[126.93567406,37.51080128],[126.93553607,37.51073306]]]}},{"type":"Feature","id":"seoul-building-522607","properties":{"id":"seoul-building-522607","sourceId":"1966193958014454160500000000","pnu":"1159010800100320031","name":"서울특별시 동작구 대방동","address":"서울특별시 동작구 대방동","useName":"단독주택","floors":1.0,"height":4.2,"heightSource":"estimated","heightRaw":0.0,"sourceDate":"2026-09-09"},"geometry":{"type":"Polygon","coordinates":[[[126.93249604,37.51091128],[126.93245096,37.51091998],[126.93245131,37.51092308],[126.93239104,37.51093403],[126.93240266,37.51097824],[126.93250482,37.51096479],[126.93249604,37.51091128]]]}},{"type":"Feature","id":"seoul-building-522609","properties":{"id":"seoul-building-522609","sourceId":"1994194526764454368000000000","pnu":"1159010100102460073","name":"서울특별시 동작구 노량진동","address":"서울특별시 동작구 노량진동","useName":"단독주택","floors":2.0,"height":6.5,"heightSource":"measured","heightRaw":6.5,"sourceDate":"2026-09-09"},"geometry":{"type":"Polygon","coordinates":[[[126.93884484,37.51109015],[126.93881865,37.51115519],[126.93891334,37.51118085],[126.93891653,37.51117466],[126.93892943,37.51117832],[126.93894129,37.51114708],[126.93893423,37.51114539],[126.93894414,37.51111893],[126.93884484,37.51109015]]]}},{"type":"Feature","id":"seoul-building-522615","properties":{"id":"seoul-building-522615","sourceId":"1988193836614457469300000000","pnu":"1159010800100670001","name":"서울특별시 동작구 대방동","address":"서울특별시 동작구 대방동","useName":"제1종근린생활시설","floors":1.0,"height":4.2,"heightSource":"estimated","heightRaw":0.0,"sourceDate":"2026-09-09"},"geometry":{"type":"Polygon","coordinates":[[[126.9310452,37.51387447],[126.93102655,37.51396991],[126.93110448,37.51398009],[126.93112154,37.51388324],[126.9310452,37.51387447]]]}},{"type":"Feature","id":"seoul-building-522642","properties":{"id":"seoul-building-522642","sourceId":"1990194417944455401500000000","pnu":"1159010100102560050","name":"서울특별시 동작구 노량진동","address":"서울특별시 동작구 노량진동","useName":"단독주택","floors":3.0,"height":10.6,"heightSource":"estimated","heightRaw":0.0,"sourceDate":"2026-09-09"},"geometry":{"type":"Polygon","coordinates":[[[126.93768226,37.51200802],[126.93759123,37.51202627],[126.93762048,37.51212735],[126.93771205,37.51210967],[126.93768226,37.51200802]]]}},{"type":"Feature","id":"seoul-building-522654","properties":{"id":"seoul-building-522654","sourceId":"1999193978614454847700000000","pnu":"1159010800100320001","name":"서울특별시 동작구 대방동","address":"서울특별시 동작구 대방동","useName":"제2종근린생활시설","floors":1.0,"height":3.5,"heightSource":"measured","heightRaw":3.5,"sourceDate":"2026-09-09"},"geometry":{"type":"Polygon","coordinates":[[[126.93261531,37.51152207],[126.93259601,37.51156373],[126.93275059,37.51161],[126.9327699,37.51156861],[126.93261531,37.51152207]]]}},{"type":"Feature","id":"seoul-building-522655","properties":{"id":"seoul-building-522655","sourceId":"1995194237404455117400000000","pnu":"1159010100102720017","name":"서울특별시 동작구 노량진동","address":"서울특별시 동작구 노량진동","useName":"단독주택","floors":4.0,"height":10.8,"heightSource":"measured","heightRaw":10.8,"sourceDate":"2026-09-09"},"geometry":{"type":"Polygon","coordinates":[[[126.93556913,37.5117684],[126.93555792,37.51184497],[126.93565141,37.51185291],[126.93566013,37.51177576],[126.93556913,37.5117684]]]}},{"type":"Feature","id":"seoul-building-522676","properties":{"id":"seoul-building-522676","sourceId":"1966194588504453365900000000","pnu":"1159010100102330004","name":"서울특별시 동작구 노량진동","address":"서울특별시 동작구 노량진동","useName":"단독주택","floors":2.0,"height":7.4,"heightSource":"estimated","heightRaw":0.0,"sourceDate":"2026-09-09"},"geometry":{"type":"Polygon","coordinates":[[[126.93957662,37.51030244],[126.93961869,37.51026924],[126.93962913,37.51026107],[126.93962401,37.51025601],[126.93966061,37.51022814],[126.93960392,37.510178],[126.93958447,37.51018503],[126.93957865,37.51017996],[126.93950208,37.51022751],[126.93957662,37.51030244]]]}},{"type":"Feature","id":"seoul-building-522680","properties":{"id":"seoul-building-522680","sourceId":"0000194276044458549300000000","pnu":"1159010100100130006","name":"서울특별시 동작구 노량진동","address":"서울특별시 동작구 노량진동","useName":"","floors":0.0,"height":0,"heightSource":"unknown","heightRaw":0.0,"sourceDate":"2026-09-09"},"geometry":{"type":"Polygon","coordinates":[[[126.93600263,37.51488328],[126.93599714,37.51490863],[126.93608549,37.51492247],[126.93609223,37.51489854],[126.93600263,37.51488328]]]}},{"type":"Feature","id":"seoul-building-522699","properties":{"id":"seoul-building-522699","sourceId":"1990194455124456525600000000","pnu":"1159010100100400043","name":"서울특별시 동작구 노량진동","address":"서울특별시 동작구 노량진동","useName":"단독주택","floors":3.0,"height":10.6,"heightSource":"estimated","heightRaw":0.0,"sourceDate":"2026-09-09"},"geometry":{"type":"Polygon","coordinates":[[[126.93802515,37.51304688],[126.93801997,37.51311107],[126.93811682,37.51311535],[126.93812252,37.51305031],[126.93802515,37.51304688]]]}},{"type":"Feature","id":"seoul-building-522701","properties":{"id":"seoul-building-522701","sourceId":"1990194116054453976500000000","pnu":"1159010800100440074","name":"서울특별시 동작구 대방동","address":"서울특별시 동작구 대방동","useName":"공동주택","floors":2.0,"height":6.9,"heightSource":"estimated","heightRaw":0.0,"sourceDate":"2026-09-09"},"geometry":{"type":"Polygon","coordinates":[[[126.9341751,37.51073147],[126.9341597,37.51076187],[126.93415369,37.51075933],[126.93414414,37.51078186],[126.93430332,37.51083854],[126.93431465,37.51081405],[126.93430935,37.51081122],[126.93432599,37.51078083],[126.93428783,37.51076842],[126.93428996,37.51076167],[126.93421787,37.51073741],[126.93421414,37.51074304],[126.9341751,37.51073147]]]}},{"type":"Feature","id":"seoul-building-522720","properties":{"id":"seoul-building-522720","sourceId":"2006194030404454921700000000","pnu":"1159010800100430015","name":"서울특별시 동작구 대방동","address":"서울특별시 동작구 대방동","useName":"단독주택","floors":4.0,"height":13.8,"heightSource":"estimated","heightRaw":0.0,"sourceDate":"2026-09-09"},"geometry":{"type":"Polygon","coordinates":[[[126.9332665,37.51157649],[126.93320087,37.51164291],[126.9332293,37.51166207],[126.93323178,37.51166066],[126.93327824,37.51168744],[126.93333131,37.51163003],[126.93331824,37.51161961],[126.93331931,37.51161313],[126.9332665,37.51157649]]]}},{"type":"Feature","id":"seoul-building-522750","properties":{"id":"seoul-building-522750","sourceId":"1986194485554455280000000000","pnu":"1159010100102440060","name":"서울특별시 동작구 노량진동","address":"서울특별시 동작구 노량진동","useName":"단독주택","floors":2.0,"height":7.4,"heightSource":"estimated","heightRaw":0.0,"sourceDate":"2026-09-09"},"geometry":{"type":"Polygon","coordinates":[[[126.93837973,37.51191743],[126.93836506,37.5119239],[126.9383392,37.51197345],[126.93845741,37.51200785],[126.93848963,37.51194002],[126.93844634,37.51192563],[126.93844546,37.51192816],[126.93840994,37.51191801],[126.93840694,37.51192251],[126.93837973,37.51191743]]]}},{"type":"Feature","id":"seoul-building-522761","properties":{"id":"seoul-building-522761","sourceId":"1988194481724455390700000000","pnu":"1159010100102440079","name":"서울특별시 동작구 노량진동","address":"서울특별시 동작구 노량진동","useName":"단독주택","floors":2.0,"height":7.4,"heightSource":"estimated","heightRaw":0.0,"sourceDate":"2026-09-09"},"geometry":{"type":"Polygon","coordinates":[[[126.93831655,37.51200637],[126.93828504,37.51207787],[126.93842392,37.51211427],[126.93845775,37.51203263],[126.93839307,37.51201626],[126.93838971,37.51202499],[126.93831655,37.51200637]]]}},{"type":"Feature","id":"seoul-building-522799","properties":{"id":"seoul-building-522799","sourceId":"1991194578644453225100000000","pnu":"1159010100102340005","name":"서울특별시 동작구 노량진동","address":"서울특별시 동작구 노량진동","useName":"공동주택","floors":3.0,"height":9.85,"heightSource":"estimated","heightRaw":0.0,"sourceDate":"2026-09-09"},"geometry":{"type":"Polygon","coordinates":[[[126.93946974,37.51001547],[126.93936118,37.51007567],[126.93946005,37.51018835],[126.93948886,37.51019371],[126.93957974,37.51013913],[126.93946974,37.51001547]]]}},{"type":"Feature","id":"seoul-building-522810","properties":{"id":"seoul-building-522810","sourceId":"1971194438504455001500000000","pnu":"1159010100102550004","name":"서울특별시 동작구 노량진동","address":"서울특별시 동작구 노량진동","useName":"단독주택","floors":2.0,"height":7.4,"heightSource":"estimated","heightRaw":0.0,"sourceDate":"2026-09-09"},"geometry":{"type":"Polygon","coordinates":[[[126.93790063,37.51167025],[126.93782798,37.51170118],[126.93785763,37.51174737],[126.93792003,37.51172178],[126.93794213,37.51171307],[126.93792007,37.5116787],[126.93791724,37.51167476],[126.93790593,37.51167926],[126.93790063,37.51167025]]]}},{"type":"Feature","id":"seoul-building-522818","properties":{"id":"seoul-building-522818","sourceId":"1992194342614453794100000000","pnu":"1159010100102890083","name":"서울특별시 동작구 노량진동","address":"서울특별시 동작구 노량진동","useName":"단독주택","floors":2.0,"height":7.4,"heightSource":"estimated","heightRaw":0.0,"sourceDate":"2026-09-09"},"geometry":{"type":"Polygon","coordinates":[[[126.93681166,37.51057242],[126.93675935,37.51057492],[126.93676404,37.51066474],[126.93684375,37.51066113],[126.93684238,37.5106172],[126.93683973,37.5106172],[126.93683729,37.51057666],[126.93681254,37.51057721],[126.93681166,37.51057242]]]}},{"type":"Feature","id":"seoul-building-522833","properties":{"id":"seoul-building-522833","sourceId":"1998193895444455454000000000","pnu":"1159010800100390002","name":"서울특별시 동작구 대방동","address":"서울특별시 동작구 대방동","useName":"제1종근린생활시설","floors":4.0,"height":14.4,"heightSource":"measured","heightRaw":14.4,"sourceDate":"2026-09-09"},"geometry":{"type":"Polygon","coordinates":[[[126.93172619,37.51190617],[126.9317237,37.51192025],[126.93164629,37.51191851],[126.93164302,37.51219755],[126.93169215,37.51219673],[126.93168982,37.51224234],[126.93173293,37.51224237],[126.931726,37.51229051],[126.93172529,37.51229642],[126.93172528,37.51230431],[126.93172721,37.51231163],[126.93173305,37.51231811],[126.93174276,37.51232346],[126.93175408,37.51232769],[126.93176238,37.51232967],[126.93177581,37.51233137],[126.93178906,37.51233138],[126.93180355,37.51233082],[126.93181576,37.51232942],[126.93182335,37.51232322],[126.93182601,37.51232014],[126.93182866,37.51231676],[126.93183079,37.5123145],[126.9318331,37.51230662],[126.93184246,37.51210615],[126.93179811,37.51210415],[126.93181135,37.51192706],[126.93174738,37.51192335],[126.93174633,37.51190703],[126.93172619,37.51190617]]]}},{"type":"Feature","id":"seoul-building-522873","properties":{"id":"seoul-building-522873","sourceId":"1970194446644455182500000000","pnu":"1159010100102550003","name":"서울특별시 동작구 노량진동","address":"서울특별시 동작구 노량진동","useName":"단독주택","floors":2.0,"height":7.4,"heightSource":"estimated","heightRaw":0.0,"sourceDate":"2026-09-09"},"geometry":{"type":"Polygon","coordinates":[[[126.93797084,37.51181811],[126.93791993,37.51183976],[126.93791834,37.5118406],[126.93791993,37.51184341],[126.93796917,37.51192312],[126.93803865,37.51189106],[126.93800493,37.51184628],[126.93799274,37.51185218],[126.93797084,37.51181811]]]}},{"type":"Feature","id":"seoul-building-522888","properties":{"id":"seoul-building-522888","sourceId":"1991194414204453170700000000","pnu":"1159010100102490053","name":"서울특별시 동작구 노량진동","address":"서울특별시 동작구 노량진동","useName":"단독주택","floors":2.0,"height":7.4,"heightSource":"estimated","heightRaw":0.0,"sourceDate":"2026-09-09"},"geometry":{"type":"Polygon","coordinates":[[[126.93767669,37.51000553],[126.93757454,37.51000575],[126.937574,37.51001419],[126.93755987,37.51001447],[126.93754466,37.51002601],[126.93754423,37.5101071],[126.93767112,37.5101097],[126.93767669,37.51000553]]]}},{"type":"Feature","id":"seoul-building-522898","properties":{"id":"seoul-building-522898","sourceId":"1967194463534454780100000000","pnu":"1159010100102530001","name":"서울특별시 동작구 노량진동","address":"서울특별시 동작구 노량진동","useName":"단독주택","floors":2.0,"height":7.4,"heightSource":"estimated","heightRaw":0.0,"sourceDate":"2026-09-09"},"geometry":{"type":"Polygon","coordinates":[[[126.93817686,37.5114688],[126.93817366,37.51148344],[126.93813691,37.51147892],[126.93813548,37.51149637],[126.9381141,37.51149467],[126.93811356,37.5114972],[126.93809924,37.51149635],[126.9380957,37.51151802],[126.93810135,37.51151887],[126.93809958,37.51152788],[126.93821108,37.51154652],[126.93822474,37.51147304],[126.93817686,37.5114688]]]}},{"type":"Feature","id":"seoul-building-522920","properties":{"id":"seoul-building-522920","sourceId":"1998193955114454752300000000","pnu":"1159010800100230060","name":"서울특별시 동작구 대방동","address":"서울특별시 동작구 대방동","useName":"단독주택","floors":2.0,"height":7.4,"heightSource":"measured","heightRaw":7.4,"sourceDate":"2026-09-09"},"geometry":{"type":"Polygon","coordinates":[[[126.93236001,37.51142056],[126.93233873,37.51150304],[126.93242709,37.51151886],[126.93242567,37.51153238],[126.9324808,37.51154114],[126.93249675,37.51148596],[126.93247485,37.51148032],[126.93247521,37.51146849],[126.93245825,37.51146567],[126.93246143,37.51144933],[126.93245844,37.51143694],[126.93236001,37.51142056]]]}},{"type":"Feature","id":"seoul-building-522923","properties":{"id":"seoul-building-522923","sourceId":"1976194442224457639900000000","pnu":"1159010100100130001","name":"서울특별시 동작구 노량진동","address":"서울특별시 동작구 노량진동","useName":"창고시설","floors":1.0,"height":4.2,"heightSource":"estimated","heightRaw":0.0,"sourceDate":"2026-09-09"},"geometry":{"type":"Polygon","coordinates":[[[126.93760248,37.51401777],[126.9376197,37.51412843],[126.9376227,37.51414702],[126.93778336,37.51413359],[126.93792014,37.51415084],[126.93808996,37.51417232],[126.93821577,37.51420645],[126.93826024,37.51407358],[126.93812701,37.51403466],[126.93791991,37.51400554],[126.93777006,37.51398463],[126.93760073,37.51400595],[126.93760248,37.51401777]]]}},{"type":"Feature","id":"seoul-building-522932","properties":{"id":"seoul-building-522932","sourceId":"1994193830254455958600000000","pnu":"1159010800105020000","name":"서울특별시 동작구 대방동","address":"서울특별시 동작구 대방동","useName":"","floors":0.0,"height":0,"heightSource":"unknown","heightRaw":0.0,"sourceDate":"2026-09-09"},"geometry":{"type":"Polygon","coordinates":[[[126.93102608,37.51254998],[126.93098119,37.5125508],[126.93098151,37.51258177],[126.93102676,37.51258124],[126.93102608,37.51254998]]]}},{"type":"Feature","id":"seoul-building-522945","properties":{"id":"seoul-building-522945","sourceId":"1991194503834455836800000000","pnu":"1159010100100390013","name":"서울특별시 동작구 노량진동","address":"서울특별시 동작구 노량진동","useName":"단독주택","floors":2.0,"height":7.4,"heightSource":"estimated","heightRaw":0.0,"sourceDate":"2026-09-09"},"geometry":{"type":"Polygon","coordinates":[[[126.93865997,37.51240468],[126.9385571,37.51242631],[126.93858831,37.51251699],[126.93868623,37.51249564],[126.93865997,37.51240468]]]}},{"type":"Feature","id":"seoul-building-522950","properties":{"id":"seoul-building-522950","sourceId":"1961194205594454024200000000","pnu":"1159010100102730021","name":"서울특별시 동작구 노량진동","address":"서울특별시 동작구 노량진동","useName":"단독주택","floors":1.0,"height":4.2,"heightSource":"estimated","heightRaw":0.0,"sourceDate":"2026-09-09"},"geometry":{"type":"Polygon","coordinates":[[[126.93527025,37.51076586],[126.93523415,37.51081905],[126.93519352,37.51079848],[126.93516221,37.51083788],[126.93525194,37.51088692],[126.93531298,37.51081882],[126.93533103,37.51078532],[126.93527025,37.51076586]]]}},{"type":"Feature","id":"seoul-building-522979","properties":{"id":"seoul-building-522979","sourceId":"1996193951674453707700000000","pnu":"1159010800100320045","name":"서울특별시 동작구 대방동","address":"서울특별시 동작구 대방동","useName":"단독주택","floors":2.0,"height":7.8,"heightSource":"measured","heightRaw":7.8,"sourceDate":"2026-09-09"},"geometry":{"type":"Polygon","coordinates":[[[126.9324045,37.51050352],[126.93233573,37.51052826],[126.93233659,37.51055783],[126.93242053,37.51056548],[126.9324045,37.51050352]]]}},{"type":"Feature","id":"seoul-building-522984","properties":{"id":"seoul-building-522984","sourceId":"0000194236644453806800000000","pnu":"1159010100102860002","name":"서울특별시 동작구 노량진동","address":"서울특별시 동작구 노량진동","useName":"","floors":0.0,"height":0,"heightSource":"unknown","heightRaw":0.0,"sourceDate":"2026-09-09"},"geometry":{"type":"Polygon","coordinates":[[[126.93561872,37.51060106],[126.93558762,37.51059963],[126.93558387,37.51065031],[126.93561584,37.51066667],[126.93561872,37.51060106]]]}},{"type":"Feature","id":"seoul-building-523058","properties":{"id":"seoul-building-523058","sourceId":"0000193910954453601300000000","pnu":"1159010800100230031","name":"서울특별시 동작구 대방동","address":"서울특별시 동작구 대방동","useName":"","floors":0.0,"height":0,"heightSource":"unknown","heightRaw":0.0,"sourceDate":"2026-09-09"},"geometry":{"type":"Polygon","coordinates":[[[126.93188288,37.51040891],[126.93188158,37.51047423],[126.93195298,37.51047624],[126.93195728,37.51041205],[126.93188288,37.51040891]]]}},{"type":"Feature","id":"seoul-building-523065","properties":{"id":"seoul-building-523065","sourceId":"0000194420844458228400000000","pnu":"1159010100100130006","name":"서울특별시 동작구 노량진동","address":"서울특별시 동작구 노량진동","useName":"","floors":0.0,"height":0,"heightSource":"unknown","heightRaw":0.0,"sourceDate":"2026-09-09"},"geometry":{"type":"Polygon","coordinates":[[[126.93764972,37.5146026],[126.9376467,37.51461527],[126.93771579,37.51462685],[126.93771827,37.51461502],[126.93764972,37.5146026]]]}},{"type":"Feature","id":"seoul-building-523080","properties":{"id":"seoul-building-523080","sourceId":"0000194228954454986500000000","pnu":"1159010100102720022","name":"서울특별시 동작구 노량진동","address":"서울특별시 동작구 노량진동","useName":"단독주택","floors":1.0,"height":4.2,"heightSource":"estimated","heightRaw":0.0,"sourceDate":"2026-09-09"},"geometry":{"type":"Polygon","coordinates":[[[126.9355215,37.51166166],[126.93551936,37.51167517],[126.9354531,37.51167035],[126.93544352,37.51171229],[126.93556864,37.51172081],[126.93557557,37.51166647],[126.9355215,37.51166166]]]}},{"type":"Feature","id":"seoul-building-523129","properties":{"id":"seoul-building-523129","sourceId":"1976194407584457632700000000","pnu":"1159010100100130001","name":"서울특별시 동작구 노량진동","address":"서울특별시 동작구 노량진동","useName":"","floors":0.0,"height":0,"heightSource":"unknown","heightRaw":0.0,"sourceDate":"2026-09-09"},"geometry":{"type":"Polygon","coordinates":[[[126.93760248,37.51401777],[126.93743916,37.51403458],[126.93745517,37.51412243],[126.93754529,37.51413544],[126.9376197,37.51412843],[126.93760248,37.51401777]]]}},{"type":"Feature","id":"seoul-building-523132","properties":{"id":"seoul-building-523132","sourceId":"1992194402364453446800000000","pnu":"1159010100102490004","name":"서울특별시 동작구 노량진동","address":"서울특별시 동작구 노량진동","useName":"단독주택","floors":2.0,"height":7.4,"heightSource":"estimated","heightRaw":0.0,"sourceDate":"2026-09-09"},"geometry":{"type":"Polygon","coordinates":[[[126.93754145,37.51026788],[126.93741278,37.51028048],[126.93741664,37.51031145],[126.93740693,37.51031173],[126.93741149,37.51034495],[126.93754246,37.51033151],[126.93754145,37.51026788]]]}},{"type":"Feature","id":"seoul-building-523137","properties":{"id":"seoul-building-523137","sourceId":"1988194162174453592900000000","pnu":"1159010800100440176","name":"서울특별시 동작구 대방동","address":"서울특별시 동작구 대방동","useName":"단독주택","floors":2.0,"height":7.4,"heightSource":"estimated","heightRaw":0.0,"sourceDate":"2026-09-09"},"geometry":{"type":"Polygon","coordinates":[[[126.93473404,37.51038095],[126.93472749,37.51040517],[126.93471865,37.5104091],[126.93471545,37.51042064],[126.93470838,37.51042092],[126.93469844,37.51046907],[126.93473891,37.51047528],[126.93473766,37.51048569],[126.9347935,37.51049558],[126.93481639,37.51039255],[126.93473404,37.51038095]]]}},{"type":"Feature","id":"seoul-building-523146","properties":{"id":"seoul-building-523146","sourceId":"1983194045184454208000000000","pnu":"1159010800100440156","name":"서울특별시 동작구 대방동","address":"서울특별시 동작구 대방동","useName":"단독주택","floors":2.0,"height":7.4,"heightSource":"estimated","heightRaw":0.0,"sourceDate":"2026-09-09"},"geometry":{"type":"Polygon","coordinates":[[[126.93339661,37.51093461],[126.93334445,37.51095738],[126.93338399,37.51101118],[126.93338117,37.51101569],[126.9334179,37.51103316],[126.933411,37.51104357],[126.93345624,37.51106556],[126.933527,37.51096931],[126.93347967,37.51094675],[126.93347453,37.51095267],[126.93339661,37.51093461]]]}},{"type":"Feature","id":"seoul-building-523155","properties":{"id":"seoul-building-523155","sourceId":"1977193976524454388700000000","pnu":"1159010800100320068","name":"서울특별시 동작구 대방동","address":"서울특별시 동작구 대방동","useName":"단독주택","floors":1.0,"height":4.2,"heightSource":"estimated","heightRaw":0.0,"sourceDate":"2026-09-09"},"geometry":{"type":"Polygon","coordinates":[[[126.9326786,37.51109018],[126.93258349,37.51113573],[126.93264774,37.51121518],[126.93271917,37.51117974],[126.93271422,37.51117467],[126.93273085,37.51116342],[126.93270119,37.51112849],[126.9327042,37.51112596],[126.9326786,37.51109018]]]}},{"type":"Feature","id":"seoul-building-523164","properties":{"id":"seoul-building-523164","sourceId":"0000194027054455413600000000","pnu":"1159010800100410000","name":"서울특별시 동작구 대방동","address":"서울특별시 동작구 대방동","useName":"","floors":0.0,"height":0,"heightSource":"unknown","heightRaw":0.0,"sourceDate":"2026-09-09"},"geometry":{"type":"Polygon","coordinates":[[[126.93324062,37.51205908],[126.93320402,37.51207595],[126.93322009,37.5120937],[126.93325669,37.5120757],[126.93324062,37.51205908]]]}},{"type":"Feature","id":"seoul-building-523187","properties":{"id":"seoul-building-523187","sourceId":"1992194542334454987800000000","pnu":"1159010100102460001","name":"서울특별시 동작구 노량진동","address":"서울특별시 동작구 노량진동","useName":"제2종근린생활시설","floors":5.0,"height":17.0,"heightSource":"estimated","heightRaw":0.0,"sourceDate":"2026-09-09"},"geometry":{"type":"Polygon","coordinates":[[[126.93904095,37.51160721],[126.93900677,37.51169307],[126.93898751,37.51168968],[126.93896025,37.5117488],[126.93899011,37.51175867],[126.93899311,37.51175304],[126.93908499,37.51178152],[126.93914891,37.51163739],[126.93904095,37.51160721]]]}},{"type":"Feature","id":"seoul-building-523191","properties":{"id":"seoul-building-523191","sourceId":"0000193963554455647100000000","pnu":"1159010800100230166","name":"서울특별시 동작구 대방동","address":"서울특별시 동작구 대방동","useName":"","floors":0.0,"height":0,"heightSource":"unknown","heightRaw":0.0,"sourceDate":"2026-09-09"},"geometry":{"type":"Polygon","coordinates":[[[126.9324772,37.51218985],[126.93240188,37.51223402],[126.93252562,37.51239205],[126.93262181,37.51234086],[126.93254061,37.51224028],[126.93255759,37.5122189],[126.9324772,37.51218985]]]}},{"type":"Feature","id":"seoul-building-523206","properties":{"id":"seoul-building-523206","sourceId":"1991194400514455512000000000","pnu":"1159010100102580020","name":"서울특별시 동작구 노량진동","address":"서울특별시 동작구 노량진동","useName":"단독주택","floors":3.0,"height":10.6,"heightSource":"estimated","heightRaw":0.0,"sourceDate":"2026-09-09"},"geometry":{"type":"Polygon","coordinates":[[[126.93749448,37.51211715],[126.93738772,37.51214244],[126.93741806,37.51221848],[126.93751863,37.51219178],[126.93749448,37.51211715]]]}},{"type":"Feature","id":"seoul-building-523231","properties":{"id":"seoul-building-523231","sourceId":"0000194299784457026100000000","pnu":"1159010100100240008","name":"서울특별시 동작구 노량진동","address":"서울특별시 동작구 노량진동","useName":"","floors":0.0,"height":0,"heightSource":"unknown","heightRaw":0.0,"sourceDate":"2026-09-09"},"geometry":{"type":"Polygon","coordinates":[[[126.93629492,37.51347421],[126.93628016,37.51358345],[126.93633106,37.51358996],[126.93634829,37.51347706],[126.93629492,37.51347421]]]}},{"type":"Feature","id":"seoul-building-523239","properties":{"id":"seoul-building-523239","sourceId":"1961194235594456519800000000","pnu":"1159010100100290003","name":"서울특별시 동작구 노량진동","address":"서울특별시 동작구 노량진동","useName":"제2종근린생활시설","floors":1.0,"height":4.2,"heightSource":"estimated","heightRaw":0.0,"sourceDate":"2026-09-09"},"geometry":{"type":"Polygon","coordinates":[[[126.9356557,37.51302872],[126.93561082,37.51303123],[126.9355097,37.51305708],[126.93551514,37.5131072],[126.93564767,37.51311459],[126.9356557,37.51302872]]]}},{"type":"Feature","id":"seoul-building-523258","properties":{"id":"seoul-building-523258","sourceId":"0000193854364454526000000000","pnu":"1159010800105060000","name":"서울특별시 동작구 대방동","address":"서울특별시 동작구 대방동","useName":"","floors":0.0,"height":0,"heightSource":"unknown","heightRaw":0.0,"sourceDate":"2026-09-09"},"geometry":{"type":"Polygon","coordinates":[[[126.93129869,37.51129887],[126.93130103,37.51125382],[126.93125685,37.51125239],[126.93125433,37.51129631],[126.93129869,37.51129887]]]}},{"type":"Feature","id":"seoul-building-523260","properties":{"id":"seoul-building-523260","sourceId":"1967194462154454681300000000","pnu":"1159010100102530002","name":"서울특별시 동작구 노량진동","address":"서울특별시 동작구 노량진동","useName":"단독주택","floors":2.0,"height":5.4,"heightSource":"measured","heightRaw":5.4,"sourceDate":"2026-09-09"},"geometry":{"type":"Polygon","coordinates":[[[126.93821245,37.51136971],[126.93812885,37.51138486],[126.93812866,37.51138796],[126.93808624,37.51139385],[126.93809029,37.51141103],[126.93807439,37.51141384],[126.93808849,37.51146706],[126.93822795,37.51144208],[126.93821245,37.51136971]]]}},{"type":"Feature","id":"seoul-building-523272","properties":{"id":"seoul-building-523272","sourceId":"1972193944974455168800000000","pnu":"1159010800100230053","name":"서울특별시 동작구 대방동","address":"서울특별시 동작구 대방동","useName":"단독주택","floors":1.0,"height":4.2,"heightSource":"estimated","heightRaw":0.0,"sourceDate":"2026-09-09"},"geometry":{"type":"Polygon","coordinates":[[[126.93223683,37.51182171],[126.93223465,37.51188647],[126.93237285,37.51188373],[126.93237132,37.51182713],[126.93228313,37.51182624],[126.93228331,37.51182202],[126.93223683,37.51182171]]]}},{"type":"Feature","id":"seoul-building-523277","properties":{"id":"seoul-building-523277","sourceId":"0000194593244454161600000000","pnu":"1159010100102410007","name":"서울특별시 동작구 노량진동","address":"서울특별시 동작구 노량진동","useName":"단독주택","floors":1.0,"height":4.2,"heightSource":"estimated","heightRaw":0.0,"sourceDate":"2026-09-09"},"geometry":{"type":"Polygon","coordinates":[[[126.93960652,37.51090189],[126.93956286,37.51091736],[126.93960025,37.5109996],[126.93972223,37.51095856],[126.93970106,37.51092053],[126.93962451,37.51094612],[126.93960652,37.51090189]]]}},{"type":"Feature","id":"seoul-building-523311","properties":{"id":"seoul-building-523311","sourceId":"0000194089694453594400000000","pnu":"1159010800100440270","name":"서울특별시 동작구 대방동","address":"서울특별시 동작구 대방동","useName":"","floors":0.0,"height":0,"heightSource":"unknown","heightRaw":0.0,"sourceDate":"2026-09-09"},"geometry":{"type":"Polygon","coordinates":[[[126.93393823,37.51040726],[126.93390531,37.51044834],[126.93394135,37.51046751],[126.93397585,37.51042783],[126.93393823,37.51040726]]]}},{"type":"Feature","id":"seoul-building-523330","properties":{"id":"seoul-building-523330","sourceId":"1958194602674454013500000000","pnu":"1159010100102410009","name":"서울특별시 동작구 노량진동","address":"서울특별시 동작구 노량진동","useName":"단독주택","floors":1.0,"height":4.2,"heightSource":"estimated","heightRaw":0.0,"sourceDate":"2026-09-09"},"geometry":{"type":"Polygon","coordinates":[[[126.93974625,37.51075134],[126.93971107,37.51076793],[126.93973631,37.51082257],[126.93968486,37.51084338],[126.9397011,37.51087238],[126.93979656,37.51084062],[126.93974625,37.51075134]]]}},{"type":"Feature","id":"seoul-building-523356","properties":{"id":"seoul-building-523356","sourceId":"1992194425924453297200000000","pnu":"1159010100102490051","name":"서울특별시 동작구 노량진동","address":"서울특별시 동작구 노량진동","useName":"단독주택","floors":2.0,"height":7.4,"heightSource":"estimated","heightRaw":0.0,"sourceDate":"2026-09-09"},"geometry":{"type":"Polygon","coordinates":[[[126.93768154,37.5101235],[126.93767898,37.51021726],[126.93774489,37.51021983],[126.93774472,37.51022264],[126.93780162,37.51022352],[126.93780167,37.51017424],[126.93780838,37.51017397],[126.93780825,37.51012441],[126.93768154,37.5101235]]]}},{"type":"Feature","id":"seoul-building-523404","properties":{"id":"seoul-building-523404","sourceId":"1967194179874454016000000000","pnu":"1159010100102730023","name":"서울특별시 동작구 노량진동","address":"서울특별시 동작구 노량진동","useName":"단독주택","floors":1.0,"height":4.2,"heightSource":"estimated","heightRaw":0.0,"sourceDate":"2026-09-09"},"geometry":{"type":"Polygon","coordinates":[[[126.93494684,37.51077217],[126.93491002,37.51084225],[126.9349586,37.51086762],[126.935,37.51081668],[126.93501715,37.51079557],[126.93500002,37.51078965],[126.93494684,37.51077217]]]}},{"type":"Feature","id":"seoul-building-523407","properties":{"id":"seoul-building-523407","sourceId":"1971194557214458536600000000","pnu":"1159010100100130008","name":"서울특별시 동작구 노량진동","address":"서울특별시 동작구 노량진동","useName":"","floors":0.0,"height":0,"heightSource":"unknown","heightRaw":0.0,"sourceDate":"2026-09-09"},"geometry":{"type":"Polygon","coordinates":[[[126.93931887,37.51496416],[126.93940749,37.51465758],[126.93921523,37.51462481],[126.93921718,37.51461553],[126.93919368,37.51461045],[126.93919102,37.51461974],[126.93917971,37.51461691],[126.93908309,37.51500008],[126.93904779,37.51514028],[126.93915277,37.51515329],[126.93926285,37.5151753],[126.9393086,37.5149999],[126.93931887,37.51496416]]]}},{"type":"Feature","id":"seoul-building-523410","properties":{"id":"seoul-building-523410","sourceId":"1991193877284457468700000000","pnu":"1159010800100700005","name":"서울특별시 동작구 대방동","address":"서울특별시 동작구 대방동","useName":"업무시설","floors":5.0,"height":5.32,"heightSource":"measured","heightRaw":5.32,"sourceDate":"2026-09-09"},"geometry":{"type":"Polygon","coordinates":[[[126.93136461,37.51381103],[126.93135645,37.51403373],[126.93170355,37.51404351],[126.93171295,37.51381967],[126.93136461,37.51381103]]]}},{"type":"Feature","id":"seoul-building-523418","properties":{"id":"seoul-building-523418","sourceId":"1969194291334454834400000000","pnu":"1159010100102840023","name":"서울특별시 동작구 노량진동","address":"서울특별시 동작구 노량진동","useName":"공동주택","floors":2.0,"height":6.9,"heightSource":"estimated","heightRaw":0.0,"sourceDate":"2026-09-09"},"geometry":{"type":"Polygon","coordinates":[[[126.93622643,37.51149648],[126.93615058,37.51154036],[126.93621361,37.51161529],[126.93628894,37.51157253],[126.93622643,37.51149648]]]}},{"type":"Feature","id":"seoul-building-523478","properties":{"id":"seoul-building-523478","sourceId":"1992194413274454168900000000","pnu":"1159010100102510004","name":"서울특별시 동작구 노량진동","address":"서울특별시 동작구 노량진동","useName":"단독주택","floors":3.0,"height":10.6,"heightSource":"estimated","heightRaw":0.0,"sourceDate":"2026-09-09"},"geometry":{"type":"Polygon","coordinates":[[[126.9376201,37.51088876],[126.9375214,37.51098669],[126.93757934,37.51102585],[126.93767785,37.51092709],[126.9376201,37.51088876]]]}},{"type":"Feature","id":"seoul-building-523520","properties":{"id":"seoul-building-523520","sourceId":"0000193904004454118100000000","pnu":"1159010800105060000","name":"서울특별시 동작구 대방동","address":"서울특별시 동작구 대방동","useName":"","floors":0.0,"height":0,"heightSource":"unknown","heightRaw":0.0,"sourceDate":"2026-09-09"},"geometry":{"type":"Polygon","coordinates":[[[126.93178739,37.51086808],[126.93177514,37.51093452],[126.93189246,37.51094782],[126.93190401,37.51088251],[126.93178739,37.51086808]]]}},{"type":"Feature","id":"seoul-building-523534","properties":{"id":"seoul-building-523534","sourceId":"0000193934414454264700000000","pnu":"1159010800100230112","name":"서울특별시 동작구 대방동","address":"서울특별시 동작구 대방동","useName":"","floors":0.0,"height":0,"heightSource":"unknown","heightRaw":0.0,"sourceDate":"2026-09-09"},"geometry":{"type":"Polygon","coordinates":[[[126.93220027,37.5110122],[126.93217022,37.51101162],[126.93216453,37.51106736],[126.93219916,37.51106795],[126.93219955,37.5110336],[126.93220027,37.5110122]]]}},{"type":"Feature","id":"seoul-building-523540","properties":{"id":"seoul-building-523540","sourceId":"1967194612274455092600000000","pnu":"1159010100102400071","name":"서울특별시 동작구 노량진동","address":"서울특별시 동작구 노량진동","useName":"제1종근린생활시설","floors":2.0,"height":7.4,"heightSource":"estimated","heightRaw":0.0,"sourceDate":"2026-09-09"},"geometry":{"type":"Polygon","coordinates":[[[126.9398884,37.51177067],[126.93982761,37.51177205],[126.93982618,37.5117819],[126.93979968,37.51179033],[126.93980637,37.51180808],[126.9398898,37.51180644],[126.9398884,37.51177067]]]}},{"type":"Feature","id":"seoul-building-523560","properties":{"id":"seoul-building-523560","sourceId":"1993194338514454932100000000","pnu":"1159010100102560031","name":"서울특별시 동작구 노량진동","address":"서울특별시 동작구 노량진동","useName":"단독주택","floors":2.0,"height":7.8,"heightSource":"measured","heightRaw":7.8,"sourceDate":"2026-09-09"},"geometry":{"type":"Polygon","coordinates":[[[126.93671608,37.51158628],[126.9367136,37.51159162],[126.93670442,37.51159162],[126.93669218,37.51164146],[126.93670632,37.51164427],[126.93669444,37.51168819],[126.93679604,37.51170373],[126.93681625,37.51163955],[126.93680352,37.51163729],[126.93681045,37.51159928],[126.93678376,37.51159504],[126.93678306,37.51159729],[126.93671608,37.51158628]]]}},{"type":"Feature","id":"seoul-building-523572","properties":{"id":"seoul-building-523572","sourceId":"1991194320204455842000000000","pnu":"1159010100102610005","name":"서울특별시 동작구 노량진동","address":"서울특별시 동작구 노량진동","useName":"단독주택","floors":2.0,"height":7.4,"heightSource":"estimated","heightRaw":0.0,"sourceDate":"2026-09-09"},"geometry":{"type":"Polygon","coordinates":[[[126.93652823,37.51240722],[126.93648503,37.51249983],[126.93652707,37.51251365],[126.93653027,37.5125083],[126.93656065,37.51251732],[126.93656526,37.51250353],[126.93657268,37.51250523],[126.93660738,37.5124326],[126.93652823,37.51240722]]]}},{"type":"Feature","id":"seoul-building-523579","properties":{"id":"seoul-building-523579","sourceId":"1996194595384453906700000000","pnu":"1159010100102410010","name":"서울특별시 동작구 노량진동","address":"서울특별시 동작구 노량진동","useName":"단독주택","floors":3.0,"height":10.6,"heightSource":"estimated","heightRaw":0.0,"sourceDate":"2026-09-09"},"geometry":{"type":"Polygon","coordinates":[[[126.93966078,37.51066429],[126.9396134,37.51069045],[126.93960897,37.51070227],[126.93962115,37.51072424],[126.93965221,37.51077832],[126.93971692,37.51074682],[126.93966078,37.51066429]]]}},{"type":"Feature","id":"seoul-building-523626","properties":{"id":"seoul-building-523626","sourceId":"1994194594114453535200000000","pnu":"1159010100102350011","name":"서울특별시 동작구 노량진동","address":"서울특별시 동작구 노량진동","useName":"단독주택","floors":2.0,"height":7.7,"heightSource":"measured","heightRaw":7.7,"sourceDate":"2026-09-09"},"geometry":{"type":"Polygon","coordinates":[[[126.93960858,37.51032527],[126.93957337,37.51037001],[126.93958451,37.51037649],[126.9395707,37.51039423],[126.9396827,37.51044693],[126.93972852,37.51038896],[126.93968047,37.51036641],[126.93968189,37.510365],[126.93960858,37.51032527]]]}},{"type":"Feature","id":"seoul-building-523646","properties":{"id":"seoul-building-523646","sourceId":"1984194528434455274100000000","pnu":"1159010100102440072","name":"서울특별시 동작구 노량진동","address":"서울특별시 동작구 노량진동","useName":"제2종근린생활시설","floors":3.0,"height":10.7,"heightSource":"measured","heightRaw":10.7,"sourceDate":"2026-09-09"},"geometry":{"type":"Polygon","coordinates":[[[126.93885427,37.51189093],[126.93881566,37.51198185],[126.93894906,37.51201655],[126.93898643,37.51192535],[126.93885427,37.51189093]]]}},{"type":"Feature","id":"seoul-building-523656","properties":{"id":"seoul-building-523656","sourceId":"1970193981894454784100000000","pnu":"1159010800100320044","name":"서울특별시 동작구 대방동","address":"서울특별시 동작구 대방동","useName":"단독주택","floors":1.0,"height":4.2,"heightSource":"estimated","heightRaw":0.0,"sourceDate":"2026-09-09"},"geometry":{"type":"Polygon","coordinates":[[[126.93268057,37.51145679],[126.93264394,37.51152321],[126.93276531,37.51156072],[126.93279081,37.51150668],[126.93277561,37.51150216],[126.9327804,37.51148668],[126.93268057,37.51145679]]]}},{"type":"Feature","id":"seoul-building-523714","properties":{"id":"seoul-building-523714","sourceId":"1991194414434453756900000000","pnu":"1159010100102490029","name":"서울특별시 동작구 노량진동","address":"서울특별시 동작구 노량진동","useName":"단독주택","floors":2.0,"height":7.4,"heightSource":"estimated","heightRaw":0.0,"sourceDate":"2026-09-09"},"geometry":{"type":"Polygon","coordinates":[[[126.93760274,37.51053033],[126.93760238,37.51053342],[126.93756598,37.51053425],[126.93756504,37.51058943],[126.93756063,37.51058915],[126.93756111,37.51064096],[126.93759045,37.51064182],[126.93759046,37.51063815],[126.93766096,37.51063904],[126.93766477,37.51053149],[126.93760274,37.51053033]]]}},{"type":"Feature","id":"seoul-building-523756","properties":{"id":"seoul-building-523756","sourceId":"1990194407114454335900000000","pnu":"1159010100102520005","name":"서울특별시 동작구 노량진동","address":"서울특별시 동작구 노량진동","useName":"단독주택","floors":2.0,"height":7.4,"heightSource":"estimated","heightRaw":0.0,"sourceDate":"2026-09-09"},"geometry":{"type":"Polygon","coordinates":[[[126.93752154,37.51103793],[126.93744796,37.51111307],[126.93754811,37.51117564],[126.93758792,37.51113567],[126.93758085,37.51113116],[126.93760667,37.51110359],[126.93756551,37.5110785],[126.93757223,37.51107091],[126.93752154,37.51103793]]]}},{"type":"Feature","id":"seoul-building-523775","properties":{"id":"seoul-building-523775","sourceId":"1974194342984454357400000000","pnu":"1159010100102820033","name":"서울특별시 동작구 노량진동","address":"서울특별시 동작구 노량진동","useName":"단독주택","floors":1.0,"height":4.2,"heightSource":"estimated","heightRaw":0.0,"sourceDate":"2026-09-09"},"geometry":{"type":"Polygon","coordinates":[[[126.93685296,37.51106771],[126.93678721,37.51107105],[126.93678844,37.51109132],[126.9367499,37.51109328],[126.93674989,37.51110201],[126.93673805,37.51110228],[126.9367403,37.51115324],[126.93675586,37.51115325],[126.93675725,37.51118141],[126.9368313,37.51117554],[126.93683113,37.51117188],[126.93686612,37.51116767],[126.93685296,37.51106771]]]}},{"type":"Feature","id":"seoul-building-523804","properties":{"id":"seoul-building-523804","sourceId":"1987194311494453879800000000","pnu":"1159010100102820007","name":"서울특별시 동작구 노량진동","address":"서울특별시 동작구 노량진동","useName":"단독주택","floors":2.0,"height":7.4,"heightSource":"estimated","heightRaw":0.0,"sourceDate":"2026-09-09"},"geometry":{"type":"Polygon","coordinates":[[[126.93651808,37.51062576],[126.93644685,37.5106274],[126.93644701,37.51064993],[126.93640866,37.51065075],[126.93640846,37.51067611],[126.93637913,37.51067721],[126.93637911,37.51069945],[126.93635489,37.51070029],[126.93635679,37.51074844],[126.93651656,37.51074767],[126.93651808,37.51062576]]]}},{"type":"Feature","id":"seoul-building-523808","properties":{"id":"seoul-building-523808","sourceId":"0000194455854457955200000000","pnu":"1159010100100130008","name":"서울특별시 동작구 노량진동","address":"서울특별시 동작구 노량진동","useName":"","floors":0.0,"height":0,"heightSource":"unknown","heightRaw":0.0,"sourceDate":"2026-09-09"},"geometry":{"type":"Polygon","coordinates":[[[126.93810249,37.514408],[126.9381204,37.51434184],[126.93807145,37.51433111],[126.93805007,37.51433815],[126.93803693,37.51439642],[126.93810249,37.514408]]]}},{"type":"Feature","id":"seoul-building-523823","properties":{"id":"seoul-building-523823","sourceId":"0000194608854453523700000000","pnu":"1159010100102350019","name":"서울특별시 동작구 노량진동","address":"서울특별시 동작구 노량진동","useName":"","floors":0.0,"height":0,"heightSource":"unknown","heightRaw":0.0,"sourceDate":"2026-09-09"},"geometry":{"type":"Polygon","coordinates":[[[126.9398307,37.51034311],[126.93980155,37.51034366],[126.93979266,37.51040925],[126.93982376,37.51041068],[126.9398307,37.51034311]]]}},{"type":"Feature","id":"seoul-building-523881","properties":{"id":"seoul-building-523881","sourceId":"0000194025564454405700000000","pnu":"1159010800100680055","name":"서울특별시 동작구 대방동","address":"서울특별시 동작구 대방동","useName":"","floors":0.0,"height":0,"heightSource":"unknown","heightRaw":0.0,"sourceDate":"2026-09-09"},"geometry":{"type":"Polygon","coordinates":[[[126.93321846,37.51115215],[126.93319776,37.51117552],[126.93320713,37.51118424],[126.9332317,37.51116229],[126.93321846,37.51115215]]]}},{"type":"Feature","id":"seoul-building-523893","properties":{"id":"seoul-building-523893","sourceId":"0000194589314454072900000000","pnu":"1159010100102410008","name":"서울특별시 동작구 노량진동","address":"서울특별시 동작구 노량진동","useName":"단독주택","floors":1.0,"height":4.2,"heightSource":"estimated","heightRaw":0.0,"sourceDate":"2026-09-09"},"geometry":{"type":"Polygon","coordinates":[[[126.9395624,37.51082303],[126.93952438,37.51083794],[126.93955915,37.51091595],[126.93967564,37.51087659],[126.93965923,37.51084618],[126.93958552,37.51087092],[126.9395624,37.51082303]]]}},{"type":"Feature","id":"seoul-building-523905","properties":{"id":"seoul-building-523905","sourceId":"1993194500854453583800000000","pnu":"1159010100102480091","name":"서울특별시 동작구 노량진동","address":"서울특별시 동작구 노량진동","useName":"단독주택","floors":2.0,"height":6.3,"heightSource":"measured","heightRaw":6.3,"sourceDate":"2026-09-09"},"geometry":{"type":"Polygon","coordinates":[[[126.93859287,37.51039118],[126.93858863,37.51039625],[126.93856282,37.51040102],[126.93855061,37.51041425],[126.93854125,37.51040946],[126.93852055,37.51043788],[126.938611,37.51047679],[126.93865576,37.51041149],[126.93859287,37.51039118]]]}},{"type":"Feature","id":"seoul-building-523976","properties":{"id":"seoul-building-523976","sourceId":"2002193910604453395200000000","pnu":"1159010800100200025","name":"한스빌","address":"서울특별시 동작구 대방동","useName":"공동주택","floors":5.0,"height":15.75,"heightSource":"measured","heightRaw":15.75,"sourceDate":"2026-09-09"},"geometry":{"type":"Polygon","coordinates":[[[126.93186172,37.51016704],[126.93185441,37.51024783],[126.93186165,37.51024784],[126.93185967,37.51028529],[126.93185366,37.51028529],[126.93184883,37.51034132],[126.93196972,37.51034505],[126.93197748,37.510173],[126.93186172,37.51016704]]]}},{"type":"Feature","id":"seoul-building-523981","properties":{"id":"seoul-building-523981","sourceId":"1976193970424454224500000000","pnu":"1159010800100320027","name":"서울특별시 동작구 대방동","address":"서울특별시 동작구 대방동","useName":"단독주택","floors":2.0,"height":7.4,"heightSource":"estimated","heightRaw":0.0,"sourceDate":"2026-09-09"},"geometry":{"type":"Polygon","coordinates":[[[126.93257767,37.51093357],[126.93251897,37.51094677],[126.93255385,37.51107687],[126.93266167,37.51106004],[126.93265393,37.51102597],[126.93265799,37.51102541],[126.93264707,37.51098457],[126.93264194,37.51098486],[126.93262625,37.51093529],[126.93257924,37.51094456],[126.93257767,37.51093357]]]}},{"type":"Feature","id":"seoul-building-524033","properties":{"id":"seoul-building-524033","sourceId":"1988194392824456030300000000","pnu":"1159010100100360005","name":"서울특별시 동작구 노량진동","address":"서울특별시 동작구 노량진동","useName":"단독주택","floors":3.0,"height":10.6,"heightSource":"estimated","heightRaw":0.0,"sourceDate":"2026-09-09"},"geometry":{"type":"Polygon","coordinates":[[[126.93740433,37.51257071],[126.93730286,37.51259712],[126.93730511,37.51264583],[126.93732099,37.51268892],[126.9373468,37.51268415],[126.9373489,37.51269203],[126.93743977,37.51266928],[126.93740433,37.51257071]]]}},{"type":"Feature","id":"seoul-building-524072","properties":{"id":"seoul-building-524072","sourceId":"1987194377734453107200000000","pnu":"1159010100102910008","name":"서울특별시 동작구 노량진동","address":"서울특별시 동작구 노량진동","useName":"","floors":0.0,"height":0,"heightSource":"unknown","heightRaw":0.0,"sourceDate":"2026-09-09"},"geometry":{"type":"Polygon","coordinates":[[[126.93719635,37.50999992],[126.93719688,37.51000133],[126.93720217,37.50999993],[126.93719635,37.50999992]]]}},{"type":"Feature","id":"seoul-building-524094","properties":{"id":"seoul-building-524094","sourceId":"1986193934674454720100000000","pnu":"1159010800100230061","name":"서울특별시 동작구 대방동","address":"서울특별시 동작구 대방동","useName":"단독주택","floors":3.0,"height":10.6,"heightSource":"estimated","heightRaw":0.0,"sourceDate":"2026-09-09"},"geometry":{"type":"Polygon","coordinates":[[[126.93214301,37.51140157],[126.93213762,37.5114925],[126.93223412,37.51149678],[126.93223876,37.51144865],[126.93222497,37.51144722],[126.93222624,37.51140555],[126.93214301,37.51140157]]]}},{"type":"Feature","id":"seoul-building-524102","properties":{"id":"seoul-building-524102","sourceId":"1967194434814456047200000000","pnu":"1159010100100390032","name":"서울특별시 동작구 노량진동","address":"서울특별시 동작구 노량진동","useName":"제2종근린생활시설","floors":2.0,"height":6.4,"heightSource":"measured","heightRaw":6.4,"sourceDate":"2026-09-09"},"geometry":{"type":"Polygon","coordinates":[[[126.93782773,37.51261401],[126.93778515,37.51261483],[126.93778616,37.51268325],[126.93790192,37.51268106],[126.93789842,37.51261771],[126.93782809,37.51261936],[126.93782773,37.51261401]]]}},{"type":"Feature","id":"seoul-building-524107","properties":{"id":"seoul-building-524107","sourceId":"1970194388394453207900000000","pnu":"1159010100102910019","name":"서울특별시 동작구 노량진동","address":"서울특별시 동작구 노량진동","useName":"단독주택","floors":2.0,"height":7.4,"heightSource":"estimated","heightRaw":0.0,"sourceDate":"2026-09-09"},"geometry":{"type":"Polygon","coordinates":[[[126.93729333,37.5100408],[126.93729968,37.51005264],[126.93729279,37.51005714],[126.93729808,37.51006783],[126.93729401,37.51006952],[126.93729862,37.51007487],[126.93730922,37.51007207],[126.9373138,37.51008981],[126.93725618,37.51010751],[126.9372724,37.51014356],[126.9373728,37.51011574],[126.93734053,37.51002872],[126.93729333,37.5100408]]]}},{"type":"Feature","id":"seoul-building-524114","properties":{"id":"seoul-building-524114","sourceId":"0000193975074457781900000000","pnu":"1159010800100700001","name":"서울특별시 동작구 대방동","address":"서울특별시 동작구 대방동","useName":"","floors":0.0,"height":0,"heightSource":"unknown","heightRaw":0.0,"sourceDate":"2026-09-09"},"geometry":{"type":"Polygon","coordinates":[[[126.93262686,37.51419777],[126.9326258,37.51419918],[126.93262527,37.51420115],[126.93262544,37.51420452],[126.93262597,37.51420565],[126.93262739,37.51420678],[126.93262792,37.51420791],[126.93262792,37.51420875],[126.93262526,37.51421016],[126.93262474,37.51421128],[126.9326242,37.5142127],[126.93262437,37.51421495],[126.93262525,37.51421635],[126.93262596,37.51421748],[126.93262684,37.51421832],[126.93262826,37.51421945],[126.93265282,37.51422172],[126.93265459,37.51421975],[126.93265494,37.51421722],[126.93265459,37.51421383],[126.93265443,37.51421215],[126.93265513,37.51420989],[126.93265601,37.51420792],[126.93265602,37.5142037],[126.93265585,37.51420258],[126.93265496,37.5142006],[126.93262686,37.51419777]]]}},{"type":"Feature","id":"seoul-building-524140","properties":{"id":"seoul-building-524140","sourceId":"1967194105704454121500000000","pnu":"1159010800100450032","name":"서울특별시 동작구 대방동","address":"서울특별시 동작구 대방동","useName":"단독주택","floors":1.0,"height":4.2,"heightSource":"estimated","heightRaw":0.0,"sourceDate":"2026-09-09"},"geometry":{"type":"Polygon","coordinates":[[[126.93409034,37.51086263],[126.93406184,37.51091301],[126.93417173,37.510957],[126.93418713,37.51092547],[126.93411646,37.5108984],[126.93412691,37.51087814],[126.93409034,37.51086263]]]}},{"type":"Feature","id":"seoul-building-524170","properties":{"id":"seoul-building-524170","sourceId":"1968194444584454604000000000","pnu":"1159010100102530011","name":"서울특별시 동작구 노량진동","address":"서울특별시 동작구 노량진동","useName":"단독주택","floors":2.0,"height":7.4,"heightSource":"estimated","heightRaw":0.0,"sourceDate":"2026-09-09"},"geometry":{"type":"Polygon","coordinates":[[[126.93800361,37.51131582],[126.93792,37.51133267],[126.93788995,37.51133856],[126.93790193,37.51138249],[126.93791996,37.51137912],[126.938017,37.51136087],[126.93800361,37.51131582]]]}},{"type":"Feature","id":"seoul-building-524182","properties":{"id":"seoul-building-524182","sourceId":"1990194461894454970300000000","pnu":"1159010100102540009","name":"서울특별시 동작구 노량진동","address":"서울특별시 동작구 노량진동","useName":"단독주택","floors":2.0,"height":7.4,"heightSource":"estimated","heightRaw":0.0,"sourceDate":"2026-09-09"},"geometry":{"type":"Polygon","coordinates":[[[126.9382094,37.51164],[126.93811043,37.51164952],[126.93811042,37.511656],[126.93807914,37.51165795],[126.93809022,37.51171934],[126.93821254,37.51170589],[126.93820973,37.51168167],[126.93821538,37.51168083],[126.9382094,37.51164]]]}},{"type":"Feature","id":"seoul-building-524194","properties":{"id":"seoul-building-524194","sourceId":"1993194025954453860400000000","pnu":"1159010800100440215","name":"서울특별시 동작구 대방동","address":"서울특별시 동작구 대방동","useName":"단독주택","floors":2.0,"height":6.5,"heightSource":"measured","heightRaw":6.5,"sourceDate":"2026-09-09"},"geometry":{"type":"Polygon","coordinates":[[[126.93325977,37.51060565],[126.93312256,37.51069146],[126.93317676,37.5107478],[126.93331627,37.51066285],[126.93325977,37.51060565]]]}},{"type":"Feature","id":"seoul-building-524202","properties":{"id":"seoul-building-524202","sourceId":"1961194210964453809900000000","pnu":"1159010100102730053","name":"서울특별시 동작구 노량진동","address":"서울특별시 동작구 노량진동","useName":"단독주택","floors":1.0,"height":4.2,"heightSource":"estimated","heightRaw":0.0,"sourceDate":"2026-09-09"},"geometry":{"type":"Polygon","coordinates":[[[126.93528525,37.51059553],[126.93526488,37.51064112],[126.93534704,37.51066567],[126.9353628,37.51063274],[126.93531793,37.51062003],[126.93532341,37.51060652],[126.93528525,37.51059553]]]}},{"type":"Feature","id":"seoul-building-524203","properties":{"id":"seoul-building-524203","sourceId":"1994193839544456458600000000","pnu":"1159010800105020000","name":"대방동현대아파트현대종합상가","address":"서울특별시 동작구 대방동","useName":"공동주택","floors":2.0,"height":6.9,"heightSource":"estimated","heightRaw":0.0,"sourceDate":"2026-09-09"},"geometry":{"type":"Polygon","coordinates":[[[126.93142616,37.5129872],[126.93108347,37.51298813],[126.93108399,37.51300024],[126.93074554,37.51300398],[126.93074533,37.51304199],[126.93142718,37.51303676],[126.93142616,37.5129872]]]}},{"type":"Feature","id":"seoul-building-524212","properties":{"id":"seoul-building-524212","sourceId":"1994193837804455884900000000","pnu":"1159010800105020000","name":"대방동현대아파트","address":"서울특별시 동작구 대방동","useName":"공동주택","floors":10.0,"height":30.5,"heightSource":"estimated","heightRaw":0.0,"sourceDate":"2026-09-09"},"geometry":{"type":"Polygon","coordinates":[[[126.93110306,37.51244219],[126.93089187,37.51244291],[126.93089187,37.51244573],[126.93088267,37.51244628],[126.93088293,37.5125544],[126.93089583,37.51255413],[126.93089601,37.51255075],[126.9309842,37.51254968],[126.93098421,37.51253842],[126.93101302,37.51253843],[126.93101318,37.51254913],[126.93110102,37.51254777],[126.93110102,37.51255172],[126.93111145,37.51255116],[126.93111161,37.51255566],[126.93116889,37.51255401],[126.93116906,37.51255091],[126.93124948,37.51254927],[126.93125001,37.51255434],[126.93130745,37.5125538],[126.93130628,37.51245723],[126.93129692,37.51245778],[126.93129692,37.51245412],[126.93126192,37.51245495],[126.9312591,37.51245804],[126.93115483,37.51245827],[126.93115483,37.5124549],[126.93112178,37.51245571],[126.93112195,37.51245909],[126.9311133,37.51245966],[126.9311126,37.51244501],[126.93110323,37.51244473],[126.93110306,37.51244219]]]}},{"type":"Feature","id":"seoul-building-524258","properties":{"id":"seoul-building-524258","sourceId":"1990194247294454285100000000","pnu":"1159010100102740015","name":"서울특별시 동작구 노량진동","address":"서울특별시 동작구 노량진동","useName":"제1종근린생활시설","floors":4.0,"height":13.8,"heightSource":"estimated","heightRaw":0.0,"sourceDate":"2026-09-09"},"geometry":{"type":"Polygon","coordinates":[[[126.93571628,37.51101811],[126.9357122,37.51103556],[126.93567862,37.51103019],[126.93566603,37.51108509],[126.93575543,37.51110231],[126.93575914,37.51110204],[126.93577121,37.51104968],[126.93576361,37.51104882],[126.93576929,37.51102715],[126.93571628,37.51101811]]]}},{"type":"Feature","id":"seoul-building-524283","properties":{"id":"seoul-building-524283","sourceId":"2007194372414454649200000000","pnu":"1159010100102800031","name":"서울특별시 동작구 노량진동","address":"서울특별시 동작구 노량진동","useName":"단독주택","floors":4.0,"height":13.8,"heightSource":"estimated","heightRaw":0.0,"sourceDate":"2026-09-09"},"geometry":{"type":"Polygon","coordinates":[[[126.937077,37.51133953],[126.93707201,37.51137839],[126.93707519,37.51137839],[126.93706949,37.5114302],[126.93719496,37.5114404],[126.93720706,37.51135031],[126.937077,37.51133953]]]}},{"type":"Feature","id":"seoul-building-524287","properties":{"id":"seoul-building-524287","sourceId":"1991194347834455811200000000","pnu":"1159010100102590002","name":"서울특별시 동작구 노량진동","address":"서울특별시 동작구 노량진동","useName":"단독주택","floors":2.0,"height":7.4,"heightSource":"estimated","heightRaw":0.0,"sourceDate":"2026-09-09"},"geometry":{"type":"Polygon","coordinates":[[[126.93683541,37.51237894],[126.93680409,37.51242876],[126.93680815,37.51243046],[126.93679187,37.51246001],[126.93682649,37.51247439],[126.93682224,37.51248284],[126.93686961,37.51250089],[126.93692976,37.51240489],[126.93688719,37.51238854],[126.93688223,37.51239558],[126.93683541,37.51237894]]]}},{"type":"Feature","id":"seoul-building-524291","properties":{"id":"seoul-building-524291","sourceId":"1997194461734455419400000000","pnu":"1159010100102440055","name":"서울특별시 동작구 노량진동","address":"서울특별시 동작구 노량진동","useName":"단독주택","floors":2.0,"height":7.6,"heightSource":"measured","heightRaw":7.6,"sourceDate":"2026-09-09"},"geometry":{"type":"Polygon","coordinates":[[[126.93809157,37.51202708],[126.93805934,37.51209521],[126.93820298,37.51213949],[126.93823609,37.51207644],[126.93809157,37.51202708]]]}},{"type":"Feature","id":"seoul-building-524292","properties":{"id":"seoul-building-524292","sourceId":"1992194188254454383000000000","pnu":"1159010100102730042","name":"서울특별시 동작구 노량진동","address":"서울특별시 동작구 노량진동","useName":"단독주택","floors":2.0,"height":7.4,"heightSource":"estimated","heightRaw":0.0,"sourceDate":"2026-09-09"},"geometry":{"type":"Polygon","coordinates":[[[126.93499994,37.51108838],[126.93499888,37.51108838],[126.93499138,37.51118242],[126.93500003,37.51119003],[126.93500832,37.51119735],[126.93511418,37.51120192],[126.93512397,37.51112056],[126.93511037,37.51111885],[126.93510967,37.51111407],[126.93509553,37.51111321],[126.93509554,37.51110928],[126.93508334,37.51110898],[126.93507522,37.51110223],[126.93505701,37.5111008],[126.93505773,37.51109208],[126.93499994,37.51108838]]]}},{"type":"Feature","id":"seoul-building-524321","properties":{"id":"seoul-building-524321","sourceId":"1966194241494454189400000000","pnu":"1159010100102730012","name":"서울특별시 동작구 노량진동","address":"서울특별시 동작구 노량진동","useName":"단독주택","floors":1.0,"height":4.2,"heightSource":"estimated","heightRaw":0.0,"sourceDate":"2026-09-09"},"geometry":{"type":"Polygon","coordinates":[[[126.93563702,37.51091444],[126.93558714,37.51096201],[126.93565249,37.51101188],[126.9356986,37.51102429],[126.9357315,37.51098658],[126.93570678,37.51096601],[126.93568997,37.51098206],[126.9356543,37.51095641],[126.93567252,37.51094263],[126.93563702,37.51091444]]]}},{"type":"Feature","id":"seoul-building-524333","properties":{"id":"seoul-building-524333","sourceId":"2007194458524456373400000000","pnu":"1159010100100400039","name":"서울특별시 동작구 노량진동","address":"서울특별시 동작구 노량진동","useName":"제2종근린생활시설","floors":1.0,"height":4.2,"heightSource":"estimated","heightRaw":0.0,"sourceDate":"2026-09-09"},"geometry":{"type":"Polygon","coordinates":[[[126.93806695,37.51292639],[126.93806534,37.5129568],[126.93815158,37.51296248],[126.93815231,37.51292897],[126.93806695,37.51292639]]]}},{"type":"Feature","id":"seoul-building-524361","properties":{"id":"seoul-building-524361","sourceId":"1983194065774454195500000000","pnu":"1159010800100440199","name":"서울특별시 동작구 대방동","address":"서울특별시 동작구 대방동","useName":"단독주택","floors":2.0,"height":7.4,"heightSource":"estimated","heightRaw":0.0,"sourceDate":"2026-09-09"},"geometry":{"type":"Polygon","coordinates":[[[126.93365181,37.51092462],[126.93363553,37.5109505],[126.93362794,37.51094797],[126.93359608,37.51099384],[126.93369326,37.51103445],[126.9337391,37.51095986],[126.93365181,37.51092462]]]}},{"type":"Feature","id":"seoul-building-524385","properties":{"id":"seoul-building-524385","sourceId":"0000193900004453357300000000","pnu":"1159010800105060000","name":"서울특별시 동작구 대방동","address":"서울특별시 동작구 대방동","useName":"","floors":0.0,"height":0,"heightSource":"unknown","heightRaw":0.0,"sourceDate":"2026-09-09"},"geometry":{"type":"Polygon","coordinates":[[[126.93177704,37.51020668],[126.93177595,37.51023737],[126.93181394,37.51023768],[126.93181396,37.51020868],[126.93177704,37.51020668]]]}},{"type":"Feature","id":"seoul-building-524393","properties":{"id":"seoul-building-524393","sourceId":"1989194040934453486000000000","pnu":"1159010800100440278","name":"서울특별시 동작구 대방동","address":"서울특별시 동작구 대방동","useName":"단독주택","floors":2.0,"height":7.4,"heightSource":"estimated","heightRaw":0.0,"sourceDate":"2026-09-09"},"geometry":{"type":"Polygon","coordinates":[[[126.93337334,37.51027685],[126.9333429,37.51032133],[126.93332912,37.51031738],[126.93330558,37.51035538],[126.93339726,37.5103971],[126.93339373,37.51039964],[126.93340909,37.51040612],[126.93346839,37.51031576],[126.93337334,37.51027685]]]}},{"type":"Feature","id":"seoul-building-524415","properties":{"id":"seoul-building-524415","sourceId":"2007194334214453365200000000","pnu":"1159010100102890007","name":"서울특별시 동작구 노량진동","address":"서울특별시 동작구 노량진동","useName":"단독주택","floors":4.0,"height":9.4,"heightSource":"measured","heightRaw":9.4,"sourceDate":"2026-09-09"},"geometry":{"type":"Polygon","coordinates":[[[126.93667643,37.51019787],[126.93666065,37.51025473],[126.93670783,37.51026489],[126.93670906,37.51026124],[126.93673522,37.51026491],[126.93675435,37.51021199],[126.93667643,37.51019787]]]}},{"type":"Feature","id":"seoul-building-524441","properties":{"id":"seoul-building-524441","sourceId":"0000194238964456415100000000","pnu":"1159010100100280010","name":"서울특별시 동작구 노량진동","address":"서울특별시 동작구 노량진동","useName":"","floors":0.0,"height":0,"heightSource":"unknown","heightRaw":0.0,"sourceDate":"2026-09-09"},"geometry":{"type":"Polygon","coordinates":[[[126.93565384,37.51293102],[126.93559162,37.51293999],[126.93559673,37.51296618],[126.93558947,37.51296674],[126.9356064,37.51302954],[126.93565695,37.51302507],[126.93565467,37.51300169],[126.93565927,37.51299804],[126.93565292,37.51295917],[126.93565716,37.51295918],[126.93565384,37.51293102]]]}},{"type":"Feature","id":"seoul-building-524451","properties":{"id":"seoul-building-524451","sourceId":"1994194194194455169200000000","pnu":"1159010100102700003","name":"서울특별시 동작구 노량진동","address":"서울특별시 동작구 노량진동","useName":"제2종근린생활시설","floors":2.0,"height":7.0,"heightSource":"measured","heightRaw":7.0,"sourceDate":"2026-09-09"},"geometry":{"type":"Polygon","coordinates":[[[126.93506505,37.51181992],[126.93506151,37.51182949],[126.93505019,37.51182977],[126.93504978,37.51189003],[126.93519063,37.5118932],[126.93519069,37.51182421],[126.93506505,37.51181992]]]}},{"type":"Feature","id":"seoul-building-524457","properties":{"id":"seoul-building-524457","sourceId":"0000194342404458064200000000","pnu":"1159010100100130006","name":"서울특별시 동작구 노량진동","address":"서울특별시 동작구 노량진동","useName":"","floors":0.0,"height":0,"heightSource":"unknown","heightRaw":0.0,"sourceDate":"2026-09-09"},"geometry":{"type":"Polygon","coordinates":[[[126.93675837,37.51445543],[126.93675519,37.51446528],[126.93683435,37.51447715],[126.93683595,37.51446843],[126.93675837,37.51445543]]]}},{"type":"Feature","id":"seoul-building-524538","properties":{"id":"seoul-building-524538","sourceId":"1993193766764453701700000000","pnu":"1159010800105030000","name":"대방주공영구임대아파트","address":"서울특별시 동작구 대방동","useName":"공동주택","floors":15.0,"height":41.3,"heightSource":"measured","heightRaw":41.3,"sourceDate":"2026-09-09"},"geometry":{"type":"Polygon","coordinates":[[[126.9304842,37.51029153],[126.92999994,37.51069388],[126.92998668,37.51070513],[126.92999992,37.51071499],[126.93007905,37.51077389],[126.93008471,37.51077417],[126.93013476,37.51073449],[126.9301397,37.51073928],[126.93015262,37.5107269],[126.93014855,37.51072212],[126.93021734,37.51066331],[126.93022229,37.51066838],[126.93023873,37.51065713],[126.93023202,37.51065149],[126.93030365,37.51059578],[126.93030772,37.51059579],[126.93036148,37.51055302],[126.93036149,37.51054852],[126.93035866,37.51054655],[126.93042869,37.51048802],[126.93043471,37.51049225],[126.93044886,37.51048156],[126.93044409,37.51047649],[126.9305166,37.51041853],[126.93051924,37.51042247],[126.93053251,37.51041206],[126.93052845,37.51040783],[126.93059371,37.51035071],[126.93059371,37.5103448],[126.93056281,37.51032367],[126.93056016,37.51032367],[126.9305453,37.51033746],[126.9304842,37.51029153]]]}},{"type":"Feature","id":"seoul-building-524556","properties":{"id":"seoul-building-524556","sourceId":"1970194392354453408600000000","pnu":"1159010100102910001","name":"서울특별시 동작구 노량진동","address":"서울특별시 동작구 노량진동","useName":"단독주택","floors":1.0,"height":4.2,"heightSource":"estimated","heightRaw":0.0,"sourceDate":"2026-09-09"},"geometry":{"type":"Polygon","coordinates":[[[126.93738614,37.51023006],[126.93732003,37.51024101],[126.9373216,37.51027057],[126.93733591,37.51026917],[126.93735036,37.51031817],[126.93739791,37.51031313],[126.93739034,37.51028638],[126.93740147,37.510283],[126.93738614,37.51023006]]]}},{"type":"Feature","id":"seoul-building-524565","properties":{"id":"seoul-building-524565","sourceId":"1978194119244453532000000000","pnu":"1159010800100440237","name":"서울특별시 동작구 대방동","address":"서울특별시 동작구 대방동","useName":"단독주택","floors":3.0,"height":10.6,"heightSource":"estimated","heightRaw":0.0,"sourceDate":"2026-09-09"},"geometry":{"type":"Polygon","coordinates":[[[126.93425428,37.5103331],[126.9342074,37.51038122],[126.9342883,37.51043279],[126.93434171,37.51037764],[126.93429403,37.51034804],[126.9342889,37.51035283],[126.93425428,37.5103331]]]}},{"type":"Feature","id":"seoul-building-524594","properties":{"id":"seoul-building-524594","sourceId":"1991194515334454426800000000","pnu":"1159010100102460069","name":"서울특별시 동작구 노량진동","address":"서울특별시 동작구 노량진동","useName":"단독주택","floors":2.0,"height":7.4,"heightSource":"estimated","heightRaw":0.0,"sourceDate":"2026-09-09"},"geometry":{"type":"Polygon","coordinates":[[[126.93871225,37.51113683],[126.93867862,37.51121002],[126.93879454,37.51124358],[126.93882958,37.51117068],[126.93871225,37.51113683]]]}},{"type":"Feature","id":"seoul-building-524599","properties":{"id":"seoul-building-524599","sourceId":"0000194200314453968300000000","pnu":"1159010100102730021","name":"서울특별시 동작구 노량진동","address":"서울특별시 동작구 노량진동","useName":"","floors":0.0,"height":0,"heightSource":"unknown","heightRaw":0.0,"sourceDate":"2026-09-09"},"geometry":{"type":"Polygon","coordinates":[[[126.93518049,37.51075088],[126.93515307,37.51077846],[126.93520519,37.51079989],[126.93522695,37.51077034],[126.93518049,37.51075088]]]}},{"type":"Feature","id":"seoul-building-524608","properties":{"id":"seoul-building-524608","sourceId":"1988194309184454168100000000","pnu":"1159010100102820005","name":"서울특별시 동작구 노량진동","address":"서울특별시 동작구 노량진동","useName":"단독주택","floors":3.0,"height":10.6,"heightSource":"estimated","heightRaw":0.0,"sourceDate":"2026-09-09"},"geometry":{"type":"Polygon","coordinates":[[[126.93634145,37.51091427],[126.93633326,37.51098887],[126.93650098,37.51100023],[126.93650969,37.51091999],[126.93634145,37.51091427]]]}},{"type":"Feature","id":"seoul-building-524609","properties":{"id":"seoul-building-524609","sourceId":"1988194447624456134100000000","pnu":"1159010100100390030","name":"서울특별시 동작구 노량진동","address":"서울특별시 동작구 노량진동","useName":"단독주택","floors":2.0,"height":7.4,"heightSource":"estimated","heightRaw":0.0,"sourceDate":"2026-09-09"},"geometry":{"type":"Polygon","coordinates":[[[126.93805072,37.51268452],[126.93792259,37.5126867],[126.93792465,37.51277174],[126.93804517,37.51277152],[126.93804555,37.51274505],[126.93805102,37.51274506],[126.93805072,37.51268452]]]}},{"type":"Feature","id":"seoul-building-524616","properties":{"id":"seoul-building-524616","sourceId":"2007194515674453411800000000","pnu":"1159010100102480042","name":"서울특별시 동작구 노량진동","address":"서울특별시 동작구 노량진동","useName":"단독주택","floors":3.0,"height":8.8,"heightSource":"measured","heightRaw":8.8,"sourceDate":"2026-09-09"},"geometry":{"type":"Polygon","coordinates":[[[126.93873493,37.51021951],[126.93871458,37.51024962],[126.9387061,37.51024652],[126.93867885,37.51028592],[126.93878926,37.51033188],[126.93883421,37.51026489],[126.93882644,37.5102615],[126.93882573,37.51025813],[126.93882379,37.51025559],[126.93882131,37.51025503],[126.93881866,37.51025503],[126.9388153,37.51025531],[126.93873493,37.51021951]]]}},{"type":"Feature","id":"seoul-building-524633","properties":{"id":"seoul-building-524633","sourceId":"0000194142094456994000000000","pnu":"1159010100100240016","name":"서울특별시 동작구 노량진동","address":"서울특별시 동작구 노량진동","useName":"","floors":0.0,"height":0,"heightSource":"unknown","heightRaw":0.0,"sourceDate":"2026-09-09"},"geometry":{"type":"Polygon","coordinates":[[[126.93454627,37.51353549],[126.93454279,37.51346538],[126.93451646,37.5134648],[126.93451516,37.51353434],[126.93454627,37.51353549]]]}},{"type":"Feature","id":"seoul-building-524638","properties":{"id":"seoul-building-524638","sourceId":"1972194250454455519600000000","pnu":"1159010100102710008","name":"서울특별시 동작구 노량진동","address":"서울특별시 동작구 노량진동","useName":"단독주택","floors":3.0,"height":7.6,"heightSource":"measured","heightRaw":7.6,"sourceDate":"2026-09-09"},"geometry":{"type":"Polygon","coordinates":[[[126.93577823,37.5121413],[126.93572307,37.512159],[126.93574442,37.5122035],[126.9357826,37.51219564],[126.93577823,37.5121413]]]}},{"type":"Feature","id":"seoul-building-524686","properties":{"id":"seoul-building-524686","sourceId":"1988194342904454010200000000","pnu":"1159010100102820016","name":"서울특별시 동작구 노량진동","address":"서울특별시 동작구 노량진동","useName":"단독주택","floors":2.0,"height":7.4,"heightSource":"estimated","heightRaw":0.0,"sourceDate":"2026-09-09"},"geometry":{"type":"Polygon","coordinates":[[[126.93685532,37.5107701],[126.93674946,37.51077229],[126.93675311,37.51085902],[126.93685862,37.51085372],[126.93685532,37.5107701]]]}},{"type":"Feature","id":"seoul-building-524714","properties":{"id":"seoul-building-524714","sourceId":"1999193766164457839900000000","pnu":"1159010800105050000","name":"우정아파트","address":"서울특별시 동작구 대방동","useName":"공동주택","floors":23.0,"height":62.3,"heightSource":"measured","heightRaw":62.3,"sourceDate":"2026-09-09"},"geometry":{"type":"Polygon","coordinates":[[[126.9302541,37.5142727],[126.93031084,37.51427695],[126.93031387,37.51424992],[126.93024423,37.51424398],[126.93024086,37.51427157],[126.9302541,37.5142727]]]}},{"type":"Feature","id":"seoul-building-524721","properties":{"id":"seoul-building-524721","sourceId":"0000194184434455489100000000","pnu":"1159010100102700002","name":"서울특별시 동작구 노량진동","address":"서울특별시 동작구 노량진동","useName":"","floors":0.0,"height":0,"heightSource":"unknown","heightRaw":0.0,"sourceDate":"2026-09-09"},"geometry":{"type":"Polygon","coordinates":[[[126.935007,37.51212624],[126.93500009,37.51213412],[126.93498736,37.51214875],[126.93500007,37.51215777],[126.93501032,37.51216538],[126.93503473,37.51214061],[126.935007,37.51212624]]]}},{"type":"Feature","id":"seoul-building-524788","properties":{"id":"seoul-building-524788","sourceId":"0000194154974454235600000000","pnu":"1159010100102730068","name":"서울특별시 동작구 노량진동","address":"서울특별시 동작구 노량진동","useName":"","floors":0.0,"height":0,"heightSource":"unknown","heightRaw":0.0,"sourceDate":"2026-09-09"},"geometry":{"type":"Polygon","coordinates":[[[126.93469358,37.51098882],[126.93466123,37.51098965],[126.93466966,37.51104737],[126.93468822,37.51104766],[126.93469358,37.51098882]]]}},{"type":"Feature","id":"seoul-building-524799","properties":{"id":"seoul-building-524799","sourceId":"1990194363244454293300000000","pnu":"1159010100102820001","name":"서울특별시 동작구 노량진동","address":"서울특별시 동작구 노량진동","useName":"단독주택","floors":2.0,"height":7.4,"heightSource":"estimated","heightRaw":0.0,"sourceDate":"2026-09-09"},"geometry":{"type":"Polygon","coordinates":[[[126.93703927,37.51101544],[126.93697564,37.511023],[126.93699393,37.5111303],[126.93705897,37.51112441],[126.93705721,37.51110949],[126.93707312,37.51110612],[126.93707243,37.51109148],[126.93709594,37.51108839],[126.93708539,37.51101885],[126.9370405,37.51102389],[126.93703927,37.51101544]]]}},{"type":"Feature","id":"seoul-building-524808","properties":{"id":"seoul-building-524808","sourceId":"0000194155294454128600000000","pnu":"1159010100102730068","name":"서울특별시 동작구 노량진동","address":"서울특별시 동작구 노량진동","useName":"","floors":0.0,"height":0,"heightSource":"unknown","heightRaw":0.0,"sourceDate":"2026-09-09"},"geometry":{"type":"Polygon","coordinates":[[[126.93467638,37.51085507],[126.93466364,37.51085929],[126.93465214,37.51088603],[126.93466229,37.51098515],[126.9347003,37.51098573],[126.93470937,37.5109114],[126.93470977,37.51086663],[126.93467638,37.51085507]]]}},{"type":"Feature","id":"seoul-building-524866","properties":{"id":"seoul-building-524866","sourceId":"1992194535704454755400000000","pnu":"1159010100102460015","name":"서울특별시 동작구 노량진동","address":"서울특별시 동작구 노량진동","useName":"단독주택","floors":2.0,"height":7.4,"heightSource":"estimated","heightRaw":0.0,"sourceDate":"2026-09-09"},"geometry":{"type":"Polygon","coordinates":[[[126.938937,37.51142639],[126.93890158,37.51151028],[126.93900866,37.51154187],[126.93901166,37.51153624],[126.93903411,37.51154048],[126.93906792,37.5114639],[126.938937,37.51142639]]]}},{"type":"Feature","id":"seoul-building-524895","properties":{"id":"seoul-building-524895","sourceId":"1992194491184453201300000000","pnu":"1159010100102480107","name":"서울특별시 동작구 노량진동","address":"서울특별시 동작구 노량진동","useName":"단독주택","floors":3.0,"height":10.6,"heightSource":"estimated","heightRaw":0.0,"sourceDate":"2026-09-09"},"geometry":{"type":"Polygon","coordinates":[[[126.93846328,37.51002734],[126.93845743,37.51004704],[126.93844382,37.51004676],[126.93844222,37.51005097],[126.93842208,37.51004787],[126.93841392,37.51008559],[126.93841568,37.51008701],[126.93841301,37.51011459],[126.93844269,37.51012137],[126.93844287,37.51012643],[126.93851356,37.51014027],[126.93853318,37.51013098],[126.93855266,37.51006877],[126.9385251,37.51006172],[126.93852865,37.51004173],[126.93846328,37.51002734]]]}},{"type":"Feature","id":"seoul-building-524929","properties":{"id":"seoul-building-524929","sourceId":"0000193887744455971100000000","pnu":"1159010800105020000","name":"서울특별시 동작구 대방동","address":"서울특별시 동작구 대방동","useName":"","floors":0.0,"height":0,"heightSource":"unknown","heightRaw":0.0,"sourceDate":"2026-09-09"},"geometry":{"type":"Polygon","coordinates":[[[126.93163634,37.51255822],[126.93163348,37.51259145],[126.9316713,37.51259681],[126.93167557,37.51256443],[126.93163634,37.51255822]]]}},{"type":"Feature","id":"seoul-building-525078","properties":{"id":"seoul-building-525078","sourceId":"1994194253864453877600000000","pnu":"1159010100102860005","name":"서울특별시 동작구 노량진동","address":"서울특별시 동작구 노량진동","useName":"제2종근린생활시설","floors":5.0,"height":15.0,"heightSource":"measured","heightRaw":15.0,"sourceDate":"2026-09-09"},"geometry":{"type":"Polygon","coordinates":[[[126.93577264,37.51062619],[126.93571037,37.51069741],[126.93582378,37.51076221],[126.93587083,37.5107079],[126.93585882,37.51070142],[126.93587367,37.51068848],[126.93587421,37.51068313],[126.93581274,37.51064593],[126.93581079,37.51064818],[126.93577264,37.51062619]]]}},{"type":"Feature","id":"seoul-building-525089","properties":{"id":"seoul-building-525089","sourceId":"1965194394854454513800000000","pnu":"1159010100102810005","name":"서울특별시 동작구 노량진동","address":"서울특별시 동작구 노량진동","useName":"","floors":0.0,"height":0,"heightSource":"unknown","heightRaw":0.0,"sourceDate":"2026-09-09"},"geometry":{"type":"Polygon","coordinates":[[[126.937372,37.51128676],[126.93740946,37.51129044],[126.93741409,37.51126257],[126.93737346,37.51123665],[126.93736991,37.51125382],[126.93737769,37.51125523],[126.93737751,37.51125608],[126.937372,37.51128676]]]}},{"type":"Feature","id":"seoul-building-525137","properties":{"id":"seoul-building-525137","sourceId":"1990194403134453354100000000","pnu":"1159010100102490005","name":"서울특별시 동작구 노량진동","address":"서울특별시 동작구 노량진동","useName":"단독주택","floors":2.0,"height":7.4,"heightSource":"estimated","heightRaw":0.0,"sourceDate":"2026-09-09"},"geometry":{"type":"Polygon","coordinates":[[[126.93752456,37.51017382],[126.93746925,37.51017802],[126.93746977,37.5101828],[126.93744308,37.51018617],[126.93744377,37.51019658],[126.93744043,37.51019743],[126.93743101,37.5102391],[126.93743135,37.51026669],[126.93753827,37.51026168],[126.93753039,37.51017804],[126.93752456,37.51017382]]]}},{"type":"Feature","id":"seoul-building-525146","properties":{"id":"seoul-building-525146","sourceId":"1968194620204455070200000000","pnu":"1159010100102400062","name":"서울특별시 동작구 노량진동","address":"서울특별시 동작구 노량진동","useName":"제1종근린생활시설","floors":2.0,"height":7.4,"heightSource":"estimated","heightRaw":0.0,"sourceDate":"2026-09-09"},"geometry":{"type":"Polygon","coordinates":[[[126.93997998,37.51172932],[126.93994535,37.51173015],[126.93994305,37.51173521],[126.93991689,37.51173577],[126.93991706,37.5117445],[126.93989161,37.51174505],[126.93989544,37.51180644],[126.93998294,37.51180535],[126.93997998,37.51172932]]]}},{"type":"Feature","id":"seoul-building-525154","properties":{"id":"seoul-building-525154","sourceId":"0000194093624458311700000000","pnu":"1159010100100190006","name":"서울특별시 동작구 노량진동","address":"서울특별시 동작구 노량진동","useName":"","floors":0.0,"height":0,"heightSource":"unknown","heightRaw":0.0,"sourceDate":"2026-09-09"},"geometry":{"type":"Polygon","coordinates":[[[126.93396821,37.51467691],[126.93396731,37.51469887],[126.93399311,37.5146986],[126.93399526,37.51467749],[126.93396821,37.51467691]]]}},{"type":"Feature","id":"seoul-building-525167","properties":{"id":"seoul-building-525167","sourceId":"1999194132834453757400000000","pnu":"1159010800100440078","name":"서울특별시 동작구 대방동","address":"서울특별시 동작구 대방동","useName":"단독주택","floors":3.0,"height":10.3,"heightSource":"measured","heightRaw":10.3,"sourceDate":"2026-09-09"},"geometry":{"type":"Polygon","coordinates":[[[126.9344282,37.51050945],[126.93432173,37.5105964],[126.93433656,37.51060682],[126.93433762,37.51061076],[126.93434115,37.51061528],[126.93434856,37.51061866],[126.93435688,37.51062007],[126.93439202,37.51064684],[126.93439201,37.5106505],[126.93439449,37.51065359],[126.93440014,37.51065669],[126.93440668,37.51065895],[126.9344155,37.51066403],[126.93446308,37.51062463],[126.93447104,37.51062914],[126.93453506,37.51057315],[126.93444957,37.51051341],[126.9344282,37.51050945]]]}},{"type":"Feature","id":"seoul-building-525221","properties":{"id":"seoul-building-525221","sourceId":"1991194566834454738800000000","pnu":"1159010100102420001","name":"서울특별시 동작구 노량진동","address":"서울특별시 동작구 노량진동","useName":"단독주택","floors":2.0,"height":7.4,"heightSource":"estimated","heightRaw":0.0,"sourceDate":"2026-09-09"},"geometry":{"type":"Polygon","coordinates":[[[126.93927842,37.51144008],[126.9392812,37.51150344],[126.93939308,37.51150265],[126.93939224,37.5114407],[126.93927842,37.51144008]]]}},{"type":"Feature","id":"seoul-building-525226","properties":{"id":"seoul-building-525226","sourceId":"0000194101974454011100000000","pnu":"1159010800100450026","name":"서울특별시 동작구 대방동","address":"서울특별시 동작구 대방동","useName":"단독주택","floors":1.0,"height":4.2,"heightSource":"estimated","heightRaw":0.0,"sourceDate":"2026-09-09"},"geometry":{"type":"Polygon","coordinates":[[[126.93402997,37.51076743],[126.93400185,37.51079782],[126.93410395,37.51086179],[126.93415402,37.51080326],[126.93412168,37.51078691],[126.93409817,37.5108097],[126.93402997,37.51076743]]]}},{"type":"Feature","id":"seoul-building-525261","properties":{"id":"seoul-building-525261","sourceId":"0000194403624457512500000000","pnu":"1159010100100130008","name":"서울특별시 동작구 노량진동","address":"서울특별시 동작구 노량진동","useName":"","floors":0.0,"height":0,"heightSource":"unknown","heightRaw":0.0,"sourceDate":"2026-09-09"},"geometry":{"type":"Polygon","coordinates":[[[126.93755889,37.5139527],[126.9374205,37.51395263],[126.93742013,37.51397347],[126.93743831,37.51399263],[126.93750566,37.51398506],[126.93755798,37.51398368],[126.93755889,37.5139527]]]}},{"type":"Feature","id":"seoul-building-525290","properties":{"id":"seoul-building-525290","sourceId":"1998194038534454566900000000","pnu":"1159010800100430011","name":"서울특별시 동작구 대방동","address":"서울특별시 동작구 대방동","useName":"제1종근린생활시설","floors":3.0,"height":9.2,"heightSource":"measured","heightRaw":9.2,"sourceDate":"2026-09-09"},"geometry":{"type":"Polygon","coordinates":[[[126.93337514,37.51124459],[126.93334085,37.51125161],[126.93334754,37.51126766],[126.9332966,37.51131016],[126.93338756,37.51138143],[126.93340878,37.51136258],[126.93337514,37.51124459]]]}},{"type":"Feature","id":"seoul-building-525314","properties":{"id":"seoul-building-525314","sourceId":"1990194328284453615400000000","pnu":"1159010100102890086","name":"서울특별시 동작구 노량진동","address":"서울특별시 동작구 노량진동","useName":"단독주택","floors":2.0,"height":7.4,"heightSource":"estimated","heightRaw":0.0,"sourceDate":"2026-09-09"},"geometry":{"type":"Polygon","coordinates":[[[126.93659903,37.51040984],[126.93659425,37.51042279],[126.93657923,37.51042165],[126.93656416,37.51048134],[126.93658641,37.51048529],[126.93658499,37.51049515],[126.936685,37.5105104],[126.93671212,37.51042172],[126.93665841,37.51041185],[126.93665521,37.51041973],[126.93659903,37.51040984]]]}},{"type":"Feature","id":"seoul-building-525335","properties":{"id":"seoul-building-525335","sourceId":"0000194198704457034200000000","pnu":"1159010100100240081","name":"서울특별시 동작구 노량진동","address":"서울특별시 동작구 노량진동","useName":"","floors":0.0,"height":0,"heightSource":"unknown","heightRaw":0.0,"sourceDate":"2026-09-09"},"geometry":{"type":"Polygon","coordinates":[[[126.93513759,37.51355496],[126.93519821,37.51355696],[126.93519718,37.51351895],[126.93515017,37.51351583],[126.93513759,37.51355496]]]}},{"type":"Feature","id":"seoul-building-525389","properties":{"id":"seoul-building-525389","sourceId":"0000194611484454819800000000","pnu":"1159010100102400017","name":"서울특별시 동작구 노량진동","address":"서울특별시 동작구 노량진동","useName":"","floors":0.0,"height":0,"heightSource":"unknown","heightRaw":0.0,"sourceDate":"2026-09-09"},"geometry":{"type":"Polygon","coordinates":[[[126.93987183,37.51150655],[126.93978838,37.51155354],[126.9398131,37.51158198],[126.93989125,37.51153781],[126.93987183,37.51150655]]]}},{"type":"Feature","id":"seoul-building-525394","properties":{"id":"seoul-building-525394","sourceId":"1990194518044453541100000000","pnu":"1159010100102480081","name":"서울특별시 동작구 노량진동","address":"서울특별시 동작구 노량진동","useName":"단독주택","floors":2.0,"height":7.4,"heightSource":"estimated","heightRaw":0.0,"sourceDate":"2026-09-09"},"geometry":{"type":"Polygon","coordinates":[[[126.93874614,37.51034284],[126.93871057,37.51039434],[126.93873566,37.51040421],[126.93873477,37.5104059],[126.93876622,37.51041887],[126.93876798,37.51041634],[126.93882876,37.5104403],[126.93885955,37.51039161],[126.93874614,37.51034284]]]}},{"type":"Feature","id":"seoul-building-525411","properties":{"id":"seoul-building-525411","sourceId":"1987194479044456293000000000","pnu":"1159010100100400032","name":"서울특별시 동작구 노량진동","address":"서울특별시 동작구 노량진동","useName":"제1종근린생활시설","floors":4.0,"height":13.8,"heightSource":"estimated","heightRaw":0.0,"sourceDate":"2026-09-09"},"geometry":{"type":"Polygon","coordinates":[[[126.93829317,37.51293017],[126.93838967,37.51293078],[126.93839135,37.51281282],[126.93829363,37.51281248],[126.93829317,37.51293017]]]}},{"type":"Feature","id":"seoul-building-525414","properties":{"id":"seoul-building-525414","sourceId":"1992194361504453594200000000","pnu":"1159010100102900004","name":"서울특별시 동작구 노량진동","address":"서울특별시 동작구 노량진동","useName":"단독주택","floors":2.0,"height":7.4,"heightSource":"estimated","heightRaw":0.0,"sourceDate":"2026-09-09"},"geometry":{"type":"Polygon","coordinates":[[[126.93699704,37.51038189],[126.93696055,37.51046776],[126.93705261,37.51049117],[126.93705796,37.51043543],[126.93704065,37.51042979],[126.93705022,37.51039544],[126.93699704,37.51038189]]]}},{"type":"Feature","id":"seoul-building-525439","properties":{"id":"seoul-building-525439","sourceId":"1994194074054454242100000000","pnu":"1159010800100440205","name":"서울특별시 동작구 대방동","address":"서울특별시 동작구 대방동","useName":"단독주택","floors":2.0,"height":6.5,"heightSource":"measured","heightRaw":6.5,"sourceDate":"2026-09-09"},"geometry":{"type":"Polygon","coordinates":[[[126.93374952,37.51096859],[126.9336989,37.51104177],[126.9337761,37.51107279],[126.93382707,37.51100157],[126.93374952,37.51096859]]]}},{"type":"Feature","id":"seoul-building-525476","properties":{"id":"seoul-building-525476","sourceId":"1994193993654455724900000000","pnu":"1159010800100230166","name":"마동","address":"서울특별시 동작구 대방동","useName":"제1종근린생활시설","floors":1.0,"height":3.3,"heightSource":"measured","heightRaw":3.3,"sourceDate":"2026-09-09"},"geometry":{"type":"Polygon","coordinates":[[[126.93295431,37.5122653],[126.93292036,37.51228246],[126.93270111,37.51239299],[126.93274984,37.51244792],[126.93292047,37.51236186],[126.93300393,37.51231939],[126.93295431,37.5122653]]]}},{"type":"Feature","id":"seoul-building-525485","properties":{"id":"seoul-building-525485","sourceId":"0000194245804456173100000000","pnu":"1159010100102660006","name":"서울특별시 동작구 노량진동","address":"서울특별시 동작구 노량진동","useName":"","floors":0.0,"height":0,"heightSource":"unknown","heightRaw":0.0,"sourceDate":"2026-09-09"},"geometry":{"type":"Polygon","coordinates":[[[126.93569501,37.51273591],[126.93567714,37.51275335],[126.93570186,37.51278632],[126.93573581,37.51276915],[126.93569501,37.51273591]]]}},{"type":"Feature","id":"seoul-building-525529","properties":{"id":"seoul-building-525529","sourceId":"1967194424074456143500000000","pnu":"1159010100100390034","name":"서울특별시 동작구 노량진동","address":"서울특별시 동작구 노량진동","useName":"단독주택","floors":2.0,"height":7.4,"heightSource":"estimated","heightRaw":0.0,"sourceDate":"2026-09-09"},"geometry":{"type":"Polygon","coordinates":[[[126.93777679,37.51268635],[126.93772217,37.5126866],[126.93772234,37.51269505],[126.93767886,37.51269616],[126.93767477,37.51274064],[126.93764861,37.51274147],[126.93764806,37.51277751],[126.93777388,37.51277672],[126.93777679,37.51268635]]]}},{"type":"Feature","id":"seoul-building-525545","properties":{"id":"seoul-building-525545","sourceId":"1995194484664454067100000000","pnu":"1159010100102460032","name":"서울특별시 동작구 노량진동","address":"서울특별시 동작구 노량진동","useName":"단독주택","floors":2.0,"height":7.1,"heightSource":"measured","heightRaw":7.1,"sourceDate":"2026-09-09"},"geometry":{"type":"Polygon","coordinates":[[[126.93837729,37.51080357],[126.93834203,37.51090406],[126.93843214,37.51092579],[126.93843888,37.51090919],[126.93844665,37.51090862],[126.93847375,37.51083431],[126.93843576,37.51082359],[126.93843754,37.5108188],[126.93837729,37.51080357]]]}},{"type":"Feature","id":"seoul-building-525596","properties":{"id":"seoul-building-525596","sourceId":"1961194606234454108700000000","pnu":"1159010100102400069","name":"서울특별시 동작구 노량진동","address":"서울특별시 동작구 노량진동","useName":"단독주택","floors":1.0,"height":4.2,"heightSource":"estimated","heightRaw":0.0,"sourceDate":"2026-09-09"},"geometry":{"type":"Polygon","coordinates":[[[126.9398151,37.51085865],[126.9397131,37.51089351],[126.93974575,37.51095237],[126.93985323,37.5109116],[126.93981845,37.51085752],[126.9398151,37.51085865]]]}},{"type":"Feature","id":"seoul-building-525617","properties":{"id":"seoul-building-525617","sourceId":"0000193769794456055100000000","pnu":"1159010800105020000","name":"서울특별시 동작구 대방동","address":"서울특별시 동작구 대방동","useName":"","floors":0.0,"height":0,"heightSource":"unknown","heightRaw":0.0,"sourceDate":"2026-09-09"},"geometry":{"type":"Polygon","coordinates":[[[126.93029275,37.51263036],[126.93029182,37.51267372],[126.93034785,37.51267432],[126.93034753,37.51263124],[126.93029275,37.51263036]]]}},{"type":"Feature","id":"seoul-building-525619","properties":{"id":"seoul-building-525619","sourceId":"1992194361564453438500000000","pnu":"1159010100102890002","name":"서울특별시 동작구 노량진동","address":"서울특별시 동작구 노량진동","useName":"단독주택","floors":2.0,"height":7.4,"heightSource":"estimated","heightRaw":0.0,"sourceDate":"2026-09-09"},"geometry":{"type":"Polygon","coordinates":[[[126.93699449,37.51025885],[126.93696669,37.51032331],[126.937031,37.51033827],[126.93704535,37.51030674],[126.93705595,37.51030787],[126.93706728,37.51027944],[126.93699449,37.51025885]]]}},{"type":"Feature","id":"seoul-building-525620","properties":{"id":"seoul-building-525620","sourceId":"1993194089594454215900000000","pnu":"1159010800100440168","name":"서울특별시 동작구 대방동","address":"서울특별시 동작구 대방동","useName":"단독주택","floors":2.0,"height":6.3,"heightSource":"measured","heightRaw":6.3,"sourceDate":"2026-09-09"},"geometry":{"type":"Polygon","coordinates":[[[126.93392486,37.51093602],[126.93386434,37.51101821],[126.93396028,37.51105796],[126.93399301,37.51100843],[126.93398647,37.51100448],[126.93400736,37.51097295],[126.93392486,37.51093602]]]}},{"type":"Feature","id":"seoul-building-525663","properties":{"id":"seoul-building-525663","sourceId":"1992194292454456116400000000","pnu":"1159010100102640005","name":"서울특별시 동작구 노량진동","address":"서울특별시 동작구 노량진동","useName":"제1종근린생활시설","floors":3.0,"height":10.6,"heightSource":"estimated","heightRaw":0.0,"sourceDate":"2026-09-09"},"geometry":{"type":"Polygon","coordinates":[[[126.9362873,37.51266584],[126.93615366,37.51268858],[126.93616406,37.51272096],[126.9361692,37.51272069],[126.93618012,37.51275814],[126.93622113,37.51275085],[126.93622079,37.51274859],[126.93626126,37.51274129],[126.93626179,37.5127427],[126.93630669,37.51273456],[126.9362873,37.51266584]]]}},{"type":"Feature","id":"seoul-building-525692","properties":{"id":"seoul-building-525692","sourceId":"1988194173984453938000000000","pnu":"1159010100102730024","name":"서울특별시 동작구 노량진동","address":"서울특별시 동작구 노량진동","useName":"단독주택","floors":4.0,"height":13.8,"heightSource":"estimated","heightRaw":0.0,"sourceDate":"2026-09-09"},"geometry":{"type":"Polygon","coordinates":[[[126.93486103,37.51068596],[126.93483708,37.51078618],[126.93488779,37.51079466],[126.9348823,37.51081183],[126.93491428,37.51082367],[126.93495061,37.51070149],[126.93486103,37.51068596]]]}},{"type":"Feature","id":"seoul-building-525697","properties":{"id":"seoul-building-525697","sourceId":"1992194334364454655000000000","pnu":"1159010100102800005","name":"서울특별시 동작구 노량진동","address":"서울특별시 동작구 노량진동","useName":"단독주택","floors":2.0,"height":7.4,"heightSource":"estimated","heightRaw":0.0,"sourceDate":"2026-09-09"},"geometry":{"type":"Polygon","coordinates":[[[126.9367587,37.5113374],[126.93664065,37.51134043],[126.93664431,37.511399],[126.93665474,37.51139872],[126.93665716,37.51144547],[126.93669465,37.5114438],[126.93669517,37.51145816],[126.93676533,37.5114565],[126.9367587,37.5113374]]]}},{"type":"Feature","id":"seoul-building-525702","properties":{"id":"seoul-building-525702","sourceId":"1965194234394454266200000000","pnu":"1159010100102740030","name":"서울특별시 동작구 노량진동","address":"서울특별시 동작구 노량진동","useName":"단독주택","floors":1.0,"height":4.2,"heightSource":"estimated","heightRaw":0.0,"sourceDate":"2026-09-09"},"geometry":{"type":"Polygon","coordinates":[[[126.93553126,37.51100195],[126.93550823,37.51106248],[126.93561814,37.51108788],[126.93564223,37.51101975],[126.93560124,37.51100932],[126.93559857,37.51101832],[126.93553126,37.51100195]]]}},{"type":"Feature","id":"seoul-building-525709","properties":{"id":"seoul-building-525709","sourceId":"1991194455104453613100000000","pnu":"1159010100102490038","name":"서울특별시 동작구 노량진동","address":"서울특별시 동작구 노량진동","useName":"단독주택","floors":2.0,"height":7.4,"heightSource":"estimated","heightRaw":0.0,"sourceDate":"2026-09-09"},"geometry":{"type":"Polygon","coordinates":[[[126.9381256,37.5103946],[126.93806428,37.51039513],[126.9380641,37.51040442],[126.93801992,37.51040496],[126.93801523,37.5105097],[126.93806737,37.5105103],[126.93806753,37.51051761],[126.93812373,37.51051764],[126.9381256,37.5103946]]]}},{"type":"Feature","id":"seoul-building-525721","properties":{"id":"seoul-building-525721","sourceId":"0000194522494455735300000000","pnu":"1159010100100470002","name":"서울특별시 동작구 노량진동","address":"서울특별시 동작구 노량진동","useName":"","floors":0.0,"height":0,"heightSource":"unknown","heightRaw":0.0,"sourceDate":"2026-09-09"},"geometry":{"type":"Polygon","coordinates":[[[126.93883553,37.51233073],[126.93880937,37.51233691],[126.93883175,37.51240787],[126.93885862,37.51240028],[126.93883553,37.51233073]]]}},{"type":"Feature","id":"seoul-building-525725","properties":{"id":"seoul-building-525725","sourceId":"1992194344254453388800000000","pnu":"1159010100102890062","name":"서울특별시 동작구 노량진동","address":"서울특별시 동작구 노량진동","useName":"단독주택","floors":2.0,"height":7.4,"heightSource":"estimated","heightRaw":0.0,"sourceDate":"2026-09-09"},"geometry":{"type":"Polygon","coordinates":[[[126.93679199,37.51021032],[126.93677072,37.51028126],[126.93684513,37.51029567],[126.93685204,37.51027173],[126.93685698,37.5102723],[126.93687079,37.51023091],[126.93679199,37.51021032]]]}},{"type":"Feature","id":"seoul-building-525747","properties":{"id":"seoul-building-525747","sourceId":"1997194016474456146700000000","pnu":"1159010800100490006","name":"서울특별시 동작구 대방동","address":"서울특별시 동작구 대방동","useName":"","floors":0.0,"height":0,"heightSource":"unknown","heightRaw":0.0,"sourceDate":"2026-09-09"},"geometry":{"type":"Polygon","coordinates":[[[126.93316822,37.51258979],[126.93304645,37.51259366],[126.93305191,37.51280934],[126.93305396,37.51288424],[126.93317115,37.5128829],[126.93317031,37.51280941],[126.93316822,37.51258979]]]}},{"type":"Feature","id":"seoul-building-525753","properties":{"id":"seoul-building-525753","sourceId":"1960194585474454825200000000","pnu":"1159010100102400006","name":"서울특별시 동작구 노량진동","address":"서울특별시 동작구 노량진동","useName":"단독주택","floors":1.0,"height":4.2,"heightSource":"estimated","heightRaw":0.0,"sourceDate":"2026-09-09"},"geometry":{"type":"Polygon","coordinates":[[[126.93956928,37.51149683],[126.93953747,37.51151089],[126.93955599,37.5115444],[126.93953549,37.51155256],[126.9395219,37.51153115],[126.93948052,37.51154802],[126.93950523,37.51159196],[126.93961165,37.51155935],[126.93956928,37.51149683]]]}},{"type":"Feature","id":"seoul-building-525796","properties":{"id":"seoul-building-525796","sourceId":"1989194035954453582100000000","pnu":"1159010800100440322","name":"서울특별시 동작구 대방동","address":"서울특별시 동작구 대방동","useName":"단독주택","floors":2.0,"height":7.4,"heightSource":"estimated","heightRaw":0.0,"sourceDate":"2026-09-09"},"geometry":{"type":"Polygon","coordinates":[[[126.93330292,37.51037058],[126.93326222,37.51043278],[126.93328059,37.51043955],[126.93327935,37.51044377],[126.93330779,37.51045618],[126.93330495,37.51046152],[126.93335548,37.51048324],[126.93340468,37.510414],[126.93330292,37.51037058]]]}},{"type":"Feature","id":"seoul-building-525840","properties":{"id":"seoul-building-525840","sourceId":"1994193991724455264500000000","pnu":"1159010800100230166","name":"가동","address":"서울특별시 동작구 대방동","useName":"종교시설","floors":1.0,"height":3.0,"heightSource":"measured","heightRaw":3.0,"sourceDate":"2026-09-09"},"geometry":{"type":"Polygon","coordinates":[[[126.93292041,37.51203553],[126.93292907,37.51203328],[126.93294286,37.51202991],[126.9329203,37.51196711],[126.93287146,37.51183081],[126.93276858,37.51184905],[126.93275836,37.5118223],[126.93272724,37.51182819],[126.93271946,37.51184029],[126.93279756,37.51206249],[126.93292041,37.51203553]]]}},{"type":"Feature","id":"seoul-building-525850","properties":{"id":"seoul-building-525850","sourceId":"1993194227134456442000000000","pnu":"1159010100100290006","name":"서울특별시 동작구 노량진동","address":"서울특별시 동작구 노량진동","useName":"단독주택","floors":3.0,"height":10.4,"heightSource":"measured","heightRaw":10.4,"sourceDate":"2026-09-09"},"geometry":{"type":"Polygon","coordinates":[[[126.93557324,37.51294956],[126.9353786,37.51299647],[126.93539412,37.51303871],[126.93543549,37.51302973],[126.93544254,37.51304606],[126.93546729,37.51303988],[126.93547647,37.51306635],[126.93550564,37.51305933],[126.93549965,37.51303708],[126.93559616,37.5130118],[126.93557324,37.51294956]]]}},{"type":"Feature","id":"seoul-building-525854","properties":{"id":"seoul-building-525854","sourceId":"0000193979764454150400000000","pnu":"1159010800100320008","name":"서울특별시 동작구 대방동","address":"서울특별시 동작구 대방동","useName":"단독주택","floors":1.0,"height":4.2,"heightSource":"estimated","heightRaw":0.0,"sourceDate":"2026-09-09"},"geometry":{"type":"Polygon","coordinates":[[[126.93272916,37.51088749],[126.93270017,37.51089816],[126.93271373,37.51094182],[126.93269464,37.51094716],[126.9326703,37.51089364],[126.93263335,37.51090235],[126.93266934,37.51098515],[126.93275754,37.51096352],[126.93272916,37.51088749]]]}},{"type":"Feature","id":"seoul-building-525856","properties":{"id":"seoul-building-525856","sourceId":"1991194049014453166200000000","pnu":"1159010800100440096","name":"서울특별시 동작구 대방동","address":"서울특별시 동작구 대방동","useName":"단독주택","floors":2.0,"height":7.4,"heightSource":"estimated","heightRaw":0.0,"sourceDate":"2026-09-09"},"geometry":{"type":"Polygon","coordinates":[[[126.93345718,37.51000013],[126.93344107,37.5100263],[126.93342924,37.51002319],[126.93342269,37.51003417],[126.93342516,37.51003643],[126.93340339,37.51007302],[126.93345339,37.51009332],[126.93345445,37.51008995],[126.93350639,37.510108],[126.93355542,37.51002721],[126.93350507,37.51000325],[126.933501,37.51001142],[126.93346638,37.51000013],[126.93345718,37.51000013]]]}},{"type":"Feature","id":"seoul-building-525881","properties":{"id":"seoul-building-525881","sourceId":"1989194332044454193200000000","pnu":"1159010100102820027","name":"서울특별시 동작구 노량진동","address":"서울특별시 동작구 노량진동","useName":"단독주택","floors":2.0,"height":7.4,"heightSource":"estimated","heightRaw":0.0,"sourceDate":"2026-09-09"},"geometry":{"type":"Polygon","coordinates":[[[126.9367223,37.51092601],[126.93666681,37.51092851],[126.93666698,37.51093415],[126.93662739,37.51093807],[126.93663527,37.51102903],[126.93673582,37.51102231],[126.9367223,37.51092601]]]}},{"type":"Feature","id":"seoul-building-525882","properties":{"id":"seoul-building-525882","sourceId":"0000194156664458295000000000","pnu":"1159010100100190006","name":"서울특별시 동작구 노량진동","address":"서울특별시 동작구 노량진동","useName":"","floors":0.0,"height":0,"heightSource":"unknown","heightRaw":0.0,"sourceDate":"2026-09-09"},"geometry":{"type":"Polygon","coordinates":[[[126.93475992,37.51456444],[126.93473111,37.51455992],[126.93472189,37.51460046],[126.93464784,37.51459676],[126.93462684,37.51475611],[126.93473199,37.51476433],[126.93473271,37.51475983],[126.93475992,37.51456444]]]}},{"type":"Feature","id":"seoul-building-525898","properties":{"id":"seoul-building-525898","sourceId":"1967194103804454170700000000","pnu":"1159010800100450044","name":"서울특별시 동작구 대방동","address":"서울특별시 동작구 대방동","useName":"단독주택","floors":1.0,"height":4.2,"heightSource":"estimated","heightRaw":0.0,"sourceDate":"2026-09-09"},"geometry":{"type":"Polygon","coordinates":[[[126.93406714,37.51091893],[126.93404607,37.51096341],[126.93413706,37.51099189],[126.93415458,37.51095361],[126.93410564,37.51093922],[126.93410794,37.51093472],[126.93406714,37.51091893]]]}},{"type":"Feature","id":"seoul-building-525941","properties":{"id":"seoul-building-525941","sourceId":"1995194616384454193200000000","pnu":"1159010100102400029","name":"서울특별시 동작구 노량진동","address":"서울특별시 동작구 노량진동","useName":"단독주택","floors":2.0,"height":5.2,"heightSource":"measured","heightRaw":5.2,"sourceDate":"2026-09-09"},"geometry":{"type":"Polygon","coordinates":[[[126.93991489,37.51093528],[126.93988554,37.51094513],[126.93988237,37.51094062],[126.93983852,37.51095833],[126.93987328,37.51102649],[126.93995866,37.5109995],[126.9399442,37.51096628],[126.9399343,37.5109688],[126.93991489,37.51093528]]]}},{"type":"Feature","id":"seoul-building-525960","properties":{"id":"seoul-building-525960","sourceId":"0000194204874455280200000000","pnu":"1159010100102700002","name":"서울특별시 동작구 노량진동","address":"서울특별시 동작구 노량진동","useName":"","floors":0.0,"height":0,"heightSource":"unknown","heightRaw":0.0,"sourceDate":"2026-09-09"},"geometry":{"type":"Polygon","coordinates":[[[126.9351933,37.51187856],[126.93519228,37.51203539],[126.93528913,37.51203572],[126.93529191,37.51188002],[126.9351933,37.51187856]]]}},{"type":"Feature","id":"seoul-building-525970","properties":{"id":"seoul-building-525970","sourceId":"1990194437854455702000000000","pnu":"1159010100102570002","name":"서울특별시 동작구 노량진동","address":"서울특별시 동작구 노량진동","useName":"제1종근린생활시설","floors":3.0,"height":10.6,"heightSource":"estimated","heightRaw":0.0,"sourceDate":"2026-09-09"},"geometry":{"type":"Polygon","coordinates":[[[126.93792504,37.51229392],[126.93792008,37.51229562],[126.93780625,37.51232709],[126.93782776,37.51238454],[126.93792003,37.51235643],[126.93794867,37.51234772],[126.93792504,37.51229392]]]}},{"type":"Feature","id":"seoul-building-526092","properties":{"id":"seoul-building-526092","sourceId":"1990194337364455318400000000","pnu":"1159010100102560014","name":"서울특별시 동작구 노량진동","address":"서울특별시 동작구 노량진동","useName":"단독주택","floors":2.0,"height":7.4,"heightSource":"estimated","heightRaw":0.0,"sourceDate":"2026-09-09"},"geometry":{"type":"Polygon","coordinates":[[[126.93670783,37.51193344],[126.93666483,37.51201507],[126.936706,37.51202776],[126.93670546,37.5120303],[126.93677225,37.51205201],[126.93681508,37.51196841],[126.93670783,37.51193344]]]}},{"type":"Feature","id":"seoul-building-526098","properties":{"id":"seoul-building-526098","sourceId":"1972194226584454672000000000","pnu":"1159010100102730007","name":"서울특별시 동작구 노량진동","address":"서울특별시 동작구 노량진동","useName":"제2종근린생활시설","floors":2.0,"height":7.2,"heightSource":"measured","heightRaw":7.2,"sourceDate":"2026-09-09"},"geometry":{"type":"Polygon","coordinates":[[[126.93542448,37.51145803],[126.9354243,37.51146057],[126.9354706,37.51146228],[126.93547277,37.51141808],[126.93557261,37.51142235],[126.93557547,37.51138181],[126.93542949,37.51137582],[126.93542448,37.51145803]]]}},{"type":"Feature","id":"seoul-building-526112","properties":{"id":"seoul-building-526112","sourceId":"0000194607694454054300000000","pnu":"1159010100102410005","name":"서울특별시 동작구 노량진동","address":"서울특별시 동작구 노량진동","useName":"","floors":0.0,"height":0,"heightSource":"unknown","heightRaw":0.0,"sourceDate":"2026-09-09"},"geometry":{"type":"Polygon","coordinates":[[[126.9398151,37.51085865],[126.9398091,37.510844],[126.93978188,37.51085215],[126.93978875,37.51086596],[126.9398151,37.51085865]]]}},{"type":"Feature","id":"seoul-building-526121","properties":{"id":"seoul-building-526121","sourceId":"1999193831514453755500000000","pnu":"1159010800105060000","name":"대방2차현대아파트","address":"서울특별시 동작구 대방동","useName":"공동주택","floors":8.0,"height":21.78,"heightSource":"measured","heightRaw":21.78,"sourceDate":"2026-09-09"},"geometry":{"type":"Polygon","coordinates":[[[126.93091821,37.51052153],[126.93086554,37.51052207],[126.93086553,37.51053727],[126.93083372,37.51053555],[126.93083135,37.51061636],[126.93086545,37.5106161],[126.9308681,37.51063047],[126.93089319,37.51063217],[126.93089318,37.51063949],[126.93094266,37.51063952],[126.93094284,37.51063361],[126.93098491,37.5106342],[126.93098508,37.51063983],[126.93103262,37.51063986],[126.93103315,37.51063282],[126.93107097,37.5106334],[126.93107151,37.51062552],[126.93109271,37.51062553],[126.93109289,37.51063454],[126.93112293,37.51063512],[126.93112274,37.51064273],[126.93117187,37.5106436],[126.93117188,37.51063796],[126.9312005,37.51063742],[126.93120008,37.51053014],[126.93114724,37.51052815],[126.93114636,37.51052505],[126.93109635,37.51052642],[126.93109651,37.51053347],[126.93107018,37.5105326],[126.93106966,37.51052332],[126.93101629,37.51052412],[126.93101593,37.51052694],[126.93091838,37.51052547],[126.93091821,37.51052153]]]}},{"type":"Feature","id":"seoul-building-526124","properties":{"id":"seoul-building-526124","sourceId":"1960194614534454702400000000","pnu":"1159010100102400008","name":"서울특별시 동작구 노량진동","address":"서울특별시 동작구 노량진동","useName":"단독주택","floors":1.0,"height":4.2,"heightSource":"estimated","heightRaw":0.0,"sourceDate":"2026-09-09"},"geometry":{"type":"Polygon","coordinates":[[[126.93991006,37.51144632],[126.93987088,37.51137844],[126.93983552,37.51139194],[126.93986923,37.51145193],[126.93984148,37.51146261],[126.93985629,37.51149302],[126.93992276,37.511468],[126.93991006,37.51144632]]]}},{"type":"Feature","id":"seoul-building-526137","properties":{"id":"seoul-building-526137","sourceId":"1993194348504455125700000000","pnu":"1159010100102560023","name":"서울특별시 동작구 노량진동","address":"서울특별시 동작구 노량진동","useName":"단독주택","floors":2.0,"height":7.6,"heightSource":"measured","heightRaw":7.6,"sourceDate":"2026-09-09"},"geometry":{"type":"Polygon","coordinates":[[[126.93683522,37.51176485],[126.93681026,37.51182228],[126.93682421,37.51182679],[126.93681517,37.51185635],[126.93688832,37.51187638],[126.93693046,37.51178856],[126.93683522,37.51176485]]]}},{"type":"Feature","id":"seoul-building-526148","properties":{"id":"seoul-building-526148","sourceId":"1969194179694453717100000000","pnu":"1159010100102940304","name":"서울특별시 동작구 노량진동","address":"서울특별시 동작구 노량진동","useName":"단독주택","floors":2.0,"height":7.4,"heightSource":"estimated","heightRaw":0.0,"sourceDate":"2026-09-09"},"geometry":{"type":"Polygon","coordinates":[[[126.93493401,37.51050072],[126.93490798,37.51055928],[126.93492033,37.51056435],[126.93491485,37.51058012],[126.93497704,37.51059817],[126.93500005,37.51055172],[126.93501351,37.51052442],[126.93500008,37.51052019],[126.93493401,37.51050072]]]}},{"type":"Feature","id":"seoul-building-526179","properties":{"id":"seoul-building-526179","sourceId":"1991194026414453433100000000","pnu":"1159010800100440275","name":"서울특별시 동작구 대방동","address":"서울특별시 동작구 대방동","useName":"공동주택","floors":3.0,"height":9.85,"heightSource":"estimated","heightRaw":0.0,"sourceDate":"2026-09-09"},"geometry":{"type":"Polygon","coordinates":[[[126.93319066,37.51021143],[126.9331774,37.51021649],[126.93314503,37.51026068],[126.93314925,37.51028095],[126.93316391,37.51028884],[126.93316108,37.51029898],[126.93318527,37.51031195],[126.93316758,37.51033897],[126.93318648,37.51035137],[126.93318329,37.51036122],[126.93323699,37.51038378],[126.93332068,37.51026754],[126.93319066,37.51021143]]]}},{"type":"Feature","id":"seoul-building-526210","properties":{"id":"seoul-building-526210","sourceId":"1992194532224454238500000000","pnu":"1159010100102460034","name":"서울특별시 동작구 노량진동","address":"서울특별시 동작구 노량진동","useName":"단독주택","floors":2.0,"height":7.4,"heightSource":"estimated","heightRaw":0.0,"sourceDate":"2026-09-09"},"geometry":{"type":"Polygon","coordinates":[[[126.93891422,37.51096828],[126.93887793,37.51104287],[126.93897865,37.5110722],[126.93901033,37.51099873],[126.93891422,37.51096828]]]}},{"type":"Feature","id":"seoul-building-526229","properties":{"id":"seoul-building-526229","sourceId":"1985194289744455313300000000","pnu":"1159010100102760014","name":"서울특별시 동작구 노량진동","address":"서울특별시 동작구 노량진동","useName":"단독주택","floors":1.0,"height":4.2,"heightSource":"estimated","heightRaw":0.0,"sourceDate":"2026-09-09"},"geometry":{"type":"Polygon","coordinates":[[[126.93620132,37.51194837],[126.93617568,37.51195061],[126.93617722,37.51201931],[126.93622158,37.51202131],[126.93623218,37.51201287],[126.93622939,37.51197626],[126.93620132,37.51194837]]]}},{"type":"Feature","id":"seoul-building-526255","properties":{"id":"seoul-building-526255","sourceId":"1994193785524456268300000000","pnu":"1159010800105020000","name":"서울특별시 동작구 대방동","address":"서울특별시 동작구 대방동","useName":"","floors":0.0,"height":0,"heightSource":"unknown","heightRaw":0.0,"sourceDate":"2026-09-09"},"geometry":{"type":"Polygon","coordinates":[[[126.93047757,37.51287008],[126.93051221,37.51286898],[126.93051258,37.51285602],[126.93052212,37.51285575],[126.9305211,37.51282196],[126.93047619,37.51282278],[126.93047423,37.51285375],[126.93047794,37.51285375],[126.93047757,37.51287008]]]}},{"type":"Feature","id":"seoul-building-526264","properties":{"id":"seoul-building-526264","sourceId":"0000194383544453164100000000","pnu":"1159010100102910019","name":"서울특별시 동작구 노량진동","address":"서울특별시 동작구 노량진동","useName":"","floors":0.0,"height":0,"heightSource":"unknown","heightRaw":0.0,"sourceDate":"2026-09-09"},"geometry":{"type":"Polygon","coordinates":[[[126.93729333,37.5100408],[126.93728663,37.5100256],[126.93726065,37.51002558],[126.93722706,37.51004471],[126.93724894,37.51008301],[126.93729491,37.51006643],[126.93728978,37.51005714],[126.9372981,37.51005179],[126.93729333,37.5100408]]]}},{"type":"Feature","id":"seoul-building-526277","properties":{"id":"seoul-building-526277","sourceId":"1969194298414454788100000000","pnu":"1159010100102840024","name":"서울특별시 동작구 노량진동","address":"서울특별시 동작구 노량진동","useName":"단독주택","floors":2.0,"height":7.4,"heightSource":"estimated","heightRaw":0.0,"sourceDate":"2026-09-09"},"geometry":{"type":"Polygon","coordinates":[[[126.93630618,37.51145541],[126.93622998,37.51149423],[126.93629671,37.51157422],[126.93636867,37.51153428],[126.93630618,37.51145541]]]}},{"type":"Feature","id":"seoul-building-526284","properties":{"id":"seoul-building-526284","sourceId":"1964194072564454526100000000","pnu":"1159010800100440162","name":"서울특별시 동작구 대방동","address":"서울특별시 동작구 대방동","useName":"단독주택","floors":2.0,"height":7.4,"heightSource":"estimated","heightRaw":0.0,"sourceDate":"2026-09-09"},"geometry":{"type":"Polygon","coordinates":[[[126.93378763,37.51123807],[126.93371782,37.51123972],[126.93371621,37.51124872],[126.93367398,37.51125012],[126.93367409,37.51130981],[126.93381902,37.51130876],[126.9338173,37.51125358],[126.93378796,37.51125384],[126.93378763,37.51123807]]]}},{"type":"Feature","id":"seoul-building-526328","properties":{"id":"seoul-building-526328","sourceId":"1971194274834456482900000000","pnu":"1159010100100270011","name":"서울특별시 동작구 노량진동","address":"서울특별시 동작구 노량진동","useName":"제1종근린생활시설","floors":3.0,"height":10.6,"heightSource":"estimated","heightRaw":0.0,"sourceDate":"2026-09-09"},"geometry":{"type":"Polygon","coordinates":[[[126.93609911,37.51304951],[126.93610589,37.51297378],[126.93598665,37.51291908],[126.93595676,37.51313165],[126.93608914,37.51313933],[126.93609911,37.51304951]]]}},{"type":"Feature","id":"seoul-building-526352","properties":{"id":"seoul-building-526352","sourceId":"1992194216964456096500000000","pnu":"1159010100102660028","name":"서울특별시 동작구 노량진동","address":"서울특별시 동작구 노량진동","useName":"단독주택","floors":2.0,"height":7.4,"heightSource":"estimated","heightRaw":0.0,"sourceDate":"2026-09-09"},"geometry":{"type":"Polygon","coordinates":[[[126.93539007,37.51263242],[126.93530626,37.51267657],[126.93536646,37.51275234],[126.93544831,37.51271101],[126.93539007,37.51263242]]]}},{"type":"Feature","id":"seoul-building-526357","properties":{"id":"seoul-building-526357","sourceId":"1967194447674456034600000000","pnu":"1159010100100390023","name":"서울특별시 동작구 노량진동","address":"서울특별시 동작구 노량진동","useName":"제1종근린생활시설","floors":1.0,"height":4.2,"heightSource":"estimated","heightRaw":0.0,"sourceDate":"2026-09-09"},"geometry":{"type":"Polygon","coordinates":[[[126.93800414,37.51259467],[126.93792054,37.5125966],[126.93792295,37.51267797],[126.93806222,37.5126758],[126.93805873,37.51262118],[126.93804247,37.51262172],[126.93804178,37.51260258],[126.93800538,37.51260341],[126.93800414,37.51259467]]]}},{"type":"Feature","id":"seoul-building-526373","properties":{"id":"seoul-building-526373","sourceId":"0000194189734454011200000000","pnu":"1159010100102730022","name":"서울특별시 동작구 노량진동","address":"서울특별시 동작구 노량진동","useName":"","floors":0.0,"height":0,"heightSource":"unknown","heightRaw":0.0,"sourceDate":"2026-09-09"},"geometry":{"type":"Polygon","coordinates":[[[126.93507655,37.51077645],[126.93502685,37.51082177],[126.93506377,37.51085163],[126.93511717,37.51080519],[126.93507655,37.51077645]]]}},{"type":"Feature","id":"seoul-building-526386","properties":{"id":"seoul-building-526386","sourceId":"1990194298664455774300000000","pnu":"1159010100102620003","name":"서울특별시 동작구 노량진동","address":"서울특별시 동작구 노량진동","useName":"단독주택","floors":2.0,"height":7.4,"heightSource":"estimated","heightRaw":0.0,"sourceDate":"2026-09-09"},"geometry":{"type":"Polygon","coordinates":[[[126.93625101,37.51232907],[126.93621806,37.51241296],[126.93623061,37.51241578],[126.93622936,37.51242085],[126.93624737,37.51244169],[126.93626116,37.5124448],[126.93625956,37.51245156],[126.93629684,37.51246114],[126.93629702,37.51246622],[126.93636417,37.51246457],[126.93639163,37.51239447],[126.93634286,37.51238233],[126.93635349,37.51235532],[126.93625101,37.51232907]]]}},{"type":"Feature","id":"seoul-building-526397","properties":{"id":"seoul-building-526397","sourceId":"0000193897494454080200000000","pnu":"1159010800105060000","name":"서울특별시 동작구 대방동","address":"서울특별시 동작구 대방동","useName":"","floors":0.0,"height":0,"heightSource":"unknown","heightRaw":0.0,"sourceDate":"2026-09-09"},"geometry":{"type":"Polygon","coordinates":[[[126.93176323,37.510814],[126.93173732,37.51092746],[126.93177178,37.51093086],[126.93179273,37.51081796],[126.93176323,37.510814]]]}},{"type":"Feature","id":"seoul-building-526502","properties":{"id":"seoul-building-526502","sourceId":"1989194470484454086700000000","pnu":"1159010100102490072","name":"서울특별시 동작구 노량진동","address":"서울특별시 동작구 노량진동","useName":"단독주택","floors":2.0,"height":7.4,"heightSource":"estimated","heightRaw":0.0,"sourceDate":"2026-09-09"},"geometry":{"type":"Polygon","coordinates":[[[126.938244,37.51083784],[126.93817084,37.51083922],[126.93817182,37.51092537],[126.93832593,37.51092461],[126.93832476,37.51084464],[126.93824435,37.510846],[126.938244,37.51083784]]]}},{"type":"Feature","id":"seoul-building-526529","properties":{"id":"seoul-building-526529","sourceId":"0000194533334457011200000000","pnu":"1159010100100400012","name":"서울특별시 동작구 노량진동","address":"서울특별시 동작구 노량진동","useName":"","floors":0.0,"height":0,"heightSource":"unknown","heightRaw":0.0,"sourceDate":"2026-09-09"},"geometry":{"type":"Polygon","coordinates":[[[126.93891328,37.51350786],[126.93891157,37.51352435],[126.93899765,37.51352988],[126.93899924,37.51351339],[126.93891328,37.51350786]]]}},{"type":"Feature","id":"seoul-building-526533","properties":{"id":"seoul-building-526533","sourceId":"0000194219594453390200000000","pnu":"1159010100102940202","name":"서울특별시 동작구 노량진동","address":"서울특별시 동작구 노량진동","useName":"","floors":0.0,"height":0,"heightSource":"unknown","heightRaw":0.0,"sourceDate":"2026-09-09"},"geometry":{"type":"Polygon","coordinates":[[[126.93539584,37.51022449],[126.93537196,37.51026136],[126.93542285,37.51028279],[126.93544884,37.51025069],[126.93539584,37.51022449]]]}},{"type":"Feature","id":"seoul-building-526534","properties":{"id":"seoul-building-526534","sourceId":"1993194233884455686900000000","pnu":"1159010100102710011","name":"서울특별시 동작구 노량진동","address":"서울특별시 동작구 노량진동","useName":"단독주택","floors":3.0,"height":9.2,"heightSource":"measured","heightRaw":9.2,"sourceDate":"2026-09-09"},"geometry":{"type":"Polygon","coordinates":[[[126.93561288,37.51226312],[126.93560439,37.51227043],[126.93559574,37.51226368],[126.93558124,37.51227634],[126.9355754,37.51227183],[126.93556745,37.51227914],[126.93556214,37.51227689],[126.93554871,37.5122904],[126.9355457,37.51228702],[126.93554394,37.51228336],[126.93554111,37.51228054],[126.93553387,37.51227744],[126.93552663,37.5122749],[126.93551531,37.51228362],[126.93550436,37.51227348],[126.93546177,37.51227149],[126.9354508,37.51228584],[126.93543097,37.51233651],[126.9354594,37.51235145],[126.93549495,37.51232105],[126.93561664,37.51240531],[126.93565502,37.51238],[126.93564848,37.51237379],[126.93568367,37.51234425],[126.9356752,37.51233664],[126.93568086,37.51233073],[126.93567981,37.51232313],[126.93564908,37.51230199],[126.93565827,37.51229356],[126.93561288,37.51226312]]]}},{"type":"Feature","id":"seoul-building-526549","properties":{"id":"seoul-building-526549","sourceId":"1984194285124455840700000000","pnu":"1159010100102620005","name":"서울특별시 동작구 노량진동","address":"서울특별시 동작구 노량진동","useName":"단독주택","floors":2.0,"height":7.4,"heightSource":"estimated","heightRaw":0.0,"sourceDate":"2026-09-09"},"geometry":{"type":"Polygon","coordinates":[[[126.93608587,37.51241543],[126.93606195,37.51247623],[126.93620826,37.51251206],[126.9362327,37.51244506],[126.93617192,37.51242898],[126.93616909,37.51243602],[126.93608587,37.51241543]]]}},{"type":"Feature","id":"seoul-building-526557","properties":{"id":"seoul-building-526557","sourceId":"1997194478514455491500000000","pnu":"1159010100102440078","name":"서울특별시 동작구 노량진동","address":"서울특별시 동작구 노량진동","useName":"단독주택","floors":3.0,"height":10.6,"heightSource":"estimated","heightRaw":0.0,"sourceDate":"2026-09-09"},"geometry":{"type":"Polygon","coordinates":[[[126.93828343,37.51209786],[126.93826024,37.51215669],[126.93827896,37.51216093],[126.93827311,37.51217782],[126.93838798,37.51219956],[126.93841507,37.51212834],[126.93828343,37.51209786]]]}},{"type":"Feature","id":"seoul-building-526560","properties":{"id":"seoul-building-526560","sourceId":"1988193802014457261400000000","pnu":"1159010800100660001","name":"서울특별시 동작구 대방동","address":"서울특별시 동작구 대방동","useName":"제2종근린생활시설","floors":1.0,"height":4.2,"heightSource":"estimated","heightRaw":0.0,"sourceDate":"2026-09-09"},"geometry":{"type":"Polygon","coordinates":[[[126.9303637,37.51368796],[126.93035711,37.51373864],[126.93100198,37.51379138],[126.93100927,37.51374042],[126.9303637,37.51368796]]]}},{"type":"Feature","id":"seoul-building-526658","properties":{"id":"seoul-building-526658","sourceId":"1972193944174455092400000000","pnu":"1159010800100230133","name":"서울특별시 동작구 대방동","address":"서울특별시 동작구 대방동","useName":"단독주택","floors":1.0,"height":4.2,"heightSource":"estimated","heightRaw":0.0,"sourceDate":"2026-09-09"},"geometry":{"type":"Polygon","coordinates":[[[126.93228569,37.51174037],[126.93224221,37.5117409],[126.93224072,37.51181777],[126.93235719,37.51181981],[126.93235705,37.51177391],[126.93233195,37.51177446],[126.93233214,37.51176151],[126.93228495,37.5117612],[126.93228569,37.51174037]]]}},{"type":"Feature","id":"seoul-building-526659","properties":{"id":"seoul-building-526659","sourceId":"1991194576914454018900000000","pnu":"1159010100102410013","name":"서울특별시 동작구 노량진동","address":"서울특별시 동작구 노량진동","useName":"단독주택","floors":2.0,"height":7.4,"heightSource":"estimated","heightRaw":0.0,"sourceDate":"2026-09-09"},"geometry":{"type":"Polygon","coordinates":[[[126.93947497,37.5107664],[126.93943943,37.51078074],[126.93938619,37.51083477],[126.93941726,37.51087505],[126.93951626,37.51083484],[126.93947497,37.5107664]]]}},{"type":"Feature","id":"seoul-building-526663","properties":{"id":"seoul-building-526663","sourceId":"0000194415794454656200000000","pnu":"1159010100102520001","name":"서울특별시 동작구 노량진동","address":"서울특별시 동작구 노량진동","useName":"","floors":0.0,"height":0,"heightSource":"unknown","heightRaw":0.0,"sourceDate":"2026-09-09"},"geometry":{"type":"Polygon","coordinates":[[[126.9376061,37.5113705],[126.93759034,37.51139302],[126.93764775,37.51142205],[126.9376658,37.51139926],[126.9376061,37.5113705]]]}},{"type":"Feature","id":"seoul-building-526670","properties":{"id":"seoul-building-526670","sourceId":"1993194477144454826800000000","pnu":"1159010100102440035","name":"서울특별시 동작구 노량진동","address":"서울특별시 동작구 노량진동","useName":"단독주택","floors":3.0,"height":9.1,"heightSource":"measured","heightRaw":9.1,"sourceDate":"2026-09-09"},"geometry":{"type":"Polygon","coordinates":[[[126.93824346,37.51148967],[126.93822646,37.51153077],[126.93823299,37.51153359],[126.93822042,37.51156652],[126.93825806,37.51157724],[126.93825983,37.51157499],[126.93836354,37.51160123],[126.93836249,37.51160518],[126.93839605,37.51161364],[126.9384251,37.51153565],[126.93824346,37.51148967]]]}},{"type":"Feature","id":"seoul-building-526671","properties":{"id":"seoul-building-526671","sourceId":"0000193963434456705900000000","pnu":"1159010800100480003","name":"서울특별시 동작구 대방동","address":"서울특별시 동작구 대방동","useName":"","floors":0.0,"height":0,"heightSource":"unknown","heightRaw":0.0,"sourceDate":"2026-09-09"},"geometry":{"type":"Polygon","coordinates":[[[126.93255426,37.51323274],[126.93246502,37.51323269],[126.93246501,37.51324765],[126.93255425,37.5132477],[126.93255426,37.51323274]]]}},{"type":"Feature","id":"seoul-building-526695","properties":{"id":"seoul-building-526695","sourceId":"1993194011924454059700000000","pnu":"1159010800100320042","name":"서울특별시 동작구 대방동","address":"서울특별시 동작구 대방동","useName":"단독주택","floors":3.0,"height":8.8,"heightSource":"measured","heightRaw":8.8,"sourceDate":"2026-09-09"},"geometry":{"type":"Polygon","coordinates":[[[126.93305654,37.51079869],[126.93302506,37.51083021],[126.93302275,37.5108288],[126.93300224,37.51084457],[126.93299954,37.51089778],[126.93301438,37.51090792],[126.93302975,37.51090821],[126.93305222,37.51089048],[126.9331344,37.51087054],[126.93314537,37.510859],[126.93313884,37.51085477],[126.93313902,37.51085167],[126.93305654,37.51079869]]]}},{"type":"Feature","id":"seoul-building-526757","properties":{"id":"seoul-building-526757","sourceId":"1990194487194455019300000000","pnu":"1159010100102440032","name":"서울특별시 동작구 노량진동","address":"서울특별시 동작구 노량진동","useName":"단독주택","floors":2.0,"height":7.4,"heightSource":"estimated","heightRaw":0.0,"sourceDate":"2026-09-09"},"geometry":{"type":"Polygon","coordinates":[[[126.93839423,37.51167473],[126.93836678,37.51174089],[126.93847828,37.51177135],[126.93850501,37.51171139],[126.93844635,37.51169363],[126.9384483,37.51168884],[126.93839423,37.51167473]]]}},{"type":"Feature","id":"seoul-building-526767","properties":{"id":"seoul-building-526767","sourceId":"1991194424374453886400000000","pnu":"1159010100102490028","name":"서울특별시 동작구 노량진동","address":"서울특별시 동작구 노량진동","useName":"단독주택","floors":2.0,"height":7.4,"heightSource":"estimated","heightRaw":0.0,"sourceDate":"2026-09-09"},"geometry":{"type":"Polygon","coordinates":[[[126.93767986,37.51065904],[126.93767642,37.51074689],[126.93776179,37.51074693],[126.93776179,37.5107399],[126.93777222,37.51073961],[126.93777475,37.51065937],[126.93767986,37.51065904]]]}},{"type":"Feature","id":"seoul-building-526777","properties":{"id":"seoul-building-526777","sourceId":"1965194222144454269700000000","pnu":"1159010100102740029","name":"서울특별시 동작구 노량진동","address":"서울특별시 동작구 노량진동","useName":"단독주택","floors":1.0,"height":4.2,"heightSource":"estimated","heightRaw":0.0,"sourceDate":"2026-09-09"},"geometry":{"type":"Polygon","coordinates":[[[126.93541285,37.51099654],[126.93537991,37.51108127],[126.93543804,37.51109397],[126.93544105,37.51108496],[126.93546331,37.51109173],[126.9354674,37.5110785],[126.93547269,37.5110802],[126.93549678,37.51101629],[126.93541285,37.51099654]]]}},{"type":"Feature","id":"seoul-building-526797","properties":{"id":"seoul-building-526797","sourceId":"0000194222474454358100000000","pnu":"1159010100102730045","name":"서울특별시 동작구 노량진동","address":"서울특별시 동작구 노량진동","useName":"","floors":0.0,"height":0,"heightSource":"unknown","heightRaw":0.0,"sourceDate":"2026-09-09"},"geometry":{"type":"Polygon","coordinates":[[[126.93544136,37.511141],[126.93546875,37.51114692],[126.93547779,37.5111199],[126.93541417,37.51110607],[126.93540478,37.51113281],[126.93544136,37.511141]]]}},{"type":"Feature","id":"seoul-building-526806","properties":{"id":"seoul-building-526806","sourceId":"0000194616284454059200000000","pnu":"1159010100102400061","name":"서울특별시 동작구 노량진동","address":"서울특별시 동작구 노량진동","useName":"단독주택","floors":1.0,"height":4.2,"heightSource":"estimated","heightRaw":0.0,"sourceDate":"2026-09-09"},"geometry":{"type":"Polygon","coordinates":[[[126.93992365,37.51080239],[126.93986444,37.51081503],[126.93987624,37.51086036],[126.93984955,37.51086599],[126.93986012,37.51091076],[126.93993613,37.51089588],[126.93992365,37.51080239]]]}},{"type":"Feature","id":"seoul-building-526819","properties":{"id":"seoul-building-526819","sourceId":"1991194337104455681400000000","pnu":"1159010100102560001","name":"서울특별시 동작구 노량진동","address":"서울특별시 동작구 노량진동","useName":"단독주택","floors":2.0,"height":7.4,"heightSource":"estimated","heightRaw":0.0,"sourceDate":"2026-09-09"},"geometry":{"type":"Polygon","coordinates":[[[126.93677683,37.51227416],[126.93667751,37.51227666],[126.93668066,37.51230284],[126.93671031,37.51234987],[126.93672746,37.5123496],[126.93672902,37.51237691],[126.93677992,37.51237666],[126.93677683,37.51227416]]]}},{"type":"Feature","id":"seoul-building-526826","properties":{"id":"seoul-building-526826","sourceId":"0000193891464454284000000000","pnu":"1159010800105060000","name":"서울특별시 동작구 대방동","address":"서울특별시 동작구 대방동","useName":"","floors":0.0,"height":0,"heightSource":"unknown","heightRaw":0.0,"sourceDate":"2026-09-09"},"geometry":{"type":"Polygon","coordinates":[[[126.93168067,37.51103555],[126.93168098,37.51107835],[126.93171438,37.5110795],[126.93171442,37.51103726],[126.93168067,37.51103555]]]}},{"type":"Feature","id":"seoul-building-526902","properties":{"id":"seoul-building-526902","sourceId":"1989194499364454002400000000","pnu":"1159010100102470013","name":"서울특별시 동작구 노량진동","address":"서울특별시 동작구 노량진동","useName":"단독주택","floors":2.0,"height":7.4,"heightSource":"estimated","heightRaw":0.0,"sourceDate":"2026-09-09"},"geometry":{"type":"Polygon","coordinates":[[[126.93853726,37.51075044],[126.93849761,37.51082671],[126.93861864,37.51086395],[126.9386367,37.51082227],[126.93863017,37.51081946],[126.93864327,37.51078681],[126.93859185,37.51077185],[126.9385938,37.51076707],[126.93853726,37.51075044]]]}},{"type":"Feature","id":"seoul-building-526908","properties":{"id":"seoul-building-526908","sourceId":"1988194094814454862900000000","pnu":"1159010800100450039","name":"서울특별시 동작구 대방동","address":"서울특별시 동작구 대방동","useName":"단독주택","floors":2.0,"height":7.4,"heightSource":"estimated","heightRaw":0.0,"sourceDate":"2026-09-09"},"geometry":{"type":"Polygon","coordinates":[[[126.93406005,37.51153921],[126.93400881,37.51153918],[126.93400845,37.51154256],[126.93395189,37.51154422],[126.9339517,37.51156112],[126.93392377,37.51156166],[126.93392461,37.51161769],[126.93406599,37.51161383],[126.93406638,37.51157385],[126.93406091,37.51157357],[126.93406005,37.51153921]]]}},{"type":"Feature","id":"seoul-building-526941","properties":{"id":"seoul-building-526941","sourceId":"1994194068594454326000000000","pnu":"1159010800100440283","name":"서울특별시 동작구 대방동","address":"서울특별시 동작구 대방동","useName":"단독주택","floors":2.0,"height":6.5,"heightSource":"measured","heightRaw":6.5,"sourceDate":"2026-09-09"},"geometry":{"type":"Polygon","coordinates":[[[126.93367647,37.51103979],[126.93362868,37.51111803],[126.93372513,37.51115244],[126.93377417,37.51107729],[126.93367647,37.51103979]]]}},{"type":"Feature","id":"seoul-building-526980","properties":{"id":"seoul-building-526980","sourceId":"1966194616134454549200000000","pnu":"1159010100102400045","name":"서울특별시 동작구 노량진동","address":"서울특별시 동작구 노량진동","useName":"단독주택","floors":1.0,"height":4.2,"heightSource":"estimated","heightRaw":0.0,"sourceDate":"2026-09-09"},"geometry":{"type":"Polygon","coordinates":[[[126.93994256,37.51125459],[126.9398775,37.51127229],[126.93987397,37.51126047],[126.93982518,37.51127508],[126.93985905,37.51135309],[126.93995699,37.51132386],[126.93994534,37.51129655],[126.93995807,37.5112943],[126.93994256,37.51125459]]]}},{"type":"Feature","id":"seoul-building-526986","properties":{"id":"seoul-building-526986","sourceId":"1981194094194455357500000000","pnu":"1159010800100430002","name":"서울특별시 동작구 대방동","address":"서울특별시 동작구 대방동","useName":"제1종근린생활시설","floors":4.0,"height":13.8,"heightSource":"estimated","heightRaw":0.0,"sourceDate":"2026-09-09"},"geometry":{"type":"Polygon","coordinates":[[[126.93397753,37.51192209],[126.9339199,37.51194233],[126.93394549,37.51197641],[126.93393452,37.5119964],[126.93391579,37.51199019],[126.93390341,37.51201187],[126.93392391,37.5120192],[126.93390213,37.51206142],[126.93405177,37.51211247],[126.93408858,37.51206969],[126.93397753,37.51192209]]]}},{"type":"Feature","id":"seoul-building-527019","properties":{"id":"seoul-building-527019","sourceId":"1970194625624456000900000000","pnu":"1159010100100450031","name":"서울특별시 동작구 노량진동","address":"서울특별시 동작구 노량진동","useName":"제1종근린생활시설","floors":3.0,"height":10.6,"heightSource":"estimated","heightRaw":0.0,"sourceDate":"2026-09-09"},"geometry":{"type":"Polygon","coordinates":[[[126.94009262,37.51254676],[126.94,37.51256642],[126.93989553,37.51258861],[126.93992003,37.51266999],[126.9400001,37.51265512],[126.94004535,37.5126467],[126.94004466,37.51264134],[126.94009415,37.51263151],[126.94009262,37.51254676]]]}},{"type":"Feature","id":"seoul-building-527030","properties":{"id":"seoul-building-527030","sourceId":"1966194295294453250800000000","pnu":"1159010100102880009","name":"서울특별시 동작구 노량진동","address":"서울특별시 동작구 노량진동","useName":"단독주택","floors":2.0,"height":7.4,"heightSource":"estimated","heightRaw":0.0,"sourceDate":"2026-09-09"},"geometry":{"type":"Polygon","coordinates":[[[126.93623473,37.51006754],[126.93619189,37.51015396],[126.93630319,37.51019091],[126.93632621,37.5101439],[126.93631402,37.51014079],[126.93633473,37.51009942],[126.93623473,37.51006754]]]}},{"type":"Feature","id":"seoul-building-527084","properties":{"id":"seoul-building-527084","sourceId":"1965194244884455067500000000","pnu":"1159010100102720010","name":"서울특별시 동작구 노량진동","address":"서울특별시 동작구 노량진동","useName":"제1종근린생활시설","floors":2.0,"height":7.4,"heightSource":"estimated","heightRaw":0.0,"sourceDate":"2026-09-09"},"geometry":{"type":"Polygon","coordinates":[[[126.93566558,37.51181546],[126.93572089,37.51181663],[126.93571391,37.51170878],[126.93567733,37.51170763],[126.93566558,37.51181546]]]}},{"type":"Feature","id":"seoul-building-527098","properties":{"id":"seoul-building-527098","sourceId":"0000194493264456867700000000","pnu":"1159010100100400012","name":"서울특별시 동작구 노량진동","address":"서울특별시 동작구 노량진동","useName":"","floors":0.0,"height":0,"heightSource":"unknown","heightRaw":0.0,"sourceDate":"2026-09-09"},"geometry":{"type":"Polygon","coordinates":[[[126.93845686,37.51339301],[126.93854633,37.51339946],[126.93854792,37.51338567],[126.93845846,37.51337914],[126.93845686,37.51339301]]]}},{"type":"Feature","id":"seoul-building-527118","properties":{"id":"seoul-building-527118","sourceId":"1991194533014453752600000000","pnu":"1159010100102480008","name":"서울특별시 동작구 노량진동","address":"서울특별시 동작구 노량진동","useName":"단독주택","floors":3.0,"height":7.95,"heightSource":"measured","heightRaw":7.95,"sourceDate":"2026-09-09"},"geometry":{"type":"Polygon","coordinates":[[[126.93892907,37.51053271],[126.93891385,37.51055607],[126.93889741,37.51056141],[126.93888574,37.51057604],[126.93887496,37.51057237],[126.93886364,37.51059124],[126.93897599,37.51064198],[126.93903633,37.51055923],[126.93898156,37.51053358],[126.93896653,37.51054905],[126.93892907,37.51053271]]]}},{"type":"Feature","id":"seoul-building-527131","properties":{"id":"seoul-building-527131","sourceId":"0000194266184453236500000000","pnu":"1159010100102940174","name":"서울특별시 동작구 노량진동","address":"서울특별시 동작구 노량진동","useName":"","floors":0.0,"height":0,"heightSource":"unknown","heightRaw":0.0,"sourceDate":"2026-09-09"},"geometry":{"type":"Polygon","coordinates":[[[126.93590193,37.51009186],[126.93589554,37.5101324],[126.93597471,37.51013752],[126.93597933,37.51010345],[126.93590193,37.51009186]]]}},{"type":"Feature","id":"seoul-building-527142","properties":{"id":"seoul-building-527142","sourceId":"1986193967434453788600000000","pnu":"1159010800100320017","name":"서울특별시 동작구 대방동","address":"서울특별시 동작구 대방동","useName":"단독주택","floors":2.0,"height":7.4,"heightSource":"estimated","heightRaw":0.0,"sourceDate":"2026-09-09"},"geometry":{"type":"Polygon","coordinates":[[[126.93258275,37.51056586],[126.93250304,37.51058805],[126.93253125,37.51065762],[126.93260991,37.51063626],[126.93259811,37.51059684],[126.93259616,37.51059712],[126.93258275,37.51056586]]]}},{"type":"Feature","id":"seoul-building-527190","properties":{"id":"seoul-building-527190","sourceId":"1992194435054454621600000000","pnu":"1159010100102530010","name":"서울특별시 동작구 노량진동","address":"서울특별시 동작구 노량진동","useName":"단독주택","floors":3.0,"height":10.6,"heightSource":"estimated","heightRaw":0.0,"sourceDate":"2026-09-09"},"geometry":{"type":"Polygon","coordinates":[[[126.93785144,37.51131939],[126.93778598,37.51139172],[126.93779622,37.51140102],[126.93789504,37.51138136],[126.93788323,37.51134559],[126.93788694,37.51134053],[126.93785144,37.51131939]]]}},{"type":"Feature","id":"seoul-building-527207","properties":{"id":"seoul-building-527207","sourceId":"1961194242094454534100000000","pnu":"1159010100102730007","name":"서울특별시 동작구 노량진동","address":"서울특별시 동작구 노량진동","useName":"제2종근린생활시설","floors":1.0,"height":4.2,"heightSource":"measured","heightRaw":4.2,"sourceDate":"2026-09-09"},"geometry":{"type":"Polygon","coordinates":[[[126.93560946,37.51132157],[126.93571921,37.51131685],[126.93572261,37.51125378],[126.9356065,37.51124977],[126.93560946,37.51132157]]]}},{"type":"Feature","id":"seoul-building-527270","properties":{"id":"seoul-building-527270","sourceId":"0000194176744455401700000000","pnu":"1159010100102700002","name":"서울특별시 동작구 노량진동","address":"서울특별시 동작구 노량진동","useName":"제1종근린생활시설","floors":2.0,"height":7.4,"heightSource":"estimated","heightRaw":0.0,"sourceDate":"2026-09-09"},"geometry":{"type":"Polygon","coordinates":[[[126.93488167,37.51194737],[126.93478986,37.51204671],[126.9349022,37.51211182],[126.93489087,37.51212504],[126.93491154,37.51213717],[126.93490128,37.51214813],[126.93497318,37.51218788],[126.93499831,37.51216087],[126.93498206,37.51214875],[126.9350001,37.51212904],[126.93505351,37.51207108],[126.935,37.51203979],[126.93490178,37.51198258],[126.9349147,37.51196682],[126.93488167,37.51194737]]]}},{"type":"Feature","id":"seoul-building-527300","properties":{"id":"seoul-building-527300","sourceId":"0000194296574458591200000000","pnu":"1159010100100130006","name":"서울특별시 동작구 노량진동","address":"서울특별시 동작구 노량진동","useName":"","floors":0.0,"height":0,"heightSource":"unknown","heightRaw":0.0,"sourceDate":"2026-09-09"},"geometry":{"type":"Polygon","coordinates":[[[126.93623536,37.51492087],[126.93622933,37.5149462],[126.93631717,37.51496089],[126.93632372,37.51493612],[126.93623536,37.51492087]]]}},{"type":"Feature","id":"seoul-building-527313","properties":{"id":"seoul-building-527313","sourceId":"1994193765914456236100000000","pnu":"1159010800105020000","name":"서울특별시 동작구 대방동","address":"서울특별시 동작구 대방동","useName":"","floors":0.0,"height":0,"heightSource":"unknown","heightRaw":0.0,"sourceDate":"2026-09-09"},"geometry":{"type":"Polygon","coordinates":[[[126.9303025,37.51279367],[126.93025123,37.51279477],[126.9302514,37.51280941],[126.93025208,37.51284038],[126.93028707,37.51283984],[126.93028673,37.51282745],[126.93030476,37.51282689],[126.93030353,37.51280944],[126.9303025,37.51279367]]]}},{"type":"Feature","id":"seoul-building-527325","properties":{"id":"seoul-building-527325","sourceId":"0000193964284453327100000000","pnu":"1159010800100680054","name":"서울특별시 동작구 대방동","address":"서울특별시 동작구 대방동","useName":"","floors":0.0,"height":0,"heightSource":"unknown","heightRaw":0.0,"sourceDate":"2026-09-09"},"geometry":{"type":"Polygon","coordinates":[[[126.93245781,37.5101671],[126.93246606,37.51023777],[126.93260623,37.51020265],[126.93259212,37.5101742],[126.9325771,37.51016969],[126.93245781,37.5101671]]]}},{"type":"Feature","id":"seoul-building-527333","properties":{"id":"seoul-building-527333","sourceId":"1973194026694454696000000000","pnu":"1159010800100430018","name":"서울특별시 동작구 대방동","address":"서울특별시 동작구 대방동","useName":"단독주택","floors":2.0,"height":7.4,"heightSource":"estimated","heightRaw":0.0,"sourceDate":"2026-09-09"},"geometry":{"type":"Polygon","coordinates":[[[126.93322729,37.51135573],[126.93313797,37.51143339],[126.9331733,37.51145988],[126.93317895,37.51145565],[126.93323228,37.51150158],[126.93330196,37.51144728],[126.93330428,37.5114287],[126.93326312,37.5113977],[126.9332725,37.5113887],[126.93322729,37.51135573]]]}},{"type":"Feature","id":"seoul-building-527396","properties":{"id":"seoul-building-527396","sourceId":"1990194454824453763500000000","pnu":"1159010100102490037","name":"서울특별시 동작구 노량진동","address":"서울특별시 동작구 노량진동","useName":"단독주택","floors":2.0,"height":7.4,"heightSource":"estimated","heightRaw":0.0,"sourceDate":"2026-09-09"},"geometry":{"type":"Polygon","coordinates":[[[126.93805585,37.51054774],[126.93805584,37.51055477],[126.93801713,37.5105556],[126.93801725,37.51063078],[126.93805631,37.5106308],[126.93805665,37.51063558],[126.93811763,37.51063702],[126.93812,37.51054805],[126.93805585,37.51054774]]]}},{"type":"Feature","id":"seoul-building-527422","properties":{"id":"seoul-building-527422","sourceId":"1994193792934456132200000000","pnu":"1159010800105020000","name":"서울특별시 동작구 대방동","address":"서울특별시 동작구 대방동","useName":"","floors":0.0,"height":0,"heightSource":"unknown","heightRaw":0.0,"sourceDate":"2026-09-09"},"geometry":{"type":"Polygon","coordinates":[[[126.93060638,37.51270432],[126.93055654,37.51270429],[126.93055651,37.51274005],[126.93060706,37.5127398],[126.93060638,37.51270432]]]}},{"type":"Feature","id":"seoul-building-527445","properties":{"id":"seoul-building-527445","sourceId":"1984194465534455874400000000","pnu":"1159010100100390017","name":"서울특별시 동작구 노량진동","address":"서울특별시 동작구 노량진동","useName":"제1종근린생활시설","floors":3.0,"height":10.6,"heightSource":"estimated","heightRaw":0.0,"sourceDate":"2026-09-09"},"geometry":{"type":"Polygon","coordinates":[[[126.93824479,37.51244924],[126.93811539,37.51247902],[126.93812227,37.51249929],[126.93811856,37.5125007],[126.93813232,37.51253815],[126.93826524,37.51250951],[126.93824479,37.51244924]]]}},{"type":"Feature","id":"seoul-building-527551","properties":{"id":"seoul-building-527551","sourceId":"1971194143134453902000000000","pnu":"1159010800100440077","name":"서울특별시 동작구 대방동","address":"서울특별시 동작구 대방동","useName":"단독주택","floors":3.0,"height":10.6,"heightSource":"estimated","heightRaw":0.0,"sourceDate":"2026-09-09"},"geometry":{"type":"Polygon","coordinates":[[[126.93450196,37.51062944],[126.93443262,37.51071106],[126.9344941,37.51074431],[126.93448949,37.51075219],[126.93455891,37.51078884],[126.9345651,37.5107818],[126.93459319,37.51079787],[126.93465459,37.51071315],[126.93450196,37.51062944]]]}},{"type":"Feature","id":"seoul-building-527558","properties":{"id":"seoul-building-527558","sourceId":"1994194571964454250300000000","pnu":"1159010100102420013","name":"서울특별시 동작구 노량진동","address":"서울특별시 동작구 노량진동","useName":"단독주택","floors":2.0,"height":6.75,"heightSource":"measured","heightRaw":6.75,"sourceDate":"2026-09-09"},"geometry":{"type":"Polygon","coordinates":[[[126.93942674,37.51097389],[126.93932085,37.51100284],[126.93935383,37.5110862],[126.93947208,37.51106064],[126.93945956,37.51102712],[126.93945284,37.5110291],[126.93942674,37.51097389]]]}},{"type":"Feature","id":"seoul-building-527575","properties":{"id":"seoul-building-527575","sourceId":"1991193950244454474700000000","pnu":"1159010800100230126","name":"서울특별시 동작구 대방동","address":"서울특별시 동작구 대방동","useName":"단독주택","floors":2.0,"height":7.4,"heightSource":"estimated","heightRaw":0.0,"sourceDate":"2026-09-09"},"geometry":{"type":"Polygon","coordinates":[[[126.93232207,37.51117051],[126.93231897,37.51127778],[126.93236581,37.51127949],[126.9323658,37.51128231],[126.9324045,37.51128177],[126.93241289,37.51120041],[126.93238514,37.51120039],[126.93238479,37.5111849],[126.93236255,37.51117279],[126.93232207,37.51117051]]]}},{"type":"Feature","id":"seoul-building-527601","properties":{"id":"seoul-building-527601","sourceId":"0000194458944458060900000000","pnu":"1159010100100130008","name":"서울특별시 동작구 노량진동","address":"서울특별시 동작구 노량진동","useName":"","floors":0.0,"height":0,"heightSource":"unknown","heightRaw":0.0,"sourceDate":"2026-09-09"},"geometry":{"type":"Polygon","coordinates":[[[126.93818076,37.51443985],[126.93809948,37.51442518],[126.93810249,37.514408],[126.93804666,37.51439925],[126.9380346,37.51443922],[126.93809098,37.51444911],[126.93807342,37.51451357],[126.93815577,37.51452882],[126.93818076,37.51443985]]]}},{"type":"Feature","id":"seoul-building-527608","properties":{"id":"seoul-building-527608","sourceId":"1996194557294454206100000000","pnu":"1159010100102420017","name":"서울특별시 동작구 노량진동","address":"서울특별시 동작구 노량진동","useName":"단독주택","floors":2.0,"height":7.15,"heightSource":"measured","heightRaw":7.15,"sourceDate":"2026-09-09"},"geometry":{"type":"Polygon","coordinates":[[[126.93922846,37.51093887],[126.93922263,37.51094169],[126.93921856,37.51094506],[126.93918405,37.51101262],[126.93919304,37.51103797],[126.93928126,37.51100648],[126.93923889,37.51094057],[126.93922846,37.51093887]]]}},{"type":"Feature","id":"seoul-building-527639","properties":{"id":"seoul-building-527639","sourceId":"0000194294814455544000000000","pnu":"1159010100102770002","name":"서울특별시 동작구 노량진동","address":"서울특별시 동작구 노량진동","useName":"","floors":0.0,"height":0,"heightSource":"unknown","heightRaw":0.0,"sourceDate":"2026-09-09"},"geometry":{"type":"Polygon","coordinates":[[[126.93624743,37.5121835],[126.93624193,37.51220124],[126.93626914,37.51220744],[126.93627605,37.51218972],[126.93624743,37.5121835]]]}},{"type":"Feature","id":"seoul-building-527680","properties":{"id":"seoul-building-527680","sourceId":"1986194478714453171500000000","pnu":"1159010100102490059","name":"서울특별시 동작구 노량진동","address":"서울특별시 동작구 노량진동","useName":"단독주택","floors":2.0,"height":7.4,"heightSource":"estimated","heightRaw":0.0,"sourceDate":"2026-09-09"},"geometry":{"type":"Polygon","coordinates":[[[126.93829292,37.51001289],[126.93829056,37.5100951],[126.93840012,37.51009516],[126.93840034,37.51004561],[126.93836995,37.5100439],[126.93836997,37.51002644],[126.93834381,37.51002446],[126.93834382,37.51001347],[126.93829292,37.51001289]]]}},{"type":"Feature","id":"seoul-building-527710","properties":{"id":"seoul-building-527710","sourceId":"1991194293604455012300000000","pnu":"1159010100102790005","name":"서울특별시 동작구 노량진동","address":"서울특별시 동작구 노량진동","useName":"단독주택","floors":2.0,"height":7.4,"heightSource":"estimated","heightRaw":0.0,"sourceDate":"2026-09-09"},"geometry":{"type":"Polygon","coordinates":[[[126.93627652,37.51164264],[126.93621834,37.51167386],[126.93621428,37.51166823],[126.93614586,37.51170198],[126.93621895,37.51178733],[126.93625979,37.5117682],[126.93626667,37.51177553],[126.93631847,37.51175022],[126.93632436,37.51169898],[126.93627652,37.51164264]]]}},{"type":"Feature","id":"seoul-building-527712","properties":{"id":"seoul-building-527712","sourceId":"0000194288504453863100000000","pnu":"1159010100102840005","name":"서울특별시 동작구 노량진동","address":"서울특별시 동작구 노량진동","useName":"","floors":0.0,"height":0,"heightSource":"unknown","heightRaw":0.0,"sourceDate":"2026-09-09"},"geometry":{"type":"Polygon","coordinates":[[[126.93614231,37.51067624],[126.93616737,37.51072271],[126.93623809,37.51068023],[126.93620826,37.51064192],[126.93614231,37.51067624]]]}},{"type":"Feature","id":"seoul-building-527718","properties":{"id":"seoul-building-527718","sourceId":"1984194249924455640800000000","pnu":"1159010100102710007","name":"서울특별시 동작구 노량진동","address":"서울특별시 동작구 노량진동","useName":"제1종근린생활시설","floors":3.0,"height":10.4,"heightSource":"measured","heightRaw":10.4,"sourceDate":"2026-09-09"},"geometry":{"type":"Polygon","coordinates":[[[126.93578522,37.51223168],[126.93571364,37.51224291],[126.93571574,37.51225051],[126.93568906,37.51225753],[126.93571039,37.51231583],[126.93573408,37.51231162],[126.93574271,37.51233471],[126.93580405,37.5123232],[126.93578522,37.51223168]]]}},{"type":"Feature","id":"seoul-building-527783","properties":{"id":"seoul-building-527783","sourceId":"1989194410134454726600000000","pnu":"1159010100102800025","name":"서울특별시 동작구 노량진동","address":"서울특별시 동작구 노량진동","useName":"제1종근린생활시설","floors":3.0,"height":10.6,"heightSource":"estimated","heightRaw":0.0,"sourceDate":"2026-09-09"},"geometry":{"type":"Polygon","coordinates":[[[126.93754546,37.51140286],[126.93751478,37.51150758],[126.93756284,37.51151578],[126.93762211,37.51145076],[126.93759507,37.51144484],[126.93760676,37.51141359],[126.93754546,37.51140286]]]}},{"type":"Feature","id":"seoul-building-527790","properties":{"id":"seoul-building-527790","sourceId":"1993194230714454432000000000","pnu":"1159010100102740024","name":"서울특별시 동작구 노량진동","address":"서울특별시 동작구 노량진동","useName":"단독주택","floors":3.0,"height":10.6,"heightSource":"estimated","heightRaw":0.0,"sourceDate":"2026-09-09"},"geometry":{"type":"Polygon","coordinates":[[[126.93548871,37.5111475],[126.93547115,37.51122464],[126.93557241,37.51123877],[126.93558727,37.51121091],[126.93560181,37.51116361],[126.93548871,37.5111475]]]}},{"type":"Feature","id":"seoul-building-527803","properties":{"id":"seoul-building-527803","sourceId":"1990194414124455141400000000","pnu":"1159010100102560052","name":"서울특별시 동작구 노량진동","address":"서울특별시 동작구 노량진동","useName":"단독주택","floors":2.0,"height":7.4,"heightSource":"estimated","heightRaw":0.0,"sourceDate":"2026-09-09"},"geometry":{"type":"Polygon","coordinates":[[[126.9376874,37.51178839],[126.93758842,37.51180608],[126.9375863,37.51179961],[126.93751436,37.51181196],[126.93753056,37.51188066],[126.93770962,37.51184923],[126.9376874,37.51178839]]]}},{"type":"Feature","id":"seoul-building-527809","properties":{"id":"seoul-building-527809","sourceId":"1968193940594453552800000000","pnu":"1159010800100230048","name":"서울특별시 동작구 대방동","address":"서울특별시 동작구 대방동","useName":"단독주택","floors":2.0,"height":7.4,"heightSource":"estimated","heightRaw":0.0,"sourceDate":"2026-09-09"},"geometry":{"type":"Polygon","coordinates":[[[126.93224611,37.51034773],[126.93223038,37.51035195],[126.93223001,37.51035898],[126.93220757,37.51036713],[126.9322058,37.51036432],[126.93219289,37.51037079],[126.93219513,37.5104333],[126.93225294,37.51043136],[126.93225294,37.5104353],[126.93232044,37.51043224],[126.93231765,37.51037678],[126.93228408,37.51037901],[126.93228321,37.51036239],[126.93224662,37.51036575],[126.93224611,37.51034773]]]}},{"type":"Feature","id":"seoul-building-527830","properties":{"id":"seoul-building-527830","sourceId":"1989194341314453903200000000","pnu":"1159010100102820021","name":"서울특별시 동작구 노량진동","address":"서울특별시 동작구 노량진동","useName":"단독주택","floors":2.0,"height":7.4,"heightSource":"estimated","heightRaw":0.0,"sourceDate":"2026-09-09"},"geometry":{"type":"Polygon","coordinates":[[[126.93681582,37.51067182],[126.93673664,37.51067402],[126.93674204,37.5107585],[126.93684226,37.51075629],[126.93683964,37.51071659],[126.93683381,37.51071659],[126.93683364,37.5107011],[126.93681809,37.51070138],[126.93681582,37.51067182]]]}},{"type":"Feature","id":"seoul-building-527847","properties":{"id":"seoul-building-527847","sourceId":"0000194247344459329600000000","pnu":"1159010100103200001","name":"서울특별시 동작구 노량진동","address":"서울특별시 동작구 노량진동","useName":"","floors":0.0,"height":0,"heightSource":"unknown","heightRaw":0.0,"sourceDate":"2026-09-09"},"geometry":{"type":"Polygon","coordinates":[[[126.93574929,37.5155896],[126.93568283,37.51559997],[126.935689,37.51562278],[126.93575511,37.51561128],[126.93574929,37.5155896]]]}},{"type":"Feature","id":"seoul-building-527875","properties":{"id":"seoul-building-527875","sourceId":"1984194052724454093800000000","pnu":"1159010800100440202","name":"서울특별시 동작구 대방동","address":"서울특별시 동작구 대방동","useName":"단독주택","floors":2.0,"height":7.4,"heightSource":"estimated","heightRaw":0.0,"sourceDate":"2026-09-09"},"geometry":{"type":"Polygon","coordinates":[[[126.93347976,37.51084201],[126.93346839,37.5109079],[126.93349593,37.51093241],[126.93355213,37.5109361],[126.93356083,37.51089641],[126.93357284,37.51089754],[126.93358013,37.51085278],[126.93347976,37.51084201]]]}},{"type":"Feature","id":"seoul-building-527883","properties":{"id":"seoul-building-527883","sourceId":"1990194423484455239700000000","pnu":"1159010100102560053","name":"서울특별시 동작구 노량진동","address":"서울특별시 동작구 노량진동","useName":"단독주택","floors":2.0,"height":7.4,"heightSource":"estimated","heightRaw":0.0,"sourceDate":"2026-09-09"},"geometry":{"type":"Polygon","coordinates":[[[126.93772693,37.51186303],[126.93765057,37.51187115],[126.93766376,37.5119576],[126.93768196,37.51195592],[126.93768636,37.51197676],[126.93778975,37.51196358],[126.93778096,37.51191881],[126.93776046,37.51192134],[126.93775641,37.51189205],[126.9377331,37.51188331],[126.93772693,37.51186303]]]}},{"type":"Feature","id":"seoul-building-527915","properties":{"id":"seoul-building-527915","sourceId":"1990194487534453541000000000","pnu":"1159010100102480072","name":"서울특별시 동작구 노량진동","address":"서울특별시 동작구 노량진동","useName":"단독주택","floors":2.0,"height":7.4,"heightSource":"estimated","heightRaw":0.0,"sourceDate":"2026-09-09"},"geometry":{"type":"Polygon","coordinates":[[[126.938401,37.51033336],[126.93837458,37.51043612],[126.93846787,37.51045503],[126.93848595,37.51040013],[126.93849566,37.51040268],[126.93851125,37.51035651],[126.93850171,37.51034805],[126.938401,37.51033336]]]}},{"type":"Feature","id":"seoul-building-527937","properties":{"id":"seoul-building-527937","sourceId":"1996193975314453593100000000","pnu":"1159010800100320021","name":"서울특별시 동작구 대방동","address":"서울특별시 동작구 대방동","useName":"단독주택","floors":4.0,"height":12.4,"heightSource":"measured","heightRaw":12.4,"sourceDate":"2026-09-09"},"geometry":{"type":"Polygon","coordinates":[[[126.93266017,37.51037866],[126.9325822,37.51040565],[126.93262984,37.51049239],[126.93271292,37.51046429],[126.93266017,37.51037866]]]}},{"type":"Feature","id":"seoul-building-527941","properties":{"id":"seoul-building-527941","sourceId":"0000193976334457305800000000","pnu":"1159010800100700001","name":"서울특별시 동작구 대방동","address":"서울특별시 동작구 대방동","useName":"","floors":0.0,"height":0,"heightSource":"unknown","heightRaw":0.0,"sourceDate":"2026-09-09"},"geometry":{"type":"Polygon","coordinates":[[[126.93275605,37.51381042],[126.93275963,37.51375636],[126.93255268,37.5137523],[126.93254874,37.5138041],[126.93275605,37.51381042]]]}},{"type":"Feature","id":"seoul-building-527972","properties":{"id":"seoul-building-527972","sourceId":"1962194590354454562500000000","pnu":"1159010100102400015","name":"서울특별시 동작구 노량진동","address":"서울특별시 동작구 노량진동","useName":"단독주택","floors":1.0,"height":4.2,"heightSource":"estimated","heightRaw":0.0,"sourceDate":"2026-09-09"},"geometry":{"type":"Polygon","coordinates":[[[126.93957919,37.51126454],[126.9395343,37.51126818],[126.93955419,37.51135237],[126.93968694,37.51133273],[126.93967636,37.5112919],[126.93958675,37.51130003],[126.93957919,37.51126454]]]}},{"type":"Feature","id":"seoul-building-527975","properties":{"id":"seoul-building-527975","sourceId":"1993193991634454108000000000","pnu":"1159010800100320007","name":"서울특별시 동작구 대방동","address":"서울특별시 동작구 대방동","useName":"단독주택","floors":2.0,"height":7.6,"heightSource":"measured","heightRaw":7.6,"sourceDate":"2026-09-09"},"geometry":{"type":"Polygon","coordinates":[[[126.93285856,37.5108549],[126.93277724,37.51087428],[126.9328058,37.5109444],[126.93288181,37.51092699],[126.93285856,37.5108549]]]}},{"type":"Feature","id":"seoul-building-527977","properties":{"id":"seoul-building-527977","sourceId":"1970193975214454623700000000","pnu":"1159010800100320053","name":"서울특별시 동작구 대방동","address":"서울특별시 동작구 대방동","useName":"단독주택","floors":1.0,"height":4.2,"heightSource":"estimated","heightRaw":0.0,"sourceDate":"2026-09-09"},"geometry":{"type":"Polygon","coordinates":[[[126.93262875,37.51130414],[126.93257741,37.51139281],[126.93266169,37.51142552],[126.93270771,37.51134501],[126.93268969,37.5113374],[126.93269589,37.51132304],[126.93262875,37.51130414]]]}},{"type":"Feature","id":"seoul-building-527982","properties":{"id":"seoul-building-527982","sourceId":"1999193869324454499500000000","pnu":"1159010800105060000","name":"대방2차현대아파트","address":"서울특별시 동작구 대방동","useName":"공동주택","floors":19.0,"height":51.18,"heightSource":"measured","heightRaw":51.18,"sourceDate":"2026-09-09"},"geometry":{"type":"Polygon","coordinates":[[[126.93129869,37.51129887],[126.93133068,37.51130029],[126.93133067,37.51130452],[126.93156431,37.51130888],[126.93156467,37.5113041],[126.93159454,37.51130412],[126.93159268,37.51120078],[126.9314688,37.51119761],[126.93130427,37.51119328],[126.93130103,37.51125382],[126.93129869,37.51129887]]]}},{"type":"Feature","id":"seoul-building-528027","properties":{"id":"seoul-building-528027","sourceId":"1969194289504454690400000000","pnu":"1159010100102840025","name":"서울특별시 동작구 노량진동","address":"서울특별시 동작구 노량진동","useName":"단독주택","floors":2.0,"height":7.4,"heightSource":"estimated","heightRaw":0.0,"sourceDate":"2026-09-09"},"geometry":{"type":"Polygon","coordinates":[[[126.93624846,37.51137344],[126.93619544,37.51137454],[126.93619401,37.51138833],[126.936147,37.51138944],[126.93614764,37.51147448],[126.93622381,37.5114734],[126.93622488,37.51146691],[126.93624908,37.51146635],[126.93624846,37.51137344]]]}},{"type":"Feature","id":"seoul-building-528041","properties":{"id":"seoul-building-528041","sourceId":"1990194250884453436200000000","pnu":"1159010100102860015","name":"서울특별시 동작구 노량진동","address":"서울특별시 동작구 노량진동","useName":"단독주택","floors":2.0,"height":7.4,"heightSource":"estimated","heightRaw":0.0,"sourceDate":"2026-09-09"},"geometry":{"type":"Polygon","coordinates":[[[126.93581468,37.51023287],[126.93571448,37.51023958],[126.93571685,37.51036009],[126.93580733,37.51035845],[126.9358051,37.51028834],[126.93581746,37.51028806],[126.93581468,37.51023287]]]}},{"type":"Feature","id":"seoul-building-528053","properties":{"id":"seoul-building-528053","sourceId":"1992194482844453300200000000","pnu":"1159010100102490056","name":"서울특별시 동작구 노량진동","address":"서울특별시 동작구 노량진동","useName":"단독주택","floors":2.0,"height":7.4,"heightSource":"estimated","heightRaw":0.0,"sourceDate":"2026-09-09"},"geometry":{"type":"Polygon","coordinates":[[[126.93832517,37.51011286],[126.93832455,37.51023112],[126.93843624,37.51023399],[126.93843875,37.51019401],[126.93846756,37.51019431],[126.93846812,37.51014222],[126.93844479,37.51014192],[126.93840787,37.51013346],[126.93840735,37.51011487],[126.93832517,37.51011286]]]}},{"type":"Feature","id":"seoul-building-528107","properties":{"id":"seoul-building-528107","sourceId":"1967194611724453235200000000","pnu":"1159010100102330010","name":"서울특별시 동작구 노량진동","address":"서울특별시 동작구 노량진동","useName":"제1종근린생활시설","floors":2.0,"height":7.4,"heightSource":"estimated","heightRaw":0.0,"sourceDate":"2026-09-09"},"geometry":{"type":"Polygon","coordinates":[[[126.93989313,37.51006495],[126.93980051,37.51009363],[126.9398005,37.51009869],[126.93977894,37.51010516],[126.93978688,37.51012065],[126.93977468,37.51012458],[126.93979073,37.51016796],[126.93991729,37.51013058],[126.93989313,37.51006495]]]}},{"type":"Feature","id":"seoul-building-528121","properties":{"id":"seoul-building-528121","sourceId":"1985194307494455981900000000","pnu":"1159010100102610004","name":"서울특별시 동작구 노량진동","address":"서울특별시 동작구 노량진동","useName":"","floors":0.0,"height":0,"heightSource":"unknown","heightRaw":0.0,"sourceDate":"2026-09-09"},"geometry":{"type":"Polygon","coordinates":[[[126.93642008,37.51260003],[126.93640985,37.51257159],[126.93638351,37.51257917],[126.93639357,37.51260818],[126.93641425,37.51260396],[126.93641337,37.51260087],[126.93642008,37.51260003]]]}},{"type":"Feature","id":"seoul-building-528142","properties":{"id":"seoul-building-528142","sourceId":"0000194419884457513300000000","pnu":"1159010100100130008","name":"서울특별시 동작구 노량진동","address":"서울특별시 동작구 노량진동","useName":"","floors":0.0,"height":0,"heightSource":"unknown","heightRaw":0.0,"sourceDate":"2026-09-09"},"geometry":{"type":"Polygon","coordinates":[[[126.93756454,37.51395328],[126.93756221,37.51398199],[126.93757194,37.51398256],[126.93757193,37.51398988],[126.9377614,37.51397872],[126.93780381,37.51398522],[126.93780489,37.51396101],[126.93756454,37.51395328]]]}},{"type":"Feature","id":"seoul-building-528165","properties":{"id":"seoul-building-528165","sourceId":"1975194207184456155200000000","pnu":"1159010100102660027","name":"서울특별시 동작구 노량진동","address":"서울특별시 동작구 노량진동","useName":"단독주택","floors":2.0,"height":7.4,"heightSource":"estimated","heightRaw":0.0,"sourceDate":"2026-09-09"},"geometry":{"type":"Polygon","coordinates":[[[126.93529193,37.51268839],[126.9352495,37.51270695],[126.93524367,37.51269822],[126.93519646,37.512721],[126.93525718,37.51280635],[126.93533427,37.51277176],[126.93529967,37.51272274],[126.9353124,37.51271543],[126.93529193,37.51268839]]]}},{"type":"Feature","id":"seoul-building-528166","properties":{"id":"seoul-building-528166","sourceId":"1993193749524453273200000000","pnu":"1159010800105030000","name":"대방주공영구임대(아) 종합사회복지관","address":"서울특별시 동작구 대방동","useName":"노유자시설","floors":3.0,"height":10.6,"heightSource":"estimated","heightRaw":0.0,"sourceDate":"2026-09-09"},"geometry":{"type":"Polygon","coordinates":[[[126.93003741,37.50994465],[126.93000009,37.50997448],[126.92996772,37.51000007],[126.92992014,37.51003778],[126.9299288,37.51004426],[126.9298462,37.51011376],[126.92988523,37.51014503],[126.92987674,37.51015319],[126.93000001,37.51024674],[126.93009485,37.51031889],[126.93014166,37.510342],[126.9302308,37.51026969],[126.93023786,37.51027533],[126.93034788,37.51018304],[126.93024243,37.51010414],[126.93025764,37.51009176],[126.9301545,37.51001455],[126.93014372,37.5100244],[126.93011122,37.50999988],[126.93003741,37.50994465]]]}},{"type":"Feature","id":"seoul-building-528195","properties":{"id":"seoul-building-528195","sourceId":"1970194445164454851200000000","pnu":"1159010100102540012","name":"서울특별시 동작구 노량진동","address":"서울특별시 동작구 노량진동","useName":"단독주택","floors":2.0,"height":7.4,"heightSource":"estimated","heightRaw":0.0,"sourceDate":"2026-09-09"},"geometry":{"type":"Polygon","coordinates":[[[126.93793046,37.51150865],[126.93792004,37.51151061],[126.93786612,37.51152072],[126.93789345,37.51160266],[126.93791907,37.51159987],[126.93792013,37.51160409],[126.93792611,37.51163056],[126.93805427,37.5116112],[126.93804301,37.51154812],[126.93800767,37.51153487],[126.93794157,37.51153821],[126.93793046,37.51150865]]]}},{"type":"Feature","id":"seoul-building-528212","properties":{"id":"seoul-building-528212","sourceId":"1961194090254454429000000000","pnu":"1159010800100450022","name":"서울특별시 동작구 대방동","address":"서울특별시 동작구 대방동","useName":"단독주택","floors":1.0,"height":4.2,"heightSource":"estimated","heightRaw":0.0,"sourceDate":"2026-09-09"},"geometry":{"type":"Polygon","coordinates":[[[126.93391086,37.51117422],[126.93389177,37.51118407],[126.93390518,37.51120182],[126.933934,37.51118944],[126.93393873,37.51122943],[126.9339762,37.51122916],[126.93397167,37.51115313],[126.93396426,37.51114722],[126.93391086,37.51117422]]]}},{"type":"Feature","id":"seoul-building-528217","properties":{"id":"seoul-building-528217","sourceId":"0000193769224457401400000000","pnu":"1159010800100660004","name":"서울특별시 동작구 대방동","address":"서울특별시 동작구 대방동","useName":"","floors":0.0,"height":0,"heightSource":"unknown","heightRaw":0.0,"sourceDate":"2026-09-09"},"geometry":{"type":"Polygon","coordinates":[[[126.93026476,37.51384304],[126.93025714,37.51386134],[126.93035873,37.51388871],[126.93036565,37.51386816],[126.93026476,37.51384304]]]}},{"type":"Feature","id":"seoul-building-528226","properties":{"id":"seoul-building-528226","sourceId":"1961194286454456547300000000","pnu":"1159010100100270012","name":"서울특별시 동작구 노량진동","address":"서울특별시 동작구 노량진동","useName":"숙박시설","floors":4.0,"height":13.8,"heightSource":"estimated","heightRaw":0.0,"sourceDate":"2026-09-09"},"geometry":{"type":"Polygon","coordinates":[[[126.93620019,37.51305915],[126.93609911,37.51304951],[126.93609019,37.51313961],[126.93622538,37.51314729],[126.93624137,37.51306311],[126.93620019,37.51305915]]]}},{"type":"Feature","id":"seoul-building-528241","properties":{"id":"seoul-building-528241","sourceId":"1968194260964454802900000000","pnu":"1159010100102840001","name":"서울특별시 동작구 노량진동","address":"서울특별시 동작구 노량진동","useName":"공동주택","floors":3.0,"height":9.85,"heightSource":"estimated","heightRaw":0.0,"sourceDate":"2026-09-09"},"geometry":{"type":"Polygon","coordinates":[[[126.93586043,37.51169562],[126.9359336,37.51169651],[126.93593382,37.51165259],[126.93594106,37.5116523],[126.93594038,37.51162106],[126.93592465,37.51162133],[126.93592596,37.51154277],[126.9359408,37.5115425],[126.93594154,37.51151041],[126.93592475,37.51150955],[126.93592588,37.51143465],[126.93594001,37.51143438],[126.93594164,37.51140312],[126.93593244,37.51140312],[126.93593266,37.51135892],[126.9358199,37.51135998],[126.9358212,37.5116956],[126.93586043,37.51169562]]]}},{"type":"Feature","id":"seoul-building-528272","properties":{"id":"seoul-building-528272","sourceId":"1994194174984455836100000000","pnu":"1159010100102670026","name":"서울특별시 동작구 노량진동","address":"서울특별시 동작구 노량진동","useName":"제1종근린생활시설","floors":2.0,"height":6.9,"heightSource":"measured","heightRaw":6.9,"sourceDate":"2026-09-09"},"geometry":{"type":"Polygon","coordinates":[[[126.9348588,37.5124353],[126.93485469,37.51247922],[126.93491637,37.51248376],[126.93491903,37.51247617],[126.93494307,37.51247618],[126.93495402,37.51246689],[126.93494749,37.5124621],[126.9349521,37.51245873],[126.93495741,37.51243733],[126.9348588,37.5124353]]]}},{"type":"Feature","id":"seoul-building-528287","properties":{"id":"seoul-building-528287","sourceId":"2006194336004453264500000000","pnu":"1159010100102890068","name":"서울특별시 동작구 노량진동","address":"서울특별시 동작구 노량진동","useName":"단독주택","floors":2.0,"height":7.5,"heightSource":"measured","heightRaw":7.5,"sourceDate":"2026-09-09"},"geometry":{"type":"Polygon","coordinates":[[[126.93668906,37.51010017],[126.93666267,37.51016351],[126.93674112,37.51018016],[126.93674467,37.51017171],[126.93677259,37.51017652],[126.9367896,37.5101219],[126.93668906,37.51010017]]]}},{"type":"Feature","id":"seoul-building-528344","properties":{"id":"seoul-building-528344","sourceId":"0000194230754453883900000000","pnu":"1159010100102860003","name":"서울특별시 동작구 노량진동","address":"서울특별시 동작구 노량진동","useName":"","floors":0.0,"height":0,"heightSource":"unknown","heightRaw":0.0,"sourceDate":"2026-09-09"},"geometry":{"type":"Polygon","coordinates":[[[126.93552924,37.51066633],[126.9355087,37.5107201],[126.93553802,37.51072856],[126.9355651,37.51068832],[126.93552924,37.51066633]]]}},{"type":"Feature","id":"seoul-building-528370","properties":{"id":"seoul-building-528370","sourceId":"1990194217564453915600000000","pnu":"1159010100102730017","name":"서울특별시 동작구 노량진동","address":"서울특별시 동작구 노량진동","useName":"단독주택","floors":2.0,"height":7.4,"heightSource":"estimated","heightRaw":0.0,"sourceDate":"2026-09-09"},"geometry":{"type":"Polygon","coordinates":[[[126.93533008,37.51066734],[126.93529696,37.51074025],[126.93544484,37.51078989],[126.93547104,37.5107412],[126.93544825,37.51073386],[126.935461,37.5107043],[126.9354004,37.51068512],[126.93539951,37.51068766],[126.93536488,37.51067665],[126.93536312,37.51067947],[126.93533008,37.51066734]]]}},{"type":"Feature","id":"seoul-building-528389","properties":{"id":"seoul-building-528389","sourceId":"0000194526424456730100000000","pnu":"1159010100100420011","name":"서울특별시 동작구 노량진동","address":"서울특별시 동작구 노량진동","useName":"","floors":0.0,"height":0,"heightSource":"unknown","heightRaw":0.0,"sourceDate":"2026-09-09"},"geometry":{"type":"Polygon","coordinates":[[[126.938833,37.5132534],[126.93883263,37.51327227],[126.93892223,37.51327738],[126.93892313,37.51325908],[126.938833,37.5132534]]]}},{"type":"Feature","id":"seoul-building-528428","properties":{"id":"seoul-building-528428","sourceId":"0000193847634454623000000000","pnu":"1159010800105060002","name":"서울특별시 동작구 대방동","address":"서울특별시 동작구 대방동","useName":"","floors":0.0,"height":0,"heightSource":"unknown","heightRaw":0.0,"sourceDate":"2026-09-09"},"geometry":{"type":"Polygon","coordinates":[[[126.93120427,37.5113464],[126.93120109,37.51134669],[126.93119561,37.51134809],[126.93119455,37.51134865],[126.93119384,37.5113495],[126.93119293,37.5113754],[126.93119558,37.51137793],[126.93120301,37.51137906],[126.93120566,37.51137878],[126.93120778,37.51137823],[126.93120902,37.51137738],[126.93121011,37.51134838],[126.93120851,37.51134697],[126.93120427,37.5113464]]]}},{"type":"Feature","id":"seoul-building-528454","properties":{"id":"seoul-building-528454","sourceId":"1979193934184454890300000000","pnu":"1159010800100230058","name":"서울특별시 동작구 대방동","address":"서울특별시 동작구 대방동","useName":"제1종근린생활시설","floors":2.0,"height":7.4,"heightSource":"estimated","heightRaw":0.0,"sourceDate":"2026-09-09"},"geometry":{"type":"Polygon","coordinates":[[[126.93223866,37.51156323],[126.9321881,37.5115649],[126.9321881,37.51156575],[126.9321388,37.51156655],[126.93213843,37.51157726],[126.93211916,37.51157837],[126.9321193,37.5116406],[126.93223611,37.51164264],[126.93223866,37.51156323]]]}},{"type":"Feature","id":"seoul-building-528455","properties":{"id":"seoul-building-528455","sourceId":"1990194352334455017600000000","pnu":"1159010100102560022","name":"서울특별시 동작구 노량진동","address":"서울특별시 동작구 노량진동","useName":"단독주택","floors":2.0,"height":7.4,"heightSource":"estimated","heightRaw":0.0,"sourceDate":"2026-09-09"},"geometry":{"type":"Polygon","coordinates":[[[126.93691112,37.51167282],[126.93690863,37.51168127],[126.93687471,37.51167534],[126.93684566,37.51175275],[126.93694055,37.51177477],[126.93697155,37.51168468],[126.93691112,37.51167282]]]}},{"type":"Feature","id":"seoul-building-528481","properties":{"id":"seoul-building-528481","sourceId":"1998194244634454398800000000","pnu":"1159010100102740023","name":"서울특별시 동작구 노량진동","address":"서울특별시 동작구 노량진동","useName":"단독주택","floors":4.0,"height":10.7,"heightSource":"measured","heightRaw":10.7,"sourceDate":"2026-09-09"},"geometry":{"type":"Polygon","coordinates":[[[126.93566582,37.51111494],[126.93563765,37.51120446],[126.93567387,37.51121067],[126.93567847,37.51120138],[126.93572159,37.51120845],[126.93574711,37.51112596],[126.93566582,37.51111494]]]}},{"type":"Feature","id":"seoul-building-528491","properties":{"id":"seoul-building-528491","sourceId":"1999193869494453541000000000","pnu":"1159010800105060000","name":"대방2차현대아파트","address":"서울특별시 동작구 대방동","useName":"공동주택","floors":11.0,"height":29.58,"heightSource":"measured","heightRaw":29.58,"sourceDate":"2026-09-09"},"geometry":{"type":"Polygon","coordinates":[[[126.93129818,37.5103241],[126.93129799,37.51032888],[126.93124409,37.51032801],[126.93123886,37.51044091],[126.93143485,37.51044242],[126.93143594,37.51041371],[126.93146386,37.51041401],[126.93146101,37.51044385],[126.93165646,37.51044763],[126.9316601,37.51033529],[126.93160462,37.51033413],[126.93160479,37.51032991],[126.93154329,37.51032931],[126.93154329,37.51033438],[126.93150794,37.51033492],[126.93150756,37.51035462],[126.93146851,37.51035432],[126.93146888,37.51033011],[126.9314369,37.51032784],[126.93143353,37.51035317],[126.93139464,37.51035174],[126.93139501,37.51033034],[126.93135967,37.51033004],[126.9313595,37.51032638],[126.93129818,37.5103241]]]}},{"type":"Feature","id":"seoul-building-528502","properties":{"id":"seoul-building-528502","sourceId":"1983194240194453636900000000","pnu":"1159010100102860007","name":"서울특별시 동작구 노량진동","address":"서울특별시 동작구 노량진동","useName":"","floors":0.0,"height":0,"heightSource":"unknown","heightRaw":0.0,"sourceDate":"2026-09-09"},"geometry":{"type":"Polygon","coordinates":[[[126.93564903,37.51050421],[126.93566605,37.51043636],[126.93565599,37.51043326],[126.93563989,37.51045043],[126.93561919,37.51048674],[126.93562484,37.51048843],[126.93561933,37.51051067],[126.93564654,37.51051378],[126.93564903,37.51050421]]]}},{"type":"Feature","id":"seoul-building-528515","properties":{"id":"seoul-building-528515","sourceId":"1989194503154454914200000000","pnu":"1159010100102440017","name":"서울특별시 동작구 노량진동","address":"서울특별시 동작구 노량진동","useName":"단독주택","floors":2.0,"height":7.4,"heightSource":"estimated","heightRaw":0.0,"sourceDate":"2026-09-09"},"geometry":{"type":"Polygon","coordinates":[[[126.93857086,37.5115743],[126.93853776,37.51165537],[126.938642,37.51168246],[126.9386521,37.51165656],[126.93867842,37.51166276],[126.93869949,37.51161182],[126.93867406,37.51160646],[126.93867548,37.51160223],[126.93857086,37.5115743]]]}},{"type":"Feature","id":"seoul-building-528559","properties":{"id":"seoul-building-528559","sourceId":"1993194601214453840400000000","pnu":"1159010100102350017","name":"서울특별시 동작구 노량진동","address":"서울특별시 동작구 노량진동","useName":"단독주택","floors":3.0,"height":10.6,"heightSource":"estimated","heightRaw":0.0,"sourceDate":"2026-09-09"},"geometry":{"type":"Polygon","coordinates":[[[126.93975221,37.51060746],[126.93966647,37.51062403],[126.93968604,37.51069105],[126.93972136,37.51071782],[126.93978393,37.51070124],[126.93975221,37.51060746]]]}},{"type":"Feature","id":"seoul-building-528585","properties":{"id":"seoul-building-528585","sourceId":"1991194468984454200100000000","pnu":"1159010100102490070","name":"서울특별시 동작구 노량진동","address":"서울특별시 동작구 노량진동","useName":"단독주택","floors":2.0,"height":7.4,"heightSource":"estimated","heightRaw":0.0,"sourceDate":"2026-09-09"},"geometry":{"type":"Polygon","coordinates":[[[126.9382418,37.51093752],[126.93824073,37.51094343],[126.93817499,37.51094339],[126.9381739,37.51097605],[126.93815393,37.51097632],[126.93815388,37.51103263],[126.93820584,37.51103266],[126.93820603,37.51102957],[126.93826735,37.51102848],[126.93826806,37.51102003],[126.9382951,37.51102032],[126.93829796,37.51098851],[126.93830132,37.51098823],[126.93830436,37.51093783],[126.9382418,37.51093752]]]}},{"type":"Feature","id":"seoul-building-528607","properties":{"id":"seoul-building-528607","sourceId":"1991194289944455481600000000","pnu":"1159010100102770007","name":"서울특별시 동작구 노량진동","address":"서울특별시 동작구 노량진동","useName":"단독주택","floors":2.0,"height":7.4,"heightSource":"estimated","heightRaw":0.0,"sourceDate":"2026-09-09"},"geometry":{"type":"Polygon","coordinates":[[[126.93620207,37.51209704],[126.93619535,37.51209985],[126.93618916,37.5121052],[126.93618474,37.51210941],[126.93616528,37.51213108],[126.93616208,37.51215024],[126.93615094,37.51215051],[126.93614722,37.51216853],[126.93615941,37.51217022],[126.93615994,37.51216853],[126.9362338,37.51217899],[126.93624854,37.51210241],[126.93620207,37.51209704]]]}},{"type":"Feature","id":"seoul-building-528626","properties":{"id":"seoul-building-528626","sourceId":"1968194444664455400900000000","pnu":"1159010100102550002","name":"서울특별시 동작구 노량진동","address":"서울특별시 동작구 노량진동","useName":"단독주택","floors":3.0,"height":10.6,"heightSource":"estimated","heightRaw":0.0,"sourceDate":"2026-09-09"},"geometry":{"type":"Polygon","coordinates":[[[126.93802877,37.5120904],[126.93801858,37.51203014],[126.93794275,37.51203631],[126.93794222,37.51202899],[126.93792012,37.51203095],[126.93788142,37.51203431],[126.93789338,37.51210864],[126.93792006,37.51210613],[126.93802965,37.51209548],[126.93802877,37.5120904]]]}},{"type":"Feature","id":"seoul-building-528636","properties":{"id":"seoul-building-528636","sourceId":"1997194260744453783100000000","pnu":"1159010100102870001","name":"서울특별시 동작구 노량진동","address":"서울특별시 동작구 노량진동","useName":"제1종근린생활시설","floors":3.0,"height":10.8,"heightSource":"measured","heightRaw":10.8,"sourceDate":"2026-09-09"},"geometry":{"type":"Polygon","coordinates":[[[126.93583472,37.51056372],[126.93582126,37.51059582],[126.93583751,37.51060934],[126.93583166,37.51061947],[126.93587212,37.51065159],[126.93590216,37.51065949],[126.93592801,37.51058827],[126.93583472,37.51056372]]]}},{"type":"Feature","id":"seoul-building-528713","properties":{"id":"seoul-building-528713","sourceId":"1979194574994457775000000000","pnu":"1159010100100130008","name":"서울특별시 동작구 노량진동","address":"서울특별시 동작구 노량진동","useName":"","floors":0.0,"height":0,"heightSource":"unknown","heightRaw":0.0,"sourceDate":"2026-09-09"},"geometry":{"type":"Polygon","coordinates":[[[126.93926598,37.51415069],[126.93925233,37.51420137],[126.93953402,37.51424712],[126.93955697,37.51427895],[126.93960786,37.51428573],[126.93954748,37.51419701],[126.93926598,37.51415069]]]}},{"type":"Feature","id":"seoul-building-528733","properties":{"id":"seoul-building-528733","sourceId":"0000194531454458737300000000","pnu":"1159010100100130008","name":"서울특별시 동작구 노량진동","address":"서울특별시 동작구 노량진동","useName":"","floors":0.0,"height":0,"heightSource":"unknown","heightRaw":0.0,"sourceDate":"2026-09-09"},"geometry":{"type":"Polygon","coordinates":[[[126.93892856,37.51505744],[126.93891988,37.51508671],[126.93892324,37.51508756],[126.93892765,37.51508868],[126.93893261,37.51508953],[126.93893861,37.51508926],[126.93894536,37.51506054],[126.93892856,37.51505744]]]}},{"type":"Feature","id":"seoul-building-528750","properties":{"id":"seoul-building-528750","sourceId":"1966194383294454236000000000","pnu":"1159010100102520016","name":"서울특별시 동작구 노량진동","address":"서울특별시 동작구 노량진동","useName":"단독주택","floors":1.0,"height":4.2,"heightSource":"estimated","heightRaw":0.0,"sourceDate":"2026-09-09"},"geometry":{"type":"Polygon","coordinates":[[[126.93723548,37.51096965],[126.93720222,37.51100708],[126.93730061,37.51106345],[126.93732432,37.5110384],[126.93725737,37.51100261],[126.93726921,37.51098825],[126.93723548,37.51096965]]]}},{"type":"Feature","id":"seoul-building-528770","properties":{"id":"seoul-building-528770","sourceId":"1985194147804454072300000000","pnu":"1159010800100450034","name":"서울특별시 동작구 대방동","address":"서울특별시 동작구 대방동","useName":"단독주택","floors":1.0,"height":4.2,"heightSource":"estimated","heightRaw":0.0,"sourceDate":"2026-09-09"},"geometry":{"type":"Polygon","coordinates":[[[126.9346451,37.51084886],[126.9345691,37.51084966],[126.93454167,37.51089216],[126.93457773,37.51089443],[126.93458057,37.51088036],[126.93464684,37.51088068],[126.9346451,37.51084886]]]}},{"type":"Feature","id":"seoul-building-528792","properties":{"id":"seoul-building-528792","sourceId":"1984194267414455784500000000","pnu":"1159010100102630003","name":"서울특별시 동작구 노량진동","address":"서울특별시 동작구 노량진동","useName":"제1종근린생활시설","floors":3.0,"height":10.6,"heightSource":"estimated","heightRaw":0.0,"sourceDate":"2026-09-09"},"geometry":{"type":"Polygon","coordinates":[[[126.93596998,37.51235624],[126.935909,37.51236352],[126.93592977,37.51246996],[126.93597907,37.51246408],[126.93598406,37.51243282],[126.93596998,37.51235624]]]}},{"type":"Feature","id":"seoul-building-528819","properties":{"id":"seoul-building-528819","sourceId":"1991194179294454182100000000","pnu":"1159010100102730026","name":"서울특별시 동작구 노량진동","address":"서울특별시 동작구 노량진동","useName":"단독주택","floors":2.0,"height":7.4,"heightSource":"estimated","heightRaw":0.0,"sourceDate":"2026-09-09"},"geometry":{"type":"Polygon","coordinates":[[[126.93495345,37.51089464],[126.93493063,37.51092082],[126.93491738,37.51091349],[126.9348636,37.5109771],[126.93486907,37.51097991],[126.93486006,37.51098835],[126.93496923,37.51104304],[126.93500001,37.51100617],[126.93500975,37.51099463],[126.93500691,37.51099294],[126.93504619,37.51094397],[126.93500007,37.51091945],[126.93495345,37.51089464]]]}},{"type":"Feature","id":"seoul-building-528823","properties":{"id":"seoul-building-528823","sourceId":"1994194238284455017700000000","pnu":"1159010100102720020","name":"서울특별시 동작구 노량진동","address":"서울특별시 동작구 노량진동","useName":"단독주택","floors":2.0,"height":9.1,"heightSource":"measured","heightRaw":9.1,"sourceDate":"2026-09-09"},"geometry":{"type":"Polygon","coordinates":[[[126.93557556,37.51168674],[126.93557056,37.51174812],[126.93566439,37.51175606],[126.93566727,37.51169214],[126.93557556,37.51168674]]]}},{"type":"Feature","id":"seoul-building-528825","properties":{"id":"seoul-building-528825","sourceId":"1992194183584457398000000000","pnu":"1159010800100700001","name":"서울특별시 동작구 대방동","address":"서울특별시 동작구 대방동","useName":"","floors":0.0,"height":0,"heightSource":"unknown","heightRaw":0.0,"sourceDate":"2026-09-09"},"geometry":{"type":"Polygon","coordinates":[[[126.93489612,37.5138226],[126.93489428,37.51390256],[126.93499997,37.51390543],[126.93510195,37.5139083],[126.93510308,37.51382693],[126.93500004,37.5138249],[126.93489612,37.5138226]]]}},{"type":"Feature","id":"seoul-building-528830","properties":{"id":"seoul-building-528830","sourceId":"0000194607364453371500000000","pnu":"1159010100102350013","name":"서울특별시 동작구 노량진동","address":"서울특별시 동작구 노량진동","useName":"단독주택","floors":1.0,"height":4.2,"heightSource":"estimated","heightRaw":0.0,"sourceDate":"2026-09-09"},"geometry":{"type":"Polygon","coordinates":[[[126.93980733,37.51016769],[126.93976102,37.51019019],[126.93975688,37.51029013],[126.93977738,37.51029972],[126.93983022,37.51030115],[126.93983223,37.51021134],[126.93982888,37.51019501],[126.93980733,37.51016769]]]}},{"type":"Feature","id":"seoul-building-528862","properties":{"id":"seoul-building-528862","sourceId":"1991194346154455362300000000","pnu":"1159010100102560013","name":"서울특별시 동작구 노량진동","address":"서울특별시 동작구 노량진동","useName":"단독주택","floors":2.0,"height":7.4,"heightSource":"estimated","heightRaw":0.0,"sourceDate":"2026-09-09"},"geometry":{"type":"Polygon","coordinates":[[[126.93682286,37.51197545],[126.93677772,37.51206384],[126.93685368,37.51208866],[126.93690307,37.51200168],[126.93682286,37.51197545]]]}},{"type":"Feature","id":"seoul-building-528873","properties":{"id":"seoul-building-528873","sourceId":"1976194017324453621600000000","pnu":"1159010800100440137","name":"서울특별시 동작구 대방동","address":"서울특별시 동작구 대방동","useName":"단독주택","floors":2.0,"height":7.4,"heightSource":"estimated","heightRaw":0.0,"sourceDate":"2026-09-09"},"geometry":{"type":"Polygon","coordinates":[[[126.93314562,37.51039414],[126.93307983,37.51043746],[126.93307205,37.51043182],[126.93302573,37.51046277],[126.93310218,37.51053293],[126.93321589,37.51045275],[126.93315462,37.5103964],[126.93314932,37.51039978],[126.93314562,37.51039414]]]}},{"type":"Feature","id":"seoul-building-528878","properties":{"id":"seoul-building-528878","sourceId":"1993194207094454881200000000","pnu":"1159010100102730007","name":"서울특별시 동작구 노량진동","address":"서울특별시 동작구 노량진동","useName":"종교시설","floors":2.0,"height":7.4,"heightSource":"estimated","heightRaw":0.0,"sourceDate":"2026-09-09"},"geometry":{"type":"Polygon","coordinates":[[[126.93535425,37.51153993],[126.93531606,37.51155399],[126.93531289,37.51154723],[126.93515431,37.5116057],[126.93518413,37.51165894],[126.9353823,37.51158894],[126.93535425,37.51153993]]]}},{"type":"Feature","id":"seoul-building-528884","properties":{"id":"seoul-building-528884","sourceId":"0000194404394453587200000000","pnu":"1159010100102490012","name":"서울특별시 동작구 노량진동","address":"서울특별시 동작구 노량진동","useName":"","floors":0.0,"height":0,"heightSource":"unknown","heightRaw":0.0,"sourceDate":"2026-09-09"},"geometry":{"type":"Polygon","coordinates":[[[126.93754167,37.51041316],[126.93745454,37.510421],[126.93745788,37.51045057],[126.93753971,37.51044864],[126.93754167,37.51041316]]]}},{"type":"Feature","id":"seoul-building-528893","properties":{"id":"seoul-building-528893","sourceId":"1993194231574454341200000000","pnu":"1159010100102740025","name":"서울특별시 동작구 노량진동","address":"서울특별시 동작구 노량진동","useName":"단독주택","floors":3.0,"height":9.1,"heightSource":"measured","heightRaw":9.1,"sourceDate":"2026-09-09"},"geometry":{"type":"Polygon","coordinates":[[[126.93550257,37.51106698],[126.93549034,37.51111034],[126.93549758,37.51111259],[126.93549032,37.51113849],[126.93558078,37.51115712],[126.93559745,37.51110025],[126.9356061,37.51110195],[126.93561018,37.511089],[126.93550257,37.51106698]]]}},{"type":"Feature","id":"seoul-building-528919","properties":{"id":"seoul-building-528919","sourceId":"1990194523594453280400000000","pnu":"1159010100102480035","name":"서울특별시 동작구 노량진동","address":"서울특별시 동작구 노량진동","useName":"단독주택","floors":2.0,"height":7.4,"heightSource":"estimated","heightRaw":0.0,"sourceDate":"2026-09-09"},"geometry":{"type":"Polygon","coordinates":[[[126.93883505,37.51010102],[126.9388101,37.51014014],[126.93879721,37.51013592],[126.93877173,37.51017392],[126.93886642,37.51021592],[126.93892003,37.51013315],[126.93887533,37.51011315],[126.93887269,37.51011568],[126.93883505,37.51010102]]]}},{"type":"Feature","id":"seoul-building-528988","properties":{"id":"seoul-building-528988","sourceId":"0000194478204456855600000000","pnu":"1159010100100400012","name":"서울특별시 동작구 노량진동","address":"서울특별시 동작구 노량진동","useName":"","floors":0.0,"height":0,"heightSource":"unknown","heightRaw":0.0,"sourceDate":"2026-09-09"},"geometry":{"type":"Polygon","coordinates":[[[126.93828721,37.51338166],[126.93837475,37.51338927],[126.93837668,37.51337495],[126.93828914,37.51336733],[126.93828721,37.51338166]]]}},{"type":"Feature","id":"seoul-building-528993","properties":{"id":"seoul-building-528993","sourceId":"1963194553644453724400000000","pnu":"1159010100102480002","name":"서울특별시 동작구 노량진동","address":"서울특별시 동작구 노량진동","useName":"단독주택","floors":1.0,"height":4.2,"heightSource":"estimated","heightRaw":0.0,"sourceDate":"2026-09-09"},"geometry":{"type":"Polygon","coordinates":[[[126.93917706,37.51048609],[126.93910295,37.5105587],[126.93911761,37.51056772],[126.93911355,37.51057137],[126.939169,37.51060773],[126.93917643,37.51060154],[126.93921106,37.51062322],[126.93927331,37.51056413],[126.93922386,37.51052863],[126.93922828,37.51052187],[126.93917706,37.51048609]]]}},{"type":"Feature","id":"seoul-building-529044","properties":{"id":"seoul-building-529044","sourceId":"0000194160364455451300000000","pnu":"1159010100102700003","name":"서울특별시 동작구 노량진동","address":"서울특별시 동작구 노량진동","useName":"","floors":0.0,"height":0,"heightSource":"unknown","heightRaw":0.0,"sourceDate":"2026-09-09"},"geometry":{"type":"Polygon","coordinates":[[[126.93469811,37.51206468],[126.93469009,37.51214914],[126.93469734,37.51214915],[126.93469768,37.51215675],[126.93477827,37.51215707],[126.93478577,37.5120667],[126.93469811,37.51206468]]]}},{"type":"Feature","id":"seoul-building-529058","properties":{"id":"seoul-building-529058","sourceId":"1990194422494454022900000000","pnu":"1159010100102490025","name":"서울특별시 동작구 노량진동","address":"서울특별시 동작구 노량진동","useName":"단독주택","floors":2.0,"height":7.4,"heightSource":"estimated","heightRaw":0.0,"sourceDate":"2026-09-09"},"geometry":{"type":"Polygon","coordinates":[[[126.93763292,37.51078093],[126.93763093,37.51082654],[126.93764048,37.51082739],[126.93764046,37.51084963],[126.93764647,37.51084936],[126.93764629,37.51086315],[126.93766166,37.51086316],[126.93766183,37.51086907],[126.93777299,37.51087138],[126.93777428,37.51080381],[126.93776102,37.5108038],[126.93775998,37.51078438],[126.93770608,37.51078435],[126.93770626,37.51078125],[126.93763292,37.51078093]]]}},{"type":"Feature","id":"seoul-building-529066","properties":{"id":"seoul-building-529066","sourceId":"1992194475864454535500000000","pnu":"1159010100102440027","name":"서울특별시 동작구 노량진동","address":"서울특별시 동작구 노량진동","useName":"단독주택","floors":2.0,"height":7.4,"heightSource":"estimated","heightRaw":0.0,"sourceDate":"2026-09-09"},"geometry":{"type":"Polygon","coordinates":[[[126.93828519,37.51123853],[126.93825738,37.51132101],[126.93831905,37.51133963],[126.93832932,37.51131176],[126.93833885,37.51131429],[126.93836082,37.51125744],[126.93828519,37.51123853]]]}},{"type":"Feature","id":"seoul-building-529069","properties":{"id":"seoul-building-529069","sourceId":"1991194493174453433100000000","pnu":"1159010100102480071","name":"서울특별시 동작구 노량진동","address":"서울특별시 동작구 노량진동","useName":"단독주택","floors":2.0,"height":7.4,"heightSource":"estimated","heightRaw":0.0,"sourceDate":"2026-09-09"},"geometry":{"type":"Polygon","coordinates":[[[126.93845215,37.51024132],[126.93841445,37.51030634],[126.93855615,37.51034978],[126.93859102,37.51028025],[126.93845215,37.51024132]]]}},{"type":"Feature","id":"seoul-building-529080","properties":{"id":"seoul-building-529080","sourceId":"1970194374044453681600000000","pnu":"1159010100102500012","name":"서울특별시 동작구 노량진동","address":"서울특별시 동작구 노량진동","useName":"단독주택","floors":2.0,"height":7.4,"heightSource":"estimated","heightRaw":0.0,"sourceDate":"2026-09-09"},"geometry":{"type":"Polygon","coordinates":[[[126.93720214,37.51047746],[126.93710228,37.51048416],[126.93710946,37.51055765],[126.93721072,37.51055207],[126.93720214,37.51047746]]]}},{"type":"Feature","id":"seoul-building-529126","properties":{"id":"seoul-building-529126","sourceId":"1998193941044453805800000000","pnu":"1159010800100230123","name":"서울특별시 동작구 대방동","address":"서울특별시 동작구 대방동","useName":"제2종근린생활시설","floors":6.0,"height":23.55,"heightSource":"measured","heightRaw":23.55,"sourceDate":"2026-09-09"},"geometry":{"type":"Polygon","coordinates":[[[126.93220528,37.51056479],[126.93220092,37.51068361],[126.9322474,37.51068617],[126.93224757,37.51068195],[126.93232145,37.51068312],[126.93232381,37.51061582],[126.93230279,37.51061553],[126.93230335,37.51056513],[126.93220528,37.51056479]]]}},{"type":"Feature","id":"seoul-building-529143","properties":{"id":"seoul-building-529143","sourceId":"1991194362784455046200000000","pnu":"1159010100102560019","name":"서울특별시 동작구 노량진동","address":"서울특별시 동작구 노량진동","useName":"단독주택","floors":2.0,"height":7.4,"heightSource":"estimated","heightRaw":0.0,"sourceDate":"2026-09-09"},"geometry":{"type":"Polygon","coordinates":[[[126.93699187,37.51169596],[126.93695963,37.51177055],[126.93705946,37.51179764],[126.93706903,37.51177512],[126.93707857,37.51177793],[126.93709841,37.51173064],[126.93705441,37.5117188],[126.93705706,37.51171091],[126.93699187,37.51169596]]]}},{"type":"Feature","id":"seoul-building-529155","properties":{"id":"seoul-building-529155","sourceId":"1968194285134456460600000000","pnu":"1159010100100270016","name":"서울특별시 동작구 노량진동","address":"서울특별시 동작구 노량진동","useName":"제2종근린생활시설","floors":1.0,"height":4.2,"heightSource":"estimated","heightRaw":0.0,"sourceDate":"2026-09-09"},"geometry":{"type":"Polygon","coordinates":[[[126.93620534,37.51302395],[126.93615004,37.5130197],[126.93615021,37.51301828],[126.93615501,37.51298056],[126.93611985,37.51297689],[126.93610707,37.51304361],[126.93620126,37.51305154],[126.93620534,37.51302395]]]}},{"type":"Feature","id":"seoul-building-529173","properties":{"id":"seoul-building-529173","sourceId":"1988194414014453458800000000","pnu":"1159010100102490047","name":"서울특별시 동작구 노량진동","address":"서울특별시 동작구 노량진동","useName":"단독주택","floors":2.0,"height":7.4,"heightSource":"estimated","heightRaw":0.0,"sourceDate":"2026-09-09"},"geometry":{"type":"Polygon","coordinates":[[[126.93762858,37.51025609],[126.93755648,37.51025662],[126.93755161,37.51037065],[126.93766684,37.51037239],[126.93766886,37.51027751],[126.93762945,37.51027749],[126.93762858,37.51025609]]]}},{"type":"Feature","id":"seoul-building-529204","properties":{"id":"seoul-building-529204","sourceId":"1992194388694454394500000000","pnu":"1159010100102520007","name":"서울특별시 동작구 노량진동","address":"서울특별시 동작구 노량진동","useName":"단독주택","floors":2.0,"height":7.4,"heightSource":"estimated","heightRaw":0.0,"sourceDate":"2026-09-09"},"geometry":{"type":"Polygon","coordinates":[[[126.93730181,37.51110231],[126.9372537,37.5111538],[126.93728302,37.51117184],[126.93727205,37.51118479],[126.93733283,37.51121889],[126.93739439,37.51115613],[126.93730181,37.51110231]]]}},{"type":"Feature","id":"seoul-building-529247","properties":{"id":"seoul-building-529247","sourceId":"1987194287034454238900000000","pnu":"1159010100102830010","name":"서울특별시 동작구 노량진동","address":"서울특별시 동작구 노량진동","useName":"단독주택","floors":2.0,"height":7.4,"heightSource":"estimated","heightRaw":0.0,"sourceDate":"2026-09-09"},"geometry":{"type":"Polygon","coordinates":[[[126.93611538,37.51095581],[126.93609779,37.51106054],[126.93623688,37.51107526],[126.93625126,37.51099024],[126.9361804,37.5109826],[126.93618482,37.51096261],[126.93611538,37.51095581]]]}},{"type":"Feature","id":"seoul-building-529249","properties":{"id":"seoul-building-529249","sourceId":"1990194379714455437300000000","pnu":"1159010100102580011","name":"서울특별시 동작구 노량진동","address":"서울특별시 동작구 노량진동","useName":"단독주택","floors":3.0,"height":10.6,"heightSource":"estimated","heightRaw":0.0,"sourceDate":"2026-09-09"},"geometry":{"type":"Polygon","coordinates":[[[126.93725084,37.51205002],[126.93715379,37.51207249],[126.93717442,37.51212854],[126.93718113,37.51212713],[126.93718942,37.51214994],[126.93722707,37.51214208],[126.93722619,37.51213926],[126.93728487,37.51212662],[126.93726901,37.51207959],[126.93726176,37.51208241],[126.93725084,37.51205002]]]}},{"type":"Feature","id":"seoul-building-529299","properties":{"id":"seoul-building-529299","sourceId":"1993194248844456508700000000","pnu":"1159010100100280007","name":"서울특별시 동작구 노량진동","address":"서울특별시 동작구 노량진동","useName":"제2종근린생활시설","floors":5.0,"height":12.2,"heightSource":"measured","heightRaw":12.2,"sourceDate":"2026-09-09"},"geometry":{"type":"Polygon","coordinates":[[[126.93567461,37.51303352],[126.93566909,37.51308814],[126.93580375,37.51309497],[126.93580451,37.51304007],[126.93567461,37.51303352]]]}},{"type":"Feature","id":"seoul-building-529378","properties":{"id":"seoul-building-529378","sourceId":"1993193970674453444700000000","pnu":"1159010800100320023","name":"서울특별시 동작구 대방동","address":"서울특별시 동작구 대방동","useName":"제1종근린생활시설","floors":4.0,"height":13.8,"heightSource":"estimated","heightRaw":0.0,"sourceDate":"2026-09-09"},"geometry":{"type":"Polygon","coordinates":[[[126.9326244,37.51024236],[126.93258321,37.51025164],[126.93257985,37.51025135],[126.93257403,37.51025134],[126.93256907,37.51025191],[126.93256624,37.51025444],[126.93256465,37.51025754],[126.93256447,37.51026092],[126.93255935,37.51026401],[126.93255652,37.51026372],[126.93255175,37.51026204],[126.93254644,37.51026203],[126.93254097,37.51026316],[126.93253548,37.51026653],[126.93253018,37.51027019],[126.9325277,37.51027751],[126.93254906,37.51032256],[126.93254162,37.5103251],[126.93255786,37.510362],[126.9326671,37.51033193],[126.9326244,37.51024236]]]}},{"type":"Feature","id":"seoul-building-529405","properties":{"id":"seoul-building-529405","sourceId":"2001194221104455271200000000","pnu":"1159010100102720025","name":"서울특별시 동작구 노량진동","address":"서울특별시 동작구 노량진동","useName":"공동주택","floors":4.0,"height":11.1,"heightSource":"measured","heightRaw":11.1,"sourceDate":"2026-09-09"},"geometry":{"type":"Polygon","coordinates":[[[126.93546846,37.51188885],[126.9353451,37.5118961],[126.93533743,37.51198704],[126.93546713,37.51201076],[126.93550813,37.51200853],[126.93550149,37.51190519],[126.93546951,37.5119032],[126.93546846,37.51188885]]]}},{"type":"Feature","id":"seoul-building-529450","properties":{"id":"seoul-building-529450","sourceId":"1970193948674454632100000000","pnu":"1159010800100230130","name":"서울특별시 동작구 대방동","address":"서울특별시 동작구 대방동","useName":"단독주택","floors":2.0,"height":7.4,"heightSource":"estimated","heightRaw":0.0,"sourceDate":"2026-09-09"},"geometry":{"type":"Polygon","coordinates":[[[126.93236222,37.51133045],[126.93236168,37.51133835],[126.93230867,37.51133042],[126.932306,37.51134648],[126.93227385,37.51134336],[126.93226248,37.51140079],[126.93238689,37.51141831],[126.9323954,37.51138735],[126.93241802,37.51137638],[126.93243078,37.51133894],[126.93236222,37.51133045]]]}},{"type":"Feature","id":"seoul-building-529462","properties":{"id":"seoul-building-529462","sourceId":"0000193855484456111400000000","pnu":"1159010800105020000","name":"서울특별시 동작구 대방동","address":"서울특별시 동작구 대방동","useName":"","floors":0.0,"height":0,"heightSource":"unknown","heightRaw":0.0,"sourceDate":"2026-09-09"},"geometry":{"type":"Polygon","coordinates":[[[126.93136905,37.51263718],[126.93120805,37.51263906],[126.93120863,37.51276943],[126.93136962,37.5127698],[126.93136905,37.51263718]]]}},{"type":"Feature","id":"seoul-building-529531","properties":{"id":"seoul-building-529531","sourceId":"1986194056544454572800000000","pnu":"1159010800100440149","name":"서울특별시 동작구 대방동","address":"서울특별시 동작구 대방동","useName":"단독주택","floors":2.0,"height":7.4,"heightSource":"estimated","heightRaw":0.0,"sourceDate":"2026-09-09"},"geometry":{"type":"Polygon","coordinates":[[[126.93362855,37.51125797],[126.93353327,37.51128297],[126.93353503,37.51128663],[126.93346733,37.51130434],[126.93349749,37.51137727],[126.93365905,37.51133851],[126.93362855,37.51125797]]]}},{"type":"Feature","id":"seoul-building-529540","properties":{"id":"seoul-building-529540","sourceId":"1994194510244453628400000000","pnu":"1159010100102480090","name":"서울특별시 동작구 노량진동","address":"서울특별시 동작구 노량진동","useName":"단독주택","floors":2.0,"height":6.5,"heightSource":"measured","heightRaw":6.5,"sourceDate":"2026-09-09"},"geometry":{"type":"Polygon","coordinates":[[[126.93866018,37.51041431],[126.93861718,37.51047904],[126.93873467,37.5105281],[126.93877501,37.51046082],[126.93866018,37.51041431]]]}},{"type":"Feature","id":"seoul-building-529550","properties":{"id":"seoul-building-529550","sourceId":"0000193855734454697800000000","pnu":"1159010800105060000","name":"서울특별시 동작구 대방동","address":"서울특별시 동작구 대방동","useName":"","floors":0.0,"height":0,"heightSource":"unknown","heightRaw":0.0,"sourceDate":"2026-09-09"},"geometry":{"type":"Polygon","coordinates":[[[126.93126926,37.51141175],[126.93126922,37.51144809],[126.93131676,37.51144782],[126.93131821,37.51141348],[126.93126926,37.51141175]]]}},{"type":"Feature","id":"seoul-building-529560","properties":{"id":"seoul-building-529560","sourceId":"0000193763904456056300000000","pnu":"1159010800105020000","name":"서울특별시 동작구 대방동","address":"서울특별시 동작구 대방동","useName":"","floors":0.0,"height":0,"heightSource":"unknown","heightRaw":0.0,"sourceDate":"2026-09-09"},"geometry":{"type":"Polygon","coordinates":[[[126.93027808,37.51263176],[126.93022718,37.5126337],[126.93022661,37.51267368],[126.93028034,37.51267428],[126.93027808,37.51263176]]]}},{"type":"Feature","id":"seoul-building-529565","properties":{"id":"seoul-building-529565","sourceId":"1967194397514454081300000000","pnu":"1159010100102510010","name":"서울특별시 동작구 노량진동","address":"서울특별시 동작구 노량진동","useName":"단독주택","floors":1.0,"height":4.2,"heightSource":"estimated","heightRaw":0.0,"sourceDate":"2026-09-09"},"geometry":{"type":"Polygon","coordinates":[[[126.93743088,37.51083207],[126.93735677,37.51090072],[126.93739439,37.51092215],[126.93742322,37.51089625],[126.93743788,37.51090809],[126.93748458,37.51086476],[126.93743088,37.51083207]]]}},{"type":"Feature","id":"seoul-building-529570","properties":{"id":"seoul-building-529570","sourceId":"1995194098454454274300000000","pnu":"1159010800100450030","name":"서울특별시 동작구 대방동","address":"서울특별시 동작구 대방동","useName":"단독주택","floors":2.0,"height":7.6,"heightSource":"measured","heightRaw":7.6,"sourceDate":"2026-09-09"},"geometry":{"type":"Polygon","coordinates":[[[126.93399583,37.51101884],[126.93398007,37.51105685],[126.93408679,37.51108056],[126.93409565,37.51104452],[126.93399583,37.51101884]]]}},{"type":"Feature","id":"seoul-building-529586","properties":{"id":"seoul-building-529586","sourceId":"1974194353984454333500000000","pnu":"1159010100102820028","name":"서울특별시 동작구 노량진동","address":"서울특별시 동작구 노량진동","useName":"단독주택","floors":1.0,"height":4.2,"heightSource":"estimated","heightRaw":0.0,"sourceDate":"2026-09-09"},"geometry":{"type":"Polygon","coordinates":[[[126.93697598,37.51104497],[126.93690864,37.51105056],[126.93691109,37.51107337],[126.93687398,37.51107617],[126.93687467,37.51108293],[126.93685754,37.51108404],[126.9368651,37.51113106],[126.93687305,37.51113079],[126.9368785,37.5111581],[126.93699303,37.51114718],[126.93697598,37.51104497]]]}},{"type":"Feature","id":"seoul-building-529601","properties":{"id":"seoul-building-529601","sourceId":"1986194241614454913900000000","pnu":"1159010100102740004","name":"서울특별시 동작구 노량진동","address":"서울특별시 동작구 노량진동","useName":"단독주택","floors":2.0,"height":7.4,"heightSource":"estimated","heightRaw":0.0,"sourceDate":"2026-09-09"},"geometry":{"type":"Polygon","coordinates":[[[126.93570255,37.511577],[126.93564528,37.511584],[126.93563591,37.51158766],[126.93559964,37.51162707],[126.93558887,37.51162735],[126.93558601,37.51166084],[126.93565635,37.51166342],[126.93565563,37.51167101],[126.93570776,37.51166908],[126.93570943,37.51157784],[126.93570255,37.511577]]]}},{"type":"Feature","id":"seoul-building-529635","properties":{"id":"seoul-building-529635","sourceId":"1961194198794453263000000000","pnu":"1159010100102940180","name":"서울특별시 동작구 노량진동","address":"서울특별시 동작구 노량진동","useName":"단독주택","floors":1.0,"height":4.2,"heightSource":"estimated","heightRaw":0.0,"sourceDate":"2026-09-09"},"geometry":{"type":"Polygon","coordinates":[[[126.93514836,37.51009398],[126.93510345,37.51013563],[126.9352096,37.51018862],[126.93523278,37.51015907],[126.93522766,37.51015513],[126.93523527,37.51014387],[126.93520859,37.51012809],[126.93521409,37.51012077],[126.93514836,37.51009398]]]}},{"type":"Feature","id":"seoul-building-529648","properties":{"id":"seoul-building-529648","sourceId":"1992194600464456624500000000","pnu":"1159010100100440016","name":"서울특별시 동작구 노량진동","address":"서울특별시 동작구 노량진동","useName":"제2종근린생활시설","floors":3.0,"height":10.6,"heightSource":"estimated","heightRaw":0.0,"sourceDate":"2026-09-09"},"geometry":{"type":"Polygon","coordinates":[[[126.93966643,37.51310375],[126.93963849,37.51313077],[126.93963986,37.51317441],[126.93974797,37.51323501],[126.93976565,37.51321728],[126.93978387,37.51321335],[126.93981146,37.51318155],[126.93966643,37.51310375]]]}},{"type":"Feature","id":"seoul-building-529712","properties":{"id":"seoul-building-529712","sourceId":"1971194224134454175200000000","pnu":"1159010100102740031","name":"서울특별시 동작구 노량진동","address":"서울특별시 동작구 노량진동","useName":"단독주택","floors":1.0,"height":4.5,"heightSource":"measured","heightRaw":4.5,"sourceDate":"2026-09-09"},"geometry":{"type":"Polygon","coordinates":[[[126.93542477,37.51090673],[126.93539096,37.51097992],[126.93550846,37.51101067],[126.93553006,37.51095859],[126.93550886,37.51095295],[126.93551381,37.51094338],[126.93546434,37.51092871],[126.93546824,37.51091914],[126.93542477,37.51090673]]]}},{"type":"Feature","id":"seoul-building-529907","properties":{"id":"seoul-building-529907","sourceId":"1994194030974453933800000000","pnu":"1159010800100440214","name":"서울특별시 동작구 대방동","address":"서울특별시 동작구 대방동","useName":"단독주택","floors":2.0,"height":7.4,"heightSource":"measured","heightRaw":7.4,"sourceDate":"2026-09-09"},"geometry":{"type":"Polygon","coordinates":[[[126.93333959,37.51066568],[126.93317461,37.51077201],[126.93322176,37.5108154],[126.93330045,37.51076448],[126.93330362,37.51076787],[126.9333535,37.51073524],[126.93335068,37.51072848],[126.9333599,37.51068906],[126.93333959,37.51066568]]]}},{"type":"Feature","id":"seoul-building-529938","properties":{"id":"seoul-building-529938","sourceId":"0000193935944454605400000000","pnu":"1159010800100230025","name":"서울특별시 동작구 대방동","address":"서울특별시 동작구 대방동","useName":"","floors":0.0,"height":0,"heightSource":"unknown","heightRaw":0.0,"sourceDate":"2026-09-09"},"geometry":{"type":"Polygon","coordinates":[[[126.93215353,37.51130106],[126.93213825,37.51138805],[126.93220699,37.51139147],[126.93224551,37.51139572],[126.93226362,37.51131125],[126.93223147,37.51130419],[126.93215353,37.51130106]]]}},{"type":"Feature","id":"seoul-building-529992","properties":{"id":"seoul-building-529992","sourceId":"1993194378444455071700000000","pnu":"1159010100102560033","name":"서울특별시 동작구 노량진동","address":"서울특별시 동작구 노량진동","useName":"단독주택","floors":2.0,"height":7.8,"heightSource":"measured","heightRaw":7.8,"sourceDate":"2026-09-09"},"geometry":{"type":"Polygon","coordinates":[[[126.93718907,37.51171351],[126.93718271,37.51172561],[126.93716257,37.51171913],[126.93712362,37.51178951],[126.93723865,37.51183123],[126.93728537,37.5117496],[126.93718907,37.51171351]]]}},{"type":"Feature","id":"seoul-building-529993","properties":{"id":"seoul-building-529993","sourceId":"1966194388124454173800000000","pnu":"1159010100102520011","name":"서울특별시 동작구 노량진동","address":"서울특별시 동작구 노량진동","useName":"단독주택","floors":1.0,"height":4.2,"heightSource":"estimated","heightRaw":0.0,"sourceDate":"2026-09-09"},"geometry":{"type":"Polygon","coordinates":[[[126.93730694,37.51090296],[126.93728978,37.51091111],[126.9372376,37.51096599],[126.93733741,37.51102152],[126.93738782,37.5109655],[126.93736203,37.5109514],[126.93737052,37.51094212],[126.93730694,37.51090296]]]}},{"type":"Feature","id":"seoul-building-530009","properties":{"id":"seoul-building-530009","sourceId":"1991194547374454690000000000","pnu":"1159010100102460002","name":"서울특별시 동작구 노량진동","address":"서울특별시 동작구 노량진동","useName":"단독주택","floors":2.0,"height":7.4,"heightSource":"estimated","heightRaw":0.0,"sourceDate":"2026-09-09"},"geometry":{"type":"Polygon","coordinates":[[[126.93906199,37.51137352],[126.93903313,37.51144277],[126.93917059,37.51148198],[126.93919804,37.5114116],[126.93906199,37.51137352]]]}},{"type":"Feature","id":"seoul-building-530013","properties":{"id":"seoul-building-530013","sourceId":"1990194377614453922500000000","pnu":"1159010100102500013","name":"서울특별시 동작구 노량진동","address":"서울특별시 동작구 노량진동","useName":"단독주택","floors":2.0,"height":7.4,"heightSource":"estimated","heightRaw":0.0,"sourceDate":"2026-09-09"},"geometry":{"type":"Polygon","coordinates":[[[126.9372624,37.5106895],[126.93718465,37.51069115],[126.93718464,37.51069847],[126.93712278,37.51069985],[126.93712766,37.51077701],[126.9372664,37.5107751],[126.9372624,37.5106895]]]}},{"type":"Feature","id":"seoul-building-530044","properties":{"id":"seoul-building-530044","sourceId":"1995194050514453611500000000","pnu":"1159010800100440279","name":"서울특별시 동작구 대방동","address":"서울특별시 동작구 대방동","useName":"공동주택","floors":4.0,"height":12.2,"heightSource":"measured","heightRaw":12.2,"sourceDate":"2026-09-09"},"geometry":{"type":"Polygon","coordinates":[[[126.93351253,37.51035155],[126.9333984,37.51051648],[126.93348197,37.51055482],[126.9335961,37.51038651],[126.93351253,37.51035155]]]}},{"type":"Feature","id":"seoul-building-530111","properties":{"id":"seoul-building-530111","sourceId":"1991194512774454565800000000","pnu":"1159010100102460062","name":"서울특별시 동작구 노량진동","address":"서울특별시 동작구 노량진동","useName":"단독주택","floors":2.0,"height":7.4,"heightSource":"estimated","heightRaw":0.0,"sourceDate":"2026-09-09"},"geometry":{"type":"Polygon","coordinates":[[[126.93868494,37.51127028],[126.93865962,37.51132967],[126.93876475,37.51136042],[126.93878972,37.5113013],[126.93868494,37.51127028]]]}},{"type":"Feature","id":"seoul-building-530120","properties":{"id":"seoul-building-530120","sourceId":"1986194365264454926800000000","pnu":"1159010100102560024","name":"서울특별시 동작구 노량진동","address":"서울특별시 동작구 노량진동","useName":"단독주택","floors":2.0,"height":7.4,"heightSource":"estimated","heightRaw":0.0,"sourceDate":"2026-09-09"},"geometry":{"type":"Polygon","coordinates":[[[126.93701654,37.51157489],[126.93698852,37.51168075],[126.93710161,37.51170023],[126.93712112,37.51162394],[126.93711192,37.51162196],[126.9371176,37.51160225],[126.93707466,37.51159463],[126.93707661,37.5115845],[126.93701654,37.51157489]]]}},{"type":"Feature","id":"seoul-building-530128","properties":{"id":"seoul-building-530128","sourceId":"1982194221864453676100000000","pnu":"1159010100102730019","name":"서울특별시 동작구 노량진동","address":"서울특별시 동작구 노량진동","useName":"단독주택","floors":2.0,"height":7.4,"heightSource":"estimated","heightRaw":0.0,"sourceDate":"2026-09-09"},"geometry":{"type":"Polygon","coordinates":[[[126.93538205,37.51044888],[126.93534592,37.51053502],[126.93545741,37.51056859],[126.93546041,37.51056042],[126.93549363,37.51056889],[126.93552638,37.51049739],[126.93549512,37.51048808],[126.93549849,37.51048048],[126.93538205,37.51044888]]]}},{"type":"Feature","id":"seoul-building-530137","properties":{"id":"seoul-building-530137","sourceId":"0000193778584456193200000000","pnu":"1159010800105020000","name":"서울특별시 동작구 대방동","address":"서울특별시 동작구 대방동","useName":"","floors":0.0,"height":0,"heightSource":"unknown","heightRaw":0.0,"sourceDate":"2026-09-09"},"geometry":{"type":"Polygon","coordinates":[[[126.93039018,37.512765],[126.93038945,37.51278837],[126.93044848,37.51278898],[126.93044885,37.51276561],[126.93039018,37.512765]]]}},{"type":"Feature","id":"seoul-building-530158","properties":{"id":"seoul-building-530158","sourceId":"1990194435374454269100000000","pnu":"1159010100102490022","name":"서울특별시 동작구 노량진동","address":"서울특별시 동작구 노량진동","useName":"단독주택","floors":2.0,"height":7.4,"heightSource":"estimated","heightRaw":0.0,"sourceDate":"2026-09-09"},"geometry":{"type":"Polygon","coordinates":[[[126.93791585,37.51100633],[126.937775,37.51100738],[126.93777602,37.51105976],[126.93779952,37.51106033],[126.93780038,37.51109299],[126.93788928,37.51109361],[126.93788945,37.51108881],[126.93791455,37.51108883],[126.93791599,37.51105617],[126.93791722,37.51105617],[126.93791585,37.51100633]]]}},{"type":"Feature","id":"seoul-building-530196","properties":{"id":"seoul-building-530196","sourceId":"1985194587914454488000000000","pnu":"1159010100102400067","name":"서울특별시 동작구 노량진동","address":"서울특별시 동작구 노량진동","useName":"단독주택","floors":1.0,"height":4.2,"heightSource":"estimated","heightRaw":0.0,"sourceDate":"2026-09-09"},"geometry":{"type":"Polygon","coordinates":[[[126.9396082,37.51122232],[126.93952972,37.51123833],[126.93953536,37.51126678],[126.93961984,37.51125611],[126.9396082,37.51122232]]]}},{"type":"Feature","id":"seoul-building-530229","properties":{"id":"seoul-building-530229","sourceId":"1985194247124455413500000000","pnu":"1159010100102710016","name":"서울특별시 동작구 노량진동","address":"서울특별시 동작구 노량진동","useName":"단독주택","floors":2.0,"height":7.4,"heightSource":"estimated","heightRaw":0.0,"sourceDate":"2026-09-09"},"geometry":{"type":"Polygon","coordinates":[[[126.93574883,37.51201908],[126.93566521,37.51204015],[126.93566977,37.51207873],[126.93570471,37.51213703],[126.93577224,37.51211877],[126.93574883,37.51201908]]]}},{"type":"Feature","id":"seoul-building-530239","properties":{"id":"seoul-building-530239","sourceId":"1971194261294455171900000000","pnu":"1159010100102750005","name":"서울특별시 동작구 노량진동","address":"서울특별시 동작구 노량진동","useName":"단독주택","floors":2.0,"height":7.4,"heightSource":"estimated","heightRaw":0.0,"sourceDate":"2026-09-09"},"geometry":{"type":"Polygon","coordinates":[[[126.9359201,37.51178913],[126.93581333,37.51182004],[126.93583054,37.51193269],[126.93584238,37.5119341],[126.93595819,37.5118832],[126.9359201,37.51178913]]]}},{"type":"Feature","id":"seoul-building-530339","properties":{"id":"seoul-building-530339","sourceId":"1993193942804453975000000000","pnu":"1159010800100230107","name":"서울특별시 동작구 대방동","address":"서울특별시 동작구 대방동","useName":"단독주택","floors":6.0,"height":15.0,"heightSource":"measured","heightRaw":15.0,"sourceDate":"2026-09-09"},"geometry":{"type":"Polygon","coordinates":[[[126.93222085,37.51073009],[126.93222066,37.51073741],[126.93221961,37.51073881],[126.93221748,37.51074219],[126.9322173,37.51074641],[126.93221872,37.51074979],[126.9322203,37.51075036],[126.93221793,37.51082806],[126.93233421,37.51082982],[126.93233531,37.51079096],[126.93234115,37.510789],[126.93234257,37.5107859],[126.93234274,37.51078167],[126.9323431,37.51077773],[126.93234222,37.51077266],[126.93234063,37.51077013],[126.93233798,37.51076928],[126.93233908,37.51073127],[126.93222085,37.51073009]]]}},{"type":"Feature","id":"seoul-building-530369","properties":{"id":"seoul-building-530369","sourceId":"1989194491344454871100000000","pnu":"1159010100102440034","name":"서울특별시 동작구 노량진동","address":"서울특별시 동작구 노량진동","useName":"단독주택","floors":2.0,"height":7.4,"heightSource":"estimated","heightRaw":0.0,"sourceDate":"2026-09-09"},"geometry":{"type":"Polygon","coordinates":[[[126.93844506,37.51153819],[126.93842843,37.51157986],[126.93842294,37.51157901],[126.93840967,37.5116128],[126.93851886,37.51164354],[126.93855339,37.51156528],[126.93844506,37.51153819]]]}},{"type":"Feature","id":"seoul-building-530420","properties":{"id":"seoul-building-530420","sourceId":"1976194608544453697400000000","pnu":"1159010100102350019","name":"서울특별시 동작구 노량진동","address":"서울특별시 동작구 노량진동","useName":"단독주택","floors":2.0,"height":7.4,"heightSource":"estimated","heightRaw":0.0,"sourceDate":"2026-09-09"},"geometry":{"type":"Polygon","coordinates":[[[126.93976433,37.51047204],[126.93976237,37.51049456],[126.93975653,37.51049456],[126.93974692,37.51058493],[126.93985877,37.51059344],[126.93987053,37.51049236],[126.93984632,37.51048925],[126.93984792,37.51047601],[126.93976433,37.51047204]]]}},{"type":"Feature","id":"seoul-building-530487","properties":{"id":"seoul-building-530487","sourceId":"1987194146464453675600000000","pnu":"1159010800100440174","name":"서울특별시 동작구 대방동","address":"서울특별시 동작구 대방동","useName":"단독주택","floors":2.0,"height":7.4,"heightSource":"estimated","heightRaw":0.0,"sourceDate":"2026-09-09"},"geometry":{"type":"Polygon","coordinates":[[[126.93456646,37.51044647],[126.93450735,37.51053512],[126.93460557,37.51057431],[126.93463919,37.51052055],[126.9346309,37.51051746],[126.93464984,37.51048142],[126.93456646,37.51044647]]]}},{"type":"Feature","id":"seoul-building-530509","properties":{"id":"seoul-building-530509","sourceId":"1989194587264454371600000000","pnu":"1159010100102400041","name":"서울특별시 동작구 노량진동","address":"서울특별시 동작구 노량진동","useName":"단독주택","floors":2.0,"height":7.4,"heightSource":"estimated","heightRaw":0.0,"sourceDate":"2026-09-09"},"geometry":{"type":"Polygon","coordinates":[[[126.93959841,37.51109758],[126.93956748,37.51110601],[126.93956466,37.51109813],[126.93950756,37.51111584],[126.93952396,37.51115668],[126.93953103,37.51115443],[126.93954602,37.51118879],[126.93962521,37.51116714],[126.93959841,37.51109758]]]}},{"type":"Feature","id":"seoul-building-530560","properties":{"id":"seoul-building-530560","sourceId":"1970193959374454526700000000","pnu":"1159010800100230125","name":"서울특별시 동작구 대방동","address":"서울특별시 동작구 대방동","useName":"단독주택","floors":2.0,"height":7.4,"heightSource":"estimated","heightRaw":0.0,"sourceDate":"2026-09-09"},"geometry":{"type":"Polygon","coordinates":[[[126.93242152,37.51122266],[126.93240447,37.51130683],[126.93244707,37.51131108],[126.93244599,37.51132234],[126.93251739,37.5113283],[126.93252732,37.5112886],[126.93250823,37.51128606],[126.9325134,37.51123538],[126.93242152,37.51122266]]]}},{"type":"Feature","id":"seoul-building-530579","properties":{"id":"seoul-building-530579","sourceId":"1965194460874454877700000000","pnu":"1159010100102540011","name":"서울특별시 동작구 노량진동","address":"서울특별시 동작구 노량진동","useName":"단독주택","floors":2.0,"height":7.4,"heightSource":"estimated","heightRaw":0.0,"sourceDate":"2026-09-09"},"geometry":{"type":"Polygon","coordinates":[[[126.93819234,37.5115499],[126.93807816,37.51156278],[126.9380808,37.51157743],[126.93805747,37.51158079],[126.93806838,37.51164162],[126.93821154,37.51162565],[126.93821136,37.51162002],[126.93821632,37.51161861],[126.93820241,37.51155215],[126.93819251,37.51155214],[126.93819234,37.5115499]]]}},{"type":"Feature","id":"seoul-building-530599","properties":{"id":"seoul-building-530599","sourceId":"1982194234164453237800000000","pnu":"1159010100102940171","name":"서울특별시 동작구 노량진동","address":"서울특별시 동작구 노량진동","useName":"단독주택","floors":2.0,"height":7.4,"heightSource":"estimated","heightRaw":0.0,"sourceDate":"2026-09-09"},"geometry":{"type":"Polygon","coordinates":[[[126.93555028,37.51004634],[126.93550798,37.51011332],[126.93551152,37.51011445],[126.93549984,37.51013556],[126.93552422,37.51014599],[126.93551837,37.51015867],[126.93559699,37.51018742],[126.9356561,37.51009032],[126.93558666,37.51006748],[126.93558986,37.51006128],[126.93555028,37.51004634]]]}},{"type":"Feature","id":"seoul-building-530630","properties":{"id":"seoul-building-530630","sourceId":"1987194460344456128700000000","pnu":"1159010100100390021","name":"서울특별시 동작구 노량진동","address":"서울특별시 동작구 노량진동","useName":"단독주택","floors":3.0,"height":9.4,"heightSource":"measured","heightRaw":9.4,"sourceDate":"2026-09-09"},"geometry":{"type":"Polygon","coordinates":[[[126.93818558,37.51267586],[126.93808236,37.51267806],[126.93808307,37.51269017],[126.9380737,37.51269044],[126.93807398,37.51276928],[126.93818638,37.51276793],[126.93818558,37.51267586]]]}},{"type":"Feature","id":"seoul-building-530686","properties":{"id":"seoul-building-530686","sourceId":"1989194266804453314100000000","pnu":"1159010100102940175","name":"서울특별시 동작구 노량진동","address":"서울특별시 동작구 노량진동","useName":"단독주택","floors":2.0,"height":7.4,"heightSource":"estimated","heightRaw":0.0,"sourceDate":"2026-09-09"},"geometry":{"type":"Polygon","coordinates":[[[126.93589465,37.51014001],[126.93588842,37.51019406],[126.93589089,37.51019434],[126.93588892,37.5102225],[126.93599954,37.51022904],[126.93600169,37.51019243],[126.93599976,37.51019215],[126.93599818,37.51016878],[126.93598777,37.51015216],[126.93595013,37.51014792],[126.93595049,37.51014172],[126.93589465,37.51014001]]]}},{"type":"Feature","id":"seoul-building-530712","properties":{"id":"seoul-building-530712","sourceId":"1985194212924456320000000000","pnu":"1159010100102670013","name":"서울특별시 동작구 노량진동","address":"서울특별시 동작구 노량진동","useName":"단독주택","floors":4.0,"height":13.8,"heightSource":"estimated","heightRaw":0.0,"sourceDate":"2026-09-09"},"geometry":{"type":"Polygon","coordinates":[[[126.93538493,37.51283316],[126.93522477,37.51288798],[126.93524578,37.51292403],[126.93526769,37.51291673],[126.93528975,37.51295447],[126.93543029,37.51290584],[126.93541,37.51286894],[126.93538493,37.51283316]]]}},{"type":"Feature","id":"seoul-building-530739","properties":{"id":"seoul-building-530739","sourceId":"1991194565534454150400000000","pnu":"1159010100102420014","name":"서울특별시 동작구 노량진동","address":"서울특별시 동작구 노량진동","useName":"단독주택","floors":2.0,"height":7.4,"heightSource":"estimated","heightRaw":0.0,"sourceDate":"2026-09-09"},"geometry":{"type":"Polygon","coordinates":[[[126.9393637,37.51088658],[126.93924227,37.51091298],[126.93928321,37.51100001],[126.939402,37.51096487],[126.9393637,37.51088658]]]}},{"type":"Feature","id":"seoul-building-530749","properties":{"id":"seoul-building-530749","sourceId":"1985193941164454266000000000","pnu":"1159010800100230112","name":"서울특별시 동작구 대방동","address":"서울특별시 동작구 대방동","useName":"제1종근린생활시설","floors":3.0,"height":10.6,"heightSource":"estimated","heightRaw":0.0,"sourceDate":"2026-09-09"},"geometry":{"type":"Polygon","coordinates":[[[126.93220027,37.5110122],[126.93219955,37.5110336],[126.93220874,37.51103417],[126.93220906,37.51106879],[126.93231084,37.51107533],[126.93231585,37.5110148],[126.93220028,37.51101079],[126.93220027,37.5110122]]]}},{"type":"Feature","id":"seoul-building-530840","properties":{"id":"seoul-building-530840","sourceId":"1993193753534454236500000000","pnu":"1159010800105030000","name":"대방주공영구임대아파트","address":"서울특별시 동작구 대방동","useName":"공동주택","floors":15.0,"height":41.3,"heightSource":"measured","heightRaw":41.3,"sourceDate":"2026-09-09"},"geometry":{"type":"Polygon","coordinates":[[[126.93006024,37.51103375],[126.93010846,37.51107236],[126.930115,37.51106757],[126.93019412,37.51112676],[126.9301904,37.51113379],[126.93019851,37.51114336],[126.93020736,37.51113915],[126.93025593,37.51117803],[126.93026122,37.51117804],[126.93035372,37.51110517],[126.9300143,37.51084677],[126.92999997,37.51085859],[126.92992657,37.5109188],[126.92992657,37.51092162],[126.92997354,37.51096078],[126.92996982,37.5109664],[126.92998024,37.51097881],[126.92999032,37.51097289],[126.93000003,37.51098023],[126.93006502,37.51102982],[126.93006024,37.51103375]]]}},{"type":"Feature","id":"seoul-building-530853","properties":{"id":"seoul-building-530853","sourceId":"1990194310874455382600000000","pnu":"1159010100102760003","name":"서울특별시 동작구 노량진동","address":"서울특별시 동작구 노량진동","useName":"단독주택","floors":2.0,"height":7.4,"heightSource":"estimated","heightRaw":0.0,"sourceDate":"2026-09-09"},"geometry":{"type":"Polygon","coordinates":[[[126.93644373,37.51200538],[126.93644391,37.51201102],[126.93638188,37.51201126],[126.93638145,37.51209235],[126.93649192,37.51209156],[126.93649918,37.51207214],[126.93649711,37.51200569],[126.93644373,37.51200538]]]}},{"type":"Feature","id":"seoul-building-530859","properties":{"id":"seoul-building-530859","sourceId":"0000194285224455368800000000","pnu":"1159010100102760016","name":"서울특별시 동작구 노량진동","address":"서울특별시 동작구 노량진동","useName":"","floors":0.0,"height":0,"heightSource":"unknown","heightRaw":0.0,"sourceDate":"2026-09-09"},"geometry":{"type":"Polygon","coordinates":[[[126.93611005,37.51202209],[126.93610598,37.51203673],[126.93617577,37.51205564],[126.93618285,37.51204916],[126.93619505,37.51203368],[126.93611005,37.51202209]]]}},{"type":"Feature","id":"seoul-building-530877","properties":{"id":"seoul-building-530877","sourceId":"0000194534794456345900000000","pnu":"1159010100100460006","name":"서울특별시 동작구 노량진동","address":"서울특별시 동작구 노량진동","useName":"","floors":0.0,"height":0,"heightSource":"unknown","heightRaw":0.0,"sourceDate":"2026-09-09"},"geometry":{"type":"Polygon","coordinates":[[[126.9390395,37.51294971],[126.93901227,37.51295617],[126.93901192,37.51295532],[126.93897067,37.51283789],[126.93894116,37.51284351],[126.93893701,37.51292825],[126.93894987,37.51298063],[126.93904497,37.51296632],[126.9390395,37.51294971]]]}},{"type":"Feature","id":"seoul-building-530879","properties":{"id":"seoul-building-530879","sourceId":"1975194615564455011000000000","pnu":"1159010100102400064","name":"서울특별시 동작구 노량진동","address":"서울특별시 동작구 노량진동","useName":"제1종근린생활시설","floors":1.0,"height":4.2,"heightSource":"estimated","heightRaw":0.0,"sourceDate":"2026-09-09"},"geometry":{"type":"Polygon","coordinates":[[[126.93995881,37.51168426],[126.93982484,37.51169378],[126.93983275,37.51175938],[126.93988806,37.51175659],[126.9398865,37.51173491],[126.93996054,37.51172565],[126.93995881,37.51168426]]]}},{"type":"Feature","id":"seoul-building-530894","properties":{"id":"seoul-building-530894","sourceId":"1993194003624453960800000000","pnu":"1159010800100320072","name":"서울특별시 동작구 대방동","address":"서울특별시 동작구 대방동","useName":"단독주택","floors":3.0,"height":8.6,"heightSource":"measured","heightRaw":8.6,"sourceDate":"2026-09-09"},"geometry":{"type":"Polygon","coordinates":[[[126.9329398,37.51071528],[126.93292034,37.51073105],[126.93289894,37.51074878],[126.93292048,37.51076484],[126.93299307,37.51081921],[126.93303393,37.51078516],[126.9329398,37.51071528]]]}},{"type":"Feature","id":"seoul-building-530902","properties":{"id":"seoul-building-530902","sourceId":"1974194355334455866900000000","pnu":"1159010100102590013","name":"서울특별시 동작구 노량진동","address":"서울특별시 동작구 노량진동","useName":"단독주택","floors":1.0,"height":3.0,"heightSource":"measured","heightRaw":3.0,"sourceDate":"2026-09-09"},"geometry":{"type":"Polygon","coordinates":[[[126.93694885,37.51240406],[126.93686995,37.5125068],[126.93697171,37.51255583],[126.93698993,37.51253191],[126.93699915,37.5124925],[126.93700322,37.51248884],[126.93695517,37.51246432],[126.93698506,37.51242294],[126.93694885,37.51240406]]]}},{"type":"Feature","id":"seoul-building-530917","properties":{"id":"seoul-building-530917","sourceId":"0000194561784453639700000000","pnu":"1159010100102480073","name":"서울특별시 동작구 노량진동","address":"서울특별시 동작구 노량진동","useName":"단독주택","floors":3.0,"height":10.6,"heightSource":"estimated","heightRaw":0.0,"sourceDate":"2026-09-09"},"geometry":{"type":"Polygon","coordinates":[[[126.93924904,37.51041264],[126.93919015,37.51046751],[126.93931062,37.51054951],[126.93936986,37.51049633],[126.93924904,37.51041264]]]}},{"type":"Feature","id":"seoul-building-530974","properties":{"id":"seoul-building-530974","sourceId":"1988194196924454296500000000","pnu":"1159010100102730027","name":"서울특별시 동작구 노량진동","address":"서울특별시 동작구 노량진동","useName":"단독주택","floors":2.0,"height":7.4,"heightSource":"estimated","heightRaw":0.0,"sourceDate":"2026-09-09"},"geometry":{"type":"Polygon","coordinates":[[[126.93512937,37.51101329],[126.93507681,37.51109097],[126.93517611,37.51112987],[126.93522654,37.51104825],[126.9351617,37.51102287],[126.93515905,37.51102625],[126.93512937,37.51101329]]]}},{"type":"Feature","id":"seoul-building-530987","properties":{"id":"seoul-building-530987","sourceId":"1997194476894453588000000000","pnu":"1159010100102490040","name":"서울특별시 동작구 노량진동","address":"서울특별시 동작구 노량진동","useName":"단독주택","floors":3.0,"height":9.5,"heightSource":"measured","heightRaw":9.5,"sourceDate":"2026-09-09"},"geometry":{"type":"Polygon","coordinates":[[[126.93827621,37.51035583],[126.93827219,37.51051125],[126.93836302,37.51051299],[126.93836722,37.51035699],[126.93827621,37.51035583]]]}},{"type":"Feature","id":"seoul-building-531053","properties":{"id":"seoul-building-531053","sourceId":"1991194311544455821600000000","pnu":"1159010100102610011","name":"서울특별시 동작구 노량진동","address":"서울특별시 동작구 노량진동","useName":"단독주택","floors":2.0,"height":7.4,"heightSource":"estimated","heightRaw":0.0,"sourceDate":"2026-09-09"},"geometry":{"type":"Polygon","coordinates":[[[126.93642946,37.51238182],[126.93637936,37.51247612],[126.93646964,37.51250686],[126.93651584,37.51242354],[126.93647804,37.51241028],[126.9364837,37.51239902],[126.93642946,37.51238182]]]}},{"type":"Feature","id":"seoul-building-531088","properties":{"id":"seoul-building-531088","sourceId":"1963194578054453525700000000","pnu":"1159010100102480076","name":"서울특별시 동작구 노량진동","address":"서울특별시 동작구 노량진동","useName":"제1종근린생활시설","floors":1.0,"height":4.2,"heightSource":"estimated","heightRaw":0.0,"sourceDate":"2026-09-09"},"geometry":{"type":"Polygon","coordinates":[[[126.93948292,37.51032689],[126.93940654,37.51037472],[126.93947064,37.51043247],[126.93950833,37.51038124],[126.93948292,37.51032689]]]}},{"type":"Feature","id":"seoul-building-531156","properties":{"id":"seoul-building-531156","sourceId":"0000193990674455130800000000","pnu":"1159010800100230166","name":"서울특별시 동작구 대방동","address":"서울특별시 동작구 대방동","useName":"","floors":0.0,"height":0,"heightSource":"unknown","heightRaw":0.0,"sourceDate":"2026-09-09"},"geometry":{"type":"Polygon","coordinates":[[[126.93287146,37.51183081],[126.93286018,37.51179448],[126.93279018,37.51180486],[126.93279212,37.51181668],[126.93276101,37.51182286],[126.93277,37.51184652],[126.93287146,37.51183081]]]}},{"type":"Feature","id":"seoul-building-531162","properties":{"id":"seoul-building-531162","sourceId":"1966194563494454980400000000","pnu":"1159010100102460081","name":"서울특별시 동작구 노량진동","address":"서울특별시 동작구 노량진동","useName":"단독주택","floors":2.0,"height":7.4,"heightSource":"estimated","heightRaw":0.0,"sourceDate":"2026-09-09"},"geometry":{"type":"Polygon","coordinates":[[[126.93926271,37.51164308],[126.93925239,37.51173233],[126.9393374,37.51173435],[126.9393403,37.51164481],[126.93926271,37.51164308]]]}},{"type":"Feature","id":"seoul-building-531179","properties":{"id":"seoul-building-531179","sourceId":"1988194575814453801000000000","pnu":"1159010100102410024","name":"서울특별시 동작구 노량진동","address":"서울특별시 동작구 노량진동","useName":"단독주택","floors":2.0,"height":7.4,"heightSource":"estimated","heightRaw":0.0,"sourceDate":"2026-09-09"},"geometry":{"type":"Polygon","coordinates":[[[126.93940586,37.51055773],[126.93940072,37.51056899],[126.9393903,37.51056504],[126.93937703,37.51058474],[126.93936696,37.5105808],[126.93933918,37.51062527],[126.93950931,37.51069884],[126.93953585,37.51065972],[126.93951093,37.51064845],[126.93951323,37.51064535],[126.93950282,37.51064027],[126.93950795,37.51063381],[126.93950017,37.51062873],[126.93950442,37.51062338],[126.93950247,37.51062057],[126.9394993,37.51061719],[126.93948234,37.51060676],[126.93946328,37.51058253],[126.93940586,37.51055773]]]}},{"type":"Feature","id":"seoul-building-531218","properties":{"id":"seoul-building-531218","sourceId":"1964194170074455608100000000","pnu":"1159010100102700002","name":"서울특별시 동작구 노량진동","address":"서울특별시 동작구 노량진동","useName":"제1종근린생활시설","floors":3.0,"height":10.6,"heightSource":"estimated","heightRaw":0.0,"sourceDate":"2026-09-09"},"geometry":{"type":"Polygon","coordinates":[[[126.93468511,37.51217786],[126.93468153,37.5122291],[126.93474439,37.51230741],[126.93500009,37.51233684],[126.93500221,37.51233712],[126.93500651,37.51226983],[126.93500015,37.51226955],[126.9349952,37.51226954],[126.93499664,37.51224223],[126.93496783,37.51224193],[126.93496912,37.51219407],[126.93488482,37.51219262],[126.93488553,37.51218333],[126.93468511,37.51217786]]]}},{"type":"Feature","id":"seoul-building-531220","properties":{"id":"seoul-building-531220","sourceId":"1989194455004454362700000000","pnu":"1159010100102530006","name":"서울특별시 동작구 노량진동","address":"서울특별시 동작구 노량진동","useName":"단독주택","floors":2.0,"height":7.4,"heightSource":"estimated","heightRaw":0.0,"sourceDate":"2026-09-09"},"geometry":{"type":"Polygon","coordinates":[[[126.93812274,37.51107964],[126.93805911,37.51109144],[126.93806017,37.51109623],[126.9380059,37.51110746],[126.93801348,37.5111328],[126.93799722,37.51113702],[126.93800832,37.51117982],[126.93805551,37.51117141],[126.93805604,37.51117478],[126.93811861,37.51116327],[126.93811808,37.51115933],[126.93814601,37.51115343],[126.93812274,37.51107964]]]}},{"type":"Feature","id":"seoul-building-531225","properties":{"id":"seoul-building-531225","sourceId":"0000194452354458504700000000","pnu":"1159010100100130008","name":"서울특별시 동작구 노량진동","address":"서울특별시 동작구 노량진동","useName":"","floors":0.0,"height":0,"heightSource":"unknown","heightRaw":0.0,"sourceDate":"2026-09-09"},"geometry":{"type":"Polygon","coordinates":[[[126.93809861,37.51484048],[126.93808429,37.51483822],[126.93798868,37.51482324],[126.93797327,37.51488631],[126.93808759,37.51490523],[126.93810338,37.51484133],[126.93809861,37.51484048]]]}},{"type":"Feature","id":"seoul-building-531226","properties":{"id":"seoul-building-531226","sourceId":"1994193989604455615300000000","pnu":"1159010800100230166","name":"서울특별시 동작구 대방동","address":"서울특별시 동작구 대방동","useName":"","floors":0.0,"height":0,"heightSource":"unknown","heightRaw":0.0,"sourceDate":"2026-09-09"},"geometry":{"type":"Polygon","coordinates":[[[126.9329525,37.51211608],[126.93292033,37.51212422],[126.93282947,37.51214754],[126.93283722,37.51217148],[126.93260294,37.51228678],[126.93269103,37.51239833],[126.93270112,37.5123913],[126.93292036,37.51228049],[126.93294211,37.51226952],[126.93299091,37.51224562],[126.93296038,37.51219182],[126.93295881,37.51216564],[126.9329525,37.51211608]]]}},{"type":"Feature","id":"seoul-building-531246","properties":{"id":"seoul-building-531246","sourceId":"1986194321774453132400000000","pnu":"1159010100102890023","name":"서울특별시 동작구 노량진동","address":"서울특별시 동작구 노량진동","useName":"제1종근린생활시설","floors":2.0,"height":7.4,"heightSource":"estimated","heightRaw":0.0,"sourceDate":"2026-09-09"},"geometry":{"type":"Polygon","coordinates":[[[126.93654973,37.50997706],[126.93653522,37.50999985],[126.93650566,37.51004686],[126.93659454,37.51006746],[126.93660623,37.51003593],[126.93660111,37.51003395],[126.93661351,37.50999989],[126.93661635,37.50999201],[126.93654973,37.50997706]]]}},{"type":"Feature","id":"seoul-building-531420","properties":{"id":"seoul-building-531420","sourceId":"1990194355434454909300000000","pnu":"1159010100102560021","name":"서울특별시 동작구 노량진동","address":"서울특별시 동작구 노량진동","useName":"단독주택","floors":2.0,"height":7.4,"heightSource":"estimated","heightRaw":0.0,"sourceDate":"2026-09-09"},"geometry":{"type":"Polygon","coordinates":[[[126.93691296,37.51157879],[126.93690517,37.51160891],[126.93689544,37.51160664],[126.93688286,37.51165338],[126.93698341,37.5116692],[126.9370022,37.5115901],[126.93696209,37.51158332],[126.93696139,37.51158642],[126.93691296,37.51157879]]]}},{"type":"Feature","id":"seoul-building-531438","properties":{"id":"seoul-building-531438","sourceId":"1991194501104454524700000000","pnu":"1159010100102460063","name":"서울특별시 동작구 노량진동","address":"서울특별시 동작구 노량진동","useName":"단독주택","floors":2.0,"height":7.4,"heightSource":"estimated","heightRaw":0.0,"sourceDate":"2026-09-09"},"geometry":{"type":"Polygon","coordinates":[[[126.93854323,37.51123022],[126.93851703,37.51128877],[126.93864654,37.51132601],[126.93866743,37.51127815],[126.9386457,37.51127053],[126.93864907,37.5112604],[126.93854323,37.51123022]]]}},{"type":"Feature","id":"seoul-building-531486","properties":{"id":"seoul-building-531486","sourceId":"0000194606584454523900000000","pnu":"1159010100102400032","name":"서울특별시 동작구 노량진동","address":"서울특별시 동작구 노량진동","useName":"","floors":0.0,"height":0,"heightSource":"unknown","heightRaw":0.0,"sourceDate":"2026-09-09"},"geometry":{"type":"Polygon","coordinates":[[[126.93981265,37.5112534],[126.93974637,37.51127054],[126.93976013,37.51130405],[126.93982588,37.51128437],[126.93981265,37.5112534]]]}},{"type":"Feature","id":"seoul-building-531494","properties":{"id":"seoul-building-531494","sourceId":"1994194566064454397100000000","pnu":"1159010100102420015","name":"서울특별시 동작구 노량진동","address":"서울특별시 동작구 노량진동","useName":"단독주택","floors":3.0,"height":7.8,"heightSource":"measured","heightRaw":7.8,"sourceDate":"2026-09-09"},"geometry":{"type":"Polygon","coordinates":[[[126.93937007,37.5111062],[126.93925888,37.51113092],[126.93928692,37.51122244],[126.93936469,37.51120756],[126.93936293,37.51119855],[126.93939173,37.51119293],[126.93938787,37.51117322],[126.93939299,37.51117181],[126.93937007,37.5111062]]]}},{"type":"Feature","id":"seoul-building-531501","properties":{"id":"seoul-building-531501","sourceId":"1959194228704453515400000000","pnu":"1159010100102860011","name":"서울특별시 동작구 노량진동","address":"서울특별시 동작구 노량진동","useName":"단독주택","floors":2.0,"height":7.4,"heightSource":"estimated","heightRaw":0.0,"sourceDate":"2026-09-09"},"geometry":{"type":"Polygon","coordinates":[[[126.93545393,37.51030871],[126.93541532,37.51038724],[126.93556975,37.51042927],[126.93560711,37.51034173],[126.93545393,37.51030871]]]}},{"type":"Feature","id":"seoul-building-531548","properties":{"id":"seoul-building-531548","sourceId":"1985194484564455882700000000","pnu":"1159010100100370007","name":"서울특별시 동작구 노량진동","address":"서울특별시 동작구 노량진동","useName":"제1종근린생활시설","floors":3.0,"height":10.6,"heightSource":"estimated","heightRaw":0.0,"sourceDate":"2026-09-09"},"geometry":{"type":"Polygon","coordinates":[[[126.93836826,37.51254362],[126.93843277,37.51253042],[126.93846176,37.51252452],[126.93844025,37.51245975],[126.93834817,37.51247885],[126.93836826,37.51254362]]]}},{"type":"Feature","id":"seoul-building-531560","properties":{"id":"seoul-building-531560","sourceId":"1991194341624455215800000000","pnu":"1159010100102560017","name":"서울특별시 동작구 노량진동","address":"서울특별시 동작구 노량진동","useName":"단독주택","floors":2.0,"height":7.4,"heightSource":"estimated","heightRaw":0.0,"sourceDate":"2026-09-09"},"geometry":{"type":"Polygon","coordinates":[[[126.93675528,37.51184477],[126.93671704,37.51191908],[126.93682341,37.51195461],[126.93685916,37.51188172],[126.93675528,37.51184477]]]}},{"type":"Feature","id":"seoul-building-531561","properties":{"id":"seoul-building-531561","sourceId":"1989194379694455701100000000","pnu":"1159010100102580034","name":"서울특별시 동작구 노량진동","address":"서울특별시 동작구 노량진동","useName":"단독주택","floors":2.0,"height":7.4,"heightSource":"estimated","heightRaw":0.0,"sourceDate":"2026-09-09"},"geometry":{"type":"Polygon","coordinates":[[[126.93726707,37.51228485],[126.93714404,37.51231125],[126.93717314,37.51239151],[126.9372914,37.51236342],[126.93727994,37.51233103],[126.9372833,37.51233019],[126.93726707,37.51228485]]]}},{"type":"Feature","id":"seoul-building-531564","properties":{"id":"seoul-building-531564","sourceId":"1992194378874454298600000000","pnu":"1159010100102520010","name":"서울특별시 동작구 노량진동","address":"서울특별시 동작구 노량진동","useName":"단독주택","floors":2.0,"height":7.4,"heightSource":"estimated","heightRaw":0.0,"sourceDate":"2026-09-09"},"geometry":{"type":"Polygon","coordinates":[[[126.93719886,37.51100877],[126.93714101,37.51107406],[126.93714172,37.5110797],[126.93714225,37.51108363],[126.93714401,37.51108758],[126.93716132,37.51109575],[126.93716008,37.51109941],[126.93722773,37.51113887],[126.93727178,37.51109102],[126.9372573,37.511082],[126.93727587,37.51105668],[126.93725062,37.51104117],[126.93725203,37.51103808],[126.93719886,37.51100877]]]}},{"type":"Feature","id":"seoul-building-531578","properties":{"id":"seoul-building-531578","sourceId":"1983194245084453293600000000","pnu":"1159010100102940527","name":"서울특별시 동작구 노량진동","address":"서울특별시 동작구 노량진동","useName":"단독주택","floors":2.0,"height":7.4,"heightSource":"estimated","heightRaw":0.0,"sourceDate":"2026-09-09"},"geometry":{"type":"Polygon","coordinates":[[[126.93566828,37.51010159],[126.93566738,37.51012411],[126.93565677,37.51012411],[126.93565162,37.51015423],[126.93563961,37.51015338],[126.93563783,37.51018491],[126.93561766,37.51018434],[126.93561642,37.51021277],[126.9356765,37.51021534],[126.93567614,37.510219],[126.9357592,37.51022383],[126.93576084,37.51016837],[126.93575005,37.51016836],[126.9357515,37.51012078],[126.93574957,37.51012078],[126.93574939,37.51011543],[126.93574285,37.51011486],[126.93574304,37.51010388],[126.93566828,37.51010159]]]}},{"type":"Feature","id":"seoul-building-531602","properties":{"id":"seoul-building-531602","sourceId":"2000194160354454916500000000","pnu":"1159010100102700003","name":"서울특별시 동작구 노량진동","address":"서울특별시 동작구 노량진동","useName":"제2종근린생활시설","floors":1.0,"height":2.8,"heightSource":"measured","heightRaw":2.8,"sourceDate":"2026-09-09"},"geometry":{"type":"Polygon","coordinates":[[[126.93470311,37.51160489],[126.93469935,37.51165022],[126.93477536,37.51165196],[126.93477733,37.51160944],[126.93470311,37.51160489]]]}},{"type":"Feature","id":"seoul-building-531609","properties":{"id":"seoul-building-531609","sourceId":"1990194121214453901600000000","pnu":"1159010800100440325","name":"서울특별시 동작구 대방동","address":"서울특별시 동작구 대방동","useName":"공동주택","floors":2.0,"height":6.9,"heightSource":"estimated","heightRaw":0.0,"sourceDate":"2026-09-09"},"geometry":{"type":"Polygon","coordinates":[[[126.93427625,37.51066508],[126.93426067,37.51069633],[126.93424,37.51068927],[126.93422689,37.51071546],[126.93425145,37.51072391],[126.9342495,37.51073067],[126.93433572,37.51076141],[126.93435928,37.51071467],[126.93433064,37.51070199],[126.93433419,37.51069241],[126.93427625,37.51066508]]]}},{"type":"Feature","id":"seoul-building-531622","properties":{"id":"seoul-building-531622","sourceId":"1991194452234455260300000000","pnu":"1159010100102550016","name":"서울특별시 동작구 노량진동","address":"서울특별시 동작구 노량진동","useName":"단독주택","floors":2.0,"height":7.4,"heightSource":"estimated","heightRaw":0.0,"sourceDate":"2026-09-09"},"geometry":{"type":"Polygon","coordinates":[[[126.93804926,37.51189023],[126.93797446,37.5119251],[126.93801577,37.51198735],[126.93804175,37.51197694],[126.93804635,37.51198455],[126.93810575,37.51195783],[126.93806921,37.51190628],[126.93806444,37.51190713],[126.93804926,37.51189023]]]}},{"type":"Feature","id":"seoul-building-531646","properties":{"id":"seoul-building-531646","sourceId":"1994194432444456399200000000","pnu":"1159010100100400034","name":"서울특별시 동작구 노량진동","address":"서울특별시 동작구 노량진동","useName":"제2종근린생활시설","floors":2.0,"height":6.3,"heightSource":"measured","heightRaw":6.3,"sourceDate":"2026-09-09"},"geometry":{"type":"Polygon","coordinates":[[[126.9377591,37.51292511],[126.9377509,37.51300197],[126.93787213,37.51300767],[126.93787749,37.51293192],[126.9377591,37.51292511]]]}},{"type":"Feature","id":"seoul-building-531654","properties":{"id":"seoul-building-531654","sourceId":"1993194216224454926700000000","pnu":"1159010100102730007","name":"서울특별시 동작구 노량진동","address":"서울특별시 동작구 노량진동","useName":"종교시설","floors":1.0,"height":4.2,"heightSource":"estimated","heightRaw":0.0,"sourceDate":"2026-09-09"},"geometry":{"type":"Polygon","coordinates":[[[126.93535058,37.51168606],[126.9353854,37.51167565],[126.93538012,37.51166101],[126.93541635,37.51165399],[126.93541565,37.51164217],[126.93543528,37.51163908],[126.93541852,37.511596],[126.93530469,37.51162465],[126.93532127,37.51166154],[126.93533099,37.51166014],[126.93534351,37.51168803],[126.93535058,37.51168606]]]}},{"type":"Feature","id":"seoul-building-531656","properties":{"id":"seoul-building-531656","sourceId":"0000194518864456722900000000","pnu":"1159010100100420011","name":"서울특별시 동작구 노량진동","address":"서울특별시 동작구 노량진동","useName":"","floors":0.0,"height":0,"heightSource":"unknown","heightRaw":0.0,"sourceDate":"2026-09-09"},"geometry":{"type":"Polygon","coordinates":[[[126.93876885,37.51324774],[126.93876778,37.51326774],[126.93881478,37.51327],[126.93881693,37.51325057],[126.93876885,37.51324774]]]}},{"type":"Feature","id":"seoul-building-531660","properties":{"id":"seoul-building-531660","sourceId":"1994194284914455710800000000","pnu":"1159010100102620004","name":"서울특별시 동작구 노량진동","address":"서울특별시 동작구 노량진동","useName":"단독주택","floors":3.0,"height":9.1,"heightSource":"measured","heightRaw":9.1,"sourceDate":"2026-09-09"},"geometry":{"type":"Polygon","coordinates":[[[126.93607838,37.51228702],[126.93606049,37.51233658],[126.93606737,37.51233827],[126.93605781,37.51237008],[126.93618149,37.51239998],[126.93618414,37.51239239],[126.93621684,37.51239888],[126.9362427,37.51232738],[126.93619234,37.51231384],[126.93619235,37.51231242],[126.93611195,37.51229323],[126.93611107,37.5122952],[126.93607838,37.51228702]]]}},{"type":"Feature","id":"seoul-building-531694","properties":{"id":"seoul-building-531694","sourceId":"1975194580274453706100000000","pnu":"1159010100102410017","name":"서울특별시 동작구 노량진동","address":"서울특별시 동작구 노량진동","useName":"단독주택","floors":2.0,"height":7.4,"heightSource":"estimated","heightRaw":0.0,"sourceDate":"2026-09-09"},"geometry":{"type":"Polygon","coordinates":[[[126.93949729,37.51048964],[126.93942832,37.51053944],[126.9394767,37.51059042],[126.93950658,37.51057242],[126.9395087,37.51057495],[126.93954566,37.51055189],[126.93953401,37.51053865],[126.93954108,37.51053415],[126.93949729,37.51048964]]]}},{"type":"Feature","id":"seoul-building-531697","properties":{"id":"seoul-building-531697","sourceId":"1966194114604454077400000000","pnu":"1159010800100450033","name":"서울특별시 동작구 대방동","address":"서울특별시 동작구 대방동","useName":"단독주택","floors":1.0,"height":4.2,"heightSource":"estimated","heightRaw":0.0,"sourceDate":"2026-09-09"},"geometry":{"type":"Polygon","coordinates":[[[126.93424147,37.51083175],[126.93421935,37.5108658],[126.93416847,37.51084578],[126.93414918,37.51087702],[126.93424192,37.51091537],[126.93428581,37.51085092],[126.93424147,37.51083175]]]}},{"type":"Feature","id":"seoul-building-531706","properties":{"id":"seoul-building-531706","sourceId":"1972194442314455512100000000","pnu":"1159010100102550012","name":"서울특별시 동작구 노량진동","address":"서울특별시 동작구 노량진동","useName":"단독주택","floors":2.0,"height":7.4,"heightSource":"estimated","heightRaw":0.0,"sourceDate":"2026-09-09"},"geometry":{"type":"Polygon","coordinates":[[[126.9379054,37.51211597],[126.93788092,37.51221056],[126.93792015,37.51221763],[126.93794295,37.51222157],[126.93795411,37.51218582],[126.93795958,37.5121878],[126.93797396,37.51212501],[126.93792005,37.51211795],[126.9379054,37.51211597]]]}},{"type":"Feature","id":"seoul-building-531708","properties":{"id":"seoul-building-531708","sourceId":"0000194200144453822400000000","pnu":"1159010100102940156","name":"서울특별시 동작구 노량진동","address":"서울특별시 동작구 노량진동","useName":"","floors":0.0,"height":0,"heightSource":"unknown","heightRaw":0.0,"sourceDate":"2026-09-09"},"geometry":{"type":"Polygon","coordinates":[[[126.93517847,37.51063094],[126.93517175,37.51064642],[126.93519948,37.51065685],[126.93520675,37.51064024],[126.93517847,37.51063094]]]}},{"type":"Feature","id":"seoul-building-531723","properties":{"id":"seoul-building-531723","sourceId":"1991194138564454049800000000","pnu":"1159010800100440070","name":"서울특별시 동작구 대방동","address":"서울특별시 동작구 대방동","useName":"단독주택","floors":2.0,"height":7.4,"heightSource":"estimated","heightRaw":0.0,"sourceDate":"2026-09-09"},"geometry":{"type":"Polygon","coordinates":[[[126.93450341,37.51080035],[126.93443194,37.51087634],[126.93446038,37.51089521],[126.93455764,37.51083445],[126.93450341,37.51080035]]]}},{"type":"Feature","id":"seoul-building-531738","properties":{"id":"seoul-building-531738","sourceId":"1994193836534456233700000000","pnu":"1159010800105020000","name":"서울특별시 동작구 대방동","address":"서울특별시 동작구 대방동","useName":"","floors":0.0,"height":0,"heightSource":"unknown","heightRaw":0.0,"sourceDate":"2026-09-09"},"geometry":{"type":"Polygon","coordinates":[[[126.93110146,37.51283666],[126.93110025,37.51280991],[126.93110009,37.51279499],[126.93104531,37.51279383],[126.93104511,37.5128096],[126.93104457,37.51282508],[126.93106684,37.5128265],[126.93106771,37.51283692],[126.93110146,37.51283666]]]}},{"type":"Feature","id":"seoul-building-531770","properties":{"id":"seoul-building-531770","sourceId":"1968194567394454660300000000","pnu":"1159010100102420010","name":"서울특별시 동작구 노량진동","address":"서울특별시 동작구 노량진동","useName":"단독주택","floors":1.0,"height":4.2,"heightSource":"estimated","heightRaw":0.0,"sourceDate":"2026-09-09"},"geometry":{"type":"Polygon","coordinates":[[[126.9393407,37.51136043],[126.93929262,37.51136154],[126.93928851,37.51142939],[126.93940479,37.51143395],[126.93940394,37.51139116],[126.93938009,37.51139114],[126.93937992,37.51137312],[126.93934122,37.51137367],[126.9393407,37.51136043]]]}},{"type":"Feature","id":"seoul-building-531776","properties":{"id":"seoul-building-531776","sourceId":"1969194443214456479800000000","pnu":"1159010100100400046","name":"서울특별시 동작구 노량진동","address":"서울특별시 동작구 노량진동","useName":"숙박시설","floors":3.0,"height":10.6,"heightSource":"estimated","heightRaw":0.0,"sourceDate":"2026-09-09"},"geometry":{"type":"Polygon","coordinates":[[[126.93788631,37.51295783],[126.93786974,37.51310339],[126.93792012,37.51310708],[126.93799452,37.51311246],[126.93799524,37.51309106],[126.93799807,37.51309107],[126.93800628,37.51299393],[126.93795715,37.51299137],[126.93795947,37.5129604],[126.93792006,37.51295897],[126.93788631,37.51295783]]]}},{"type":"Feature","id":"seoul-building-531779","properties":{"id":"seoul-building-531779","sourceId":"1966194333384454030300000000","pnu":"1159010100102820017","name":"서울특별시 동작구 노량진동","address":"서울특별시 동작구 노량진동","useName":"단독주택","floors":1.0,"height":4.2,"heightSource":"estimated","heightRaw":0.0,"sourceDate":"2026-09-09"},"geometry":{"type":"Polygon","coordinates":[[[126.93674166,37.51079312],[126.93667751,37.51079844],[126.9366775,37.51080464],[126.93663898,37.51080545],[126.93664829,37.51086712],[126.9367501,37.51086267],[126.93674166,37.51079312]]]}},{"type":"Feature","id":"seoul-building-531785","properties":{"id":"seoul-building-531785","sourceId":"1969194625494455024300000000","pnu":"1159010100102400001","name":"서울특별시 동작구 노량진동","address":"서울특별시 동작구 노량진동","useName":"","floors":0.0,"height":0,"heightSource":"unknown","heightRaw":0.0,"sourceDate":"2026-09-09"},"geometry":{"type":"Polygon","coordinates":[[[126.93999994,37.51175608],[126.93999997,37.51171554],[126.93999802,37.5117161],[126.93999994,37.51175608]]]}},{"type":"Feature","id":"seoul-building-531817","properties":{"id":"seoul-building-531817","sourceId":"1993194283184453195300000000","pnu":"1159010100102880015","name":"서울특별시 동작구 노량진동","address":"서울특별시 동작구 노량진동","useName":"단독주택","floors":2.0,"height":7.6,"heightSource":"measured","heightRaw":7.6,"sourceDate":"2026-09-09"},"geometry":{"type":"Polygon","coordinates":[[[126.9360681,37.51003845],[126.9360626,37.51005675],[126.93605766,37.5100559],[126.93604949,37.51010067],[126.93613396,37.51011282],[126.93613377,37.51011591],[126.93619298,37.51012158],[126.93620664,37.51005598],[126.93616865,37.51005258],[126.93616901,37.51004836],[126.9360681,37.51003845]]]}},{"type":"Feature","id":"seoul-building-531949","properties":{"id":"seoul-building-531949","sourceId":"1995194396814454848200000000","pnu":"1159010100102560038","name":"서울특별시 동작구 노량진동","address":"서울특별시 동작구 노량진동","useName":"단독주택","floors":4.0,"height":13.8,"heightSource":"estimated","heightRaw":0.0,"sourceDate":"2026-09-09"},"geometry":{"type":"Polygon","coordinates":[[[126.93734671,37.51151988],[126.93732844,37.51159562],[126.93747616,37.51161765],[126.93750132,37.51154474],[126.93734671,37.51151988]]]}},{"type":"Feature","id":"seoul-building-531968","properties":{"id":"seoul-building-531968","sourceId":"1964194320874454595100000000","pnu":"1159010100102800014","name":"서울특별시 동작구 노량진동","address":"서울특별시 동작구 노량진동","useName":"단독주택","floors":1.0,"height":4.2,"heightSource":"estimated","heightRaw":0.0,"sourceDate":"2026-09-09"},"geometry":{"type":"Polygon","coordinates":[[[126.93650106,37.51130685],[126.9365017,37.51137442],[126.93660862,37.51137336],[126.93660622,37.51130747],[126.93650106,37.51130685]]]}},{"type":"Feature","id":"seoul-building-532011","properties":{"id":"seoul-building-532011","sourceId":"1991194513614454169100000000","pnu":"1159010100102460039","name":"서울특별시 동작구 노량진동","address":"서울특별시 동작구 노량진동","useName":"단독주택","floors":2.0,"height":7.4,"heightSource":"estimated","heightRaw":0.0,"sourceDate":"2026-09-09"},"geometry":{"type":"Polygon","coordinates":[[[126.93870468,37.51090369],[126.93866431,37.51098251],[126.93876043,37.51101099],[126.93877282,37.51098453],[126.93878237,37.5109865],[126.93880573,37.51093668],[126.93870468,37.51090369]]]}},{"type":"Feature","id":"seoul-building-532016","properties":{"id":"seoul-building-532016","sourceId":"1982194015484454162300000000","pnu":"1159010800100320020","name":"서울특별시 동작구 대방동","address":"서울특별시 동작구 대방동","useName":"단독주택","floors":2.0,"height":6.2,"heightSource":"measured","heightRaw":6.2,"sourceDate":"2026-09-09"},"geometry":{"type":"Polygon","coordinates":[[[126.93313066,37.51090968],[126.93313066,37.51091249],[126.93308859,37.51091218],[126.93308859,37.51091837],[126.93305131,37.51091836],[126.93305112,37.51092259],[126.93300746,37.51093495],[126.93300583,37.51097944],[126.93318026,37.51098319],[126.9331828,37.51091083],[126.93313066,37.51090968]]]}},{"type":"Feature","id":"seoul-building-532027","properties":{"id":"seoul-building-532027","sourceId":"1991194202334453562200000000","pnu":"1159010100102940200","name":"서울특별시 동작구 노량진동","address":"서울특별시 동작구 노량진동","useName":"단독주택","floors":2.0,"height":7.4,"heightSource":"estimated","heightRaw":0.0,"sourceDate":"2026-09-09"},"geometry":{"type":"Polygon","coordinates":[[[126.93519745,37.51035024],[126.93514436,37.51044086],[126.93523217,37.51046907],[126.93526987,37.51039533],[126.935278,37.51039786],[126.9352865,37.51037844],[126.93519745,37.51035024]]]}},{"type":"Feature","id":"seoul-building-532033","properties":{"id":"seoul-building-532033","sourceId":"1976193962564454039700000000","pnu":"1159010800100320032","name":"서울특별시 동작구 대방동","address":"서울특별시 동작구 대방동","useName":"단독주택","floors":1.0,"height":4.2,"heightSource":"estimated","heightRaw":0.0,"sourceDate":"2026-09-09"},"geometry":{"type":"Polygon","coordinates":[[[126.93256558,37.51078743],[126.93249789,37.51080654],[126.93249753,37.51081246],[126.93241322,37.51083071],[126.93243507,37.51088703],[126.93258958,37.51084489],[126.93256558,37.51078743]]]}},{"type":"Feature","id":"seoul-building-532056","properties":{"id":"seoul-building-532056","sourceId":"1992193953134457513100000000","pnu":"1159010800100700001","name":"서울특별시 동작구 대방동","address":"서울특별시 동작구 대방동","useName":"","floors":0.0,"height":0,"heightSource":"unknown","heightRaw":0.0,"sourceDate":"2026-09-09"},"geometry":{"type":"Polygon","coordinates":[[[126.93274772,37.51403003],[126.93275478,37.51384167],[126.93275605,37.51381042],[126.93204222,37.51379283],[126.9320285,37.51412451],[126.93274337,37.51414181],[126.93274772,37.51403003]]]}},{"type":"Feature","id":"seoul-building-532057","properties":{"id":"seoul-building-532057","sourceId":"1988194316814453463700000000","pnu":"1159010100102890055","name":"서울특별시 동작구 노량진동","address":"서울특별시 동작구 노량진동","useName":"단독주택","floors":2.0,"height":7.4,"heightSource":"estimated","heightRaw":0.0,"sourceDate":"2026-09-09"},"geometry":{"type":"Polygon","coordinates":[[[126.93648003,37.51025886],[126.93643525,37.51034218],[126.93654338,37.5103825],[126.93657771,37.51031888],[126.93656251,37.51031409],[126.93657367,37.51029635],[126.93652985,37.51028141],[126.93653322,37.5102755],[126.93648003,37.51025886]]]}},{"type":"Feature","id":"seoul-building-532058","properties":{"id":"seoul-building-532058","sourceId":"1990193935174454462100000000","pnu":"1159010800100230128","name":"서울특별시 동작구 대방동","address":"서울특별시 동작구 대방동","useName":"제1종근린생활시설","floors":4.0,"height":13.8,"heightSource":"estimated","heightRaw":0.0,"sourceDate":"2026-09-09"},"geometry":{"type":"Polygon","coordinates":[[[126.93216073,37.51116534],[126.93215321,37.51126783],[126.93222548,37.51127125],[126.93222735,37.51116595],[126.93216073,37.51116534]]]}},{"type":"Feature","id":"seoul-building-532062","properties":{"id":"seoul-building-532062","sourceId":"0000194543004455968700000000","pnu":"1159010100100470002","name":"서울특별시 동작구 노량진동","address":"서울특별시 동작구 노량진동","useName":"","floors":0.0,"height":0,"heightSource":"unknown","heightRaw":0.0,"sourceDate":"2026-09-09"},"geometry":{"type":"Polygon","coordinates":[[[126.93904299,37.51256677],[126.93904315,37.51259241],[126.93908803,37.51259213],[126.93908841,37.51256708],[126.93904299,37.51256677]]]}},{"type":"Feature","id":"seoul-building-532078","properties":{"id":"seoul-building-532078","sourceId":"1981194563434455092000000000","pnu":"1159010100102430015","name":"서울특별시 동작구 노량진동","address":"서울특별시 동작구 노량진동","useName":"제2종근린생활시설","floors":4.0,"height":13.8,"heightSource":"estimated","heightRaw":0.0,"sourceDate":"2026-09-09"},"geometry":{"type":"Polygon","coordinates":[[[126.93934427,37.51176053],[126.9392711,37.51176219],[126.93927161,37.51178077],[126.93924192,37.51178245],[126.93922917,37.51180806],[126.93923659,37.51181511],[126.93935607,37.51180981],[126.93934427,37.51176053]]]}},{"type":"Feature","id":"seoul-building-532125","properties":{"id":"seoul-building-532125","sourceId":"1967193952414453335500000000","pnu":"1159010800100200015","name":"서울특별시 동작구 대방동","address":"서울특별시 동작구 대방동","useName":"단독주택","floors":1.0,"height":4.2,"heightSource":"estimated","heightRaw":0.0,"sourceDate":"2026-09-09"},"geometry":{"type":"Polygon","coordinates":[[[126.93237917,37.51016648],[126.9323327,37.51016815],[126.93233457,37.51024445],[126.93239448,37.51024308],[126.93239485,37.51023154],[126.93241464,37.51023211],[126.93241482,37.51022789],[126.93245069,37.51022791],[126.93244933,37.51017047],[126.93241557,37.51017242],[126.93241558,37.51016932],[126.93237882,37.51017043],[126.93237917,37.51016648]]]}},{"type":"Feature","id":"seoul-building-532130","properties":{"id":"seoul-building-532130","sourceId":"1992194130574453609900000000","pnu":"1159010800100440210","name":"서울특별시 동작구 대방동","address":"서울특별시 동작구 대방동","useName":"단독주택","floors":2.0,"height":7.4,"heightSource":"estimated","heightRaw":0.0,"sourceDate":"2026-09-09"},"geometry":{"type":"Polygon","coordinates":[[[126.93439119,37.51038583],[126.93437951,37.51039906],[126.93437034,37.51039173],[126.93430843,37.51044181],[126.93439267,37.51050774],[126.93441336,37.51048918],[126.93442733,37.51049369],[126.93443987,37.51049257],[126.93445154,37.51048695],[126.93447733,37.51050526],[126.93450615,37.51048303],[126.93439119,37.51038583]]]}},{"type":"Feature","id":"seoul-building-532149","properties":{"id":"seoul-building-532149","sourceId":"1992194356924453321600000000","pnu":"1159010100102890059","name":"서울특별시 동작구 노량진동","address":"서울특별시 동작구 노량진동","useName":"단독주택","floors":2.0,"height":7.4,"heightSource":"estimated","heightRaw":0.0,"sourceDate":"2026-09-09"},"geometry":{"type":"Polygon","coordinates":[[[126.93692936,37.51015408],[126.93690986,37.5102146],[126.93699893,37.51023154],[126.93701593,37.51017355],[126.93695992,37.51016225],[126.93696081,37.51015944],[126.93692936,37.51015408]]]}},{"type":"Feature","id":"seoul-building-532178","properties":{"id":"seoul-building-532178","sourceId":"1990194593574453139900000000","pnu":"1159010100102340022","name":"서울특별시 동작구 노량진동","address":"서울특별시 동작구 노량진동","useName":"단독주택","floors":3.0,"height":10.6,"heightSource":"estimated","heightRaw":0.0,"sourceDate":"2026-09-09"},"geometry":{"type":"Polygon","coordinates":[[[126.9396458,37.50995981],[126.93960037,37.50998625],[126.93960107,37.50998934],[126.93958251,37.51000004],[126.9395581,37.5100141],[126.93958671,37.51004847],[126.9395837,37.51005156],[126.93962997,37.51009833],[126.93966851,37.51007667],[126.93967486,37.51008258],[126.93972172,37.5100536],[126.939679,37.51000009],[126.93967582,37.50999586],[126.93967741,37.50999333],[126.9396458,37.50995981]]]}},{"type":"Feature","id":"seoul-building-532204","properties":{"id":"seoul-building-532204","sourceId":"1976194425134456047400000000","pnu":"1159010100100390033","name":"서울특별시 동작구 노량진동","address":"서울특별시 동작구 노량진동","useName":"제1종근린생활시설","floors":2.0,"height":7.4,"heightSource":"estimated","heightRaw":0.0,"sourceDate":"2026-09-09"},"geometry":{"type":"Polygon","coordinates":[[[126.93777684,37.51260751],[126.93772807,37.51260748],[126.93772841,37.51261396],[126.93772046,37.51261536],[126.93772133,37.51262775],[126.93768174,37.51262886],[126.93768244,37.51264771],[126.93767572,37.51264857],[126.93767764,37.51268461],[126.93778121,37.51268184],[126.93777684,37.51260751]]]}},{"type":"Feature","id":"seoul-building-532227","properties":{"id":"seoul-building-532227","sourceId":"1991194569254453988300000000","pnu":"1159010100102410019","name":"서울특별시 동작구 노량진동","address":"서울특별시 동작구 노량진동","useName":"단독주택","floors":2.0,"height":7.4,"heightSource":"estimated","heightRaw":0.0,"sourceDate":"2026-09-09"},"geometry":{"type":"Polygon","coordinates":[[[126.93932263,37.51075815],[126.93932117,37.51081559],[126.9393353,37.51082855],[126.93938195,37.51083195],[126.93942582,37.51078186],[126.93938324,37.5107672],[126.93934224,37.51076295],[126.93932263,37.51075815]]]}},{"type":"Feature","id":"seoul-building-532232","properties":{"id":"seoul-building-532232","sourceId":"1989194369814455469100000000","pnu":"1159010100102580012","name":"서울특별시 동작구 노량진동","address":"서울특별시 동작구 노량진동","useName":"단독주택","floors":2.0,"height":7.4,"heightSource":"estimated","heightRaw":0.0,"sourceDate":"2026-09-09"},"geometry":{"type":"Polygon","coordinates":[[[126.93714778,37.51207389],[126.93708131,37.51208794],[126.93708554,37.51210005],[126.93705125,37.5121082],[126.93704276,37.5121203],[126.93705122,37.51214311],[126.93704362,37.51214536],[126.93705667,37.51218056],[126.93717617,37.51215078],[126.93714778,37.51207389]]]}},{"type":"Feature","id":"seoul-building-532243","properties":{"id":"seoul-building-532243","sourceId":"1991194357954455145400000000","pnu":"1159010100102560003","name":"서울특별시 동작구 노량진동","address":"서울특별시 동작구 노량진동","useName":"단독주택","floors":2.0,"height":7.4,"heightSource":"estimated","heightRaw":0.0,"sourceDate":"2026-09-09"},"geometry":{"type":"Polygon","coordinates":[[[126.9369485,37.51177899],[126.93690512,37.51186485],[126.93699807,37.51189221],[126.93700993,37.511868],[126.93701435,37.51186941],[126.93703984,37.51181057],[126.9369485,37.51177899]]]}},{"type":"Feature","id":"seoul-building-532248","properties":{"id":"seoul-building-532248","sourceId":"0000194593154453446400000000","pnu":"1159010100102350012","name":"서울특별시 동작구 노량진동","address":"서울특별시 동작구 노량진동","useName":"","floors":0.0,"height":0,"heightSource":"unknown","heightRaw":0.0,"sourceDate":"2026-09-09"},"geometry":{"type":"Polygon","coordinates":[[[126.9396482,37.51028727],[126.93960771,37.51031513],[126.93962696,37.51032724],[126.93966074,37.51029601],[126.9396482,37.51028727]]]}},{"type":"Feature","id":"seoul-building-532249","properties":{"id":"seoul-building-532249","sourceId":"1981194325134455578100000000","pnu":"1159010100102600002","name":"서울특별시 동작구 노량진동","address":"서울특별시 동작구 노량진동","useName":"단독주택","floors":2.0,"height":7.4,"heightSource":"estimated","heightRaw":0.0,"sourceDate":"2026-09-09"},"geometry":{"type":"Polygon","coordinates":[[[126.93662301,37.51215105],[126.93660637,37.51217807],[126.9365864,37.51217045],[126.93656127,37.51220958],[126.93653848,37.51220111],[126.93650609,37.51225375],[126.93662552,37.51229999],[126.93665879,37.51224652],[126.93664467,37.51224173],[126.93668714,37.51217585],[126.93662301,37.51215105]]]}},{"type":"Feature","id":"seoul-building-532257","properties":{"id":"seoul-building-532257","sourceId":"1987194122284453701400000000","pnu":"1159010800100440030","name":"서울특별시 동작구 대방동","address":"서울특별시 동작구 대방동","useName":"단독주택","floors":2.0,"height":7.4,"heightSource":"estimated","heightRaw":0.0,"sourceDate":"2026-09-09"},"geometry":{"type":"Polygon","coordinates":[[[126.93430365,37.51045673],[126.93426173,37.51049388],[126.9342741,37.51050317],[126.93424067,37.51053413],[126.93426698,37.51055525],[126.93424275,37.51057608],[126.93429396,37.51061328],[126.93439266,37.51052266],[126.93430365,37.51045673]]]}},{"type":"Feature","id":"seoul-building-532270","properties":{"id":"seoul-building-532270","sourceId":"1990194520364454853000000000","pnu":"1159010100102440002","name":"서울특별시 동작구 노량진동","address":"서울특별시 동작구 노량진동","useName":"단독주택","floors":3.0,"height":10.6,"heightSource":"estimated","heightRaw":0.0,"sourceDate":"2026-09-09"},"geometry":{"type":"Polygon","coordinates":[[[126.93875985,37.51151331],[126.93872779,37.51158677],[126.93876066,37.51159637],[126.93875765,37.51160453],[126.93886171,37.51163387],[126.93889429,37.51155758],[126.93882397,37.51153868],[126.93882645,37.51153249],[126.93875985,37.51151331]]]}},{"type":"Feature","id":"seoul-building-532276","properties":{"id":"seoul-building-532276","sourceId":"1964194313874453308600000000","pnu":"1159010100102890050","name":"서울특별시 동작구 노량진동","address":"서울특별시 동작구 노량진동","useName":"단독주택","floors":2.0,"height":6.0,"heightSource":"measured","heightRaw":6.0,"sourceDate":"2026-09-09"},"geometry":{"type":"Polygon","coordinates":[[[126.93645434,37.51012877],[126.93640373,37.51020813],[126.93651027,37.51023241],[126.93653986,37.51015134],[126.93645434,37.51012877]]]}},{"type":"Feature","id":"seoul-building-532279","properties":{"id":"seoul-building-532279","sourceId":"2002194328874454808500000000","pnu":"1159010100102800004","name":"서울특별시 동작구 노량진동","address":"서울특별시 동작구 노량진동","useName":"단독주택","floors":3.0,"height":7.5,"heightSource":"measured","heightRaw":7.5,"sourceDate":"2026-09-09"},"geometry":{"type":"Polygon","coordinates":[[[126.93671987,37.51149562],[126.93657018,37.5115037],[126.93657351,37.51154143],[126.93658146,37.51154144],[126.93658427,37.51156114],[126.93659593,37.51156144],[126.93660953,37.51157439],[126.93663604,37.51157356],[126.93663638,37.51157948],[126.93667156,37.51157836],[126.93667068,37.51156344],[126.93668977,37.51156205],[126.93668837,37.51155248],[126.93669862,37.51154994],[126.93669704,37.51153953],[126.93672055,37.51153588],[126.93671987,37.51149562]]]}},{"type":"Feature","id":"seoul-building-532289","properties":{"id":"seoul-building-532289","sourceId":"1961194084834454655400000000","pnu":"1159010800100440160","name":"서울특별시 동작구 대방동","address":"서울특별시 동작구 대방동","useName":"단독주택","floors":1.0,"height":4.2,"heightSource":"estimated","heightRaw":0.0,"sourceDate":"2026-09-09"},"geometry":{"type":"Polygon","coordinates":[[[126.93395579,37.51132714],[126.93387166,37.51133019],[126.93387161,37.51138509],[126.93377777,37.51138673],[126.93378143,37.51144079],[126.93396153,37.51143611],[126.93395579,37.51132714]]]}},{"type":"Feature","id":"seoul-building-532291","properties":{"id":"seoul-building-532291","sourceId":"1993194002374453164700000000","pnu":"1159010800100440328","name":"서울특별시 동작구 대방동","address":"서울특별시 동작구 대방동","useName":"단독주택","floors":2.0,"height":7.6,"heightSource":"measured","heightRaw":7.6,"sourceDate":"2026-09-09"},"geometry":{"type":"Polygon","coordinates":[[[126.93292489,37.50998857],[126.93292046,37.50999701],[126.93291905,37.5100001],[126.93288062,37.51007414],[126.93291596,37.51008598],[126.93291402,37.51009048],[126.93292037,37.51009274],[126.93297992,37.51011192],[126.93302399,37.51002776],[126.93300774,37.51002183],[126.93300828,37.51001452],[126.93296146,37.51000013],[126.93292489,37.50998857]]]}},{"type":"Feature","id":"seoul-building-532301","properties":{"id":"seoul-building-532301","sourceId":"1990194045194453858600000000","pnu":"1159010800100440010","name":"서울특별시 동작구 대방동","address":"서울특별시 동작구 대방동","useName":"단독주택","floors":2.0,"height":7.4,"heightSource":"estimated","heightRaw":0.0,"sourceDate":"2026-09-09"},"geometry":{"type":"Polygon","coordinates":[[[126.93343472,37.51062069],[126.93343223,37.51063307],[126.93338735,37.51062882],[126.93338361,37.51065191],[126.93337284,37.51065218],[126.93336305,37.51071721],[126.93349046,37.51072742],[126.93350399,37.51062636],[126.93343472,37.51062069]]]}},{"type":"Feature","id":"seoul-building-532313","properties":{"id":"seoul-building-532313","sourceId":"1994194082184454163900000000","pnu":"1159010800100440225","name":"서울특별시 동작구 대방동","address":"서울특별시 동작구 대방동","useName":"단독주택","floors":2.0,"height":7.4,"heightSource":"estimated","heightRaw":0.0,"sourceDate":"2026-09-09"},"geometry":{"type":"Polygon","coordinates":[[[126.93385137,37.51088699],[126.93378627,37.51098016],[126.93380287,37.5109872],[126.93380729,37.51098185],[126.93386541,37.51100723],[126.93392132,37.51093067],[126.93386444,37.51090389],[126.93387029,37.51089488],[126.93385137,37.51088699]]]}},{"type":"Feature","id":"seoul-building-532380","properties":{"id":"seoul-building-532380","sourceId":"0000194480774455827300000000","pnu":"1159010100100370007","name":"서울특별시 동작구 노량진동","address":"서울특별시 동작구 노량진동","useName":"","floors":0.0,"height":0,"heightSource":"unknown","heightRaw":0.0,"sourceDate":"2026-09-09"},"geometry":{"type":"Polygon","coordinates":[[[126.93839981,37.51243045],[126.93831654,37.51244757],[126.93832466,37.51247349],[126.93840756,37.51245552],[126.93839981,37.51243045]]]}},{"type":"Feature","id":"seoul-building-532383","properties":{"id":"seoul-building-532383","sourceId":"1996194350994454173900000000","pnu":"1159010100102820002","name":"서울특별시 동작구 노량진동","address":"서울특별시 동작구 노량진동","useName":"단독주택","floors":2.0,"height":6.5,"heightSource":"measured","heightRaw":6.5,"sourceDate":"2026-09-09"},"geometry":{"type":"Polygon","coordinates":[[[126.93691955,37.51090191],[126.93691583,37.5109019],[126.93691283,37.51090218],[126.93691,37.51090331],[126.93690771,37.51090443],[126.9368439,37.51090609],[126.93684511,37.51093087],[126.93683806,37.51093114],[126.93684999,37.51101702],[126.93693501,37.51101313],[126.93693465,37.51100975],[126.93695604,37.5110092],[126.93695026,37.510945],[126.93693718,37.51094499],[126.93693351,37.51090472],[126.93692572,37.510905],[126.9369229,37.51090275],[126.93691955,37.51090191]]]}},{"type":"Feature","id":"seoul-building-532386","properties":{"id":"seoul-building-532386","sourceId":"1984194001234454474400000000","pnu":"1159010800100320057","name":"서울특별시 동작구 대방동","address":"서울특별시 동작구 대방동","useName":"단독주택","floors":2.0,"height":7.4,"heightSource":"estimated","heightRaw":0.0,"sourceDate":"2026-09-09"},"geometry":{"type":"Polygon","coordinates":[[[126.9329044,37.51116267],[126.93289165,37.51118548],[126.93288141,37.51118378],[126.93284636,37.51124429],[126.93292038,37.51127446],[126.93297887,37.51129843],[126.93303247,37.51121737],[126.93297152,37.51119369],[126.93297365,37.51118636],[126.93292048,37.51116831],[126.9329044,37.51116267]]]}},{"type":"Feature","id":"seoul-building-532473","properties":{"id":"seoul-building-532473","sourceId":"0000194375744453430000000000","pnu":"1159010100102910014","name":"서울특별시 동작구 노량진동","address":"서울특별시 동작구 노량진동","useName":"단독주택","floors":1.0,"height":4.2,"heightSource":"estimated","heightRaw":0.0,"sourceDate":"2026-09-09"},"geometry":{"type":"Polygon","coordinates":[[[126.93723373,37.51031642],[126.93723338,37.51031079],[126.93722884,37.51024209],[126.93718607,37.51024094],[126.93718499,37.5102767],[126.93711712,37.51027947],[126.93710456,37.51029073],[126.93711195,37.51033212],[126.93715772,37.5103282],[126.93715615,37.51031694],[126.93723373,37.51031642]]]}},{"type":"Feature","id":"seoul-building-532475","properties":{"id":"seoul-building-532475","sourceId":"1999193992574453282000000000","pnu":"1159010800100440005","name":"서울특별시 동작구 대방동","address":"서울특별시 동작구 대방동","useName":"제1종근린생활시설","floors":4.0,"height":11.0,"heightSource":"measured","heightRaw":11.0,"sourceDate":"2026-09-09"},"geometry":{"type":"Polygon","coordinates":[[[126.9327988,37.51007437],[126.93273729,37.51008587],[126.93270671,37.51009346],[126.93276985,37.51024357],[126.93288899,37.51021323],[126.932895,37.51022591],[126.93292045,37.51021972],[126.93292769,37.51021804],[126.93292434,37.51020762],[126.93300054,37.51018486],[126.93298555,37.5101443],[126.93292035,37.51011442],[126.93287972,37.51009553],[126.93285305,37.51008538],[126.9327988,37.51007437]]]}},{"type":"Feature","id":"seoul-building-532488","properties":{"id":"seoul-building-532488","sourceId":"1985194297764455288300000000","pnu":"1159010100102780005","name":"서울특별시 동작구 노량진동","address":"서울특별시 동작구 노량진동","useName":"","floors":0.0,"height":0,"heightSource":"unknown","heightRaw":0.0,"sourceDate":"2026-09-09"},"geometry":{"type":"Polygon","coordinates":[[[126.93626617,37.51195348],[126.93626968,37.51197994],[126.93631864,37.51197463],[126.93631813,37.51195266],[126.93626617,37.51195348]]]}},{"type":"Feature","id":"seoul-building-532492","properties":{"id":"seoul-building-532492","sourceId":"1993193934674455335400000000","pnu":"1159010800100230147","name":"서울특별시 동작구 대방동","address":"서울특별시 동작구 대방동","useName":"업무시설","floors":5.0,"height":18.9,"heightSource":"measured","heightRaw":18.9,"sourceDate":"2026-09-09"},"geometry":{"type":"Polygon","coordinates":[[[126.93209431,37.51190301],[126.93207274,37.51210656],[126.93223692,37.5121137],[126.93223943,37.51206612],[126.93229192,37.51206755],[126.93230584,37.51191382],[126.93209431,37.51190301]]]}},{"type":"Feature","id":"seoul-building-532502","properties":{"id":"seoul-building-532502","sourceId":"1986194477434453793500000000","pnu":"1159010100102490035","name":"서울특별시 동작구 노량진동","address":"서울특별시 동작구 노량진동","useName":"단독주택","floors":2.0,"height":7.4,"heightSource":"estimated","heightRaw":0.0,"sourceDate":"2026-09-09"},"geometry":{"type":"Polygon","coordinates":[[[126.93833434,37.51057351],[126.93833452,37.51057745],[126.93825959,37.51057628],[126.93825581,37.51066132],[126.93839277,37.51066335],[126.93839509,37.51062731],[126.93838962,37.51062731],[126.93839196,37.51057495],[126.93833434,37.51057351]]]}},{"type":"Feature","id":"seoul-building-532514","properties":{"id":"seoul-building-532514","sourceId":"1973194017424454783100000000","pnu":"1159010800100430017","name":"서울특별시 동작구 대방동","address":"서울특별시 동작구 대방동","useName":"단독주택","floors":1.0,"height":4.2,"heightSource":"estimated","heightRaw":0.0,"sourceDate":"2026-09-09"},"geometry":{"type":"Polygon","coordinates":[[[126.93312506,37.51144605],[126.93305128,37.51152569],[126.93313131,37.51156854],[126.93315607,37.51154068],[126.93315802,37.51154293],[126.93316581,37.51153139],[126.93315467,37.51152575],[126.93317927,37.51149592],[126.93316849,37.51148972],[126.93317857,37.51147508],[126.93312506,37.51144605]]]}},{"type":"Feature","id":"seoul-building-532529","properties":{"id":"seoul-building-532529","sourceId":"0000194097524454982700000000","pnu":"1159010800100450004","name":"서울특별시 동작구 대방동","address":"서울특별시 동작구 대방동","useName":"","floors":0.0,"height":0,"heightSource":"unknown","heightRaw":0.0,"sourceDate":"2026-09-09"},"geometry":{"type":"Polygon","coordinates":[[[126.93405167,37.51162988],[126.93395603,37.51166164],[126.93399907,37.51174866],[126.93409542,37.51171633],[126.93408024,37.51168874],[126.93409279,37.51168424],[126.93407851,37.51165438],[126.93406578,37.51165775],[126.93405167,37.51162988]]]}},{"type":"Feature","id":"seoul-building-532536","properties":{"id":"seoul-building-532536","sourceId":"1985194008264453717600000000","pnu":"1159010800100440312","name":"서울특별시 동작구 대방동","address":"서울특별시 동작구 대방동","useName":"단독주택","floors":2.0,"height":7.4,"heightSource":"estimated","heightRaw":0.0,"sourceDate":"2026-09-09"},"geometry":{"type":"Polygon","coordinates":[[[126.93303561,37.51048868],[126.93298662,37.51052047],[126.93299209,37.51052864],[126.93296592,37.51054974],[126.93297616,37.51056073],[126.93295723,37.51057761],[126.93298759,37.51060972],[126.93308982,37.51053912],[126.93303561,37.51048868]]]}},{"type":"Feature","id":"seoul-building-532540","properties":{"id":"seoul-building-532540","sourceId":"1992194353214453809500000000","pnu":"1159010100102890082","name":"서울특별시 동작구 노량진동","address":"서울특별시 동작구 노량진동","useName":"단독주택","floors":2.0,"height":7.4,"heightSource":"estimated","heightRaw":0.0,"sourceDate":"2026-09-09"},"geometry":{"type":"Polygon","coordinates":[[[126.93686837,37.51060258],[126.93686797,37.51066255],[126.93697452,37.5106612],[126.9369744,37.51060573],[126.93686837,37.51060258]]]}},{"type":"Feature","id":"seoul-building-532541","properties":{"id":"seoul-building-532541","sourceId":"1990194511894455377200000000","pnu":"1159010100102440070","name":"서울특별시 동작구 노량진동","address":"서울특별시 동작구 노량진동","useName":"단독주택","floors":2.0,"height":7.4,"heightSource":"estimated","heightRaw":0.0,"sourceDate":"2026-09-09"},"geometry":{"type":"Polygon","coordinates":[[[126.93866508,37.51199642],[126.9386341,37.51206736],[126.93875158,37.51210486],[126.93879231,37.51201816],[126.93873082,37.51199786],[126.93872285,37.51201165],[126.93866508,37.51199642]]]}},{"type":"Feature","id":"seoul-building-532544","properties":{"id":"seoul-building-532544","sourceId":"1988194589144453634600000000","pnu":"1159010100102350009","name":"서울특별시 동작구 노량진동","address":"서울특별시 동작구 노량진동","useName":"단독주택","floors":2.0,"height":7.4,"heightSource":"estimated","heightRaw":0.0,"sourceDate":"2026-09-09"},"geometry":{"type":"Polygon","coordinates":[[[126.93956609,37.5104221],[126.93953441,37.51047022],[126.93953934,37.51049332],[126.93960188,37.51053023],[126.93965653,37.51047339],[126.93956609,37.5104221]]]}},{"type":"Feature","id":"seoul-building-532586","properties":{"id":"seoul-building-532586","sourceId":"1991194455284453472300000000","pnu":"1159010100102490043","name":"서울특별시 동작구 노량진동","address":"서울특별시 동작구 노량진동","useName":"단독주택","floors":2.0,"height":7.4,"heightSource":"estimated","heightRaw":0.0,"sourceDate":"2026-09-09"},"geometry":{"type":"Polygon","coordinates":[[[126.93806367,37.51027266],[126.93806384,37.51028025],[126.93801948,37.51028136],[126.93801711,37.51038328],[126.93812915,37.51038419],[126.93813135,37.51027325],[126.93806367,37.51027266]]]}},{"type":"Feature","id":"seoul-building-532588","properties":{"id":"seoul-building-532588","sourceId":"1991194323954454953400000000","pnu":"1159010100102790002","name":"서울특별시 동작구 노량진동","address":"서울특별시 동작구 노량진동","useName":"단독주택","floors":2.0,"height":7.4,"heightSource":"estimated","heightRaw":0.0,"sourceDate":"2026-09-09"},"geometry":{"type":"Polygon","coordinates":[[[126.9365153,37.51161208],[126.93650745,37.5117002],[126.93667815,37.51170901],[126.93668172,37.51167945],[126.93667553,37.51167861],[126.93667715,37.51165214],[126.93664357,37.51165156],[126.93664519,37.51162312],[126.93658369,37.51162056],[126.93658422,37.51161324],[126.9365153,37.51161208]]]}},{"type":"Feature","id":"seoul-building-532592","properties":{"id":"seoul-building-532592","sourceId":"1983194624574453922300000000","pnu":"1159010100102320234","name":"서울특별시 동작구 노량진동","address":"서울특별시 동작구 노량진동","useName":"제1종근린생활시설","floors":3.0,"height":10.6,"heightSource":"estimated","heightRaw":0.0,"sourceDate":"2026-09-09"},"geometry":{"type":"Polygon","coordinates":[[[126.93995397,37.51066302],[126.93995493,37.51081057],[126.93999999,37.51080975],[126.94002492,37.51080919],[126.94002539,37.51066335],[126.94000011,37.51066334],[126.93995397,37.51066302]]]}},{"type":"Feature","id":"seoul-building-532596","properties":{"id":"seoul-building-532596","sourceId":"2006194172624455927600000000","pnu":"1159010100102670022","name":"서울특별시 동작구 노량진동","address":"서울특별시 동작구 노량진동","useName":"단독주택","floors":3.0,"height":8.2,"heightSource":"measured","heightRaw":8.2,"sourceDate":"2026-09-09"},"geometry":{"type":"Polygon","coordinates":[[[126.93483118,37.51249188],[126.93481061,37.51257298],[126.93491946,37.51259217],[126.93494163,37.51250658],[126.93487712,37.51249529],[126.93483118,37.51249188]]]}},{"type":"Feature","id":"seoul-building-532607","properties":{"id":"seoul-building-532607","sourceId":"1993194208794454689900000000","pnu":"1159010100102730007","name":"서울특별시 동작구 노량진동","address":"서울특별시 동작구 노량진동","useName":"종교시설","floors":3.0,"height":10.6,"heightSource":"estimated","heightRaw":0.0,"sourceDate":"2026-09-09"},"geometry":{"type":"Polygon","coordinates":[[[126.93536828,37.51145715],[126.93537647,37.5113741],[126.93537862,37.51135298],[126.93520631,37.5113419],[126.9351894,37.51149028],[126.93529614,37.51149654],[126.93529454,37.51151371],[126.93536222,37.51151825],[126.93536828,37.51145715]]]}},{"type":"Feature","id":"seoul-building-532643","properties":{"id":"seoul-building-532643","sourceId":"1966194363104454015800000000","pnu":"1159010100102820014","name":"서울특별시 동작구 노량진동","address":"서울특별시 동작구 노량진동","useName":"단독주택","floors":1.0,"height":4.2,"heightSource":"estimated","heightRaw":0.0,"sourceDate":"2026-09-09"},"geometry":{"type":"Polygon","coordinates":[[[126.93707676,37.5107812],[126.93698221,37.51078537],[126.93698674,37.51085577],[126.93708306,37.510853],[126.93707676,37.5107812]]]}},{"type":"Feature","id":"seoul-building-532684","properties":{"id":"seoul-building-532684","sourceId":"1978194059994454288100000000","pnu":"1159010800100440209","name":"서울특별시 동작구 대방동","address":"서울특별시 동작구 대방동","useName":"단독주택","floors":2.0,"height":7.4,"heightSource":"estimated","heightRaw":0.0,"sourceDate":"2026-09-09"},"geometry":{"type":"Polygon","coordinates":[[[126.93359802,37.51100877],[126.93357731,37.51104564],[126.93355523,37.5110383],[126.9335324,37.51107996],[126.93362479,37.51111634],[126.93366957,37.51103556],[126.93359802,37.51100877]]]}},{"type":"Feature","id":"seoul-building-532717","properties":{"id":"seoul-building-532717","sourceId":"1993193996594454311700000000","pnu":"1159010800100320037","name":"서울특별시 동작구 대방동","address":"서울특별시 동작구 대방동","useName":"단독주택","floors":3.0,"height":7.2,"heightSource":"measured","heightRaw":7.2,"sourceDate":"2026-09-09"},"geometry":{"type":"Polygon","coordinates":[[[126.9327884,37.51103956],[126.93278217,37.51108771],[126.93279365,37.51109306],[126.93279293,37.51111052],[126.93285496,37.51111647],[126.93285388,37.51112745],[126.93285476,37.51113055],[126.93285935,37.51113252],[126.93287031,37.51113366],[126.93287826,37.5111345],[126.93288162,37.51113394],[126.9328848,37.51113225],[126.93288694,37.51111958],[126.93292052,37.51112242],[126.9329767,37.51112724],[126.9329872,37.51105038],[126.93292041,37.51104302],[126.93289885,37.51104047],[126.9328969,37.51105371],[126.93286403,37.511052],[126.93286439,37.51104581],[126.9327884,37.51103956]]]}},{"type":"Feature","id":"seoul-building-532776","properties":{"id":"seoul-building-532776","sourceId":"1989194459574454091000000000","pnu":"1159010100102490071","name":"서울특별시 동작구 노량진동","address":"서울특별시 동작구 노량진동","useName":"단독주택","floors":2.0,"height":7.4,"heightSource":"estimated","heightRaw":0.0,"sourceDate":"2026-09-09"},"geometry":{"type":"Polygon","coordinates":[[[126.93812894,37.51084566],[126.93808104,37.51084648],[126.93808346,37.5109287],[126.93816794,37.51092537],[126.93816358,37.5108485],[126.93812999,37.51084904],[126.93812894,37.51084566]]]}},{"type":"Feature","id":"seoul-building-532785","properties":{"id":"seoul-building-532785","sourceId":"0000194423844454741800000000","pnu":"1159010100102550017","name":"서울특별시 동작구 노량진동","address":"서울특별시 동작구 노량진동","useName":"","floors":0.0,"height":0,"heightSource":"unknown","heightRaw":0.0,"sourceDate":"2026-09-09"},"geometry":{"type":"Polygon","coordinates":[[[126.93769841,37.51150429],[126.93771415,37.51148347],[126.93775906,37.5114652],[126.9377368,37.51144604],[126.93769667,37.51147276],[126.93768551,37.5114964],[126.93769558,37.51150796],[126.93769841,37.51150429]]]}},{"type":"Feature","id":"seoul-building-532808","properties":{"id":"seoul-building-532808","sourceId":"1990194411314454064300000000","pnu":"1159010100102510008","name":"서울특별시 동작구 노량진동","address":"서울특별시 동작구 노량진동","useName":"단독주택","floors":2.0,"height":7.4,"heightSource":"estimated","heightRaw":0.0,"sourceDate":"2026-09-09"},"geometry":{"type":"Polygon","coordinates":[[[126.9375843,37.51080512],[126.93750948,37.51087913],[126.93751955,37.51088533],[126.93754093,37.51089069],[126.93754004,37.51089716],[126.93757182,37.51092027],[126.93763922,37.51085611],[126.9376138,37.51082456],[126.9375843,37.51080512]]]}},{"type":"Feature","id":"seoul-building-532858","properties":{"id":"seoul-building-532858","sourceId":"0000193998414455063400000000","pnu":"1159010800100410000","name":"서울특별시 동작구 대방동","address":"서울특별시 동작구 대방동","useName":"","floors":0.0,"height":0,"heightSource":"unknown","heightRaw":0.0,"sourceDate":"2026-09-09"},"geometry":{"type":"Polygon","coordinates":[[[126.93290549,37.51170777],[126.93284485,37.51173788],[126.93290876,37.51181337],[126.93292025,37.51180747],[126.93296816,37.51178327],[126.93292033,37.5117258],[126.93290549,37.51170777]]]}},{"type":"Feature","id":"seoul-building-532865","properties":{"id":"seoul-building-532865","sourceId":"1999194034324454390000000000","pnu":"1159010800100680055","name":"북대방파출소","address":"서울특별시 동작구 대방동","useName":"제1종근린생활시설","floors":2.0,"height":8.6,"heightSource":"measured","heightRaw":8.6,"sourceDate":"2026-09-09"},"geometry":{"type":"Polygon","coordinates":[[[126.93330758,37.51109251],[126.9332395,37.5111485],[126.93332691,37.51121781],[126.93337006,37.51118743],[126.93334711,37.51117109],[126.93338017,37.51114492],[126.93330758,37.51109251]]]}},{"type":"Feature","id":"seoul-building-532870","properties":{"id":"seoul-building-532870","sourceId":"2006194226044455523600000000","pnu":"1159010100102710010","name":"서울특별시 동작구 노량진동","address":"서울특별시 동작구 노량진동","useName":"단독주택","floors":4.0,"height":7.9,"heightSource":"measured","heightRaw":7.9,"sourceDate":"2026-09-09"},"geometry":{"type":"Polygon","coordinates":[[[126.93539933,37.51213011],[126.93539134,37.51217768],[126.93541943,37.51218277],[126.93541339,37.51221571],[126.93547525,37.51222222],[126.93547649,37.51221349],[126.93555742,37.51222142],[126.93556863,37.51214766],[126.93539933,37.51213011]]]}},{"type":"Feature","id":"seoul-building-532981","properties":{"id":"seoul-building-532981","sourceId":"1996193940944453646400000000","pnu":"1159010800100230024","name":"서울특별시 동작구 대방동","address":"서울특별시 동작구 대방동","useName":"단독주택","floors":4.0,"height":12.7,"heightSource":"measured","heightRaw":12.7,"sourceDate":"2026-09-09"},"geometry":{"type":"Polygon","coordinates":[[[126.93231848,37.5104466],[126.9321992,37.51044879],[126.93219683,37.51051946],[126.93231595,37.51051896],[126.93231848,37.5104466]]]}},{"type":"Feature","id":"seoul-building-532999","properties":{"id":"seoul-building-532999","sourceId":"1971194468234454449900000000","pnu":"1159010100102530005","name":"서울특별시 동작구 노량진동","address":"서울특별시 동작구 노량진동","useName":"단독주택","floors":2.0,"height":7.4,"heightSource":"estimated","heightRaw":0.0,"sourceDate":"2026-09-09"},"geometry":{"type":"Polygon","coordinates":[[[126.93828084,37.51116419],[126.93815835,37.51118946],[126.93816257,37.51120467],[126.93814719,37.51121003],[126.93816201,37.51125734],[126.9382799,37.51123261],[126.93829212,37.51120419],[126.93828084,37.51116419]]]}},{"type":"Feature","id":"seoul-building-533029","properties":{"id":"seoul-building-533029","sourceId":"1992194449774455643800000000","pnu":"1159010100102440080","name":"서울특별시 동작구 노량진동","address":"서울특별시 동작구 노량진동","useName":"제2종근린생활시설","floors":5.0,"height":13.0,"heightSource":"measured","heightRaw":13.0,"sourceDate":"2026-09-09"},"geometry":{"type":"Polygon","coordinates":[[[126.93803449,37.51223401],[126.93796449,37.51224693],[126.93798968,37.51233873],[126.93805703,37.51232694],[126.93803449,37.51223401]]]}},{"type":"Feature","id":"seoul-building-533048","properties":{"id":"seoul-building-533048","sourceId":"1993194402804454616800000000","pnu":"1159010100102800028","name":"서울특별시 동작구 노량진동","address":"서울특별시 동작구 노량진동","useName":"단독주택","floors":2.0,"height":7.4,"heightSource":"estimated","heightRaw":0.0,"sourceDate":"2026-09-09"},"geometry":{"type":"Polygon","coordinates":[[[126.93745875,37.51131919],[126.93743629,37.5113341],[126.93742441,37.51137999],[126.93753008,37.51139807],[126.93754037,37.51136147],[126.93753912,37.51135922],[126.93752464,37.51135667],[126.93751476,37.51134034],[126.93749513,37.51133751],[126.93749673,37.51133245],[126.93748809,37.51132399],[126.93745875,37.51131919]]]}},{"type":"Feature","id":"seoul-building-533052","properties":{"id":"seoul-building-533052","sourceId":"0000194594084454616800000000","pnu":"1159010100102400030","name":"서울특별시 동작구 노량진동","address":"서울특별시 동작구 노량진동","useName":"","floors":0.0,"height":0,"heightSource":"unknown","heightRaw":0.0,"sourceDate":"2026-09-09"},"geometry":{"type":"Polygon","coordinates":[[[126.93968569,37.5113378],[126.93959396,37.5113524],[126.93960171,37.51138563],[126.9396954,37.51137159],[126.93968569,37.5113378]]]}},{"type":"Feature","id":"seoul-building-533077","properties":{"id":"seoul-building-533077","sourceId":"1989194311444454030700000000","pnu":"1159010100102820006","name":"서울특별시 동작구 노량진동","address":"서울특별시 동작구 노량진동","useName":"단독주택","floors":2.0,"height":7.4,"heightSource":"estimated","heightRaw":0.0,"sourceDate":"2026-09-09"},"geometry":{"type":"Polygon","coordinates":[[[126.93645256,37.51077749],[126.93645254,37.51079467],[126.93642673,37.51079493],[126.93642657,37.51078902],[126.93639352,37.51078985],[126.93639472,37.5108242],[126.93636892,37.51082475],[126.93636817,37.51087683],[126.93650532,37.51087578],[126.93650496,37.51086452],[126.93651664,37.51086396],[126.93651423,37.51077836],[126.93645256,37.51077749]]]}},{"type":"Feature","id":"seoul-building-533091","properties":{"id":"seoul-building-533091","sourceId":"1991194437824453174900000000","pnu":"1159010100102490055","name":"서울특별시 동작구 노량진동","address":"서울특별시 동작구 노량진동","useName":"단독주택","floors":2.0,"height":7.4,"heightSource":"estimated","heightRaw":0.0,"sourceDate":"2026-09-09"},"geometry":{"type":"Polygon","coordinates":[[[126.93789035,37.51000226],[126.93782478,37.51000307],[126.93782081,37.51011175],[126.93786657,37.5101129],[126.93786657,37.51011628],[126.93790599,37.51011602],[126.93790617,37.51011208],[126.93792013,37.51011181],[126.93794098,37.51011097],[126.9379412,37.51006001],[126.93793201,37.51006001],[126.93792976,37.5100158],[126.93792003,37.51001551],[126.93789052,37.51001521],[126.93789035,37.51000226]]]}},{"type":"Feature","id":"seoul-building-533095","properties":{"id":"seoul-building-533095","sourceId":"1981194592334455070500000000","pnu":"1159010100102400023","name":"서울특별시 동작구 노량진동","address":"서울특별시 동작구 노량진동","useName":"제1종근린생활시설","floors":3.0,"height":10.6,"heightSource":"estimated","heightRaw":0.0,"sourceDate":"2026-09-09"},"geometry":{"type":"Polygon","coordinates":[[[126.93969299,37.51171651],[126.93960124,37.51174828],[126.93958553,37.51171871],[126.93951324,37.5117426],[126.93954429,37.51181217],[126.93973815,37.51180832],[126.93969299,37.51171651]]]}},{"type":"Feature","id":"seoul-building-533130","properties":{"id":"seoul-building-533130","sourceId":"1969194307064458424900000000","pnu":"1159010100100130006","name":"서울특별시 동작구 노량진동","address":"서울특별시 동작구 노량진동","useName":"","floors":0.0,"height":0,"heightSource":"unknown","heightRaw":0.0,"sourceDate":"2026-09-09"},"geometry":{"type":"Polygon","coordinates":[[[126.93639053,37.51494487],[126.93672893,37.51499997],[126.93678671,37.51500957],[126.93678902,37.515],[126.93686119,37.51471368],[126.93608066,37.51458459],[126.93600503,37.51457216],[126.93592912,37.51486973],[126.93639053,37.51494487]]]}},{"type":"Feature","id":"seoul-building-533142","properties":{"id":"seoul-building-533142","sourceId":"2000194480614454301500000000","pnu":"1159010100102440028","name":"서울특별시 동작구 노량진동","address":"서울특별시 동작구 노량진동","useName":"단독주택","floors":3.0,"height":9.1,"heightSource":"measured","heightRaw":9.1,"sourceDate":"2026-09-09"},"geometry":{"type":"Polygon","coordinates":[[[126.93831258,37.51103216],[126.93830318,37.51106932],[126.93831128,37.5111079],[126.93837543,37.51111751],[126.93837595,37.5111299],[126.9384021,37.51113132],[126.9384195,37.51104376],[126.93831258,37.51103216]]]}},{"type":"Feature","id":"seoul-building-533147","properties":{"id":"seoul-building-533147","sourceId":"0000194173614455490900000000","pnu":"1159010100102700002","name":"서울특별시 동작구 노량진동","address":"서울특별시 동작구 노량진동","useName":"","floors":0.0,"height":0,"heightSource":"unknown","heightRaw":0.0,"sourceDate":"2026-09-09"},"geometry":{"type":"Polygon","coordinates":[[[126.93488028,37.51212166],[126.93485781,37.5121453],[126.93490586,37.51217291],[126.93491719,37.51215997],[126.93489721,37.51214898],[126.93490695,37.51213716],[126.93488028,37.51212166]]]}},{"type":"Feature","id":"seoul-building-533172","properties":{"id":"seoul-building-533172","sourceId":"1988194199144453366500000000","pnu":"1159010100102940179","name":"서울특별시 동작구 노량진동","address":"서울특별시 동작구 노량진동","useName":"단독주택","floors":2.0,"height":7.4,"heightSource":"estimated","heightRaw":0.0,"sourceDate":"2026-09-09"},"geometry":{"type":"Polygon","coordinates":[[[126.93513979,37.51018971],[126.9351226,37.51025699],[126.93521731,37.51027564],[126.93523591,37.5102137],[126.93520305,37.51020721],[126.9352043,37.51020045],[126.93513979,37.51018971]]]}},{"type":"Feature","id":"seoul-building-533185","properties":{"id":"seoul-building-533185","sourceId":"0000194310284458618800000000","pnu":"1159010100100130006","name":"서울특별시 동작구 노량진동","address":"서울특별시 동작구 노량진동","useName":"","floors":0.0,"height":0,"heightSource":"unknown","heightRaw":0.0,"sourceDate":"2026-09-09"},"geometry":{"type":"Polygon","coordinates":[[[126.93639053,37.51494487],[126.9363845,37.5149719],[126.93647356,37.51498602],[126.93647959,37.51496154],[126.93639053,37.51494487]]]}},{"type":"Feature","id":"seoul-building-533191","properties":{"id":"seoul-building-533191","sourceId":"1985194341394454814600000000","pnu":"1159010100102560032","name":"서울특별시 동작구 노량진동","address":"서울특별시 동작구 노량진동","useName":"단독주택","floors":2.0,"height":7.4,"heightSource":"estimated","heightRaw":0.0,"sourceDate":"2026-09-09"},"geometry":{"type":"Polygon","coordinates":[[[126.93674073,37.5114914],[126.93672493,37.51157108],[126.93683591,37.51158155],[126.93684744,37.51153623],[126.93684161,37.51153538],[126.93684604,37.51151117],[126.93680028,37.51150439],[126.93680134,37.51149819],[126.93674073,37.5114914]]]}},{"type":"Feature","id":"seoul-building-533194","properties":{"id":"seoul-building-533194","sourceId":"1987194053564454440900000000","pnu":"1159010800100440165","name":"서울특별시 동작구 대방동","address":"서울특별시 동작구 대방동","useName":"단독주택","floors":2.0,"height":7.4,"heightSource":"estimated","heightRaw":0.0,"sourceDate":"2026-09-09"},"geometry":{"type":"Polygon","coordinates":[[[126.93358341,37.51114081],[126.93352278,37.51115936],[126.93352561,37.51116359],[126.93344305,37.51119198],[126.93347233,37.51125647],[126.93361763,37.51121375],[126.93358341,37.51114081]]]}},{"type":"Feature","id":"seoul-building-533197","properties":{"id":"seoul-building-533197","sourceId":"1997194036524456146900000000","pnu":"1159010800100490006","name":"서울특별시 동작구 대방동","address":"서울특별시 동작구 대방동","useName":"","floors":0.0,"height":0,"heightSource":"unknown","heightRaw":0.0,"sourceDate":"2026-09-09"},"geometry":{"type":"Polygon","coordinates":[[[126.93317256,37.51288543],[126.9331746,37.51297356],[126.9332391,37.51297134],[126.93324062,37.51305469],[126.93345146,37.51305368],[126.9334501,37.51280929],[126.93344781,37.51240045],[126.93323643,37.51240174],[126.93323893,37.51256815],[126.93321313,37.51256954],[126.93321399,37.51258756],[126.93324051,37.51258645],[126.93323536,37.51280944],[126.93323408,37.51286407],[126.93317205,37.51286629],[126.93317256,37.51288543]]]}},{"type":"Feature","id":"seoul-building-533288","properties":{"id":"seoul-building-533288","sourceId":"2005194394194454972200000000","pnu":"1159010100102560037","name":"서울특별시 동작구 노량진동","address":"서울특별시 동작구 노량진동","useName":"제2종근린생활시설","floors":1.0,"height":4.2,"heightSource":"estimated","heightRaw":0.0,"sourceDate":"2026-09-09"},"geometry":{"type":"Polygon","coordinates":[[[126.93733088,37.51163278],[126.93731668,37.51171612],[126.9374342,37.51172857],[126.9374514,37.51164664],[126.93733088,37.51163278]]]}},{"type":"Feature","id":"seoul-building-533359","properties":{"id":"seoul-building-533359","sourceId":"1972193942554453204400000000","pnu":"1159010800100200077","name":"서울특별시 동작구 대방동","address":"서울특별시 동작구 대방동","useName":"단독주택","floors":2.0,"height":7.4,"heightSource":"estimated","heightRaw":0.0,"sourceDate":"2026-09-09"},"geometry":{"type":"Polygon","coordinates":[[[126.93223119,37.51003773],[126.9322251,37.51012697],[126.93232318,37.51013238],[126.93232592,37.51004284],[126.93223119,37.51003773]]]}},{"type":"Feature","id":"seoul-building-533366","properties":{"id":"seoul-building-533366","sourceId":"1992194382674453545700000000","pnu":"1159010100102500006","name":"서울특별시 동작구 노량진동","address":"서울특별시 동작구 노량진동","useName":"단독주택","floors":2.0,"height":7.4,"heightSource":"estimated","heightRaw":0.0,"sourceDate":"2026-09-09"},"geometry":{"type":"Polygon","coordinates":[[[126.93730103,37.51035333],[126.93719763,37.51036088],[126.93720535,37.51043719],[126.93731192,37.51042993],[126.93730103,37.51035333]]]}},{"type":"Feature","id":"seoul-building-533380","properties":{"id":"seoul-building-533380","sourceId":"2004194088244454044500000000","pnu":"1159010800100440151","name":"영진교회 교육관","address":"서울특별시 동작구 대방동","useName":"교육연구시설","floors":3.0,"height":9.1,"heightSource":"measured","heightRaw":9.1,"sourceDate":"2026-09-09"},"geometry":{"type":"Polygon","coordinates":[[[126.93384391,37.51073973],[126.93378394,37.51080191],[126.93401285,37.51095156],[126.93404434,37.51091498],[126.93402439,37.51090398],[126.93405322,37.51087472],[126.93384391,37.51073973]]]}},{"type":"Feature","id":"seoul-building-533414","properties":{"id":"seoul-building-533414","sourceId":"0000194217204455004700000000","pnu":"1159010100102720008","name":"서울특별시 동작구 노량진동","address":"서울특별시 동작구 노량진동","useName":"","floors":0.0,"height":0,"heightSource":"unknown","heightRaw":0.0,"sourceDate":"2026-09-09"},"geometry":{"type":"Polygon","coordinates":[[[126.93535058,37.51168606],[126.93534278,37.51172237],[126.93541116,37.51173142],[126.93542162,37.51169708],[126.93535058,37.51168606]]]}},{"type":"Feature","id":"seoul-building-533443","properties":{"id":"seoul-building-533443","sourceId":"1994193868514456054100000000","pnu":"1159010800105020000","name":"서울특별시 동작구 대방동","address":"서울특별시 동작구 대방동","useName":"","floors":0.0,"height":0,"heightSource":"unknown","heightRaw":0.0,"sourceDate":"2026-09-09"},"geometry":{"type":"Polygon","coordinates":[[[126.93145671,37.51263132],[126.93141553,37.51263242],[126.9314169,37.51267297],[126.93145684,37.51267299],[126.93145671,37.51263132]]]}},{"type":"Feature","id":"seoul-building-533463","properties":{"id":"seoul-building-533463","sourceId":"1993194362014453883700000000","pnu":"1159010100102820030","name":"서울특별시 동작구 노량진동","address":"서울특별시 동작구 노량진동","useName":"단독주택","floors":2.0,"height":7.1,"heightSource":"measured","heightRaw":7.1,"sourceDate":"2026-09-09"},"geometry":{"type":"Polygon","coordinates":[[[126.93706486,37.51063816],[126.93697614,37.5106398],[126.93697558,37.51067444],[126.93697133,37.51067471],[126.93697303,37.5107589],[126.93707466,37.51075783],[126.93707485,37.51073896],[126.93706584,37.51073868],[126.93706486,37.51063816]]]}},{"type":"Feature","id":"seoul-building-533492","properties":{"id":"seoul-building-533492","sourceId":"1988194368484454804800000000","pnu":"1159010100102560025","name":"서울특별시 동작구 노량진동","address":"서울특별시 동작구 노량진동","useName":"단독주택","floors":2.0,"height":7.4,"heightSource":"estimated","heightRaw":0.0,"sourceDate":"2026-09-09"},"geometry":{"type":"Polygon","coordinates":[[[126.9370433,37.51147607],[126.93702079,37.51156109],[126.93714536,37.51158171],[126.93716469,37.51150036],[126.93708977,37.51148877],[126.93709014,37.51148117],[126.9370433,37.51147607]]]}},{"type":"Feature","id":"seoul-building-533506","properties":{"id":"seoul-building-533506","sourceId":"1977194015714454667800000000","pnu":"1159010800100430019","name":"서울특별시 동작구 대방동","address":"서울특별시 동작구 대방동","useName":"공동주택","floors":2.0,"height":6.9,"heightSource":"estimated","heightRaw":0.0,"sourceDate":"2026-09-09"},"geometry":{"type":"Polygon","coordinates":[[[126.93314799,37.51130359],[126.93299126,37.51146681],[126.93305802,37.51150373],[126.93313639,37.51142156],[126.93314098,37.51142382],[126.93317106,37.5113923],[126.93316453,37.51138864],[126.93321281,37.51134221],[126.93314799,37.51130359]]]}},{"type":"Feature","id":"seoul-building-533507","properties":{"id":"seoul-building-533507","sourceId":"1994193767004456465800000000","pnu":"1159010800105020000","name":"대방동현대아파트현대종합상가","address":"서울특별시 동작구 대방동","useName":"공동주택","floors":2.0,"height":6.9,"heightSource":"estimated","heightRaw":0.0,"sourceDate":"2026-09-09"},"geometry":{"type":"Polygon","coordinates":[[[126.93030478,37.51299443],[126.93000009,37.51299763],[126.92996333,37.51299789],[126.92996488,37.51304632],[126.93000005,37.51304606],[126.93064512,37.51304419],[126.93064322,37.51300308],[126.93030548,37.51300569],[126.93030478,37.51299443]]]}},{"type":"Feature","id":"seoul-building-533511","properties":{"id":"seoul-building-533511","sourceId":"0000194373404453387700000000","pnu":"1159010100102910014","name":"서울특별시 동작구 노량진동","address":"서울특별시 동작구 노량진동","useName":"","floors":0.0,"height":0,"heightSource":"unknown","heightRaw":0.0,"sourceDate":"2026-09-09"},"geometry":{"type":"Polygon","coordinates":[[[126.93713606,37.51023724],[126.93712986,37.51026005],[126.9371606,37.51027161],[126.93716361,37.51027161],[126.9371647,37.5102398],[126.93713606,37.51023724]]]}},{"type":"Feature","id":"seoul-building-533514","properties":{"id":"seoul-building-533514","sourceId":"1997194506704455476600000000","pnu":"1159010100102440069","name":"서울특별시 동작구 노량진동","address":"서울특별시 동작구 노량진동","useName":"제1종근린생활시설","floors":4.0,"height":12.0,"heightSource":"measured","heightRaw":12.0,"sourceDate":"2026-09-09"},"geometry":{"type":"Polygon","coordinates":[[[126.93865033,37.51209637],[126.93861321,37.51210705],[126.93859444,37.51214983],[126.93860943,37.51218138],[126.93872928,37.51214484],[126.93871588,37.51211301],[126.93865033,37.51209637]]]}},{"type":"Feature","id":"seoul-building-533552","properties":{"id":"seoul-building-533552","sourceId":"1985194403614453235600000000","pnu":"1159010100102490007","name":"서울특별시 동작구 노량진동","address":"서울특별시 동작구 노량진동","useName":"단독주택","floors":1.0,"height":4.2,"heightSource":"estimated","heightRaw":0.0,"sourceDate":"2026-09-09"},"geometry":{"type":"Polygon","coordinates":[[[126.93752889,37.51007048],[126.93744742,37.51007832],[126.937453,37.51015971],[126.93753377,37.51015693],[126.93752889,37.51007048]]]}},{"type":"Feature","id":"seoul-building-533580","properties":{"id":"seoul-building-533580","sourceId":"1989194418264454906900000000","pnu":"1159010100102550011","name":"서울특별시 동작구 노량진동","address":"서울특별시 동작구 노량진동","useName":"단독주택","floors":2.0,"height":7.4,"heightSource":"estimated","heightRaw":0.0,"sourceDate":"2026-09-09"},"geometry":{"type":"Polygon","coordinates":[[[126.93767876,37.51155497],[126.93763703,37.51157326],[126.93758396,37.51163489],[126.93761644,37.51168531],[126.93773348,37.51163469],[126.93767876,37.51155497]]]}},{"type":"Feature","id":"seoul-building-533581","properties":{"id":"seoul-building-533581","sourceId":"1999193745694457822800000000","pnu":"1159010800105050000","name":"서울특별시 동작구 대방동","address":"서울특별시 동작구 대방동","useName":"","floors":0.0,"height":0,"heightSource":"unknown","heightRaw":0.0,"sourceDate":"2026-09-09"},"geometry":{"type":"Polygon","coordinates":[[[126.93005724,37.51426019],[126.93005883,37.51425963],[126.93005883,37.51426302],[126.93007703,37.51426386],[126.93007918,37.51423177],[126.93001202,37.51422807],[126.93001271,37.51425707],[126.93002277,37.5142582],[126.93005724,37.51426019]]]}},{"type":"Feature","id":"seoul-building-533588","properties":{"id":"seoul-building-533588","sourceId":"1971193962244454649000000000","pnu":"1159010800100230011","name":"서울특별시 동작구 대방동","address":"서울특별시 동작구 대방동","useName":"단독주택","floors":2.0,"height":7.4,"heightSource":"estimated","heightRaw":0.0,"sourceDate":"2026-09-09"},"geometry":{"type":"Polygon","coordinates":[[[126.93254565,37.51134464],[126.93243819,37.51135753],[126.93244062,37.51139104],[126.93243498,37.51139413],[126.93244184,37.51142539],[126.93247471,37.51142147],[126.93247471,37.51142569],[126.93253073,37.5114215],[126.93253109,37.51141699],[126.93256078,37.51141391],[126.93255637,37.51140829],[126.93256185,37.51140688],[126.93255535,37.51136689],[126.93255182,37.51136802],[126.93254565,37.51134464]]]}},{"type":"Feature","id":"seoul-building-533643","properties":{"id":"seoul-building-533643","sourceId":"1992194352744453900100000000","pnu":"1159010100102820031","name":"서울특별시 동작구 노량진동","address":"서울특별시 동작구 노량진동","useName":"단독주택","floors":3.0,"height":9.1,"heightSource":"measured","heightRaw":9.1,"sourceDate":"2026-09-09"},"geometry":{"type":"Polygon","coordinates":[[[126.93696603,37.51066992],[126.93686636,37.51067212],[126.93686792,37.51071802],[126.93685802,37.51071998],[126.93685957,37.51075687],[126.93696791,37.51075608],[126.93696603,37.51066992]]]}},{"type":"Feature","id":"seoul-building-533661","properties":{"id":"seoul-building-533661","sourceId":"0000193952314454103200000000","pnu":"1159010800100320031","name":"서울특별시 동작구 대방동","address":"서울특별시 동작구 대방동","useName":"","floors":0.0,"height":0,"heightSource":"unknown","heightRaw":0.0,"sourceDate":"2026-09-09"},"geometry":{"type":"Polygon","coordinates":[[[126.9323969,37.51088476],[126.93237357,37.51089038],[126.93237444,37.5109053],[126.93239883,37.51089968],[126.9323969,37.51088476]]]}},{"type":"Feature","id":"seoul-building-533668","properties":{"id":"seoul-building-533668","sourceId":"1984194609084453821400000000","pnu":"1159010100102350007","name":"서울특별시 동작구 노량진동","address":"서울특별시 동작구 노량진동","useName":"제1종근린생활시설","floors":2.0,"height":7.4,"heightSource":"estimated","heightRaw":0.0,"sourceDate":"2026-09-09"},"geometry":{"type":"Polygon","coordinates":[[[126.93983651,37.51059765],[126.93976492,37.51061254],[126.93979083,37.51069308],[126.93986596,37.5106765],[126.93983651,37.51059765]]]}},{"type":"Feature","id":"seoul-building-533672","properties":{"id":"seoul-building-533672","sourceId":"1981194539514455613200000000","pnu":"1159010100100470002","name":"서울특별시 동작구 노량진동","address":"서울특별시 동작구 노량진동","useName":"","floors":0.0,"height":0,"heightSource":"unknown","heightRaw":0.0,"sourceDate":"2026-09-09"},"geometry":{"type":"Polygon","coordinates":[[[126.9390542,37.5122734],[126.93905422,37.51224524],[126.93899873,37.51224492],[126.93899871,37.51227365],[126.9390542,37.5122734]]]}},{"type":"Feature","id":"seoul-building-533707","properties":{"id":"seoul-building-533707","sourceId":"1989194423944455001600000000","pnu":"1159010100102550010","name":"서울특별시 동작구 노량진동","address":"서울특별시 동작구 노량진동","useName":"단독주택","floors":3.0,"height":10.6,"heightSource":"estimated","heightRaw":0.0,"sourceDate":"2026-09-09"},"geometry":{"type":"Polygon","coordinates":[[[126.93774371,37.51165271],[126.93771243,37.51166481],[126.93770766,37.51165664],[126.93764702,37.51168082],[126.93769979,37.51176785],[126.93779402,37.51172905],[126.93774371,37.51165271]]]}},{"type":"Feature","id":"seoul-building-533748","properties":{"id":"seoul-building-533748","sourceId":"1990194509894454664800000000","pnu":"1159010100102440009","name":"서울특별시 동작구 노량진동","address":"서울특별시 동작구 노량진동","useName":"단독주택","floors":2.0,"height":7.4,"heightSource":"estimated","heightRaw":0.0,"sourceDate":"2026-09-09"},"geometry":{"type":"Polygon","coordinates":[[[126.93864953,37.51134684],[126.93861394,37.51142538],[126.93873957,37.51146177],[126.9387601,37.51141701],[126.93874932,37.51141419],[126.93876615,37.51138126],[126.93864953,37.51134684]]]}},{"type":"Feature","id":"seoul-building-533749","properties":{"id":"seoul-building-533749","sourceId":"1961194348024453666700000000","pnu":"1159010100102890078","name":"서울특별시 동작구 노량진동","address":"서울특별시 동작구 노량진동","useName":"단독주택","floors":1.0,"height":4.2,"heightSource":"estimated","heightRaw":0.0,"sourceDate":"2026-09-09"},"geometry":{"type":"Polygon","coordinates":[[[126.93688176,37.51044997],[126.93684252,37.51044995],[126.93683307,37.51054681],[126.93689581,37.51055023],[126.93689689,37.51051869],[126.93687693,37.51051727],[126.93688176,37.51044997]]]}},{"type":"Feature","id":"seoul-building-533766","properties":{"id":"seoul-building-533766","sourceId":"0000194301274455567800000000","pnu":"1159010100102770002","name":"서울특별시 동작구 노량진동","address":"서울특별시 동작구 노량진동","useName":"","floors":0.0,"height":0,"heightSource":"unknown","heightRaw":0.0,"sourceDate":"2026-09-09"},"geometry":{"type":"Polygon","coordinates":[[[126.93631015,37.51219677],[126.93630094,37.51222436],[126.93635271,37.51223677],[126.93636369,37.51221032],[126.93631015,37.51219677]]]}},{"type":"Feature","id":"seoul-building-533832","properties":{"id":"seoul-building-533832","sourceId":"1963194495684453688700000000","pnu":"1159010100102480029","name":"서울특별시 동작구 노량진동","address":"서울특별시 동작구 노량진동","useName":"단독주택","floors":1.0,"height":4.2,"heightSource":"estimated","heightRaw":0.0,"sourceDate":"2026-09-09"},"geometry":{"type":"Polygon","coordinates":[[[126.93849631,37.51047588],[126.93848373,37.51051473],[126.93848885,37.51051586],[126.9384807,37.51054373],[126.93856127,37.51057305],[126.93859101,37.51051253],[126.93849631,37.51047588]]]}},{"type":"Feature","id":"seoul-building-533880","properties":{"id":"seoul-building-533880","sourceId":"1991193965794453219900000000","pnu":"1159010800100200014","name":"서울특별시 동작구 대방동","address":"서울특별시 동작구 대방동","useName":"단독주택","floors":3.0,"height":10.6,"heightSource":"estimated","heightRaw":0.0,"sourceDate":"2026-09-09"},"geometry":{"type":"Polygon","coordinates":[[[126.93246658,37.51005194],[126.93246527,37.51014063],[126.93262343,37.51014409],[126.93262362,37.51013255],[126.93261425,37.51013226],[126.93261185,37.51006018],[126.93255565,37.51005874],[126.93255512,37.51005395],[126.93246658,37.51005194]]]}},{"type":"Feature","id":"seoul-building-533892","properties":{"id":"seoul-building-533892","sourceId":"1988194188214454250500000000","pnu":"1159010100102730061","name":"서울특별시 동작구 노량진동","address":"서울특별시 동작구 노량진동","useName":"단독주택","floors":2.0,"height":7.4,"heightSource":"estimated","heightRaw":0.0,"sourceDate":"2026-09-09"},"geometry":{"type":"Polygon","coordinates":[[[126.93504121,37.51097212],[126.93502565,37.51099577],[126.93502176,37.51099294],[126.93499999,37.51102447],[126.93497912,37.51105487],[126.93499996,37.51106417],[126.93501515,37.51107094],[126.93501833,37.511067],[126.9350678,37.51108674],[126.93512973,37.5110054],[126.93507815,37.51098256],[126.93507461,37.51098594],[126.93504121,37.51097212]]]}},{"type":"Feature","id":"seoul-building-533900","properties":{"id":"seoul-building-533900","sourceId":"0000194446034458488500000000","pnu":"1159010100100130008","name":"서울특별시 동작구 노량진동","address":"서울특별시 동작구 노량진동","useName":"","floors":0.0,"height":0,"heightSource":"unknown","heightRaw":0.0,"sourceDate":"2026-09-09"},"geometry":{"type":"Polygon","coordinates":[[[126.93798868,37.51482324],[126.93795352,37.51481816],[126.93795153,37.51488264],[126.93797256,37.51488405],[126.93798868,37.51482324]]]}},{"type":"Feature","id":"seoul-building-534001","properties":{"id":"seoul-building-534001","sourceId":"1987194313604453577200000000","pnu":"1159010100102890087","name":"서울특별시 동작구 노량진동","address":"서울특별시 동작구 노량진동","useName":"단독주택","floors":2.0,"height":7.4,"heightSource":"estimated","heightRaw":0.0,"sourceDate":"2026-09-09"},"geometry":{"type":"Polygon","coordinates":[[[126.93644936,37.51036471],[126.93640229,37.51045563],[126.93647649,37.51047932],[126.93648074,37.51046862],[126.93649912,37.5104737],[126.93651471,37.51043964],[126.93652389,37.51044218],[126.93654602,37.51039686],[126.93644936,37.51036471]]]}},{"type":"Feature","id":"seoul-building-534014","properties":{"id":"seoul-building-534014","sourceId":"1991194426794454141600000000","pnu":"1159010100102490024","name":"서울특별시 동작구 노량진동","address":"서울특별시 동작구 노량진동","useName":"단독주택","floors":2.0,"height":7.4,"heightSource":"estimated","heightRaw":0.0,"sourceDate":"2026-09-09"},"geometry":{"type":"Polygon","coordinates":[[[126.93768974,37.5108812],[126.93768917,37.51093863],[126.93771107,37.51093921],[126.93771352,37.51098117],[126.93773561,37.5109809],[126.93773488,37.51099385],[126.93780046,37.51099501],[126.93780033,37.51093869],[126.9378081,37.51093842],[126.93780868,37.51088351],[126.93768974,37.5108812]]]}},{"type":"Feature","id":"seoul-building-534075","properties":{"id":"seoul-building-534075","sourceId":"1996194315954456362100000000","pnu":"1159010100100310015","name":"서울특별시 동작구 노량진동","address":"서울특별시 동작구 노량진동","useName":"제2종근린생활시설","floors":6.0,"height":23.15,"heightSource":"measured","heightRaw":23.15,"sourceDate":"2026-09-09"},"geometry":{"type":"Polygon","coordinates":[[[126.93639711,37.512814],[126.93636315,37.51284947],[126.93635572,37.51284636],[126.93631662,37.51288971],[126.93654343,37.51303258],[126.93665866,37.51302222],[126.9366439,37.51292648],[126.93660024,37.51292787],[126.93652094,37.51287376],[126.93651174,37.5128822],[126.93639711,37.512814]]]}},{"type":"Feature","id":"seoul-building-534275","properties":{"id":"seoul-building-534275","sourceId":"1992194526724454464900000000","pnu":"1159010100102460068","name":"서울특별시 동작구 노량진동","address":"서울특별시 동작구 노량진동","useName":"단독주택","floors":2.0,"height":7.4,"heightSource":"estimated","heightRaw":0.0,"sourceDate":"2026-09-09"},"geometry":{"type":"Polygon","coordinates":[[[126.93884089,37.51117125],[126.93880919,37.51124726],[126.93891945,37.51127715],[126.93893503,37.51124309],[126.93894246,37.51124506],[126.93895909,37.51120537],[126.93884089,37.51117125]]]}},{"type":"Feature","id":"seoul-building-534372","properties":{"id":"seoul-building-534372","sourceId":"0000193948424456706800000000","pnu":"1159010800100480003","name":"서울특별시 동작구 대방동","address":"서울특별시 동작구 대방동","useName":"","floors":0.0,"height":0,"heightSource":"unknown","heightRaw":0.0,"sourceDate":"2026-09-09"},"geometry":{"type":"Polygon","coordinates":[[[126.93238437,37.51323337],[126.93229536,37.51323314],[126.93229523,37.51324837],[126.93238436,37.51324869],[126.93238437,37.51323337]]]}},{"type":"Feature","id":"seoul-building-534384","properties":{"id":"seoul-building-534384","sourceId":"1991194504134453237700000000","pnu":"1159010100102480019","name":"서울특별시 동작구 노량진동","address":"서울특별시 동작구 노량진동","useName":"단독주택","floors":2.0,"height":7.4,"heightSource":"estimated","heightRaw":0.0,"sourceDate":"2026-09-09"},"geometry":{"type":"Polygon","coordinates":[[[126.9385965,37.51005585],[126.9385436,37.51014113],[126.93863352,37.510173],[126.9386468,37.51015583],[126.93866693,37.51016316],[126.93867154,37.51015049],[126.93869292,37.51015586],[126.9387191,37.51011673],[126.93864755,37.51008008],[126.93865144,37.51007445],[126.9385965,37.51005585]]]}},{"type":"Feature","id":"seoul-building-534385","properties":{"id":"seoul-building-534385","sourceId":"1984194160484453477200000000","pnu":"1159010800100440084","name":"서울특별시 동작구 대방동","address":"서울특별시 동작구 대방동","useName":"단독주택","floors":2.0,"height":7.4,"heightSource":"estimated","heightRaw":0.0,"sourceDate":"2026-09-09"},"geometry":{"type":"Polygon","coordinates":[[[126.93476435,37.51028777],[126.93469592,37.51032153],[126.93465263,37.510317],[126.93464571,37.51034796],[126.93480386,37.51037142],[126.93481203,37.51033172],[126.93479294,37.51032804],[126.93480128,37.51029285],[126.93476435,37.51028777]]]}},{"type":"Feature","id":"seoul-building-534414","properties":{"id":"seoul-building-534414","sourceId":"1969194300414454678000000000","pnu":"1159010100102840026","name":"서울특별시 동작구 노량진동","address":"서울특별시 동작구 노량진동","useName":"공동주택","floors":2.0,"height":6.9,"heightSource":"estimated","heightRaw":0.0,"sourceDate":"2026-09-09"},"geometry":{"type":"Polygon","coordinates":[[[126.93636598,37.51136675],[126.93631174,37.511367],[126.93631224,37.5113915],[126.93629422,37.51139205],[126.93629438,37.51139965],[126.93626911,37.51140021],[126.93626995,37.5114537],[126.93636556,37.51145375],[126.93636598,37.51136675]]]}},{"type":"Feature","id":"seoul-building-534425","properties":{"id":"seoul-building-534425","sourceId":"1984194597274453728100000000","pnu":"1159010100102350008","name":"서울특별시 동작구 노량진동","address":"서울특별시 동작구 노량진동","useName":"단독주택","floors":2.0,"height":7.4,"heightSource":"estimated","heightRaw":0.0,"sourceDate":"2026-09-09"},"geometry":{"type":"Polygon","coordinates":[[[126.93966109,37.51051506],[126.93964798,37.51054912],[126.9396425,37.51054828],[126.93963046,37.51058572],[126.93966649,37.51060291],[126.93971068,37.51059646],[126.93973229,37.5105334],[126.93966109,37.51051506]]]}},{"type":"Feature","id":"seoul-building-534435","properties":{"id":"seoul-building-534435","sourceId":"1969194268524453108500000000","pnu":"1159010100102940205","name":"서울특별시 동작구 노량진동","address":"서울특별시 동작구 노량진동","useName":"","floors":0.0,"height":0,"heightSource":"unknown","heightRaw":0.0,"sourceDate":"2026-09-09"},"geometry":{"type":"Polygon","coordinates":[[[126.93591296,37.51000008],[126.93591296,37.51000177],[126.9360091,37.51000209],[126.9360091,37.50999984],[126.93591296,37.51000008]]]}},{"type":"Feature","id":"seoul-building-534449","properties":{"id":"seoul-building-534449","sourceId":"1959194594224454789600000000","pnu":"1159010100102400058","name":"서울특별시 동작구 노량진동","address":"서울특별시 동작구 노량진동","useName":"단독주택","floors":1.0,"height":4.2,"heightSource":"estimated","heightRaw":0.0,"sourceDate":"2026-09-09"},"geometry":{"type":"Polygon","coordinates":[[[126.93956928,37.51149683],[126.93962419,37.51156471],[126.93972797,37.51151211],[126.93970043,37.51148001],[126.93963166,37.51151544],[126.93960553,37.51147714],[126.93956928,37.51149683]]]}},{"type":"Feature","id":"seoul-building-534467","properties":{"id":"seoul-building-534467","sourceId":"1970194075994453681900000000","pnu":"1159010800100440249","name":"서울특별시 동작구 대방동","address":"서울특별시 동작구 대방동","useName":"단독주택","floors":2.0,"height":7.4,"heightSource":"estimated","heightRaw":0.0,"sourceDate":"2026-09-09"},"geometry":{"type":"Polygon","coordinates":[[[126.93375244,37.51045699],[126.93371067,37.51053017],[126.93382408,37.51057331],[126.93385948,37.51051505],[126.93382504,37.51050095],[126.93383141,37.51048829],[126.93375244,37.51045699]]]}},{"type":"Feature","id":"seoul-building-534482","properties":{"id":"seoul-building-534482","sourceId":"1991194482414454188500000000","pnu":"1159010100102440037","name":"서울특별시 동작구 노량진동","address":"서울특별시 동작구 노량진동","useName":"단독주택","floors":2.0,"height":7.4,"heightSource":"estimated","heightRaw":0.0,"sourceDate":"2026-09-09"},"geometry":{"type":"Polygon","coordinates":[[[126.93833724,37.51092011],[126.93831491,37.51100992],[126.93843382,37.51102547],[126.93843685,37.51100885],[126.93844037,37.51100942],[126.93844694,37.51097592],[126.93843758,37.51097366],[126.93844291,37.51094466],[126.93839961,37.51093958],[126.93840086,37.51092831],[126.93833724,37.51092011]]]}},{"type":"Feature","id":"seoul-building-534486","properties":{"id":"seoul-building-534486","sourceId":"1969194523194454614900000000","pnu":"1159010100102460061","name":"서울특별시 동작구 노량진동","address":"서울특별시 동작구 노량진동","useName":"단독주택","floors":1.0,"height":4.2,"heightSource":"estimated","heightRaw":0.0,"sourceDate":"2026-09-09"},"geometry":{"type":"Polygon","coordinates":[[[126.93880455,37.5113137],[126.93877958,37.51137563],[126.93888559,37.51140413],[126.93890614,37.51135318],[126.93888988,37.51134782],[126.93889148,37.51134219],[126.93884748,37.51133033],[126.93885031,37.51132274],[126.93880455,37.5113137]]]}},{"type":"Feature","id":"seoul-building-534497","properties":{"id":"seoul-building-534497","sourceId":"0000194621914455918200000000","pnu":"1159010100100470002","name":"서울특별시 동작구 노량진동","address":"서울특별시 동작구 노량진동","useName":"","floors":0.0,"height":0,"heightSource":"unknown","heightRaw":0.0,"sourceDate":"2026-09-09"},"geometry":{"type":"Polygon","coordinates":[[[126.93998802,37.51251743],[126.93992316,37.51252781],[126.9399279,37.51255146],[126.93999313,37.51254164],[126.93998802,37.51251743]]]}},{"type":"Feature","id":"seoul-building-534531","properties":{"id":"seoul-building-534531","sourceId":"1990194423174455624200000000","pnu":"1159010100102580037","name":"서울특별시 동작구 노량진동","address":"서울특별시 동작구 노량진동","useName":"제1종근린생활시설","floors":3.0,"height":10.6,"heightSource":"estimated","heightRaw":0.0,"sourceDate":"2026-09-09"},"geometry":{"type":"Polygon","coordinates":[[[126.93774236,37.51221724],[126.93763771,37.51224421],[126.93766309,37.5123211],[126.93778347,37.51229442],[126.93775915,37.5122212],[126.93774236,37.51221724]]]}},{"type":"Feature","id":"seoul-building-534538","properties":{"id":"seoul-building-534538","sourceId":"1967194624274453194900000000","pnu":"1159010100102330005","name":"서울특별시 동작구 노량진동","address":"서울특별시 동작구 노량진동","useName":"제1종근린생활시설","floors":2.0,"height":7.4,"heightSource":"estimated","heightRaw":0.0,"sourceDate":"2026-09-09"},"geometry":{"type":"Polygon","coordinates":[[[126.94004674,37.5100366],[126.94000007,37.51004052],[126.93991099,37.51004836],[126.9399196,37.51010918],[126.93995972,37.51010695],[126.93996061,37.51011821],[126.93996821,37.51011822],[126.93996855,37.51012469],[126.94000001,37.51012527],[126.94004967,37.51012613],[126.94004674,37.5100366]]]}},{"type":"Feature","id":"seoul-building-534540","properties":{"id":"seoul-building-534540","sourceId":"1993194271884454158700000000","pnu":"1159010100102830003","name":"(주)화동코웨이상가아파트","address":"서울특별시 동작구 노량진동","useName":"공동주택","floors":5.0,"height":16.2,"heightSource":"measured","heightRaw":16.2,"sourceDate":"2026-09-09"},"geometry":{"type":"Polygon","coordinates":[[[126.93596003,37.51076258],[126.93588496,37.51113026],[126.93597313,37.51114242],[126.93598343,37.51109201],[126.93605375,37.51110529],[126.9361157,37.51078209],[126.93596003,37.51076258]]]}},{"type":"Feature","id":"seoul-building-534550","properties":{"id":"seoul-building-534550","sourceId":"1972193933854455026000000000","pnu":"1159010800100230055","name":"서울특별시 동작구 대방동","address":"서울특별시 동작구 대방동","useName":"단독주택","floors":2.0,"height":7.4,"heightSource":"estimated","heightRaw":0.0,"sourceDate":"2026-09-09"},"geometry":{"type":"Polygon","coordinates":[[[126.93216027,37.51167328],[126.93215955,37.51167751],[126.93213022,37.51167778],[126.93212896,37.51169862],[126.93211376,37.51169945],[126.93211139,37.51177068],[126.93223263,37.51177976],[126.93223573,37.51167502],[126.93216027,37.51167328]]]}},{"type":"Feature","id":"seoul-building-534577","properties":{"id":"seoul-building-534577","sourceId":"1990194210644453621300000000","pnu":"1159010100102940325","name":"서울특별시 동작구 노량진동","address":"서울특별시 동작구 노량진동","useName":"단독주택","floors":2.0,"height":7.4,"heightSource":"estimated","heightRaw":0.0,"sourceDate":"2026-09-09"},"geometry":{"type":"Polygon","coordinates":[[[126.93528507,37.51040181],[126.93523799,37.51048174],[126.9352841,37.51049951],[126.93528162,37.51050458],[126.93533285,37.51052431],[126.93536453,37.51047056],[126.93535587,37.51046689],[126.93537323,37.51043564],[126.93528507,37.51040181]]]}},{"type":"Feature","id":"seoul-building-534675","properties":{"id":"seoul-building-534675","sourceId":"1985194289544454103300000000","pnu":"1159010100102830011","name":"서울특별시 동작구 노량진동","address":"서울특별시 동작구 노량진동","useName":"단독주택","floors":2.0,"height":7.4,"heightSource":"estimated","heightRaw":0.0,"sourceDate":"2026-09-09"},"geometry":{"type":"Polygon","coordinates":[[[126.93614359,37.51082688],[126.936123,37.5109378],[126.93627709,37.51095477],[126.9362858,37.51089565],[126.93626972,37.5108934],[126.93627274,37.5108734],[126.93621107,37.51086521],[126.93621657,37.51083564],[126.93614359,37.51082688]]]}},{"type":"Feature","id":"seoul-building-534687","properties":{"id":"seoul-building-534687","sourceId":"1993194528594453161900000000","pnu":"1159010100102480016","name":"서울특별시 동작구 노량진동","address":"서울특별시 동작구 노량진동","useName":"단독주택","floors":2.0,"height":6.5,"heightSource":"measured","heightRaw":6.5,"sourceDate":"2026-09-09"},"geometry":{"type":"Polygon","coordinates":[[[126.93886199,37.50999038],[126.93885616,37.50999994],[126.93884183,37.51002246],[126.93884785,37.510025],[126.93884253,37.51004161],[126.93885453,37.51004724],[126.9388425,37.51007372],[126.93888224,37.51008893],[126.93887959,37.51009822],[126.9389045,37.51010696],[126.93890999,37.51010049],[126.93893683,37.51011008],[126.93896091,37.51006673],[126.93896444,37.51006758],[126.9389809,37.51003577],[126.93894116,37.51002054],[126.93894133,37.51001773],[126.93888975,37.50999996],[126.93886199,37.50999038]]]}},{"type":"Feature","id":"seoul-building-534692","properties":{"id":"seoul-building-534692","sourceId":"1969194320254454694500000000","pnu":"1159010100102840028","name":"서울특별시 동작구 노량진동","address":"서울특별시 동작구 노량진동","useName":"공동주택","floors":2.0,"height":6.9,"heightSource":"estimated","heightRaw":0.0,"sourceDate":"2026-09-09"},"geometry":{"type":"Polygon","coordinates":[[[126.93658406,37.51138461],[126.93649357,37.51139328],[126.93650975,37.51147523],[126.93655411,37.51146934],[126.93655499,37.51147328],[126.93659971,37.51146852],[126.93658406,37.51138461]]]}},{"type":"Feature","id":"seoul-building-534730","properties":{"id":"seoul-building-534730","sourceId":"1993194489684455140400000000","pnu":"1159010100102440052","name":"서울특별시 동작구 노량진동","address":"서울특별시 동작구 노량진동","useName":"단독주택","floors":2.0,"height":6.5,"heightSource":"measured","heightRaw":6.5,"sourceDate":"2026-09-09"},"geometry":{"type":"Polygon","coordinates":[[[126.93841483,37.51177273],[126.93839146,37.51182706],[126.93841495,37.51183495],[126.93840186,37.51187042],[126.93850204,37.51189525],[126.93853957,37.51180517],[126.93841483,37.51177273]]]}},{"type":"Feature","id":"seoul-building-534738","properties":{"id":"seoul-building-534738","sourceId":"1996193945234454727400000000","pnu":"1159010800100230122","name":"서울특별시 동작구 대방동","address":"서울특별시 동작구 대방동","useName":"단독주택","floors":2.0,"height":7.3,"heightSource":"measured","heightRaw":7.3,"sourceDate":"2026-09-09"},"geometry":{"type":"Polygon","coordinates":[[[126.93227219,37.51140896],[126.93226562,37.51144303],[126.93227003,37.51144444],[126.93226097,37.51149652],[126.93233272,37.51150698],[126.93235471,37.51142224],[126.93227219,37.51140896]]]}},{"type":"Feature","id":"seoul-building-534754","properties":{"id":"seoul-building-534754","sourceId":"1971194065264453632800000000","pnu":"1159010800100440255","name":"서울특별시 동작구 대방동","address":"서울특별시 동작구 대방동","useName":"단독주택","floors":2.0,"height":7.4,"heightSource":"estimated","heightRaw":0.0,"sourceDate":"2026-09-09"},"geometry":{"type":"Polygon","coordinates":[[[126.93363689,37.51041018],[126.93360204,37.51046816],[126.93361193,37.5104738],[126.93360379,37.510489],[126.93368293,37.51052002],[126.93369019,37.51051045],[126.93371438,37.51052088],[126.93373864,37.5104781],[126.93370507,37.51046372],[126.93370082,37.51047019],[126.93366867,37.51045751],[126.93368655,37.51042936],[126.93363689,37.51041018]]]}},{"type":"Feature","id":"seoul-building-534759","properties":{"id":"seoul-building-534759","sourceId":"1972194576384454383400000000","pnu":"1159010100102420006","name":"서울특별시 동작구 노량진동","address":"서울특별시 동작구 노량진동","useName":"단독주택","floors":1.0,"height":4.2,"heightSource":"estimated","heightRaw":0.0,"sourceDate":"2026-09-09"},"geometry":{"type":"Polygon","coordinates":[[[126.93947613,37.51108683],[126.93937573,37.51111126],[126.93941081,37.51121546],[126.93951403,37.51119159],[126.93947613,37.51108683]]]}},{"type":"Feature","id":"seoul-building-534761","properties":{"id":"seoul-building-534761","sourceId":"1991194351544455251900000000","pnu":"1159010100102560007","name":"서울특별시 동작구 노량진동","address":"서울특별시 동작구 노량진동","useName":"단독주택","floors":2.0,"height":7.4,"heightSource":"estimated","heightRaw":0.0,"sourceDate":"2026-09-09"},"geometry":{"type":"Polygon","coordinates":[[[126.936871,37.51188116],[126.93683258,37.51196814],[126.93691686,37.51199127],[126.93693829,37.51194145],[126.93695136,37.51194596],[126.93697296,37.51189867],[126.93691341,37.51188175],[126.9369074,37.51189046],[126.936871,37.51188116]]]}},{"type":"Feature","id":"seoul-building-534772","properties":{"id":"seoul-building-534772","sourceId":"1973194463824455793500000000","pnu":"1159010100100370011","name":"서울특별시 동작구 노량진동","address":"서울특별시 동작구 노량진동","useName":"제2종근린생활시설","floors":3.0,"height":9.0,"heightSource":"measured","heightRaw":9.0,"sourceDate":"2026-09-09"},"geometry":{"type":"Polygon","coordinates":[[[126.93824573,37.51237405],[126.93814656,37.51239766],[126.93814057,37.51237936],[126.93808012,37.51239341],[126.93810779,37.51247394],[126.93826582,37.51243685],[126.93824573,37.51237405]]]}},{"type":"Feature","id":"seoul-building-534779","properties":{"id":"seoul-building-534779","sourceId":"1967194100964454217600000000","pnu":"1159010800100450031","name":"서울특별시 동작구 대방동","address":"서울특별시 동작구 대방동","useName":"단독주택","floors":1.0,"height":4.2,"heightSource":"estimated","heightRaw":0.0,"sourceDate":"2026-09-09"},"geometry":{"type":"Polygon","coordinates":[[[126.93402469,37.51096029],[126.93400115,37.51100223],[126.93411016,37.51103805],[126.93413352,37.51099527],[126.93405861,37.51097298],[126.93406002,37.51097073],[126.93402469,37.51096029]]]}},{"type":"Feature","id":"seoul-building-534798","properties":{"id":"seoul-building-534798","sourceId":"1992194436584453608300000000","pnu":"1159010100102490044","name":"서울특별시 동작구 노량진동","address":"서울특별시 동작구 노량진동","useName":"단독주택","floors":2.0,"height":7.4,"heightSource":"estimated","heightRaw":0.0,"sourceDate":"2026-09-09"},"geometry":{"type":"Polygon","coordinates":[[[126.93788154,37.51039841],[126.93781084,37.5103995],[126.93780671,37.51049917],[126.93791998,37.51049896],[126.9379237,37.51049896],[126.93792412,37.51041758],[126.93792005,37.51041758],[126.93788188,37.51041728],[126.93788154,37.51039841]]]}},{"type":"Feature","id":"seoul-building-534807","properties":{"id":"seoul-building-534807","sourceId":"1994194057924454690200000000","pnu":"1159010800100440164","name":"서울특별시 동작구 대방동","address":"서울특별시 동작구 대방동","useName":"단독주택","floors":2.0,"height":6.5,"heightSource":"measured","heightRaw":6.5,"sourceDate":"2026-09-09"},"geometry":{"type":"Polygon","coordinates":[[[126.93360866,37.51136777],[126.93351054,37.51140093],[126.933552,37.5114812],[126.9336487,37.51144945],[126.93360866,37.51136777]]]}},{"type":"Feature","id":"seoul-building-534874","properties":{"id":"seoul-building-534874","sourceId":"1985194433414456279800000000","pnu":"1159010100100400035","name":"서울특별시 동작구 노량진동","address":"서울특별시 동작구 노량진동","useName":"단독주택","floors":2.0,"height":7.4,"heightSource":"estimated","heightRaw":0.0,"sourceDate":"2026-09-09"},"geometry":{"type":"Polygon","coordinates":[[[126.93783518,37.51281448],[126.93783428,37.51282772],[126.93777615,37.51282544],[126.93777366,37.51283868],[126.93776253,37.51283895],[126.93775452,37.51289132],[126.93787805,37.51290039],[126.93788978,37.5128179],[126.93783518,37.51281448]]]}},{"type":"Feature","id":"seoul-building-534895","properties":{"id":"seoul-building-534895","sourceId":"1980194578184455085600000000","pnu":"1159010100102430016","name":"서울특별시 동작구 노량진동","address":"서울특별시 동작구 노량진동","useName":"제1종근린생활시설","floors":3.0,"height":10.6,"heightSource":"estimated","heightRaw":0.0,"sourceDate":"2026-09-09"},"geometry":{"type":"Polygon","coordinates":[[[126.93950386,37.51174907],[126.93939887,37.51176872],[126.93940696,37.51181237],[126.93952909,37.51180736],[126.93951164,37.51175358],[126.9395058,37.51175386],[126.93950386,37.51174907]]]}},{"type":"Feature","id":"seoul-building-534899","properties":{"id":"seoul-building-534899","sourceId":"1989194467434454544500000000","pnu":"1159010100102530003","name":"서울특별시 동작구 노량진동","address":"서울특별시 동작구 노량진동","useName":"단독주택","floors":2.0,"height":7.4,"heightSource":"estimated","heightRaw":0.0,"sourceDate":"2026-09-09"},"geometry":{"type":"Polygon","coordinates":[[[126.93824701,37.51125512],[126.93816482,37.51127226],[126.93817257,37.51129929],[126.93816974,37.51130014],[126.93818137,37.51133759],[126.93822768,37.51133143],[126.9382268,37.5113241],[126.93825473,37.51131903],[126.93824892,37.51129651],[126.93825793,37.51129455],[126.93824701,37.51125512]]]}},{"type":"Feature","id":"seoul-building-534940","properties":{"id":"seoul-building-534940","sourceId":"0000194248534453730300000000","pnu":"1159010100102860002","name":"서울특별시 동작구 노량진동","address":"서울특별시 동작구 노량진동","useName":"","floors":0.0,"height":0,"heightSource":"unknown","heightRaw":0.0,"sourceDate":"2026-09-09"},"geometry":{"type":"Polygon","coordinates":[[[126.93572234,37.51054367],[126.93572213,37.51057717],[126.93575147,37.51057719],[126.9357515,37.51054594],[126.93572234,37.51054367]]]}},{"type":"Feature","id":"seoul-building-534978","properties":{"id":"seoul-building-534978","sourceId":"1993194000574454069800000000","pnu":"1159010800100320003","name":"서울특별시 동작구 대방동","address":"서울특별시 동작구 대방동","useName":"단독주택","floors":2.0,"height":7.7,"heightSource":"measured","heightRaw":7.7,"sourceDate":"2026-09-09"},"geometry":{"type":"Polygon","coordinates":[[[126.93295719,37.51081836],[126.93292043,37.51082791],[126.93286881,37.51084139],[126.93290003,37.51091349],[126.93292035,37.51090844],[126.93299442,37.51089017],[126.93297062,37.51083216],[126.93296427,37.51081892],[126.93295719,37.51081836]]]}},{"type":"Feature","id":"seoul-building-534982","properties":{"id":"seoul-building-534982","sourceId":"1974194609134457238700000000","pnu":"1159010100100400011","name":"서울특별시 동작구 노량진동","address":"서울특별시 동작구 노량진동","useName":"제2종근린생활시설","floors":3.0,"height":10.6,"heightSource":"estimated","heightRaw":0.0,"sourceDate":"2026-09-09"},"geometry":{"type":"Polygon","coordinates":[[[126.93968623,37.51375531],[126.93993099,37.51377064],[126.93993954,37.51369349],[126.93969407,37.51367788],[126.93968623,37.51375531]]]}},{"type":"Feature","id":"seoul-building-534985","properties":{"id":"seoul-building-534985","sourceId":"1974194320174454209100000000","pnu":"1159010100102820036","name":"서울특별시 동작구 노량진동","address":"서울특별시 동작구 노량진동","useName":"단독주택","floors":2.0,"height":7.4,"heightSource":"estimated","heightRaw":0.0,"sourceDate":"2026-09-09"},"geometry":{"type":"Polygon","coordinates":[[[126.936521,37.5109231],[126.93650164,37.511045],[126.93658328,37.51105321],[126.9365888,37.51100535],[126.93658509,37.5110045],[126.93658371,37.5109617],[126.93657064,37.51096057],[126.93657331,37.51092876],[126.936521,37.5109231]]]}},{"type":"Feature","id":"seoul-building-534997","properties":{"id":"seoul-building-534997","sourceId":"1994193837584456335900000000","pnu":"1159010800105020000","name":"대방동현대아파트","address":"서울특별시 동작구 대방동","useName":"공동주택","floors":23.0,"height":62.4,"heightSource":"measured","heightRaw":62.4,"sourceDate":"2026-09-09"},"geometry":{"type":"Polygon","coordinates":[[[126.93087398,37.51286834],[126.93084217,37.5128686],[126.93074408,37.51286912],[126.93074381,37.51297667],[126.93080708,37.51297783],[126.93081379,37.51297136],[126.93090711,37.51297],[126.9309094,37.5129762],[126.93097338,37.51297427],[126.93097253,37.51294639],[126.93103244,37.51294699],[126.93103809,37.5129408],[126.93113247,37.51293945],[126.93113335,37.51294536],[126.93119804,37.51294287],[126.9311982,37.51296229],[126.93125864,37.51296345],[126.93126572,37.51295895],[126.9313592,37.5129562],[126.93135955,37.51296239],[126.93142741,37.5129613],[126.93142663,37.51285233],[126.93132749,37.51285312],[126.93129461,37.5128531],[126.93119935,37.51285389],[126.93119885,37.51283643],[126.93110146,37.51283666],[126.93106771,37.51283692],[126.93097069,37.51283714],[126.93097119,37.51286783],[126.93087398,37.51286834]]]}},{"type":"Feature","id":"seoul-building-535016","properties":{"id":"seoul-building-535016","sourceId":"1992194466994453477700000000","pnu":"1159010100102490042","name":"서울특별시 동작구 노량진동","address":"서울특별시 동작구 노량진동","useName":"단독주택","floors":2.0,"height":7.4,"heightSource":"estimated","heightRaw":0.0,"sourceDate":"2026-09-09"},"geometry":{"type":"Polygon","coordinates":[[[126.93826849,37.51027868],[126.93819427,37.51027948],[126.93819161,37.51029187],[126.9381492,37.51029185],[126.93814667,37.51035801],[126.9381327,37.51035857],[126.93813356,37.51038363],[126.93826752,37.51038398],[126.93826849,37.51027868]]]}},{"type":"Feature","id":"seoul-building-535109","properties":{"id":"seoul-building-535109","sourceId":"0000194618764456140100000000","pnu":"1159010100100460006","name":"서울특별시 동작구 노량진동","address":"서울특별시 동작구 노량진동","useName":"","floors":0.0,"height":0,"heightSource":"unknown","heightRaw":0.0,"sourceDate":"2026-09-09"},"geometry":{"type":"Polygon","coordinates":[[[126.93993342,37.51272125],[126.93990602,37.51272827],[126.93991077,37.51274742],[126.93993871,37.51274124],[126.93993342,37.51272125]]]}},{"type":"Feature","id":"seoul-building-535124","properties":{"id":"seoul-building-535124","sourceId":"1966194037534454000300000000","pnu":"1159010800100440204","name":"서울특별시 동작구 대방동","address":"서울특별시 동작구 대방동","useName":"단독주택","floors":2.0,"height":7.4,"heightSource":"estimated","heightRaw":0.0,"sourceDate":"2026-09-09"},"geometry":{"type":"Polygon","coordinates":[[[126.93336851,37.51074791],[126.93333402,37.5107738],[126.93332586,37.51080814],[126.93327247,37.5108205],[126.93328287,37.51085654],[126.93332124,37.51084052],[126.93333326,37.51083096],[126.93339582,37.51083437],[126.93340049,37.5107499],[126.93336851,37.51074791]]]}},{"type":"Feature","id":"seoul-building-535137","properties":{"id":"seoul-building-535137","sourceId":"1990194598264454846100000000","pnu":"1159010100102400057","name":"서울특별시 동작구 노량진동","address":"서울특별시 동작구 노량진동","useName":"단독주택","floors":2.0,"height":7.4,"heightSource":"estimated","heightRaw":0.0,"sourceDate":"2026-09-09"},"geometry":{"type":"Polygon","coordinates":[[[126.93971754,37.51152422],[126.93966468,37.51155235],[126.93966167,37.51154841],[126.93962967,37.51156472],[126.9396678,37.51161316],[126.93975284,37.51156929],[126.93971754,37.51152422]]]}},{"type":"Feature","id":"seoul-building-535163","properties":{"id":"seoul-building-535163","sourceId":"1992194420754454586200000000","pnu":"1159010100102520001","name":"서울특별시 동작구 노량진동","address":"서울특별시 동작구 노량진동","useName":"단독주택","floors":3.0,"height":10.6,"heightSource":"estimated","heightRaw":0.0,"sourceDate":"2026-09-09"},"geometry":{"type":"Polygon","coordinates":[[[126.93771965,37.51126076],[126.93761122,37.5113705],[126.93766492,37.51139785],[126.93774364,37.51130695],[126.93773113,37.5112678],[126.93771965,37.51126076]]]}},{"type":"Feature","id":"seoul-building-535167","properties":{"id":"seoul-building-535167","sourceId":"1965194230864455776900000000","pnu":"1159010100102710005","name":"서울특별시 동작구 노량진동","address":"서울특별시 동작구 노량진동","useName":"제1종근린생활시설","floors":3.0,"height":8.6,"heightSource":"measured","heightRaw":8.6,"sourceDate":"2026-09-09"},"geometry":{"type":"Polygon","coordinates":[[[126.93548716,37.51233879],[126.93544239,37.5123979],[126.93560529,37.51246669],[126.93562847,37.51243319],[126.93561911,37.51242784],[126.93562352,37.51242361],[126.93548716,37.51233879]]]}},{"type":"Feature","id":"seoul-building-535211","properties":{"id":"seoul-building-535211","sourceId":"0000193958534454111200000000","pnu":"1159010800100320031","name":"서울특별시 동작구 대방동","address":"서울특별시 동작구 대방동","useName":"","floors":0.0,"height":0,"heightSource":"unknown","heightRaw":0.0,"sourceDate":"2026-09-09"},"geometry":{"type":"Polygon","coordinates":[[[126.93248757,37.51088312],[126.93241845,37.510898],[126.93242074,37.51092081],[126.93249604,37.51090734],[126.93248757,37.51088312]]]}},{"type":"Feature","id":"seoul-building-535212","properties":{"id":"seoul-building-535212","sourceId":"1992194386934455565400000000","pnu":"1159010100102580018","name":"서울특별시 동작구 노량진동","address":"서울특별시 동작구 노량진동","useName":"단독주택","floors":2.0,"height":7.4,"heightSource":"estimated","heightRaw":0.0,"sourceDate":"2026-09-09"},"geometry":{"type":"Polygon","coordinates":[[[126.9373361,37.51216494],[126.93721766,37.51219304],[126.93724516,37.51226681],[126.93738994,37.51223255],[126.93737283,37.51218411],[126.93734491,37.51218945],[126.9373361,37.51216494]]]}},{"type":"Feature","id":"seoul-building-535239","properties":{"id":"seoul-building-535239","sourceId":"1987194147424453185000000000","pnu":"1159010800100440248","name":"서울특별시 동작구 대방동","address":"서울특별시 동작구 대방동","useName":"단독주택","floors":2.0,"height":7.4,"heightSource":"estimated","heightRaw":0.0,"sourceDate":"2026-09-09"},"geometry":{"type":"Polygon","coordinates":[[[126.93460147,37.51001062],[126.93452171,37.51006661],[126.93458988,37.51012859],[126.93464294,37.51009117],[126.93463747,37.51008441],[126.93466063,37.51006697],[126.93463379,37.51004105],[126.93463573,37.51003795],[126.93460147,37.51001062]]]}},{"type":"Feature","id":"seoul-building-535251","properties":{"id":"seoul-building-535251","sourceId":"1991194210874455508200000000","pnu":"1159010100102710015","name":"서울특별시 동작구 노량진동","address":"서울특별시 동작구 노량진동","useName":"단독주택","floors":2.0,"height":7.4,"heightSource":"estimated","heightRaw":0.0,"sourceDate":"2026-09-09"},"geometry":{"type":"Polygon","coordinates":[[[126.93531506,37.51209627],[126.93524665,37.51211032],[126.93525724,37.51214186],[126.93524822,37.51214637],[126.93525791,37.51217649],[126.93524977,37.51218241],[126.9352637,37.51222521],[126.93538531,37.51219937],[126.93536152,37.51211882],[126.93532387,37.51212528],[126.93531506,37.51209627]]]}},{"type":"Feature","id":"seoul-building-535315","properties":{"id":"seoul-building-535315","sourceId":"1991194534394454132200000000","pnu":"1159010100102470010","name":"서울특별시 동작구 노량진동","address":"서울특별시 동작구 노량진동","useName":"단독주택","floors":2.0,"height":7.4,"heightSource":"estimated","heightRaw":0.0,"sourceDate":"2026-09-09"},"geometry":{"type":"Polygon","coordinates":[[[126.93892879,37.51087002],[126.93889621,37.5109463],[126.93900982,37.51097987],[126.93904346,37.51090471],[126.93900071,37.51089061],[126.93892879,37.51087002]]]}},{"type":"Feature","id":"seoul-building-535362","properties":{"id":"seoul-building-535362","sourceId":"1992194065654455082400000000","pnu":"1159010800100430009","name":"서울특별시 동작구 대방동","address":"서울특별시 동작구 대방동","useName":"공동주택","floors":7.0,"height":21.65,"heightSource":"estimated","heightRaw":0.0,"sourceDate":"2026-09-09"},"geometry":{"type":"Polygon","coordinates":[[[126.93359959,37.5116313],[126.93348464,37.511725],[126.93363758,37.51183631],[126.93361495,37.51185319],[126.93364886,37.51187714],[126.93366936,37.51186335],[126.93375714,37.51192732],[126.93380861,37.51188821],[126.93378865,37.51187355],[126.93383659,37.51182966],[126.93382793,37.51182121],[126.93382794,37.51181726],[126.93382794,37.51181529],[126.93382282,37.51181135],[126.93380815,37.51180712],[126.93378395,37.51179133],[126.93378079,37.51177501],[126.93376612,37.51177105],[126.93376382,37.51177358],[126.93375782,37.51176907],[126.93376701,37.51175951],[126.93375589,37.51174993],[126.93375571,37.51174486],[126.93375166,37.51174176],[126.93374459,37.5117395],[126.93374017,37.51174006],[126.93370979,37.51171893],[126.93371121,37.51171583],[126.93370539,37.51170344],[126.93368967,37.51169921],[126.93368578,37.51169893],[126.93367112,37.51168653],[126.93367006,37.51168202],[126.93366758,37.51167892],[126.93366052,37.51167583],[126.93365576,37.51167469],[126.93365152,37.51167357],[126.93359959,37.5116313]]]}},{"type":"Feature","id":"seoul-building-535381","properties":{"id":"seoul-building-535381","sourceId":"1989194323154454028100000000","pnu":"1159010100102820018","name":"서울특별시 동작구 노량진동","address":"서울특별시 동작구 노량진동","useName":"단독주택","floors":2.0,"height":7.4,"heightSource":"estimated","heightRaw":0.0,"sourceDate":"2026-09-09"},"geometry":{"type":"Polygon","coordinates":[[[126.9366231,37.51077195],[126.93657255,37.51077896],[126.93657255,37.51078402],[126.93652183,37.5107885],[126.9365357,37.51088424],[126.93663803,37.5108736],[126.9366231,37.51077195]]]}},{"type":"Feature","id":"seoul-building-535436","properties":{"id":"seoul-building-535436","sourceId":"1993194158374455823700000000","pnu":"1159010100102670049","name":"서울특별시 동작구 노량진동","address":"서울특별시 동작구 노량진동","useName":"제1종근린생활시설","floors":2.0,"height":7.6,"heightSource":"measured","heightRaw":7.6,"sourceDate":"2026-09-09"},"geometry":{"type":"Polygon","coordinates":[[[126.9346607,37.51241718],[126.93464054,37.51243576],[126.93463663,37.51246194],[126.93478099,37.51247806],[126.93478917,37.51242795],[126.9346607,37.51241718]]]}},{"type":"Feature","id":"seoul-building-535471","properties":{"id":"seoul-building-535471","sourceId":"1964194521294453703700000000","pnu":"1159010100102480083","name":"서울특별시 동작구 노량진동","address":"서울특별시 동작구 노량진동","useName":"단독주택","floors":1.0,"height":4.2,"heightSource":"estimated","heightRaw":0.0,"sourceDate":"2026-09-09"},"geometry":{"type":"Polygon","coordinates":[[[126.93878684,37.51048617],[126.93875162,37.51054275],[126.93885905,37.5105887],[126.93889512,37.51054085],[126.9388264,37.51050957],[126.9388303,37.51050422],[126.93878684,37.51048617]]]}},{"type":"Feature","id":"seoul-building-535479","properties":{"id":"seoul-building-535479","sourceId":"2002193961134455277600000000","pnu":"1159010800100230193","name":"서울특별시 동작구 대방동","address":"서울특별시 동작구 대방동","useName":"노유자시설","floors":3.0,"height":9.85,"heightSource":"measured","heightRaw":9.85,"sourceDate":"2026-09-09"},"geometry":{"type":"Polygon","coordinates":[[[126.93251512,37.51189226],[126.93251051,37.51189789],[126.93249532,37.51189253],[126.93248134,37.51190942],[126.93245131,37.51189476],[126.93243468,37.51191418],[126.93243147,37.51195218],[126.93243941,37.51195473],[126.93243127,37.51196598],[126.93243228,37.51202708],[126.93245861,37.51203893],[126.93246746,37.5120226],[126.93247594,37.51202683],[126.93248637,37.51200769],[126.9324809,37.51200515],[126.93249789,37.51198151],[126.93251272,37.51198686],[126.93257305,37.51192017],[126.93251512,37.51189226]]]}},{"type":"Feature","id":"seoul-building-535495","properties":{"id":"seoul-building-535495","sourceId":"1987194215414454079500000000","pnu":"1159010100102730009","name":"서울특별시 동작구 노량진동","address":"서울특별시 동작구 노량진동","useName":"단독주택","floors":2.0,"height":7.4,"heightSource":"estimated","heightRaw":0.0,"sourceDate":"2026-09-09"},"geometry":{"type":"Polygon","coordinates":[[[126.93534002,37.5108056],[126.93527775,37.5108875],[126.93532245,37.51090752],[126.93531538,37.51091652],[126.93538339,37.51094697],[126.9354239,37.51089321],[126.93541577,37.5108887],[126.93544356,37.51085268],[126.93534002,37.5108056]]]}},{"type":"Feature","id":"seoul-building-535515","properties":{"id":"seoul-building-535515","sourceId":"0000194215144453260800000000","pnu":"1159010100102940203","name":"서울특별시 동작구 노량진동","address":"서울특별시 동작구 노량진동","useName":"","floors":0.0,"height":0,"heightSource":"unknown","heightRaw":0.0,"sourceDate":"2026-09-09"},"geometry":{"type":"Polygon","coordinates":[[[126.93534716,37.51012478],[126.93534131,37.51013943],[126.93536958,37.51015155],[126.93537789,37.51013494],[126.93534716,37.51012478]]]}},{"type":"Feature","id":"seoul-building-535569","properties":{"id":"seoul-building-535569","sourceId":"1965194307594453434300000000","pnu":"1159010100102890056","name":"서울특별시 동작구 노량진동","address":"서울특별시 동작구 노량진동","useName":"제1종근린생활시설","floors":1.0,"height":4.2,"heightSource":"estimated","heightRaw":0.0,"sourceDate":"2026-09-09"},"geometry":{"type":"Polygon","coordinates":[[[126.93638798,37.51024219],[126.93634744,37.51032073],[126.93642235,37.51034752],[126.93646182,37.51026758],[126.93638798,37.51024219]]]}},{"type":"Feature","id":"seoul-building-535595","properties":{"id":"seoul-building-535595","sourceId":"0000194291624453980500000000","pnu":"1159010100102830012","name":"서울특별시 동작구 노량진동","address":"서울특별시 동작구 노량진동","useName":"단독주택","floors":1.0,"height":4.2,"heightSource":"estimated","heightRaw":0.0,"sourceDate":"2026-09-09"},"geometry":{"type":"Polygon","coordinates":[[[126.93616541,37.51073988],[126.93616198,37.51082013],[126.93629099,37.51082189],[126.93629263,37.51075966],[126.93620621,37.51076074],[126.93620676,37.51074019],[126.93616541,37.51073988]]]}},{"type":"Feature","id":"seoul-building-535654","properties":{"id":"seoul-building-535654","sourceId":"1994194608764454204500000000","pnu":"1159010100102400044","name":"서울특별시 동작구 노량진동","address":"서울특별시 동작구 노량진동","useName":"단독주택","floors":2.0,"height":6.5,"heightSource":"measured","heightRaw":6.5,"sourceDate":"2026-09-09"},"geometry":{"type":"Polygon","coordinates":[[[126.93982246,37.5109327],[126.93975475,37.51095857],[126.93980028,37.51104053],[126.93980664,37.51103828],[126.93981389,37.51104025],[126.93982202,37.51103998],[126.93982732,37.51103913],[126.93983616,37.51103548],[126.93983863,37.51103943],[126.93986514,37.51103099],[126.93982669,37.51095185],[126.93983022,37.51095129],[126.93982246,37.5109327]]]}},{"type":"Feature","id":"seoul-building-535656","properties":{"id":"seoul-building-535656","sourceId":"0000194467524456385500000000","pnu":"1159010100100400038","name":"서울특별시 동작구 노량진동","address":"서울특별시 동작구 노량진동","useName":"","floors":0.0,"height":0,"heightSource":"unknown","heightRaw":0.0,"sourceDate":"2026-09-09"},"geometry":{"type":"Polygon","coordinates":[[[126.93816609,37.51294052],[126.93816554,37.51296446],[126.93825602,37.51296872],[126.93825922,37.51294535],[126.93816609,37.51294052]]]}},{"type":"Feature","id":"seoul-building-535674","properties":{"id":"seoul-building-535674","sourceId":"1961194596954454221400000000","pnu":"1159010100102400060","name":"서울특별시 동작구 노량진동","address":"서울특별시 동작구 노량진동","useName":"단독주택","floors":1.0,"height":4.2,"heightSource":"estimated","heightRaw":0.0,"sourceDate":"2026-09-09"},"geometry":{"type":"Polygon","coordinates":[[[126.93972417,37.51096221],[126.9396015,37.51100129],[126.9396276,37.51105311],[126.93966579,37.51103962],[126.93966086,37.51102187],[126.93970487,37.5110081],[126.93971704,37.51103204],[126.9397547,37.51101742],[126.93972417,37.51096221]]]}},{"type":"Feature","id":"seoul-building-535683","properties":{"id":"seoul-building-535683","sourceId":"1992194394114453658900000000","pnu":"1159010100102500008","name":"서울특별시 동작구 노량진동","address":"서울특별시 동작구 노량진동","useName":"단독주택","floors":2.0,"height":7.4,"heightSource":"estimated","heightRaw":0.0,"sourceDate":"2026-09-09"},"geometry":{"type":"Polygon","coordinates":[[[126.93739214,37.51045278],[126.9373347,37.51045416],[126.9373431,37.51054173],[126.93743235,37.51053727],[126.93742871,37.51046069],[126.93739283,37.51046123],[126.93739214,37.51045278]]]}},{"type":"Feature","id":"seoul-building-535687","properties":{"id":"seoul-building-535687","sourceId":"1997194239104455278500000000","pnu":"1159010100102720004","name":"서울특별시 동작구 노량진동","address":"서울특별시 동작구 노량진동","useName":"제2종근린생활시설","floors":4.0,"height":10.5,"heightSource":"measured","heightRaw":10.5,"sourceDate":"2026-09-09"},"geometry":{"type":"Polygon","coordinates":[[[126.93572665,37.51191124],[126.93558985,37.51192664],[126.93558897,37.51191707],[126.93553878,37.51192155],[126.93554511,37.511959],[126.93554016,37.51195984],[126.93554454,37.51200405],[126.93567215,37.51199398],[126.93567145,37.51198103],[126.93570362,37.51197823],[126.93570239,37.51196162],[126.93573474,37.51195938],[126.93572665,37.51191124]]]}},{"type":"Feature","id":"seoul-building-535721","properties":{"id":"seoul-building-535721","sourceId":"0000194130324453172000000000","pnu":"1159010800100440229","name":"서울특별시 동작구 대방동","address":"서울특별시 동작구 대방동","useName":"","floors":0.0,"height":0,"heightSource":"unknown","heightRaw":0.0,"sourceDate":"2026-09-09"},"geometry":{"type":"Polygon","coordinates":[[[126.93442581,37.51000123],[126.93434322,37.51007242],[126.93439849,37.51011271],[126.93442574,37.51008429],[126.93440666,37.51007274],[126.93445513,37.51002293],[126.93442581,37.51000123]]]}},{"type":"Feature","id":"seoul-building-535758","properties":{"id":"seoul-building-535758","sourceId":"1987194294434455171100000000","pnu":"1159010100102780004","name":"서울특별시 동작구 노량진동","address":"서울특별시 동작구 노량진동","useName":"단독주택","floors":2.0,"height":7.4,"heightSource":"estimated","heightRaw":0.0,"sourceDate":"2026-09-09"},"geometry":{"type":"Polygon","coordinates":[[[126.93632001,37.51182004],[126.93626028,37.51182058],[126.93626027,37.51182339],[126.93620655,37.51182505],[126.93620671,37.51182927],[126.93618392,37.5118332],[126.93618899,37.51189853],[126.93632224,37.51189297],[126.93632001,37.51182004]]]}},{"type":"Feature","id":"seoul-building-535781","properties":{"id":"seoul-building-535781","sourceId":"1965194244664455146500000000","pnu":"1159010100102720007","name":"서울특별시 동작구 노량진동","address":"서울특별시 동작구 노량진동","useName":"","floors":0.0,"height":0,"heightSource":"unknown","heightRaw":0.0,"sourceDate":"2026-09-09"},"geometry":{"type":"Polygon","coordinates":[[[126.93566558,37.51181546],[126.93566078,37.51186023],[126.93572334,37.5118538],[126.93572089,37.51181663],[126.93566558,37.51181546]]]}},{"type":"Feature","id":"seoul-building-535793","properties":{"id":"seoul-building-535793","sourceId":"1968194260334456507800000000","pnu":"1159010100100280006","name":"제이빌딩","address":"서울특별시 동작구 노량진동","useName":"제2종근린생활시설","floors":5.0,"height":17.0,"heightSource":"estimated","heightRaw":0.0,"sourceDate":"2026-09-09"},"geometry":{"type":"Polygon","coordinates":[[[126.93581108,37.51299782],[126.93580655,37.51312369],[126.93592054,37.5131291],[126.93593478,37.51300747],[126.93581108,37.51299782]]]}},{"type":"Feature","id":"seoul-building-535854","properties":{"id":"seoul-building-535854","sourceId":"1972193960734454981300000000","pnu":"1159010800100230131","name":"서울특별시 동작구 대방동","address":"서울특별시 동작구 대방동","useName":"단독주택","floors":2.0,"height":7.4,"heightSource":"estimated","heightRaw":0.0,"sourceDate":"2026-09-09"},"geometry":{"type":"Polygon","coordinates":[[[126.93254238,37.51164817],[126.93243209,37.51165092],[126.93243155,37.51166471],[126.932413,37.51166582],[126.9324133,37.51171679],[126.93242921,37.51171708],[126.93242955,37.51172159],[126.93254284,37.51172193],[126.93254238,37.51164817]]]}},{"type":"Feature","id":"seoul-building-535863","properties":{"id":"seoul-building-535863","sourceId":"1978193898684454486800000000","pnu":"1159010800100230017","name":"서울특별시 동작구 대방동","address":"서울특별시 동작구 대방동","useName":"단독주택","floors":2.0,"height":6.0,"heightSource":"measured","heightRaw":6.0,"sourceDate":"2026-09-09"},"geometry":{"type":"Polygon","coordinates":[[[126.9317194,37.51118762],[126.93171367,37.51128109],[126.9318448,37.51128849],[126.93184716,37.51122007],[126.93184044,37.51122006],[126.93184082,37.51120317],[126.93178108,37.51120004],[126.93178127,37.51118991],[126.9317194,37.51118762]]]}},{"type":"Feature","id":"seoul-building-535889","properties":{"id":"seoul-building-535889","sourceId":"1992194350154455707900000000","pnu":"1159010100102590007","name":"서울특별시 동작구 노량진동","address":"서울특별시 동작구 노량진동","useName":"단독주택","floors":2.0,"height":7.4,"heightSource":"estimated","heightRaw":0.0,"sourceDate":"2026-09-09"},"geometry":{"type":"Polygon","coordinates":[[[126.93683565,37.51230714],[126.93683295,37.51236514],[126.93687324,37.51236967],[126.93687306,37.51237587],[126.93693279,37.51237984],[126.93693689,37.5123286],[126.93692187,37.51232746],[126.9369217,37.51231508],[126.93683565,37.51230714]]]}},{"type":"Feature","id":"seoul-building-535955","properties":{"id":"seoul-building-535955","sourceId":"1960194606804454736100000000","pnu":"1159010100102400017","name":"서울특별시 동작구 노량진동","address":"서울특별시 동작구 노량진동","useName":"단독주택","floors":1.0,"height":4.2,"heightSource":"estimated","heightRaw":0.0,"sourceDate":"2026-09-09"},"geometry":{"type":"Polygon","coordinates":[[[126.93979098,37.51139811],[126.9397208,37.51142342],[126.93977177,37.51154227],[126.93985911,37.51150908],[126.93980953,37.51141276],[126.93980069,37.51141557],[126.93979098,37.51139811]]]}},{"type":"Feature","id":"seoul-building-535965","properties":{"id":"seoul-building-535965","sourceId":"1993194161444454867800000000","pnu":"1159010100102730007","name":"서울특별시 동작구 노량진동","address":"서울특별시 동작구 노량진동","useName":"종교시설","floors":1.0,"height":4.2,"heightSource":"estimated","heightRaw":0.0,"sourceDate":"2026-09-09"},"geometry":{"type":"Polygon","coordinates":[[[126.93472188,37.51156661],[126.93471972,37.51160265],[126.9347807,37.51160381],[126.93478108,37.51156805],[126.93472188,37.51156661]]]}},{"type":"Feature","id":"seoul-building-535970","properties":{"id":"seoul-building-535970","sourceId":"1986194377334455876900000000","pnu":"1159010100102590012","name":"서울특별시 동작구 노량진동","address":"서울특별시 동작구 노량진동","useName":"단독주택","floors":4.0,"height":10.95,"heightSource":"measured","heightRaw":10.95,"sourceDate":"2026-09-09"},"geometry":{"type":"Polygon","coordinates":[[[126.93722506,37.51244644],[126.93713048,37.51246949],[126.9371594,37.5125458],[126.93725291,37.51252192],[126.93722506,37.51244644]]]}},{"type":"Feature","id":"seoul-building-535993","properties":{"id":"seoul-building-535993","sourceId":"1993194281944453265500000000","pnu":"1159010100102880008","name":"서울특별시 동작구 노량진동","address":"서울특별시 동작구 노량진동","useName":"단독주택","floors":2.0,"height":7.6,"heightSource":"measured","heightRaw":7.6,"sourceDate":"2026-09-09"},"geometry":{"type":"Polygon","coordinates":[[[126.93605743,37.51011391],[126.93604944,37.5101567],[126.93607347,37.51016151],[126.93607419,37.510157],[126.93617419,37.51016999],[126.93618307,37.51013115],[126.93605743,37.51011391]]]}},{"type":"Feature","id":"seoul-building-536017","properties":{"id":"seoul-building-536017","sourceId":"1991194455994454235900000000","pnu":"1159010100102490001","name":"서울특별시 동작구 노량진동","address":"서울특별시 동작구 노량진동","useName":"단독주택","floors":2.0,"height":7.4,"heightSource":"estimated","heightRaw":0.0,"sourceDate":"2026-09-09"},"geometry":{"type":"Polygon","coordinates":[[[126.93814335,37.51095942],[126.93807106,37.51096191],[126.9380714,37.51097657],[126.93802492,37.51097795],[126.93802577,37.51102047],[126.93801003,37.51102074],[126.93801159,37.51107002],[126.93807009,37.51106921],[126.93806956,37.51106583],[126.93812541,37.51106443],[126.93812542,37.51105684],[126.93814821,37.51105685],[126.93814335,37.51095942]]]}},{"type":"Feature","id":"seoul-building-536021","properties":{"id":"seoul-building-536021","sourceId":"0000194475784458194000000000","pnu":"1159010100100130008","name":"서울특별시 동작구 노량진동","address":"서울특별시 동작구 노량진동","useName":"","floors":0.0,"height":0,"heightSource":"unknown","heightRaw":0.0,"sourceDate":"2026-09-09"},"geometry":{"type":"Polygon","coordinates":[[[126.93825559,37.51456209],[126.93824497,37.51458996],[126.93831494,37.51460154],[126.93831672,37.51459704],[126.93835965,37.51460382],[126.9383648,37.51458045],[126.93825559,37.51456209]]]}},{"type":"Feature","id":"seoul-building-536051","properties":{"id":"seoul-building-536051","sourceId":"1993193987654453123300000000","pnu":"1159010800100440277","name":"서울특별시 동작구 대방동","address":"서울특별시 동작구 대방동","useName":"단독주택","floors":2.0,"height":7.4,"heightSource":"estimated","heightRaw":0.0,"sourceDate":"2026-09-09"},"geometry":{"type":"Polygon","coordinates":[[[126.93281834,37.50996851],[126.93268844,37.50997604],[126.93268878,37.50999997],[126.93268996,37.51005346],[126.93278469,37.5100493],[126.9327845,37.51005437],[126.93282851,37.51005271],[126.93282833,37.51005721],[126.93287959,37.51005442],[126.93288034,37.51000008],[126.93288072,37.5099708],[126.93281816,37.50997161],[126.93281834,37.50996851]]]}},{"type":"Feature","id":"seoul-building-536082","properties":{"id":"seoul-building-536082","sourceId":"2002193960484455096700000000","pnu":"1159010800100230016","name":"서울특별시 동작구 대방동","address":"서울특별시 동작구 대방동","useName":"공동주택","floors":4.0,"height":12.65,"heightSource":"measured","heightRaw":12.65,"sourceDate":"2026-09-09"},"geometry":{"type":"Polygon","coordinates":[[[126.93244509,37.51173258],[126.93242636,37.51173313],[126.93242671,37.51174186],[126.93242,37.51174241],[126.9324235,37.5117717],[126.93240159,37.51177281],[126.93240435,37.51184123],[126.93246126,37.51184042],[126.93246144,37.51183226],[126.93248548,37.51183227],[126.93248583,37.51184016],[126.93254927,37.51183879],[126.93254583,37.51173883],[126.93244545,37.51173962],[126.93244509,37.51173258]]]}},{"type":"Feature","id":"seoul-building-536112","properties":{"id":"seoul-building-536112","sourceId":"0000193795994456836200000000","pnu":"1159010800100540002","name":"서울특별시 동작구 대방동","address":"서울특별시 동작구 대방동","useName":"","floors":0.0,"height":0,"heightSource":"unknown","heightRaw":0.0,"sourceDate":"2026-09-09"},"geometry":{"type":"Polygon","coordinates":[[[126.93058493,37.51334908],[126.93058527,37.51336316],[126.93064731,37.51336319],[126.93064661,37.51335025],[126.93058493,37.51334908]]]}},{"type":"Feature","id":"seoul-building-536129","properties":{"id":"seoul-building-536129","sourceId":"1991194523664455139100000000","pnu":"1159010100102440029","name":"서울특별시 동작구 노량진동","address":"서울특별시 동작구 노량진동","useName":"단독주택","floors":3.0,"height":10.6,"heightSource":"estimated","heightRaw":0.0,"sourceDate":"2026-09-09"},"geometry":{"type":"Polygon","coordinates":[[[126.93878862,37.51177799],[126.9387617,37.51184527],[126.93891701,37.51188618],[126.93892693,37.51186422],[126.93892003,37.51186225],[126.93892871,37.51184507],[126.9389098,37.51183915],[126.93892096,37.51181269],[126.93878862,37.51177799]]]}},{"type":"Feature","id":"seoul-building-536186","properties":{"id":"seoul-building-536186","sourceId":"1994194160924455218400000000","pnu":"1159010100102700003","name":"서울특별시 동작구 노량진동","address":"서울특별시 동작구 노량진동","useName":"제2종근린생활시설","floors":2.0,"height":7.0,"heightSource":"measured","heightRaw":7.0,"sourceDate":"2026-09-09"},"geometry":{"type":"Polygon","coordinates":[[[126.93468778,37.51177129],[126.93468893,37.51206242],[126.93477712,37.51206529],[126.9347741,37.51187298],[126.93483207,37.51187273],[126.93482951,37.5117739],[126.93468778,37.51177129]]]}},{"type":"Feature","id":"seoul-building-536203","properties":{"id":"seoul-building-536203","sourceId":"1990194413454453590300000000","pnu":"1159010100102490046","name":"서울특별시 동작구 노량진동","address":"서울특별시 동작구 노량진동","useName":"단독주택","floors":2.0,"height":7.4,"heightSource":"estimated","heightRaw":0.0,"sourceDate":"2026-09-09"},"geometry":{"type":"Polygon","coordinates":[[[126.93766152,37.51038562],[126.93755124,37.51038698],[126.93754745,37.51048693],[126.93764677,37.51048952],[126.93764769,37.51043631],[126.93765971,37.51043603],[126.93766152,37.51038562]]]}},{"type":"Feature","id":"seoul-building-536218","properties":{"id":"seoul-building-536218","sourceId":"1966194267764455643400000000","pnu":"1159010100102630005","name":"서울특별시 동작구 노량진동","address":"서울특별시 동작구 노량진동","useName":"제1종근린생활시설","floors":2.0,"height":7.4,"heightSource":"estimated","heightRaw":0.0,"sourceDate":"2026-09-09"},"geometry":{"type":"Polygon","coordinates":[[[126.93588032,37.51220949],[126.93590655,37.5123517],[126.93601223,37.51233936],[126.93603916,37.51225491],[126.93600083,37.51223969],[126.93599427,37.5122639],[126.9359575,37.51226641],[126.93595418,37.51223122],[126.93595878,37.51222024],[126.93593404,37.51221544],[126.93593174,37.5122129],[126.93591283,37.51221036],[126.93591125,37.51221599],[126.9358918,37.51221485],[126.93589163,37.51221062],[126.93588032,37.51220949]]]}},{"type":"Feature","id":"seoul-building-536242","properties":{"id":"seoul-building-536242","sourceId":"1991194504764453865800000000","pnu":"1159010100102480065","name":"서울특별시 동작구 노량진동","address":"서울특별시 동작구 노량진동","useName":"단독주택","floors":2.0,"height":7.4,"heightSource":"estimated","heightRaw":0.0,"sourceDate":"2026-09-09"},"geometry":{"type":"Polygon","coordinates":[[[126.93861159,37.51062602],[126.93858416,37.51067725],[126.93859441,37.51068063],[126.93857335,37.51071779],[126.93865356,37.51074261],[126.93870011,37.51065844],[126.93861159,37.51062602]]]}},{"type":"Feature","id":"seoul-building-536261","properties":{"id":"seoul-building-536261","sourceId":"1994194081004453517600000000","pnu":"1159010800100440270","name":"서울특별시 동작구 대방동","address":"서울특별시 동작구 대방동","useName":"단독주택","floors":3.0,"height":10.5,"heightSource":"measured","heightRaw":10.5,"sourceDate":"2026-09-09"},"geometry":{"type":"Polygon","coordinates":[[[126.93382682,37.51026754],[126.93373235,37.51037758],[126.93389346,37.51045961],[126.93392603,37.51041879],[126.93391577,37.51041147],[126.93394515,37.51037375],[126.93389074,37.51034641],[126.93389287,37.51034248],[126.93385646,37.51032444],[126.93387894,37.51029516],[126.93382682,37.51026754]]]}},{"type":"Feature","id":"seoul-building-536334","properties":{"id":"seoul-building-536334","sourceId":"1993194159634453756500000000","pnu":"1159010800100440080","name":"서울특별시 동작구 대방동","address":"서울특별시 동작구 대방동","useName":"단독주택","floors":3.0,"height":9.6,"heightSource":"measured","heightRaw":9.6,"sourceDate":"2026-09-09"},"geometry":{"type":"Polygon","coordinates":[[[126.93468514,37.51051354],[126.93463524,37.51059967],[126.93470274,37.51062224],[126.93469955,37.51062983],[126.93473435,37.5106521],[126.93476774,37.51065972],[126.93482561,37.51055811],[126.93468514,37.51051354]]]}},{"type":"Feature","id":"seoul-building-536337","properties":{"id":"seoul-building-536337","sourceId":"1978194185764453631500000000","pnu":"1159010100102940303","name":"서울특별시 동작구 노량진동","address":"서울특별시 동작구 노량진동","useName":"단독주택","floors":2.0,"height":7.4,"heightSource":"estimated","heightRaw":0.0,"sourceDate":"2026-09-09"},"geometry":{"type":"Polygon","coordinates":[[[126.93500599,37.51042671],[126.93500102,37.51044726],[126.93499997,37.51044698],[126.93497116,37.51043964],[126.93495699,37.51049426],[126.93500009,37.51050442],[126.93506159,37.5105191],[126.9350731,37.51048532],[126.93508477,37.51048673],[126.93509664,37.51044563],[126.93500599,37.51042671]]]}},{"type":"Feature","id":"seoul-building-536393","properties":{"id":"seoul-building-536393","sourceId":"1989194488424455535800000000","pnu":"1159010100102440065","name":"서울특별시 동작구 노량진동","address":"서울특별시 동작구 노량진동","useName":"제2종근린생활시설","floors":4.0,"height":13.8,"heightSource":"estimated","heightRaw":0.0,"sourceDate":"2026-09-09"},"geometry":{"type":"Polygon","coordinates":[[[126.93842867,37.51213933],[126.93839201,37.51223251],[126.9384125,37.51223786],[126.93848445,37.51221707],[126.93850712,37.51215852],[126.93842867,37.51213933]]]}},{"type":"Feature","id":"seoul-building-536439","properties":{"id":"seoul-building-536439","sourceId":"1992194365144453349900000000","pnu":"1159010100102890058","name":"서울특별시 동작구 노량진동","address":"서울특별시 동작구 노량진동","useName":"단독주택","floors":2.0,"height":7.4,"heightSource":"estimated","heightRaw":0.0,"sourceDate":"2026-09-09"},"geometry":{"type":"Polygon","coordinates":[[[126.93702442,37.5101744],[126.93701451,37.5102034],[126.93701274,37.5102034],[126.93700104,37.51024393],[126.93709399,37.51026031],[126.9371096,37.51019697],[126.93708043,37.51019188],[126.93708115,37.51018795],[126.93702442,37.5101744]]]}},{"type":"Feature","id":"seoul-building-536446","properties":{"id":"seoul-building-536446","sourceId":"1993194178384454762200000000","pnu":"1159010100102730007","name":"서울특별시 동작구 노량진동","address":"서울특별시 동작구 노량진동","useName":"종교시설","floors":3.0,"height":10.6,"heightSource":"estimated","heightRaw":0.0,"sourceDate":"2026-09-09"},"geometry":{"type":"Polygon","coordinates":[[[126.93477837,37.51143149],[126.93475619,37.51154213],[126.93475458,37.51155058],[126.93500004,37.51158646],[126.93509564,37.51160032],[126.93513306,37.51143253],[126.93500001,37.51141162],[126.93487508,37.51139212],[126.93481712,37.51138308],[126.93478903,37.51137884],[126.93477837,37.51143149]]]}},{"type":"Feature","id":"seoul-building-536450","properties":{"id":"seoul-building-536450","sourceId":"1971193952224454373900000000","pnu":"1159010800100320062","name":"서울특별시 동작구 대방동","address":"서울특별시 동작구 대방동","useName":"단독주택","floors":3.0,"height":10.6,"heightSource":"estimated","heightRaw":0.0,"sourceDate":"2026-09-09"},"geometry":{"type":"Polygon","coordinates":[[[126.93235113,37.51108719],[126.93232918,37.51112293],[126.93233431,37.51112546],[126.93232139,37.51114799],[126.93242031,37.51119225],[126.93244827,37.51115312],[126.93243043,37.51114438],[126.93243344,37.51113594],[126.93243275,37.51112806],[126.93242886,37.51112073],[126.93240978,37.51111143],[126.93241156,37.51110665],[126.93235113,37.51108719]]]}},{"type":"Feature","id":"seoul-building-536491","properties":{"id":"seoul-building-536491","sourceId":"1990194420174455513600000000","pnu":"1159010100102560061","name":"서울특별시 동작구 노량진동","address":"서울특별시 동작구 노량진동","useName":"제1종근린생활시설","floors":3.0,"height":10.6,"heightSource":"estimated","heightRaw":0.0,"sourceDate":"2026-09-09"},"geometry":{"type":"Polygon","coordinates":[[[126.93772546,37.5121215],[126.93760633,37.51214509],[126.93762802,37.51221605],[126.93771729,37.51219893],[126.93771604,37.51219752],[126.93774698,37.51219275],[126.93772546,37.5121215]]]}},{"type":"Feature","id":"seoul-building-536506","properties":{"id":"seoul-building-536506","sourceId":"0000194148854456990000000000","pnu":"1159010100100240016","name":"서울특별시 동작구 노량진동","address":"서울특별시 동작구 노량진동","useName":"","floors":0.0,"height":0,"heightSource":"unknown","heightRaw":0.0,"sourceDate":"2026-09-09"},"geometry":{"type":"Polygon","coordinates":[[[126.93454627,37.51353549],[126.93454627,37.51353689],[126.93466749,37.51353838],[126.93467127,37.51346151],[126.93454456,37.51345412],[126.93454627,37.51353549]]]}},{"type":"Feature","id":"seoul-building-536517","properties":{"id":"seoul-building-536517","sourceId":"1969194311444458220800000000","pnu":"1159010100100130006","name":"서울특별시 동작구 노량진동","address":"서울특별시 동작구 노량진동","useName":"","floors":0.0,"height":0,"heightSource":"unknown","heightRaw":0.0,"sourceDate":"2026-09-09"},"geometry":{"type":"Polygon","coordinates":[[[126.93608066,37.51458459],[126.9367898,37.51469957],[126.93680471,37.51462891],[126.9361014,37.51451561],[126.93608066,37.51458459]]]}},{"type":"Feature","id":"seoul-building-536542","properties":{"id":"seoul-building-536542","sourceId":"1994193801074456023100000000","pnu":"1159010800105020000","name":"대방동현대아파트","address":"서울특별시 동작구 대방동","useName":"공동주택","floors":23.0,"height":62.4,"heightSource":"measured","heightRaw":62.4,"sourceDate":"2026-09-09"},"geometry":{"type":"Polygon","coordinates":[[[126.9306062,37.51252298],[126.93060652,37.51255734],[126.93060894,37.51280512],[126.93074608,37.51280519],[126.9307456,37.51275507],[126.93073748,37.51275535],[126.93073525,37.51267229],[126.93074408,37.51267202],[126.93074277,37.51256896],[126.93073658,37.51256896],[126.93073294,37.51249377],[126.93074212,37.51249322],[126.93073988,37.51244084],[126.93060539,37.51244358],[126.9306062,37.51252298]]]}},{"type":"Feature","id":"seoul-building-536584","properties":{"id":"seoul-building-536584","sourceId":"1966194206594453870600000000","pnu":"1159010100102730020","name":"서울특별시 동작구 노량진동","address":"서울특별시 동작구 노량진동","useName":"단독주택","floors":1.0,"height":4.2,"heightSource":"estimated","heightRaw":0.0,"sourceDate":"2026-09-09"},"geometry":{"type":"Polygon","coordinates":[[[126.93525976,37.51064337],[126.93521674,37.51072219],[126.93525597,37.510736],[126.93526748,37.51071433],[126.93526288,37.51071264],[126.93527757,37.51068505],[126.93529488,37.51069239],[126.93531312,37.51066058],[126.93525976,37.51064337]]]}},{"type":"Feature","id":"seoul-building-536633","properties":{"id":"seoul-building-536633","sourceId":"0000194590364453437300000000","pnu":"1159010100102350012","name":"서울특별시 동작구 노량진동","address":"서울특별시 동작구 노량진동","useName":"","floors":0.0,"height":0,"heightSource":"unknown","heightRaw":0.0,"sourceDate":"2026-09-09"},"geometry":{"type":"Polygon","coordinates":[[[126.93957662,37.51030244],[126.93957113,37.51030666],[126.93957553,37.51033426],[126.93964325,37.51028587],[126.93961869,37.51026924],[126.93957662,37.51030244]]]}},{"type":"Feature","id":"seoul-building-536699","properties":{"id":"seoul-building-536699","sourceId":"1981193955774454248500000000","pnu":"1159010800100320030","name":"서울특별시 동작구 대방동","address":"서울특별시 동작구 대방동","useName":"단독주택","floors":1.0,"height":4.2,"heightSource":"estimated","heightRaw":0.0,"sourceDate":"2026-09-09"},"geometry":{"type":"Polygon","coordinates":[[[126.93247706,37.51098082],[126.93243392,37.51099121],[126.93243428,37.51099684],[126.9323618,37.51101539],[126.93236053,37.51104974],[126.93236635,37.51107114],[126.93240152,37.5110644],[126.93240064,37.51105709],[126.93249627,37.51103573],[126.93247706,37.51098082]]]}},{"type":"Feature","id":"seoul-building-536718","properties":{"id":"seoul-building-536718","sourceId":"1966194156144453980500000000","pnu":"1159010800100440076","name":"서울특별시 동작구 대방동","address":"서울특별시 동작구 대방동","useName":"단독주택","floors":3.0,"height":10.6,"heightSource":"estimated","heightRaw":0.0,"sourceDate":"2026-09-09"},"geometry":{"type":"Polygon","coordinates":[[[126.93467436,37.51073372],[126.93464194,37.51082661],[126.93471103,37.51083594],[126.9347401,37.51074643],[126.93467436,37.51073372]]]}},{"type":"Feature","id":"seoul-building-536732","properties":{"id":"seoul-building-536732","sourceId":"0000194257734455013000000000","pnu":"1159010100102840001","name":"서울특별시 동작구 노량진동","address":"서울특별시 동작구 노량진동","useName":"","floors":0.0,"height":0,"heightSource":"unknown","heightRaw":0.0,"sourceDate":"2026-09-09"},"geometry":{"type":"Polygon","coordinates":[[[126.9358212,37.5116956],[126.93582117,37.51174037],[126.93584379,37.51174038],[126.93585988,37.51172773],[126.93586043,37.51169562],[126.9358212,37.5116956]]]}},{"type":"Feature","id":"seoul-building-536756","properties":{"id":"seoul-building-536756","sourceId":"1991194360584454458000000000","pnu":"1159010100102800037","name":"서울특별시 동작구 노량진동","address":"서울특별시 동작구 노량진동","useName":"공동주택","floors":2.0,"height":6.9,"heightSource":"estimated","heightRaw":0.0,"sourceDate":"2026-09-09"},"geometry":{"type":"Polygon","coordinates":[[[126.93706389,37.51115849],[126.9369916,37.51115986],[126.93699143,37.51116605],[126.9369324,37.51116743],[126.93693411,37.51122487],[126.9369426,37.51122487],[126.93694556,37.5112733],[126.93698427,37.51127248],[126.93698444,37.51127529],[126.93706644,37.51127449],[126.9370681,37.51119481],[126.93706439,37.51119481],[126.9370637,37.51116693],[126.93706389,37.51115849]]]}},{"type":"Feature","id":"seoul-building-536790","properties":{"id":"seoul-building-536790","sourceId":"1971193959584454339500000000","pnu":"1159010800100320063","name":"서울특별시 동작구 대방동","address":"서울특별시 동작구 대방동","useName":"단독주택","floors":1.0,"height":4.2,"heightSource":"estimated","heightRaw":0.0,"sourceDate":"2026-09-09"},"geometry":{"type":"Polygon","coordinates":[[[126.93248742,37.51105966],[126.93244251,37.5110771],[126.9324411,37.51107428],[126.93241104,37.51108722],[126.93245675,37.51116073],[126.93250218,37.51113935],[126.93249884,37.51113231],[126.93252146,37.51112162],[126.93250488,37.51109346],[126.93250806,37.51109121],[126.93248742,37.51105966]]]}},{"type":"Feature","id":"seoul-building-536877","properties":{"id":"seoul-building-536877","sourceId":"1991194038974453138900000000","pnu":"1159010800100440101","name":"서울특별시 동작구 대방동","address":"서울특별시 동작구 대방동","useName":"단독주택","floors":2.0,"height":7.4,"heightSource":"estimated","heightRaw":0.0,"sourceDate":"2026-09-09"},"geometry":{"type":"Polygon","coordinates":[[[126.93337785,37.50997615],[126.93337237,37.50998487],[126.93334621,37.50997839],[126.93333383,37.51000006],[126.93332905,37.5100085],[126.9333241,37.51000709],[126.93330711,37.51003636],[126.93330923,37.51003889],[126.93330356,37.51005607],[126.93335744,37.51007806],[126.93336257,37.51007046],[126.93338624,37.51007864],[126.93343245,37.51000011],[126.93343475,37.50999617],[126.93337785,37.50997615]]]}},{"type":"Feature","id":"seoul-building-536888","properties":{"id":"seoul-building-536888","sourceId":"1995193987884453801300000000","pnu":"1159010800100320011","name":"서울특별시 동작구 대방동","address":"서울특별시 동작구 대방동","useName":"공동주택","floors":4.0,"height":11.7,"heightSource":"measured","heightRaw":11.7,"sourceDate":"2026-09-09"},"geometry":{"type":"Polygon","coordinates":[[[126.93277809,37.51050741],[126.93268033,37.51055296],[126.93268473,37.51056085],[126.93267819,37.51056732],[126.93275267,37.51067576],[126.93275815,37.51067267],[126.93276697,37.51068478],[126.93275036,37.51069604],[126.93277682,37.51074025],[126.932902,37.51068429],[126.93288859,37.51065388],[126.93288896,37.51064627],[126.93288913,37.5106412],[126.93288772,37.51063867],[126.93288348,37.5106381],[126.93287959,37.51063782],[126.93287641,37.51063781],[126.93283722,37.51058178],[126.93282715,37.51058683],[126.93282946,37.5105812],[126.93282999,37.51057557],[126.93282893,37.51057079],[126.93282328,37.51056741],[126.93281763,37.51056684],[126.93281285,37.51056627],[126.93282275,37.51056205],[126.93277809,37.51050741]]]}},{"type":"Feature","id":"seoul-building-536918","properties":{"id":"seoul-building-536918","sourceId":"0000194444804455926100000000","pnu":"1159010100100390027","name":"서울특별시 동작구 노량진동","address":"서울특별시 동작구 노량진동","useName":"","floors":0.0,"height":0,"heightSource":"unknown","heightRaw":0.0,"sourceDate":"2026-09-09"},"geometry":{"type":"Polygon","coordinates":[[[126.93797292,37.51252342],[126.93793102,37.51252875],[126.93793383,37.51255494],[126.9379789,37.51255496],[126.93797292,37.51252342]]]}},{"type":"Feature","id":"seoul-building-536926","properties":{"id":"seoul-building-536926","sourceId":"1988194546954454802500000000","pnu":"1159010100102460014","name":"서울특별시 동작구 노량진동","address":"서울특별시 동작구 노량진동","useName":"단독주택","floors":2.0,"height":7.4,"heightSource":"estimated","heightRaw":0.0,"sourceDate":"2026-09-09"},"geometry":{"type":"Polygon","coordinates":[[[126.93907127,37.5114746],[126.93903922,37.51154977],[126.93915797,37.51158417],[126.93917601,37.51153914],[126.9391587,37.51153434],[126.93917287,37.51149887],[126.93907127,37.5114746]]]}},{"type":"Feature","id":"seoul-building-536934","properties":{"id":"seoul-building-536934","sourceId":"1989194435034455607500000000","pnu":"1159010100102570001","name":"서울특별시 동작구 노량진동","address":"서울특별시 동작구 노량진동","useName":"단독주택","floors":2.0,"height":7.4,"heightSource":"estimated","heightRaw":0.0,"sourceDate":"2026-09-09"},"geometry":{"type":"Polygon","coordinates":[[[126.93786945,37.5122007],[126.93776745,37.51222176],[126.93779513,37.51230737],[126.93789022,37.51228715],[126.93788793,37.51228152],[126.9379201,37.51227394],[126.93793407,37.51227057],[126.93792014,37.51223029],[126.93791855,37.51222579],[126.93788073,37.51223393],[126.93786945,37.5122007]]]}},{"type":"Feature","id":"seoul-building-536936","properties":{"id":"seoul-building-536936","sourceId":"1989194500504455177800000000","pnu":"1159010100102440053","name":"서울특별시 동작구 노량진동","address":"서울특별시 동작구 노량진동","useName":"단독주택","floors":2.0,"height":7.4,"heightSource":"estimated","heightRaw":0.0,"sourceDate":"2026-09-09"},"geometry":{"type":"Polygon","coordinates":[[[126.93854983,37.51180742],[126.93851123,37.51189808],[126.93861229,37.51192629],[126.93862788,37.51188883],[126.93864183,37.51189222],[126.9386638,37.51183987],[126.93854983,37.51180742]]]}},{"type":"Feature","id":"seoul-building-536964","properties":{"id":"seoul-building-536964","sourceId":"1967194513144455719600000000","pnu":"1159010100100370001","name":"서울특별시 동작구 노량진동","address":"서울특별시 동작구 노량진동","useName":"","floors":0.0,"height":0,"heightSource":"unknown","heightRaw":0.0,"sourceDate":"2026-09-09"},"geometry":{"type":"Polygon","coordinates":[[[126.93877051,37.51231605],[126.93866657,37.51233852],[126.93868473,37.51239315],[126.93878936,37.51237238],[126.93877051,37.51231605]]]}},{"type":"Feature","id":"seoul-building-537021","properties":{"id":"seoul-building-537021","sourceId":"1991194373414455181700000000","pnu":"1159010100102580004","name":"서울특별시 동작구 노량진동","address":"서울특별시 동작구 노량진동","useName":"단독주택","floors":2.0,"height":7.4,"heightSource":"estimated","heightRaw":0.0,"sourceDate":"2026-09-09"},"geometry":{"type":"Polygon","coordinates":[[[126.93712537,37.51181288],[126.93710981,37.51183596],[126.93709355,37.51182975],[126.93705958,37.51188098],[126.93717794,37.51193285],[126.93723245,37.51184447],[126.93718793,37.51182501],[126.93717943,37.51183626],[126.93712537,37.51181288]]]}},{"type":"Feature","id":"seoul-building-537024","properties":{"id":"seoul-building-537024","sourceId":"0000194579134458011300000000","pnu":"1159010100100130008","name":"서울특별시 동작구 노량진동","address":"서울특별시 동작구 노량진동","useName":"","floors":0.0,"height":0,"heightSource":"unknown","heightRaw":0.0,"sourceDate":"2026-09-09"},"geometry":{"type":"Polygon","coordinates":[[[126.93947494,37.51452246],[126.93948483,37.51452416],[126.93949104,37.51450192],[126.93954898,37.51432061],[126.93947212,37.51430847],[126.9394622,37.51433719],[126.9394523,37.51433606],[126.93940197,37.51449174],[126.93942619,37.51449513],[126.93941431,37.51453567],[126.93943675,37.51454131],[126.93944153,37.5145292],[126.93947051,37.51453316],[126.93947335,37.51452218],[126.93947494,37.51452246]]]}},{"type":"Feature","id":"seoul-building-537038","properties":{"id":"seoul-building-537038","sourceId":"0000194601474453344800000000","pnu":"1159010100102350013","name":"서울특별시 동작구 노량진동","address":"서울특별시 동작구 노량진동","useName":"","floors":0.0,"height":0,"heightSource":"unknown","heightRaw":0.0,"sourceDate":"2026-09-09"},"geometry":{"type":"Polygon","coordinates":[[[126.93975006,37.5101944],[126.93969296,37.51022675],[126.93970108,37.51023549],[126.93972884,37.51022283],[126.93973148,37.51022509],[126.93975518,37.51021637],[126.93975448,37.51020003],[126.93975006,37.5101944]]]}},{"type":"Feature","id":"seoul-building-537041","properties":{"id":"seoul-building-537041","sourceId":"0000194195774453841700000000","pnu":"1159010100102940204","name":"서울특별시 동작구 노량진동","address":"서울특별시 동작구 노량진동","useName":"","floors":0.0,"height":0,"heightSource":"unknown","heightRaw":0.0,"sourceDate":"2026-09-09"},"geometry":{"type":"Polygon","coordinates":[[[126.9351558,37.51069597],[126.93515527,37.5106971],[126.93516003,37.51069991],[126.93515473,37.51070948],[126.93517345,37.51071456],[126.9352016,37.51065883],[126.93508871,37.5106216],[126.93507347,37.51065791],[126.93511853,37.5106723],[126.93512189,37.51066526],[126.93516553,37.51067851],[126.9351558,37.51069597]]]}},{"type":"Feature","id":"seoul-building-537144","properties":{"id":"seoul-building-537144","sourceId":"0000194385754455168000000000","pnu":"1159010100102560041","name":"서울특별시 동작구 노량진동","address":"서울특별시 동작구 노량진동","useName":"","floors":0.0,"height":0,"heightSource":"unknown","heightRaw":0.0,"sourceDate":"2026-09-09"},"geometry":{"type":"Polygon","coordinates":[[[126.93730191,37.51184366],[126.93726585,37.51184364],[126.93727732,37.5118749],[126.93730878,37.51186702],[126.93730191,37.51184366]]]}},{"type":"Feature","id":"seoul-building-537164","properties":{"id":"seoul-building-537164","sourceId":"0000194451994458433900000000","pnu":"1159010100100130008","name":"서울특별시 동작구 노량진동","address":"서울특별시 동작구 노량진동","useName":"","floors":0.0,"height":0,"heightSource":"unknown","heightRaw":0.0,"sourceDate":"2026-09-09"},"geometry":{"type":"Polygon","coordinates":[[[126.93808429,37.51483822],[126.93809812,37.51478107],[126.9379852,37.51476215],[126.93796995,37.51481873],[126.93798921,37.5148224],[126.93808429,37.51483822]]]}},{"type":"Feature","id":"seoul-building-537172","properties":{"id":"seoul-building-537172","sourceId":"1973194278444453823500000000","pnu":"1159010100102840005","name":"서울특별시 동작구 노량진동","address":"서울특별시 동작구 노량진동","useName":"근린생활시설","floors":3.0,"height":10.6,"heightSource":"estimated","heightRaw":0.0,"sourceDate":"2026-09-09"},"geometry":{"type":"Polygon","coordinates":[[[126.93614231,37.51067624],[126.93614302,37.51067454],[126.93612782,37.51067228],[126.93614892,37.51058755],[126.93608392,37.51053768],[126.93604025,37.51057679],[126.93597705,37.51070402],[126.9361253,37.51073169],[126.93612919,37.51072241],[126.93613343,37.51072382],[126.93614407,37.5106844],[126.9361393,37.5106844],[126.93614231,37.51067624]]]}},{"type":"Feature","id":"seoul-building-537176","properties":{"id":"seoul-building-537176","sourceId":"1988194082834454759000000000","pnu":"1159010800100450041","name":"서울특별시 동작구 대방동","address":"서울특별시 동작구 대방동","useName":"단독주택","floors":2.0,"height":7.4,"heightSource":"estimated","heightRaw":0.0,"sourceDate":"2026-09-09"},"geometry":{"type":"Polygon","coordinates":[[[126.93391434,37.51144059],[126.93385123,37.51144224],[126.93385176,37.51146138],[126.93379644,37.51146276],[126.93379992,37.51152555],[126.9339208,37.51152196],[126.93391434,37.51144059]]]}},{"type":"Feature","id":"seoul-building-537236","properties":{"id":"seoul-building-537236","sourceId":"0000194223444454386600000000","pnu":"1159010100102730045","name":"서울특별시 동작구 노량진동","address":"서울특별시 동작구 노량진동","useName":"","floors":0.0,"height":0,"heightSource":"unknown","heightRaw":0.0,"sourceDate":"2026-09-09"},"geometry":{"type":"Polygon","coordinates":[[[126.93544136,37.511141],[126.93543781,37.51115704],[126.93546325,37.51116269],[126.93546769,37.51114833],[126.93544136,37.511141]]]}},{"type":"Feature","id":"seoul-building-537255","properties":{"id":"seoul-building-537255","sourceId":"1993194155164453279200000000","pnu":"1159010800100440241","name":"서울특별시 동작구 대방동","address":"서울특별시 동작구 대방동","useName":"단독주택","floors":2.0,"height":7.6,"heightSource":"measured","heightRaw":7.6,"sourceDate":"2026-09-09"},"geometry":{"type":"Polygon","coordinates":[[[126.93468534,37.51010161],[126.93466554,37.51011173],[126.93466095,37.51010694],[126.93461073,37.51014015],[126.93468666,37.51020973],[126.93474855,37.51017062],[126.93472542,37.51014612],[126.93472647,37.51014359],[126.93468534,37.51010161]]]}},{"type":"Feature","id":"seoul-building-537322","properties":{"id":"seoul-building-537322","sourceId":"1990194057664453987100000000","pnu":"1159010800100440173","name":"서울특별시 동작구 대방동","address":"서울특별시 동작구 대방동","useName":"단독주택","floors":2.0,"height":7.4,"heightSource":"estimated","heightRaw":0.0,"sourceDate":"2026-09-09"},"geometry":{"type":"Polygon","coordinates":[[[126.93352402,37.51075504],[126.93351372,37.51081585],[126.93361744,37.51082549],[126.93361708,37.51082858],[126.93362786,37.51082971],[126.93363161,37.5108041],[126.93363602,37.5108041],[126.93364453,37.51076806],[126.93352402,37.51075504]]]}},{"type":"Feature","id":"seoul-building-537342","properties":{"id":"seoul-building-537342","sourceId":"1971194227434454089400000000","pnu":"1159010100102740047","name":"서울특별시 동작구 노량진동","address":"서울특별시 동작구 노량진동","useName":"단독주택","floors":1.0,"height":4.2,"heightSource":"estimated","heightRaw":0.0,"sourceDate":"2026-09-09"},"geometry":{"type":"Polygon","coordinates":[[[126.93546125,37.51082876],[126.93542637,37.51090222],[126.93554297,37.5109372],[126.93556617,37.51088963],[126.9355448,37.5108823],[126.9355556,37.51086118],[126.93546125,37.51082876]]]}},{"type":"Feature","id":"seoul-building-537343","properties":{"id":"seoul-building-537343","sourceId":"1990194282324455267200000000","pnu":"1159010100102760006","name":"서울특별시 동작구 노량진동","address":"서울특별시 동작구 노량진동","useName":"단독주택","floors":2.0,"height":7.4,"heightSource":"estimated","heightRaw":0.0,"sourceDate":"2026-09-09"},"geometry":{"type":"Polygon","coordinates":[[[126.93613829,37.51187908],[126.93607837,37.51188017],[126.93607331,37.51200236],[126.93616981,37.51200129],[126.93617038,37.51195483],[126.93615624,37.51195426],[126.93615699,37.51190612],[126.93613914,37.51190639],[126.93613829,37.51187908]]]}},{"type":"Feature","id":"seoul-building-537372","properties":{"id":"seoul-building-537372","sourceId":"1972194159414453400100000000","pnu":"1159010800100440085","name":"서울특별시 동작구 대방동","address":"서울특별시 동작구 대방동","useName":"단독주택","floors":2.0,"height":7.4,"heightSource":"estimated","heightRaw":0.0,"sourceDate":"2026-09-09"},"geometry":{"type":"Polygon","coordinates":[[[126.93476795,37.51020583],[126.93465463,37.51025984],[126.93466521,37.51027336],[126.93465178,37.51028207],[126.93468921,37.51031814],[126.93481085,37.5102633],[126.93476795,37.51020583]]]}},{"type":"Feature","id":"seoul-building-537425","properties":{"id":"seoul-building-537425","sourceId":"1963194351774455972000000000","pnu":"1159010100102610010","name":"서울특별시 동작구 노량진동","address":"서울특별시 동작구 노량진동","useName":"제1종근린생활시설","floors":1.0,"height":4.2,"heightSource":"estimated","heightRaw":0.0,"sourceDate":"2026-09-09"},"geometry":{"type":"Polygon","coordinates":[[[126.93687363,37.51254312],[126.93685982,37.51257239],[126.9368741,37.51261323],[126.93697256,37.51259047],[126.93697238,37.51258906],[126.93687363,37.51254312]]]}},{"type":"Feature","id":"seoul-building-537427","properties":{"id":"seoul-building-537427","sourceId":"1971194458714455067600000000","pnu":"1159010100102540008","name":"서울특별시 동작구 노량진동","address":"서울특별시 동작구 노량진동","useName":"단독주택","floors":2.0,"height":7.4,"heightSource":"estimated","heightRaw":0.0,"sourceDate":"2026-09-09"},"geometry":{"type":"Polygon","coordinates":[[[126.93820085,37.51172193],[126.93802073,37.51175534],[126.93802091,37.51176125],[126.93799793,37.51176829],[126.93800763,37.51178772],[126.93802849,37.51178097],[126.93803677,37.51181194],[126.93820469,37.51178106],[126.93821019,37.51175544],[126.93820085,37.51172193]]]}},{"type":"Feature","id":"seoul-building-537450","properties":{"id":"seoul-building-537450","sourceId":"1992194046744454850300000000","pnu":"1159010800100430012","name":"서울특별시 동작구 대방동","address":"서울특별시 동작구 대방동","useName":"단독주택","floors":2.0,"height":7.4,"heightSource":"estimated","heightRaw":0.0,"sourceDate":"2026-09-09"},"geometry":{"type":"Polygon","coordinates":[[[126.93344205,37.51150254],[126.93337378,37.51156924],[126.9334621,37.51163376],[126.93353495,37.51157129],[126.93344205,37.51150254]]]}},{"type":"Feature","id":"seoul-building-537486","properties":{"id":"seoul-building-537486","sourceId":"1993194425864453466200000000","pnu":"1159010100102490048","name":"서울특별시 동작구 노량진동","address":"서울특별시 동작구 노량진동","useName":"단독주택","floors":2.0,"height":6.7,"heightSource":"measured","heightRaw":6.7,"sourceDate":"2026-09-09"},"geometry":{"type":"Polygon","coordinates":[[[126.93768477,37.51026907],[126.93768543,37.51032144],[126.93767854,37.51032144],[126.93767602,37.51037268],[126.93775396,37.51037301],[126.9377536,37.51037779],[126.93780326,37.51037922],[126.93780617,37.51028293],[126.93778496,37.5102818],[126.93778427,37.51027053],[126.93768477,37.51026907]]]}},{"type":"Feature","id":"seoul-building-537577","properties":{"id":"seoul-building-537577","sourceId":"1994193788494457820700000000","pnu":"1159010800100820010","name":"대방빗물펌프장","address":"서울특별시 동작구 대방동","useName":"제1종근린생활시설","floors":3.0,"height":16.7,"heightSource":"measured","heightRaw":16.7,"sourceDate":"2026-09-09"},"geometry":{"type":"Polygon","coordinates":[[[126.93050655,37.51420752],[126.93048582,37.5142627],[126.93055314,37.51427963],[126.93057405,37.5142239],[126.93050655,37.51420752]]]}},{"type":"Feature","id":"seoul-building-537606","properties":{"id":"seoul-building-537606","sourceId":"1992194534634454643600000000","pnu":"1159010100102460060","name":"서울특별시 동작구 노량진동","address":"서울특별시 동작구 노량진동","useName":"단독주택","floors":2.0,"height":7.4,"heightSource":"estimated","heightRaw":0.0,"sourceDate":"2026-09-09"},"geometry":{"type":"Polygon","coordinates":[[[126.93892788,37.51133403],[126.93889955,37.51140216],[126.93902341,37.51143432],[126.93903917,37.51139716],[126.93903282,37.51139377],[126.93904044,37.51137125],[126.93899131,37.51135772],[126.93899361,37.51135321],[126.93892788,37.51133403]]]}},{"type":"Feature","id":"seoul-building-537639","properties":{"id":"seoul-building-537639","sourceId":"1994194140004453256800000000","pnu":"1159010800100440243","name":"서울특별시 동작구 대방동","address":"서울특별시 동작구 대방동","useName":"단독주택","floors":2.0,"height":6.95,"heightSource":"measured","heightRaw":6.95,"sourceDate":"2026-09-09"},"geometry":{"type":"Polygon","coordinates":[[[126.93450917,37.51007786],[126.93444179,37.51013273],[126.93451614,37.51018881],[126.93456441,37.51014829],[126.93456265,37.51014519],[126.93457114,37.5101359],[126.93454377,37.51011083],[126.9345459,37.51010717],[126.93450917,37.51007786]]]}},{"type":"Feature","id":"seoul-building-537657","properties":{"id":"seoul-building-537657","sourceId":"1993194376494453789300000000","pnu":"1159010100102500015","name":"서울특별시 동작구 노량진동","address":"서울특별시 동작구 노량진동","useName":"단독주택","floors":2.0,"height":7.1,"heightSource":"measured","heightRaw":7.1,"sourceDate":"2026-09-09"},"geometry":{"type":"Polygon","coordinates":[[[126.93725242,37.51056786],[126.93716653,37.51057092],[126.93716653,37.51057429],[126.93711315,37.51057764],[126.93711314,37.51058891],[126.93710502,37.51059003],[126.93710743,37.5106545],[126.93717918,37.51065286],[126.93717936,37.51066074],[126.93725695,37.51065965],[126.93725242,37.51056786]]]}},{"type":"Feature","id":"seoul-building-537676","properties":{"id":"seoul-building-537676","sourceId":"1983194311834453728800000000","pnu":"1159010100102890105","name":"서울특별시 동작구 노량진동","address":"서울특별시 동작구 노량진동","useName":"단독주택","floors":2.0,"height":7.4,"heightSource":"estimated","heightRaw":0.0,"sourceDate":"2026-09-09"},"geometry":{"type":"Polygon","coordinates":[[[126.93644501,37.51051169],[126.93644536,37.51052463],[126.93639534,37.5105277],[126.9363955,37.51054037],[126.93637906,37.51054093],[126.93638467,37.51059893],[126.93638802,37.51060401],[126.93652128,37.51059675],[126.9365127,37.51051228],[126.93644501,37.51051169]]]}},{"type":"Feature","id":"seoul-building-537691","properties":{"id":"seoul-building-537691","sourceId":"1959194241734453781300000000","pnu":"1159010100102860002","name":"서울특별시 동작구 노량진동","address":"서울특별시 동작구 노량진동","useName":"단독주택","floors":1.0,"height":4.2,"heightSource":"estimated","heightRaw":0.0,"sourceDate":"2026-09-09"},"geometry":{"type":"Polygon","coordinates":[[[126.93561872,37.51060106],[126.9356192,37.51066835],[126.93563439,37.51068075],[126.93569747,37.51068248],[126.93569845,37.51057576],[126.93570447,37.51057576],[126.93570555,37.51053718],[126.93561843,37.51053573],[126.93561872,37.51060106]]]}},{"type":"Feature","id":"seoul-building-537720","properties":{"id":"seoul-building-537720","sourceId":"1964194107684455314600000000","pnu":"1159010800100450007","name":"서울특별시 동작구 대방동","address":"서울특별시 동작구 대방동","useName":"제1종근린생활시설","floors":1.0,"height":4.2,"heightSource":"estimated","heightRaw":0.0,"sourceDate":"2026-09-09"},"geometry":{"type":"Polygon","coordinates":[[[126.93419365,37.51195628],[126.93413583,37.51198357],[126.93410758,37.51195623],[126.93407912,37.51197142],[126.93412608,37.5120272],[126.93421007,37.51198023],[126.93419365,37.51195628]]]}},{"type":"Feature","id":"seoul-building-537739","properties":{"id":"seoul-building-537739","sourceId":"0000194616894458155000000000","pnu":"1159010100100150006","name":"서울특별시 동작구 노량진동","address":"서울특별시 동작구 노량진동","useName":"","floors":0.0,"height":0,"heightSource":"unknown","heightRaw":0.0,"sourceDate":"2026-09-09"},"geometry":{"type":"Polygon","coordinates":[[[126.93987967,37.51451225],[126.93986211,37.51457644],[126.9399222,37.51458548],[126.93993727,37.51452889],[126.93991889,37.51452466],[126.93992084,37.51451903],[126.93987967,37.51451225]]]}},{"type":"Feature","id":"seoul-building-537856","properties":{"id":"seoul-building-537856","sourceId":"1974194222464453244900000000","pnu":"1159010100102940203","name":"서울특별시 동작구 노량진동","address":"서울특별시 동작구 노량진동","useName":"단독주택","floors":1.0,"height":4.2,"heightSource":"estimated","heightRaw":0.0,"sourceDate":"2026-09-09"},"geometry":{"type":"Polygon","coordinates":[[[126.93542161,37.51007357],[126.93538495,37.51014563],[126.93546517,37.51017102],[126.93549934,37.51010459],[126.93542161,37.51007357]]]}},{"type":"Feature","id":"seoul-building-537905","properties":{"id":"seoul-building-537905","sourceId":"1993194456444456305100000000","pnu":"1159010100100400039","name":"서울특별시 동작구 노량진동","address":"서울특별시 동작구 노량진동","useName":"제2종근린생활시설","floors":4.0,"height":12.9,"heightSource":"measured","heightRaw":12.9,"sourceDate":"2026-09-09"},"geometry":{"type":"Polygon","coordinates":[[[126.93806695,37.51292639],[126.93814578,37.51292784],[126.93814956,37.5128383],[126.93802568,37.5128374],[126.9380233,37.51292552],[126.93806695,37.51292639]]]}},{"type":"Feature","id":"seoul-building-537945","properties":{"id":"seoul-building-537945","sourceId":"0000194457684458445300000000","pnu":"1159010100100130008","name":"서울특별시 동작구 노량진동","address":"서울특별시 동작구 노량진동","useName":"","floors":0.0,"height":0,"heightSource":"unknown","heightRaw":0.0,"sourceDate":"2026-09-09"},"geometry":{"type":"Polygon","coordinates":[[[126.93809861,37.51484048],[126.9381135,37.51478389],[126.93809812,37.51478107],[126.93808429,37.51483822],[126.93809861,37.51484048]]]}},{"type":"Feature","id":"seoul-building-537957","properties":{"id":"seoul-building-537957","sourceId":"1977194071384453387500000000","pnu":"1159010800100440282","name":"서울특별시 동작구 대방동","address":"서울특별시 동작구 대방동","useName":"단독주택","floors":2.0,"height":7.4,"heightSource":"estimated","heightRaw":0.0,"sourceDate":"2026-09-09"},"geometry":{"type":"Polygon","coordinates":[[[126.93377818,37.51012476],[126.93359139,37.5103164],[126.93364508,37.51034937],[126.93364755,37.51034627],[126.93369313,37.51037361],[126.93387249,37.51018985],[126.93377818,37.51012476]]]}},{"type":"Feature","id":"seoul-building-537978","properties":{"id":"seoul-building-537978","sourceId":"1996194143864453500000000000","pnu":"1159010800100440286","name":"서울특별시 동작구 대방동","address":"서울특별시 동작구 대방동","useName":"단독주택","floors":3.0,"height":8.8,"heightSource":"measured","heightRaw":8.8,"sourceDate":"2026-09-09"},"geometry":{"type":"Polygon","coordinates":[[[126.93457739,37.51027078],[126.93455598,37.51029808],[126.93454715,37.51029497],[126.93452804,37.51031749],[126.93452273,37.51031551],[126.93450434,37.51034112],[126.93450611,37.51034253],[126.93447355,37.51038784],[126.93449545,37.51039828],[126.93448553,37.51041714],[126.93454048,37.51043969],[126.93464046,37.5102939],[126.93457739,37.51027078]]]}},{"type":"Feature","id":"seoul-building-537979","properties":{"id":"seoul-building-537979","sourceId":"1991194504294454130900000000","pnu":"1159010100102460040","name":"서울특별시 동작구 노량진동","address":"서울특별시 동작구 노량진동","useName":"단독주택","floors":2.0,"height":7.4,"heightSource":"estimated","heightRaw":0.0,"sourceDate":"2026-09-09"},"geometry":{"type":"Polygon","coordinates":[[[126.93859795,37.51087407],[126.93856855,37.51094754],[126.93861273,37.51095855],[126.9386106,37.51096334],[126.93865195,37.51097378],[126.93866664,37.5109414],[126.93867371,37.51094451],[126.93869354,37.51090199],[126.93859795,37.51087407]]]}},{"type":"Feature","id":"seoul-building-537988","properties":{"id":"seoul-building-537988","sourceId":"1991194495074454098500000000","pnu":"1159010100102460041","name":"서울특별시 동작구 노량진동","address":"서울특별시 동작구 노량진동","useName":"단독주택","floors":2.0,"height":7.4,"heightSource":"estimated","heightRaw":0.0,"sourceDate":"2026-09-09"},"geometry":{"type":"Polygon","coordinates":[[[126.93848983,37.5108405],[126.93846042,37.51092045],[126.93855937,37.51094838],[126.93858983,37.51086816],[126.93848983,37.5108405]]]}},{"type":"Feature","id":"seoul-building-537993","properties":{"id":"seoul-building-537993","sourceId":"1989194413074455039200000000","pnu":"1159010100102560048","name":"서울특별시 동작구 노량진동","address":"서울특별시 동작구 노량진동","useName":"단독주택","floors":2.0,"height":7.4,"heightSource":"estimated","heightRaw":0.0,"sourceDate":"2026-09-09"},"geometry":{"type":"Polygon","coordinates":[[[126.93754627,37.5116971],[126.9375443,37.51172469],[126.9375344,37.51172525],[126.93752535,37.51177592],[126.93766479,37.51178106],[126.93766766,37.51173236],[126.93765299,37.5117315],[126.93765263,37.51173601],[126.93764274,37.51173515],[126.93764506,37.51169856],[126.93754627,37.5116971]]]}},{"type":"Feature","id":"seoul-building-538029","properties":{"id":"seoul-building-538029","sourceId":"1967194478044456508400000000","pnu":"1159010100100400028","name":"서울특별시 동작구 노량진동","address":"서울특별시 동작구 노량진동","useName":"제2종근린생활시설","floors":2.0,"height":6.88,"heightSource":"measured","heightRaw":6.88,"sourceDate":"2026-09-09"},"geometry":{"type":"Polygon","coordinates":[[[126.93828675,37.51300055],[126.93827641,37.51312698],[126.9383729,37.51313153],[126.9383852,37.51300371],[126.93828675,37.51300055]]]}},{"type":"Feature","id":"seoul-building-538049","properties":{"id":"seoul-building-538049","sourceId":"1966194599184453288900000000","pnu":"1159010100102330007","name":"서울특별시 동작구 노량진동","address":"서울특별시 동작구 노량진동","useName":"단독주택","floors":2.0,"height":7.4,"heightSource":"estimated","heightRaw":0.0,"sourceDate":"2026-09-09"},"geometry":{"type":"Polygon","coordinates":[[[126.93973087,37.51010401],[126.93961666,37.51016026],[126.93967051,37.51022927],[126.93978524,37.51017218],[126.93975613,37.51011529],[126.93974057,37.51011978],[126.93973087,37.51010401]]]}},{"type":"Feature","id":"seoul-building-538081","properties":{"id":"seoul-building-538081","sourceId":"0000194593974454737500000000","pnu":"1159010100102400058","name":"서울특별시 동작구 노량진동","address":"서울특별시 동작구 노량진동","useName":"","floors":0.0,"height":0,"heightSource":"unknown","heightRaw":0.0,"sourceDate":"2026-09-09"},"geometry":{"type":"Polygon","coordinates":[[[126.93966794,37.51144563],[126.93960324,37.51146531],[126.93962053,37.51149657],[126.93968241,37.51147436],[126.93966794,37.51144563]]]}},{"type":"Feature","id":"seoul-building-538126","properties":{"id":"seoul-building-538126","sourceId":"0000194330854458661200000000","pnu":"1159010100100130006","name":"서울특별시 동작구 노량진동","address":"서울특별시 동작구 노량진동","useName":"","floors":0.0,"height":0,"heightSource":"unknown","heightRaw":0.0,"sourceDate":"2026-09-09"},"geometry":{"type":"Polygon","coordinates":[[[126.93662291,37.51498385],[126.93661935,37.51499991],[126.93661723,37.51500947],[126.93670541,37.51502416],[126.93671179,37.51499996],[126.93662291,37.51498385]]]}},{"type":"Feature","id":"seoul-building-538140","properties":{"id":"seoul-building-538140","sourceId":"1995194575954454101300000000","pnu":"1159010100102410015","name":"서울특별시 동작구 노량진동","address":"서울특별시 동작구 노량진동","useName":"단독주택","floors":3.0,"height":10.6,"heightSource":"estimated","heightRaw":0.0,"sourceDate":"2026-09-09"},"geometry":{"type":"Polygon","coordinates":[[[126.9394809,37.51086016],[126.93937713,37.51089361],[126.93940679,37.51093755],[126.93950226,37.51089509],[126.9394809,37.51086016]]]}},{"type":"Feature","id":"seoul-building-538154","properties":{"id":"seoul-building-538154","sourceId":"0000194466314457122000000000","pnu":"1159010100100400006","name":"서울특별시 동작구 노량진동","address":"서울특별시 동작구 노량진동","useName":"","floors":0.0,"height":0,"heightSource":"unknown","heightRaw":0.0,"sourceDate":"2026-09-09"},"geometry":{"type":"Polygon","coordinates":[[[126.93796722,37.5136356],[126.93814908,37.51365005],[126.93831751,37.51365577],[126.93842406,37.51366061],[126.9384319,37.51359924],[126.93832127,37.51359355],[126.93819207,37.51358616],[126.9379731,37.51357309],[126.93796722,37.5136356]]]}},{"type":"Feature","id":"seoul-building-538173","properties":{"id":"seoul-building-538173","sourceId":"1960194170674453227100000000","pnu":"1159010800100440122","name":"서울특별시 동작구 대방동","address":"서울특별시 동작구 대방동","useName":"단독주택","floors":2.0,"height":7.4,"heightSource":"estimated","heightRaw":0.0,"sourceDate":"2026-09-09"},"geometry":{"type":"Polygon","coordinates":[[[126.934901,37.51003669],[126.93481615,37.51006198],[126.93481559,37.51009352],[126.93479597,37.5100952],[126.93479928,37.51016108],[126.93491079,37.51015721],[126.934901,37.51003669]]]}},{"type":"Feature","id":"seoul-building-538300","properties":{"id":"seoul-building-538300","sourceId":"1990194015434454242800000000","pnu":"1159010800100320046","name":"서울특별시 동작구 대방동","address":"서울특별시 동작구 대방동","useName":"단독주택","floors":2.0,"height":7.4,"heightSource":"estimated","heightRaw":0.0,"sourceDate":"2026-09-09"},"geometry":{"type":"Polygon","coordinates":[[[126.93302986,37.51098254],[126.93302968,37.51098339],[126.93300918,37.51098282],[126.93300684,37.51104054],[126.93303564,37.51104196],[126.93303598,37.5110521],[126.93310897,37.51105552],[126.93310878,37.51106397],[126.93318159,37.51106596],[126.93318396,37.51098826],[126.93302986,37.51098254]]]}},{"type":"Feature","id":"seoul-building-538305","properties":{"id":"seoul-building-538305","sourceId":"1955194268424454470000000000","pnu":"1159010100102840006","name":"서울특별시 동작구 노량진동","address":"서울특별시 동작구 노량진동","useName":"단독주택","floors":1.0,"height":4.2,"heightSource":"estimated","heightRaw":0.0,"sourceDate":"2026-09-09"},"geometry":{"type":"Polygon","coordinates":[[[126.93591212,37.51120686],[126.93590272,37.51124008],[126.9360121,37.51124746],[126.93601938,37.51121593],[126.93591212,37.51120686]]]}},{"type":"Feature","id":"seoul-building-538317","properties":{"id":"seoul-building-538317","sourceId":"0000194005694455232500000000","pnu":"1159010800100410000","name":"서울특별시 동작구 대방동","address":"서울특별시 동작구 대방동","useName":"","floors":0.0,"height":0,"heightSource":"unknown","heightRaw":0.0,"sourceDate":"2026-09-09"},"geometry":{"type":"Polygon","coordinates":[[[126.93299849,37.51188324],[126.93295057,37.51190547],[126.93297952,37.51194349],[126.93302726,37.51191902],[126.93299849,37.51188324]]]}},{"type":"Feature","id":"seoul-building-538338","properties":{"id":"seoul-building-538338","sourceId":"0000194272254455142800000000","pnu":"1159010100102760009","name":"서울특별시 동작구 노량진동","address":"서울특별시 동작구 노량진동","useName":"","floors":0.0,"height":0,"heightSource":"unknown","heightRaw":0.0,"sourceDate":"2026-09-09"},"geometry":{"type":"Polygon","coordinates":[[[126.93596642,37.51177086],[126.93592452,37.5117852],[126.93596897,37.51188517],[126.93609713,37.51185005],[126.9360802,37.51180668],[126.93599058,37.51182859],[126.93596642,37.51177086]]]}},{"type":"Feature","id":"seoul-building-538370","properties":{"id":"seoul-building-538370","sourceId":"0000193979934455229800000000","pnu":"1159010800100230166","name":"서울특별시 동작구 대방동","address":"서울특별시 동작구 대방동","useName":"","floors":0.0,"height":0,"heightSource":"unknown","heightRaw":0.0,"sourceDate":"2026-09-09"},"geometry":{"type":"Polygon","coordinates":[[[126.93269398,37.51187744],[126.93265982,37.51192275],[126.93270206,37.51194221],[126.93273478,37.51189943],[126.93269398,37.51187744]]]}},{"type":"Feature","id":"seoul-building-538373","properties":{"id":"seoul-building-538373","sourceId":"1990194464344453762900000000","pnu":"1159010100102490036","name":"서울특별시 동작구 노량진동","address":"서울특별시 동작구 노량진동","useName":"단독주택","floors":2.0,"height":7.4,"heightSource":"estimated","heightRaw":0.0,"sourceDate":"2026-09-09"},"geometry":{"type":"Polygon","coordinates":[[[126.93812389,37.51054777],[126.93812204,37.51063252],[126.9382348,37.51063286],[126.93823696,37.51059006],[126.93822989,37.51058978],[126.93823204,37.51055317],[126.93818733,37.51055203],[126.93818768,37.51054809],[126.93812389,37.51054777]]]}},{"type":"Feature","id":"seoul-building-538417","properties":{"id":"seoul-building-538417","sourceId":"1990194435904453770200000000","pnu":"1159010100102490031","name":"서울특별시 동작구 노량진동","address":"서울특별시 동작구 노량진동","useName":"단독주택","floors":2.0,"height":7.4,"heightSource":"estimated","heightRaw":0.0,"sourceDate":"2026-09-09"},"geometry":{"type":"Polygon","coordinates":[[[126.93786693,37.51054426],[126.93779977,37.51054422],[126.93779686,37.51064306],[126.93792004,37.51064565],[126.93792145,37.51064565],[126.93792325,37.51060313],[126.93791989,37.51060313],[126.93791283,37.5106034],[126.93791216,37.51055892],[126.93786692,37.51055833],[126.93786693,37.51054426]]]}},{"type":"Feature","id":"seoul-building-538452","properties":{"id":"seoul-building-538452","sourceId":"0000194617464453546600000000","pnu":"1159010100102350005","name":"서울특별시 동작구 노량진동","address":"서울특별시 동작구 노량진동","useName":"단독주택","floors":1.0,"height":4.2,"heightSource":"estimated","heightRaw":0.0,"sourceDate":"2026-09-09"},"geometry":{"type":"Polygon","coordinates":[[[126.93989431,37.51035609],[126.93989288,37.51038593],[126.93983032,37.51038309],[126.93982623,37.510418],[126.93989091,37.51042085],[126.93989091,37.51042338],[126.93998244,37.51042569],[126.93998619,37.5103888],[126.93994095,37.51038596],[126.93994203,37.51035753],[126.93989431,37.51035609]]]}},{"type":"Feature","id":"seoul-building-538518","properties":{"id":"seoul-building-538518","sourceId":"0000194472344458134700000000","pnu":"1159010100100130008","name":"서울특별시 동작구 노량진동","address":"서울특별시 동작구 노량진동","useName":"","floors":0.0,"height":0,"heightSource":"unknown","heightRaw":0.0,"sourceDate":"2026-09-09"},"geometry":{"type":"Polygon","coordinates":[[[126.93823727,37.51449395],[126.93822025,37.51455476],[126.93829536,37.51456605],[126.93830635,37.51452946],[126.9382984,37.51452777],[126.9383039,37.5145044],[126.93823727,37.51449395]]]}},{"type":"Feature","id":"seoul-building-538559","properties":{"id":"seoul-building-538559","sourceId":"1994194278994455408600000000","pnu":"1159010100102760015","name":"서울특별시 동작구 노량진동","address":"서울특별시 동작구 노량진동","useName":"단독주택","floors":2.0,"height":7.6,"heightSource":"measured","heightRaw":7.6,"sourceDate":"2026-09-09"},"geometry":{"type":"Polygon","coordinates":[[[126.93603211,37.51203584],[126.93601298,37.51207723],[126.93612412,37.51210995],[126.93613386,37.51209193],[126.93614021,37.5120925],[126.93614943,37.51207139],[126.93603211,37.51203584]]]}},{"type":"Feature","id":"seoul-building-538608","properties":{"id":"seoul-building-538608","sourceId":"0000194441214455908900000000","pnu":"1159010100100390027","name":"서울특별시 동작구 노량진동","address":"서울특별시 동작구 노량진동","useName":"","floors":0.0,"height":0,"heightSource":"unknown","heightRaw":0.0,"sourceDate":"2026-09-09"},"geometry":{"type":"Polygon","coordinates":[[[126.93794324,37.5125037],[126.93788066,37.51252028],[126.93789178,37.51254731],[126.93793013,37.51253776],[126.93792872,37.51252791],[126.93794976,37.51252369],[126.93794324,37.5125037]]]}},{"type":"Feature","id":"seoul-building-538629","properties":{"id":"seoul-building-538629","sourceId":"1991194415134453880000000000","pnu":"1159010100102490086","name":"서울특별시 동작구 노량진동","address":"서울특별시 동작구 노량진동","useName":"단독주택","floors":2.0,"height":7.4,"heightSource":"estimated","heightRaw":0.0,"sourceDate":"2026-09-09"},"geometry":{"type":"Polygon","coordinates":[[[126.93756498,37.51065475],[126.93756424,37.51070684],[126.93757767,37.51070714],[126.93757766,37.51072008],[126.93758771,37.51074149],[126.93767112,37.51074181],[126.93767226,37.51065706],[126.93756498,37.51065475]]]}},{"type":"Feature","id":"seoul-building-538637","properties":{"id":"seoul-building-538637","sourceId":"0000194192164456059500000000","pnu":"1159010100102660023","name":"서울특별시 동작구 노량진동","address":"서울특별시 동작구 노량진동","useName":"","floors":0.0,"height":0,"heightSource":"unknown","heightRaw":0.0,"sourceDate":"2026-09-09"},"geometry":{"type":"Polygon","coordinates":[[[126.93512709,37.51261425],[126.93506417,37.51261703],[126.93505796,37.51264152],[126.9350664,37.51270375],[126.93513834,37.512699],[126.93512709,37.51261425]]]}},{"type":"Feature","id":"seoul-building-538640","properties":{"id":"seoul-building-538640","sourceId":"1964194330354453170500000000","pnu":"1159010100102890033","name":"서울특별시 동작구 노량진동","address":"서울특별시 동작구 노량진동","useName":"단독주택","floors":1.0,"height":4.2,"heightSource":"estimated","heightRaw":0.0,"sourceDate":"2026-09-09"},"geometry":{"type":"Polygon","coordinates":[[[126.93661313,37.51002129],[126.93659489,37.51007365],[126.93670549,37.51009793],[126.93672712,37.5100343],[126.93668046,37.51002471],[126.93667852,37.51003202],[126.93661313,37.51002129]]]}},{"type":"Feature","id":"seoul-building-538687","properties":{"id":"seoul-building-538687","sourceId":"1979194008344453465100000000","pnu":"1159010800100440014","name":"서울특별시 동작구 대방동","address":"서울특별시 동작구 대방동","useName":"단독주택","floors":2.0,"height":7.0,"heightSource":"measured","heightRaw":7.0,"sourceDate":"2026-09-09"},"geometry":{"type":"Polygon","coordinates":[[[126.93304537,37.51024683],[126.93293454,37.51027802],[126.93298974,37.51039518],[126.93310535,37.51035836],[126.93310323,37.51035301],[126.9331073,37.51035076],[126.93309019,37.51030992],[126.93307959,37.51031274],[126.93304537,37.51024683]]]}},{"type":"Feature","id":"seoul-building-538709","properties":{"id":"seoul-building-538709","sourceId":"1961194214504455100000000000","pnu":"1159010100102720008","name":"서울특별시 동작구 노량진동","address":"서울특별시 동작구 노량진동","useName":"단독주택","floors":1.0,"height":4.2,"heightSource":"estimated","heightRaw":0.0,"sourceDate":"2026-09-09"},"geometry":{"type":"Polygon","coordinates":[[[126.93535531,37.51173364],[126.93528582,37.51178091],[126.93537587,37.51186317],[126.93540736,37.51183954],[126.93536373,37.51180292],[126.93538177,37.51179082],[126.93537753,37.51178574],[126.9353954,37.51177055],[126.93535531,37.51173364]]]}},{"type":"Feature","id":"seoul-building-538809","properties":{"id":"seoul-building-538809","sourceId":"1960194191134454091400000000","pnu":"1159010100102730022","name":"서울특별시 동작구 노량진동","address":"서울특별시 동작구 노량진동","useName":"단독주택","floors":1.0,"height":4.2,"heightSource":"estimated","heightRaw":0.0,"sourceDate":"2026-09-09"},"geometry":{"type":"Polygon","coordinates":[[[126.93500012,37.51086398],[126.93510787,37.51093978],[126.93516747,37.51087983],[126.9351334,37.51085053],[126.93509272,37.51088262],[126.93502348,37.51083724],[126.93500013,37.51085835],[126.93500012,37.51086398]]]}},{"type":"Feature","id":"seoul-building-538823","properties":{"id":"seoul-building-538823","sourceId":"0000194352504457072000000000","pnu":"1159010100100240081","name":"서울특별시 동작구 노량진동","address":"서울특별시 동작구 노량진동","useName":"","floors":0.0,"height":0,"heightSource":"unknown","heightRaw":0.0,"sourceDate":"2026-09-09"},"geometry":{"type":"Polygon","coordinates":[[[126.93691074,37.51358351],[126.93691057,37.51358464],[126.93683263,37.51357925],[126.93683208,37.51360206],[126.93694661,37.51360633],[126.93695003,37.51351343],[126.93692194,37.51351284],[126.93691074,37.51358351]]]}},{"type":"Feature","id":"seoul-building-538862","properties":{"id":"seoul-building-538862","sourceId":"1989194391844455667000000000","pnu":"1159010100102580033","name":"서울특별시 동작구 노량진동","address":"서울특별시 동작구 노량진동","useName":"단독주택","floors":2.0,"height":7.4,"heightSource":"estimated","heightRaw":0.0,"sourceDate":"2026-09-09"},"geometry":{"type":"Polygon","coordinates":[[[126.93740211,37.5122517],[126.93728351,37.51228007],[126.9373149,37.51236259],[126.93742078,37.512339],[126.93740898,37.51230633],[126.93742222,37.51230408],[126.93740211,37.5122517]]]}},{"type":"Feature","id":"seoul-building-538965","properties":{"id":"seoul-building-538965","sourceId":"1990194182304456083600000000","pnu":"1159010100102670019","name":"서울특별시 동작구 노량진동","address":"서울특별시 동작구 노량진동","useName":"단독주택","floors":2.0,"height":7.4,"heightSource":"estimated","heightRaw":0.0,"sourceDate":"2026-09-09"},"geometry":{"type":"Polygon","coordinates":[[[126.93505038,37.51263392],[126.93500001,37.5126367],[126.93492118,37.51264059],[126.93492398,37.51267805],[126.93491337,37.51267832],[126.93491776,37.5127262],[126.93497183,37.51272706],[126.93497202,37.51272285],[126.93499994,37.5127223],[126.93502769,37.51272146],[126.93504219,37.51271416],[126.93505844,37.5127136],[126.93505038,37.51263392]]]}},{"type":"Feature","id":"seoul-building-538969","properties":{"id":"seoul-building-538969","sourceId":"1990194429064455369600000000","pnu":"1159010100102560005","name":"서울특별시 동작구 노량진동","address":"서울특별시 동작구 노량진동","useName":"단독주택","floors":2.0,"height":7.4,"heightSource":"estimated","heightRaw":0.0,"sourceDate":"2026-09-09"},"geometry":{"type":"Polygon","coordinates":[[[126.93782049,37.51197768],[126.93770419,37.51200183],[126.93773238,37.51210376],[126.93778293,37.51209366],[126.93778099,37.51208521],[126.93785558,37.51207061],[126.9378399,37.51201992],[126.93783318,37.51202048],[126.93782049,37.51197768]]]}},{"type":"Feature","id":"seoul-building-538989","properties":{"id":"seoul-building-538989","sourceId":"0000194038544454307000000000","pnu":"1159010800100680055","name":"서울특별시 동작구 대방동","address":"서울특별시 동작구 대방동","useName":"","floors":0.0,"height":0,"heightSource":"unknown","heightRaw":0.0,"sourceDate":"2026-09-09"},"geometry":{"type":"Polygon","coordinates":[[[126.93335092,37.51105114],[126.93332527,37.51107225],[126.9333726,37.51110831],[126.93339596,37.51108468],[126.93335092,37.51105114]]]}},{"type":"Feature","id":"seoul-building-538995","properties":{"id":"seoul-building-538995","sourceId":"1961194620324454811000000000","pnu":"1159010100102400009","name":"서울특별시 동작구 노량진동","address":"서울특별시 동작구 노량진동","useName":"단독주택","floors":1.0,"height":4.2,"heightSource":"estimated","heightRaw":0.0,"sourceDate":"2026-09-09"},"geometry":{"type":"Polygon","coordinates":[[[126.93992524,37.51147391],[126.93989006,37.51149023],[126.93995571,37.51159866],[126.93999283,37.51158517],[126.93992524,37.51147391]]]}},{"type":"Feature","id":"seoul-building-539003","properties":{"id":"seoul-building-539003","sourceId":"1994193765374456341600000000","pnu":"1159010800105020000","name":"대방동현대아파트","address":"서울특별시 동작구 대방동","useName":"공동주택","floors":23.0,"height":62.4,"heightSource":"measured","heightRaw":62.4,"sourceDate":"2026-09-09"},"geometry":{"type":"Polygon","coordinates":[[[126.93047757,37.51287008],[126.93038373,37.51287031],[126.93038233,37.51284074],[126.93015416,37.51284229],[126.93015539,37.51286031],[126.93000004,37.51286163],[126.92992829,37.51286216],[126.92992907,37.51296943],[126.92999022,37.51297031],[126.9299904,37.51296468],[126.93000012,37.51296469],[126.93009184,37.51296249],[126.93009237,37.5129701],[126.93015865,37.512969],[126.93015813,37.51295098],[126.93021681,37.51295185],[126.93021682,37.51294482],[126.93032091,37.5129446],[126.93032144,37.51295023],[126.93038224,37.51294802],[126.93038168,37.51297843],[126.930443,37.51297874],[126.93044778,37.51297368],[126.93054321,37.51297204],[126.93054374,37.51297852],[126.93061214,37.51297631],[126.93060977,37.5128696],[126.93047757,37.51287008]]]}},{"type":"Feature","id":"seoul-building-539051","properties":{"id":"seoul-building-539051","sourceId":"0000194242844456194400000000","pnu":"1159010100102660006","name":"서울특별시 동작구 노량진동","address":"서울특별시 동작구 노량진동","useName":"","floors":0.0,"height":0,"heightSource":"unknown","heightRaw":0.0,"sourceDate":"2026-09-09"},"geometry":{"type":"Polygon","coordinates":[[[126.93567396,37.51275307],[126.93564302,37.51277053],[126.93566508,37.51280826],[126.93568029,37.51280207],[126.93569815,37.51279025],[126.93567396,37.51275307]]]}},{"type":"Feature","id":"seoul-building-539062","properties":{"id":"seoul-building-539062","sourceId":"1991194168394454090000000000","pnu":"1159010100102730025","name":"서울특별시 동작구 노량진동","address":"서울특별시 동작구 노량진동","useName":"제1종근린생활시설","floors":4.0,"height":13.8,"heightSource":"estimated","heightRaw":0.0,"sourceDate":"2026-09-09"},"geometry":{"type":"Polygon","coordinates":[[[126.93478774,37.51082416],[126.93476751,37.51092214],[126.93485533,37.51093626],[126.93486434,37.51092585],[126.9348769,37.5109191],[126.93488009,37.51090474],[126.93489706,37.51090672],[126.93490645,37.51087181],[126.93488896,37.51087096],[126.93484145,37.51083799],[126.93478774,37.51082416]]]}},{"type":"Feature","id":"seoul-building-539076","properties":{"id":"seoul-building-539076","sourceId":"1974194320414454451900000000","pnu":"1159010100102820035","name":"서울특별시 동작구 노량진동","address":"서울특별시 동작구 노량진동","useName":"단독주택","floors":1.0,"height":4.2,"heightSource":"estimated","heightRaw":0.0,"sourceDate":"2026-09-09"},"geometry":{"type":"Polygon","coordinates":[[[126.93651923,37.51114552],[126.93649237,37.5111458],[126.93649529,37.51123674],[126.93650413,37.51123759],[126.93650374,37.51127138],[126.93660553,37.51127115],[126.9366021,37.51115768],[126.93651922,37.51115594],[126.93651923,37.51114552]]]}},{"type":"Feature","id":"seoul-building-539077","properties":{"id":"seoul-building-539077","sourceId":"0000193967574454808700000000","pnu":"1159010800100320001","name":"서울특별시 동작구 대방동","address":"서울특별시 동작구 대방동","useName":"","floors":0.0,"height":0,"heightSource":"unknown","heightRaw":0.0,"sourceDate":"2026-09-09"},"geometry":{"type":"Polygon","coordinates":[[[126.93252236,37.51150568],[126.93251667,37.51154397],[126.93259442,37.511555],[126.93260011,37.51151896],[126.93252236,37.51150568]]]}},{"type":"Feature","id":"seoul-building-539081","properties":{"id":"seoul-building-539081","sourceId":"1990194095224455119400000000","pnu":"1159010800100450037","name":"서울특별시 동작구 대방동","address":"서울특별시 동작구 대방동","useName":"단독주택","floors":3.0,"height":10.6,"heightSource":"estimated","heightRaw":0.0,"sourceDate":"2026-09-09"},"geometry":{"type":"Polygon","coordinates":[[[126.9340056,37.51176105],[126.93395786,37.51177735],[126.93392727,37.51179817],[126.9339935,37.51185678],[126.93400499,37.51184805],[126.93402265,37.51186355],[126.9340734,37.51182586],[126.9340056,37.51176105]]]}},{"type":"Feature","id":"seoul-building-539086","properties":{"id":"seoul-building-539086","sourceId":"1993194509034453486500000000","pnu":"1159010100102480082","name":"서울특별시 동작구 노량진동","address":"서울특별시 동작구 노량진동","useName":"단독주택","floors":2.0,"height":6.5,"heightSource":"measured","heightRaw":6.5,"sourceDate":"2026-09-09"},"geometry":{"type":"Polygon","coordinates":[[[126.93866382,37.51029746],[126.93864011,37.51033152],[126.93864823,37.51033378],[126.93863903,37.51035207],[126.93864662,37.51036982],[126.93869696,37.51039011],[126.93873732,37.51032678],[126.93866382,37.51029746]]]}},{"type":"Feature","id":"seoul-building-539103","properties":{"id":"seoul-building-539103","sourceId":"2000194523854455402100000000","pnu":"1159010100102440071","name":"서울특별시 동작구 노량진동","address":"서울특별시 동작구 노량진동","useName":"제2종근린생활시설","floors":6.0,"height":20.2,"heightSource":"estimated","heightRaw":0.0,"sourceDate":"2026-09-09"},"geometry":{"type":"Polygon","coordinates":[[[126.93880114,37.51201901],[126.93877051,37.51208628],[126.93885444,37.51211139],[126.93892037,37.51209425],[126.93893648,37.51205935],[126.93880114,37.51201901]]]}},{"type":"Feature","id":"seoul-building-539114","properties":{"id":"seoul-building-539114","sourceId":"1974194331304454368100000000","pnu":"1159010100102820034","name":"서울특별시 동작구 노량진동","address":"서울특별시 동작구 노량진동","useName":"단독주택","floors":1.0,"height":4.2,"heightSource":"estimated","heightRaw":0.0,"sourceDate":"2026-09-09"},"geometry":{"type":"Polygon","coordinates":[[[126.93672465,37.51107637],[126.93665748,37.51108168],[126.93665835,37.51109577],[126.93661788,37.51109912],[126.93661875,37.51110673],[126.93659808,37.5111084],[126.93660687,37.51116275],[126.93661853,37.51116276],[126.93662292,37.51119007],[126.93673798,37.51118253],[126.93672465,37.51107637]]]}},{"type":"Feature","id":"seoul-building-539115","properties":{"id":"seoul-building-539115","sourceId":"1994194527034453899900000000","pnu":"1159010100102480024","name":"서울특별시 동작구 노량진동","address":"서울특별시 동작구 노량진동","useName":"단독주택","floors":3.0,"height":9.6,"heightSource":"measured","heightRaw":9.6,"sourceDate":"2026-09-09"},"geometry":{"type":"Polygon","coordinates":[[[126.93886819,37.51063291],[126.93878695,37.51077646],[126.93886752,37.5108055],[126.93890999,37.51073261],[126.93895469,37.51074727],[126.9389954,37.51067493],[126.93886819,37.51063291]]]}},{"type":"Feature","id":"seoul-building-539118","properties":{"id":"seoul-building-539118","sourceId":"1985194606524453109300000000","pnu":"1159010100102310010","name":"서울특별시 동작구 노량진동","address":"서울특별시 동작구 노량진동","useName":"제2종근린생활시설","floors":3.0,"height":10.6,"heightSource":"estimated","heightRaw":0.0,"sourceDate":"2026-09-09"},"geometry":{"type":"Polygon","coordinates":[[[126.93982218,37.50994751],[126.93971011,37.50999447],[126.93971346,37.51000011],[126.93975017,37.51005869],[126.93986137,37.51001482],[126.93985271,37.5099999],[126.93982218,37.50994751]]]}},{"type":"Feature","id":"seoul-building-539130","properties":{"id":"seoul-building-539130","sourceId":"0000194136354457477700000000","pnu":"1159010800100700001","name":"서울특별시 동작구 대방동","address":"서울특별시 동작구 대방동","useName":"","floors":0.0,"height":0,"heightSource":"unknown","heightRaw":0.0,"sourceDate":"2026-09-09"},"geometry":{"type":"Polygon","coordinates":[[[126.93447489,37.51389782],[126.93446429,37.51389809],[126.9344489,37.51390118],[126.93443918,37.51390625],[126.93443211,37.51391018],[126.93442821,37.51391441],[126.93442591,37.51392031],[126.93442181,37.51396818],[126.93450381,37.51397019],[126.93450597,37.51392599],[126.93450368,37.51391951],[126.93450069,37.51391303],[126.93449256,37.51390543],[126.93448285,37.51390092],[126.93447489,37.51389782]]]}},{"type":"Feature","id":"seoul-building-539132","properties":{"id":"seoul-building-539132","sourceId":"1987194198124456371200000000","pnu":"1159010100102670012","name":"서울특별시 동작구 노량진동","address":"서울특별시 동작구 노량진동","useName":"제1종근린생활시설","floors":3.0,"height":10.6,"heightSource":"estimated","heightRaw":0.0,"sourceDate":"2026-09-09"},"geometry":{"type":"Polygon","coordinates":[[[126.9352071,37.51288572],[126.935086,37.51292704],[126.935122,37.51299435],[126.93524239,37.51295359],[126.9352071,37.51288572]]]}},{"type":"Feature","id":"seoul-building-539143","properties":{"id":"seoul-building-539143","sourceId":"1996194427834454783500000000","pnu":"1159010100102550017","name":"서울특별시 동작구 노량진동","address":"서울특별시 동작구 노량진동","useName":"단독주택","floors":4.0,"height":13.8,"heightSource":"estimated","heightRaw":0.0,"sourceDate":"2026-09-09"},"geometry":{"type":"Polygon","coordinates":[[[126.93769841,37.51150429],[126.93774096,37.51156513],[126.93783854,37.51151705],[126.93782478,37.5114931],[126.93776101,37.51146435],[126.93775906,37.5114652],[126.93771415,37.51148347],[126.93769841,37.51150429]]]}},{"type":"Feature","id":"seoul-building-539144","properties":{"id":"seoul-building-539144","sourceId":"1968193955194453516000000000","pnu":"1159010800100320029","name":"서울특별시 동작구 대방동","address":"서울특별시 동작구 대방동","useName":"단독주택","floors":2.0,"height":7.4,"heightSource":"estimated","heightRaw":0.0,"sourceDate":"2026-09-09"},"geometry":{"type":"Polygon","coordinates":[[[126.93244903,37.51031406],[126.93240006,37.51032895],[126.93239618,37.51031994],[126.93235534,37.51033653],[126.93236045,37.51035738],[126.93234011,37.51036553],[126.93236923,37.5104196],[126.9323892,37.5104137],[126.9323908,37.51041567],[126.93244896,37.51039825],[126.93245178,37.51040332],[126.93248201,37.51039461],[126.93247954,37.51038869],[126.93250234,37.51038026],[126.93247111,37.51031999],[126.93245625,37.51032533],[126.93244903,37.51031406]]]}},{"type":"Feature","id":"seoul-building-539156","properties":{"id":"seoul-building-539156","sourceId":"1984194330014456224300000000","pnu":"1159010100100310018","name":"서울특별시 동작구 노량진동","address":"서울특별시 동작구 노량진동","useName":"제1종근린생활시설","floors":4.0,"height":13.8,"heightSource":"estimated","heightRaw":0.0,"sourceDate":"2026-09-09"},"geometry":{"type":"Polygon","coordinates":[[[126.93671723,37.51274745],[126.93658466,37.51276343],[126.93659452,37.51280932],[126.93659558,37.51281411],[126.93658197,37.51281579],[126.9365904,37.5128707],[126.93666906,37.5128623],[126.93666835,37.51285385],[126.93673676,37.51284516],[126.93672954,37.51280911],[126.93671723,37.51274745]]]}},{"type":"Feature","id":"seoul-building-539174","properties":{"id":"seoul-building-539174","sourceId":"1991194519554453800800000000","pnu":"1159010100102480064","name":"서울특별시 동작구 노량진동","address":"서울특별시 동작구 노량진동","useName":"단독주택","floors":2.0,"height":7.4,"heightSource":"estimated","heightRaw":0.0,"sourceDate":"2026-09-09"},"geometry":{"type":"Polygon","coordinates":[[[126.93877952,37.51056641],[126.93874608,37.51062018],[126.93875403,37.51062327],[126.93873846,37.51065396],[126.9388245,37.51068441],[126.93887016,37.5106056],[126.93877952,37.51056641]]]}},{"type":"Feature","id":"seoul-building-539214","properties":{"id":"seoul-building-539214","sourceId":"0000194160024454500800000000","pnu":"1159010100102730007","name":"서울특별시 동작구 노량진동","address":"서울특별시 동작구 노량진동","useName":"","floors":0.0,"height":0,"heightSource":"unknown","heightRaw":0.0,"sourceDate":"2026-09-09"},"geometry":{"type":"Polygon","coordinates":[[[126.93472448,37.51123098],[126.93472073,37.51127603],[126.93474652,37.51127858],[126.93474816,37.51123184],[126.93472448,37.51123098]]]}},{"type":"Feature","id":"seoul-building-539221","properties":{"id":"seoul-building-539221","sourceId":"1990194564664454857500000000","pnu":"1159010100102420007","name":"서울특별시 동작구 노량진동","address":"서울특별시 동작구 노량진동","useName":"단독주택","floors":2.0,"height":7.4,"heightSource":"estimated","heightRaw":0.0,"sourceDate":"2026-09-09"},"geometry":{"type":"Polygon","coordinates":[[[126.93931637,37.5115181],[126.93931265,37.51153808],[126.939272,37.51153552],[126.93926009,37.51161633],[126.93929754,37.5116203],[126.9392956,37.51163634],[126.93934084,37.5116389],[126.9393579,37.51152065],[126.93931637,37.5115181]]]}},{"type":"Feature","id":"seoul-building-539237","properties":{"id":"seoul-building-539237","sourceId":"0000194462694458007300000000","pnu":"1159010100100130008","name":"서울특별시 동작구 노량진동","address":"서울특별시 동작구 노량진동","useName":"","floors":0.0,"height":0,"heightSource":"unknown","heightRaw":0.0,"sourceDate":"2026-09-09"},"geometry":{"type":"Polygon","coordinates":[[[126.93818076,37.51443985],[126.93819137,37.51444099],[126.9382036,37.51440186],[126.9381375,37.51438971],[126.9381313,37.51440942],[126.9381078,37.51440434],[126.93810249,37.514408],[126.93809948,37.51442518],[126.93818076,37.51443985]]]}},{"type":"Feature","id":"seoul-building-539242","properties":{"id":"seoul-building-539242","sourceId":"1996194538664455177800000000","pnu":"1159010100102440012","name":"서울특별시 동작구 노량진동","address":"서울특별시 동작구 노량진동","useName":"제2종근린생활시설","floors":4.0,"height":10.6,"heightSource":"measured","heightRaw":10.6,"sourceDate":"2026-09-09"},"geometry":{"type":"Polygon","coordinates":[[[126.93895523,37.51181834],[126.93892975,37.51187323],[126.93908081,37.51191723],[126.93909551,37.51188598],[126.93908935,37.51185304],[126.93895523,37.51181834]]]}},{"type":"Feature","id":"seoul-building-539246","properties":{"id":"seoul-building-539246","sourceId":"1997194023874455228100000000","pnu":"1159010800100410000","name":"신한토탈아파트","address":"서울특별시 동작구 대방동","useName":"공동주택","floors":18.0,"height":49.54,"heightSource":"measured","heightRaw":49.54,"sourceDate":"2026-09-09"},"geometry":{"type":"Polygon","coordinates":[[[126.93307254,37.51167606],[126.93296804,37.51173175],[126.9331414,37.51193964],[126.93300739,37.5120108],[126.93304339,37.51205249],[126.93303154,37.51206207],[126.93308398,37.51212066],[126.93348888,37.51191253],[126.93345534,37.51187224],[126.93344332,37.51187927],[126.93338205,37.51181139],[126.93323848,37.51188789],[126.93324731,37.51190028],[126.93321301,37.51191885],[126.93320329,37.51190589],[126.93318794,37.51188673],[126.93320084,37.51187886],[126.93319679,37.51187125],[126.93323321,37.51185184],[126.93312427,37.51172311],[126.93311332,37.51172817],[126.93307254,37.51167606]]]}},{"type":"Feature","id":"seoul-building-539277","properties":{"id":"seoul-building-539277","sourceId":"1992194419144454236500000000","pnu":"1159010100102510003","name":"서울특별시 동작구 노량진동","address":"서울특별시 동작구 노량진동","useName":"단독주택","floors":2.0,"height":7.4,"heightSource":"estimated","heightRaw":0.0,"sourceDate":"2026-09-09"},"geometry":{"type":"Polygon","coordinates":[[[126.93767271,37.51095327],[126.93759896,37.51102193],[126.93762686,37.51104249],[126.93761855,37.51105207],[126.93765777,37.51108137],[126.93768359,37.51105914],[126.93768642,37.51106084],[126.93773063,37.51102003],[126.93770889,37.51100454],[126.93771597,37.51099581],[126.93770855,37.51098988],[126.93771368,37.51098482],[126.93767271,37.51095327]]]}},{"type":"Feature","id":"seoul-building-539289","properties":{"id":"seoul-building-539289","sourceId":"1992194188584458301700000000","pnu":"1159010100100190006","name":"노량진동 19-6 업무시설 (주식회사케이미트)","address":"서울특별시 동작구 노량진동","useName":"업무시설","floors":6.0,"height":26.0,"heightSource":"measured","heightRaw":26.0,"sourceDate":"2026-09-09"},"geometry":{"type":"Polygon","coordinates":[[[126.93475992,37.51456444],[126.93473271,37.51475983],[126.93473447,37.51476293],[126.93473977,37.51476575],[126.93478483,37.51476944],[126.93478395,37.51477479],[126.93500008,37.51479263],[126.93529522,37.5148173],[126.93529682,37.51481139],[126.93534241,37.5148162],[126.93534735,37.51481339],[126.93534895,37.51480944],[126.9353767,37.51460082],[126.93537582,37.51459744],[126.93537352,37.51459462],[126.93532581,37.51459066],[126.93532635,37.51458418],[126.93500012,37.51455697],[126.93481649,37.51454138],[126.93481561,37.51454757],[126.93476719,37.51454304],[126.93476312,37.5145467],[126.93476223,37.51454839],[126.93475992,37.51456444]]]}},{"type":"Feature","id":"seoul-building-539293","properties":{"id":"seoul-building-539293","sourceId":"1966194281284453395100000000","pnu":"1159010100102880006","name":"서울특별시 동작구 노량진동","address":"서울특별시 동작구 노량진동","useName":"단독주택","floors":2.0,"height":7.4,"heightSource":"estimated","heightRaw":0.0,"sourceDate":"2026-09-09"},"geometry":{"type":"Polygon","coordinates":[[[126.93605397,37.5102285],[126.93605835,37.51027665],[126.93611401,37.51028401],[126.93611295,37.51028795],[126.93613769,37.51029106],[126.93613858,37.51028739],[126.93615007,37.51028825],[126.93616618,37.51024404],[126.93605397,37.5102285]]]}},{"type":"Feature","id":"seoul-building-539383","properties":{"id":"seoul-building-539383","sourceId":"0000194400424457079100000000","pnu":"1159010100100140014","name":"서울특별시 동작구 노량진동","address":"서울특별시 동작구 노량진동","useName":"","floors":0.0,"height":0,"heightSource":"unknown","heightRaw":0.0,"sourceDate":"2026-09-09"},"geometry":{"type":"Polygon","coordinates":[[[126.93741006,37.51354408],[126.93740559,37.51361081],[126.93749359,37.51361564],[126.93749807,37.51354639],[126.93741006,37.51354408]]]}},{"type":"Feature","id":"seoul-building-539403","properties":{"id":"seoul-building-539403","sourceId":"1985194487624456027800000000","pnu":"1159010100100390008","name":"서울특별시 동작구 노량진동","address":"서울특별시 동작구 노량진동","useName":"제2종근린생활시설","floors":2.0,"height":6.5,"heightSource":"measured","heightRaw":6.5,"sourceDate":"2026-09-09"},"geometry":{"type":"Polygon","coordinates":[[[126.93848009,37.51257859],[126.93842159,37.51258898],[126.93842352,37.51260194],[126.93837138,37.51261317],[126.93839093,37.51268104],[126.93850424,37.51266195],[126.93848009,37.51257859]]]}},{"type":"Feature","id":"seoul-building-539467","properties":{"id":"seoul-building-539467","sourceId":"1993194148764453334600000000","pnu":"1159010800100440086","name":"서울특별시 동작구 대방동","address":"서울특별시 동작구 대방동","useName":"단독주택","floors":2.0,"height":7.1,"heightSource":"measured","heightRaw":7.1,"sourceDate":"2026-09-09"},"geometry":{"type":"Polygon","coordinates":[[[126.93461461,37.51015198],[126.93459144,37.5101683],[126.93457802,37.51015787],[126.93453222,37.51019107],[126.93459155,37.51024291],[126.93459527,37.51024037],[126.93461574,37.5102601],[126.934684,37.51021508],[126.93461461,37.51015198]]]}},{"type":"Feature","id":"seoul-building-539487","properties":{"id":"seoul-building-539487","sourceId":"1992194358614453694300000000","pnu":"1159010100102890080","name":"서울특별시 동작구 노량진동","address":"서울특별시 동작구 노량진동","useName":"단독주택","floors":2.0,"height":7.4,"heightSource":"estimated","heightRaw":0.0,"sourceDate":"2026-09-09"},"geometry":{"type":"Polygon","coordinates":[[[126.93692309,37.51047393],[126.936914,37.51056262],[126.93705289,37.51057649],[126.93705611,37.51052608],[126.93704569,37.51052467],[126.93704713,37.51050186],[126.9369798,37.51049902],[126.93698158,37.51047453],[126.93696144,37.51047423],[126.93696091,37.51047789],[126.93692309,37.51047393]]]}},{"type":"Feature","id":"seoul-building-539495","properties":{"id":"seoul-building-539495","sourceId":"1987194000074453586300000000","pnu":"1159010800100440002","name":"서울특별시 동작구 대방동","address":"서울특별시 동작구 대방동","useName":"단독주택","floors":2.0,"height":7.4,"heightSource":"estimated","heightRaw":0.0,"sourceDate":"2026-09-09"},"geometry":{"type":"Polygon","coordinates":[[[126.93294223,37.51036164],[126.93292048,37.51036951],[126.93288336,37.51038273],[126.93288618,37.51039089],[126.93286019,37.51040017],[126.93290906,37.51049734],[126.93292055,37.51049368],[126.93296121,37.51048019],[126.93295927,37.5104754],[126.93299215,37.51046444],[126.93296886,37.51041319],[126.93297205,37.51041094],[126.93294223,37.51036164]]]}},{"type":"Feature","id":"seoul-building-539543","properties":{"id":"seoul-building-539543","sourceId":"1976194307064455623400000000","pnu":"1159010100102600005","name":"서울특별시 동작구 노량진동","address":"서울특별시 동작구 노량진동","useName":"단독주택","floors":1.0,"height":4.2,"heightSource":"estimated","heightRaw":0.0,"sourceDate":"2026-09-09"},"geometry":{"type":"Polygon","coordinates":[[[126.93637218,37.51220019],[126.93632632,37.51229927],[126.93643268,37.5123303],[126.93644915,37.51229342],[126.93644227,37.51228891],[126.93646493,37.51223938],[126.93642677,37.51222752],[126.93642942,37.51221711],[126.93637218,37.51220019]]]}},{"type":"Feature","id":"seoul-building-539557","properties":{"id":"seoul-building-539557","sourceId":"1970193993484454569600000000","pnu":"1159010800100320056","name":"서울특별시 동작구 대방동","address":"서울특별시 동작구 대방동","useName":"단독주택","floors":2.0,"height":7.4,"heightSource":"estimated","heightRaw":0.0,"sourceDate":"2026-09-09"},"geometry":{"type":"Polygon","coordinates":[[[126.93281682,37.51125892],[126.93277912,37.51132618],[126.93289591,37.51137102],[126.93291839,37.51133049],[126.93290373,37.51132372],[126.93291312,37.51130205],[126.93286593,37.51128513],[126.93287001,37.51127669],[126.93281682,37.51125892]]]}},{"type":"Feature","id":"seoul-building-539580","properties":{"id":"seoul-building-539580","sourceId":"1999193869844454422800000000","pnu":"1159010800105060000","name":"서울특별시 동작구 대방동","address":"서울특별시 동작구 대방동","useName":"","floors":0.0,"height":0,"heightSource":"unknown","heightRaw":0.0,"sourceDate":"2026-09-09"},"geometry":{"type":"Polygon","coordinates":[[[126.9314688,37.51119761],[126.93146917,37.51116889],[126.93143649,37.51116858],[126.93143628,37.51119506],[126.9314688,37.51119761]]]}},{"type":"Feature","id":"seoul-building-539623","properties":{"id":"seoul-building-539623","sourceId":"0000194327104455150900000000","pnu":"1159010100102790001","name":"서울특별시 동작구 노량진동","address":"서울특별시 동작구 노량진동","useName":"","floors":0.0,"height":0,"heightSource":"unknown","heightRaw":0.0,"sourceDate":"2026-09-09"},"geometry":{"type":"Polygon","coordinates":[[[126.93660171,37.51181963],[126.93659249,37.5118582],[126.93662695,37.51186751],[126.9366556,37.51184416],[126.93665879,37.51182389],[126.93660171,37.51181963]]]}},{"type":"Feature","id":"seoul-building-539640","properties":{"id":"seoul-building-539640","sourceId":"1993193962544455863200000000","pnu":"1159010800100400008","name":"서울특별시 동작구 대방동","address":"서울특별시 동작구 대방동","useName":"창고시설","floors":1.0,"height":4.0,"heightSource":"measured","heightRaw":4.0,"sourceDate":"2026-09-09"},"geometry":{"type":"Polygon","coordinates":[[[126.93250332,37.51242076],[126.93242641,37.51246322],[126.93249703,37.51254238],[126.93257412,37.51249597],[126.93250332,37.51242076]]]}},{"type":"Feature","id":"seoul-building-539675","properties":{"id":"seoul-building-539675","sourceId":"0000194544924458061900000000","pnu":"1159010100100130008","name":"서울특별시 동작구 노량진동","address":"서울특별시 동작구 노량진동","useName":"","floors":0.0,"height":0,"heightSource":"unknown","heightRaw":0.0,"sourceDate":"2026-09-09"},"geometry":{"type":"Polygon","coordinates":[[[126.93905634,37.51441947],[126.93903983,37.51450338],[126.93911795,37.51451073],[126.93912933,37.51442683],[126.93905634,37.51441947]]]}},{"type":"Feature","id":"seoul-building-539765","properties":{"id":"seoul-building-539765","sourceId":"2009193902144453605500000000","pnu":"1159010800100230031","name":"서울특별시 동작구 대방동","address":"서울특별시 동작구 대방동","useName":"제2종근린생활시설","floors":6.0,"height":20.0,"heightSource":"measured","heightRaw":20.0,"sourceDate":"2026-09-09"},"geometry":{"type":"Polygon","coordinates":[[[126.9317666,37.5104156],[126.93176407,37.51047191],[126.93187823,37.51047423],[126.9318788,37.51043397],[126.93185105,37.51043113],[126.93185142,37.51041734],[126.9317666,37.5104156]]]}},{"type":"Feature","id":"seoul-building-539767","properties":{"id":"seoul-building-539767","sourceId":"0000194372934453152600000000","pnu":"1159010100102910020","name":"서울특별시 동작구 노량진동","address":"서울특별시 동작구 노량진동","useName":"","floors":0.0,"height":0,"heightSource":"unknown","heightRaw":0.0,"sourceDate":"2026-09-09"},"geometry":{"type":"Polygon","coordinates":[[[126.93711994,37.51006886],[126.93717367,37.51006523],[126.93717371,37.51002159],[126.93716858,37.51002187],[126.93716612,37.5100092],[126.93711025,37.51002381],[126.937118,37.51006914],[126.93711994,37.51006886]]]}},{"type":"Feature","id":"seoul-building-539772","properties":{"id":"seoul-building-539772","sourceId":"1988194411124454555400000000","pnu":"1159010100102520003","name":"서울특별시 동작구 노량진동","address":"서울특별시 동작구 노량진동","useName":"단독주택","floors":3.0,"height":10.6,"heightSource":"estimated","heightRaw":0.0,"sourceDate":"2026-09-09"},"geometry":{"type":"Polygon","coordinates":[[[126.93755088,37.51124687],[126.93748898,37.5113147],[126.93758471,37.51137162],[126.93766149,37.51128663],[126.93761026,37.5112545],[126.93759399,37.51127139],[126.93755088,37.51124687]]]}},{"type":"Feature","id":"seoul-building-539824","properties":{"id":"seoul-building-539824","sourceId":"1987194152154453568800000000","pnu":"1159010800100440177","name":"서울특별시 동작구 대방동","address":"서울특별시 동작구 대방동","useName":"단독주택","floors":2.0,"height":7.4,"heightSource":"estimated","heightRaw":0.0,"sourceDate":"2026-09-09"},"geometry":{"type":"Polygon","coordinates":[[[126.93465577,37.51036233],[126.93464674,37.51037499],[126.93461972,37.51036484],[126.93457352,37.51043633],[126.93466362,37.51047439],[126.93471902,37.51038742],[126.93465577,37.51036233]]]}},{"type":"Feature","id":"seoul-building-539831","properties":{"id":"seoul-building-539831","sourceId":"0000194473234458242900000000","pnu":"1159010100100130008","name":"서울특별시 동작구 노량진동","address":"서울특별시 동작구 노량진동","useName":"","floors":0.0,"height":0,"heightSource":"unknown","heightRaw":0.0,"sourceDate":"2026-09-09"},"geometry":{"type":"Polygon","coordinates":[[[126.93822425,37.51464627],[126.93831878,37.51466039],[126.93832979,37.51461084],[126.93823277,37.51459559],[126.93821806,37.51464767],[126.93822371,37.51464852],[126.93822425,37.51464627]]]}},{"type":"Feature","id":"seoul-building-539840","properties":{"id":"seoul-building-539840","sourceId":"1990194424984454321700000000","pnu":"1159010100102510001","name":"서울특별시 동작구 노량진동","address":"서울특별시 동작구 노량진동","useName":"단독주택","floors":2.0,"height":7.4,"heightSource":"estimated","heightRaw":0.0,"sourceDate":"2026-09-09"},"geometry":{"type":"Polygon","coordinates":[[[126.93774705,37.51103552],[126.93770373,37.5110583],[126.93770833,37.51106591],[126.93767703,37.51108166],[126.93769204,37.51110137],[126.9376717,37.51111319],[126.93770154,37.51115348],[126.93780161,37.51110003],[126.93774705,37.51103552]]]}},{"type":"Feature","id":"seoul-building-539841","properties":{"id":"seoul-building-539841","sourceId":"1973194363834453268300000000","pnu":"1159010100102890030","name":"서울특별시 동작구 노량진동","address":"서울특별시 동작구 노량진동","useName":"단독주택","floors":1.0,"height":4.2,"heightSource":"estimated","heightRaw":0.0,"sourceDate":"2026-09-09"},"geometry":{"type":"Polygon","coordinates":[[[126.93697659,37.51010427],[126.93695728,37.51015578],[126.93711296,37.51019331],[126.93710857,37.51014178],[126.93710044,37.51014093],[126.93710416,37.51012179],[126.93705223,37.51010797],[126.93704921,37.5101181],[126.93697659,37.51010427]]]}},{"type":"Feature","id":"seoul-building-539843","properties":{"id":"seoul-building-539843","sourceId":"1968194548664454565500000000","pnu":"1159010100102460066","name":"서울특별시 동작구 노량진동","address":"서울특별시 동작구 노량진동","useName":"제1종근린생활시설","floors":2.0,"height":7.4,"heightSource":"estimated","heightRaw":0.0,"sourceDate":"2026-09-09"},"geometry":{"type":"Polygon","coordinates":[[[126.93907994,37.51125161],[126.93904648,37.51132762],[126.93920461,37.51137528],[126.9392103,37.51132263],[126.939199,37.51131981],[126.93920343,37.51130433],[126.93912692,37.5112812],[126.93913189,37.5112643],[126.93907994,37.51125161]]]}},{"type":"Feature","id":"seoul-building-539866","properties":{"id":"seoul-building-539866","sourceId":"1993194459954456026400000000","pnu":"1159010100100390020","name":"서울특별시 동작구 노량진동","address":"서울특별시 동작구 노량진동","useName":"제2종근린생활시설","floors":2.0,"height":7.7,"heightSource":"measured","heightRaw":7.7,"sourceDate":"2026-09-09"},"geometry":{"type":"Polygon","coordinates":[[[126.93818194,37.51259224],[126.93806759,37.51259471],[126.93806983,37.51267017],[126.93818594,37.51266685],[126.93818194,37.51259224]]]}},{"type":"Feature","id":"seoul-building-539867","properties":{"id":"seoul-building-539867","sourceId":"1994194178254454344800000000","pnu":"1159010100102730041","name":"서울특별시 동작구 노량진동","address":"서울특별시 동작구 노량진동","useName":"공동주택","floors":3.0,"height":10.5,"heightSource":"measured","heightRaw":10.5,"sourceDate":"2026-09-09"},"geometry":{"type":"Polygon","coordinates":[[[126.93489942,37.51104835],[126.93488873,37.511139],[126.93490375,37.51114014],[126.93490107,37.51117364],[126.93498307,37.51117791],[126.93499466,37.51106811],[126.93495561,37.51106527],[126.93495544,37.51105289],[126.93489942,37.51104835]]]}},{"type":"Feature","id":"seoul-building-539888","properties":{"id":"seoul-building-539888","sourceId":"1980193939684454349500000000","pnu":"1159010800100230026","name":"서울특별시 동작구 대방동","address":"서울특별시 동작구 대방동","useName":"단독주택","floors":3.0,"height":10.6,"heightSource":"estimated","heightRaw":0.0,"sourceDate":"2026-09-09"},"geometry":{"type":"Polygon","coordinates":[[[126.93217317,37.51108624],[126.9321694,37.51114085],[126.93231573,37.51114544],[126.93231773,37.51109533],[126.93217317,37.51108624]]]}},{"type":"Feature","id":"seoul-building-539927","properties":{"id":"seoul-building-539927","sourceId":"1990194402594453710600000000","pnu":"1159010100102490009","name":"서울특별시 동작구 노량진동","address":"서울특별시 동작구 노량진동","useName":"단독주택","floors":2.0,"height":7.4,"heightSource":"estimated","heightRaw":0.0,"sourceDate":"2026-09-09"},"geometry":{"type":"Polygon","coordinates":[[[126.93748453,37.51047845],[126.93748383,37.51048127],[126.93745096,37.51048069],[126.9374387,37.51056853],[126.93743286,37.51056853],[126.93742878,37.51060428],[126.9375067,37.51061024],[126.93752731,37.51047961],[126.93748453,37.51047845]]]}},{"type":"Feature","id":"seoul-building-539929","properties":{"id":"seoul-building-539929","sourceId":"1991194361484454611400000000","pnu":"1159010100102800006","name":"서울특별시 동작구 노량진동","address":"서울특별시 동작구 노량진동","useName":"공동주택","floors":3.0,"height":9.85,"heightSource":"estimated","heightRaw":0.0,"sourceDate":"2026-09-09"},"geometry":{"type":"Polygon","coordinates":[[[126.93696356,37.51129471],[126.93696443,37.51132145],[126.93695471,37.51132174],[126.9369554,37.51136031],[126.93695804,37.51136059],[126.93695785,37.51137748],[126.9369635,37.51137749],[126.93696453,37.51141747],[126.93706633,37.51141696],[126.93706803,37.51129533],[126.93696356,37.51129471]]]}},{"type":"Feature","id":"seoul-building-539938","properties":{"id":"seoul-building-539938","sourceId":"1989194215804455391700000000","pnu":"1159010100102720011","name":"서울특별시 동작구 노량진동","address":"서울특별시 동작구 노량진동","useName":"단독주택","floors":2.0,"height":7.4,"heightSource":"estimated","heightRaw":0.0,"sourceDate":"2026-09-09"},"geometry":{"type":"Polygon","coordinates":[[[126.93532328,37.51199717],[126.93529564,37.51207318],[126.9353352,37.5120991],[126.93536083,37.51210333],[126.93535888,37.51210841],[126.93540252,37.512118],[126.93542094,37.51207015],[126.93542678,37.51207212],[126.93543918,37.51203496],[126.93538653,37.51202198],[126.93538865,37.51201579],[126.93532328,37.51199717]]]}},{"type":"Feature","id":"seoul-building-539942","properties":{"id":"seoul-building-539942","sourceId":"0000194342314457061700000000","pnu":"1159010100100240081","name":"서울특별시 동작구 노량진동","address":"서울특별시 동작구 노량진동","useName":"","floors":0.0,"height":0,"heightSource":"unknown","heightRaw":0.0,"sourceDate":"2026-09-09"},"geometry":{"type":"Polygon","coordinates":[[[126.93677855,37.51357387],[126.93672659,37.51357328],[126.9367248,37.5136034],[126.93682537,37.51360402],[126.93684029,37.51350491],[126.93679682,37.51350237],[126.93678067,37.51357387],[126.93677855,37.51357387]]]}},{"type":"Feature","id":"seoul-building-539956","properties":{"id":"seoul-building-539956","sourceId":"1990194239164453412900000000","pnu":"1159010100102860010","name":"서울특별시 동작구 노량진동","address":"서울특별시 동작구 노량진동","useName":"단독주택","floors":2.0,"height":7.4,"heightSource":"estimated","heightRaw":0.0,"sourceDate":"2026-09-09"},"geometry":{"type":"Polygon","coordinates":[[[126.93558461,37.510206],[126.93554166,37.51022428],[126.93562426,37.51034146],[126.93563628,37.51033668],[126.93565199,37.51035527],[126.93569937,37.51033474],[126.9356872,37.51031418],[126.93570329,37.51030264],[126.93568334,37.51027391],[126.9356936,37.51026772],[126.93565776,37.51022012],[126.93561677,37.51021362],[126.93559662,37.51022234],[126.93558461,37.510206]]]}},{"type":"Feature","id":"seoul-building-539959","properties":{"id":"seoul-building-539959","sourceId":"1994193902584454617600000000","pnu":"1159010800100230116","name":"서울특별시 동작구 대방동","address":"서울특별시 동작구 대방동","useName":"단독주택","floors":2.0,"height":5.8,"heightSource":"measured","heightRaw":5.8,"sourceDate":"2026-09-09"},"geometry":{"type":"Polygon","coordinates":[[[126.93178506,37.51129634],[126.93178149,37.51132759],[126.93176346,37.51132758],[126.93176075,37.51139881],[126.93180988,37.51140223],[126.93181376,37.51141348],[126.93187826,37.51141324],[126.93188343,37.51136904],[126.9318806,37.51136819],[126.93188135,37.51132033],[126.93184053,37.51131721],[126.9318409,37.51129694],[126.93178506,37.51129634]]]}},{"type":"Feature","id":"seoul-building-540009","properties":{"id":"seoul-building-540009","sourceId":"1995194580474454187900000000","pnu":"1159010100102410004","name":"서울특별시 동작구 노량진동","address":"서울특별시 동작구 노량진동","useName":"단독주택","floors":2.0,"height":6.0,"heightSource":"measured","heightRaw":6.0,"sourceDate":"2026-09-09"},"geometry":{"type":"Polygon","coordinates":[[[126.93951355,37.51091649],[126.93942552,37.51094911],[126.93943875,37.51096854],[126.9394315,37.51097304],[126.93945321,37.51101163],[126.93945745,37.51101107],[126.93947104,37.5110336],[126.9395582,37.51099957],[126.93951355,37.51091649]]]}},{"type":"Feature","id":"seoul-building-540082","properties":{"id":"seoul-building-540082","sourceId":"1991194349934454482700000000","pnu":"1159010100102800008","name":"서울특별시 동작구 노량진동","address":"서울특별시 동작구 노량진동","useName":"단독주택","floors":2.0,"height":7.4,"heightSource":"estimated","heightRaw":0.0,"sourceDate":"2026-09-09"},"geometry":{"type":"Polygon","coordinates":[[[126.93692549,37.51117868],[126.93683996,37.5111806],[126.93684356,37.51130337],[126.93692327,37.51130031],[126.93692157,37.51122852],[126.93692881,37.51122852],[126.93692549,37.51117868]]]}},{"type":"Feature","id":"seoul-building-540118","properties":{"id":"seoul-building-540118","sourceId":"0000194617844454414800000000","pnu":"1159010100102400048","name":"서울특별시 동작구 노량진동","address":"서울특별시 동작구 노량진동","useName":"단독주택","floors":1.0,"height":4.2,"heightSource":"estimated","heightRaw":0.0,"sourceDate":"2026-09-09"},"geometry":{"type":"Polygon","coordinates":[[[126.93994795,37.51112564],[126.93985798,37.51114446],[126.93988689,37.51123767],[126.93996308,37.51121631],[126.93994795,37.51112564]]]}},{"type":"Feature","id":"seoul-building-540130","properties":{"id":"seoul-building-540130","sourceId":"1993193992714454213600000000","pnu":"1159010800100320026","name":"서울특별시 동작구 대방동","address":"서울특별시 동작구 대방동","useName":"단독주택","floors":2.0,"height":7.6,"heightSource":"measured","heightRaw":7.6,"sourceDate":"2026-09-09"},"geometry":{"type":"Polygon","coordinates":[[[126.93288497,37.51094952],[126.93283707,37.51095569],[126.93283689,37.51095822],[126.93280155,37.51096468],[126.93280453,37.5109827],[126.93277324,37.51098915],[126.93277923,37.5110176],[126.93278948,37.51101732],[126.93278947,37.51102295],[126.93280785,37.51102719],[126.93280998,37.51102268],[126.93285661,37.51103567],[126.93289834,37.51102696],[126.932892,37.51099852],[126.93289642,37.51099655],[126.93288497,37.51094952]]]}},{"type":"Feature","id":"seoul-building-540135","properties":{"id":"seoul-building-540135","sourceId":"1964194103184455247300000000","pnu":"1159010800100450012","name":"서울특별시 동작구 대방동","address":"서울특별시 동작구 대방동","useName":"단독주택","floors":1.0,"height":4.2,"heightSource":"estimated","heightRaw":0.0,"sourceDate":"2026-09-09"},"geometry":{"type":"Polygon","coordinates":[[[126.93413272,37.5118929],[126.93408287,37.51191652],[126.93406045,37.51189341],[126.93402384,37.51191339],[126.93407664,37.5119686],[126.93416081,37.51192557],[126.93413272,37.5118929]]]}},{"type":"Feature","id":"seoul-building-540137","properties":{"id":"seoul-building-540137","sourceId":"1989194405194455632000000000","pnu":"1159010100102580032","name":"서울특별시 동작구 노량진동","address":"서울특별시 동작구 노량진동","useName":"제1종근린생활시설","floors":3.0,"height":10.6,"heightSource":"estimated","heightRaw":0.0,"sourceDate":"2026-09-09"},"geometry":{"type":"Polygon","coordinates":[[[126.93753646,37.51222699],[126.93745072,37.51224299],[126.93746183,37.51228101],[126.9374659,37.51228101],[126.93748054,37.51232551],[126.93756255,37.51230753],[126.93753646,37.51222699]]]}},{"type":"Feature","id":"seoul-building-540158","properties":{"id":"seoul-building-540158","sourceId":"1994193976614455359600000000","pnu":"1159010800100230166","name":"라동","address":"서울특별시 동작구 대방동","useName":"제1종근린생활시설","floors":1.0,"height":3.3,"heightSource":"measured","heightRaw":3.3,"sourceDate":"2026-09-09"},"geometry":{"type":"Polygon","coordinates":[[[126.93265502,37.51196949],[126.9325908,37.51204773],[126.93265933,37.51208718],[126.93271453,37.51201936],[126.93272461,37.51202472],[126.93273769,37.51201093],[126.93265502,37.51196949]]]}},{"type":"Feature","id":"seoul-building-540165","properties":{"id":"seoul-building-540165","sourceId":"1990194305694454920200000000","pnu":"1159010100102790004","name":"서울특별시 동작구 노량진동","address":"서울특별시 동작구 노량진동","useName":"단독주택","floors":2.0,"height":7.4,"heightSource":"estimated","heightRaw":0.0,"sourceDate":"2026-09-09"},"geometry":{"type":"Polygon","coordinates":[[[126.93638755,37.51157934],[126.93630498,37.51162576],[126.93634558,37.51167759],[126.9363721,37.51166661],[126.93639702,37.51167141],[126.93641346,37.5116627],[126.93642035,37.51167284],[126.93646066,37.5116523],[126.93641458,37.51159286],[126.93639972,37.51160046],[126.93638755,37.51157934]]]}},{"type":"Feature","id":"seoul-building-540173","properties":{"id":"seoul-building-540173","sourceId":"1993194486334454571000000000","pnu":"1159010100102440011","name":"서울특별시 동작구 노량진동","address":"서울특별시 동작구 노량진동","useName":"단독주택","floors":2.0,"height":6.7,"heightSource":"measured","heightRaw":6.7,"sourceDate":"2026-09-09"},"geometry":{"type":"Polygon","coordinates":[[[126.93836611,37.51126222],[126.93833514,37.51133344],[126.93840051,37.51135066],[126.93839909,37.511356],[126.93848267,37.51137773],[126.93851613,37.5113051],[126.93836611,37.51126222]]]}},{"type":"Feature","id":"seoul-building-540198","properties":{"id":"seoul-building-540198","sourceId":"1986194111164453351000000000","pnu":"1159010800100440315","name":"서울특별시 동작구 대방동","address":"서울특별시 동작구 대방동","useName":"공동주택","floors":2.0,"height":6.9,"heightSource":"estimated","heightRaw":0.0,"sourceDate":"2026-09-09"},"geometry":{"type":"Polygon","coordinates":[[[126.93413921,37.51014495],[126.93408152,37.51022826],[126.93423028,37.51029141],[126.93425699,37.51025341],[126.93425488,37.51025229],[126.93428285,37.51020782],[126.93413921,37.51014495]]]}},{"type":"Feature","id":"seoul-building-540209","properties":{"id":"seoul-building-540209","sourceId":"1956194590634454674700000000","pnu":"1159010100102400030","name":"서울특별시 동작구 노량진동","address":"서울특별시 동작구 노량진동","useName":"단독주택","floors":1.0,"height":4.2,"heightSource":"estimated","heightRaw":0.0,"sourceDate":"2026-09-09"},"geometry":{"type":"Polygon","coordinates":[[[126.93958176,37.51135324],[126.93953369,37.51135969],[126.93955624,37.51145768],[126.93969834,37.51143946],[126.93969025,37.51139525],[126.93959462,37.51140955],[126.93958176,37.51135324]]]}},{"type":"Feature","id":"seoul-building-540216","properties":{"id":"seoul-building-540216","sourceId":"1964194266494453663900000000","pnu":"1159010100102870003","name":"서울특별시 동작구 노량진동","address":"서울특별시 동작구 노량진동","useName":"제1종근린생활시설","floors":2.0,"height":7.4,"heightSource":"estimated","heightRaw":0.0,"sourceDate":"2026-09-09"},"geometry":{"type":"Polygon","coordinates":[[[126.93593169,37.51042693],[126.93589057,37.51056375],[126.93594392,37.51057899],[126.93599141,37.51043964],[126.93593169,37.51042693]]]}},{"type":"Feature","id":"seoul-building-540220","properties":{"id":"seoul-building-540220","sourceId":"1988194308124454293500000000","pnu":"1159010100102830006","name":"서울특별시 동작구 노량진동","address":"서울특별시 동작구 노량진동","useName":"단독주택","floors":2.0,"height":7.4,"heightSource":"estimated","heightRaw":0.0,"sourceDate":"2026-09-09"},"geometry":{"type":"Polygon","coordinates":[[[126.93642373,37.51101765],[126.93642373,37.51102187],[126.93632422,37.51102012],[126.93632379,37.51111698],[126.93649575,37.51111764],[126.93649584,37.51102078],[126.93642373,37.51101765]]]}},{"type":"Feature","id":"seoul-building-540253","properties":{"id":"seoul-building-540253","sourceId":"1994194096514454345200000000","pnu":"1159010800100450028","name":"서울특별시 동작구 대방동","address":"서울특별시 동작구 대방동","useName":"단독주택","floors":2.0,"height":6.7,"heightSource":"measured","heightRaw":6.7,"sourceDate":"2026-09-09"},"geometry":{"type":"Polygon","coordinates":[[[126.93396998,37.51106726],[126.93395296,37.51112778],[126.93398316,37.51115117],[126.93401108,37.51115625],[126.93403865,37.51115346],[126.93406268,37.51115769],[126.93408448,37.51108872],[126.93396998,37.51106726]]]}},{"type":"Feature","id":"seoul-building-540261","properties":{"id":"seoul-building-540261","sourceId":"1992194392024453519300000000","pnu":"1159010100102500005","name":"서울특별시 동작구 노량진동","address":"서울특별시 동작구 노량진동","useName":"단독주택","floors":2.0,"height":7.4,"heightSource":"estimated","heightRaw":0.0,"sourceDate":"2026-09-09"},"geometry":{"type":"Polygon","coordinates":[[[126.93739684,37.51031961],[126.93730476,37.51032913],[126.93731882,37.51042177],[126.93741709,37.51041394],[126.93741217,37.5103748],[126.93740687,37.5103748],[126.93739684,37.51031961]]]}},{"type":"Feature","id":"seoul-building-540288","properties":{"id":"seoul-building-540288","sourceId":"1993193971034453873800000000","pnu":"1159010800100320013","name":"서울특별시 동작구 대방동","address":"서울특별시 동작구 대방동","useName":"단독주택","floors":2.0,"height":7.6,"heightSource":"measured","heightRaw":7.6,"sourceDate":"2026-09-09"},"geometry":{"type":"Polygon","coordinates":[[[126.93262687,37.51065119],[126.93259256,37.51065962],[126.93259168,37.51065708],[126.93254449,37.51066889],[126.93255683,37.51070691],[126.93256336,37.51070522],[126.93257271,37.51072775],[126.93263688,37.51071174],[126.932636,37.51070864],[126.93265173,37.51070386],[126.93263675,37.51066584],[126.93263356,37.51066669],[126.93262687,37.51065119]]]}},{"type":"Feature","id":"seoul-building-540301","properties":{"id":"seoul-building-540301","sourceId":"1992194186604456222500000000","pnu":"1159010100102660025","name":"서울특별시 동작구 노량진동","address":"서울특별시 동작구 노량진동","useName":"공동주택","floors":4.0,"height":12.8,"heightSource":"estimated","heightRaw":0.0,"sourceDate":"2026-09-09"},"geometry":{"type":"Polygon","coordinates":[[[126.9350381,37.51273105],[126.93499992,37.51274707],[126.93499268,37.51273553],[126.93494211,37.51276281],[126.93497688,37.51280928],[126.93500001,37.51284027],[126.93503603,37.51288844],[126.9351269,37.51284232],[126.9351006,37.51280935],[126.9350381,37.51273105]]]}},{"type":"Feature","id":"seoul-building-540314","properties":{"id":"seoul-building-540314","sourceId":"1973194022904454865800000000","pnu":"1159010800100430016","name":"서울특별시 동작구 대방동","address":"서울특별시 동작구 대방동","useName":"단독주택","floors":2.0,"height":7.4,"heightSource":"estimated","heightRaw":0.0,"sourceDate":"2026-09-09"},"geometry":{"type":"Polygon","coordinates":[[[126.93320435,37.51151676],[126.93310389,37.51159639],[126.93314963,37.51163415],[126.93315546,37.51163105],[126.93317737,37.51164684],[126.93319629,37.51163193],[126.93319347,37.51162967],[126.93325466,37.51157312],[126.93324318,37.51156438],[126.93325044,37.51155199],[126.93320435,37.51151676]]]}},{"type":"Feature","id":"seoul-building-540321","properties":{"id":"seoul-building-540321","sourceId":"0000194620334455760800000000","pnu":"1159010100100470002","name":"서울특별시 동작구 노량진동","address":"서울특별시 동작구 노량진동","useName":"","floors":0.0,"height":0,"heightSource":"unknown","heightRaw":0.0,"sourceDate":"2026-09-09"},"geometry":{"type":"Polygon","coordinates":[[[126.9399528,37.512351],[126.93992417,37.51235155],[126.93992994,37.51243659],[126.93995504,37.51243547],[126.9399528,37.512351]]]}},{"type":"Feature","id":"seoul-building-540329","properties":{"id":"seoul-building-540329","sourceId":"1991194431544456490500000000","pnu":"1159010100100400033","name":"서울특별시 동작구 노량진동","address":"서울특별시 동작구 노량진동","useName":"제1종근린생활시설","floors":5.0,"height":17.0,"heightSource":"estimated","heightRaw":0.0,"sourceDate":"2026-09-09"},"geometry":{"type":"Polygon","coordinates":[[[126.93775054,37.51301126],[126.93774518,37.51307742],[126.9377503,37.5130839],[126.9378323,37.51308761],[126.93783283,37.51308029],[126.93786218,37.51307974],[126.93786576,37.51301639],[126.93775054,37.51301126]]]}},{"type":"Feature","id":"seoul-building-540351","properties":{"id":"seoul-building-540351","sourceId":"0000193970224456255400000000","pnu":"1159010800100490006","name":"서울특별시 동작구 대방동","address":"서울특별시 동작구 대방동","useName":"","floors":0.0,"height":0,"heightSource":"unknown","heightRaw":0.0,"sourceDate":"2026-09-09"},"geometry":{"type":"Polygon","coordinates":[[[126.93261647,37.5127801],[126.93255355,37.51278119],[126.93255424,37.51280934],[126.93255575,37.51288789],[126.93262167,37.51288653],[126.93261768,37.51280938],[126.93261647,37.5127801]]]}},{"type":"Feature","id":"seoul-building-540360","properties":{"id":"seoul-building-540360","sourceId":"1970194169204456089700000000","pnu":"1159010100102670036","name":"서울특별시 동작구 노량진동","address":"서울특별시 동작구 노량진동","useName":"단독주택","floors":2.0,"height":7.4,"heightSource":"estimated","heightRaw":0.0,"sourceDate":"2026-09-09"},"geometry":{"type":"Polygon","coordinates":[[[126.93478527,37.51263659],[126.93476047,37.51271513],[126.93489336,37.51273717],[126.93490859,37.51268593],[126.93489604,37.51268395],[126.93490526,37.51265269],[126.9348443,37.51264085],[126.934842,37.51264507],[126.93478527,37.51263659]]]}},{"type":"Feature","id":"seoul-building-540390","properties":{"id":"seoul-building-540390","sourceId":"1988194555704453470000000000","pnu":"1159010100102480013","name":"서울특별시 동작구 노량진동","address":"서울특별시 동작구 노량진동","useName":"단독주택","floors":2.0,"height":7.4,"heightSource":"estimated","heightRaw":0.0,"sourceDate":"2026-09-09"},"geometry":{"type":"Polygon","coordinates":[[[126.93917952,37.51026816],[126.93912574,37.51033683],[126.93924517,37.51039349],[126.93927772,37.51035183],[126.93926146,37.51034394],[126.93928747,37.51030679],[126.93922776,37.51028057],[126.93922245,37.51028564],[126.93917952,37.51026816]]]}},{"type":"Feature","id":"seoul-building-540396","properties":{"id":"seoul-building-540396","sourceId":"1988194355934455487100000000","pnu":"1159010100102580019","name":"서울특별시 동작구 노량진동","address":"서울특별시 동작구 노량진동","useName":"단독주택","floors":2.0,"height":7.4,"heightSource":"estimated","heightRaw":0.0,"sourceDate":"2026-09-09"},"geometry":{"type":"Polygon","coordinates":[[[126.93689115,37.51209853],[126.93687588,37.51217173],[126.93700789,37.51219123],[126.93702457,37.5121169],[126.93689115,37.51209853]]]}},{"type":"Feature","id":"seoul-building-540422","properties":{"id":"seoul-building-540422","sourceId":"1963194503464453711800000000","pnu":"1159010100102480062","name":"서울특별시 동작구 노량진동","address":"서울특별시 동작구 노량진동","useName":"단독주택","floors":1.0,"height":4.2,"heightSource":"estimated","heightRaw":0.0,"sourceDate":"2026-09-09"},"geometry":{"type":"Polygon","coordinates":[[[126.9386041,37.51049565],[126.93858639,37.51053084],[126.93860017,37.51053731],[126.93857663,37.51058235],[126.93862114,37.51060012],[126.93867053,37.51051905],[126.9386041,37.51049565]]]}},{"type":"Feature","id":"seoul-building-540436","properties":{"id":"seoul-building-540436","sourceId":"1967194424434453774000000000","pnu":"1159010100102490030","name":"서울특별시 동작구 노량진동","address":"서울특별시 동작구 노량진동","useName":"단독주택","floors":2.0,"height":7.4,"heightSource":"estimated","heightRaw":0.0,"sourceDate":"2026-09-09"},"geometry":{"type":"Polygon","coordinates":[[[126.93773102,37.51054982],[126.93766811,37.51054979],[126.93766361,37.51063989],[126.93779456,37.51064474],[126.93779603,37.51057546],[126.93773083,37.51057319],[126.93773102,37.51054982]]]}},{"type":"Feature","id":"seoul-building-540556","properties":{"id":"seoul-building-540556","sourceId":"0000193771404457753000000000","pnu":"1159010800105050000","name":"서울특별시 동작구 대방동","address":"서울특별시 동작구 대방동","useName":"","floors":0.0,"height":0,"heightSource":"unknown","heightRaw":0.0,"sourceDate":"2026-09-09"},"geometry":{"type":"Polygon","coordinates":[[[126.93031254,37.51416405],[126.93030597,37.514186],[126.93036552,37.51419899],[126.93036748,37.51418097],[126.93031254,37.51416405]]]}},{"type":"Feature","id":"seoul-building-540575","properties":{"id":"seoul-building-540575","sourceId":"2002194250484454083000000000","pnu":"1159010100102860001","name":"서울특별시 동작구 노량진동","address":"서울특별시 동작구 노량진동","useName":"단독주택","floors":5.0,"height":11.7,"heightSource":"measured","heightRaw":11.7,"sourceDate":"2026-09-09"},"geometry":{"type":"Polygon","coordinates":[[[126.93571028,37.51081059],[126.93570565,37.51083706],[126.93570212,37.51083678],[126.93569556,37.51087027],[126.93570598,37.51087197],[126.93569943,37.51089337],[126.93574939,37.51094098],[126.93580046,37.51094946],[126.93582405,37.51085317],[126.935785,37.51084329],[126.93579032,37.51082753],[126.93571028,37.51081059]]]}},{"type":"Feature","id":"seoul-building-540590","properties":{"id":"seoul-building-540590","sourceId":"1965194330454453509600000000","pnu":"1159010100102890053","name":"서울특별시 동작구 노량진동","address":"서울특별시 동작구 노량진동","useName":"단독주택","floors":1.0,"height":4.2,"heightSource":"estimated","heightRaw":0.0,"sourceDate":"2026-09-09"},"geometry":{"type":"Polygon","coordinates":[[[126.9366219,37.51031074],[126.93659428,37.51038168],[126.93671001,37.5104116],[126.93673357,37.51034544],[126.93665971,37.51032934],[126.93666077,37.51031837],[126.9366219,37.51031074]]]}},{"type":"Feature","id":"seoul-building-540644","properties":{"id":"seoul-building-540644","sourceId":"1989194383844454833200000000","pnu":"1159010100102560035","name":"서울특별시 동작구 노량진동","address":"서울특별시 동작구 노량진동","useName":"단독주택","floors":3.0,"height":10.6,"heightSource":"estimated","heightRaw":0.0,"sourceDate":"2026-09-09"},"geometry":{"type":"Polygon","coordinates":[[[126.93722318,37.51150602],[126.93721202,37.51154515],[126.93719664,37.51154289],[126.93718883,37.51158794],[126.93731677,37.51160715],[126.93733699,37.51151678],[126.93726826,37.51150632],[126.93726684,37.51151336],[126.93722318,37.51150602]]]}},{"type":"Feature","id":"seoul-building-540695","properties":{"id":"seoul-building-540695","sourceId":"1991194360894455610000000000","pnu":"1159010100102580003","name":"서울특별시 동작구 노량진동","address":"서울특별시 동작구 노량진동","useName":"단독주택","floors":2.0,"height":7.4,"heightSource":"estimated","heightRaw":0.0,"sourceDate":"2026-09-09"},"geometry":{"type":"Polygon","coordinates":[[[126.93696263,37.51220444],[126.93695393,37.51225033],[126.93695958,37.51225146],[126.93695425,37.5122844],[126.93696627,37.51228582],[126.93696378,37.51230017],[126.93704508,37.51230894],[126.93706106,37.51221435],[126.93696263,37.51220444]]]}},{"type":"Feature","id":"seoul-building-540746","properties":{"id":"seoul-building-540746","sourceId":"1997194373194455599300000000","pnu":"1159010100102580022","name":"서울특별시 동작구 노량진동","address":"서울특별시 동작구 노량진동","useName":"단독주택","floors":2.0,"height":7.8,"heightSource":"measured","heightRaw":7.8,"sourceDate":"2026-09-09"},"geometry":{"type":"Polygon","coordinates":[[[126.93720194,37.51218289],[126.93707096,37.51221463],[126.93708136,37.51224449],[126.93706739,37.51224871],[126.93706453,37.5122777],[126.937076,37.51230699],[126.93723633,37.5122685],[126.93722399,37.51223274],[126.93721957,37.51223386],[126.93720194,37.51218289]]]}},{"type":"Feature","id":"seoul-building-540782","properties":{"id":"seoul-building-540782","sourceId":"1991194184804453934500000000","pnu":"1159010100102940167","name":"서울특별시 동작구 노량진동","address":"서울특별시 동작구 노량진동","useName":"단독주택","floors":2.0,"height":7.4,"heightSource":"estimated","heightRaw":0.0,"sourceDate":"2026-09-09"},"geometry":{"type":"Polygon","coordinates":[[[126.9349978,37.51070039],[126.93497534,37.51070882],[126.93495268,37.51076147],[126.93500003,37.51077585],[126.93505003,37.51079108],[126.93507836,37.51072887],[126.93499992,37.51070124],[126.9349978,37.51070039]]]}},{"type":"Feature","id":"seoul-building-540829","properties":{"id":"seoul-building-540829","sourceId":"1992194112644455366000000000","pnu":"1159010800100450024","name":"서울특별시 동작구 대방동","address":"서울특별시 동작구 대방동","useName":"단독주택","floors":2.0,"height":7.4,"heightSource":"estimated","heightRaw":0.0,"sourceDate":"2026-09-09"},"geometry":{"type":"Polygon","coordinates":[[[126.93422031,37.51198445],[126.93413103,37.51203002],[126.93416261,37.51207481],[126.93426726,37.51205093],[126.93422031,37.51198445]]]}},{"type":"Feature","id":"seoul-building-540877","properties":{"id":"seoul-building-540877","sourceId":"0000194268764454536800000000","pnu":"1159010100102840008","name":"서울특별시 동작구 노량진동","address":"서울특별시 동작구 노량진동","useName":"","floors":0.0,"height":0,"heightSource":"unknown","heightRaw":0.0,"sourceDate":"2026-09-09"},"geometry":{"type":"Polygon","coordinates":[[[126.93603755,37.5112655],[126.93589103,37.51126739],[126.93589506,37.51130934],[126.93603308,37.51130998],[126.93603755,37.5112655]]]}},{"type":"Feature","id":"seoul-building-540894","properties":{"id":"seoul-building-540894","sourceId":"1994194538284454409200000000","pnu":"1159010100102460074","name":"서울특별시 동작구 노량진동","address":"서울특별시 동작구 노량진동","useName":"단독주택","floors":2.0,"height":7.3,"heightSource":"measured","heightRaw":7.3,"sourceDate":"2026-09-09"},"geometry":{"type":"Polygon","coordinates":[[[126.93896518,37.51112485],[126.9389372,37.51118565],[126.9390683,37.51122457],[126.93908317,37.51119559],[126.93906903,37.51119107],[126.93908213,37.51115842],[126.93896518,37.51112485]]]}},{"type":"Feature","id":"seoul-building-540948","properties":{"id":"seoul-building-540948","sourceId":"1983194300204453780800000000","pnu":"1159010100102890010","name":"서울특별시 동작구 노량진동","address":"서울특별시 동작구 노량진동","useName":"단독주택","floors":2.0,"height":7.4,"heightSource":"estimated","heightRaw":0.0,"sourceDate":"2026-09-09"},"geometry":{"type":"Polygon","coordinates":[[[126.93632111,37.51053274],[126.93627018,37.51056228],[126.93629137,37.5105865],[126.93625441,37.51060507],[126.93626571,37.51061774],[126.9362567,37.51062393],[126.93630207,37.5106752],[126.9364002,37.51062231],[126.93632111,37.51053274]]]}},{"type":"Feature","id":"seoul-building-540951","properties":{"id":"seoul-building-540951","sourceId":"2007194317254455673700000000","pnu":"1159010100102600006","name":"서울특별시 동작구 노량진동","address":"서울특별시 동작구 노량진동","useName":"단독주택","floors":4.0,"height":9.85,"heightSource":"measured","heightRaw":9.85,"sourceDate":"2026-09-09"},"geometry":{"type":"Polygon","coordinates":[[[126.936481,37.51225909],[126.93644293,37.51233397],[126.93648233,37.51234778],[126.9364834,37.51234441],[126.93654736,37.51236359],[126.93656046,37.51233515],[126.93656541,37.51233657],[126.93658241,37.51230054],[126.93656119,37.51229292],[126.93656351,37.51228898],[126.93653452,37.51227883],[126.93653241,37.51227291],[126.936481,37.51225909]]]}},{"type":"Feature","id":"seoul-building-540965","properties":{"id":"seoul-building-540965","sourceId":"1983194012684453257900000000","pnu":"1159010800100440276","name":"서울특별시 동작구 대방동","address":"서울특별시 동작구 대방동","useName":"단독주택","floors":2.0,"height":7.4,"heightSource":"estimated","heightRaw":0.0,"sourceDate":"2026-09-09"},"geometry":{"type":"Polygon","coordinates":[[[126.93307098,37.51004975],[126.93304641,37.51006522],[126.93305187,37.51007479],[126.93299281,37.51011052],[126.93303572,37.51016179],[126.93302229,37.51017051],[126.9330583,37.51020995],[126.93315042,37.51015989],[126.93309305,37.51009425],[126.9331033,37.51008806],[126.93307098,37.51004975]]]}},{"type":"Feature","id":"seoul-building-540972","properties":{"id":"seoul-building-540972","sourceId":"0000194393854457070800000000","pnu":"1159010100100140014","name":"서울특별시 동작구 노량진동","address":"서울특별시 동작구 노량진동","useName":"","floors":0.0,"height":0,"heightSource":"unknown","heightRaw":0.0,"sourceDate":"2026-09-09"},"geometry":{"type":"Polygon","coordinates":[[[126.93734993,37.51360036],[126.93734939,37.51360683],[126.93740187,37.51360658],[126.93740529,37.51353788],[126.93735546,37.51353448],[126.93735403,37.51355109],[126.93734993,37.51360036]]]}},{"type":"Feature","id":"seoul-building-540994","properties":{"id":"seoul-building-540994","sourceId":"1990194553344453892100000000","pnu":"1159010100102470008","name":"서울특별시 동작구 노량진동","address":"서울특별시 동작구 노량진동","useName":"단독주택","floors":2.0,"height":7.4,"heightSource":"estimated","heightRaw":0.0,"sourceDate":"2026-09-09"},"geometry":{"type":"Polygon","coordinates":[[[126.93917303,37.51064856],[126.93911819,37.51072652],[126.93921041,37.51076599],[126.939235,37.51073109],[126.93922281,37.51072573],[126.93923856,37.51069955],[126.93921524,37.51068828],[126.93922833,37.5106711],[126.93917303,37.51064856]]]}},{"type":"Feature","id":"seoul-building-541024","properties":{"id":"seoul-building-541024","sourceId":"0000194468094455923100000000","pnu":"1159010100100390017","name":"서울특별시 동작구 노량진동","address":"서울특별시 동작구 노량진동","useName":"","floors":0.0,"height":0,"heightSource":"unknown","heightRaw":0.0,"sourceDate":"2026-09-09"},"geometry":{"type":"Polygon","coordinates":[[[126.93826665,37.51251232],[126.93814151,37.51253928],[126.93815068,37.51255449],[126.938279,37.5125509],[126.93826665,37.51251232]]]}},{"type":"Feature","id":"seoul-building-541028","properties":{"id":"seoul-building-541028","sourceId":"1992194353804453557100000000","pnu":"1159010100102890065","name":"서울특별시 동작구 노량진동","address":"서울특별시 동작구 노량진동","useName":"단독주택","floors":2.0,"height":7.4,"heightSource":"estimated","heightRaw":0.0,"sourceDate":"2026-09-09"},"geometry":{"type":"Polygon","coordinates":[[[126.93694669,37.51035709],[126.93694015,37.51036665],[126.93690905,37.51035961],[126.9369048,37.51036806],[126.93688413,37.51036157],[126.93685632,37.51043588],[126.93696004,37.51045987],[126.93699776,37.51036838],[126.93694669,37.51035709]]]}},{"type":"Feature","id":"seoul-building-541051","properties":{"id":"seoul-building-541051","sourceId":"1975194253674456153400000000","pnu":"1159010100102660006","name":"서울특별시 동작구 노량진동","address":"서울특별시 동작구 노량진동","useName":"제1종근린생활시설","floors":3.0,"height":10.6,"heightSource":"estimated","heightRaw":0.0,"sourceDate":"2026-09-09"},"geometry":{"type":"Polygon","coordinates":[[[126.93583881,37.51279399],[126.93584853,37.51280526],[126.93590546,37.51278248],[126.93575232,37.51268442],[126.93569554,37.51273394],[126.93573934,37.51276775],[126.93579221,37.51273962],[126.93583881,37.51279399]]]}},{"type":"Feature","id":"seoul-building-541086","properties":{"id":"seoul-building-541086","sourceId":"1990194321334455415700000000","pnu":"1159010100102560010","name":"서울특별시 동작구 노량진동","address":"서울특별시 동작구 노량진동","useName":"단독주택","floors":2.0,"height":7.4,"heightSource":"estimated","heightRaw":0.0,"sourceDate":"2026-09-09"},"geometry":{"type":"Polygon","coordinates":[[[126.93652607,37.51202176],[126.93650202,37.51207242],[126.93650624,37.51207468],[126.93649492,37.51210424],[126.93653007,37.51211636],[126.93652617,37.51212875],[126.93657953,37.51214567],[126.93662786,37.5120463],[126.93657767,37.51203164],[126.93657556,37.51203614],[126.93652607,37.51202176]]]}},{"type":"Feature","id":"seoul-building-541135","properties":{"id":"seoul-building-541135","sourceId":"0000194205274453317100000000","pnu":"1159010100102940180","name":"서울특별시 동작구 노량진동","address":"서울특별시 동작구 노량진동","useName":"","floors":0.0,"height":0,"heightSource":"unknown","heightRaw":0.0,"sourceDate":"2026-09-09"},"geometry":{"type":"Polygon","coordinates":[[[126.9352501,37.51015852],[126.93523789,37.5101771],[126.93522783,37.51017428],[126.93520836,37.51019848],[126.93524951,37.51021877],[126.93528667,37.51017431],[126.9352501,37.51015852]]]}},{"type":"Feature","id":"seoul-building-541202","properties":{"id":"seoul-building-541202","sourceId":"1994194561394454287600000000","pnu":"1159010100102420016","name":"서울특별시 동작구 노량진동","address":"서울특별시 동작구 노량진동","useName":"단독주택","floors":3.0,"height":9.1,"heightSource":"measured","heightRaw":9.1,"sourceDate":"2026-09-09"},"geometry":{"type":"Polygon","coordinates":[[[126.93931536,37.51101804],[126.93920417,37.51105233],[126.93923062,37.51111091],[126.93934695,37.51107916],[126.93931536,37.51101804]]]}},{"type":"Feature","id":"seoul-building-541212","properties":{"id":"seoul-building-541212","sourceId":"1994194081414454384200000000","pnu":"1159010800100440150","name":"서울특별시 동작구 대방동","address":"서울특별시 동작구 대방동","useName":"단독주택","floors":2.0,"height":6.5,"heightSource":"measured","heightRaw":6.5,"sourceDate":"2026-09-09"},"geometry":{"type":"Polygon","coordinates":[[[126.93391086,37.51117422],[126.93392927,37.51114044],[126.9338109,37.5110942],[126.93378047,37.51113896],[126.93378223,37.51113952],[126.9337686,37.51116288],[126.93386736,37.51120264],[126.93387816,37.51118687],[126.93388169,37.51118772],[126.93390008,37.51116943],[126.93391086,37.51117422]]]}},{"type":"Feature","id":"seoul-building-541221","properties":{"id":"seoul-building-541221","sourceId":"1994194268854455521800000000","pnu":"1159010100102750001","name":"서울특별시 동작구 노량진동","address":"서울특별시 동작구 노량진동","useName":"","floors":0.0,"height":0,"heightSource":"unknown","heightRaw":0.0,"sourceDate":"2026-09-09"},"geometry":{"type":"Polygon","coordinates":[[[126.93599612,37.51216534],[126.93592825,37.51217517],[126.9359323,37.51218193],[126.93593513,37.51218446],[126.93599876,37.51217689],[126.93599612,37.51216534]]]}},{"type":"Feature","id":"seoul-building-541236","properties":{"id":"seoul-building-541236","sourceId":"0000194214564454178000000000","pnu":"1159010100102730009","name":"서울특별시 동작구 노량진동","address":"서울특별시 동작구 노량진동","useName":"","floors":0.0,"height":0,"heightSource":"unknown","heightRaw":0.0,"sourceDate":"2026-09-09"},"geometry":{"type":"Polygon","coordinates":[[[126.93533003,37.51092976],[126.93530827,37.51096635],[126.93537468,37.51099905],[126.93539522,37.51096105],[126.93533003,37.51092976]]]}},{"type":"Feature","id":"seoul-building-541270","properties":{"id":"seoul-building-541270","sourceId":"1988194394184454318200000000","pnu":"1159010100102520015","name":"서울특별시 동작구 노량진동","address":"서울특별시 동작구 노량진동","useName":"단독주택","floors":2.0,"height":7.4,"heightSource":"estimated","heightRaw":0.0,"sourceDate":"2026-09-09"},"geometry":{"type":"Polygon","coordinates":[[[126.93736319,37.51103504],[126.93731172,37.51109189],[126.9374027,37.51114825],[126.93745611,37.5110914],[126.93736319,37.51103504]]]}},{"type":"Feature","id":"seoul-building-541327","properties":{"id":"seoul-building-541327","sourceId":"1969193941004454184600000000","pnu":"1159010800100230113","name":"서울특별시 동작구 대방동","address":"서울특별시 동작구 대방동","useName":"제2종근린생활시설","floors":1.0,"height":4.2,"heightSource":"estimated","heightRaw":0.0,"sourceDate":"2026-09-09"},"geometry":{"type":"Polygon","coordinates":[[[126.93217825,37.51093053],[126.93217448,37.51099698],[126.93233777,37.51100552],[126.93234259,37.51094048],[126.93217825,37.51093053]]]}},{"type":"Feature","id":"seoul-building-541328","properties":{"id":"seoul-building-541328","sourceId":"1991194511044455098600000000","pnu":"1159010100102440013","name":"서울특별시 동작구 노량진동","address":"서울특별시 동작구 노량진동","useName":"단독주택","floors":2.0,"height":7.4,"heightSource":"estimated","heightRaw":0.0,"sourceDate":"2026-09-09"},"geometry":{"type":"Polygon","coordinates":[[[126.93865573,37.51174216],[126.93862812,37.51181422],[126.93875498,37.51184892],[126.93877357,37.51180473],[126.93876669,37.51180135],[126.93877819,37.51177432],[126.93865573,37.51174216]]]}},{"type":"Feature","id":"seoul-building-541340","properties":{"id":"seoul-building-541340","sourceId":"1992194584054455692000000000","pnu":"1159010100100470002","name":"서울특별시 동작구 노량진동","address":"서울특별시 동작구 노량진동","useName":"","floors":0.0,"height":0,"heightSource":"unknown","heightRaw":0.0,"sourceDate":"2026-09-09"},"geometry":{"type":"Polygon","coordinates":[[[126.93957654,37.51235673],[126.93957654,37.51235504],[126.93958838,37.51235477],[126.93958772,37.51229929],[126.93947125,37.51230233],[126.93947368,37.51236118],[126.93957653,37.51236095],[126.93957654,37.51235673]]]}},{"type":"Feature","id":"seoul-building-541354","properties":{"id":"seoul-building-541354","sourceId":"0000194478514456382500000000","pnu":"1159010100100400032","name":"서울특별시 동작구 노량진동","address":"서울특별시 동작구 노량진동","useName":"","floors":0.0,"height":0,"heightSource":"unknown","heightRaw":0.0,"sourceDate":"2026-09-09"},"geometry":{"type":"Polygon","coordinates":[[[126.93829317,37.51293017],[126.93828257,37.51292989],[126.93827741,37.51296958],[126.93838804,37.5129764],[126.93839125,37.51293192],[126.93829317,37.51293017]]]}},{"type":"Feature","id":"seoul-building-541356","properties":{"id":"seoul-building-541356","sourceId":"1990194474824455595100000000","pnu":"1159010100102440067","name":"서울특별시 동작구 노량진동","address":"서울특별시 동작구 노량진동","useName":"단독주택","floors":3.0,"height":10.6,"heightSource":"estimated","heightRaw":0.0,"sourceDate":"2026-09-09"},"geometry":{"type":"Polygon","coordinates":[[[126.9382897,37.51221134],[126.93823084,37.51222567],[126.93824547,37.51226875],[126.93827674,37.51227636],[126.93836389,37.51225305],[126.93835385,37.51222207],[126.93830242,37.51221387],[126.93829041,37.51221499],[126.9382897,37.51221134]]]}},{"type":"Feature","id":"seoul-building-541408","properties":{"id":"seoul-building-541408","sourceId":"0000194242024454609800000000","pnu":"1159010100102730007","name":"서울특별시 동작구 노량진동","address":"서울특별시 동작구 노량진동","useName":"","floors":0.0,"height":0,"heightSource":"unknown","heightRaw":0.0,"sourceDate":"2026-09-09"},"geometry":{"type":"Polygon","coordinates":[[[126.93560946,37.51132157],[126.93561504,37.51140266],[126.93562582,37.5114021],[126.93564528,37.51138691],[126.93571561,37.51138019],[126.93571921,37.51131685],[126.93560946,37.51132157]]]}},{"type":"Feature","id":"seoul-building-541457","properties":{"id":"seoul-building-541457","sourceId":"1989194475164454979400000000","pnu":"1159010100102440033","name":"서울특별시 동작구 노량진동","address":"서울특별시 동작구 노량진동","useName":"단독주택","floors":3.0,"height":10.6,"heightSource":"estimated","heightRaw":0.0,"sourceDate":"2026-09-09"},"geometry":{"type":"Polygon","coordinates":[[[126.93823893,37.51163439],[126.93822529,37.51167042],[126.9382219,37.51170449],[126.93833462,37.51173411],[126.93833339,37.51173749],[126.93835424,37.51174341],[126.93838452,37.51167445],[126.93830059,37.51165328],[126.93830147,37.51165019],[126.93823893,37.51163439]]]}},{"type":"Feature","id":"seoul-building-541459","properties":{"id":"seoul-building-541459","sourceId":"1989194404694453974400000000","pnu":"1159010100102510011","name":"서울특별시 동작구 노량진동","address":"서울특별시 동작구 노량진동","useName":"단독주택","floors":2.0,"height":7.4,"heightSource":"estimated","heightRaw":0.0,"sourceDate":"2026-09-09"},"geometry":{"type":"Polygon","coordinates":[[[126.93756704,37.51073219],[126.93750854,37.51073919],[126.93751083,37.5107437],[126.93742033,37.51076026],[126.93742774,37.51078476],[126.93741748,37.51078926],[126.93743742,37.51082897],[126.93747489,37.51082139],[126.93747719,37.51083012],[126.9375523,37.5108127],[126.93754967,37.51080172],[126.93759156,37.51079245],[126.93758186,37.51075838],[126.93757427,37.51075781],[126.93756704,37.51073219]]]}},{"type":"Feature","id":"seoul-building-541461","properties":{"id":"seoul-building-541461","sourceId":"1991194548254454015700000000","pnu":"1159010100102470004","name":"서울특별시 동작구 노량진동","address":"서울특별시 동작구 노량진동","useName":"단독주택","floors":3.0,"height":10.6,"heightSource":"estimated","heightRaw":0.0,"sourceDate":"2026-09-09"},"geometry":{"type":"Polygon","coordinates":[[[126.93910562,37.51074763],[126.93905392,37.51086304],[126.9391435,37.51089069],[126.93915836,37.5108738],[126.93919642,37.51078259],[126.93915933,37.5107623],[126.93910562,37.51074763]]]}},{"type":"Feature","id":"seoul-building-541465","properties":{"id":"seoul-building-541465","sourceId":"1970193988774454673400000000","pnu":"1159010800100320055","name":"서울특별시 동작구 대방동","address":"서울특별시 동작구 대방동","useName":"단독주택","floors":2.0,"height":7.4,"heightSource":"estimated","heightRaw":0.0,"sourceDate":"2026-09-09"},"geometry":{"type":"Polygon","coordinates":[[[126.93275808,37.51135349],[126.9327262,37.51142527],[126.93284263,37.51146194],[126.93286972,37.51140958],[126.9328547,37.51140535],[126.93286002,37.51139127],[126.93280631,37.51137632],[126.93280968,37.51136844],[126.93275808,37.51135349]]]}},{"type":"Feature","id":"seoul-building-541480","properties":{"id":"seoul-building-541480","sourceId":"1964194540524453917500000000","pnu":"1159010100102480066","name":"서울특별시 동작구 노량진동","address":"서울특별시 동작구 노량진동","useName":"단독주택","floors":1.0,"height":4.2,"heightSource":"estimated","heightRaw":0.0,"sourceDate":"2026-09-09"},"geometry":{"type":"Polygon","coordinates":[[[126.93901166,37.51068141],[126.93897202,37.51074671],[126.93906389,37.51078055],[126.93907911,37.51075296],[126.93908688,37.51075663],[126.93909927,37.5107389],[126.93909432,37.51073636],[126.93910547,37.5107175],[126.93901166,37.51068141]]]}},{"type":"Feature","id":"seoul-building-541519","properties":{"id":"seoul-building-541519","sourceId":"1988194222064453808800000000","pnu":"1159010100102730018","name":"서울특별시 동작구 노량진동","address":"서울특별시 동작구 노량진동","useName":"단독주택","floors":2.0,"height":7.4,"heightSource":"estimated","heightRaw":0.0,"sourceDate":"2026-09-09"},"geometry":{"type":"Polygon","coordinates":[[[126.9353982,37.51056631],[126.93535801,37.51065948],[126.93548734,37.51069446],[126.9355077,37.51064858],[126.93549339,37.5106435],[126.93550668,37.51060635],[126.93548142,37.51059902],[126.93548442,37.51058916],[126.9353982,37.51056631]]]}},{"type":"Feature","id":"seoul-building-541533","properties":{"id":"seoul-building-541533","sourceId":"1966194214114453754200000000","pnu":"1159010100102730054","name":"서울특별시 동작구 노량진동","address":"서울특별시 동작구 노량진동","useName":"단독주택","floors":1.0,"height":4.2,"heightSource":"estimated","heightRaw":0.0,"sourceDate":"2026-09-09"},"geometry":{"type":"Polygon","coordinates":[[[126.93535881,37.51054573],[126.93534571,37.51057867],[126.93530012,37.51056428],[126.93528685,37.51059215],[126.93536953,37.51061641],[126.93539751,37.51055588],[126.93535881,37.51054573]]]}},{"type":"Feature","id":"seoul-building-541540","properties":{"id":"seoul-building-541540","sourceId":"1994194228214455070300000000","pnu":"1159010100102720019","name":"서울특별시 동작구 노량진동","address":"서울특별시 동작구 노량진동","useName":"단독주택","floors":4.0,"height":10.3,"heightSource":"measured","heightRaw":10.3,"sourceDate":"2026-09-09"},"geometry":{"type":"Polygon","coordinates":[[[126.93545659,37.51171512],[126.93545089,37.51176438],[126.9354599,37.51176608],[126.9354542,37.51182295],[126.93549944,37.51182552],[126.93550086,37.51181735],[126.93554929,37.5118216],[126.93555374,37.51177036],[126.93556116,37.51177149],[126.93556722,37.5117225],[126.93545659,37.51171512]]]}},{"type":"Feature","id":"seoul-building-541546","properties":{"id":"seoul-building-541546","sourceId":"1969194550464456703400000000","pnu":"1159010100100420014","name":"서울특별시 동작구 노량진동","address":"서울특별시 동작구 노량진동","useName":"제2종근린생활시설","floors":3.0,"height":10.95,"heightSource":"measured","heightRaw":10.95,"sourceDate":"2026-09-09"},"geometry":{"type":"Polygon","coordinates":[[[126.93907379,37.51316399],[126.93907092,37.51321439],[126.93908064,37.5132158],[126.93907974,37.51323297],[126.93906896,37.51323326],[126.93906823,37.51325888],[126.93908271,37.51325917],[126.93908179,37.51331829],[126.93921983,37.51332287],[126.93922489,37.51316745],[126.93907379,37.51316399]]]}},{"type":"Feature","id":"seoul-building-541551","properties":{"id":"seoul-building-541551","sourceId":"1996194092804453301400000000","pnu":"1159010800100440179","name":"서울특별시 동작구 대방동","address":"서울특별시 동작구 대방동","useName":"단독주택","floors":2.0,"height":8.2,"heightSource":"measured","heightRaw":8.2,"sourceDate":"2026-09-09"},"geometry":{"type":"Polygon","coordinates":[[[126.933974,37.51010909],[126.93394056,37.51015132],[126.93391635,37.51015779],[126.93389105,37.51019127],[126.93399156,37.51023863],[126.93404199,37.51016882],[126.93403602,37.51013306],[126.933974,37.51010909]]]}},{"type":"Feature","id":"seoul-building-541555","properties":{"id":"seoul-building-541555","sourceId":"0000194452734455376600000000","pnu":"1159010100102440055","name":"서울특별시 동작구 노량진동","address":"서울특별시 동작구 노량진동","useName":"","floors":0.0,"height":0,"heightSource":"unknown","heightRaw":0.0,"sourceDate":"2026-09-09"},"geometry":{"type":"Polygon","coordinates":[[[126.93802877,37.5120904],[126.93803779,37.51209154],[126.93807052,37.51203806],[126.93807267,37.51201638],[126.93802512,37.51201607],[126.93802877,37.5120904]]]}},{"type":"Feature","id":"seoul-building-541606","properties":{"id":"seoul-building-541606","sourceId":"1999194012084454325600000000","pnu":"1159010800100320006","name":"서울특별시 동작구 대방동","address":"서울특별시 동작구 대방동","useName":"제2종근린생활시설","floors":6.0,"height":15.8,"heightSource":"measured","heightRaw":15.8,"sourceDate":"2026-09-09"},"geometry":{"type":"Polygon","coordinates":[[[126.93299939,37.51105743],[126.93299316,37.51111937],[126.933093,37.51113012],[126.93309299,37.51113406],[126.9331073,37.51113576],[126.93312924,37.51111607],[126.9331397,37.51107806],[126.93308704,37.5110755],[126.93308793,37.51106508],[126.93299939,37.51105743]]]}},{"type":"Feature","id":"seoul-building-541613","properties":{"id":"seoul-building-541613","sourceId":"0000194389984457734600000000","pnu":"1159010100100130018","name":"서울특별시 동작구 노량진동","address":"서울특별시 동작구 노량진동","useName":"","floors":0.0,"height":0,"heightSource":"unknown","heightRaw":0.0,"sourceDate":"2026-09-09"},"geometry":{"type":"Polygon","coordinates":[[[126.93731394,37.51415333],[126.9373102,37.51418317],[126.93735279,37.51418629],[126.93735705,37.51415645],[126.93731394,37.51415333]]]}},{"type":"Feature","id":"seoul-building-541658","properties":{"id":"seoul-building-541658","sourceId":"1994194569914453567900000000","pnu":"1159010100102480074","name":"서울특별시 동작구 노량진동","address":"서울특별시 동작구 노량진동","useName":"단독주택","floors":3.0,"height":8.0,"heightSource":"measured","heightRaw":8.0,"sourceDate":"2026-09-09"},"geometry":{"type":"Polygon","coordinates":[[[126.93929537,37.51036593],[126.93927079,37.51038449],[126.93940327,37.51048677],[126.93946463,37.51043753],[126.93937527,37.51036653],[126.93929537,37.51036593]]]}},{"type":"Feature","id":"seoul-building-541687","properties":{"id":"seoul-building-541687","sourceId":"1989194418924454444600000000","pnu":"1159010100102520002","name":"서울특별시 동작구 노량진동","address":"서울특별시 동작구 노량진동","useName":"단독주택","floors":2.0,"height":7.4,"heightSource":"estimated","heightRaw":0.0,"sourceDate":"2026-09-09"},"geometry":{"type":"Polygon","coordinates":[[[126.93764747,37.51114444],[126.9375875,37.51120945],[126.937682,37.51126637],[126.93773489,37.51120924],[126.93772023,37.51119994],[126.9377266,37.51119319],[126.93764747,37.51114444]]]}},{"type":"Feature","id":"seoul-building-541697","properties":{"id":"seoul-building-541697","sourceId":"1993194600774453625500000000","pnu":"1159010100102350014","name":"서울특별시 동작구 노량진동","address":"서울특별시 동작구 노량진동","useName":"단독주택","floors":2.0,"height":7.6,"heightSource":"measured","heightRaw":7.6,"sourceDate":"2026-09-09"},"geometry":{"type":"Polygon","coordinates":[[[126.93972498,37.51040895],[126.93971258,37.51044244],[126.93968923,37.51045116],[126.93968357,37.51046721],[126.93967668,37.51046636],[126.93965792,37.51050323],[126.93973407,37.51052411],[126.93977657,37.51042023],[126.93972498,37.51040895]]]}},{"type":"Feature","id":"seoul-building-541717","properties":{"id":"seoul-building-541717","sourceId":"2005194204054454363200000000","pnu":"1159010100102730043","name":"서울특별시 동작구 노량진동","address":"서울특별시 동작구 노량진동","useName":"공동주택","floors":4.0,"height":11.1,"heightSource":"measured","heightRaw":11.1,"sourceDate":"2026-09-09"},"geometry":{"type":"Polygon","coordinates":[[[126.93523608,37.51106093],[126.93518722,37.51114284],[126.93514589,37.51112563],[126.93512553,37.51116053],[126.93517287,37.51117886],[126.93518155,37.51116422],[126.93525805,37.51119131],[126.93530317,37.51112375],[126.93529893,37.51112205],[126.93531699,37.51109306],[126.93523608,37.51106093]]]}},{"type":"Feature","id":"seoul-building-541734","properties":{"id":"seoul-building-541734","sourceId":"1964194351384453219000000000","pnu":"1159010100102890031","name":"서울특별시 동작구 노량진동","address":"서울특별시 동작구 노량진동","useName":"단독주택","floors":1.0,"height":4.2,"heightSource":"estimated","heightRaw":0.0,"sourceDate":"2026-09-09"},"geometry":{"type":"Polygon","coordinates":[[[126.93686725,37.51003522],[126.93685096,37.51007688],[126.93685679,37.51007858],[126.93683837,37.51012502],[126.93694667,37.51015408],[126.93696918,37.51009271],[126.93689426,37.51007352],[126.93690595,37.51004341],[126.93686725,37.51003522]]]}},{"type":"Feature","id":"seoul-building-541774","properties":{"id":"seoul-building-541774","sourceId":"1997193952814453212900000000","pnu":"1159010800100200001","name":"서울특별시 동작구 대방동","address":"서울특별시 동작구 대방동","useName":"제1종근린생활시설","floors":3.0,"height":9.0,"heightSource":"measured","heightRaw":9.0,"sourceDate":"2026-09-09"},"geometry":{"type":"Polygon","coordinates":[[[126.93233493,37.51004116],[126.9323352,37.51013943],[126.93245271,37.51014175],[126.93245614,37.51006714],[126.93243104,37.51006656],[126.93243178,37.51004235],[126.93233493,37.51004116]]]}},{"type":"Feature","id":"seoul-building-541783","properties":{"id":"seoul-building-541783","sourceId":"1986194366054455908500000000","pnu":"1159010100102590001","name":"서울특별시 동작구 노량진동","address":"서울특별시 동작구 노량진동","useName":"단독주택","floors":2.0,"height":7.4,"heightSource":"estimated","heightRaw":0.0,"sourceDate":"2026-09-09"},"geometry":{"type":"Polygon","coordinates":[[[126.93708436,37.51246917],[126.93701701,37.51248462],[126.9370186,37.5124911],[126.93701471,37.51249195],[126.93702352,37.51251701],[126.93701415,37.51251981],[126.9370205,37.51253925],[126.93701166,37.5125415],[126.93702365,37.51257557],[126.93713059,37.51255254],[126.93712037,37.51252325],[126.93711047,37.5125255],[126.93709248,37.51247565],[126.93708665,37.5124765],[126.93708436,37.51246917]]]}},{"type":"Feature","id":"seoul-building-541784","properties":{"id":"seoul-building-541784","sourceId":"1967194472164456018300000000","pnu":"1159010100100390018","name":"서울특별시 동작구 노량진동","address":"서울특별시 동작구 노량진동","useName":"단독주택","floors":2.0,"height":7.4,"heightSource":"estimated","heightRaw":0.0,"sourceDate":"2026-09-09"},"geometry":{"type":"Polygon","coordinates":[[[126.93827561,37.51257709],[126.93822807,37.51257903],[126.93822877,37.51259536],[126.93820013,37.51259873],[126.93820326,37.51266658],[126.9383298,37.51266074],[126.93832138,37.51258753],[126.93827561,37.51257709]]]}},{"type":"Feature","id":"seoul-building-541797","properties":{"id":"seoul-building-541797","sourceId":"2001194468574454320800000000","pnu":"1159010100102530017","name":"서울특별시 동작구 노량진동","address":"서울특별시 동작구 노량진동","useName":"단독주택","floors":3.0,"height":7.65,"heightSource":"measured","heightRaw":7.65,"sourceDate":"2026-09-09"},"geometry":{"type":"Polygon","coordinates":[[[126.93829048,37.51104284],[126.93817578,37.5110594],[126.93817631,37.51106531],[126.93813918,37.51107233],[126.93815768,37.51114555],[126.93831004,37.51112169],[126.93829048,37.51104284]]]}},{"type":"Feature","id":"seoul-building-541828","properties":{"id":"seoul-building-541828","sourceId":"0000193988024453499200000000","pnu":"1159010800100680124","name":"서울특별시 동작구 대방동","address":"서울특별시 동작구 대방동","useName":"","floors":0.0,"height":0,"heightSource":"unknown","heightRaw":0.0,"sourceDate":"2026-09-09"},"geometry":{"type":"Polygon","coordinates":[[[126.93278959,37.51030384],[126.93274964,37.51031592],[126.93279268,37.51039985],[126.93283035,37.51038523],[126.93278959,37.51030384]]]}},{"type":"Feature","id":"seoul-building-541857","properties":{"id":"seoul-building-541857","sourceId":"1992194492714454342800000000","pnu":"1159010100102460071","name":"서울특별시 동작구 노량진동","address":"서울특별시 동작구 노량진동","useName":"단독주택","floors":2.0,"height":7.4,"heightSource":"estimated","heightRaw":0.0,"sourceDate":"2026-09-09"},"geometry":{"type":"Polygon","coordinates":[[[126.9384497,37.51106124],[126.93842207,37.51113443],[126.93854152,37.51116828],[126.93855567,37.51112971],[126.93856327,37.5111314],[126.93857744,37.51109565],[126.9384497,37.51106124]]]}},{"type":"Feature","id":"seoul-building-541895","properties":{"id":"seoul-building-541895","sourceId":"1967194478614454440800000000","pnu":"1159010100102440047","name":"서울특별시 동작구 노량진동","address":"서울특별시 동작구 노량진동","useName":"단독주택","floors":2.0,"height":7.4,"heightSource":"estimated","heightRaw":0.0,"sourceDate":"2026-09-09"},"geometry":{"type":"Polygon","coordinates":[[[126.93831991,37.51115014],[126.93828608,37.51123684],[126.93835587,37.51125433],[126.93838455,37.51119409],[126.93837943,37.51119268],[126.93838793,37.51116707],[126.93831991,37.51115014]]]}},{"type":"Feature","id":"seoul-building-541908","properties":{"id":"seoul-building-541908","sourceId":"1983194137864453410100000000","pnu":"1159010800100440295","name":"서울특별시 동작구 대방동","address":"서울특별시 동작구 대방동","useName":"단독주택","floors":2.0,"height":7.4,"heightSource":"estimated","heightRaw":0.0,"sourceDate":"2026-09-09"},"geometry":{"type":"Polygon","coordinates":[[[126.93449475,37.51019161],[126.93445,37.51023213],[126.93445636,37.51023861],[126.9344247,37.51026815],[126.93443494,37.51027801],[126.93440045,37.51030896],[126.93445961,37.51035349],[126.934576,37.51024966],[126.93449475,37.51019161]]]}},{"type":"Feature","id":"seoul-building-541935","properties":{"id":"seoul-building-541935","sourceId":"0000194618834454663100000000","pnu":"1159010100102400018","name":"서울특별시 동작구 노량진동","address":"서울특별시 동작구 노량진동","useName":"제2종근린생활시설","floors":1.0,"height":4.2,"heightSource":"estimated","heightRaw":0.0,"sourceDate":"2026-09-09"},"geometry":{"type":"Polygon","coordinates":[[[126.93991006,37.51144632],[126.93999226,37.51141708],[126.93997779,37.51139004],[126.93993448,37.51140269],[126.93990854,37.51135678],[126.93986771,37.51136914],[126.93991006,37.51144632]]]}},{"type":"Feature","id":"seoul-building-541973","properties":{"id":"seoul-building-541973","sourceId":"2003194039724454967200000000","pnu":"1159010800100430013","name":"서울특별시 동작구 대방동","address":"서울특별시 동작구 대방동","useName":"단독주택","floors":3.0,"height":8.4,"heightSource":"measured","heightRaw":8.4,"sourceDate":"2026-09-09"},"geometry":{"type":"Polygon","coordinates":[[[126.93336861,37.51161879],[126.93329168,37.5116866],[126.93332559,37.51171056],[126.93333072,37.51170606],[126.93337223,37.51173311],[126.93345694,37.51165939],[126.93341984,37.51163289],[126.93341331,37.51164049],[126.93339229,37.51162781],[126.93338981,37.51163034],[126.93336861,37.51161879]]]}},{"type":"Feature","id":"seoul-building-541975","properties":{"id":"seoul-building-541975","sourceId":"1991194055884453876500000000","pnu":"1159010800100440138","name":"서울특별시 동작구 대방동","address":"서울특별시 동작구 대방동","useName":"단독주택","floors":2.0,"height":7.4,"heightSource":"estimated","heightRaw":0.0,"sourceDate":"2026-09-09"},"geometry":{"type":"Polygon","coordinates":[[[126.93351052,37.51063593],[126.93350124,37.51073193],[126.93352634,37.51073279],[126.93352615,37.51074068],[126.93360638,37.51074523],[126.93361438,37.51069061],[126.93360819,37.51069089],[126.93361212,37.51065062],[126.93357643,37.51064863],[126.93357644,37.51063879],[126.93351052,37.51063593]]]}},{"type":"Feature","id":"seoul-building-541988","properties":{"id":"seoul-building-541988","sourceId":"1996194153764455981800000000","pnu":"1159010100102670028","name":"서울특별시 동작구 노량진동","address":"서울특별시 동작구 노량진동","useName":"단독주택","floors":3.0,"height":8.1,"heightSource":"measured","heightRaw":8.1,"sourceDate":"2026-09-09"},"geometry":{"type":"Polygon","coordinates":[[[126.93460581,37.51253005],[126.93458382,37.51261818],[126.93473119,37.51264078],[126.93474662,37.51257575],[126.93470987,37.51256954],[126.93471254,37.51255603],[126.93466642,37.51254811],[126.93466713,37.51254332],[126.93460581,37.51253005]]]}},{"type":"Feature","id":"seoul-building-542058","properties":{"id":"seoul-building-542058","sourceId":"1972194271884455925000000000","pnu":"1159010100102630011","name":"서울특별시 동작구 노량진동","address":"서울특별시 동작구 노량진동","useName":"제1종근린생활시설","floors":3.0,"height":10.6,"heightSource":"estimated","heightRaw":0.0,"sourceDate":"2026-09-09"},"geometry":{"type":"Polygon","coordinates":[[[126.93604904,37.51248861],[126.93597145,37.51249336],[126.9359718,37.51250011],[126.93593645,37.51250432],[126.93595175,37.5125902],[126.93605462,37.51257956],[126.93605022,37.51254971],[126.93605854,37.51254859],[126.93604904,37.51248861]]]}},{"type":"Feature","id":"seoul-building-542068","properties":{"id":"seoul-building-542068","sourceId":"0000194060934455273600000000","pnu":"1159010800100410000","name":"서울특별시 동작구 대방동","address":"서울특별시 동작구 대방동","useName":"","floors":0.0,"height":0,"heightSource":"unknown","heightRaw":0.0,"sourceDate":"2026-09-09"},"geometry":{"type":"Polygon","coordinates":[[[126.933611,37.51191766],[126.93357474,37.51194496],[126.9336067,37.5119827],[126.93365744,37.51195458],[126.933611,37.51191766]]]}},{"type":"Feature","id":"seoul-building-542077","properties":{"id":"seoul-building-542077","sourceId":"1989194333684453786800000000","pnu":"1159010100102890089","name":"서울특별시 동작구 노량진동","address":"서울특별시 동작구 노량진동","useName":"단독주택","floors":2.0,"height":7.4,"heightSource":"estimated","heightRaw":0.0,"sourceDate":"2026-09-09"},"geometry":{"type":"Polygon","coordinates":[[[126.93670069,37.51057095],[126.93664766,37.51057345],[126.93665095,37.51065116],[126.93674091,37.5106484],[126.93675593,37.51063912],[126.93675246,37.51057943],[126.93670173,37.51058081],[126.93670069,37.51057095]]]}},{"type":"Feature","id":"seoul-building-542078","properties":{"id":"seoul-building-542078","sourceId":"1991194342604454488200000000","pnu":"1159010100102800010","name":"서울특별시 동작구 노량진동","address":"서울특별시 동작구 노량진동","useName":"단독주택","floors":2.0,"height":7.4,"heightSource":"estimated","heightRaw":0.0,"sourceDate":"2026-09-09"},"geometry":{"type":"Polygon","coordinates":[[[126.93683323,37.51118961],[126.93676254,37.5111907],[126.93676353,37.51127039],[126.93677343,37.51127012],[126.9367741,37.51130193],[126.93683561,37.51130168],[126.93683323,37.51118961]]]}},{"type":"Feature","id":"seoul-building-542094","properties":{"id":"seoul-building-542094","sourceId":"1964194578414454747000000000","pnu":"1159010100102420003","name":"서울특별시 동작구 노량진동","address":"서울특별시 동작구 노량진동","useName":"단독주택","floors":1.0,"height":4.2,"heightSource":"estimated","heightRaw":0.0,"sourceDate":"2026-09-09"},"geometry":{"type":"Polygon","coordinates":[[[126.93952212,37.5114695],[126.93946204,37.51146946],[126.93946294,37.51142413],[126.93942672,37.5114258],[126.93943001,37.51151393],[126.93952173,37.51151285],[126.93952212,37.5114695]]]}},{"type":"Feature","id":"seoul-building-542098","properties":{"id":"seoul-building-542098","sourceId":"0000194173104456948200000000","pnu":"1159010100100240018","name":"서울특별시 동작구 노량진동","address":"서울특별시 동작구 노량진동","useName":"","floors":0.0,"height":0,"heightSource":"unknown","heightRaw":0.0,"sourceDate":"2026-09-09"},"geometry":{"type":"Polygon","coordinates":[[[126.93477226,37.51338356],[126.93477567,37.51352463],[126.9349835,37.51353742],[126.93499229,37.51339664],[126.93477226,37.51338356]]]}},{"type":"Feature","id":"seoul-building-542125","properties":{"id":"seoul-building-542125","sourceId":"1994194217034456504300000000","pnu":"1159010100100290008","name":"서울특별시 동작구 노량진동","address":"서울특별시 동작구 노량진동","useName":"제2종근린생활시설","floors":1.0,"height":3.0,"heightSource":"measured","heightRaw":3.0,"sourceDate":"2026-09-09"},"geometry":{"type":"Polygon","coordinates":[[[126.93536889,37.51299393],[126.93531904,37.51300629],[126.93532717,37.51301784],[126.93531384,37.51309554],[126.93545646,37.51310379],[126.93545031,37.51304944],[126.93538635,37.51304039],[126.93536889,37.51299393]]]}},{"type":"Feature","id":"seoul-building-542168","properties":{"id":"seoul-building-542168","sourceId":"1991194324024455069900000000","pnu":"1159010100102790001","name":"서울특별시 동작구 노량진동","address":"서울특별시 동작구 노량진동","useName":"단독주택","floors":2.0,"height":7.4,"heightSource":"estimated","heightRaw":0.0,"sourceDate":"2026-09-09"},"geometry":{"type":"Polygon","coordinates":[[[126.93652864,37.51172245],[126.93651161,37.51179874],[126.93664644,37.51181458],[126.93666256,37.51176278],[126.93667354,37.51173999],[126.93652864,37.51172245]]]}},{"type":"Feature","id":"seoul-building-542171","properties":{"id":"seoul-building-542171","sourceId":"1985194607574454444400000000","pnu":"1159010100102400039","name":"서울특별시 동작구 노량진동","address":"서울특별시 동작구 노량진동","useName":"단독주택","floors":1.0,"height":4.2,"heightSource":"estimated","heightRaw":0.0,"sourceDate":"2026-09-09"},"geometry":{"type":"Polygon","coordinates":[[[126.93985233,37.5111453],[126.93970985,37.51118239],[126.93974424,37.51126688],[126.93988141,37.51123344],[126.93985233,37.5111453]]]}},{"type":"Feature","id":"seoul-building-542227","properties":{"id":"seoul-building-542227","sourceId":"1986194103784453470700000000","pnu":"1159010800100440157","name":"서울특별시 동작구 대방동","address":"서울특별시 동작구 대방동","useName":"공동주택","floors":2.0,"height":6.9,"heightSource":"estimated","heightRaw":0.0,"sourceDate":"2026-09-09"},"geometry":{"type":"Polygon","coordinates":[[[126.93406153,37.51025865],[126.93401659,37.51032171],[126.93402611,37.51034846],[126.93413122,37.51039328],[126.93414945,37.51036682],[126.93415316,37.51036795],[126.9341606,37.51035191],[126.93416837,37.51035417],[126.93419456,37.51031674],[126.93406153,37.51025865]]]}},{"type":"Feature","id":"seoul-building-542303","properties":{"id":"seoul-building-542303","sourceId":"1992194064894457544100000000","pnu":"1159010800100700001","name":"서울특별시 동작구 대방동","address":"서울특별시 동작구 대방동","useName":"","floors":0.0,"height":0,"heightSource":"unknown","heightRaw":0.0,"sourceDate":"2026-09-09"},"geometry":{"type":"Polygon","coordinates":[[[126.9330028,37.51377564],[126.93299461,37.51403749],[126.93298777,37.51418363],[126.93431361,37.5142159],[126.93431498,37.51405203],[126.93432098,37.51387521],[126.9343297,37.51380904],[126.9330028,37.51377564]]]}},{"type":"Feature","id":"seoul-building-542331","properties":{"id":"seoul-building-542331","sourceId":"1991194407004455994100000000","pnu":"1159010100100360003","name":"서울특별시 동작구 노량진동","address":"서울특별시 동작구 노량진동","useName":"제2종근린생활시설","floors":5.0,"height":2.8,"heightSource":"measured","heightRaw":2.8,"sourceDate":"2026-09-09"},"geometry":{"type":"Polygon","coordinates":[[[126.93760301,37.51252774],[126.9374273,37.51256959],[126.93746575,37.51267802],[126.93756172,37.5126578],[126.93756897,37.51265837],[126.93757445,37.51265809],[126.93757957,37.51265668],[126.93758328,37.51265472],[126.93758683,37.51265106],[126.93761693,37.51257955],[126.93761907,37.5125545],[126.93760301,37.51252774]]]}},{"type":"Feature","id":"seoul-building-542348","properties":{"id":"seoul-building-542348","sourceId":"1991194286224454505300000000","pnu":"1159010100102840011","name":"서울특별시 동작구 노량진동","address":"서울특별시 동작구 노량진동","useName":"공동주택","floors":4.0,"height":12.8,"heightSource":"estimated","heightRaw":0.0,"sourceDate":"2026-09-09"},"geometry":{"type":"Polygon","coordinates":[[[126.93613108,37.51120838],[126.93608036,37.5112092],[126.93607833,37.51130776],[126.93624357,37.51130671],[126.93624394,37.51128165],[126.93624924,37.51128165],[126.93624772,37.51121239],[126.93613142,37.51121458],[126.93613108,37.51120838]]]}},{"type":"Feature","id":"seoul-building-542378","properties":{"id":"seoul-building-542378","sourceId":"0000194060684456037100000000","pnu":"1159010800100490006","name":"서울특별시 동작구 대방동","address":"서울특별시 동작구 대방동","useName":"","floors":0.0,"height":0,"heightSource":"unknown","heightRaw":0.0,"sourceDate":"2026-09-09"},"geometry":{"type":"Polygon","coordinates":[[[126.93361993,37.51260468],[126.9336111,37.51260467],[126.93360261,37.51260467],[126.93359342,37.51260523],[126.93358582,37.51260635],[126.93357575,37.51260831],[126.93356743,37.51261225],[126.93356036,37.5126162],[126.9335494,37.5126221],[126.93354321,37.51262773],[126.93353755,37.51263335],[126.93353277,37.51264039],[126.93352834,37.51264799],[126.93352463,37.51265559],[126.93352056,37.5126646],[126.93351931,37.5126722],[126.93351807,37.5126798],[126.93355094,37.51267954],[126.93355289,37.51266996],[126.93355501,37.51266208],[126.93355821,37.51265364],[126.93356281,37.51264857],[126.93357165,37.51264126],[126.93357819,37.51263619],[126.93358473,37.51263394],[126.93359393,37.51263141],[126.93360135,37.51263029],[126.93360948,37.51262974],[126.9336169,37.51262974],[126.93362397,37.51263143],[126.93363015,37.51263256],[126.93363546,37.51263454],[126.93364111,37.51263707],[126.933648,37.51264018],[126.93365436,37.51264412],[126.93365913,37.51264919],[126.9336623,37.51265538],[126.93366513,37.51266131],[126.93366689,37.5126675],[126.93366742,37.51267566],[126.93370189,37.51267202],[126.93370154,37.51266949],[126.93370136,37.51266639],[126.9337003,37.51265963],[126.93369819,37.51265175],[126.93369412,37.51264301],[126.93369113,37.51263682],[126.93368371,37.51263147],[126.933677,37.51262498],[126.93366764,37.51261851],[126.93365544,37.51261315],[126.93364025,37.51260807],[126.93363089,37.51260581],[126.93361993,37.51260468]]]}},{"type":"Feature","id":"seoul-building-542409","properties":{"id":"seoul-building-542409","sourceId":"1992194499124453344900000000","pnu":"1159010100102480070","name":"서울특별시 동작구 노량진동","address":"서울특별시 동작구 노량진동","useName":"단독주택","floors":2.0,"height":7.4,"heightSource":"estimated","heightRaw":0.0,"sourceDate":"2026-09-09"},"geometry":{"type":"Polygon","coordinates":[[[126.93853086,37.51015773],[126.93852236,37.51017462],[126.93851317,37.51017321],[126.9385022,37.51020277],[126.9384847,37.51019938],[126.93847425,37.5102312],[126.93863097,37.51027041],[126.9386639,37.51019975],[126.93857255,37.5101755],[126.93857397,37.51016621],[126.93853086,37.51015773]]]}},{"type":"Feature","id":"seoul-building-542413","properties":{"id":"seoul-building-542413","sourceId":"1995193962204453685800000000","pnu":"1159010800100320025","name":"서울특별시 동작구 대방동","address":"서울특별시 동작구 대방동","useName":"단독주택","floors":3.0,"height":10.6,"heightSource":"estimated","heightRaw":0.0,"sourceDate":"2026-09-09"},"geometry":{"type":"Polygon","coordinates":[[[126.93254856,37.51046729],[126.93241634,37.51050663],[126.93244155,37.51056521],[126.93247533,37.51055509],[126.93247744,37.51056045],[126.93251898,37.51055034],[126.93251879,37.51055427],[126.93257607,37.51053713],[126.93254856,37.51046729]]]}},{"type":"Feature","id":"seoul-building-542448","properties":{"id":"seoul-building-542448","sourceId":"1976194196094456184800000000","pnu":"1159010100102660026","name":"서울특별시 동작구 노량진동","address":"서울특별시 동작구 노량진동","useName":"단독주택","floors":2.0,"height":7.4,"heightSource":"estimated","heightRaw":0.0,"sourceDate":"2026-09-09"},"geometry":{"type":"Polygon","coordinates":[[[126.93516344,37.51270296],[126.93512596,37.51271223],[126.93507026,37.51273951],[126.93512234,37.51280937],[126.93515288,37.51285021],[126.93520698,37.51282377],[126.93519638,37.51280941],[126.93515332,37.51275222],[126.93518745,37.51273311],[126.93516344,37.51270296]]]}},{"type":"Feature","id":"seoul-building-542450","properties":{"id":"seoul-building-542450","sourceId":"0000194097694454471200000000","pnu":"1159010800100450027","name":"서울특별시 동작구 대방동","address":"서울특별시 동작구 대방동","useName":"","floors":0.0,"height":0,"heightSource":"unknown","heightRaw":0.0,"sourceDate":"2026-09-09"},"geometry":{"type":"Polygon","coordinates":[[[126.93406002,37.51117627],[126.93397801,37.51118354],[126.93398836,37.51127365],[126.93409492,37.51126302],[126.93409037,37.51122106],[126.9340301,37.51122666],[126.93402835,37.51121398],[126.93406245,37.51121147],[126.93406002,37.51117627]]]}},{"type":"Feature","id":"seoul-building-542461","properties":{"id":"seoul-building-542461","sourceId":"1989194525844454989700000000","pnu":"1159010100102440038","name":"서울특별시 동작구 노량진동","address":"서울특별시 동작구 노량진동","useName":"단독주택","floors":2.0,"height":7.4,"heightSource":"estimated","heightRaw":0.0,"sourceDate":"2026-09-09"},"geometry":{"type":"Polygon","coordinates":[[[126.93883219,37.51164709],[126.93882209,37.51167439],[126.93881732,37.51167382],[126.93879874,37.51171971],[126.93891624,37.51174708],[126.93894245,37.51168065],[126.93893768,37.51167868],[126.93893981,37.51167333],[126.93883219,37.51164709]]]}},{"type":"Feature","id":"seoul-building-542466","properties":{"id":"seoul-building-542466","sourceId":"0000194375984453182200000000","pnu":"1159010100102910020","name":"서울특별시 동작구 노량진동","address":"서울특별시 동작구 노량진동","useName":"단독주택","floors":1.0,"height":4.2,"heightSource":"estimated","heightRaw":0.0,"sourceDate":"2026-09-09"},"geometry":{"type":"Polygon","coordinates":[[[126.93711994,37.51006886],[126.93712715,37.51010068],[126.93721624,37.51009482],[126.93721453,37.51002189],[126.9371753,37.51002356],[126.9371749,37.51006524],[126.93717367,37.51006523],[126.93711994,37.51006886]]]}},{"type":"Feature","id":"seoul-building-542473","properties":{"id":"seoul-building-542473","sourceId":"0000194466144457785600000000","pnu":"1159010100100130008","name":"서울특별시 동작구 노량진동","address":"서울특별시 동작구 노량진동","useName":"","floors":0.0,"height":0,"heightSource":"unknown","heightRaw":0.0,"sourceDate":"2026-09-09"},"geometry":{"type":"Polygon","coordinates":[[[126.93818184,37.51420165],[126.93817406,37.51422135],[126.93820851,37.51423067],[126.93821525,37.51421096],[126.93818184,37.51420165]]]}},{"type":"Feature","id":"seoul-building-542476","properties":{"id":"seoul-building-542476","sourceId":"1988194211874455653900000000","pnu":"1159010100102710013","name":"서울특별시 동작구 노량진동","address":"서울특별시 동작구 노량진동","useName":"제1종근린생활시설","floors":4.0,"height":13.8,"heightSource":"estimated","heightRaw":0.0,"sourceDate":"2026-09-09"},"geometry":{"type":"Polygon","coordinates":[[[126.93527217,37.51223986],[126.93526575,37.51229278],[126.93527402,37.51234178],[126.93536078,37.51234858],[126.93536595,37.51231817],[126.93537796,37.51231987],[126.93538399,37.51228271],[126.93538223,37.51227932],[126.93537994,37.51227735],[126.93536085,37.5122748],[126.93536477,37.51224553],[126.93527217,37.51223986]]]}},{"type":"Feature","id":"seoul-building-542490","properties":{"id":"seoul-building-542490","sourceId":"0000194245654455519500000000","pnu":"1159010100102710008","name":"서울특별시 동작구 노량진동","address":"서울특별시 동작구 노량진동","useName":"","floors":0.0,"height":0,"heightSource":"unknown","heightRaw":0.0,"sourceDate":"2026-09-09"},"geometry":{"type":"Polygon","coordinates":[[[126.9357026,37.51213844],[126.93568156,37.51214237],[126.93568878,37.51217419],[126.93567693,37.512177],[126.9356838,37.51220094],[126.93573718,37.51219111],[126.9357026,37.51213844]]]}},{"type":"Feature","id":"seoul-building-542503","properties":{"id":"seoul-building-542503","sourceId":"1991194459974453908100000000","pnu":"1159010100102490032","name":"서울특별시 동작구 노량진동","address":"서울특별시 동작구 노량진동","useName":"공동주택","floors":3.0,"height":9.85,"heightSource":"estimated","heightRaw":0.0,"sourceDate":"2026-09-09"},"geometry":{"type":"Polygon","coordinates":[[[126.93801704,37.51067132],[126.9380182,37.51076536],[126.93805283,37.51076453],[126.93805301,37.51077496],[126.93823592,37.51077506],[126.93823565,37.51067172],[126.93801704,37.51067132]]]}},{"type":"Feature","id":"seoul-building-542566","properties":{"id":"seoul-building-542566","sourceId":"0000194560474457960200000000","pnu":"1159010100100130008","name":"서울특별시 동작구 노량진동","address":"서울특별시 동작구 노량진동","useName":"","floors":0.0,"height":0,"heightSource":"unknown","heightRaw":0.0,"sourceDate":"2026-09-09"},"geometry":{"type":"Polygon","coordinates":[[[126.93927228,37.51445084],[126.939315,37.5143053],[126.93925314,37.51429259],[126.93920813,37.51444208],[126.93927104,37.51445535],[126.93927228,37.51445084]]]}},{"type":"Feature","id":"seoul-building-542600","properties":{"id":"seoul-building-542600","sourceId":"1992194359544455729800000000","pnu":"1159010100102590003","name":"서울특별시 동작구 노량진동","address":"서울특별시 동작구 노량진동","useName":"단독주택","floors":3.0,"height":10.6,"heightSource":"estimated","heightRaw":0.0,"sourceDate":"2026-09-09"},"geometry":{"type":"Polygon","coordinates":[[[126.93697844,37.51231961],[126.93697595,37.51232608],[126.93695704,37.51232551],[126.93694108,37.51239561],[126.93702184,37.51240804],[126.93703887,37.51232865],[126.93697844,37.51231961]]]}},{"type":"Feature","id":"seoul-building-542634","properties":{"id":"seoul-building-542634","sourceId":"1971193963014454429200000000","pnu":"1159010800100320061","name":"서울특별시 동작구 대방동","address":"서울특별시 동작구 대방동","useName":"단독주택","floors":1.0,"height":4.2,"heightSource":"estimated","heightRaw":0.0,"sourceDate":"2026-09-09"},"geometry":{"type":"Polygon","coordinates":[[[126.93251014,37.51113738],[126.93243074,37.51118887],[126.93246624,37.51122156],[126.93248127,37.51121199],[126.9325037,37.51122805],[126.93251731,37.51121764],[126.93253267,37.51123201],[126.93257989,37.51119993],[126.93255482,37.5111726],[126.93255075,37.51117514],[126.93251014,37.51113738]]]}},{"type":"Feature","id":"seoul-building-542642","properties":{"id":"seoul-building-542642","sourceId":"1994193849274455966500000000","pnu":"1159010800105020000","name":"서울특별시 동작구 대방동","address":"서울특별시 동작구 대방동","useName":"","floors":0.0,"height":0,"heightSource":"unknown","heightRaw":0.0,"sourceDate":"2026-09-09"},"geometry":{"type":"Polygon","coordinates":[[[126.93124241,37.51255067],[126.93119557,37.51255149],[126.93119588,37.5125957],[126.93124219,37.51259516],[126.93124241,37.51255067]]]}},{"type":"Feature","id":"seoul-building-542652","properties":{"id":"seoul-building-542652","sourceId":"1993194282334453331100000000","pnu":"1159010100102880007","name":"서울특별시 동작구 노량진동","address":"서울특별시 동작구 노량진동","useName":"단독주택","floors":2.0,"height":7.4,"heightSource":"measured","heightRaw":7.4,"sourceDate":"2026-09-09"},"geometry":{"type":"Polygon","coordinates":[[[126.9360641,37.51016769],[126.93605877,37.51020007],[126.93606849,37.51020261],[126.93606477,37.51021922],[126.93616919,37.51023531],[126.93618231,37.51018718],[126.9360641,37.51016769]]]}},{"type":"Feature","id":"seoul-building-542678","properties":{"id":"seoul-building-542678","sourceId":"1990194002214454198000000000","pnu":"1159010800100320004","name":"서울특별시 동작구 대방동","address":"서울특별시 동작구 대방동","useName":"단독주택","floors":2.0,"height":7.4,"heightSource":"estimated","heightRaw":0.0,"sourceDate":"2026-09-09"},"geometry":{"type":"Polygon","coordinates":[[[126.93293519,37.5109259],[126.93293448,37.51093603],[126.93292033,37.51093659],[126.93290743,37.51093686],[126.93290558,37.51103175],[126.93292042,37.51103204],[126.93298988,37.51103405],[126.93299387,37.51092649],[126.93293519,37.5109259]]]}},{"type":"Feature","id":"seoul-building-542697","properties":{"id":"seoul-building-542697","sourceId":"1994194460014455627100000000","pnu":"1159010100102440081","name":"서울특별시 동작구 노량진동","address":"서울특별시 동작구 노량진동","useName":"제2종근린생활시설","floors":4.0,"height":13.8,"heightSource":"estimated","heightRaw":0.0,"sourceDate":"2026-09-09"},"geometry":{"type":"Polygon","coordinates":[[[126.93813257,37.51223125],[126.93805815,37.51225289],[126.93808673,37.51231766],[126.93818837,37.51228927],[126.93819563,37.51227858],[126.9381787,37.51223183],[126.93813733,37.51224251],[126.93813257,37.51223125]]]}},{"type":"Feature","id":"seoul-building-542723","properties":{"id":"seoul-building-542723","sourceId":"0000194588594455249300000000","pnu":"1159010100100470002","name":"서울특별시 동작구 노량진동","address":"서울특별시 동작구 노량진동","useName":"","floors":0.0,"height":0,"heightSource":"unknown","heightRaw":0.0,"sourceDate":"2026-09-09"},"geometry":{"type":"Polygon","coordinates":[[[126.93960976,37.51191694],[126.93955197,37.51192001],[126.93955318,37.51194619],[126.93961205,37.5119434],[126.93960976,37.51191694]]]}},{"type":"Feature","id":"seoul-building-542781","properties":{"id":"seoul-building-542781","sourceId":"1992194349434454633400000000","pnu":"1159010100102800003","name":"서울특별시 동작구 노량진동","address":"서울특별시 동작구 노량진동","useName":"단독주택","floors":2.0,"height":7.4,"heightSource":"estimated","heightRaw":0.0,"sourceDate":"2026-09-09"},"geometry":{"type":"Polygon","coordinates":[[[126.93691477,37.51131721],[126.93684019,37.51131885],[126.93684364,37.51143965],[126.93690425,37.51143517],[126.93690286,37.51140505],[126.9369163,37.51140477],[126.93691477,37.51131721]]]}},{"type":"Feature","id":"seoul-building-542791","properties":{"id":"seoul-building-542791","sourceId":"0000194170004454639900000000","pnu":"1159010100102730007","name":"서울특별시 동작구 노량진동","address":"서울특별시 동작구 노량진동","useName":"","floors":0.0,"height":0,"heightSource":"unknown","heightRaw":0.0,"sourceDate":"2026-09-09"},"geometry":{"type":"Polygon","coordinates":[[[126.93487508,37.51139212],[126.93487757,37.51137663],[126.93482066,37.51136816],[126.93481712,37.51138308],[126.93487508,37.51139212]]]}},{"type":"Feature","id":"seoul-building-542861","properties":{"id":"seoul-building-542861","sourceId":"1963194509714453147300000000","pnu":"1159010100102480020","name":"서울특별시 동작구 노량진동","address":"서울특별시 동작구 노량진동","useName":"단독주택","floors":1.0,"height":4.2,"heightSource":"estimated","heightRaw":0.0,"sourceDate":"2026-09-09"},"geometry":{"type":"Polygon","coordinates":[[[126.93865187,37.50997957],[126.93864073,37.51000012],[126.93861312,37.5100505],[126.93874016,37.51009337],[126.93876671,37.5100413],[126.93874479,37.51003143],[126.93874887,37.51001848],[126.938716,37.51000664],[126.9387176,37.51000157],[126.93871283,37.50999988],[126.93865187,37.50997957]]]}},{"type":"Feature","id":"seoul-building-542887","properties":{"id":"seoul-building-542887","sourceId":"1984194199254455628200000000","pnu":"1159010100102700000","name":"서울특별시 동작구 노량진동","address":"서울특별시 동작구 노량진동","useName":"제2종근린생활시설","floors":5.0,"height":13.6,"heightSource":"measured","heightRaw":13.6,"sourceDate":"2026-09-09"},"geometry":{"type":"Polygon","coordinates":[[[126.93514373,37.51218713],[126.9350837,37.51233266],[126.9351192,37.51234057],[126.93512736,37.51231692],[126.93524804,37.51234176],[126.93525353,37.51232994],[126.9352395,37.51221084],[126.93514373,37.51218713]]]}},{"type":"Feature","id":"seoul-building-543071","properties":{"id":"seoul-building-543071","sourceId":"1976194067154454661000000000","pnu":"1159010800100440163","name":"서울특별시 동작구 대방동","address":"서울특별시 동작구 대방동","useName":"단독주택","floors":2.0,"height":7.4,"heightSource":"estimated","heightRaw":0.0,"sourceDate":"2026-09-09"},"geometry":{"type":"Polygon","coordinates":[[[126.93370994,37.51134361],[126.93367971,37.51135289],[126.93367725,37.51134669],[126.93361538,37.51136552],[126.93366496,37.51145847],[126.93375281,37.51142782],[126.93370994,37.51134361]]]}},{"type":"Feature","id":"seoul-building-543097","properties":{"id":"seoul-building-543097","sourceId":"1962194623094453287900000000","pnu":"1159010100102350020","name":"서울특별시 동작구 노량진동","address":"서울특별시 동작구 노량진동","useName":"단독주택","floors":2.0,"height":7.4,"heightSource":"estimated","heightRaw":0.0,"sourceDate":"2026-09-09"},"geometry":{"type":"Polygon","coordinates":[[[126.94004772,37.51012895],[126.94,37.51013005],[126.93992119,37.51013114],[126.93991798,37.51015901],[126.93988882,37.51015956],[126.93989003,37.51019842],[126.93999995,37.51019482],[126.94004714,37.51019315],[126.94004772,37.51012895]]]}},{"type":"Feature","id":"seoul-building-543107","properties":{"id":"seoul-building-543107","sourceId":"1988193941844456030200000000","pnu":"1159010800100390008","name":"서울특별시 동작구 대방동","address":"서울특별시 동작구 대방동","useName":"제2종근린생활시설","floors":3.0,"height":10.6,"heightSource":"estimated","heightRaw":0.0,"sourceDate":"2026-09-09"},"geometry":{"type":"Polygon","coordinates":[[[126.93238415,37.51248066],[126.93210071,37.51263422],[126.932097,37.5126376],[126.93209488,37.51264182],[126.93209487,37.51264577],[126.93209522,37.51264971],[126.93209628,37.51265281],[126.93209804,37.51265562],[126.93210017,37.51265815],[126.93210316,37.51265985],[126.93210865,37.5126607],[126.93211359,37.5126607],[126.93211818,37.51266042],[126.93213425,37.51267648],[126.93207873,37.5127063],[126.93214088,37.51278178],[126.93246199,37.51260882],[126.9324046,37.51254655],[126.93242846,37.51253333],[126.93238415,37.51248066]]]}},{"type":"Feature","id":"seoul-building-543164","properties":{"id":"seoul-building-543164","sourceId":"1986194373144454531500000000","pnu":"1159010100102800032","name":"서울특별시 동작구 노량진동","address":"서울특별시 동작구 노량진동","useName":"공동주택","floors":2.0,"height":6.9,"heightSource":"estimated","heightRaw":0.0,"sourceDate":"2026-09-09"},"geometry":{"type":"Polygon","coordinates":[[[126.93708503,37.51123537],[126.93707948,37.51132292],[126.93720885,37.51132947],[126.93721387,37.51124755],[126.93714829,37.51124609],[126.93714812,37.51123625],[126.93708503,37.51123537]]]}},{"type":"Feature","id":"seoul-building-543185","properties":{"id":"seoul-building-543185","sourceId":"1991194285204455057700000000","pnu":"1159010100102790006","name":"서울특별시 동작구 노량진동","address":"서울특별시 동작구 노량진동","useName":"단독주택","floors":2.0,"height":7.4,"heightSource":"estimated","heightRaw":0.0,"sourceDate":"2026-09-09"},"geometry":{"type":"Polygon","coordinates":[[[126.93614938,37.51170845],[126.93609865,37.51172814],[126.93615107,37.51180672],[126.93620234,37.51178479],[126.93614938,37.51170845]]]}},{"type":"Feature","id":"seoul-building-543228","properties":{"id":"seoul-building-543228","sourceId":"0000194208664455130500000000","pnu":"1159010100102720000","name":"서울특별시 동작구 노량진동","address":"서울특별시 동작구 노량진동","useName":"단독주택","floors":1.0,"height":4.2,"heightSource":"estimated","heightRaw":0.0,"sourceDate":"2026-09-09"},"geometry":{"type":"Polygon","coordinates":[[[126.93526391,37.51176738],[126.93523225,37.51179101],[126.93525132,37.51182424],[126.93531807,37.51187665],[126.93534549,37.51185527],[126.93528492,37.51180428],[126.93529623,37.51179611],[126.93526391,37.51176738]]]}},{"type":"Feature","id":"seoul-building-543248","properties":{"id":"seoul-building-543248","sourceId":"1992194493674454246600000000","pnu":"1159010100102460078","name":"서울특별시 동작구 노량진동","address":"서울특별시 동작구 노량진동","useName":"단독주택","floors":2.0,"height":7.4,"heightSource":"estimated","heightRaw":0.0,"sourceDate":"2026-09-09"},"geometry":{"type":"Polygon","coordinates":[[[126.93845843,37.51097733],[126.93843293,37.51104151],[126.93855766,37.51107762],[126.93858688,37.51101513],[126.93845843,37.51097733]]]}},{"type":"Feature","id":"seoul-building-543262","properties":{"id":"seoul-building-543262","sourceId":"1969194393584458386500000000","pnu":"1159010100100130006","name":"서울특별시 동작구 노량진동","address":"서울특별시 동작구 노량진동","useName":"","floors":0.0,"height":0,"heightSource":"unknown","heightRaw":0.0,"sourceDate":"2026-09-09"},"geometry":{"type":"Polygon","coordinates":[[[126.9370318,37.5146645],[126.93701352,37.51473375],[126.93771702,37.51484928],[126.93773704,37.51478172],[126.9370318,37.5146645]]]}},{"type":"Feature","id":"seoul-building-543268","properties":{"id":"seoul-building-543268","sourceId":"1991194544564454169600000000","pnu":"1159010100102470002","name":"서울특별시 동작구 노량진동","address":"서울특별시 동작구 노량진동","useName":"단독주택","floors":2.0,"height":7.4,"heightSource":"estimated","heightRaw":0.0,"sourceDate":"2026-09-09"},"geometry":{"type":"Polygon","coordinates":[[[126.93905389,37.51090753],[126.93901547,37.51098493],[126.93908968,37.51101004],[126.93910649,37.51097654],[126.93913971,37.51098697],[126.93916148,37.51094166],[126.93905389,37.51090753]]]}},{"type":"Feature","id":"seoul-building-543276","properties":{"id":"seoul-building-543276","sourceId":"1988194292164453650800000000","pnu":"1159010100102890088","name":"서울특별시 동작구 노량진동","address":"서울특별시 동작구 노량진동","useName":"제1종근린생활시설","floors":4.0,"height":13.8,"heightSource":"estimated","heightRaw":0.0,"sourceDate":"2026-09-09"},"geometry":{"type":"Polygon","coordinates":[[[126.9362346,37.51042288],[126.93615253,37.51049576],[126.93615483,37.51049942],[126.93615218,37.51050111],[126.93615764,37.51051154],[126.93616065,37.5105104],[126.93616348,37.5105152],[126.93622159,37.51055549],[126.93631603,37.51047782],[126.93628512,37.51045331],[126.93627856,37.51045809],[126.9362346,37.51042288]]]}},{"type":"Feature","id":"seoul-building-543325","properties":{"id":"seoul-building-543325","sourceId":"0000194057804453317200000000","pnu":"1159010800100440093","name":"서울특별시 동작구 대방동","address":"서울특별시 동작구 대방동","useName":"","floors":0.0,"height":0,"heightSource":"unknown","heightRaw":0.0,"sourceDate":"2026-09-09"},"geometry":{"type":"Polygon","coordinates":[[[126.93359353,37.51009706],[126.93347906,37.51023102],[126.93356456,37.51027893],[126.93368131,37.51014357],[126.93359353,37.51009706]]]}},{"type":"Feature","id":"seoul-building-543329","properties":{"id":"seoul-building-543329","sourceId":"0000194623144454734200000000","pnu":"1159010100102400051","name":"서울특별시 동작구 노량진동","address":"서울특별시 동작구 노량진동","useName":"","floors":0.0,"height":0,"heightSource":"unknown","heightRaw":0.0,"sourceDate":"2026-09-09"},"geometry":{"type":"Polygon","coordinates":[[[126.94000569,37.51141849],[126.94000003,37.51142074],[126.93992207,37.51145421],[126.93996072,37.51151645],[126.93999997,37.51149845],[126.94000757,37.51149508],[126.94000569,37.51141849]]]}},{"type":"Feature","id":"seoul-building-543399","properties":{"id":"seoul-building-543399","sourceId":"1983194098934453817300000000","pnu":"1159010800100440001","name":"서울특별시 동작구 대방동","address":"서울특별시 동작구 대방동","useName":"종교시설","floors":2.0,"height":7.4,"heightSource":"estimated","heightRaw":0.0,"sourceDate":"2026-09-09"},"geometry":{"type":"Polygon","coordinates":[[[126.93405247,37.51051882],[126.93387965,37.51068288],[126.93393953,37.51072233],[126.93397031,37.51069334],[126.93403866,37.5107435],[126.93405988,37.51072211],[126.93407843,37.5107331],[126.9342003,37.51061661],[126.93405247,37.51051882]]]}},{"type":"Feature","id":"seoul-building-543408","properties":{"id":"seoul-building-543408","sourceId":"1992194265624453455900000000","pnu":"1159010100102860009","name":"서울특별시 동작구 노량진동","address":"서울특별시 동작구 노량진동","useName":"공동주택","floors":3.0,"height":9.85,"heightSource":"estimated","heightRaw":0.0,"sourceDate":"2026-09-09"},"geometry":{"type":"Polygon","coordinates":[[[126.93584614,37.51024275],[126.93583492,37.51033482],[126.93587963,37.51033765],[126.93587713,37.51036665],[126.93590824,37.51037005],[126.93590539,37.51038554],[126.93600487,37.5103946],[126.93601166,37.5103214],[126.93600459,37.51031998],[126.93600992,37.51029352],[126.93600656,37.51029267],[126.93600712,37.51025551],[126.93584614,37.51024275]]]}},{"type":"Feature","id":"seoul-building-543435","properties":{"id":"seoul-building-543435","sourceId":"0000194606404455047600000000","pnu":"1159010100102400019","name":"서울특별시 동작구 노량진동","address":"서울특별시 동작구 노량진동","useName":"단독주택","floors":1.0,"height":4.2,"heightSource":"estimated","heightRaw":0.0,"sourceDate":"2026-09-09"},"geometry":{"type":"Polygon","coordinates":[[[126.93980116,37.51170165],[126.93974442,37.5117171],[126.93975642,37.51174526],[126.93974386,37.51174976],[126.93976273,37.51179764],[126.93982354,37.5117788],[126.93982267,37.51176641],[126.93982496,37.51176642],[126.93980116,37.51170165]]]}},{"type":"Feature","id":"seoul-building-543469","properties":{"id":"seoul-building-543469","sourceId":"1971193944404455001000000000","pnu":"1159010800100230134","name":"서울특별시 동작구 대방동","address":"서울특별시 동작구 대방동","useName":"단독주택","floors":1.0,"height":4.2,"heightSource":"estimated","heightRaw":0.0,"sourceDate":"2026-09-09"},"geometry":{"type":"Polygon","coordinates":[[[126.93229795,37.51166182],[126.93224581,37.51166179],[126.93224454,37.5116998],[126.93224278,37.5116998],[126.93224168,37.5117333],[126.93235796,37.511739],[126.93235501,37.51168691],[126.93232726,37.51168689],[126.93232656,37.51167873],[126.93229757,37.51167843],[126.93229795,37.51166182]]]}},{"type":"Feature","id":"seoul-building-543478","properties":{"id":"seoul-building-543478","sourceId":"1986194024694453729100000000","pnu":"1159010800100440136","name":"서울특별시 동작구 대방동","address":"서울특별시 동작구 대방동","useName":"공동주택","floors":2.0,"height":6.9,"heightSource":"estimated","heightRaw":0.0,"sourceDate":"2026-09-09"},"geometry":{"type":"Polygon","coordinates":[[[126.93322737,37.51046852],[126.93315204,37.51051916],[126.93317092,37.51054029],[126.93310266,37.51058924],[126.93315952,37.51064839],[126.93331124,37.51054769],[126.93322737,37.51046852]]]}},{"type":"Feature","id":"seoul-building-543483","properties":{"id":"seoul-building-543483","sourceId":"1992194354564453409800000000","pnu":"1159010100102890060","name":"서울특별시 동작구 노량진동","address":"서울특별시 동작구 노량진동","useName":"단독주택","floors":2.0,"height":7.4,"heightSource":"estimated","heightRaw":0.0,"sourceDate":"2026-09-09"},"geometry":{"type":"Polygon","coordinates":[[[126.93691058,37.5102253],[126.93688951,37.51027681],[126.93689339,37.51027822],[126.93688594,37.51030327],[126.93695697,37.51032246],[126.93699256,37.51024477],[126.93691058,37.5102253]]]}},{"type":"Feature","id":"seoul-building-543560","properties":{"id":"seoul-building-543560","sourceId":"1996194385204454019300000000","pnu":"1159010100102500003","name":"서울특별시 동작구 노량진동","address":"서울특별시 동작구 노량진동","useName":"단독주택","floors":3.0,"height":9.4,"heightSource":"measured","heightRaw":9.4,"sourceDate":"2026-09-09"},"geometry":{"type":"Polygon","coordinates":[[[126.93739486,37.51078587],[126.93717766,37.51079393],[126.93718131,37.51086319],[126.93732411,37.51085537],[126.9373243,37.51084749],[126.93736018,37.51084667],[126.93736018,37.51083991],[126.93738687,37.51083908],[126.93738687,37.51083288],[126.93739818,37.5108312],[126.93739486,37.51078587]]]}},{"type":"Feature","id":"seoul-building-543576","properties":{"id":"seoul-building-543576","sourceId":"1993194467704456305800000000","pnu":"1159010100100400038","name":"서울특별시 동작구 노량진동","address":"서울특별시 동작구 노량진동","useName":"제2종근린생활시설","floors":4.0,"height":11.8,"heightSource":"measured","heightRaw":11.8,"sourceDate":"2026-09-09"},"geometry":{"type":"Polygon","coordinates":[[[126.93815982,37.51282451],[126.93815902,37.51293939],[126.93826719,37.51294255],[126.9382678,37.51282514],[126.93815982,37.51282451]]]}},{"type":"Feature","id":"seoul-building-543581","properties":{"id":"seoul-building-543581","sourceId":"1972194549944454455800000000","pnu":"1159010100102460075","name":"서울특별시 동작구 노량진동","address":"서울특별시 동작구 노량진동","useName":"단독주택","floors":2.0,"height":7.4,"heightSource":"estimated","heightRaw":0.0,"sourceDate":"2026-09-09"},"geometry":{"type":"Polygon","coordinates":[[[126.93910758,37.51115702],[126.93907235,37.511235],[126.93921229,37.51127702],[126.93919821,37.51120634],[126.93918496,37.5112007],[126.93919046,37.51118184],[126.93916077,37.51117394],[126.93916183,37.51117141],[126.93910758,37.51115702]]]}},{"type":"Feature","id":"seoul-building-543587","properties":{"id":"seoul-building-543587","sourceId":"1991194456374454474500000000","pnu":"1159010100102530004","name":"서울특별시 동작구 노량진동","address":"서울특별시 동작구 노량진동","useName":"단독주택","floors":2.0,"height":7.4,"heightSource":"estimated","heightRaw":0.0,"sourceDate":"2026-09-09"},"geometry":{"type":"Polygon","coordinates":[[[126.93813343,37.51118102],[126.93806539,37.51119422],[126.93806627,37.51119815],[126.93802013,37.5112063],[126.93802771,37.51123361],[126.93801958,37.51123642],[126.93803527,37.51128345],[126.93815953,37.51125762],[126.93813343,37.51118102]]]}},{"type":"Feature","id":"seoul-building-543632","properties":{"id":"seoul-building-543632","sourceId":"0000194542704455450000000000","pnu":"1159010100100470002","name":"서울특별시 동작구 노량진동","address":"서울특별시 동작구 노량진동","useName":"","floors":0.0,"height":0,"heightSource":"unknown","heightRaw":0.0,"sourceDate":"2026-09-09"},"geometry":{"type":"Polygon","coordinates":[[[126.93906723,37.51209404],[126.93904405,37.51212359],[126.93905766,37.51213065],[126.93908119,37.51210081],[126.93906723,37.51209404]]]}},{"type":"Feature","id":"seoul-building-543636","properties":{"id":"seoul-building-543636","sourceId":"1981194065584454803700000000","pnu":"1159010800100440000","name":"서울특별시 동작구 대방동","address":"서울특별시 동작구 대방동","useName":"단독주택","floors":2.0,"height":7.4,"heightSource":"estimated","heightRaw":0.0,"sourceDate":"2026-09-09"},"geometry":{"type":"Polygon","coordinates":[[[126.93368404,37.51145594],[126.93366583,37.51147001],[126.9336577,37.5114638],[126.93358342,37.51152233],[126.93368622,37.51160207],[126.93372353,37.5115745],[126.93371594,37.5115683],[126.9337315,37.51155029],[126.93369247,37.5115176],[126.93372713,37.51148862],[126.93368404,37.51145594]]]}},{"type":"Feature","id":"seoul-building-543708","properties":{"id":"seoul-building-543708","sourceId":"1990194332854455182500000000","pnu":"1159010100102560029","name":"서울특별시 동작구 노량진동","address":"서울특별시 동작구 노량진동","useName":"단독주택","floors":2.0,"height":7.4,"heightSource":"estimated","heightRaw":0.0,"sourceDate":"2026-09-09"},"geometry":{"type":"Polygon","coordinates":[[[126.9366839,37.51181883],[126.93665647,37.51185401],[126.93664834,37.5118526],[126.93663968,37.51186639],[126.93663419,37.51186385],[126.93661579,37.5118889],[126.93670165,37.51192499],[126.93673279,37.51188277],[126.93672909,37.51187967],[126.93675422,37.51183829],[126.93671482,37.51181913],[126.93670651,37.51182926],[126.9366839,37.51181883]]]}},{"type":"Feature","id":"seoul-building-543745","properties":{"id":"seoul-building-543745","sourceId":"1971193969134454540300000000","pnu":"1159010800100320060","name":"서울특별시 동작구 대방동","address":"서울특별시 동작구 대방동","useName":"단독주택","floors":1.0,"height":4.2,"heightSource":"estimated","heightRaw":0.0,"sourceDate":"2026-09-09"},"geometry":{"type":"Polygon","coordinates":[[[126.93261273,37.51123543],[126.93253124,37.51124608],[126.93255024,37.51135056],[126.93259796,37.51134637],[126.93259532,37.51132355],[126.93260629,37.51132215],[126.93260435,37.51131116],[126.93261549,37.51130976],[126.93261216,37.51128104],[126.93261958,37.5112802],[126.93261273,37.51123543]]]}},{"type":"Feature","id":"seoul-building-543774","properties":{"id":"seoul-building-543774","sourceId":"1979194486184457714600000000","pnu":"1159010100100130008","name":"서울특별시 동작구 노량진동","address":"서울특별시 동작구 노량진동","useName":"","floors":0.0,"height":0,"heightSource":"unknown","heightRaw":0.0,"sourceDate":"2026-09-09"},"geometry":{"type":"Polygon","coordinates":[[[126.93842682,37.51418292],[126.93844171,37.51412605],[126.93841645,37.51412238],[126.93840138,37.51417756],[126.93842682,37.51418292]]]}},{"type":"Feature","id":"seoul-building-543789","properties":{"id":"seoul-building-543789","sourceId":"1991193942604454449800000000","pnu":"1159010800100230127","name":"서울특별시 동작구 대방동","address":"서울특별시 동작구 대방동","useName":"단독주택","floors":2.0,"height":7.4,"heightSource":"estimated","heightRaw":0.0,"sourceDate":"2026-09-09"},"geometry":{"type":"Polygon","coordinates":[[[126.93223725,37.51115582],[126.93223345,37.51125689],[126.93231368,37.5112606],[126.93231855,37.51115643],[126.93223725,37.51115582]]]}},{"type":"Feature","id":"seoul-building-543790","properties":{"id":"seoul-building-543790","sourceId":"1990194452214454088700000000","pnu":"1159010100102490087","name":"서울특별시 동작구 노량진동","address":"서울특별시 동작구 노량진동","useName":"단독주택","floors":2.0,"height":7.4,"heightSource":"estimated","heightRaw":0.0,"sourceDate":"2026-09-09"},"geometry":{"type":"Polygon","coordinates":[[[126.9380715,37.51084085],[126.93800771,37.51084251],[126.93800765,37.51092838],[126.93807338,37.51092814],[126.9380715,37.51084085]]]}},{"type":"Feature","id":"seoul-building-543814","properties":{"id":"seoul-building-543814","sourceId":"0000193847234457530000000000","pnu":"1159010800100700005","name":"서울특별시 동작구 대방동","address":"서울특별시 동작구 대방동","useName":"","floors":0.0,"height":0,"heightSource":"unknown","heightRaw":0.0,"sourceDate":"2026-09-09"},"geometry":{"type":"Polygon","coordinates":[[[126.93116589,37.51389706],[126.93115442,37.51406487],[126.93122263,37.51406801],[126.93123499,37.51389851],[126.93116589,37.51389706]]]}},{"type":"Feature","id":"seoul-building-543823","properties":{"id":"seoul-building-543823","sourceId":"1990194314094454860900000000","pnu":"1159010100102790007","name":"서울특별시 동작구 노량진동","address":"서울특별시 동작구 노량진동","useName":"단독주택","floors":2.0,"height":7.4,"heightSource":"estimated","heightRaw":0.0,"sourceDate":"2026-09-09"},"geometry":{"type":"Polygon","coordinates":[[[126.93649735,37.51152084],[126.93640842,37.5115695],[126.93646755,37.51164442],[126.93650752,37.5116253],[126.93649868,37.51161235],[126.93652486,37.51159715],[126.9365162,37.51158392],[126.9365415,37.51156845],[126.93652014,37.51153775],[126.93651271,37.51153999],[126.93649735,37.51152084]]]}},{"type":"Feature","id":"seoul-building-543824","properties":{"id":"seoul-building-543824","sourceId":"1985194277374456071900000000","pnu":"1159010100102630006","name":"서울특별시 동작구 노량진동","address":"서울특별시 동작구 노량진동","useName":"제1종근린생활시설","floors":2.0,"height":7.5,"heightSource":"measured","heightRaw":7.5,"sourceDate":"2026-09-09"},"geometry":{"type":"Polygon","coordinates":[[[126.93612654,37.51258607],[126.93595563,37.51259978],[126.935975,37.51268989],[126.93611276,37.51278175],[126.93616208,37.51276067],[126.93612962,37.51270011],[126.93610982,37.51270235],[126.93610879,37.51267898],[126.93612046,37.5126728],[126.9361323,37.51267139],[126.93612654,37.51258607]]]}},{"type":"Feature","id":"seoul-building-543825","properties":{"id":"seoul-building-543825","sourceId":"0000194365124457953900000000","pnu":"1159010100100130006","name":"서울특별시 동작구 노량진동","address":"서울특별시 동작구 노량진동","useName":"","floors":0.0,"height":0,"heightSource":"unknown","heightRaw":0.0,"sourceDate":"2026-09-09"},"geometry":{"type":"Polygon","coordinates":[[[126.93710811,37.51428358],[126.93703936,37.5142737],[126.93699627,37.51445246],[126.93706501,37.51445954],[126.93710811,37.51428358]]]}},{"type":"Feature","id":"seoul-building-543835","properties":{"id":"seoul-building-543835","sourceId":"0000194586534455972200000000","pnu":"1159010100100470002","name":"서울특별시 동작구 노량진동","address":"서울특별시 동작구 노량진동","useName":"","floors":0.0,"height":0,"heightSource":"unknown","heightRaw":0.0,"sourceDate":"2026-09-09"},"geometry":{"type":"Polygon","coordinates":[[[126.93957761,37.51257776],[126.93953731,37.51257802],[126.93953801,37.51258816],[126.93957848,37.51258818],[126.93957761,37.51257776]]]}},{"type":"Feature","id":"seoul-building-543855","properties":{"id":"seoul-building-543855","sourceId":"1967194299964453161100000000","pnu":"1159010100102880010","name":"서울특별시 동작구 노량진동","address":"서울특별시 동작구 노량진동","useName":"단독주택","floors":1.0,"height":4.2,"heightSource":"estimated","heightRaw":0.0,"sourceDate":"2026-09-09"},"geometry":{"type":"Polygon","coordinates":[[[126.93626448,37.50999154],[126.93626041,37.50999998],[126.93623227,37.51005712],[126.93636918,37.51010591],[126.93640723,37.51003948],[126.93628992,37.51],[126.93626448,37.50999154]]]}},{"type":"Feature","id":"seoul-building-543862","properties":{"id":"seoul-building-543862","sourceId":"0000194033784453229100000000","pnu":"1159010800100440197","name":"서울특별시 동작구 대방동","address":"서울특별시 동작구 대방동","useName":"","floors":0.0,"height":0,"heightSource":"unknown","heightRaw":0.0,"sourceDate":"2026-09-09"},"geometry":{"type":"Polygon","coordinates":[[[126.93332172,37.51009465],[126.93328532,37.51009661],[126.93328441,37.51011434],[126.93329766,37.51012195],[126.93333071,37.51011944],[126.93333197,37.51010226],[126.93332172,37.51009465]]]}},{"type":"Feature","id":"seoul-building-543867","properties":{"id":"seoul-building-543867","sourceId":"0000194442504457104500000000","pnu":"1159010100100400006","name":"서울특별시 동작구 노량진동","address":"서울특별시 동작구 노량진동","useName":"","floors":0.0,"height":0,"heightSource":"unknown","heightRaw":0.0,"sourceDate":"2026-09-09"},"geometry":{"type":"Polygon","coordinates":[[[126.93796722,37.5136356],[126.93797187,37.51357309],[126.93788827,37.51356882],[126.93788451,37.51363133],[126.93792004,37.5136336],[126.93796722,37.51363644],[126.93796722,37.5136356]]]}},{"type":"Feature","id":"seoul-building-543872","properties":{"id":"seoul-building-543872","sourceId":"1991194434634454030400000000","pnu":"1159010100102490026","name":"서울특별시 동작구 노량진동","address":"서울특별시 동작구 노량진동","useName":"단독주택","floors":2.0,"height":7.4,"heightSource":"estimated","heightRaw":0.0,"sourceDate":"2026-09-09"},"geometry":{"type":"Polygon","coordinates":[[[126.93777694,37.51078354],[126.93777529,37.51086604],[126.93779367,37.51086746],[126.93779384,37.51087365],[126.93788767,37.5108768],[126.93788786,37.51087257],[126.9379149,37.51087315],[126.93791529,37.51082895],[126.93790221,37.51082895],[126.93790366,37.51079683],[126.93784586,37.51079569],[126.93784658,37.51078498],[126.93777694,37.51078354]]]}},{"type":"Feature","id":"seoul-building-543884","properties":{"id":"seoul-building-543884","sourceId":"1987194444284456316800000000","pnu":"1159010100100400045","name":"서울특별시 동작구 노량진동","address":"서울특별시 동작구 노량진동","useName":"단독주택","floors":2.0,"height":7.4,"heightSource":"estimated","heightRaw":0.0,"sourceDate":"2026-09-09"},"geometry":{"type":"Polygon","coordinates":[[[126.93789313,37.51283029],[126.93788137,37.51294402],[126.93792008,37.51294631],[126.93801091,37.51295227],[126.9380152,37.51289341],[126.93800796,37.51289285],[126.93801135,37.51284133],[126.93795498,37.5128382],[126.93795517,37.51283145],[126.93791999,37.51283086],[126.93789313,37.51283029]]]}},{"type":"Feature","id":"seoul-building-543894","properties":{"id":"seoul-building-543894","sourceId":"0000194611764458009800000000","pnu":"1159010100100150006","name":"서울특별시 동작구 노량진동","address":"서울특별시 동작구 노량진동","useName":"","floors":0.0,"height":0,"heightSource":"unknown","heightRaw":0.0,"sourceDate":"2026-09-09"},"geometry":{"type":"Polygon","coordinates":[[[126.93982444,37.5144058],[126.93982088,37.5144269],[126.93986012,37.51443171],[126.93986296,37.51441201],[126.93982444,37.5144058]]]}},{"type":"Feature","id":"seoul-building-543903","properties":{"id":"seoul-building-543903","sourceId":"1988194081244454870900000000","pnu":"1159010800100450002","name":"서울특별시 동작구 대방동","address":"서울특별시 동작구 대방동","useName":"단독주택","floors":2.0,"height":7.4,"heightSource":"estimated","heightRaw":0.0,"sourceDate":"2026-09-09"},"geometry":{"type":"Polygon","coordinates":[[[126.9339153,37.51155152],[126.9337907,37.51155342],[126.93379034,37.51156553],[126.93376737,37.51156636],[126.93377174,37.51162352],[126.93391507,37.51161937],[126.9339153,37.51155152]]]}},{"type":"Feature","id":"seoul-building-543908","properties":{"id":"seoul-building-543908","sourceId":"1985194231374456280300000000","pnu":"1159010100102650003","name":"서울특별시 동작구 노량진동","address":"서울특별시 동작구 노량진동","useName":"제2종근린생활시설","floors":3.0,"height":10.6,"heightSource":"estimated","heightRaw":0.0,"sourceDate":"2026-09-09"},"geometry":{"type":"Polygon","coordinates":[[[126.93563982,37.51280121],[126.93559457,37.51280935],[126.93541091,37.51284191],[126.93542924,37.51289513],[126.93545664,37.51288811],[126.93546616,37.5129174],[126.93566414,37.51287443],[126.93564246,37.51280938],[126.93563982,37.51280121]]]}},{"type":"Feature","id":"seoul-building-543973","properties":{"id":"seoul-building-543973","sourceId":"1993194231474454877600000000","pnu":"1159010100102730007","name":"서울특별시 동작구 노량진동","address":"서울특별시 동작구 노량진동","useName":"종교시설","floors":1.0,"height":4.2,"heightSource":"estimated","heightRaw":0.0,"sourceDate":"2026-09-09"},"geometry":{"type":"Polygon","coordinates":[[[126.93553291,37.51155692],[126.93548553,37.51156393],[126.93548163,37.51157013],[126.93549466,37.5116363],[126.93559895,37.51162172],[126.9355956,37.5116037],[126.9356085,37.51160257],[126.93560992,37.51159525],[126.93560359,37.51156681],[126.93558732,37.51156876],[126.93558362,37.51155891],[126.93553678,37.51156481],[126.93553291,37.51155692]]]}},{"type":"Feature","id":"seoul-building-544023","properties":{"id":"seoul-building-544023","sourceId":"1992194399644454435000000000","pnu":"1159010100102520006","name":"서울특별시 동작구 노량진동","address":"서울특별시 동작구 노량진동","useName":"단독주택","floors":2.0,"height":7.4,"heightSource":"estimated","heightRaw":0.0,"sourceDate":"2026-09-09"},"geometry":{"type":"Polygon","coordinates":[[[126.93743876,37.51112348],[126.9373574,37.51120679],[126.93740227,37.51123582],[126.93740457,37.51123329],[126.93746074,37.5112671],[126.93753096,37.51119533],[126.93748327,37.51116405],[126.93749035,37.51115617],[126.93743876,37.51112348]]]}},{"type":"Feature","id":"seoul-building-544028","properties":{"id":"seoul-building-544028","sourceId":"1991194514624453906700000000","pnu":"1159010100102480028","name":"서울특별시 동작구 노량진동","address":"서울특별시 동작구 노량진동","useName":"단독주택","floors":2.0,"height":7.4,"heightSource":"estimated","heightRaw":0.0,"sourceDate":"2026-09-09"},"geometry":{"type":"Polygon","coordinates":[[[126.93873279,37.5106655],[126.93871421,37.51070068],[126.93870184,37.5106973],[126.93867335,37.51074656],[126.93876946,37.51077645],[126.93881477,37.51069285],[126.93873279,37.5106655]]]}},{"type":"Feature","id":"seoul-building-544037","properties":{"id":"seoul-building-544037","sourceId":"1997194020364455545800000000","pnu":"1159010800100410000","name":"신한토탈아파트","address":"서울특별시 동작구 대방동","useName":"공동주택","floors":2.0,"height":6.9,"heightSource":"estimated","heightRaw":0.0,"sourceDate":"2026-09-09"},"geometry":{"type":"Polygon","coordinates":[[[126.93326904,37.51209682],[126.93312688,37.51217192],[126.9331154,37.51216066],[126.93306253,37.51219132],[126.93303393,37.51215639],[126.93299362,37.51217945],[126.93299325,37.51218959],[126.93307782,37.51229691],[126.93332412,37.51216189],[126.93326904,37.51209682]]]}},{"type":"Feature","id":"seoul-building-544039","properties":{"id":"seoul-building-544039","sourceId":"1993194356944456123200000000","pnu":"1159010100100310013","name":"서울특별시 동작구 노량진동","address":"서울특별시 동작구 노량진동","useName":"단독주택","floors":3.0,"height":8.5,"heightSource":"measured","heightRaw":8.5,"sourceDate":"2026-09-09"},"geometry":{"type":"Polygon","coordinates":[[[126.93700007,37.51266369],[126.93690851,37.51268223],[126.93691657,37.51276473],[126.9370189,37.51275803],[126.93701802,37.5127448],[126.93701007,37.51274507],[126.93700007,37.51266369]]]}},{"type":"Feature","id":"seoul-building-544052","properties":{"id":"seoul-building-544052","sourceId":"1988194381794454959700000000","pnu":"1159010100102560034","name":"서울특별시 동작구 노량진동","address":"서울특별시 동작구 노량진동","useName":"단독주택","floors":3.0,"height":10.6,"heightSource":"estimated","heightRaw":0.0,"sourceDate":"2026-09-09"},"geometry":{"type":"Polygon","coordinates":[[[126.93725843,37.51162401],[126.93725648,37.51163077],[126.93721284,37.51162455],[126.9372116,37.51163046],[126.93718332,37.51162678],[126.93716629,37.51170083],[126.93729635,37.51172032],[126.93731604,37.51163249],[126.93725843,37.51162401]]]}},{"type":"Feature","id":"seoul-building-544059","properties":{"id":"seoul-building-544059","sourceId":"1993193748084454287900000000","pnu":"1159010800105030000","name":"서울특별시 동작구 대방동","address":"서울특별시 동작구 대방동","useName":"","floors":0.0,"height":0,"heightSource":"unknown","heightRaw":0.0,"sourceDate":"2026-09-09"},"geometry":{"type":"Polygon","coordinates":[[[126.93006024,37.51103375],[126.93004327,37.51104783],[126.93009148,37.51108643],[126.93010846,37.51107236],[126.93006024,37.51103375]]]}},{"type":"Feature","id":"seoul-building-544088","properties":{"id":"seoul-building-544088","sourceId":"1982194294824455604900000000","pnu":"1159010100102770002","name":"서울특별시 동작구 노량진동","address":"서울특별시 동작구 노량진동","useName":"제2종근린생활시설","floors":2.0,"height":7.4,"heightSource":"estimated","heightRaw":0.0,"sourceDate":"2026-09-09"},"geometry":{"type":"Polygon","coordinates":[[[126.936208,37.512197],[126.93617843,37.5122654],[126.93627649,37.51229108],[126.93627896,37.51228545],[126.93632067,37.51229645],[126.93634422,37.51224184],[126.93625605,37.51221898],[126.93625872,37.51221026],[126.936208,37.512197]]]}},{"type":"Feature","id":"seoul-building-544091","properties":{"id":"seoul-building-544091","sourceId":"1994193880674456214200000000","pnu":"1159010800105020000","name":"대방동현대아파트","address":"서울특별시 동작구 대방동","useName":"공동주택","floors":23.0,"height":62.4,"heightSource":"measured","heightRaw":62.4,"sourceDate":"2026-09-09"},"geometry":{"type":"Polygon","coordinates":[[[126.93160788,37.51255848],[126.93146826,37.51256065],[126.9314675,37.51280927],[126.93146728,37.51285856],[126.93150669,37.512858],[126.93150989,37.5130309],[126.93161911,37.51303011],[126.9317041,37.51286178],[126.93171351,37.51280942],[126.93172647,37.51273847],[126.9316109,37.51273728],[126.93160788,37.51255848]]]}},{"type":"Feature","id":"seoul-building-544124","properties":{"id":"seoul-building-544124","sourceId":"0000194484504455934100000000","pnu":"1159010100100390007","name":"서울특별시 동작구 노량진동","address":"서울특별시 동작구 노량진동","useName":"","floors":0.0,"height":0,"heightSource":"unknown","heightRaw":0.0,"sourceDate":"2026-09-09"},"geometry":{"type":"Polygon","coordinates":[[[126.93836826,37.51254362],[126.93837513,37.51256587],[126.93844,37.51255239],[126.93843277,37.51253042],[126.93836826,37.51254362]]]}},{"type":"Feature","id":"seoul-building-544142","properties":{"id":"seoul-building-544142","sourceId":"1992194340654453641500000000","pnu":"1159010100102890085","name":"서울특별시 동작구 노량진동","address":"서울특별시 동작구 노량진동","useName":"단독주택","floors":2.0,"height":7.4,"heightSource":"estimated","heightRaw":0.0,"sourceDate":"2026-09-09"},"geometry":{"type":"Polygon","coordinates":[[[126.93673509,37.51042737],[126.93671964,37.51051831],[126.93682831,37.51053188],[126.93683704,37.51045052],[126.93679604,37.51044401],[126.93679694,37.51043613],[126.93673509,37.51042737]]]}},{"type":"Feature","id":"seoul-building-544156","properties":{"id":"seoul-building-544156","sourceId":"1989194474374456120400000000","pnu":"1159010100100390001","name":"서울특별시 동작구 노량진동","address":"서울특별시 동작구 노량진동","useName":"제1종근린생활시설","floors":4.0,"height":13.8,"heightSource":"estimated","heightRaw":0.0,"sourceDate":"2026-09-09"},"geometry":{"type":"Polygon","coordinates":[[[126.9383328,37.512672],[126.93823153,37.51267476],[126.9382322,37.51271221],[126.93824952,37.51271221],[126.9382488,37.51273643],[126.93826081,37.51273701],[126.93826062,37.51276572],[126.9383359,37.51276379],[126.9383328,37.512672]]]}},{"type":"Feature","id":"seoul-building-544178","properties":{"id":"seoul-building-544178","sourceId":"2001194353564454013400000000","pnu":"1159010100102820015","name":"서울특별시 동작구 노량진동","address":"서울특별시 동작구 노량진동","useName":"단독주택","floors":2.0,"height":7.7,"heightSource":"measured","heightRaw":7.7,"sourceDate":"2026-09-09"},"geometry":{"type":"Polygon","coordinates":[[[126.93697886,37.51077129],[126.93688412,37.51077434],[126.93688481,37.51080221],[126.93686572,37.51080277],[126.93686939,37.51086246],[126.93693584,37.51086137],[126.9369355,37.51085236],[126.93697667,37.51085154],[126.93697634,37.51082057],[126.93698218,37.51082028],[126.93697886,37.51077129]]]}},{"type":"Feature","id":"seoul-building-544212","properties":{"id":"seoul-building-544212","sourceId":"1992194470884453294100000000","pnu":"1159010100102490095","name":"서울특별시 동작구 노량진동","address":"서울특별시 동작구 노량진동","useName":"단독주택","floors":2.0,"height":7.4,"heightSource":"estimated","heightRaw":0.0,"sourceDate":"2026-09-09"},"geometry":{"type":"Polygon","coordinates":[[[126.93820483,37.5101097],[126.93820465,37.51011448],[126.93819846,37.51011448],[126.93819271,37.51023049],[126.93825616,37.51023192],[126.9382574,37.51022122],[126.93830708,37.51022181],[126.93831493,37.51011398],[126.93820483,37.5101097]]]}},{"type":"Feature","id":"seoul-building-544225","properties":{"id":"seoul-building-544225","sourceId":"1987194613884454906100000000","pnu":"1159010100102400007","name":"서울특별시 동작구 노량진동","address":"서울특별시 동작구 노량진동","useName":"단독주택","floors":2.0,"height":7.4,"heightSource":"estimated","heightRaw":0.0,"sourceDate":"2026-09-09"},"geometry":{"type":"Polygon","coordinates":[[[126.93991562,37.51156148],[126.93986435,37.51157807],[126.93986718,37.51158454],[126.93981061,37.51160592],[126.93982348,37.51163437],[126.93977858,37.51165208],[126.93979835,37.51168475],[126.93994578,37.51162851],[126.93993625,37.51161048],[126.93994598,37.51160682],[126.93991562,37.51156148]]]}},{"type":"Feature","id":"seoul-building-544235","properties":{"id":"seoul-building-544235","sourceId":"1995194375844454165100000000","pnu":"1159010100102500001","name":"서울특별시 동작구 노량진동","address":"서울특별시 동작구 노량진동","useName":"단독주택","floors":2.0,"height":7.6,"heightSource":"measured","heightRaw":7.6,"sourceDate":"2026-09-09"},"geometry":{"type":"Polygon","coordinates":[[[126.93713055,37.51090878],[126.93713297,37.51098086],[126.93713562,37.51098114],[126.93713505,37.51101661],[126.93716934,37.51101692],[126.937169,37.51100368],[126.93719391,37.51100398],[126.93719324,37.51097301],[126.93720402,37.51097274],[126.93720455,37.51096851],[126.93721498,37.51096795],[126.93723567,37.5109491],[126.93723747,37.51090996],[126.93713055,37.51090878]]]}},{"type":"Feature","id":"seoul-building-544269","properties":{"id":"seoul-building-544269","sourceId":"1987194207294453201700000000","pnu":"1159010100102940181","name":"서울특별시 동작구 노량진동","address":"서울특별시 동작구 노량진동","useName":"단독주택","floors":2.0,"height":7.4,"heightSource":"estimated","heightRaw":0.0,"sourceDate":"2026-09-09"},"geometry":{"type":"Polygon","coordinates":[[[126.93525553,37.51002],[126.93519327,37.51006923],[126.93528917,37.51015037],[126.93532311,37.51012562],[126.93532047,37.51012168],[126.93534346,37.51010423],[126.93532439,37.51008677],[126.93532757,37.51008226],[126.93530374,37.51005944],[126.93530462,37.51005775],[126.93525553,37.51002]]]}},{"type":"Feature","id":"seoul-building-544295","properties":{"id":"seoul-building-544295","sourceId":"1990194428864455106700000000","pnu":"1159010100102550009","name":"서울특별시 동작구 노량진동","address":"서울특별시 동작구 노량진동","useName":"단독주택","floors":2.0,"height":7.4,"heightSource":"estimated","heightRaw":0.0,"sourceDate":"2026-09-09"},"geometry":{"type":"Polygon","coordinates":[[[126.93779772,37.51174678],[126.93775246,37.51176704],[126.93774998,37.51176394],[126.93770048,37.51178389],[126.9377515,37.5118591],[126.93785032,37.51181663],[126.93782667,37.51177862],[126.93782172,37.5117803],[126.93779772,37.51174678]]]}},{"type":"Feature","id":"seoul-building-544307","properties":{"id":"seoul-building-544307","sourceId":"1969194348314458509300000000","pnu":"1159010100100130006","name":"서울특별시 동작구 노량진동","address":"서울특별시 동작구 노량진동","useName":"","floors":0.0,"height":0,"heightSource":"unknown","heightRaw":0.0,"sourceDate":"2026-09-09"},"geometry":{"type":"Polygon","coordinates":[[[126.93693472,37.5147261],[126.93686277,37.51471594],[126.93679185,37.515],[126.93678936,37.51501042],[126.93685828,37.51502115],[126.93686379,37.51500004],[126.93693472,37.5147261]]]}},{"type":"Feature","id":"seoul-building-544311","properties":{"id":"seoul-building-544311","sourceId":"1988194572534453898900000000","pnu":"1159010100102410002","name":"서울특별시 동작구 노량진동","address":"서울특별시 동작구 노량진동","useName":"단독주택","floors":2.0,"height":7.4,"heightSource":"estimated","heightRaw":0.0,"sourceDate":"2026-09-09"},"geometry":{"type":"Polygon","coordinates":[[[126.93936071,37.51065203],[126.93932692,37.51070016],[126.93933593,37.51070579],[126.93931947,37.51073253],[126.9394306,37.51077623],[126.93944741,37.51075287],[126.93945642,37.51075484],[126.9394918,37.51070475],[126.93936071,37.51065203]]]}},{"type":"Feature","id":"seoul-building-544388","properties":{"id":"seoul-building-544388","sourceId":"1991194372374454416600000000","pnu":"1159010100102810008","name":"서울특별시 동작구 노량진동","address":"서울특별시 동작구 노량진동","useName":"단독주택","floors":2.0,"height":7.4,"heightSource":"estimated","heightRaw":0.0,"sourceDate":"2026-09-09"},"geometry":{"type":"Polygon","coordinates":[[[126.93706389,37.51115849],[126.9370637,37.51116693],[126.93708138,37.51116751],[126.93708169,37.51121988],[126.93721724,37.51122248],[126.93721639,37.51117152],[126.9371814,37.51117178],[126.93718141,37.51114982],[126.93712769,37.51114725],[126.93712719,37.51112642],[126.93707859,37.51112752],[126.9370648,37.51113258],[126.93706389,37.51115849]]]}},{"type":"Feature","id":"seoul-building-544402","properties":{"id":"seoul-building-544402","sourceId":"0000194574074457255900000000","pnu":"1159010100100400005","name":"서울특별시 동작구 노량진동","address":"서울특별시 동작구 노량진동","useName":"","floors":0.0,"height":0,"heightSource":"unknown","heightRaw":0.0,"sourceDate":"2026-09-09"},"geometry":{"type":"Polygon","coordinates":[[[126.93964715,37.51378092],[126.93965212,37.51374178],[126.93963905,37.51374149],[126.93963923,37.51374515],[126.9396394,37.51374656],[126.93928134,37.51372666],[126.93928134,37.51372554],[126.93928617,37.51365402],[126.93924058,37.51365034],[126.9392361,37.51371988],[126.93924989,37.51372186],[126.93925941,37.51375734],[126.93964715,37.51378092]]]}},{"type":"Feature","id":"seoul-building-544429","properties":{"id":"seoul-building-544429","sourceId":"1985194316114456015500000000","pnu":"1159010100102610004","name":"서울특별시 동작구 노량진동","address":"서울특별시 동작구 노량진동","useName":"제1종근린생활시설","floors":4.0,"height":13.8,"heightSource":"estimated","heightRaw":0.0,"sourceDate":"2026-09-09"},"geometry":{"type":"Polygon","coordinates":[[[126.93642008,37.51260003],[126.93641337,37.51260087],[126.93641425,37.51260396],[126.93641864,37.51261945],[126.93643649,37.51262425],[126.93645965,37.51261891],[126.93648875,37.51269776],[126.93660046,37.51267417],[126.93658971,37.51263926],[126.93654766,37.51263698],[126.93651274,37.51254179],[126.93641004,37.51256454],[126.93642008,37.51260003]]]}},{"type":"Feature","id":"seoul-building-544430","properties":{"id":"seoul-building-544430","sourceId":"0000194274594455072400000000","pnu":"1159010100102760009","name":"서울특별시 동작구 노량진동","address":"서울특별시 동작구 노량진동","useName":"","floors":0.0,"height":0,"heightSource":"unknown","heightRaw":0.0,"sourceDate":"2026-09-09"},"geometry":{"type":"Polygon","coordinates":[[[126.93605994,37.5117374],[126.93596924,37.51176889],[126.93598247,37.51179762],[126.93604275,37.51177907],[126.93604946,37.51179681],[126.93608659,37.51178388],[126.93605994,37.5117374]]]}},{"type":"Feature","id":"seoul-building-544433","properties":{"id":"seoul-building-544433","sourceId":"1992194437614453317800000000","pnu":"1159010100102490050","name":"서울특별시 동작구 노량진동","address":"서울특별시 동작구 노량진동","useName":"단독주택","floors":2.0,"height":7.4,"heightSource":"estimated","heightRaw":0.0,"sourceDate":"2026-09-09"},"geometry":{"type":"Polygon","coordinates":[[[126.93788829,37.51013375],[126.93782203,37.51013428],[126.93781946,37.51023704],[126.93785746,37.51023734],[126.93785728,37.51024072],[126.93792002,37.51024273],[126.9379338,37.51024331],[126.93793723,37.51016615],[126.93792008,37.51016587],[126.93791425,37.51016586],[126.93791515,37.51014249],[126.93788793,37.51014276],[126.93788829,37.51013375]]]}},{"type":"Feature","id":"seoul-building-544434","properties":{"id":"seoul-building-544434","sourceId":"0000194607994457277600000000","pnu":"1159010100100400011","name":"서울특별시 동작구 노량진동","address":"서울특별시 동작구 노량진동","useName":"","floors":0.0,"height":0,"heightSource":"unknown","heightRaw":0.0,"sourceDate":"2026-09-09"},"geometry":{"type":"Polygon","coordinates":[[[126.93964715,37.51378092],[126.94000007,37.51379404],[126.9400356,37.51379518],[126.9400395,37.5137676],[126.93999993,37.51376476],[126.93993347,37.51376022],[126.93993188,37.51377205],[126.93968606,37.51375616],[126.93968623,37.51375531],[126.93969407,37.51367788],[126.93969424,37.51367676],[126.93964865,37.51367533],[126.93964081,37.51374065],[126.93965212,37.51374178],[126.93964715,37.51378092]]]}},{"type":"Feature","id":"seoul-building-544448","properties":{"id":"seoul-building-544448","sourceId":"1992194378184453276800000000","pnu":"1159010100102910016","name":"서울특별시 동작구 노량진동","address":"서울특별시 동작구 노량진동","useName":"단독주택","floors":2.0,"height":7.4,"heightSource":"estimated","heightRaw":0.0,"sourceDate":"2026-09-09"},"geometry":{"type":"Polygon","coordinates":[[[126.93723867,37.5101168],[126.93715153,37.51012126],[126.9371612,37.51018855],[126.9372068,37.51018547],[126.9372068,37.51018689],[126.93721811,37.51018661],[126.93721935,37.51018717],[126.93725717,37.5101855],[126.9372452,37.51012412],[126.9372392,37.51012439],[126.93723867,37.5101168]]]}},{"type":"Feature","id":"seoul-building-544470","properties":{"id":"seoul-building-544470","sourceId":"1994193792684455930300000000","pnu":"1159010800105020000","name":"서울특별시 동작구 대방동","address":"서울특별시 동작구 대방동","useName":"","floors":0.0,"height":0,"heightSource":"unknown","heightRaw":0.0,"sourceDate":"2026-09-09"},"geometry":{"type":"Polygon","coordinates":[[[126.9306062,37.51252298],[126.93055159,37.51252296],[126.93055156,37.51255759],[126.93060652,37.51255734],[126.9306062,37.51252298]]]}},{"type":"Feature","id":"seoul-building-544497","properties":{"id":"seoul-building-544497","sourceId":"1991194072364454091700000000","pnu":"1159010800100440169","name":"서울특별시 동작구 대방동","address":"서울특별시 동작구 대방동","useName":"공동주택","floors":3.0,"height":9.85,"heightSource":"estimated","heightRaw":0.0,"sourceDate":"2026-09-09"},"geometry":{"type":"Polygon","coordinates":[[[126.93369944,37.51082721],[126.93365909,37.51089167],[126.93378878,37.51094383],[126.93382806,37.51087909],[126.93369944,37.51082721]]]}},{"type":"Feature","id":"seoul-building-544499","properties":{"id":"seoul-building-544499","sourceId":"1994194085494454306800000000","pnu":"1159010800100440198","name":"서울특별시 동작구 대방동","address":"서울특별시 동작구 대방동","useName":"단독주택","floors":2.0,"height":6.5,"heightSource":"measured","heightRaw":6.5,"sourceDate":"2026-09-09"},"geometry":{"type":"Polygon","coordinates":[[[126.93386081,37.51102214],[126.93381639,37.51108913],[126.93392962,37.51113678],[126.93395547,37.51109371],[126.93394805,37.51108977],[126.93395991,37.51106415],[126.93386081,37.51102214]]]}},{"type":"Feature","id":"seoul-building-544500","properties":{"id":"seoul-building-544500","sourceId":"1991194529614453597800000000","pnu":"1159010100102480037","name":"서울특별시 동작구 노량진동","address":"서울특별시 동작구 노량진동","useName":"단독주택","floors":2.0,"height":7.4,"heightSource":"estimated","heightRaw":0.0,"sourceDate":"2026-09-09"},"geometry":{"type":"Polygon","coordinates":[[[126.93887687,37.51039105],[126.93883936,37.51044819],[126.93895118,37.51049358],[126.93896747,37.51047021],[126.93897576,37.51047304],[126.93899505,37.51044264],[126.93887687,37.51039105]]]}},{"type":"Feature","id":"seoul-building-544508","properties":{"id":"seoul-building-544508","sourceId":"1996194361824454158300000000","pnu":"1159010100102820040","name":"서울특별시 동작구 노량진동","address":"서울특별시 동작구 노량진동","useName":"단독주택","floors":2.0,"height":6.5,"heightSource":"measured","heightRaw":6.5,"sourceDate":"2026-09-09"},"geometry":{"type":"Polygon","coordinates":[[[126.93700244,37.51089125],[126.93695684,37.51089404],[126.9369677,37.51100414],[126.93701507,37.51100191],[126.9370149,37.51099572],[126.93707198,37.51099405],[126.93707042,37.51095971],[126.93708509,37.51095944],[126.93708001,37.51090284],[126.93707329,37.51090312],[126.93706959,37.51090001],[126.9370657,37.51090001],[126.9370611,37.51090114],[126.93705792,37.5109017],[126.93705456,37.51090339],[126.93705103,37.51090479],[126.93700348,37.51090533],[126.93700244,37.51089125]]]}},{"type":"Feature","id":"seoul-building-544517","properties":{"id":"seoul-building-544517","sourceId":"1992194471194455183200000000","pnu":"1159010100102440058","name":"서울특별시 동작구 노량진동","address":"서울특별시 동작구 노량진동","useName":"단독주택","floors":2.0,"height":7.4,"heightSource":"estimated","heightRaw":0.0,"sourceDate":"2026-09-09"},"geometry":{"type":"Polygon","coordinates":[[[126.93820837,37.51181457],[126.93817597,37.51189564],[126.93830213,37.51192696],[126.93833135,37.51184871],[126.93820837,37.51181457]]]}},{"type":"Feature","id":"seoul-building-544532","properties":{"id":"seoul-building-544532","sourceId":"1967194436784454721000000000","pnu":"1159010100102530018","name":"서울특별시 동작구 노량진동","address":"서울특별시 동작구 노량진동","useName":"제1종근린생활시설","floors":2.0,"height":7.4,"heightSource":"estimated","heightRaw":0.0,"sourceDate":"2026-09-09"},"geometry":{"type":"Polygon","coordinates":[[[126.93790048,37.51141797],[126.93781105,37.51142834],[126.93782461,37.511481],[126.93787603,37.51149088],[126.93791581,37.51148386],[126.93790048,37.51141797]]]}},{"type":"Feature","id":"seoul-building-544540","properties":{"id":"seoul-building-544540","sourceId":"1979194128534453364000000000","pnu":"1159010800100440296","name":"서울특별시 동작구 대방동","address":"서울특별시 동작구 대방동","useName":"단독주택","floors":2.0,"height":7.4,"heightSource":"estimated","heightRaw":0.0,"sourceDate":"2026-09-09"},"geometry":{"type":"Polygon","coordinates":[[[126.93439281,37.51016029],[126.93430385,37.5102357],[126.93432611,37.51024867],[126.93430929,37.51026893],[126.934363,37.51030134],[126.93446487,37.51021074],[126.93439281,37.51016029]]]}},{"type":"Feature","id":"seoul-building-544576","properties":{"id":"seoul-building-544576","sourceId":"1991194465964453603300000000","pnu":"1159010100102490039","name":"서울특별시 동작구 노량진동","address":"서울특별시 동작구 노량진동","useName":"단독주택","floors":2.0,"height":7.4,"heightSource":"estimated","heightRaw":0.0,"sourceDate":"2026-09-09"},"geometry":{"type":"Polygon","coordinates":[[[126.93813408,37.51039967],[126.93813206,37.510494],[126.93825683,37.51049772],[126.93826009,37.51040059],[126.93813408,37.51039967]]]}},{"type":"Feature","id":"seoul-building-544598","properties":{"id":"seoul-building-544598","sourceId":"0000194226034456977900000000","pnu":"1159010100100250011","name":"서울특별시 동작구 노량진동","address":"서울특별시 동작구 노량진동","useName":"","floors":0.0,"height":0,"heightSource":"unknown","heightRaw":0.0,"sourceDate":"2026-09-09"},"geometry":{"type":"Polygon","coordinates":[[[126.93551886,37.51349069],[126.9355201,37.51349013],[126.93550821,37.5135546],[126.93540341,37.51354329],[126.93540358,37.51354187],[126.93541354,37.5134712],[126.93540471,37.51347148],[126.93539387,37.51353399],[126.93539509,37.51356045],[126.93552304,37.51356305],[126.93553282,37.51348985],[126.93553017,37.51348985],[126.93553447,37.51342707],[126.93544999,37.51342307],[126.93544978,37.5134715],[126.93545738,37.51347404],[126.9354572,37.51347516],[126.93545631,37.51348446],[126.93551886,37.51349069]]]}},{"type":"Feature","id":"seoul-building-544655","properties":{"id":"seoul-building-544655","sourceId":"1994193816774456267500000000","pnu":"1159010800105020000","name":"서울특별시 동작구 대방동","address":"서울특별시 동작구 대방동","useName":"","floors":0.0,"height":0,"heightSource":"unknown","heightRaw":0.0,"sourceDate":"2026-09-09"},"geometry":{"type":"Polygon","coordinates":[[[126.93087398,37.51286834],[126.93087296,37.51282301],[126.93082612,37.51282269],[126.93082609,37.51285761],[126.93084182,37.51285762],[126.93084217,37.5128686],[126.93087398,37.51286834]]]}},{"type":"Feature","id":"seoul-building-544663","properties":{"id":"seoul-building-544663","sourceId":"1995194621854453610100000000","pnu":"1159010100102350004","name":"서울특별시 동작구 노량진동","address":"서울특별시 동작구 노량진동","useName":"제1종근린생활시설","floors":3.0,"height":10.6,"heightSource":"estimated","heightRaw":0.0,"sourceDate":"2026-09-09"},"geometry":{"type":"Polygon","coordinates":[[[126.93989886,37.51042958],[126.93989882,37.51047773],[126.9399999,37.51047891],[126.94002111,37.5104792],[126.94001991,37.5104333],[126.93999994,37.51043273],[126.93989886,37.51042958]]]}},{"type":"Feature","id":"seoul-building-544703","properties":{"id":"seoul-building-544703","sourceId":"1990194533494454897300000000","pnu":"1159010100102460012","name":"서울특별시 동작구 노량진동","address":"서울특별시 동작구 노량진동","useName":"단독주택","floors":2.0,"height":7.4,"heightSource":"estimated","heightRaw":0.0,"sourceDate":"2026-09-09"},"geometry":{"type":"Polygon","coordinates":[[[126.93892009,37.51156013],[126.93888646,37.51163951],[126.9389992,37.51166744],[126.93903071,37.51159003],[126.93892009,37.51156013]]]}},{"type":"Feature","id":"seoul-building-544720","properties":{"id":"seoul-building-544720","sourceId":"1985194283524455934300000000","pnu":"1159010100102630011","name":"서울특별시 동작구 노량진동","address":"서울특별시 동작구 노량진동","useName":"단독주택","floors":3.0,"height":10.6,"heightSource":"estimated","heightRaw":0.0,"sourceDate":"2026-09-09"},"geometry":{"type":"Polygon","coordinates":[[[126.93605415,37.51250438],[126.93606628,37.51257703],[126.93620572,37.51257683],[126.93621284,37.51252023],[126.9361828,37.512516],[126.93617943,37.51253036],[126.93609938,37.51252693],[126.93610063,37.51250751],[126.93605415,37.51250438]]]}},{"type":"Feature","id":"seoul-building-544760","properties":{"id":"seoul-building-544760","sourceId":"1989194322184453774400000000","pnu":"1159010100102890084","name":"서울특별시 동작구 노량진동","address":"서울특별시 동작구 노량진동","useName":"단독주택","floors":2.0,"height":7.4,"heightSource":"estimated","heightRaw":0.0,"sourceDate":"2026-09-09"},"geometry":{"type":"Polygon","coordinates":[[[126.93659625,37.51054809],[126.93653105,37.51054946],[126.93653379,37.51065054],[126.93661172,37.51064917],[126.93661054,37.51058104],[126.93659747,37.5105816],[126.93659625,37.51054809]]]}},{"type":"Feature","id":"seoul-building-544767","properties":{"id":"seoul-building-544767","sourceId":"0000194193724456962900000000","pnu":"1159010100100250013","name":"서울특별시 동작구 노량진동","address":"서울특별시 동작구 노량진동","useName":"","floors":0.0,"height":0,"heightSource":"unknown","heightRaw":0.0,"sourceDate":"2026-09-09"},"geometry":{"type":"Polygon","coordinates":[[[126.93513759,37.51355496],[126.93514823,37.51351527],[126.93520188,37.51340718],[126.93506792,37.51339865],[126.93505029,37.51355266],[126.93513635,37.51355918],[126.93513759,37.51355496]]]}},{"type":"Feature","id":"seoul-building-544771","properties":{"id":"seoul-building-544771","sourceId":"0000194593204454996700000000","pnu":"1159010100102400025","name":"서울특별시 동작구 노량진동","address":"서울특별시 동작구 노량진동","useName":"","floors":0.0,"height":0,"heightSource":"unknown","heightRaw":0.0,"sourceDate":"2026-09-09"},"geometry":{"type":"Polygon","coordinates":[[[126.93966812,37.51166103],[126.93957354,37.51169618],[126.93960336,37.51174631],[126.93969176,37.51171454],[126.93966812,37.51166103]]]}},{"type":"Feature","id":"seoul-building-544786","properties":{"id":"seoul-building-544786","sourceId":"0000194079704454476900000000","pnu":"1159010800100440161","name":"서울특별시 동작구 대방동","address":"서울특별시 동작구 대방동","useName":"","floors":0.0,"height":0,"heightSource":"unknown","heightRaw":0.0,"sourceDate":"2026-09-09"},"geometry":{"type":"Polygon","coordinates":[[[126.93380868,37.51121021],[126.93380952,37.51125103],[126.93384063,37.51125415],[126.93384826,37.51121839],[126.93380868,37.51121021]]]}},{"type":"Feature","id":"seoul-building-544821","properties":{"id":"seoul-building-544821","sourceId":"1968194276814454795900000000","pnu":"1159010100102840001","name":"서울특별시 동작구 노량진동","address":"서울특별시 동작구 노량진동","useName":"공동주택","floors":3.0,"height":9.85,"heightSource":"estimated","heightRaw":0.0,"sourceDate":"2026-09-09"},"geometry":{"type":"Polygon","coordinates":[[[126.93611505,37.51135395],[126.93600495,37.51135586],[126.93600579,37.5113995],[126.9359867,37.51140006],[126.93598667,37.51143159],[126.93600523,37.51143131],[126.93600888,37.5115065],[126.93598767,37.51150705],[126.93598729,37.51153859],[126.93600549,37.51153831],[126.93600472,37.51161687],[126.93598686,37.51161742],[126.9359872,37.51164782],[126.93599515,37.5116484],[126.93599546,37.51169514],[126.93611283,37.51167549],[126.93611505,37.51135395]]]}},{"type":"Feature","id":"seoul-building-544895","properties":{"id":"seoul-building-544895","sourceId":"1990194434144455199100000000","pnu":"1159010100102550008","name":"서울특별시 동작구 노량진동","address":"서울특별시 동작구 노량진동","useName":"단독주택","floors":2.0,"height":7.4,"heightSource":"estimated","heightRaw":0.0,"sourceDate":"2026-09-09"},"geometry":{"type":"Polygon","coordinates":[[[126.93786021,37.51182508],[126.93775696,37.51187206],[126.93778821,37.51191796],[126.9377935,37.51191656],[126.93781415,37.51194445],[126.93791122,37.51190226],[126.93786021,37.51182508]]]}},{"type":"Feature","id":"seoul-building-544908","properties":{"id":"seoul-building-544908","sourceId":"1984194458614455166000000000","pnu":"1159010100102540001","name":"서울특별시 동작구 노량진동","address":"서울특별시 동작구 노량진동","useName":"단독주택","floors":2.0,"height":7.4,"heightSource":"estimated","heightRaw":0.0,"sourceDate":"2026-09-09"},"geometry":{"type":"Polygon","coordinates":[[[126.938178,37.51179512],[126.93816067,37.51179821],[126.93816084,37.51180047],[126.93806629,37.51181703],[126.93806557,37.51181478],[126.93805426,37.51181618],[126.93801448,37.51184121],[126.93809112,37.51191841],[126.93809748,37.51191334],[126.93811496,37.51192911],[126.93814786,37.51190886],[126.93814503,37.51190633],[126.93815882,37.5118976],[126.93819016,37.51183202],[126.938178,37.51179512]]]}},{"type":"Feature","id":"seoul-building-544942","properties":{"id":"seoul-building-544942","sourceId":"1991194041684454084500000000","pnu":"1159010800100440203","name":"서울특별시 동작구 대방동","address":"서울특별시 동작구 대방동","useName":"단독주택","floors":2.0,"height":7.4,"heightSource":"estimated","heightRaw":0.0,"sourceDate":"2026-09-09"},"geometry":{"type":"Polygon","coordinates":[[[126.93335499,37.51083828],[126.93335393,37.51084645],[126.93332424,37.51084502],[126.93331693,37.51090668],[126.93340317,37.51091208],[126.93340245,37.51092221],[126.93346184,37.51092591],[126.93346632,37.51084285],[126.93341031,37.5108386],[126.93340996,37.51084057],[126.93335499,37.51083828]]]}},{"type":"Feature","id":"seoul-building-544954","properties":{"id":"seoul-building-544954","sourceId":"1990194442504455079200000000","pnu":"1159010100102550014","name":"서울특별시 동작구 노량진동","address":"서울특별시 동작구 노량진동","useName":"단독주택","floors":2.0,"height":7.4,"heightSource":"estimated","heightRaw":0.0,"sourceDate":"2026-09-09"},"geometry":{"type":"Polygon","coordinates":[[[126.9379529,37.5117356],[126.93792001,37.51174881],[126.93787316,37.51176765],[126.93789893,37.51180765],[126.93790282,37.51180568],[126.93791324,37.5118192],[126.93791995,37.5118161],[126.93798431,37.5117877],[126.9379529,37.5117356]]]}},{"type":"Feature","id":"seoul-building-545007","properties":{"id":"seoul-building-545007","sourceId":"1994194167174454364400000000","pnu":"1159010100102730038","name":"서울특별시 동작구 노량진동","address":"서울특별시 동작구 노량진동","useName":"공동주택","floors":3.0,"height":9.4,"heightSource":"measured","heightRaw":9.4,"sourceDate":"2026-09-09"},"geometry":{"type":"Polygon","coordinates":[[[126.93474969,37.51108458],[126.93474025,37.51116764],[126.93488269,37.51118011],[126.93488966,37.51109423],[126.93474969,37.51108458]]]}},{"type":"Feature","id":"seoul-building-545030","properties":{"id":"seoul-building-545030","sourceId":"1993194243194456090200000000","pnu":"1159010100102660006","name":"서울특별시 동작구 노량진동","address":"서울특별시 동작구 노량진동","useName":"단독주택","floors":4.0,"height":10.65,"heightSource":"measured","heightRaw":10.65,"sourceDate":"2026-09-09"},"geometry":{"type":"Polygon","coordinates":[[[126.93568096,37.51263989],[126.93561447,37.51268941],[126.93563901,37.51271364],[126.93563441,37.51271729],[126.93565719,37.51273842],[126.93574084,37.51267793],[126.93568096,37.51263989]]]}},{"type":"Feature","id":"seoul-building-545045","properties":{"id":"seoul-building-545045","sourceId":"1984194524974453465700000000","pnu":"1159010100102480039","name":"서울특별시 동작구 노량진동","address":"서울특별시 동작구 노량진동","useName":"단독주택","floors":2.0,"height":7.4,"heightSource":"estimated","heightRaw":0.0,"sourceDate":"2026-09-09"},"geometry":{"type":"Polygon","coordinates":[[[126.93883916,37.51027024],[126.93879633,37.51033442],[126.9388942,37.51037473],[126.93893189,37.51032153],[126.93887942,37.51029785],[126.9388842,37.51029026],[126.93883916,37.51027024]]]}},{"type":"Feature","id":"seoul-building-545050","properties":{"id":"seoul-building-545050","sourceId":"1992194550024453570100000000","pnu":"1159010100102480031","name":"서울특별시 동작구 노량진동","address":"서울특별시 동작구 노량진동","useName":"단독주택","floors":2.0,"height":7.4,"heightSource":"estimated","heightRaw":0.0,"sourceDate":"2026-09-09"},"geometry":{"type":"Polygon","coordinates":[[[126.93912167,37.51035035],[126.93909407,37.51038046],[126.93910484,37.51038638],[126.9390714,37.51043564],[126.93911876,37.51045874],[126.93911115,37.51046916],[126.93915267,37.51048861],[126.93917567,37.51045849],[126.9391838,37.51046188],[126.93922907,37.5104039],[126.93912167,37.51035035]]]}},{"type":"Feature","id":"seoul-building-545097","properties":{"id":"seoul-building-545097","sourceId":"1994193830664457524900000000","pnu":"1159010800100670001","name":"서울특별시 동작구 대방동","address":"서울특별시 동작구 대방동","useName":"자동차관련시설","floors":1.0,"height":6.0,"heightSource":"measured","heightRaw":6.0,"sourceDate":"2026-09-09"},"geometry":{"type":"Polygon","coordinates":[[[126.93094073,37.51388651],[126.93091693,37.51401236],[126.93100582,37.51402198],[126.93100474,37.51403832],[126.93111501,37.5140502],[126.93112761,37.51399249],[126.93101611,37.51398004],[126.93102803,37.51389839],[126.93094073,37.51388651]]]}},{"type":"Feature","id":"seoul-building-545099","properties":{"id":"seoul-building-545099","sourceId":"1973194271824455261100000000","pnu":"1159010100102760007","name":"서울특별시 동작구 노량진동","address":"서울특별시 동작구 노량진동","useName":"단독주택","floors":2.0,"height":7.4,"heightSource":"estimated","heightRaw":0.0,"sourceDate":"2026-09-09"},"geometry":{"type":"Polygon","coordinates":[[[126.93596171,37.51189221],[126.93589561,37.51191413],[126.93591625,37.51195356],[126.93595425,37.51194795],[126.93595174,37.51198343],[126.93598726,37.51198571],[126.93598779,37.51199528],[126.93606819,37.51199701],[126.93607199,37.51189621],[126.93596171,37.51189221]]]}},{"type":"Feature","id":"seoul-building-545114","properties":{"id":"seoul-building-545114","sourceId":"1967194412734453300800000000","pnu":"1159010100102490052","name":"서울특별시 동작구 노량진동","address":"서울특별시 동작구 노량진동","useName":"단독주택","floors":1.0,"height":4.2,"heightSource":"estimated","heightRaw":0.0,"sourceDate":"2026-09-09"},"geometry":{"type":"Polygon","coordinates":[[[126.93762994,37.51012179],[126.93754122,37.51012483],[126.93754785,37.51022704],[126.93765123,37.51022091],[126.93764564,37.51014713],[126.93763045,37.51014712],[126.93762994,37.51012179]]]}},{"type":"Feature","id":"seoul-building-545131","properties":{"id":"seoul-building-545131","sourceId":"1992194202604454152100000000","pnu":"1159010100102730010","name":"서울특별시 동작구 노량진동","address":"서울특별시 동작구 노량진동","useName":"단독주택","floors":2.0,"height":7.4,"heightSource":"estimated","heightRaw":0.0,"sourceDate":"2026-09-09"},"geometry":{"type":"Polygon","coordinates":[[[126.93518356,37.51086858],[126.93512041,37.51093753],[126.93525114,37.51101447],[126.93531182,37.51094101],[126.93518356,37.51086858]]]}},{"type":"Feature","id":"seoul-building-545134","properties":{"id":"seoul-building-545134","sourceId":"1981194106754453156900000000","pnu":"1159010800100440307","name":"서울특별시 동작구 대방동","address":"서울특별시 동작구 대방동","useName":"공동주택","floors":2.0,"height":6.9,"heightSource":"estimated","heightRaw":0.0,"sourceDate":"2026-09-09"},"geometry":{"type":"Polygon","coordinates":[[[126.93412486,37.50998051],[126.93411001,37.50999993],[126.93405817,37.51006804],[126.93415003,37.51010694],[126.93419621,37.51003714],[126.93418155,37.5100315],[126.93419641,37.51000871],[126.93417928,37.50999996],[126.93415508,37.50998785],[126.93415384,37.50999151],[126.93412486,37.50998051]]]}},{"type":"Feature","id":"seoul-building-545137","properties":{"id":"seoul-building-545137","sourceId":"1991194341354453179300000000","pnu":"1159010100102890032","name":"서울특별시 동작구 노량진동","address":"서울특별시 동작구 노량진동","useName":"단독주택","floors":2.0,"height":7.4,"heightSource":"estimated","heightRaw":0.0,"sourceDate":"2026-09-09"},"geometry":{"type":"Polygon","coordinates":[[[126.9367455,37.51001517],[126.93671646,37.51008892],[126.9368276,37.51011685],[126.93685629,37.51003859],[126.9367455,37.51001517]]]}},{"type":"Feature","id":"seoul-building-545143","properties":{"id":"seoul-building-545143","sourceId":"1993194494334454765000000000","pnu":"1159010100102440005","name":"서울특별시 동작구 노량진동","address":"서울특별시 동작구 노량진동","useName":"단독주택","floors":2.0,"height":7.5,"heightSource":"measured","heightRaw":7.5,"sourceDate":"2026-09-09"},"geometry":{"type":"Polygon","coordinates":[[[126.93847468,37.51142869],[126.93843483,37.5115196],[126.93857212,37.51155628],[126.9385916,37.51151405],[126.93857641,37.51150898],[126.93858809,37.51147717],[126.93856529,37.51147406],[126.93856849,37.51146027],[126.93852662,37.51144701],[126.93852821,37.51144391],[126.93847468,37.51142869]]]}},{"type":"Feature","id":"seoul-building-545176","properties":{"id":"seoul-building-545176","sourceId":"1995193956924453603800000000","pnu":"1159010800100320028","name":"서울특별시 동작구 대방동","address":"서울특별시 동작구 대방동","useName":"단독주택","floors":3.0,"height":10.6,"heightSource":"estimated","heightRaw":0.0,"sourceDate":"2026-09-09"},"geometry":{"type":"Polygon","coordinates":[[[126.93251046,37.51039181],[126.93234766,37.51043761],[126.93235753,37.51046465],[126.93235276,37.5104683],[126.93236863,37.51050125],[126.93242148,37.51048721],[126.93241972,37.5104813],[126.93253763,37.51044673],[126.93251046,37.51039181]]]}},{"type":"Feature","id":"seoul-building-545183","properties":{"id":"seoul-building-545183","sourceId":"0000193881534453182600000000","pnu":"1159010800105060003","name":"서울특별시 동작구 대방동","address":"서울특별시 동작구 대방동","useName":"","floors":0.0,"height":0,"heightSource":"unknown","heightRaw":0.0,"sourceDate":"2026-09-09"},"geometry":{"type":"Polygon","coordinates":[[[126.93158597,37.51003933],[126.93156935,37.51004325],[126.93158662,37.51009169],[126.93160306,37.51008579],[126.93158597,37.51003933]]]}},{"type":"Feature","id":"seoul-building-545206","properties":{"id":"seoul-building-545206","sourceId":"1991194425144453595000000000","pnu":"1159010100102490045","name":"서울특별시 동작구 노량진동","address":"서울특별시 동작구 노량진동","useName":"단독주택","floors":2.0,"height":7.4,"heightSource":"estimated","heightRaw":0.0,"sourceDate":"2026-09-09"},"geometry":{"type":"Polygon","coordinates":[[[126.93767477,37.51038929],[126.93766992,37.51049263],[126.93775635,37.51049379],[126.93775688,37.51048479],[126.93778904,37.51048593],[126.93779101,37.51045439],[126.9378032,37.51045412],[126.93780343,37.51039303],[126.93767477,37.51038929]]]}},{"type":"Feature","id":"seoul-building-545213","properties":{"id":"seoul-building-545213","sourceId":"0000194449174458704700000000","pnu":"1159010100100130008","name":"서울특별시 동작구 노량진동","address":"서울특별시 동작구 노량진동","useName":"","floors":0.0,"height":0,"heightSource":"unknown","heightRaw":0.0,"sourceDate":"2026-09-09"},"geometry":{"type":"Polygon","coordinates":[[[126.93796452,37.51498006],[126.93795991,37.51500005],[126.93793863,37.51509324],[126.93803775,37.51510934],[126.93806595,37.51500011],[126.93806719,37.51499504],[126.93796452,37.51498006]]]}},{"type":"Feature","id":"seoul-building-545226","properties":{"id":"seoul-building-545226","sourceId":"1987194112884453616400000000","pnu":"1159010800100440250","name":"서울특별시 동작구 대방동","address":"서울특별시 동작구 대방동","useName":"단독주택","floors":3.0,"height":9.2,"heightSource":"measured","heightRaw":9.2,"sourceDate":"2026-09-09"},"geometry":{"type":"Polygon","coordinates":[[[126.93419855,37.51039248],[126.93415858,37.51043356],[126.93416122,37.51043553],[126.93413363,37.51046931],[126.93415765,37.51048312],[126.93414828,37.51049466],[126.93419985,37.51052538],[126.93427804,37.5104387],[126.93419855,37.51039248]]]}},{"type":"Feature","id":"seoul-building-545264","properties":{"id":"seoul-building-545264","sourceId":"1968194288234456429200000000","pnu":"1159010100100270013","name":"서울특별시 동작구 노량진동","address":"서울특별시 동작구 노량진동","useName":"제1종근린생활시설","floors":2.0,"height":7.4,"heightSource":"estimated","heightRaw":0.0,"sourceDate":"2026-09-09"},"geometry":{"type":"Polygon","coordinates":[[[126.93615021,37.51301828],[126.93620358,37.51302254],[126.93621794,37.5129775],[126.93621989,37.51297102],[126.93618879,37.51296369],[126.93615662,37.51296958],[126.93615608,37.51298056],[126.93615021,37.51301828]]]}},{"type":"Feature","id":"seoul-building-545287","properties":{"id":"seoul-building-545287","sourceId":"0000194389634458165100000000","pnu":"1159010100100130006","name":"서울특별시 동작구 노량진동","address":"서울특별시 동작구 노량진동","useName":"","floors":0.0,"height":0,"heightSource":"unknown","heightRaw":0.0,"sourceDate":"2026-09-09"},"geometry":{"type":"Polygon","coordinates":[[[126.93729752,37.51454498],[126.93729381,37.51455765],[126.9373629,37.51456979],[126.93736556,37.51455853],[126.93729752,37.51454498]]]}},{"type":"Feature","id":"seoul-building-545289","properties":{"id":"seoul-building-545289","sourceId":"1989194498854455059300000000","pnu":"1159010100102440031","name":"서울특별시 동작구 노량진동","address":"서울특별시 동작구 노량진동","useName":"단독주택","floors":2.0,"height":7.4,"heightSource":"estimated","heightRaw":0.0,"sourceDate":"2026-09-09"},"geometry":{"type":"Polygon","coordinates":[[[126.93851844,37.51170604],[126.93848869,37.51177699],[126.93862194,37.51181225],[126.93864318,37.51175482],[126.93862446,37.51174665],[126.93862623,37.51173707],[126.93856863,37.51172212],[126.93856969,37.51171931],[126.93851844,37.51170604]]]}},{"type":"Feature","id":"seoul-building-545308","properties":{"id":"seoul-building-545308","sourceId":"1959194205494456506200000000","pnu":"1159010100100290010","name":"서울특별시 동작구 노량진동","address":"서울특별시 동작구 노량진동","useName":"단독주택","floors":1.0,"height":4.2,"heightSource":"estimated","heightRaw":0.0,"sourceDate":"2026-09-09"},"geometry":{"type":"Polygon","coordinates":[[[126.93531992,37.51301698],[126.93513837,37.51306532],[126.93513782,37.5130811],[126.93531065,37.51309357],[126.93532327,37.51302656],[126.93532292,37.51301783],[126.93531992,37.51301698]]]}},{"type":"Feature","id":"seoul-building-545333","properties":{"id":"seoul-building-545333","sourceId":"0000194293974457021000000000","pnu":"1159010100100240008","name":"서울특별시 동작구 노량진동","address":"서울특별시 동작구 노량진동","useName":"","floors":0.0,"height":0,"heightSource":"unknown","heightRaw":0.0,"sourceDate":"2026-09-09"},"geometry":{"type":"Polygon","coordinates":[[[126.93629492,37.51347421],[126.93621133,37.5134722],[126.93620647,37.51358031],[126.93627892,37.51358317],[126.93629492,37.51347421]]]}},{"type":"Feature","id":"seoul-building-545348","properties":{"id":"seoul-building-545348","sourceId":"1986194118054453242400000000","pnu":"1159010800100440316","name":"서울특별시 동작구 대방동","address":"서울특별시 동작구 대방동","useName":"공동주택","floors":2.0,"height":6.9,"heightSource":"estimated","heightRaw":0.0,"sourceDate":"2026-09-09"},"geometry":{"type":"Polygon","coordinates":[[[126.93422413,37.51004448],[126.93416344,37.51012666],[126.93421679,37.51015232],[126.93421555,37.51015597],[126.93429753,37.51019572],[126.93436103,37.51011213],[126.93426757,37.51007126],[126.93427059,37.51006731],[126.93422413,37.51004448]]]}},{"type":"Feature","id":"seoul-building-545359","properties":{"id":"seoul-building-545359","sourceId":"1989194322994453901700000000","pnu":"1159010100102820020","name":"서울특별시 동작구 노량진동","address":"서울특별시 동작구 노량진동","useName":"단독주택","floors":2.0,"height":7.4,"heightSource":"estimated","heightRaw":0.0,"sourceDate":"2026-09-09"},"geometry":{"type":"Polygon","coordinates":[[[126.93659792,37.51066465],[126.9365313,37.51066631],[126.93653386,37.51076232],[126.93663106,37.51075984],[126.936629,37.51068523],[126.93659861,37.51068492],[126.93659792,37.51066465]]]}},{"type":"Feature","id":"seoul-building-545367","properties":{"id":"seoul-building-545367","sourceId":"1977194568964456694200000000","pnu":"1159010100100420007","name":"서울특별시 동작구 노량진동","address":"서울특별시 동작구 노량진동","useName":"업무시설","floors":3.0,"height":11.8,"heightSource":"estimated","heightRaw":0.0,"sourceDate":"2026-09-09"},"geometry":{"type":"Polygon","coordinates":[[[126.9392765,37.51315706],[126.93926951,37.51329221],[126.93944093,37.51330046],[126.93944988,37.51317544],[126.93928939,37.51316889],[126.93929029,37.51315791],[126.9392765,37.51315706]]]}},{"type":"Feature","id":"seoul-building-545371","properties":{"id":"seoul-building-545371","sourceId":"1984194618594453809600000000","pnu":"1159010100102350002","name":"서울특별시 동작구 노량진동","address":"서울특별시 동작구 노량진동","useName":"","floors":0.0,"height":0,"heightSource":"unknown","heightRaw":0.0,"sourceDate":"2026-09-09"},"geometry":{"type":"Polygon","coordinates":[[[126.93988262,37.51062077],[126.93990151,37.51064555],[126.93994957,37.51065261],[126.93995154,37.51062304],[126.93988262,37.51062077]]]}},{"type":"Feature","id":"seoul-building-545388","properties":{"id":"seoul-building-545388","sourceId":"1987193990974454006600000000","pnu":"1159010800100320010","name":"서울특별시 동작구 대방동","address":"서울특별시 동작구 대방동","useName":"단독주택","floors":2.0,"height":7.4,"heightSource":"estimated","heightRaw":0.0,"sourceDate":"2026-09-09"},"geometry":{"type":"Polygon","coordinates":[[[126.93286076,37.5107617],[126.93278139,37.51078475],[126.93278156,37.51078897],[126.93274267,37.51079993],[126.9327656,37.51085203],[126.93280679,37.51084107],[126.9328089,37.51084614],[126.93290719,37.51081776],[126.93290578,37.51081128],[126.93289413,37.51078594],[126.93288477,37.51078931],[126.93288,37.51077945],[126.93286957,37.51078255],[126.93286076,37.5107617]]]}},{"type":"Feature","id":"seoul-building-545411","properties":{"id":"seoul-building-545411","sourceId":"2002194306984454416400000000","pnu":"1159010100102830005","name":"오해븐빌라","address":"서울특별시 동작구 노량진동","useName":"공동주택","floors":4.0,"height":11.4,"heightSource":"measured","heightRaw":11.4,"sourceDate":"2026-09-09"},"geometry":{"type":"Polygon","coordinates":[[[126.93631336,37.51113106],[126.93630709,37.51122143],[126.93648345,37.51122716],[126.93648619,37.51113819],[126.93631336,37.51113106]]]}},{"type":"Feature","id":"seoul-building-545425","properties":{"id":"seoul-building-545425","sourceId":"1984194604084454598900000000","pnu":"1159010100102400032","name":"서울특별시 동작구 노량진동","address":"서울특별시 동작구 노량진동","useName":"단독주택","floors":1.0,"height":4.2,"heightSource":"estimated","heightRaw":0.0,"sourceDate":"2026-09-09"},"geometry":{"type":"Polygon","coordinates":[[[126.93972815,37.51128067],[126.93968361,37.511295],[126.93972842,37.51139863],[126.93985675,37.511359],[126.9398437,37.51132746],[126.93975762,37.51135247],[126.93972815,37.51128067]]]}},{"type":"Feature","id":"seoul-building-545435","properties":{"id":"seoul-building-545435","sourceId":"1994193995784455428400000000","pnu":"1159010800100230166","name":"서울특별시 동작구 대방동","address":"서울특별시 동작구 대방동","useName":"","floors":0.0,"height":0,"heightSource":"unknown","heightRaw":0.0,"sourceDate":"2026-09-09"},"geometry":{"type":"Polygon","coordinates":[[[126.93292041,37.51203553],[126.93279809,37.51206389],[126.93282664,37.51214614],[126.93292033,37.51212282],[126.93295357,37.51211439],[126.93292907,37.51203328],[126.93292041,37.51203553]]]}},{"type":"Feature","id":"seoul-building-545436","properties":{"id":"seoul-building-545436","sourceId":"0000194518454457000200000000","pnu":"1159010100100400012","name":"서울특별시 동작구 노량진동","address":"서울특별시 동작구 노량진동","useName":"","floors":0.0,"height":0,"heightSource":"unknown","heightRaw":0.0,"sourceDate":"2026-09-09"},"geometry":{"type":"Polygon","coordinates":[[[126.93883264,37.51350421],[126.93874386,37.51349777],[126.93874203,37.51351372],[126.93883082,37.51351971],[126.93883264,37.51350421]]]}},{"type":"Feature","id":"seoul-building-545447","properties":{"id":"seoul-building-545447","sourceId":"1971194225604453142000000000","pnu":"1159010100102940157","name":"서울특별시 동작구 노량진동","address":"서울특별시 동작구 노량진동","useName":"단독주택","floors":2.0,"height":7.4,"heightSource":"estimated","heightRaw":0.0,"sourceDate":"2026-09-09"},"geometry":{"type":"Polygon","coordinates":[[[126.9354551,37.50996379],[126.93543403,37.50999982],[126.93540076,37.51005639],[126.93550535,37.51009361],[126.9355503,37.51002888],[126.93553175,37.51002098],[126.93554377,37.51000297],[126.93553529,37.50999987],[126.9354982,37.50998718],[126.93550156,37.50997986],[126.9354551,37.50996379]]]}},{"type":"Feature","id":"seoul-building-545465","properties":{"id":"seoul-building-545465","sourceId":"1990194535764453513800000000","pnu":"1159010100102480038","name":"서울특별시 동작구 노량진동","address":"서울특별시 동작구 노량진동","useName":"단독주택","floors":2.0,"height":7.4,"heightSource":"estimated","heightRaw":0.0,"sourceDate":"2026-09-09"},"geometry":{"type":"Polygon","coordinates":[[[126.93896494,37.51030804],[126.93891046,37.51038178],[126.93901027,37.51042744],[126.93904707,37.5103779],[126.93903223,37.51037143],[126.93904267,37.51035453],[126.93905716,37.51036045],[126.93906335,37.51035229],[126.93896494,37.51030804]]]}},{"type":"Feature","id":"seoul-building-545483","properties":{"id":"seoul-building-545483","sourceId":"1963194571804453444400000000","pnu":"1159010100102480004","name":"서울특별시 동작구 노량진동","address":"서울특별시 동작구 노량진동","useName":"단독주택","floors":1.0,"height":4.2,"heightSource":"estimated","heightRaw":0.0,"sourceDate":"2026-09-09"},"geometry":{"type":"Polygon","coordinates":[[[126.93936917,37.51024602],[126.93931468,37.51031722],[126.93940973,37.51036683],[126.93947357,37.51029281],[126.93941528,37.51026181],[126.93941051,37.51026631],[126.93936917,37.51024602]]]}},{"type":"Feature","id":"seoul-building-545487","properties":{"id":"seoul-building-545487","sourceId":"1987194381794455268700000000","pnu":"1159010100102580013","name":"서울특별시 동작구 노량진동","address":"서울특별시 동작구 노량진동","useName":"단독주택","floors":2.0,"height":7.4,"heightSource":"estimated","heightRaw":0.0,"sourceDate":"2026-09-09"},"geometry":{"type":"Polygon","coordinates":[[[126.93727518,37.51188729],[126.93722074,37.51189992],[126.93722602,37.51191625],[126.93719845,37.511923],[126.93719562,37.51192695],[126.9372002,37.51194075],[126.93718253,37.51194524],[126.93718799,37.51195989],[126.93718074,37.51196158],[126.93719326,37.51200212],[126.93730762,37.51197374],[126.93727518,37.51188729]]]}},{"type":"Feature","id":"seoul-building-545493","properties":{"id":"seoul-building-545493","sourceId":"0000194584644454742500000000","pnu":"1159010100102420003","name":"서울특별시 동작구 노량진동","address":"서울특별시 동작구 노량진동","useName":"","floors":0.0,"height":0,"heightSource":"unknown","heightRaw":0.0,"sourceDate":"2026-09-09"},"geometry":{"type":"Polygon","coordinates":[[[126.93952212,37.5114695],[126.93952173,37.51151285],[126.93957089,37.51147656],[126.93952904,37.51144275],[126.93951277,37.51145231],[126.93952212,37.5114695]]]}},{"type":"Feature","id":"seoul-building-545496","properties":{"id":"seoul-building-545496","sourceId":"0000194016014455470700000000","pnu":"1159010800100410000","name":"서울특별시 동작구 대방동","address":"서울특별시 동작구 대방동","useName":"","floors":0.0,"height":0,"heightSource":"unknown","heightRaw":0.0,"sourceDate":"2026-09-09"},"geometry":{"type":"Polygon","coordinates":[[[126.93317927,37.51208832],[126.93307584,37.5121367],[126.93305307,37.51210769],[126.93302991,37.51211866],[126.93306909,37.51216654],[126.9331918,37.51210382],[126.93317927,37.51208832]]]}},{"type":"Feature","id":"seoul-building-545504","properties":{"id":"seoul-building-545504","sourceId":"0000194597814456861800000000","pnu":"1159010100100440032","name":"서울특별시 동작구 노량진동","address":"서울특별시 동작구 노량진동","useName":"","floors":0.0,"height":0,"heightSource":"unknown","heightRaw":0.0,"sourceDate":"2026-09-09"},"geometry":{"type":"Polygon","coordinates":[[[126.93967241,37.51340085],[126.93969343,37.51340176],[126.9396961,37.51336739],[126.93967766,37.51336708],[126.93967241,37.51340085]]]}},{"type":"Feature","id":"seoul-building-545534","properties":{"id":"seoul-building-545534","sourceId":"1969194308784454687000000000","pnu":"1159010100102840027","name":"서울특별시 동작구 노량진동","address":"서울특별시 동작구 노량진동","useName":"공동주택","floors":2.0,"height":6.9,"heightSource":"estimated","heightRaw":0.0,"sourceDate":"2026-09-09"},"geometry":{"type":"Polygon","coordinates":[[[126.93646494,37.51137835],[126.9363688,37.51138055],[126.93637349,37.51147234],[126.93642705,37.51147096],[126.9364267,37.51146223],[126.93646682,37.51146141],[126.93646494,37.51137835]]]}},{"type":"Feature","id":"seoul-building-545610","properties":{"id":"seoul-building-545610","sourceId":"1989194507174454811200000000","pnu":"1159010100102440004","name":"서울특별시 동작구 노량진동","address":"서울특별시 동작구 노량진동","useName":"단독주택","floors":3.0,"height":10.4,"heightSource":"measured","heightRaw":10.4,"sourceDate":"2026-09-09"},"geometry":{"type":"Polygon","coordinates":[[[126.93861514,37.51147156],[126.93857901,37.51156051],[126.93871595,37.51159522],[126.93874694,37.51152146],[126.93867202,37.51150172],[126.93867734,37.51148933],[126.93861514,37.51147156]]]}},{"type":"Feature","id":"seoul-building-545662","properties":{"id":"seoul-building-545662","sourceId":"1988194522364454712300000000","pnu":"1159010100102440008","name":"서울특별시 동작구 노량진동","address":"서울특별시 동작구 노량진동","useName":"단독주택","floors":2.0,"height":7.4,"heightSource":"estimated","heightRaw":0.0,"sourceDate":"2026-09-09"},"geometry":{"type":"Polygon","coordinates":[[[126.93878716,37.51139056],[126.9387544,37.51146713],[126.93888091,37.51150379],[126.93890269,37.51145735],[126.93889544,37.51145425],[126.93890979,37.51142666],[126.93878716,37.51139056]]]}},{"type":"Feature","id":"seoul-building-545667","properties":{"id":"seoul-building-545667","sourceId":"1991194533424453331200000000","pnu":"1159010100102480034","name":"서울특별시 동작구 노량진동","address":"서울특별시 동작구 노량진동","useName":"단독주택","floors":2.0,"height":7.4,"heightSource":"estimated","heightRaw":0.0,"sourceDate":"2026-09-09"},"geometry":{"type":"Polygon","coordinates":[[[126.93893292,37.5101464],[126.93888709,37.51021649],[126.93897683,37.51025679],[126.93899293,37.51023287],[126.93900866,37.51023766],[126.9390359,37.51019938],[126.93900587,37.51018698],[126.93900676,37.51018332],[126.93897407,37.51016697],[126.93897408,37.51016331],[126.93893292,37.5101464]]]}},{"type":"Feature","id":"seoul-building-545671","properties":{"id":"seoul-building-545671","sourceId":"1991194299364455494200000000","pnu":"1159010100102770005","name":"서울특별시 동작구 노량진동","address":"서울특별시 동작구 노량진동","useName":"단독주택","floors":2.0,"height":7.4,"heightSource":"estimated","heightRaw":0.0,"sourceDate":"2026-09-09"},"geometry":{"type":"Polygon","coordinates":[[[126.93625507,37.51210636],[126.93624053,37.51217815],[126.93636741,37.5121937],[126.93638038,37.51212388],[126.93631251,37.51211624],[126.93631322,37.51211315],[126.93625507,37.51210636]]]}},{"type":"Feature","id":"seoul-building-545697","properties":{"id":"seoul-building-545697","sourceId":"1992194458154453303600000000","pnu":"1159010100102490096","name":"서울특별시 동작구 노량진동","address":"서울특별시 동작구 노량진동","useName":"단독주택","floors":3.0,"height":10.6,"heightSource":"estimated","heightRaw":0.0,"sourceDate":"2026-09-09"},"geometry":{"type":"Polygon","coordinates":[[[126.93808925,37.51011358],[126.93808817,37.51013075],[126.93803215,37.51013101],[126.93803065,37.51023631],[126.93817521,37.51023724],[126.93818309,37.51011447],[126.93808925,37.51011358]]]}},{"type":"Feature","id":"seoul-building-545705","properties":{"id":"seoul-building-545705","sourceId":"0000194084984455192700000000","pnu":"1159010800100430002","name":"서울특별시 동작구 대방동","address":"서울특별시 동작구 대방동","useName":"","floors":0.0,"height":0,"heightSource":"unknown","heightRaw":0.0,"sourceDate":"2026-09-09"},"geometry":{"type":"Polygon","coordinates":[[[126.93389136,37.51184123],[126.93384324,37.51188963],[126.93387062,37.51191077],[126.93390387,37.51188882],[126.93390828,37.51189108],[126.93392968,37.51187504],[126.93389136,37.51184123]]]}},{"type":"Feature","id":"seoul-building-545708","properties":{"id":"seoul-building-545708","sourceId":"0000194579944456418600000000","pnu":"1159010100100460006","name":"서울특별시 동작구 노량진동","address":"서울특별시 동작구 노량진동","useName":"","floors":0.0,"height":0,"heightSource":"unknown","heightRaw":0.0,"sourceDate":"2026-09-09"},"geometry":{"type":"Polygon","coordinates":[[[126.93949719,37.51300006],[126.93949739,37.51297162],[126.93946912,37.5129702],[126.93946856,37.51299863],[126.93949719,37.51300006]]]}},{"type":"Feature","id":"seoul-building-545741","properties":{"id":"seoul-building-545741","sourceId":"1989194477294453975000000000","pnu":"1159010100102490034","name":"서울특별시 동작구 노량진동","address":"서울특별시 동작구 노량진동","useName":"단독주택","floors":2.0,"height":7.4,"heightSource":"estimated","heightRaw":0.0,"sourceDate":"2026-09-09"},"geometry":{"type":"Polygon","coordinates":[[[126.93827836,37.51074945],[126.93827834,37.51077113],[126.9382831,37.51077113],[126.93828307,37.51082041],[126.93835589,37.51081876],[126.93835661,37.51079342],[126.93837199,37.51079286],[126.93837255,37.51075091],[126.93827836,37.51074945]]]}},{"type":"Feature","id":"seoul-building-545775","properties":{"id":"seoul-building-545775","sourceId":"2000194258934454498300000000","pnu":"1159010100102850002","name":"서울특별시 동작구 노량진동","address":"서울특별시 동작구 노량진동","useName":"단독주택","floors":5.0,"height":14.5,"heightSource":"measured","heightRaw":14.5,"sourceDate":"2026-09-09"},"geometry":{"type":"Polygon","coordinates":[[[126.93583223,37.51119696],[126.93581253,37.51130704],[126.93587261,37.51130905],[126.93589762,37.51120263],[126.93583223,37.51119696]]]}},{"type":"Feature","id":"seoul-building-545780","properties":{"id":"seoul-building-545780","sourceId":"1994193856914456249200000000","pnu":"1159010800105020000","name":"서울특별시 동작구 대방동","address":"서울특별시 동작구 대방동","useName":"","floors":0.0,"height":0,"heightSource":"unknown","heightRaw":0.0,"sourceDate":"2026-09-09"},"geometry":{"type":"Polygon","coordinates":[[[126.93132749,37.51285312],[126.931327,37.51280948],[126.93132682,37.51280554],[126.93128,37.51280579],[126.93127999,37.51280945],[126.93128137,37.51284211],[126.93129445,37.51284212],[126.93129461,37.5128531],[126.93132749,37.51285312]]]}},{"type":"Feature","id":"seoul-building-545833","properties":{"id":"seoul-building-545833","sourceId":"1979194063194453732300000000","pnu":"1159010800100440268","name":"서울특별시 동작구 대방동","address":"서울특별시 동작구 대방동","useName":"단독주택","floors":2.0,"height":7.4,"heightSource":"estimated","heightRaw":0.0,"sourceDate":"2026-09-09"},"geometry":{"type":"Polygon","coordinates":[[[126.93359742,37.51049604],[126.93354185,37.51057709],[126.93367948,37.51062588],[126.93369823,37.51059436],[126.93371132,37.51059831],[126.93373928,37.51054877],[126.93359742,37.51049604]]]}},{"type":"Feature","id":"seoul-building-545872","properties":{"id":"seoul-building-545872","sourceId":"0000194601644453454800000000","pnu":"1159010100102350012","name":"서울특별시 동작구 노량진동","address":"서울특별시 동작구 노량진동","useName":"단독주택","floors":1.0,"height":4.2,"heightSource":"estimated","heightRaw":0.0,"sourceDate":"2026-09-09"},"geometry":{"type":"Polygon","coordinates":[[[126.93968656,37.51026223],[126.93966621,37.51029489],[126.93971003,37.51032306],[126.93969922,37.51034474],[126.93975611,37.51036756],[126.93979557,37.51031268],[126.93968656,37.51026223]]]}},{"type":"Feature","id":"seoul-building-545879","properties":{"id":"seoul-building-545879","sourceId":"1971194385654453444400000000","pnu":"1159010100102910013","name":"서울특별시 동작구 노량진동","address":"서울특별시 동작구 노량진동","useName":"단독주택","floors":1.0,"height":4.2,"heightSource":"estimated","heightRaw":0.0,"sourceDate":"2026-09-09"},"geometry":{"type":"Polygon","coordinates":[[[126.93723373,37.51031642],[126.93723566,37.51033415],[126.93734613,37.51032127],[126.93733644,37.51027481],[126.93723499,37.51028489],[126.93723621,37.51031107],[126.93723338,37.51031079],[126.93723373,37.51031642]]]}},{"type":"Feature","id":"seoul-building-545900","properties":{"id":"seoul-building-545900","sourceId":"1989193995564453454800000000","pnu":"1159010800100440005","name":"서울특별시 동작구 대방동","address":"서울특별시 동작구 대방동","useName":"단독주택","floors":2.0,"height":6.5,"heightSource":"measured","heightRaw":6.5,"sourceDate":"2026-09-09"},"geometry":{"type":"Polygon","coordinates":[[[126.93289709,37.51024927],[126.93284158,37.51026951],[126.93284211,37.51027346],[126.93281382,37.51028554],[126.93282898,37.51032469],[126.93282403,37.5103261],[126.93284715,37.51037088],[126.93292034,37.5103453],[126.93294438,37.51033687],[126.93292038,37.51029265],[126.93289709,37.51024927]]]}},{"type":"Feature","id":"seoul-building-545907","properties":{"id":"seoul-building-545907","sourceId":"1990194366904455289100000000","pnu":"1159010100102580025","name":"서울특별시 동작구 노량진동","address":"서울특별시 동작구 노량진동","useName":"단독주택","floors":2.0,"height":7.4,"heightSource":"estimated","heightRaw":0.0,"sourceDate":"2026-09-09"},"geometry":{"type":"Polygon","coordinates":[[[126.93704613,37.51190294],[126.93701481,37.51194938],[126.93700527,37.51194599],[126.93698509,37.51198089],[126.93711265,37.51202827],[126.93715937,37.51194945],[126.9370887,37.51192323],[126.937091,37.51191986],[126.93704613,37.51190294]]]}},{"type":"Feature","id":"seoul-building-545914","properties":{"id":"seoul-building-545914","sourceId":"1993193942364454083800000000","pnu":"1159010800100230029","name":"서울특별시 동작구 대방동","address":"서울특별시 동작구 대방동","useName":"단독주택","floors":6.0,"height":17.8,"heightSource":"measured","heightRaw":17.8,"sourceDate":"2026-09-09"},"geometry":{"type":"Polygon","coordinates":[[[126.93221262,37.51083256],[126.93220971,37.51092013],[126.9323336,37.51092387],[126.93233669,37.51083348],[126.93221262,37.51083256]]]}},{"type":"Feature","id":"seoul-building-545916","properties":{"id":"seoul-building-545916","sourceId":"1994194036384453780800000000","pnu":"1159010800100440266","name":"서울특별시 동작구 대방동","address":"서울특별시 동작구 대방동","useName":"단독주택","floors":2.0,"height":7.2,"heightSource":"measured","heightRaw":7.2,"sourceDate":"2026-09-09"},"geometry":{"type":"Polygon","coordinates":[[[126.93333528,37.51055868],[126.93327674,37.51060455],[126.93333643,37.51065329],[126.93339886,37.51060237],[126.93333528,37.51055868]]]}},{"type":"Feature","id":"seoul-building-545947","properties":{"id":"seoul-building-545947","sourceId":"1988194539974453206800000000","pnu":"1159010100102480015","name":"서울특별시 동작구 노량진동","address":"서울특별시 동작구 노량진동","useName":"단독주택","floors":2.0,"height":7.4,"heightSource":"estimated","heightRaw":0.0,"sourceDate":"2026-09-09"},"geometry":{"type":"Polygon","coordinates":[[[126.93901661,37.51002283],[126.93899821,37.51004197],[126.93899963,37.51004338],[126.93894814,37.51012135],[126.93904,37.51016588],[126.93912209,37.51005865],[126.9390721,37.51003216],[126.93906131,37.51004285],[126.93901661,37.51002283]]]}},{"type":"Feature","id":"seoul-building-545964","properties":{"id":"seoul-building-545964","sourceId":"1990194391554455102400000000","pnu":"1159010100102560045","name":"서울특별시 동작구 노량진동","address":"서울특별시 동작구 노량진동","useName":"단독주택","floors":2.0,"height":7.4,"heightSource":"estimated","heightRaw":0.0,"sourceDate":"2026-09-09"},"geometry":{"type":"Polygon","coordinates":[[[126.93730516,37.51174595],[126.93730036,37.51179663],[126.93727862,37.51179577],[126.93727594,37.51183688],[126.93741519,37.51184512],[126.93742233,37.51175981],[126.9373633,37.51175472],[126.93736402,37.51174711],[126.93730516,37.51174595]]]}},{"type":"Feature","id":"seoul-building-546019","properties":{"id":"seoul-building-546019","sourceId":"1991194489834454483100000000","pnu":"1159010100102460064","name":"서울특별시 동작구 노량진동","address":"서울특별시 동작구 노량진동","useName":"단독주택","floors":2.0,"height":7.4,"heightSource":"estimated","heightRaw":0.0,"sourceDate":"2026-09-09"},"geometry":{"type":"Polygon","coordinates":[[[126.9384153,37.51119411],[126.93839777,37.51123268],[126.93840555,37.51123634],[126.9383967,37.5112552],[126.9385142,37.51128708],[126.93853863,37.51122937],[126.9384153,37.51119411]]]}},{"type":"Feature","id":"seoul-building-546023","properties":{"id":"seoul-building-546023","sourceId":"0000194159694456960600000000","pnu":"1159010100100240018","name":"서울특별시 동작구 노량진동","address":"서울특별시 동작구 노량진동","useName":"","floors":0.0,"height":0,"heightSource":"unknown","heightRaw":0.0,"sourceDate":"2026-09-09"},"geometry":{"type":"Polygon","coordinates":[[[126.93470856,37.51346378],[126.93470839,37.51346518],[126.93467268,37.51346377],[126.93466909,37.51354091],[126.93477336,37.51354208],[126.93476855,37.51337709],[126.93471661,37.51337368],[126.93470856,37.51346378]]]}},{"type":"Feature","id":"seoul-building-546062","properties":{"id":"seoul-building-546062","sourceId":"1970194168714456197800000000","pnu":"1159010100102670031","name":"서울특별시 동작구 노량진동","address":"서울특별시 동작구 노량진동","useName":"단독주택","floors":2.0,"height":7.4,"heightSource":"estimated","heightRaw":0.0,"sourceDate":"2026-09-09"},"geometry":{"type":"Polygon","coordinates":[[[126.9347668,37.51273991],[126.93474679,37.51280945],[126.93474626,37.51281114],[126.93487984,37.51283008],[126.93489523,37.51280953],[126.93492426,37.51277069],[126.93490606,37.51276139],[126.93490872,37.51275379],[126.93484475,37.51274474],[126.93484068,37.51274869],[126.9347668,37.51273991]]]}},{"type":"Feature","id":"seoul-building-546063","properties":{"id":"seoul-building-546063","sourceId":"1978194232344456177400000000","pnu":"1159010100102660008","name":"서울특별시 동작구 노량진동","address":"서울특별시 동작구 노량진동","useName":"단독주택","floors":2.0,"height":7.4,"heightSource":"estimated","heightRaw":0.0,"sourceDate":"2026-09-09"},"geometry":{"type":"Polygon","coordinates":[[[126.93557963,37.51270939],[126.93547532,37.5127586],[126.9355115,37.5128093],[126.93551909,37.51282001],[126.93554596,37.51280932],[126.93562906,37.51277614],[126.93557963,37.51270939]]]}},{"type":"Feature","id":"seoul-building-546064","properties":{"id":"seoul-building-546064","sourceId":"1999193755234457915100000000","pnu":"1159010800105050000","name":"서울특별시 동작구 대방동","address":"서울특별시 동작구 대방동","useName":"","floors":0.0,"height":0,"heightSource":"unknown","heightRaw":0.0,"sourceDate":"2026-09-09"},"geometry":{"type":"Polygon","coordinates":[[[126.9302541,37.5142727],[126.93025463,37.51427833],[126.93020781,37.51427605],[126.9302078,37.51427858],[126.93005741,37.51426723],[126.93005724,37.51426019],[126.93002277,37.5142582],[126.93002207,37.5142658],[126.93000015,37.51426523],[126.92997664,37.51426465],[126.92997647,37.51426859],[126.92992539,37.51426321],[126.92990851,37.51436822],[126.9299859,37.51437193],[126.92998644,37.51436771],[126.93000005,37.51436885],[126.93007233,37.51437564],[126.93007286,37.51437987],[126.93022112,37.51438869],[126.93022184,37.51438362],[126.93030825,37.51439099],[126.93030896,37.51439578],[126.93038406,37.51439581],[126.93039336,37.51429277],[126.93029581,37.51428426],[126.93029563,37.51427666],[126.9302541,37.5142727]]]}},{"type":"Feature","id":"seoul-building-546078","properties":{"id":"seoul-building-546078","sourceId":"0000193830314458025200000000","pnu":"1159010800100800009","name":"서울특별시 동작구 대방동","address":"서울특별시 동작구 대방동","useName":"","floors":0.0,"height":0,"heightSource":"unknown","heightRaw":0.0,"sourceDate":"2026-09-09"},"geometry":{"type":"Polygon","coordinates":[[[126.93090708,37.51435643],[126.93089335,37.51448566],[126.93109764,37.51450014],[126.93111243,37.51436978],[126.93090708,37.51435643]]]}},{"type":"Feature","id":"seoul-building-546110","properties":{"id":"seoul-building-546110","sourceId":"1987193955764453804200000000","pnu":"1159010800100320048","name":"서울특별시 동작구 대방동","address":"서울특별시 동작구 대방동","useName":"단독주택","floors":2.0,"height":7.4,"heightSource":"estimated","heightRaw":0.0,"sourceDate":"2026-09-09"},"geometry":{"type":"Polygon","coordinates":[[[126.93239436,37.51057307],[126.9323408,37.51058627],[126.9323542,37.51062119],[126.93235597,37.51062091],[126.93237518,37.51067864],[126.93251782,37.51064747],[126.93250073,37.51059143],[126.93246591,37.51060042],[126.93245938,37.51058634],[126.93240406,37.51059898],[126.93239436,37.51057307]]]}},{"type":"Feature","id":"seoul-building-546158","properties":{"id":"seoul-building-546158","sourceId":"0000193995684457474100000000","pnu":"1159010800100700001","name":"서울특별시 동작구 대방동","address":"서울특별시 동작구 대방동","useName":"","floors":0.0,"height":0,"heightSource":"unknown","heightRaw":0.0,"sourceDate":"2026-09-09"},"geometry":{"type":"Polygon","coordinates":[[[126.93274772,37.51403003],[126.93279507,37.514034],[126.93279967,37.51403569],[126.9328048,37.51403879],[126.93282706,37.51404697],[126.93283713,37.5140481],[126.93284843,37.51405065],[126.93285921,37.51405149],[126.93289032,37.5140501],[126.93290623,37.51404701],[126.93292038,37.51404364],[126.93292249,37.51404337],[126.93294689,37.51403493],[126.93299302,37.51403241],[126.93299831,37.51384265],[126.93296245,37.51383981],[126.93294849,37.51382488],[126.93292889,37.51381783],[126.93292041,37.51381501],[126.93290875,37.51381134],[126.93289178,37.5138088],[126.93285661,37.51381046],[126.93284211,37.51381243],[126.93282939,37.5138158],[126.93281577,37.51382114],[126.93280145,37.51382903],[126.93279349,37.51383578],[126.93278748,37.51384169],[126.93275478,37.51384167],[126.93274772,37.51403003]]]}},{"type":"Feature","id":"seoul-building-546169","properties":{"id":"seoul-building-546169","sourceId":"1994194205394455890700000000","pnu":"1159010100102670010","name":"서울특별시 동작구 노량진동","address":"서울특별시 동작구 노량진동","useName":"제2종근린생활시설","floors":4.0,"height":13.28,"heightSource":"measured","heightRaw":13.28,"sourceDate":"2026-09-09"},"geometry":{"type":"Polygon","coordinates":[[[126.93520427,37.51247436],[126.93519703,37.5124752],[126.93521057,37.51254954],[126.93527668,37.51253887],[126.93527989,37.51250453],[126.93532018,37.51249667],[126.93532197,37.51248428],[126.93520427,37.51247436]]]}},{"type":"Feature","id":"seoul-building-546238","properties":{"id":"seoul-building-546238","sourceId":"0000194550704455955500000000","pnu":"1159010100100470002","name":"서울특별시 동작구 노량진동","address":"서울특별시 동작구 노량진동","useName":"","floors":0.0,"height":0,"heightSource":"unknown","heightRaw":0.0,"sourceDate":"2026-09-09"},"geometry":{"type":"Polygon","coordinates":[[[126.93916777,37.51255417],[126.93913773,37.51255444],[126.93913806,37.51258175],[126.93916758,37.51258092],[126.93916777,37.51255417]]]}},{"type":"Feature","id":"seoul-building-546279","properties":{"id":"seoul-building-546279","sourceId":"1971194578564458936100000000","pnu":"1159010100100130008","name":"서울특별시 동작구 노량진동","address":"서울특별시 동작구 노량진동","useName":"","floors":0.0,"height":0,"heightSource":"unknown","heightRaw":0.0,"sourceDate":"2026-09-09"},"geometry":{"type":"Polygon","coordinates":[[[126.93929852,37.51521981],[126.93929568,37.51523333],[126.93964223,37.51528756],[126.93964559,37.51527629],[126.93929852,37.51521981]]]}},{"type":"Feature","id":"seoul-building-546297","properties":{"id":"seoul-building-546297","sourceId":"1992194504314454383300000000","pnu":"1159010100102460070","name":"서울특별시 동작구 노량진동","address":"서울특별시 동작구 노량진동","useName":"단독주택","floors":2.0,"height":7.4,"heightSource":"estimated","heightRaw":0.0,"sourceDate":"2026-09-09"},"geometry":{"type":"Polygon","coordinates":[[[126.93858752,37.51109876],[126.93855318,37.51116997],[126.93867086,37.51120325],[126.93870519,37.51113176],[126.93858752,37.51109876]]]}},{"type":"Feature","id":"seoul-building-546327","properties":{"id":"seoul-building-546327","sourceId":"1966194216594454407200000000","pnu":"1159010100102730045","name":"서울특별시 동작구 노량진동","address":"서울특별시 동작구 노량진동","useName":"단독주택","floors":2.0,"height":7.4,"heightSource":"estimated","heightRaw":0.0,"sourceDate":"2026-09-09"},"geometry":{"type":"Polygon","coordinates":[[[126.93541638,37.51121306],[126.93543286,37.51116802],[126.93542702,37.51116633],[126.93543287,37.51115338],[126.93533374,37.51112827],[126.93531425,37.51118654],[126.93541638,37.51121306]]]}},{"type":"Feature","id":"seoul-building-546335","properties":{"id":"seoul-building-546335","sourceId":"1991194430974454409300000000","pnu":"1159010100102530012","name":"서울특별시 동작구 노량진동","address":"서울특별시 동작구 노량진동","useName":"단독주택","floors":2.0,"height":7.4,"heightSource":"estimated","heightRaw":0.0,"sourceDate":"2026-09-09"},"geometry":{"type":"Polygon","coordinates":[[[126.93783376,37.5111085],[126.93771938,37.51116475],[126.93774003,37.51118869],[126.93773597,37.51119234],[126.93778558,37.51124615],[126.93782748,37.51121774],[126.93781954,37.51121182],[126.93784005,37.51120057],[126.93785226,37.51118537],[126.93784626,37.5111758],[126.9378544,37.51116905],[126.93786164,37.51116764],[126.93786889,37.51116595],[126.93787984,37.51115976],[126.93783376,37.5111085]]]}},{"type":"Feature","id":"seoul-building-546369","properties":{"id":"seoul-building-546369","sourceId":"1996193984764454462500000000","pnu":"1159010800100320002","name":"서울특별시 동작구 대방동","address":"서울특별시 동작구 대방동","useName":"단독주택","floors":3.0,"height":9.1,"heightSource":"measured","heightRaw":9.1,"sourceDate":"2026-09-09"},"geometry":{"type":"Polygon","coordinates":[[[126.93276019,37.51116033],[126.9326739,37.51121266],[126.93268431,37.51122759],[126.93267901,37.51123181],[126.93269984,37.51125688],[126.93270603,37.51125378],[126.93273516,37.51128336],[126.93283401,37.51121838],[126.93282942,37.51121162],[126.93282961,37.51120402],[126.93282713,37.51120064],[126.93282501,37.51119895],[126.93282236,37.51119838],[126.93281583,37.51119585],[126.93282131,37.51119303],[126.93279323,37.51116908],[126.93277626,37.51117808],[126.93276019,37.51116033]]]}},{"type":"Feature","id":"seoul-building-546371","properties":{"id":"seoul-building-546371","sourceId":"1999193842374453994000000000","pnu":"1159010800105060000","name":"서울특별시 동작구 대방동","address":"서울특별시 동작구 대방동","useName":"","floors":0.0,"height":0,"heightSource":"unknown","heightRaw":0.0,"sourceDate":"2026-09-09"},"geometry":{"type":"Polygon","coordinates":[[[126.93112261,37.51078182],[126.93111905,37.51080856],[126.93116447,37.51080915],[126.9311652,37.51078381],[126.93112261,37.51078182]]]}},{"type":"Feature","id":"seoul-building-546397","properties":{"id":"seoul-building-546397","sourceId":"1991194386684454691700000000","pnu":"1159010100102800029","name":"서울특별시 동작구 노량진동","address":"서울특별시 동작구 노량진동","useName":"단독주택","floors":3.0,"height":10.6,"heightSource":"estimated","heightRaw":0.0,"sourceDate":"2026-09-09"},"geometry":{"type":"Polygon","coordinates":[[[126.93725935,37.51137765],[126.9372379,37.51145394],[126.93734303,37.51147793],[126.93735615,37.51143457],[126.93734007,37.51143034],[126.93735229,37.51139684],[126.93725935,37.51137765]]]}},{"type":"Feature","id":"seoul-building-546410","properties":{"id":"seoul-building-546410","sourceId":"1989194478124453895200000000","pnu":"1159010100102490092","name":"서울특별시 동작구 노량진동","address":"서울특별시 동작구 노량진동","useName":"단독주택","floors":2.0,"height":7.4,"heightSource":"estimated","heightRaw":0.0,"sourceDate":"2026-09-09"},"geometry":{"type":"Polygon","coordinates":[[[126.93827328,37.51068018],[126.93827235,37.51073931],[126.93839305,37.51074163],[126.93839486,37.51068307],[126.93827328,37.51068018]]]}},{"type":"Feature","id":"seoul-building-546449","properties":{"id":"seoul-building-546449","sourceId":"1989194497984454618500000000","pnu":"1159010100102440010","name":"서울특별시 동작구 노량진동","address":"서울특별시 동작구 노량진동","useName":"단독주택","floors":2.0,"height":7.4,"heightSource":"estimated","heightRaw":0.0,"sourceDate":"2026-09-09"},"geometry":{"type":"Polygon","coordinates":[[[126.93852426,37.5113082],[126.93848709,37.51138448],[126.93854928,37.51140282],[126.93854733,37.51140648],[126.93859168,37.51141889],[126.93862568,37.51133951],[126.93858186,37.51132653],[126.93858292,37.51132428],[126.93852426,37.5113082]]]}},{"type":"Feature","id":"seoul-building-546502","properties":{"id":"seoul-building-546502","sourceId":"1970194249744456403900000000","pnu":"1159010100100280010","name":"서울특별시 동작구 노량진동","address":"서울특별시 동작구 노량진동","useName":"제1종근린생활시설","floors":4.0,"height":13.8,"heightSource":"estimated","heightRaw":0.0,"sourceDate":"2026-09-09"},"geometry":{"type":"Polygon","coordinates":[[[126.93579931,37.5129156],[126.93568689,37.51292484],[126.93569601,37.51301776],[126.93580576,37.51302289],[126.93579931,37.5129156]]]}},{"type":"Feature","id":"seoul-building-546526","properties":{"id":"seoul-building-546526","sourceId":"1968194455444456445300000000","pnu":"1159010100100400052","name":"서울특별시 동작구 노량진동","address":"서울특별시 동작구 노량진동","useName":"제1종근린생활시설","floors":1.0,"height":4.2,"heightSource":"estimated","heightRaw":0.0,"sourceDate":"2026-09-09"},"geometry":{"type":"Polygon","coordinates":[[[126.93802344,37.51297761],[126.93802251,37.51303871],[126.93812624,37.51303961],[126.938127,37.51297795],[126.93802344,37.51297761]]]}},{"type":"Feature","id":"seoul-building-546553","properties":{"id":"seoul-building-546553","sourceId":"0000194566824457970800000000","pnu":"1159010100100130008","name":"서울특별시 동작구 노량진동","address":"서울특별시 동작구 노량진동","useName":"","floors":0.0,"height":0,"heightSource":"unknown","heightRaw":0.0,"sourceDate":"2026-09-09"},"geometry":{"type":"Polygon","coordinates":[[[126.93927228,37.51445084],[126.9393449,37.51446861],[126.9393497,37.51443878],[126.939358,37.51443935],[126.93939487,37.51431069],[126.9393636,37.5143042],[126.93936094,37.51431292],[126.93931729,37.51430418],[126.93927228,37.51445084]]]}},{"type":"Feature","id":"seoul-building-546651","properties":{"id":"seoul-building-546651","sourceId":"1990194425784455737000000000","pnu":"1159010100102570003","name":"서울특별시 동작구 노량진동","address":"서울특별시 동작구 노량진동","useName":"제1종근린생활시설","floors":4.0,"height":13.8,"heightSource":"estimated","heightRaw":0.0,"sourceDate":"2026-09-09"},"geometry":{"type":"Polygon","coordinates":[[[126.93777303,37.51231891],[126.93771628,37.51233323],[126.93772122,37.5123459],[126.93767562,37.51235715],[126.93768972,37.51239911],[126.9377217,37.51241489],[126.93780071,37.51239297],[126.93777303,37.51231891]]]}},{"type":"Feature","id":"seoul-building-546680","properties":{"id":"seoul-building-546680","sourceId":"1970194151124456096500000000","pnu":"1159010100102670037","name":"서울특별시 동작구 노량진동","address":"서울특별시 동작구 노량진동","useName":"노유자시설","floors":3.0,"height":8.0,"heightSource":"measured","heightRaw":8.0,"sourceDate":"2026-09-09"},"geometry":{"type":"Polygon","coordinates":[[[126.93457903,37.51263732],[126.93455704,37.5127215],[126.93469504,37.51274353],[126.93471102,37.51267737],[126.93468203,37.51267257],[126.93468487,37.51265878],[126.93463539,37.5126503],[126.93463558,37.51264579],[126.93457903,37.51263732]]]}},{"type":"Feature","id":"seoul-building-546782","properties":{"id":"seoul-building-546782","sourceId":"1989194515954454325700000000","pnu":"1159010100102460072","name":"서울특별시 동작구 노량진동","address":"서울특별시 동작구 노량진동","useName":"단독주택","floors":3.0,"height":9.1,"heightSource":"measured","heightRaw":9.1,"sourceDate":"2026-09-09"},"geometry":{"type":"Polygon","coordinates":[[[126.93871904,37.51105265],[126.93869213,37.51111317],[126.93880292,37.51114589],[126.93882911,37.51108451],[126.93871904,37.51105265]]]}},{"type":"Feature","id":"seoul-building-546784","properties":{"id":"seoul-building-546784","sourceId":"1992194523134454203200000000","pnu":"1159010100102460038","name":"서울특별시 동작구 노량진동","address":"서울특별시 동작구 노량진동","useName":"단독주택","floors":2.0,"height":7.4,"heightSource":"estimated","heightRaw":0.0,"sourceDate":"2026-09-09"},"geometry":{"type":"Polygon","coordinates":[[[126.93881245,37.51093725],[126.93877422,37.51101015],[126.93885019,37.51103441],[126.93885196,37.51103187],[126.93887457,37.51103977],[126.9389091,37.5109663],[126.93881245,37.51093725]]]}},{"type":"Feature","id":"seoul-building-546803","properties":{"id":"seoul-building-546803","sourceId":"1995194464664456478300000000","pnu":"1159010100100400030","name":"서울특별시 동작구 노량진동","address":"서울특별시 동작구 노량진동","useName":"제2종근린생활시설","floors":2.0,"height":2.8,"heightSource":"measured","heightRaw":2.8,"sourceDate":"2026-09-09"},"geometry":{"type":"Polygon","coordinates":[[[126.93812173,37.51309913],[126.93822391,37.51310413],[126.93822506,37.51308614],[126.93822958,37.5130875],[126.93823242,37.51305242],[126.9382217,37.51305197],[126.93822397,37.51303128],[126.93822963,37.51303173],[126.93823133,37.51301195],[126.93823585,37.51301195],[126.93824039,37.51297777],[126.93813313,37.51297322],[126.93812173,37.51309913]]]}},{"type":"Feature","id":"seoul-building-546815","properties":{"id":"seoul-building-546815","sourceId":"1990194325664455270700000000","pnu":"1159010100102560012","name":"서울특별시 동작구 노량진동","address":"서울특별시 동작구 노량진동","useName":"단독주택","floors":2.0,"height":7.4,"heightSource":"estimated","heightRaw":0.0,"sourceDate":"2026-09-09"},"geometry":{"type":"Polygon","coordinates":[[[126.93655694,37.51188661],[126.93652082,37.51197192],[126.93665723,37.51201197],[126.93669653,37.5119278],[126.93655694,37.51188661]]]}},{"type":"Feature","id":"seoul-building-546884","properties":{"id":"seoul-building-546884","sourceId":"1992194402744453862800000000","pnu":"1159010100102490002","name":"서울특별시 동작구 노량진동","address":"서울특별시 동작구 노량진동","useName":"단독주택","floors":2.0,"height":7.4,"heightSource":"estimated","heightRaw":0.0,"sourceDate":"2026-09-09"},"geometry":{"type":"Polygon","coordinates":[[[126.93751907,37.51062207],[126.93747169,37.5106288],[126.93746993,37.5106226],[126.93741991,37.51063412],[126.93743225,37.51067411],[126.93742075,37.51067776],[126.93742763,37.51070001],[126.93742073,37.5107031],[126.93743325,37.51074309],[126.93755115,37.51071726],[126.93755645,37.51070938],[126.93754692,37.51070402],[126.93754182,37.51067952],[126.93754906,37.51067783],[126.93754413,37.51066573],[126.9375321,37.51066657],[126.93751907,37.51062207]]]}},{"type":"Feature","id":"seoul-building-546896","properties":{"id":"seoul-building-546896","sourceId":"0000194430234455987700000000","pnu":"1159010100100390032","name":"서울특별시 동작구 노량진동","address":"서울특별시 동작구 노량진동","useName":"","floors":0.0,"height":0,"heightSource":"unknown","heightRaw":0.0,"sourceDate":"2026-09-09"},"geometry":{"type":"Polygon","coordinates":[[[126.9377986,37.51258584],[126.93778075,37.51258583],[126.93778198,37.51260723],[126.93779948,37.51260527],[126.9377986,37.51258584]]]}},{"type":"Feature","id":"seoul-building-546909","properties":{"id":"seoul-building-546909","sourceId":"1970193970534454740200000000","pnu":"1159010800100320052","name":"서울특별시 동작구 대방동","address":"서울특별시 동작구 대방동","useName":"단독주택","floors":2.0,"height":7.4,"heightSource":"estimated","heightRaw":0.0,"sourceDate":"2026-09-09"},"geometry":{"type":"Polygon","coordinates":[[[126.93255655,37.51142461],[126.93254841,37.51143728],[126.93252967,37.51143445],[126.93250948,37.5114823],[126.93263863,37.51151983],[126.9326691,37.51145002],[126.93261273,37.51143253],[126.93261026,37.51143703],[126.93255655,37.51142461]]]}},{"type":"Feature","id":"seoul-building-546931","properties":{"id":"seoul-building-546931","sourceId":"1993194453884453152900000000","pnu":"1159010100102490061","name":"서울특별시 동작구 노량진동","address":"서울특별시 동작구 노량진동","useName":"단독주택","floors":2.0,"height":7.8,"heightSource":"measured","heightRaw":7.8,"sourceDate":"2026-09-09"},"geometry":{"type":"Polygon","coordinates":[[[126.93800534,37.51007985],[126.93810535,37.51007728],[126.93810307,37.50999576],[126.93806081,37.50999723],[126.9380594,37.51000845],[126.93802044,37.51000917],[126.93802041,37.51004433],[126.93800397,37.51004507],[126.93800534,37.51007985]]]}},{"type":"Feature","id":"seoul-building-546939","properties":{"id":"seoul-building-546939","sourceId":"1959194195154456531300000000","pnu":"1159010100100290012","name":"서울특별시 동작구 노량진동","address":"서울특별시 동작구 노량진동","useName":"단독주택","floors":1.0,"height":4.2,"heightSource":"estimated","heightRaw":0.0,"sourceDate":"2026-09-09"},"geometry":{"type":"Polygon","coordinates":[[[126.93513066,37.51308614],[126.93513292,37.51308434],[126.93513066,37.51308253],[126.9351284,37.51308433],[126.93513066,37.51308614]]]}},{"type":"Feature","id":"seoul-building-546948","properties":{"id":"seoul-building-546948","sourceId":"0000194136224457492900000000","pnu":"1159010800100700001","name":"서울특별시 동작구 대방동","address":"서울특별시 동작구 대방동","useName":"","floors":0.0,"height":0,"heightSource":"unknown","heightRaw":0.0,"sourceDate":"2026-09-09"},"geometry":{"type":"Polygon","coordinates":[[[126.93446171,37.51382066],[126.93443219,37.51382346],[126.93440833,37.51383077],[126.9343857,37.51384005],[126.93436836,37.51385299],[126.93436058,37.51386115],[126.93434059,37.51388057],[126.93432822,37.51387944],[126.93431993,37.51405598],[126.93459671,37.51406289],[126.93460103,37.51397137],[126.93460409,37.51388663],[126.93459879,37.51388578],[126.93459101,37.51388887],[126.93458414,37.51387451],[126.93456842,37.51385845],[126.93455075,37.51384465],[126.93453433,37.51383535],[126.93450518,37.51382519],[126.93449192,37.51382237],[126.93446171,37.51382066]]]}},{"type":"Feature","id":"seoul-building-546969","properties":{"id":"seoul-building-546969","sourceId":"0000194141314453120500000000","pnu":"1159010800100440248","name":"서울특별시 동작구 대방동","address":"서울특별시 동작구 대방동","useName":"","floors":0.0,"height":0,"heightSource":"unknown","heightRaw":0.0,"sourceDate":"2026-09-09"},"geometry":{"type":"Polygon","coordinates":[[[126.93454249,37.50995682],[126.93449439,37.50998888],[126.93448927,37.50998297],[126.93446575,37.50999985],[126.93445089,37.51001054],[126.93451253,37.51006717],[126.93459741,37.51000555],[126.9345914,37.50999991],[126.93454249,37.50995682]]]}},{"type":"Feature","id":"seoul-building-547039","properties":{"id":"seoul-building-547039","sourceId":"1992194436984453470200000000","pnu":"1159010100102490049","name":"서울특별시 동작구 노량진동","address":"서울특별시 동작구 노량진동","useName":"단독주택","floors":2.0,"height":7.4,"heightSource":"estimated","heightRaw":0.0,"sourceDate":"2026-09-09"},"geometry":{"type":"Polygon","coordinates":[[[126.93781431,37.51027111],[126.93781316,37.51037416],[126.93784108,37.51037586],[126.93784037,37.51038404],[126.93789445,37.51038434],[126.93789552,37.51037927],[126.93792008,37.51037873],[126.93792575,37.51037873],[126.93792578,37.51032861],[126.93792189,37.51032861],[126.93792334,37.51027962],[126.93791999,37.51027962],[126.93788093,37.51027734],[126.93788076,37.51027171],[126.93781431,37.51027111]]]}},{"type":"Feature","id":"seoul-building-547041","properties":{"id":"seoul-building-547041","sourceId":"1992194390424453778800000000","pnu":"1159010100102500014","name":"서울특별시 동작구 노량진동","address":"서울특별시 동작구 노량진동","useName":"단독주택","floors":2.0,"height":7.4,"heightSource":"estimated","heightRaw":0.0,"sourceDate":"2026-09-09"},"geometry":{"type":"Polygon","coordinates":[[[126.93741007,37.510555],[126.93734398,37.51055637],[126.93734397,37.51056369],[126.93729431,37.51056507],[126.93729395,37.51057408],[126.93726391,37.51057491],[126.93726668,37.51065037],[126.93741371,37.51064819],[126.93741007,37.510555]]]}},{"type":"Feature","id":"seoul-building-547047","properties":{"id":"seoul-building-547047","sourceId":"1994194036494454761400000000","pnu":"1159010800100430014","name":"서울특별시 동작구 대방동","address":"서울특별시 동작구 대방동","useName":"단독주택","floors":4.0,"height":10.8,"heightSource":"measured","heightRaw":10.8,"sourceDate":"2026-09-09"},"geometry":{"type":"Polygon","coordinates":[[[126.93334227,37.51142759],[126.93325898,37.51149371],[126.9333328,37.51154837],[126.93333616,37.51154501],[126.93333987,37.51154641],[126.93341504,37.51148282],[126.93334227,37.51142759]]]}},{"type":"Feature","id":"seoul-building-547053","properties":{"id":"seoul-building-547053","sourceId":"1965194387974454499700000000","pnu":"1159010100102810005","name":"서울특별시 동작구 노량진동","address":"서울특별시 동작구 노량진동","useName":"단독주택","floors":1.0,"height":4.2,"heightSource":"estimated","heightRaw":0.0,"sourceDate":"2026-09-09"},"geometry":{"type":"Polygon","coordinates":[[[126.937372,37.51128676],[126.93737751,37.51125608],[126.93731885,37.51124535],[126.93732133,37.51122001],[126.93727168,37.51121603],[126.93726262,37.51127348],[126.937372,37.51128676]]]}},{"type":"Feature","id":"seoul-building-547065","properties":{"id":"seoul-building-547065","sourceId":"1993193973944453970300000000","pnu":"1159010800100320012","name":"서울특별시 동작구 대방동","address":"서울특별시 동작구 대방동","useName":"단독주택","floors":2.0,"height":7.6,"heightSource":"measured","heightRaw":7.6,"sourceDate":"2026-09-09"},"geometry":{"type":"Polygon","coordinates":[[[126.93265577,37.51073145],[126.93258047,37.51075282],[126.93260444,37.51081984],[126.932658,37.51080692],[126.93265818,37.51080213],[126.93267286,37.51079792],[126.93267233,37.51079257],[126.93267993,37.51078975],[126.93266741,37.51075287],[126.93266548,37.51075342],[126.93265577,37.51073145]]]}},{"type":"Feature","id":"seoul-building-547114","properties":{"id":"seoul-building-547114","sourceId":"1983194435044455871000000000","pnu":"1159010100100390027","name":"서울특별시 동작구 노량진동","address":"서울특별시 동작구 노량진동","useName":"제2종근린생활시설","floors":4.0,"height":10.8,"heightSource":"measured","heightRaw":10.8,"sourceDate":"2026-09-09"},"geometry":{"type":"Polygon","coordinates":[[[126.93792439,37.51243077],[126.93791997,37.51243189],[126.93773807,37.51248501],[126.93776117,37.51254949],[126.9379199,37.51250763],[126.93795013,37.51249976],[126.93792439,37.51243077]]]}},{"type":"Feature","id":"seoul-building-547123","properties":{"id":"seoul-building-547123","sourceId":"1989194412674455261400000000","pnu":"1159010100102560051","name":"서울특별시 동작구 노량진동","address":"서울특별시 동작구 노량진동","useName":"단독주택","floors":2.0,"height":7.4,"heightSource":"estimated","heightRaw":0.0,"sourceDate":"2026-09-09"},"geometry":{"type":"Polygon","coordinates":[[[126.93762865,37.51187734],[126.93752224,37.51190149],[126.93755626,37.51200485],[126.93766054,37.51198351],[126.93762865,37.51187734]]]}},{"type":"Feature","id":"seoul-building-547131","properties":{"id":"seoul-building-547131","sourceId":"1994193745634456258800000000","pnu":"1159010800105020000","name":"서울특별시 동작구 대방동","address":"서울특별시 동작구 대방동","useName":"","floors":0.0,"height":0,"heightSource":"unknown","heightRaw":0.0,"sourceDate":"2026-09-09"},"geometry":{"type":"Polygon","coordinates":[[[126.9300683,37.51281353],[126.93002571,37.51281407],[126.93002637,37.51286052],[126.9300596,37.5128597],[126.93006085,37.51284675],[126.93007021,37.51284675],[126.9300683,37.51281353]]]}},{"type":"Feature","id":"seoul-building-547141","properties":{"id":"seoul-building-547141","sourceId":"1969194255304455924800000000","pnu":"1159010100102710002","name":"서울특별시 동작구 노량진동","address":"서울특별시 동작구 노량진동","useName":"제1종근린생활시설","floors":2.0,"height":7.4,"heightSource":"estimated","heightRaw":0.0,"sourceDate":"2026-09-09"},"geometry":{"type":"Polygon","coordinates":[[[126.93583944,37.51249243],[126.93575985,37.51255124],[126.93579272,37.51256984],[126.93582524,37.51256452],[126.93584699,37.51254003],[126.93583944,37.51249243]]]}},{"type":"Feature","id":"seoul-building-547197","properties":{"id":"seoul-building-547197","sourceId":"0000194382594455172300000000","pnu":"1159010100102560041","name":"서울특별시 동작구 노량진동","address":"서울특별시 동작구 노량진동","useName":"","floors":0.0,"height":0,"heightSource":"unknown","heightRaw":0.0,"sourceDate":"2026-09-09"},"geometry":{"type":"Polygon","coordinates":[[[126.93726444,37.51184335],[126.93724235,37.51184334],[126.93722766,37.51186867],[126.9372607,37.51188136],[126.93727202,37.5118656],[126.93726444,37.51184335]]]}},{"type":"Feature","id":"seoul-building-547228","properties":{"id":"seoul-building-547228","sourceId":"1998194041054453293900000000","pnu":"1159010800100440197","name":"서울특별시 동작구 대방동","address":"서울특별시 동작구 대방동","useName":"노유자시설","floors":2.0,"height":7.4,"heightSource":"estimated","heightRaw":0.0,"sourceDate":"2026-09-09"},"geometry":{"type":"Polygon","coordinates":[[[126.93337138,37.51010622],[126.9333443,37.51014253],[126.93332363,37.51013576],[126.9332978,37.51017376],[126.93342181,37.51023014],[126.93346906,37.51016034],[126.93346623,37.51015949],[126.93347508,37.51014796],[126.93337138,37.51010622]]]}},{"type":"Feature","id":"seoul-building-547280","properties":{"id":"seoul-building-547280","sourceId":"1979194487354457662800000000","pnu":"1159010100100130008","name":"서울특별시 동작구 노량진동","address":"서울특별시 동작구 노량진동","useName":"","floors":0.0,"height":0,"heightSource":"unknown","heightRaw":0.0,"sourceDate":"2026-09-09"},"geometry":{"type":"Polygon","coordinates":[[[126.93842583,37.51408888],[126.9384191,37.51411844],[126.93844313,37.5141224],[126.93845128,37.5140934],[126.93842583,37.51408888]]]}},{"type":"Feature","id":"seoul-building-547321","properties":{"id":"seoul-building-547321","sourceId":"1993194116954455486300000000","pnu":"1159010800100450001","name":"서울특별시 동작구 대방동","address":"서울특별시 동작구 대방동","useName":"단독주택","floors":3.0,"height":8.6,"heightSource":"measured","heightRaw":8.6,"sourceDate":"2026-09-09"},"geometry":{"type":"Polygon","coordinates":[[[126.93427466,37.51208641],[126.93417178,37.5121055],[126.93417881,37.5121452],[126.93425511,37.51220156],[126.93431273,37.51219371],[126.93429073,37.51209937],[126.93427889,37.51209993],[126.93427466,37.51208641]]]}},{"type":"Feature","id":"seoul-building-547341","properties":{"id":"seoul-building-547341","sourceId":"0000194622414455510700000000","pnu":"1159010100100470002","name":"서울특별시 동작구 노량진동","address":"서울특별시 동작구 노량진동","useName":"","floors":0.0,"height":0,"heightSource":"unknown","heightRaw":0.0,"sourceDate":"2026-09-09"},"geometry":{"type":"Polygon","coordinates":[[[126.93993989,37.51215898],[126.93993987,37.51217474],[126.93998794,37.51217645],[126.93998796,37.51215956],[126.93993989,37.51215898]]]}},{"type":"Feature","id":"seoul-building-547401","properties":{"id":"seoul-building-547401","sourceId":"1993194586954454926800000000","pnu":"1159010100102400005","name":"서울특별시 동작구 노량진동","address":"서울특별시 동작구 노량진동","useName":"단독주택","floors":2.0,"height":7.4,"heightSource":"estimated","heightRaw":0.0,"sourceDate":"2026-09-09"},"geometry":{"type":"Polygon","coordinates":[[[126.93962188,37.51158076],[126.93959377,37.51159145],[126.9395906,37.5115875],[126.9394718,37.5116246],[126.93948574,37.51165333],[126.93947567,37.51165727],[126.93949312,37.51169276],[126.93950657,37.51168854],[126.93951186,37.51170262],[126.93966353,37.51165118],[126.93962188,37.51158076]]]}},{"type":"Feature","id":"seoul-building-547436","properties":{"id":"seoul-building-547436","sourceId":"1961194622684453445900000000","pnu":"1159010100102350006","name":"서울특별시 동작구 노량진동","address":"서울특별시 동작구 노량진동","useName":"단독주택","floors":2.0,"height":7.4,"heightSource":"estimated","heightRaw":0.0,"sourceDate":"2026-09-09"},"geometry":{"type":"Polygon","coordinates":[[[126.93998435,37.51026942],[126.93998434,37.51027843],[126.93988819,37.51027979],[126.9398887,37.51030287],[126.93986803,37.51030371],[126.93986941,37.51034031],[126.94000002,37.51033644],[126.94005833,37.51033478],[126.94005556,37.51026889],[126.94000007,37.51026999],[126.93998435,37.51026942]]]}},{"type":"Feature","id":"seoul-building-547451","properties":{"id":"seoul-building-547451","sourceId":"1965194541094453673400000000","pnu":"1159010100102480030","name":"서울특별시 동작구 노량진동","address":"서울특별시 동작구 노량진동","useName":"단독주택","floors":1.0,"height":4.2,"heightSource":"estimated","heightRaw":0.0,"sourceDate":"2026-09-09"},"geometry":{"type":"Polygon","coordinates":[[[126.93901765,37.51046687],[126.93898086,37.51051612],[126.9390699,37.5105584],[126.93911043,37.51050211],[126.93907526,37.51048689],[126.9390719,37.51048998],[126.93901765,37.51046687]]]}},{"type":"Feature","id":"seoul-building-547459","properties":{"id":"seoul-building-547459","sourceId":"1992194129574454020300000000","pnu":"1159010800100440071","name":"서울특별시 동작구 대방동","address":"서울특별시 동작구 대방동","useName":"단독주택","floors":2.0,"height":7.4,"heightSource":"estimated","heightRaw":0.0,"sourceDate":"2026-09-09"},"geometry":{"type":"Polygon","coordinates":[[[126.93437019,37.5107572],[126.93431621,37.51085629],[126.93436496,37.51087179],[126.93436763,37.51086644],[126.93441339,37.51088027],[126.9344279,37.51085099],[126.93443161,37.51085268],[126.93444347,37.51082988],[126.93445354,37.51083242],[126.93447018,37.51080061],[126.93442053,37.51078426],[126.93442479,37.51077581],[126.93437019,37.5107572]]]}},{"type":"Feature","id":"seoul-building-547514","properties":{"id":"seoul-building-547514","sourceId":"1983194249324453644900000000","pnu":"1159010100102860007","name":"서울특별시 동작구 노량진동","address":"서울특별시 동작구 노량진동","useName":"단독주택","floors":2.0,"height":7.4,"heightSource":"estimated","heightRaw":0.0,"sourceDate":"2026-09-09"},"geometry":{"type":"Polygon","coordinates":[[[126.93564903,37.51050421],[126.93581407,37.51053696],[126.93583923,37.51045758],[126.93577333,37.51044375],[126.93577084,37.51045304],[126.93566871,37.5104358],[126.93564903,37.51050421]]]}},{"type":"Feature","id":"seoul-building-547538","properties":{"id":"seoul-building-547538","sourceId":"1993194341684454176300000000","pnu":"1159010100102820026","name":"서울특별시 동작구 노량진동","address":"서울특별시 동작구 노량진동","useName":"단독주택","floors":2.0,"height":7.6,"heightSource":"measured","heightRaw":7.6,"sourceDate":"2026-09-09"},"geometry":{"type":"Polygon","coordinates":[[[126.93682624,37.51090129],[126.93674458,37.510908],[126.93674968,37.51094376],[126.93673996,37.51094488],[126.93674961,37.5110226],[126.93684204,37.51101561],[126.93682624,37.51090129]]]}},{"type":"Feature","id":"seoul-building-547562","properties":{"id":"seoul-building-547562","sourceId":"1997194619944454288900000000","pnu":"1159010100102400028","name":"서울특별시 동작구 노량진동","address":"서울특별시 동작구 노량진동","useName":"제2종근린생활시설","floors":6.0,"height":13.5,"heightSource":"measured","heightRaw":13.5,"sourceDate":"2026-09-09"},"geometry":{"type":"Polygon","coordinates":[[[126.94000035,37.51102008],[126.93984781,37.51105548],[126.93986561,37.51110898],[126.93994798,37.5110927],[126.93994974,37.51109861],[126.94000012,37.5110885],[126.94002257,37.511084],[126.94000035,37.51102008]]]}},{"type":"Feature","id":"seoul-building-547566","properties":{"id":"seoul-building-547566","sourceId":"0000194292274456463000000000","pnu":"1159010100100270010","name":"서울특별시 동작구 노량진동","address":"서울특별시 동작구 노량진동","useName":"","floors":0.0,"height":0,"heightSource":"unknown","heightRaw":0.0,"sourceDate":"2026-09-09"},"geometry":{"type":"Polygon","coordinates":[[[126.93620019,37.51305915],[126.93624137,37.51306311],[126.93624455,37.51306311],[126.9362584,37.51299273],[126.93621794,37.5129775],[126.93620854,37.51302029],[126.93620588,37.51302001],[126.93620534,37.51302395],[126.93620126,37.51305154],[126.93620019,37.51305915]]]}},{"type":"Feature","id":"seoul-building-547576","properties":{"id":"seoul-building-547576","sourceId":"1977193942234453297000000000","pnu":"1159010800100200078","name":"서울특별시 동작구 대방동","address":"서울특별시 동작구 대방동","useName":"제1종근린생활시설","floors":2.0,"height":7.4,"heightSource":"estimated","heightRaw":0.0,"sourceDate":"2026-09-09"},"geometry":{"type":"Polygon","coordinates":[[[126.93222546,37.51013317],[126.93222133,37.5101999],[126.93231746,37.51020531],[126.93231944,37.51017039],[126.93232421,37.5101704],[126.9323253,37.51013745],[126.93222546,37.51013317]]]}},{"type":"Feature","id":"seoul-building-547580","properties":{"id":"seoul-building-547580","sourceId":"0000194218804454679900000000","pnu":"1159010100102730007","name":"서울특별시 동작구 노량진동","address":"서울특별시 동작구 노량진동","useName":"","floors":0.0,"height":0,"heightSource":"unknown","heightRaw":0.0,"sourceDate":"2026-09-09"},"geometry":{"type":"Polygon","coordinates":[[[126.93536828,37.51145715],[126.93542448,37.51145803],[126.93542949,37.51137582],[126.9354295,37.51137469],[126.93537647,37.5113741],[126.93536828,37.51145715]]]}},{"type":"Feature","id":"seoul-building-547581","properties":{"id":"seoul-building-547581","sourceId":"0000193972704453519900000000","pnu":"1159010800100320021","name":"서울특별시 동작구 대방동","address":"서울특별시 동작구 대방동","useName":"","floors":0.0,"height":0,"heightSource":"unknown","heightRaw":0.0,"sourceDate":"2026-09-09"},"geometry":{"type":"Polygon","coordinates":[[[126.93265967,37.51033699],[126.93255926,37.51037213],[126.93257178,37.51040198],[126.9326752,37.51036825],[126.93265967,37.51033699]]]}},{"type":"Feature","id":"seoul-building-547587","properties":{"id":"seoul-building-547587","sourceId":"1989194392334455234400000000","pnu":"1159010100102560041","name":"서울특별시 동작구 노량진동","address":"서울특별시 동작구 노량진동","useName":"단독주택","floors":2.0,"height":7.4,"heightSource":"estimated","heightRaw":0.0,"sourceDate":"2026-09-09"},"geometry":{"type":"Polygon","coordinates":[[[126.93741535,37.5118654],[126.93735561,37.51187973],[126.9373519,37.51186677],[126.93728262,37.51188194],[126.9373177,37.51197516],[126.93744285,37.51194565],[126.93741535,37.5118654]]]}},{"type":"Feature","id":"seoul-building-547614","properties":{"id":"seoul-building-547614","sourceId":"1966194292054453381400000000","pnu":"1159010100102880005","name":"서울특별시 동작구 노량진동","address":"서울특별시 동작구 노량진동","useName":"단독주택","floors":2.0,"height":7.4,"heightSource":"estimated","heightRaw":0.0,"sourceDate":"2026-09-09"},"geometry":{"type":"Polygon","coordinates":[[[126.93621996,37.51018157],[126.93615341,37.5102936],[126.93620236,37.51030432],[126.93620483,37.5103015],[126.93623486,37.51031138],[126.93630724,37.51020386],[126.93627226,37.51019314],[126.93626731,37.5101982],[126.93621996,37.51018157]]]}},{"type":"Feature","id":"seoul-building-547627","properties":{"id":"seoul-building-547627","sourceId":"0000194501954455766400000000","pnu":"1159010100100390013","name":"서울특별시 동작구 노량진동","address":"서울특별시 동작구 노량진동","useName":"","floors":0.0,"height":0,"heightSource":"unknown","heightRaw":0.0,"sourceDate":"2026-09-09"},"geometry":{"type":"Polygon","coordinates":[[[126.93864851,37.51237145],[126.93854565,37.51239223],[126.93855445,37.51242321],[126.93865838,37.51240102],[126.93864851,37.51237145]]]}},{"type":"Feature","id":"seoul-building-547629","properties":{"id":"seoul-building-547629","sourceId":"1966194405414454146000000000","pnu":"1159010100102510007","name":"서울특별시 동작구 노량진동","address":"서울특별시 동작구 노량진동","useName":"단독주택","floors":1.0,"height":4.2,"heightSource":"estimated","heightRaw":0.0,"sourceDate":"2026-09-09"},"geometry":{"type":"Polygon","coordinates":[[[126.93751159,37.51088561],[126.93746596,37.51092669],[126.93748433,37.51093852],[126.93746151,37.51096273],[126.93749931,37.51098921],[126.93756864,37.51092618],[126.93751159,37.51088561]]]}},{"type":"Feature","id":"seoul-building-547631","properties":{"id":"seoul-building-547631","sourceId":"1968194169294453602200000000","pnu":"1159010800100440083","name":"서울특별시 동작구 대방동","address":"서울특별시 동작구 대방동","useName":"제1종근린생활시설","floors":2.0,"height":7.4,"heightSource":"estimated","heightRaw":0.0,"sourceDate":"2026-09-09"},"geometry":{"type":"Polygon","coordinates":[[[126.93484239,37.51036327],[126.93482099,37.51038635],[126.93479048,37.51051416],[126.93484721,37.51053306],[126.93489363,37.51037287],[126.93484239,37.51036327]]]}},{"type":"Feature","id":"seoul-building-547667","properties":{"id":"seoul-building-547667","sourceId":"1992194566744454540900000000","pnu":"1159010100102420011","name":"서울특별시 동작구 노량진동","address":"서울특별시 동작구 노량진동","useName":"단독주택","floors":2.0,"height":7.4,"heightSource":"estimated","heightRaw":0.0,"sourceDate":"2026-09-09"},"geometry":{"type":"Polygon","coordinates":[[[126.93936748,37.51125289],[126.93929254,37.51125623],[126.93929496,37.51132888],[126.93933648,37.51132749],[126.93933666,37.51133143],[126.93938119,37.51133117],[126.93937823,37.51128753],[126.93936975,37.51128752],[126.93936748,37.51125289]]]}},{"type":"Feature","id":"seoul-building-547683","properties":{"id":"seoul-building-547683","sourceId":"1982194308194454553800000000","pnu":"1159010100102800019","name":"서울특별시 동작구 노량진동","address":"서울특별시 동작구 노량진동","useName":"단독주택","floors":2.0,"height":7.4,"heightSource":"estimated","heightRaw":0.0,"sourceDate":"2026-09-09"},"geometry":{"type":"Polygon","coordinates":[[[126.93643802,37.51124741],[126.93643766,37.51125163],[126.93635955,37.51125215],[126.93635704,37.51128959],[126.93631357,37.51128985],[126.93631069,37.51134813],[126.93649024,37.51135161],[126.93649457,37.51125222],[126.93648732,37.51125222],[126.93648768,37.51124827],[126.93643802,37.51124741]]]}},{"type":"Feature","id":"seoul-building-547798","properties":{"id":"seoul-building-547798","sourceId":"1984194401334453131400000000","pnu":"1159010100102980001","name":"서울특별시 동작구 노량진동","address":"서울특별시 동작구 노량진동","useName":"단독주택","floors":2.0,"height":7.4,"heightSource":"estimated","heightRaw":0.0,"sourceDate":"2026-09-09"},"geometry":{"type":"Polygon","coordinates":[[[126.93749733,37.50996629],[126.93742168,37.50998624],[126.9374086,37.51000003],[126.93740577,37.51000284],[126.93743063,37.51007607],[126.93752731,37.51005443],[126.93750881,37.51000009],[126.93749733,37.50996629]]]}},{"type":"Feature","id":"seoul-building-547884","properties":{"id":"seoul-building-547884","sourceId":"1991194436564454141500000000","pnu":"1159010100102490119","name":"서울특별시 동작구 노량진동","address":"서울특별시 동작구 노량진동","useName":"단독주택","floors":2.0,"height":7.4,"heightSource":"estimated","heightRaw":0.0,"sourceDate":"2026-09-09"},"geometry":{"type":"Polygon","coordinates":[[[126.93781168,37.51088408],[126.93780841,37.51097869],[126.93788194,37.51098041],[126.93788266,37.51097591],[126.93791995,37.51097508],[126.9379214,37.51091989],[126.93791999,37.51091989],[126.93791044,37.51091961],[126.93791206,37.51088554],[126.93781168,37.51088408]]]}},{"type":"Feature","id":"seoul-building-547900","properties":{"id":"seoul-building-547900","sourceId":"1991194426354453176400000000","pnu":"1159010100102490054","name":"서울특별시 동작구 노량진동","address":"서울특별시 동작구 노량진동","useName":"단독주택","floors":2.0,"height":7.4,"heightSource":"estimated","heightRaw":0.0,"sourceDate":"2026-09-09"},"geometry":{"type":"Polygon","coordinates":[[[126.93768446,37.51001172],[126.93768067,37.51010745],[126.93774128,37.51010833],[126.93774199,37.51011509],[126.93779588,37.51011568],[126.93779678,37.51011145],[126.93781321,37.51011175],[126.93781733,37.51004643],[126.93780831,37.51004614],[126.93780586,37.51001404],[126.93768446,37.51001172]]]}},{"type":"Feature","id":"seoul-building-547915","properties":{"id":"seoul-building-547915","sourceId":"1995194584604454282000000000","pnu":"1159010100102410003","name":"서울특별시 동작구 노량진동","address":"서울특별시 동작구 노량진동","useName":"단독주택","floors":2.0,"height":6.5,"heightSource":"measured","heightRaw":6.5,"sourceDate":"2026-09-09"},"geometry":{"type":"Polygon","coordinates":[[[126.93956719,37.51102014],[126.93948252,37.5110474],[126.93950792,37.51110007],[126.93959206,37.51107336],[126.93956719,37.51102014]]]}},{"type":"Feature","id":"seoul-building-547934","properties":{"id":"seoul-building-547934","sourceId":"1961194086884454543800000000","pnu":"1159010800100440161","name":"서울특별시 동작구 대방동","address":"서울특별시 동작구 대방동","useName":"단독주택","floors":1.0,"height":4.2,"heightSource":"estimated","heightRaw":0.0,"sourceDate":"2026-09-09"},"geometry":{"type":"Polygon","coordinates":[[[126.93391591,37.51125757],[126.93391448,37.51126855],[126.93384874,37.51126936],[126.93384728,37.51132285],[126.93396233,37.51132067],[126.9339638,37.51125957],[126.93391591,37.51125757]]]}},{"type":"Feature","id":"seoul-building-547944","properties":{"id":"seoul-building-547944","sourceId":"0000194260574453647200000000","pnu":"1159010100102870003","name":"서울특별시 동작구 노량진동","address":"서울특별시 동작구 노량진동","useName":"","floors":0.0,"height":0,"heightSource":"unknown","heightRaw":0.0,"sourceDate":"2026-09-09"},"geometry":{"type":"Polygon","coordinates":[[[126.93586064,37.5104207],[126.93582732,37.51053951],[126.9358904,37.51055362],[126.93589802,37.51052716],[126.93588848,37.51052461],[126.93591931,37.51042777],[126.93586064,37.5104207]]]}},{"type":"Feature","id":"seoul-building-548041","properties":{"id":"seoul-building-548041","sourceId":"1992194584534453957800000000","pnu":"1159010100102410012","name":"서울특별시 동작구 노량진동","address":"서울특별시 동작구 노량진동","useName":"단독주택","floors":2.0,"height":7.4,"heightSource":"estimated","heightRaw":0.0,"sourceDate":"2026-09-09"},"geometry":{"type":"Polygon","coordinates":[[[126.93954694,37.51070618],[126.93949214,37.51072699],[126.93949672,37.51073515],[126.93947021,37.51074837],[126.93952174,37.51082893],[126.93960695,37.51079266],[126.93958419,37.51075576],[126.9395803,37.51075688],[126.93954694,37.51070618]]]}},{"type":"Feature","id":"seoul-building-548049","properties":{"id":"seoul-building-548049","sourceId":"1983194188014453345900000000","pnu":"1159010100102940264","name":"서울특별시 동작구 노량진동","address":"서울특별시 동작구 노량진동","useName":"단독주택","floors":2.0,"height":7.4,"heightSource":"estimated","heightRaw":0.0,"sourceDate":"2026-09-09"},"geometry":{"type":"Polygon","coordinates":[[[126.9350032,37.51017246],[126.93500001,37.51019386],[126.93499698,37.51021328],[126.93497948,37.51021299],[126.93497734,37.51023946],[126.93499113,37.51024087],[126.93499095,37.51024538],[126.93499996,37.51024651],[126.93510775,37.51025699],[126.93511825,37.510179],[126.9350032,37.51017246]]]}},{"type":"Feature","id":"seoul-building-548060","properties":{"id":"seoul-building-548060","sourceId":"1990194435064453898600000000","pnu":"1159010100102490027","name":"서울특별시 동작구 노량진동","address":"서울특별시 동작구 노량진동","useName":"단독주택","floors":2.0,"height":7.4,"heightSource":"estimated","heightRaw":0.0,"sourceDate":"2026-09-09"},"geometry":{"type":"Polygon","coordinates":[[[126.937788,37.51066754],[126.9377828,37.51075455],[126.93791199,37.51075742],[126.93791398,37.51070646],[126.93789701,37.51070505],[126.93789758,37.510669],[126.937788,37.51066754]]]}},{"type":"Feature","id":"seoul-building-548077","properties":{"id":"seoul-building-548077","sourceId":"1988193758114457295200000000","pnu":"1159010800100660004","name":"서울특별시 동작구 대방동","address":"서울특별시 동작구 대방동","useName":"자동차관련시설","floors":1.0,"height":4.2,"heightSource":"estimated","heightRaw":0.0,"sourceDate":"2026-09-09"},"geometry":{"type":"Polygon","coordinates":[[[126.9301198,37.51370526],[126.9301066,37.51382351],[126.93025258,37.51383402],[126.93026823,37.5137169],[126.9301198,37.51370526]]]}},{"type":"Feature","id":"seoul-building-548088","properties":{"id":"seoul-building-548088","sourceId":"1991194179464453823300000000","pnu":"1159010100102940169","name":"서울특별시 동작구 노량진동","address":"서울특별시 동작구 노량진동","useName":"단독주택","floors":2.0,"height":7.4,"heightSource":"estimated","heightRaw":0.0,"sourceDate":"2026-09-09"},"geometry":{"type":"Polygon","coordinates":[[[126.93492703,37.51059111],[126.93491428,37.51062066],[126.93490632,37.51062572],[126.93488843,37.51067133],[126.93497695,37.51069813],[126.93499023,37.51067195],[126.93499941,37.51067449],[126.93499994,37.51067309],[126.93502439,37.51061846],[126.935,37.51061141],[126.93492703,37.51059111]]]}},{"type":"Feature","id":"seoul-building-548196","properties":{"id":"seoul-building-548196","sourceId":"2006194228124455438000000000","pnu":"1159010100102710034","name":"서울특별시 동작구 노량진동","address":"서울특별시 동작구 노량진동","useName":"단독주택","floors":4.0,"height":7.7,"heightSource":"measured","heightRaw":7.7,"sourceDate":"2026-09-09"},"geometry":{"type":"Polygon","coordinates":[[[126.93550031,37.51205527],[126.93549446,37.51207638],[126.93546265,37.51207411],[126.93546,37.51208594],[126.93542412,37.51208282],[126.93541896,37.51212421],[126.93556174,37.51213949],[126.93557436,37.51206235],[126.93550031,37.51205527]]]}},{"type":"Feature","id":"seoul-building-548228","properties":{"id":"seoul-building-548228","sourceId":"0000194480944457690300000000","pnu":"1159010100100130008","name":"서울특별시 동작구 노량진동","address":"서울특별시 동작구 노량진동","useName":"","floors":0.0,"height":0,"heightSource":"unknown","heightRaw":0.0,"sourceDate":"2026-09-09"},"geometry":{"type":"Polygon","coordinates":[[[126.93834399,37.5140939],[126.93832646,37.51415668],[126.93838106,37.51416854],[126.93839701,37.51410125],[126.93834399,37.5140939]]]}},{"type":"Feature","id":"seoul-building-548229","properties":{"id":"seoul-building-548229","sourceId":"1983194256424453307900000000","pnu":"1159010100102940174","name":"서울특별시 동작구 노량진동","address":"서울특별시 동작구 노량진동","useName":"단독주택","floors":2.0,"height":7.4,"heightSource":"estimated","heightRaw":0.0,"sourceDate":"2026-09-09"},"geometry":{"type":"Polygon","coordinates":[[[126.93582414,37.51012701],[126.93582378,37.5101349],[126.9357667,37.51013458],[126.93576415,37.5102275],[126.93588273,37.51023263],[126.93588511,37.51012761],[126.93582414,37.51012701]]]}},{"type":"Feature","id":"seoul-building-548233","properties":{"id":"seoul-building-548233","sourceId":"1997194467664453161400000000","pnu":"1159010100102490060","name":"서울특별시 동작구 노량진동","address":"서울특별시 동작구 노량진동","useName":"단독주택","floors":2.0,"height":8.8,"heightSource":"measured","heightRaw":8.8,"sourceDate":"2026-09-09"},"geometry":{"type":"Polygon","coordinates":[[[126.93818353,37.5100072],[126.93818335,37.51001536],[126.93815366,37.51001534],[126.9381513,37.51008883],[126.93827536,37.51009087],[126.93827719,37.51000893],[126.93818353,37.5100072]]]}},{"type":"Feature","id":"seoul-building-548235","properties":{"id":"seoul-building-548235","sourceId":"1964194332964454525000000000","pnu":"1159010100102800012","name":"서울특별시 동작구 노량진동","address":"서울특별시 동작구 노량진동","useName":"단독주택","floors":1.0,"height":4.2,"heightSource":"estimated","heightRaw":0.0,"sourceDate":"2026-09-09"},"geometry":{"type":"Polygon","coordinates":[[[126.9367473,37.51124251],[126.93669127,37.51124388],[126.9366911,37.51124642],[126.93663154,37.51124779],[126.93663236,37.51131031],[126.93674936,37.51130952],[126.9367473,37.51124251]]]}},{"type":"Feature","id":"seoul-building-548267","properties":{"id":"seoul-building-548267","sourceId":"1989194523304454094200000000","pnu":"1159010100102470011","name":"서울특별시 동작구 노량진동","address":"서울특별시 동작구 노량진동","useName":"단독주택","floors":2.0,"height":7.4,"heightSource":"estimated","heightRaw":0.0,"sourceDate":"2026-09-09"},"geometry":{"type":"Polygon","coordinates":[[[126.9388159,37.51083251],[126.93877642,37.5109133],[126.93888119,37.51094461],[126.93889943,37.51090858],[126.93889518,37.51090632],[126.93890882,37.51087451],[126.93887295,37.51086351],[126.93887827,37.51085338],[126.9388159,37.51083251]]]}},{"type":"Feature","id":"seoul-building-548271","properties":{"id":"seoul-building-548271","sourceId":"0000194161404454756600000000","pnu":"1159010100102730007","name":"서울특별시 동작구 노량진동","address":"서울특별시 동작구 노량진동","useName":"","floors":0.0,"height":0,"heightSource":"unknown","heightRaw":0.0,"sourceDate":"2026-09-09"},"geometry":{"type":"Polygon","coordinates":[[[126.93477837,37.51143149],[126.93474463,37.51142782],[126.93472243,37.51153958],[126.93475619,37.51154213],[126.93477837,37.51143149]]]}},{"type":"Feature","id":"seoul-building-548294","properties":{"id":"seoul-building-548294","sourceId":"2006194346574453300500000000","pnu":"1159010100102890063","name":"서울특별시 동작구 노량진동","address":"서울특별시 동작구 노량진동","useName":"단독주택","floors":4.0,"height":10.5,"heightSource":"measured","heightRaw":10.5,"sourceDate":"2026-09-09"},"geometry":{"type":"Polygon","coordinates":[[[126.93681752,37.51013092],[126.93679306,37.51020046],[126.9368747,37.51021824],[126.93689808,37.51014758],[126.93681752,37.51013092]]]}},{"type":"Feature","id":"seoul-building-548299","properties":{"id":"seoul-building-548299","sourceId":"1967194278424456342200000000","pnu":"1159010100100310003","name":"노량진새마을금고","address":"서울특별시 동작구 노량진동","useName":"제2종근린생활시설","floors":2.0,"height":5.7,"heightSource":"measured","heightRaw":5.7,"sourceDate":"2026-09-09"},"geometry":{"type":"Polygon","coordinates":[[[126.9360081,37.51283604],[126.93597764,37.51290866],[126.93610324,37.51296842],[126.93611013,37.51296843],[126.93611809,37.51297351],[126.93618667,37.51295946],[126.93619215,37.5129513],[126.9360081,37.51283604]]]}},{"type":"Feature","id":"seoul-building-548312","properties":{"id":"seoul-building-548312","sourceId":"1976194253094456242600000000","pnu":"1159010100102650001","name":"서울특별시 동작구 노량진동","address":"서울특별시 동작구 노량진동","useName":"제1종근린생활시설","floors":3.0,"height":10.6,"heightSource":"estimated","heightRaw":0.0,"sourceDate":"2026-09-09"},"geometry":{"type":"Polygon","coordinates":[[[126.93583881,37.51279399],[126.93582521,37.51279595],[126.93582222,37.51278666],[126.93566931,37.5128215],[126.93568517,37.5128705],[126.93591868,37.51282191],[126.93590546,37.51278248],[126.93584853,37.51280526],[126.93583881,37.51279399]]]}},{"type":"Feature","id":"seoul-building-548334","properties":{"id":"seoul-building-548334","sourceId":"1968194434954456128500000000","pnu":"1159010100100390025","name":"서울특별시 동작구 노량진동","address":"서울특별시 동작구 노량진동","useName":"단독주택","floors":2.0,"height":7.4,"heightSource":"estimated","heightRaw":0.0,"sourceDate":"2026-09-09"},"geometry":{"type":"Polygon","coordinates":[[[126.93790227,37.51268697],[126.93777944,37.51268973],[126.93778186,37.51275533],[126.93785326,37.51275367],[126.9378536,37.51276269],[126.93790238,37.51276159],[126.93790227,37.51268697]]]}},{"type":"Feature","id":"seoul-building-548379","properties":{"id":"seoul-building-548379","sourceId":"1960194610744453606400000000","pnu":"1159010100102350019","name":"서울특별시 동작구 노량진동","address":"서울특별시 동작구 노량진동","useName":"단독주택","floors":1.0,"height":4.2,"heightSource":"estimated","heightRaw":0.0,"sourceDate":"2026-09-09"},"geometry":{"type":"Polygon","coordinates":[[[126.93978893,37.51042812],[126.93978501,37.5104636],[126.93988026,37.5104749],[126.93988029,37.51043943],[126.93978893,37.51042812]]]}},{"type":"Feature","id":"seoul-building-548399","properties":{"id":"seoul-building-548399","sourceId":"0000194439134458165700000000","pnu":"1159010100100130006","name":"서울특별시 동작구 노량진동","address":"서울특별시 동작구 노량진동","useName":"","floors":0.0,"height":0,"heightSource":"unknown","heightRaw":0.0,"sourceDate":"2026-09-09"},"geometry":{"type":"Polygon","coordinates":[[[126.93788412,37.51453009],[126.93787188,37.51458244],[126.93789503,37.5145864],[126.93790551,37.51453348],[126.93788412,37.51453009]]]}},{"type":"Feature","id":"seoul-building-548482","properties":{"id":"seoul-building-548482","sourceId":"1985194294534455245100000000","pnu":"1159010100102780005","name":"서울특별시 동작구 노량진동","address":"서울특별시 동작구 노량진동","useName":"제1종근린생활시설","floors":1.0,"height":4.2,"heightSource":"estimated","heightRaw":0.0,"sourceDate":"2026-09-09"},"geometry":{"type":"Polygon","coordinates":[[[126.93626617,37.51195348],[126.93631495,37.51195097],[126.9363134,37.51189888],[126.93620789,37.51190249],[126.93617926,37.51191429],[126.93622216,37.51195571],[126.93626617,37.51195348]]]}},{"type":"Feature","id":"seoul-building-548553","properties":{"id":"seoul-building-548553","sourceId":"1991194064954453892400000000","pnu":"1159010800100440200","name":"서울특별시 동작구 대방동","address":"서울특별시 동작구 대방동","useName":"단독주택","floors":2.0,"height":7.4,"heightSource":"estimated","heightRaw":0.0,"sourceDate":"2026-09-09"},"geometry":{"type":"Polygon","coordinates":[[[126.93362361,37.51065655],[126.93360761,37.51074946],[126.93367565,37.51075709],[126.93368274,37.51073513],[126.93369405,37.51073486],[126.93369813,37.51071121],[126.9337174,37.51071206],[126.93372273,37.51067574],[126.93367397,37.51066248],[126.93367308,37.51066642],[126.93362361,37.51065655]]]}},{"type":"Feature","id":"seoul-building-548557","properties":{"id":"seoul-building-548557","sourceId":"1991194046464453977900000000","pnu":"1159010800100440006","name":"서울특별시 동작구 대방동","address":"서울특별시 동작구 대방동","useName":"단독주택","floors":2.0,"height":7.4,"heightSource":"estimated","heightRaw":0.0,"sourceDate":"2026-09-09"},"geometry":{"type":"Polygon","coordinates":[[[126.93341074,37.51074653],[126.93340291,37.51081438],[126.93348932,37.51081922],[126.93349342,37.51078149],[126.93349908,37.51078121],[126.93350175,37.51075305],[126.93341074,37.51074653]]]}},{"type":"Feature","id":"seoul-building-548581","properties":{"id":"seoul-building-548581","sourceId":"1987194314734455167700000000","pnu":"1159010100102780002","name":"서울특별시 동작구 노량진동","address":"서울특별시 동작구 노량진동","useName":"단독주택","floors":2.0,"height":7.4,"heightSource":"estimated","heightRaw":0.0,"sourceDate":"2026-09-09"},"geometry":{"type":"Polygon","coordinates":[[[126.93641844,37.51182207],[126.93641168,37.51188373],[126.93652583,37.51189082],[126.9365285,37.51187703],[126.93654211,37.5118776],[126.93654335,37.51186887],[126.93656527,37.5118686],[126.93656724,37.5118351],[126.93641844,37.51182207]]]}},{"type":"Feature","id":"seoul-building-548583","properties":{"id":"seoul-building-548583","sourceId":"1990194343094453528800000000","pnu":"1159010100102890051","name":"서울특별시 동작구 노량진동","address":"서울특별시 동작구 노량진동","useName":"단독주택","floors":2.0,"height":7.4,"heightSource":"estimated","heightRaw":0.0,"sourceDate":"2026-09-09"},"geometry":{"type":"Polygon","coordinates":[[[126.93681736,37.51033],[126.93681257,37.51034548],[126.93675638,37.51033334],[126.93672751,37.51040681],[126.93684748,37.51043503],[126.93688185,37.51034552],[126.93681736,37.51033]]]}},{"type":"Feature","id":"seoul-building-548588","properties":{"id":"seoul-building-548588","sourceId":"1994194240384454792000000000","pnu":"1159010100102740005","name":"서울특별시 동작구 노량진동","address":"서울특별시 동작구 노량진동","useName":"제1종근린생활시설","floors":2.0,"height":5.8,"heightSource":"measured","heightRaw":5.8,"sourceDate":"2026-09-09"},"geometry":{"type":"Polygon","coordinates":[[[126.93571464,37.51147987],[126.93556266,37.51148513],[126.9355656,37.51154511],[126.93563135,37.51154458],[126.93563099,37.51155894],[126.93571423,37.51155729],[126.93571464,37.51147987]]]}},{"type":"Feature","id":"seoul-building-548603","properties":{"id":"seoul-building-548603","sourceId":"1993194167024454251300000000","pnu":"1159010100102730039","name":"서울특별시 동작구 노량진동","address":"서울특별시 동작구 노량진동","useName":"단독주택","floors":3.0,"height":10.6,"heightSource":"estimated","heightRaw":0.0,"sourceDate":"2026-09-09"},"geometry":{"type":"Polygon","coordinates":[[[126.93476162,37.5109821],[126.93475253,37.51106121],[126.9348766,37.51106833],[126.93488529,37.5110261],[126.9348618,37.51100976],[126.93485703,37.51101031],[126.93483336,37.51099425],[126.93476162,37.5109821]]]}},{"type":"Feature","id":"seoul-building-548714","properties":{"id":"seoul-building-548714","sourceId":"1989194383284455839600000000","pnu":"1159010100102580040","name":"서울특별시 동작구 노량진동","address":"서울특별시 동작구 노량진동","useName":"단독주택","floors":4.0,"height":11.4,"heightSource":"measured","heightRaw":11.4,"sourceDate":"2026-09-09"},"geometry":{"type":"Polygon","coordinates":[[[126.93732134,37.51248978],[126.93728953,37.51241133],[126.93719696,37.51243516],[126.93722879,37.51251361],[126.93732134,37.51248978]]]}},{"type":"Feature","id":"seoul-building-548717","properties":{"id":"seoul-building-548717","sourceId":"1988194383044456050100000000","pnu":"1159010100100350001","name":"서울특별시 동작구 노량진동","address":"서울특별시 동작구 노량진동","useName":"단독주택","floors":3.0,"height":10.6,"heightSource":"estimated","heightRaw":0.0,"sourceDate":"2026-09-09"},"geometry":{"type":"Polygon","coordinates":[[[126.93729155,37.51259909],[126.93721254,37.51261537],[126.93721829,37.51269872],[126.93729889,37.51269483],[126.93729155,37.51259909]]]}},{"type":"Feature","id":"seoul-building-548912","properties":{"id":"seoul-building-548912","sourceId":"1984194493974455318600000000","pnu":"1159010100102440059","name":"서울특별시 동작구 노량진동","address":"서울특별시 동작구 노량진동","useName":"단독주택","floors":3.0,"height":9.15,"heightSource":"measured","heightRaw":9.15,"sourceDate":"2026-09-09"},"geometry":{"type":"Polygon","coordinates":[[[126.9384524,37.51201512],[126.93854627,37.51203866],[126.9385714,37.51197507],[126.93852393,37.51196316],[126.93852597,37.511958],[126.93847957,37.51194637],[126.9384524,37.51201512]]]}},{"type":"Feature","id":"seoul-building-548929","properties":{"id":"seoul-building-548929","sourceId":"1994194470704455063500000000","pnu":"1159010100102440051","name":"서울특별시 동작구 노량진동","address":"서울특별시 동작구 노량진동","useName":"단독주택","floors":3.0,"height":9.1,"heightSource":"measured","heightRaw":9.1,"sourceDate":"2026-09-09"},"geometry":{"type":"Polygon","coordinates":[[[126.93819161,37.51174869],[126.93817737,37.51178574],[126.93828553,37.5118121],[126.93829976,37.51177505],[126.93832137,37.51178038],[126.93833331,37.51174931],[126.93819379,37.5117153],[126.93818187,37.51174632],[126.93819161,37.51174869]]]}},{"type":"Feature","id":"seoul-building-548930","properties":{"id":"seoul-building-548930","sourceId":"1991194570844454889100000000","pnu":"1159010100102420009","name":"서울특별시 동작구 노량진동","address":"서울특별시 동작구 노량진동","useName":"단독주택","floors":3.0,"height":9.1,"heightSource":"measured","heightRaw":9.1,"sourceDate":"2026-09-09"},"geometry":{"type":"Polygon","coordinates":[[[126.93934411,37.51164315],[126.93935882,37.51164295],[126.93936802,37.51165004],[126.93937594,37.51164993],[126.93937599,37.51165264],[126.93939296,37.5116524],[126.9393929,37.5116497],[126.93942909,37.51164921],[126.93942799,37.51159787],[126.93942121,37.51159795],[126.93942074,37.51157634],[126.939397,37.51157666],[126.93939694,37.51157396],[126.93937997,37.51157402],[126.93937957,37.51155527],[126.93933886,37.51155581],[126.93934042,37.51162879],[126.93934359,37.51163123],[126.93934411,37.51164315]]]}},{"type":"Feature","id":"seoul-building-548931","properties":{"id":"seoul-building-548931","sourceId":"1989194463304455294400000000","pnu":"1159010100102440056","name":"서울특별시 동작구 노량진동","address":"서울특별시 동작구 노량진동","useName":"단독주택","floors":4.0,"height":12.25,"heightSource":"measured","heightRaw":12.25,"sourceDate":"2026-09-09"},"geometry":{"type":"Polygon","coordinates":[[[126.93809227,37.51198385],[126.93820542,37.51201806],[126.93823391,37.51195826],[126.93812077,37.51192404],[126.93811073,37.5119451],[126.93812025,37.51194798],[126.93811062,37.5119682],[126.9381011,37.51196532],[126.93809227,37.51198385]]]}},{"type":"Feature","id":"seoul-building-548932","properties":{"id":"seoul-building-548932","sourceId":"1990194490344455425600000000","pnu":"1159010100102440066","name":"서울특별시 동작구 노량진동","address":"서울특별시 동작구 노량진동","useName":"단독주택","floors":3.0,"height":9.85,"heightSource":"measured","heightRaw":9.85,"sourceDate":"2026-09-09"},"geometry":{"type":"Polygon","coordinates":[[[126.93841011,37.51211598],[126.93845543,37.51212733],[126.93845577,37.51212647],[126.93850001,37.51213755],[126.93852409,37.51207653],[126.93851978,37.51207544],[126.93852622,37.51205911],[126.93847659,37.51204668],[126.93847354,37.51205442],[126.93843793,37.5120455],[126.93841011,37.51211598]]]}},{"type":"Feature","id":"seoul-building-548933","properties":{"id":"seoul-building-548933","sourceId":"1990194389424453908900000000","pnu":"1159010100102500004","name":"서울특별시 동작구 노량진동","address":"서울특별시 동작구 노량진동","useName":"단독주택","floors":3.0,"height":9.1,"heightSource":"measured","heightRaw":9.1,"sourceDate":"2026-09-09"},"geometry":{"type":"Polygon","coordinates":[[[126.93738531,37.51075876],[126.9373854,37.51067496],[126.93734129,37.51067493],[126.93734127,37.51069565],[126.93726662,37.5106956],[126.93726655,37.51075867],[126.93738531,37.51075876]]]}},{"type":"Feature","id":"seoul-building-548987","properties":{"id":"seoul-building-548987","sourceId":"1991194382644453656500000000","pnu":"1159010100102500009","name":"서울특별시 동작구 노량진동","address":"서울특별시 동작구 노량진동","useName":"단독주택","floors":3.0,"height":9.4,"heightSource":"measured","heightRaw":9.4,"sourceDate":"2026-09-09"},"geometry":{"type":"Polygon","coordinates":[[[126.93730327,37.51052653],[126.937299,37.51045453],[126.93726285,37.51045589],[126.937263,37.5104586],[126.93721329,37.51046047],[126.93721528,37.51049377],[126.93719945,37.51049437],[126.9372018,37.51053397],[126.93724925,37.51053217],[126.93724904,37.51052858],[126.93730327,37.51052653]]]}},{"type":"Feature","id":"seoul-building-548988","properties":{"id":"seoul-building-548988","sourceId":"2002194430974454884600000000","pnu":"1159010100102550015","name":"서울특별시 동작구 노량진동","address":"서울특별시 동작구 노량진동","useName":"단독주택","floors":4.0,"height":10.5,"heightSource":"measured","heightRaw":10.5,"sourceDate":"2026-09-09"},"geometry":{"type":"Polygon","coordinates":[[[126.93775921,37.5116294],[126.93777884,37.51165783],[126.93786407,37.5116205],[126.93784772,37.51159681],[126.9378507,37.5115955],[126.93781745,37.51154735],[126.93777781,37.51156471],[126.93777667,37.51156315],[126.93773411,37.51158179],[126.93776517,37.5116268],[126.93775921,37.5116294]]]}},{"type":"Feature","id":"seoul-building-548994","properties":{"id":"seoul-building-548994","sourceId":"1990194337684455453300000000","pnu":"1159010100102560002","name":"서울특별시 동작구 노량진동","address":"서울특별시 동작구 노량진동","useName":"단독주택","floors":3.0,"height":9.2,"heightSource":"measured","heightRaw":9.2,"sourceDate":"2026-09-09"},"geometry":{"type":"Polygon","coordinates":[[[126.93678134,37.51212912],[126.93680099,37.51208832],[126.93673182,37.51206719],[126.9366903,37.51215341],[126.93672674,37.51216455],[126.93673767,37.51214183],[126.93675668,37.51214763],[126.93676761,37.51212493],[126.93678134,37.51212912]]]}},{"type":"Feature","id":"seoul-building-548995","properties":{"id":"seoul-building-548995","sourceId":"1989194429154455481700000000","pnu":"1159010100102560060","name":"서울특별시 동작구 노량진동","address":"서울특별시 동작구 노량진동","useName":"단독주택","floors":3.0,"height":10.0,"heightSource":"measured","heightRaw":10.0,"sourceDate":"2026-09-09"},"geometry":{"type":"Polygon","coordinates":[[[126.93773089,37.51219306],[126.93783292,37.51217268],[126.93783045,37.51216481],[126.93783813,37.51216328],[126.93784441,37.51214251],[126.93782653,37.51208571],[126.93777168,37.51209667],[126.93777305,37.51210104],[126.93772588,37.51211046],[126.93772835,37.51211832],[126.93770532,37.51212293],[126.93771742,37.51216138],[126.93772071,37.51216073],[126.93773089,37.51219306]]]}},{"type":"Feature","id":"seoul-building-548996","properties":{"id":"seoul-building-548996","sourceId":"1966194354034455362400000000","pnu":"1159010100102580024","name":"서울특별시 동작구 노량진동","address":"서울특별시 동작구 노량진동","useName":"단독주택","floors":1.0,"height":3.2,"heightSource":"measured","heightRaw":3.2,"sourceDate":"2026-09-09"},"geometry":{"type":"Polygon","coordinates":[[[126.93688504,37.51201048],[126.93686522,37.51204289],[126.93695266,37.51207682],[126.93698833,37.5120185],[126.9369375,37.51199877],[126.93693948,37.51199554],[126.93691608,37.51198646],[126.93689833,37.51201547],[126.93688504,37.51201048]]]}},{"type":"Feature","id":"seoul-building-548997","properties":{"id":"seoul-building-548997","sourceId":"1991194364554455731300000000","pnu":"1159010100102580035","name":"서울특별시 동작구 노량진동","address":"서울특별시 동작구 노량진동","useName":"단독주택","floors":3.0,"height":9.1,"heightSource":"measured","heightRaw":9.1,"sourceDate":"2026-09-09"},"geometry":{"type":"Polygon","coordinates":[[[126.93700028,37.51235839],[126.93699339,37.51238756],[126.93700256,37.51241218],[126.93706718,37.51239689],[126.93706944,37.51240294],[126.93711253,37.51239275],[126.93710465,37.51237206],[126.93710248,37.51237257],[126.93708049,37.51231358],[126.93700676,37.51233102],[126.93700627,37.51232972],[126.9369962,37.51233429],[126.93699083,37.51235697],[126.93700028,37.51235839]]]}},{"type":"Feature","id":"seoul-building-548998","properties":{"id":"seoul-building-548998","sourceId":"1996194347504455569600000000","pnu":"1159010100102580038","name":"서울특별시 동작구 노량진동","address":"서울특별시 동작구 노량진동","useName":"단독주택","floors":3.0,"height":9.2,"heightSource":"measured","heightRaw":9.2,"sourceDate":"2026-09-09"},"geometry":{"type":"Polygon","coordinates":[[[126.9367888,37.5122229],[126.93681584,37.51222303],[126.93681573,37.51223663],[126.93684514,37.51223677],[126.93684499,37.5122575],[126.93685517,37.51225755],[126.9368551,37.51226656],[126.93690487,37.51226679],[126.93690546,37.51218841],[126.93688176,37.51218829],[126.9368816,37.51218748],[126.93686351,37.5121874],[126.93686353,37.51218289],[126.93684453,37.5121828],[126.93684453,37.51218384],[126.93683639,37.5121838],[126.9368364,37.51218096],[126.93679267,37.51218075],[126.93679232,37.51218156],[126.93679127,37.51218156],[126.93679126,37.51218327],[126.93678907,37.51218733],[126.9367888,37.5122229]]]}},{"type":"Feature","id":"seoul-building-548999","properties":{"id":"seoul-building-548999","sourceId":"1986194234874455472100000000","pnu":"1159010100102710009","name":"서울특별시 동작구 노량진동","address":"서울특별시 동작구 노량진동","useName":"단독주택","floors":4.0,"height":11.7,"heightSource":"measured","heightRaw":11.7,"sourceDate":"2026-09-09"},"geometry":{"type":"Polygon","coordinates":[[[126.93554364,37.5121514],[126.93555296,37.51219857],[126.93560882,37.51219157],[126.93560531,37.51217377],[126.93560977,37.51217321],[126.93560504,37.51214922],[126.93561956,37.51214736],[126.93561111,37.51210464],[126.93561782,37.51210379],[126.93560921,37.51206018],[126.93556012,37.51206633],[126.93556637,37.51209838],[126.93553732,37.51210203],[126.93554137,37.5121225],[126.93554471,37.51212208],[126.93555034,37.51215055],[126.93554364,37.5121514]]]}},{"type":"Feature","id":"seoul-building-549004","properties":{"id":"seoul-building-549004","sourceId":"1992194390094453306500000000","pnu":"1159010100102910023","name":"서울특별시 동작구 노량진동","address":"서울특별시 동작구 노량진동","useName":"단독주택","floors":3.0,"height":9.1,"heightSource":"measured","heightRaw":9.1,"sourceDate":"2026-09-09"},"geometry":{"type":"Polygon","coordinates":[[[126.93729162,37.51015525],[126.93729581,37.51017024],[126.93729279,37.51017073],[126.93729796,37.5101892],[126.93730097,37.51018867],[126.93730736,37.51021153],[126.93731067,37.51021095],[126.93731239,37.51021707],[126.93738636,37.51020397],[126.93737161,37.51015121],[126.93734903,37.51014506],[126.93729162,37.51015525]]]}},{"type":"Feature","id":"seoul-building-549027","properties":{"id":"seoul-building-549027","sourceId":"1997193903204454214600000000","pnu":"1159010800100230121","name":"서울특별시 동작구 대방동","address":"서울특별시 동작구 대방동","useName":"단독주택","floors":4.0,"height":13.7,"heightSource":"measured","heightRaw":13.7,"sourceDate":"2026-09-09"},"geometry":{"type":"Polygon","coordinates":[[[126.93176184,37.51102578],[126.9318058,37.51102862],[126.93180526,37.511034],[126.93188191,37.51103895],[126.93188411,37.51101739],[126.93189425,37.51101805],[126.93189991,37.51096237],[126.93176914,37.51095394],[126.93176184,37.51102578]]]}},{"type":"Feature","id":"seoul-building-549059","properties":{"id":"seoul-building-549059","sourceId":"0000194268274453131700000000","pnu":"1159010100102940528","name":"서울특별시 동작구 노량진동","address":"서울특별시 동작구 노량진동","useName":"단독주택","floors":3.0,"height":7.8,"heightSource":"measured","heightRaw":7.8,"sourceDate":"2026-09-09"},"geometry":{"type":"Polygon","coordinates":[[[126.93590977,37.51003345],[126.93598471,37.5100538],[126.93600876,37.50999759],[126.93592434,37.50999941],[126.93590977,37.51003345]]]}},{"type":"Feature","id":"seoul-building-549061","properties":{"id":"seoul-building-549061","sourceId":"2015194323004453228900000000","pnu":"1159010100102890049","name":"서울특별시 동작구 노량진동","address":"서울특별시 동작구 노량진동","useName":"단독주택","floors":4.0,"height":9.6,"heightSource":"measured","heightRaw":9.6,"sourceDate":"2026-09-09"},"geometry":{"type":"Polygon","coordinates":[[[126.93652189,37.5101372],[126.93655329,37.51014474],[126.93655493,37.51014043],[126.93658201,37.51014692],[126.93659016,37.51012535],[126.93662915,37.51013471],[126.93664448,37.51009416],[126.93654701,37.51007078],[126.93652189,37.5101372]]]}},{"type":"Feature","id":"seoul-building-549063","properties":{"id":"seoul-building-549063","sourceId":"1969193943014454881400000000","pnu":"1159010800100230057","name":"서울특별시 동작구 대방동","address":"서울특별시 동작구 대방동","useName":"단독주택","floors":2.0,"height":5.6,"heightSource":"measured","heightRaw":5.6,"sourceDate":"2026-09-09"},"geometry":{"type":"Polygon","coordinates":[[[126.93222203,37.51155935],[126.9322255,37.51162506],[126.93222323,37.51162514],[126.93222396,37.51163864],[126.93231548,37.51163558],[126.93231521,37.51163017],[126.93233441,37.51162952],[126.9323327,37.51159712],[126.93233948,37.51159689],[126.93233705,37.51155098],[126.9322975,37.5115523],[126.93229808,37.51156311],[126.93226339,37.51156428],[126.93226271,37.51155799],[126.93222203,37.51155935]]]}},{"type":"Feature","id":"seoul-building-549065","properties":{"id":"seoul-building-549065","sourceId":"1987194302544455165900000000","pnu":"1159010100102780003","name":"서울특별시 동작구 노량진동","address":"서울특별시 동작구 노량진동","useName":"단독주택","floors":2.0,"height":7.1,"heightSource":"measured","heightRaw":7.1,"sourceDate":"2026-09-09"},"geometry":{"type":"Polygon","coordinates":[[[126.93631237,37.51188737],[126.93638582,37.51188998],[126.93638642,37.51187918],[126.93637512,37.51187877],[126.93637839,37.51182027],[126.93631624,37.51181807],[126.93631237,37.51188737]]]}},{"type":"Feature","id":"seoul-building-549239","properties":{"id":"seoul-building-549239","sourceId":"2000194487414456111400000000","pnu":"1159010100100390006","name":"서울특별시 동작구 노량진동","address":"서울특별시 동작구 노량진동","useName":"단독주택","floors":5.0,"height":15.35,"heightSource":"measured","heightRaw":15.35,"sourceDate":"2026-09-09"},"geometry":{"type":"Polygon","coordinates":[[[126.93849148,37.512741],[126.93846898,37.51266099],[126.93838069,37.51267674],[126.93839898,37.5127418],[126.93840283,37.5127468],[126.93840974,37.51274885],[126.93844181,37.51274986],[126.93849148,37.512741]]]}},{"type":"Feature","id":"seoul-building-549345","properties":{"id":"seoul-building-549345","sourceId":"1990194309064455249800000000","pnu":"1159010100102780001","name":"서울특별시 동작구 노량진동","address":"서울특별시 동작구 노량진동","useName":"단독주택","floors":3.0,"height":9.1,"heightSource":"measured","heightRaw":9.1,"sourceDate":"2026-09-09"},"geometry":{"type":"Polygon","coordinates":[[[126.93643034,37.51190371],[126.93642988,37.51191091],[126.93635759,37.51190797],[126.93635476,37.51195206],[126.93647224,37.51195684],[126.93647379,37.51193255],[126.93648396,37.51193296],[126.93648569,37.51190596],[126.93643034,37.51190371]]]}},{"type":"Feature","id":"seoul-building-549582","properties":{"id":"seoul-building-549582","sourceId":"2000194282774455556000000000","pnu":"1159010100102770008","name":"서울특별시 동작구 노량진동","address":"서울특별시 동작구 노량진동","useName":"단독주택","floors":3.0,"height":9.1,"heightSource":"measured","heightRaw":9.1,"sourceDate":"2026-09-09"},"geometry":{"type":"Polygon","coordinates":[[[126.93609267,37.51222887],[126.93613326,37.51224243],[126.93616082,37.51219008],[126.93610448,37.51217127],[126.93608743,37.51220368],[126.93610308,37.5122089],[126.93609267,37.51222887]]]}},{"type":"Feature","id":"seoul-building-549588","properties":{"id":"seoul-building-549588","sourceId":"2014194542654453802000000000","pnu":"1159010100102480009","name":"서울특별시 동작구 노량진동","address":"서울특별시 동작구 노량진동","useName":"단독주택","floors":4.0,"height":10.0,"heightSource":"measured","heightRaw":10.0,"sourceDate":"2026-09-09"},"geometry":{"type":"Polygon","coordinates":[[[126.93898436,37.51063251],[126.93901456,37.51065292],[126.93902407,37.51064398],[126.93908358,37.5106842],[126.93913918,37.51063198],[126.93907967,37.51059176],[126.93908333,37.51058832],[126.93905314,37.51056793],[126.93898436,37.51063251]]]}},{"type":"Feature","id":"seoul-building-549589","properties":{"id":"seoul-building-549589","sourceId":"1991194395574455376100000000","pnu":"1159010100102560044","name":"서울특별시 동작구 노량진동","address":"서울특별시 동작구 노량진동","useName":"제2종근린생활시설","floors":3.0,"height":7.9,"heightSource":"measured","heightRaw":7.9,"sourceDate":"2026-09-09"},"geometry":{"type":"Polygon","coordinates":[[[126.93737683,37.51208962],[126.93744468,37.51207554],[126.93741986,37.51199968],[126.93735201,37.51201377],[126.93737683,37.51208962]]]}},{"type":"Feature","id":"seoul-building-549654","properties":{"id":"seoul-building-549654","sourceId":"1980194502124456430700000000","pnu":"1159010100100400014","name":"서울특별시 동작구 노량진동","address":"서울특별시 동작구 노량진동","useName":"교육연구시설","floors":7.0,"height":24.9,"heightSource":"measured","heightRaw":24.9,"sourceDate":"2026-09-09"},"geometry":{"type":"Polygon","coordinates":[[[126.93842956,37.51321911],[126.93865634,37.51322182],[126.93863998,37.51319403],[126.9386059,37.51319324],[126.93860983,37.51310906],[126.93858213,37.51310842],[126.9385874,37.51296468],[126.93886873,37.51296882],[126.93887467,37.51280671],[126.93877295,37.51280322],[126.93877053,37.51286919],[126.93844021,37.51286191],[126.93842956,37.51321911]]]}},{"type":"Feature","id":"seoul-building-549659","properties":{"id":"seoul-building-549659","sourceId":"1992194575814454637100000000","pnu":"1159010100102420004","name":"서울특별시 동작구 노량진동","address":"서울특별시 동작구 노량진동","useName":"단독주택","floors":3.0,"height":9.1,"heightSource":"measured","heightRaw":9.1,"sourceDate":"2026-09-09"},"geometry":{"type":"Polygon","coordinates":[[[126.93939773,37.51141863],[126.93943506,37.51141862],[126.93943505,37.51140961],[126.9394686,37.51140959],[126.93948251,37.51136656],[126.9394825,37.51134381],[126.93944517,37.51134383],[126.93944518,37.51134924],[126.93939768,37.51134926],[126.93939773,37.51141863]]]}},{"type":"Feature","id":"seoul-building-549660","properties":{"id":"seoul-building-549660","sourceId":"1991194577824454532300000000","pnu":"1159010100102420008","name":"서울특별시 동작구 노량진동","address":"서울특별시 동작구 노량진동","useName":"단독주택","floors":3.0,"height":2.6,"heightSource":"measured","heightRaw":2.6,"sourceDate":"2026-09-09"},"geometry":{"type":"Polygon","coordinates":[[[126.93945694,37.5112463],[126.93945287,37.51124635],[126.93945262,37.51125852],[126.93941303,37.51125894],[126.93941353,37.51128866],[126.93940674,37.51128874],[126.93940729,37.51132162],[126.93950625,37.51132053],[126.93950493,37.51124174],[126.93945686,37.51124226],[126.93945694,37.5112463]]]}},{"type":"Feature","id":"seoul-building-549661","properties":{"id":"seoul-building-549661","sourceId":"1990194328664455441500000000","pnu":"1159010100102560009","name":"서울특별시 동작구 노량진동","address":"서울특별시 동작구 노량진동","useName":"단독주택","floors":3.0,"height":9.5,"heightSource":"measured","heightRaw":9.5,"sourceDate":"2026-09-09"},"geometry":{"type":"Polygon","coordinates":[[[126.93657254,37.51212466],[126.93661121,37.51213617],[126.93661834,37.51212098],[126.93664959,37.51213029],[126.93664682,37.51213619],[126.93667596,37.51214486],[126.93670625,37.5120803],[126.93666757,37.51206878],[126.93666283,37.51207892],[126.93660985,37.51206314],[126.9365944,37.51209606],[126.93658699,37.51209385],[126.93657254,37.51212466]]]}},{"type":"Feature","id":"seoul-building-549685","properties":{"id":"seoul-building-549685","sourceId":"2012194193394453753900000000","pnu":"1159010100102940237","name":"서울특별시 동작구 노량진동","address":"서울특별시 동작구 노량진동","useName":"단독주택","floors":1.0,"height":3.5,"heightSource":"measured","heightRaw":3.5,"sourceDate":"2026-09-09"},"geometry":{"type":"Polygon","coordinates":[[[126.93503688,37.51057921],[126.93512415,37.51061341],[126.93513108,37.51060218],[126.93517883,37.51062079],[126.93519682,37.51059169],[126.93506184,37.51053878],[126.93503688,37.51057921]]]}},{"type":"Feature","id":"seoul-building-549802","properties":{"id":"seoul-building-549802","sourceId":"1970194598044454327100000000","pnu":"1159010100102400042","name":"서울특별시 동작구 노량진동","address":"서울특별시 동작구 노량진동","useName":"단독주택","floors":2.0,"height":6.0,"heightSource":"measured","heightRaw":6.0,"sourceDate":"2026-09-09"},"geometry":{"type":"Polygon","coordinates":[[[126.93960425,37.51106191],[126.93965492,37.51115926],[126.93977675,37.51112767],[126.93973611,37.51104963],[126.9396684,37.51107236],[126.93965428,37.51104522],[126.93960425,37.51106191]]]}},{"type":"Feature","id":"seoul-building-549895","properties":{"id":"seoul-building-549895","sourceId":"2012194515614455804400000000","pnu":"1159010100100390012","name":"서울특별시 동작구 노량진동","address":"서울특별시 동작구 노량진동","useName":"제2종근린생활시설","floors":10.0,"height":30.6,"heightSource":"measured","heightRaw":30.6,"sourceDate":"2026-09-09"},"geometry":{"type":"Polygon","coordinates":[[[126.93870966,37.51238019],[126.93870839,37.51238044],[126.93871392,37.51240002],[126.93870239,37.51240231],[126.9387311,37.51249428],[126.93873188,37.51249451],[126.93881309,37.51247843],[126.93877848,37.51236656],[126.93870966,37.51238019]]]}},{"type":"Feature","id":"seoul-building-549901","properties":{"id":"seoul-building-549901","sourceId":"0000194172454453359100000000","pnu":"1159010800100440121","name":"서울특별시 동작구 대방동","address":"서울특별시 동작구 대방동","useName":"단독주택","floors":1.0,"height":4.2,"heightSource":"estimated","heightRaw":0.0,"sourceDate":"2026-09-09"},"geometry":{"type":"Polygon","coordinates":[[[126.93487652,37.51022787],[126.93487879,37.51022607],[126.93487653,37.51022427],[126.93487426,37.51022607],[126.93487652,37.51022787]]]}},{"type":"Feature","id":"seoul-building-549905","properties":{"id":"seoul-building-549905","sourceId":"2004194330314455729200000000","pnu":"1159010100102600001","name":"서울특별시 동작구 노량진동","address":"서울특별시 동작구 노량진동","useName":"단독주택","floors":3.0,"height":10.6,"heightSource":"estimated","heightRaw":0.0,"sourceDate":"2026-09-09"},"geometry":{"type":"Polygon","coordinates":[[[126.93664754,37.51228971],[126.93658871,37.51237007],[126.9366479,37.51239788],[126.93664944,37.51239573],[126.93672143,37.51242922],[126.9367368,37.51240809],[126.93670962,37.5123955],[126.93671621,37.51238634],[126.93669494,37.51237663],[126.93670043,37.5123686],[126.93667285,37.51230736],[126.93665905,37.51230124],[126.93666223,37.51229653],[126.93664754,37.51228971]]]}},{"type":"Feature","id":"seoul-building-550034","properties":{"id":"seoul-building-550034","sourceId":"1995194182694453147800000000","pnu":"1159010100102940170","name":"서울특별시 동작구 노량진동","address":"서울특별시 동작구 노량진동","useName":"제1종근린생활시설","floors":4.0,"height":14.05,"heightSource":"measured","heightRaw":14.05,"sourceDate":"2026-09-09"},"geometry":{"type":"Polygon","coordinates":[[[126.93495375,37.51010191],[126.93500617,37.51010017],[126.93500872,37.51009973],[126.93501126,37.51009885],[126.93501336,37.51009736],[126.93501481,37.51009437],[126.93501547,37.51009146],[126.93501547,37.51008926],[126.93501434,37.51006984],[126.93504265,37.51006879],[126.93503649,37.50997723],[126.9349469,37.50997986],[126.93495375,37.51010191]]]}},{"type":"Feature","id":"seoul-building-550108","properties":{"id":"seoul-building-550108","sourceId":"2012194518804455942800000000","pnu":"1159010100100390011","name":"엘리안","address":"서울특별시 동작구 노량진동","useName":"제2종근린생활시설","floors":8.0,"height":23.6,"heightSource":"measured","heightRaw":23.6,"sourceDate":"2026-09-09"},"geometry":{"type":"Polygon","coordinates":[[[126.93881776,37.51249404],[126.93873244,37.512511],[126.93876604,37.51261818],[126.93885137,37.51260121],[126.93881776,37.51249404]]]}},{"type":"Feature","id":"seoul-building-550130","properties":{"id":"seoul-building-550130","sourceId":"0000194611544453961200000000","pnu":"1159010100102350016","name":"서울특별시 동작구 노량진동","address":"서울특별시 동작구 노량진동","useName":"단독주택","floors":1.0,"height":4.2,"heightSource":"estimated","heightRaw":0.0,"sourceDate":"2026-09-09"},"geometry":{"type":"Polygon","coordinates":[[[126.93984233,37.51077305],[126.93984459,37.51077125],[126.93984233,37.51076945],[126.93984007,37.51077125],[126.93984233,37.51077305]]]}},{"type":"Feature","id":"seoul-building-550708","properties":{"id":"seoul-building-550708","sourceId":"2011194407084456494900000000","pnu":"1159010100100410009","name":"서울특별시 동작구 노량진동","address":"서울특별시 동작구 노량진동","useName":"교육연구시설","floors":15.0,"height":70.5,"heightSource":"measured","heightRaw":70.5,"sourceDate":"2026-09-09"},"geometry":{"type":"Polygon","coordinates":[[[126.93747364,37.51295121],[126.9374024,37.51297716],[126.93738245,37.51318217],[126.93762568,37.51319717],[126.93764689,37.51297905],[126.93765822,37.51297975],[126.93766679,37.51289169],[126.93763731,37.51288986],[126.93763648,37.51289845],[126.93753783,37.51289236],[126.93753502,37.51292126],[126.93747441,37.51294334],[126.93747364,37.51295121]]]}},{"type":"Feature","id":"seoul-building-550710","properties":{"id":"seoul-building-550710","sourceId":"2003194187174453470200000000","pnu":"1159010100102940245","name":"드림빌","address":"서울특별시 동작구 노량진동","useName":"공동주택","floors":4.0,"height":12.1,"heightSource":"measured","heightRaw":12.1,"sourceDate":"2026-09-09"},"geometry":{"type":"Polygon","coordinates":[[[126.93495513,37.51038113],[126.93509746,37.51040353],[126.93513065,37.51027147],[126.93498834,37.51024906],[126.93495513,37.51038113]]]}},{"type":"Feature","id":"seoul-building-550765","properties":{"id":"seoul-building-550765","sourceId":"1992194027714453156600000000","pnu":"1159010800100440100","name":"서울특별시 동작구 대방동","address":"서울특별시 동작구 대방동","useName":"단독주택","floors":2.0,"height":7.4,"heightSource":"estimated","heightRaw":0.0,"sourceDate":"2026-09-09"},"geometry":{"type":"Polygon","coordinates":[[[126.9332124,37.51000364],[126.93321223,37.51000787],[126.93318536,37.5100087],[126.93318058,37.5100194],[126.93317736,37.5100805],[126.93323832,37.51008194],[126.9332385,37.51007714],[126.93329823,37.51007831],[126.93330149,37.51000567],[126.9332124,37.51000364]]]}},{"type":"Feature","id":"seoul-building-550831","properties":{"id":"seoul-building-550831","sourceId":"1986194549314453270900000000","pnu":"1159010100102480014","name":"서울특별시 동작구 노량진동","address":"서울특별시 동작구 노량진동","useName":"단독주택","floors":2.0,"height":7.4,"heightSource":"estimated","heightRaw":0.0,"sourceDate":"2026-09-09"},"geometry":{"type":"Polygon","coordinates":[[[126.93913532,37.51008175],[126.93906245,37.51015998],[126.9391483,37.51021381],[126.9391987,37.5101623],[126.93919428,37.51016062],[126.93921127,37.51014006],[126.93917346,37.51011639],[126.93917736,37.51010823],[126.93913532,37.51008175]]]}},{"type":"Feature","id":"seoul-building-550834","properties":{"id":"seoul-building-550834","sourceId":"1992194335504455581700000000","pnu":"1159010100102560016","name":"서울특별시 동작구 노량진동","address":"서울특별시 동작구 노량진동","useName":"단독주택","floors":2.0,"height":7.4,"heightSource":"estimated","heightRaw":0.0,"sourceDate":"2026-09-09"},"geometry":{"type":"Polygon","coordinates":[[[126.9367064,37.51217839],[126.9366648,37.51225469],[126.93669606,37.51226512],[126.9367436,37.51226373],[126.93677617,37.51222348],[126.9367064,37.51217839]]]}},{"type":"Feature","id":"seoul-building-550838","properties":{"id":"seoul-building-550838","sourceId":"1991194314834455511400000000","pnu":"1159010100102600003","name":"서울특별시 동작구 노량진동","address":"서울특별시 동작구 노량진동","useName":"단독주택","floors":2.0,"height":7.4,"heightSource":"estimated","heightRaw":0.0,"sourceDate":"2026-09-09"},"geometry":{"type":"Polygon","coordinates":[[[126.93649808,37.5121248],[126.93644612,37.51212758],[126.93640949,37.51217655],[126.93649976,37.51221687],[126.93651392,37.5121997],[126.93651869,37.51220252],[126.93652895,37.51219069],[126.93653337,37.51219295],[126.93656043,37.5121558],[126.93649808,37.5121248]]]}},{"type":"Feature","id":"seoul-building-550862","properties":{"id":"seoul-building-550862","sourceId":"1985194395074453197900000000","pnu":"1159010100102910018","name":"서울특별시 동작구 노량진동","address":"서울특별시 동작구 노량진동","useName":"단독주택","floors":1.0,"height":4.2,"heightSource":"estimated","heightRaw":0.0,"sourceDate":"2026-09-09"},"geometry":{"type":"Polygon","coordinates":[[[126.93740645,37.51004002],[126.93735183,37.5100521],[126.93737211,37.51010899],[126.93738695,37.5101059],[126.93739595,37.51012561],[126.93743679,37.51011691],[126.93740645,37.51004002]]]}},{"type":"Feature","id":"seoul-building-551020","properties":{"id":"seoul-building-551020","sourceId":"1967194282534453498200000000","pnu":"1159010100102880004","name":"서울특별시 동작구 노량진동","address":"서울특별시 동작구 노량진동","useName":"단독주택","floors":3.0,"height":10.6,"heightSource":"estimated","heightRaw":0.0,"sourceDate":"2026-09-09"},"geometry":{"type":"Polygon","coordinates":[[[126.93605869,37.51028932],[126.93606334,37.51042476],[126.93610894,37.51042845],[126.93620285,37.51034177],[126.93620816,37.5103429],[126.93622974,37.51031503],[126.93605869,37.51028932]]]}},{"type":"Feature","id":"seoul-building-551089","properties":{"id":"seoul-building-551089","sourceId":"2018194510244456079000000000","pnu":"1159010100100390004","name":"서울특별시 동작구 노량진동","address":"서울특별시 동작구 노량진동","useName":"제2종근린생활시설","floors":9.0,"height":29.6,"heightSource":"measured","heightRaw":29.6,"sourceDate":"2026-09-09"},"geometry":{"type":"Polygon","coordinates":[[[126.93864166,37.51262883],[126.93865029,37.5126531],[126.93863723,37.51265605],[126.93866805,37.51274274],[126.93875838,37.51272235],[126.93872756,37.51263567],[126.9387232,37.51263665],[126.93871458,37.51261238],[126.93864166,37.51262883]]]}},{"type":"Feature","id":"seoul-building-551140","properties":{"id":"seoul-building-551140","sourceId":"1994193976644454050600000000","pnu":"1159010800100320009","name":"서울특별시 동작구 대방동","address":"서울특별시 동작구 대방동","useName":"단독주택","floors":2.0,"height":7.6,"heightSource":"measured","heightRaw":7.6,"sourceDate":"2026-09-09"},"geometry":{"type":"Polygon","coordinates":[[[126.93268592,37.51080552],[126.93260885,37.51083054],[126.93263567,37.51088856],[126.93271309,37.51086777],[126.93268592,37.51080552]]]}},{"type":"Feature","id":"seoul-building-551151","properties":{"id":"seoul-building-551151","sourceId":"1988194093714454759500000000","pnu":"1159010800100450040","name":"서울특별시 동작구 대방동","address":"서울특별시 동작구 대방동","useName":"단독주택","floors":2.0,"height":7.4,"heightSource":"estimated","heightRaw":0.0,"sourceDate":"2026-09-09"},"geometry":{"type":"Polygon","coordinates":[[[126.93404,37.51144235],[126.93391875,37.51144706],[126.93392628,37.51152534],[126.93395792,37.51152479],[126.93395826,37.51153268],[126.93404857,37.51153048],[126.93404,37.51144235]]]}},{"type":"Feature","id":"seoul-building-551154","properties":{"id":"seoul-building-551154","sourceId":"1990193909554453224800000000","pnu":"1159010800100200030","name":"서울특별시 동작구 대방동","address":"서울특별시 동작구 대방동","useName":"단독주택","floors":4.0,"height":13.8,"heightSource":"estimated","heightRaw":0.0,"sourceDate":"2026-09-09"},"geometry":{"type":"Polygon","coordinates":[[[126.93183566,37.51006677],[126.93183382,37.51013548],[126.93196902,37.51014231],[126.93197086,37.51006883],[126.93183566,37.51006677]]]}},{"type":"Feature","id":"seoul-building-551158","properties":{"id":"seoul-building-551158","sourceId":"1995194537284454502400000000","pnu":"1159010100102460067","name":"서울특별시 동작구 노량진동","address":"서울특별시 동작구 노량진동","useName":"단독주택","floors":3.0,"height":9.78,"heightSource":"measured","heightRaw":9.78,"sourceDate":"2026-09-09"},"geometry":{"type":"Polygon","coordinates":[[[126.93896546,37.5112065],[126.93893305,37.51128307],[126.93901839,37.51130676],[126.93903696,37.51129101],[126.93904987,37.51129355],[126.93907465,37.51123894],[126.93896546,37.5112065]]]}},{"type":"Feature","id":"seoul-building-551164","properties":{"id":"seoul-building-551164","sourceId":"1991194488974453955200000000","pnu":"1159010100102460006","name":"서울특별시 동작구 노량진동","address":"서울특별시 동작구 노량진동","useName":"단독주택","floors":2.0,"height":7.4,"heightSource":"estimated","heightRaw":0.0,"sourceDate":"2026-09-09"},"geometry":{"type":"Polygon","coordinates":[[[126.93841341,37.51070335],[126.93839977,37.51073572],[126.93840578,37.51073769],[126.93838542,37.51078949],[126.93849532,37.51082418],[126.93853285,37.51074762],[126.9384643,37.51072731],[126.93846748,37.51071943],[126.93841341,37.51070335]]]}},{"type":"Feature","id":"seoul-building-551171","properties":{"id":"seoul-building-551171","sourceId":"1995194373384456063400000000","pnu":"1159010100100350002","name":"서울특별시 동작구 노량진동","address":"서울특별시 동작구 노량진동","useName":"제1종근린생활시설","floors":4.0,"height":12.6,"heightSource":"measured","heightRaw":12.6,"sourceDate":"2026-09-09"},"geometry":{"type":"Polygon","coordinates":[[[126.93719539,37.51261959],[126.9370782,37.51264458],[126.93709441,37.51269021],[126.93710766,37.51269894],[126.93713099,37.5127029],[126.93713523,37.5127029],[126.93720469,37.51269083],[126.93720859,37.51268943],[126.93720947,37.51268745],[126.93720841,37.51268435],[126.9371936,37.5126438],[126.93720438,37.51264212],[126.93719539,37.51261959]]]}},{"type":"Feature","id":"seoul-building-551292","properties":{"id":"seoul-building-551292","sourceId":"1996194443334454523200000000","pnu":"1159010100102530019","name":"서울특별시 동작구 노량진동","address":"서울특별시 동작구 노량진동","useName":"단독주택","floors":4.0,"height":10.4,"heightSource":"measured","heightRaw":10.4,"sourceDate":"2026-09-09"},"geometry":{"type":"Polygon","coordinates":[[[126.93797663,37.51123584],[126.93792007,37.51124538],[126.93788044,37.51129295],[126.93788785,37.51131322],[126.93792002,37.51130789],[126.93799408,37.51129582],[126.93797663,37.51123584]]]}},{"type":"Feature","id":"seoul-building-551424","properties":{"id":"seoul-building-551424","sourceId":"1992194510424453750500000000","pnu":"1159010100102480068","name":"서울특별시 동작구 노량진동","address":"서울특별시 동작구 노량진동","useName":"단독주택","floors":2.0,"height":7.4,"heightSource":"estimated","heightRaw":0.0,"sourceDate":"2026-09-09"},"geometry":{"type":"Polygon","coordinates":[[[126.93867759,37.51052244],[126.93862999,37.51060153],[126.93872115,37.5106379],[126.93876751,37.5105619],[126.93867759,37.51052244]]]}},{"type":"Feature","id":"seoul-building-551522","properties":{"id":"seoul-building-551522","sourceId":"2017194501914455964100000000","pnu":"1159010100100390009","name":"서울특별시 동작구 노량진동","address":"서울특별시 동작구 노량진동","useName":"업무시설","floors":13.0,"height":39.7,"heightSource":"measured","heightRaw":39.7,"sourceDate":"2026-09-09"},"geometry":{"type":"Polygon","coordinates":[[[126.93873931,37.51259569],[126.93870017,37.51249947],[126.93858682,37.51252391],[126.93846566,37.51255275],[126.93849798,37.51265141],[126.93862438,37.51262362],[126.93873931,37.51259569]]]}},{"type":"Feature","id":"seoul-building-551654","properties":{"id":"seoul-building-551654","sourceId":"1990194459024454567400000000","pnu":"1159010100102530016","name":"서울특별시 동작구 노량진동","address":"서울특별시 동작구 노량진동","useName":"단독주택","floors":2.0,"height":7.4,"heightSource":"estimated","heightRaw":0.0,"sourceDate":"2026-09-09"},"geometry":{"type":"Polygon","coordinates":[[[126.93815615,37.51127535],[126.93806495,37.51129305],[126.93807199,37.51131444],[126.93806404,37.51131641],[126.93807444,37.51135415],[126.93809495,37.51134993],[126.93809724,37.51135754],[126.93813435,37.51134995],[126.93813241,37.51134235],[126.9381736,37.51133421],[126.93815615,37.51127535]]]}},{"type":"Feature","id":"seoul-building-551865","properties":{"id":"seoul-building-551865","sourceId":"1965194324604453348700000000","pnu":"1159010100102890048","name":"서울특별시 동작구 노량진동","address":"서울특별시 동작구 노량진동","useName":"단독주택","floors":2.0,"height":7.4,"heightSource":"estimated","heightRaw":0.0,"sourceDate":"2026-09-09"},"geometry":{"type":"Polygon","coordinates":[[[126.9365439,37.5101747],[126.93652547,37.51023636],[126.93664757,37.51026345],[126.9366676,37.51019392],[126.93662995,37.51018686],[126.93662872,37.51019024],[126.9365439,37.5101747]]]}},{"type":"Feature","id":"seoul-building-551925","properties":{"id":"seoul-building-551925","sourceId":"1967194515414455624500000000","pnu":"1159010100100370001","name":"서울특별시 동작구 노량진동","address":"서울특별시 동작구 노량진동","useName":"단독주택","floors":2.0,"height":7.4,"heightSource":"estimated","heightRaw":0.0,"sourceDate":"2026-09-09"},"geometry":{"type":"Polygon","coordinates":[[[126.9388077,37.51220991],[126.93873646,37.51222903],[126.9387391,37.51223748],[126.93868696,37.51224731],[126.93871324,37.51232559],[126.93879613,37.51230902],[126.9388114,37.51222034],[126.9388077,37.51220991]]]}},{"type":"Feature","id":"seoul-building-560419","properties":{"id":"seoul-building-560419","sourceId":"1999193874254453966900000000","pnu":"1159010800105060000","name":"대방2차현대아파트","address":"서울특별시 동작구 대방동","useName":"공동주택","floors":15.0,"height":39.98,"heightSource":"measured","heightRaw":39.98,"sourceDate":"2026-09-09"},"geometry":{"type":"Polygon","coordinates":[[[126.93132679,37.51071126],[126.93132662,37.51071464],[126.93127714,37.51071433],[126.93127032,37.51082104],[126.93129242,37.51082106],[126.93129242,37.51082584],[126.93134331,37.51082756],[126.93134402,37.51081996],[126.93137283,37.51082054],[126.93137372,37.51081378],[126.93139811,37.51081407],[126.93139828,37.51082084],[126.93143185,37.51082339],[126.93143185,37.51082874],[126.93148098,37.51083074],[126.93148117,37.51082483],[126.93152305,37.51082542],[126.93152304,37.51083161],[126.93157075,37.51083248],[126.93157235,37.51082403],[126.93160045,37.51082404],[126.93160045,37.51081757],[126.93162643,37.51081787],[126.93162643,37.51082575],[126.93166212,37.51082662],[126.93166195,37.51083365],[126.93171213,37.51083509],[126.93171232,37.51082861],[126.93173264,37.51082862],[126.93173415,37.51072417],[126.93168467,37.5107233],[126.93168467,37.51071907],[126.9315569,37.51071617],[126.9315546,37.51072125],[126.93145579,37.51071922],[126.9314558,37.51071501],[126.93132679,37.51071126]]]}},{"type":"Feature","id":"seoul-building-564010","properties":{"id":"seoul-building-564010","sourceId":"2003194564394462436700000000","pnu":"1156011000100610000","name":"여의도금호리첸시아","address":"서울특별시 영등포구 여의도동","useName":"공동주택","floors":40.0,"height":145.3,"heightSource":"measured","heightRaw":145.3,"sourceDate":"2026-09-09"},"geometry":{"type":"Polygon","coordinates":[[[126.93922129,37.51852408],[126.93921869,37.51851688],[126.93938022,37.51851804],[126.9393801,37.51852408],[126.93948449,37.51854441],[126.93951645,37.51846568],[126.93942734,37.51843752],[126.93943821,37.51829372],[126.9394157,37.51828767],[126.93941312,37.51826154],[126.9393663,37.51825792],[126.93936664,37.51825008],[126.93924617,37.51824704],[126.93924571,37.51825785],[126.93920149,37.51825675],[126.93920021,37.51828945],[126.93918065,37.51828908],[126.93917995,37.51832611],[126.93917781,37.51843892],[126.93908628,37.51846221],[126.93911098,37.51854925],[126.93922129,37.51852408]]]}},{"type":"Feature","id":"seoul-building-564680","properties":{"id":"seoul-building-564680","sourceId":"1997193977654456410200000000","pnu":"1159010800100490006","name":"서울특별시 동작구 대방동","address":"서울특별시 동작구 대방동","useName":"업무시설","floors":20.0,"height":93.7,"heightSource":"measured","heightRaw":93.7,"sourceDate":"2026-09-09"},"geometry":{"type":"Polygon","coordinates":[[[126.93317256,37.51288543],[126.93292035,37.51288697],[126.93220458,37.51289192],[126.93220575,37.51296598],[126.93213594,37.51296987],[126.93213868,37.51306026],[126.93268816,37.5130555],[126.93317717,37.51305325],[126.9331746,37.51297356],[126.93317256,37.51288543]]]}},{"type":"Feature","id":"seoul-building-564692","properties":{"id":"seoul-building-564692","sourceId":"1971194439604455292300000000","pnu":"1159010100102550007","name":"서울특별시 동작구 노량진동","address":"서울특별시 동작구 노량진동","useName":"단독주택","floors":2.0,"height":7.4,"heightSource":"estimated","heightRaw":0.0,"sourceDate":"2026-09-09"},"geometry":{"type":"Polygon","coordinates":[[[126.93792287,37.51192225],[126.93792004,37.5119231],[126.9378571,37.51194391],[126.93786205,37.51195348],[126.93783376,37.51196192],[126.93785757,37.51201515],[126.93792015,37.51199575],[126.93796258,37.51198281],[126.93794865,37.51194733],[126.93793522,37.51195127],[126.93792287,37.51192225]]]}},{"type":"Feature","id":"seoul-building-570729","properties":{"id":"seoul-building-570729","sourceId":"1999193831874454141200000000","pnu":"1159010800105060000","name":"대방2차현대아파트","address":"서울특별시 동작구 대방동","useName":"공동주택","floors":19.0,"height":51.18,"heightSource":"measured","heightRaw":51.18,"sourceDate":"2026-09-09"},"geometry":{"type":"Polygon","coordinates":[[[126.93073571,37.5108334],[126.93073031,37.51094208],[126.93095474,37.51094644],[126.93095261,37.51097375],[126.93101835,37.51097266],[126.93101926,37.51094787],[126.93110515,37.51094849],[126.93110149,37.5110873],[126.9312358,37.51109104],[126.93124214,37.51090859],[126.93120345,37.51090913],[126.93120417,37.51088323],[126.93117148,37.51088152],[126.9311678,37.51083478],[126.93110948,37.51083587],[126.93110983,37.51084235],[126.93073571,37.5108334]]]}},{"type":"Feature","id":"seoul-building-576649","properties":{"id":"seoul-building-576649","sourceId":"1988194143674455510200000000","pnu":"1159010800100450014","name":"서울특별시 동작구 대방동","address":"서울특별시 동작구 대방동","useName":"제1종근린생활시설","floors":2.0,"height":7.4,"heightSource":"estimated","heightRaw":0.0,"sourceDate":"2026-09-09"},"geometry":{"type":"Polygon","coordinates":[[[126.93451393,37.51210513],[126.9345088,37.51211048],[126.93450199,37.51221887],[126.93458964,37.51222258],[126.93459611,37.51210911],[126.93451393,37.51210513]]]}},{"type":"Feature","id":"seoul-building-578585","properties":{"id":"seoul-building-578585","sourceId":"1990194388114454584400000000","pnu":"1159010100102800030","name":"서울특별시 동작구 노량진동","address":"서울특별시 동작구 노량진동","useName":"단독주택","floors":2.0,"height":7.4,"heightSource":"estimated","heightRaw":0.0,"sourceDate":"2026-09-09"},"geometry":{"type":"Polygon","coordinates":[[[126.93726297,37.51127939],[126.93724822,37.51136835],[126.93736945,37.51138221],[126.93738221,37.5113352],[126.9373702,37.51133378],[126.93737589,37.51129239],[126.93731668,37.51128758],[126.9373174,37.51128279],[126.93726297,37.51127939]]]}},{"type":"Feature","id":"seoul-building-581851","properties":{"id":"seoul-building-581851","sourceId":"1992193917974457815000000000","pnu":"1159010800100700001","name":"현대자동차(주) 남부하이테크센터","address":"서울특별시 동작구 대방동","useName":"자동차관련시설","floors":7.0,"height":30.85,"heightSource":"measured","heightRaw":30.854,"sourceDate":"2026-09-09"},"geometry":{"type":"Polygon","coordinates":[[[126.93197115,37.51421626],[126.93196585,37.51421626],[126.93196196,37.51421653],[126.93195789,37.5142171],[126.93195454,37.51421793],[126.93195029,37.51422019],[126.93194747,37.51422413],[126.93194605,37.51422835],[126.9319439,37.51424835],[126.93203897,37.51426248],[126.93204678,37.5142301],[126.93198228,37.51422162],[126.93197751,37.51421852],[126.93197115,37.51421626]]]}},{"type":"Feature","id":"seoul-building-582256","properties":{"id":"seoul-building-582256","sourceId":"1980193824914463260700000000","pnu":"1156011000100440035","name":"서울특별시 영등포구 여의도동","address":"서울특별시 영등포구 여의도동","useName":"제2종근린생활시설","floors":10.0,"height":33.0,"heightSource":"estimated","heightRaw":0.0,"sourceDate":"2026-09-09"},"geometry":{"type":"Polygon","coordinates":[[[126.93083807,37.51934669],[126.93087316,37.51930742],[126.93091421,37.51933303],[126.93116352,37.51907946],[126.9311577,37.51902125],[126.93098957,37.51893736],[126.93070754,37.51920795],[126.93074518,37.51923248],[126.93071008,37.51926922],[126.93083807,37.51934669]]]}},{"type":"Feature","id":"seoul-building-582738","properties":{"id":"seoul-building-582738","sourceId":"1986194604584463729600000000","pnu":"1156011000100600000","name":"63한화생명빌딩","address":"서울특별시 영등포구 여의도동","useName":"업무시설","floors":60.0,"height":249.58,"heightSource":"measured","heightRaw":249.58,"sourceDate":"2026-09-09"},"geometry":{"type":"Polygon","coordinates":[[[126.93938121,37.52014794],[126.93967348,37.5198496],[126.93969417,37.51986241],[126.93980241,37.51975119],[126.93980953,37.5197556],[126.93980205,37.51976957],[126.93980193,37.51977804],[126.93980295,37.51978299],[126.93980509,37.51978714],[126.93980848,37.5197902],[126.93981289,37.51979318],[126.93981617,37.51979471],[126.93982126,37.51979706],[126.93982612,37.51979886],[126.9398294,37.51979931],[126.93983755,37.51979932],[126.93984026,37.51979923],[126.93985395,37.51979888],[126.93986029,37.5197969],[126.93986549,37.51979032],[126.93987375,37.51979465],[126.93994429,37.5197136],[126.93993276,37.51970729],[126.93993469,37.51968737],[126.93997024,37.51965045],[126.9399871,37.51964758],[126.94000565,37.51965434],[126.94008331,37.5195733],[126.94007992,37.51957122],[126.94008377,37.51956717],[126.94008468,37.51956077],[126.94008514,37.51955672],[126.94008479,37.51955095],[126.94008413,37.51954708],[126.94008322,37.51954365],[126.94008119,37.51954005],[126.94007859,37.51953752],[126.94006739,37.51952815],[126.94005722,37.51952652],[126.94005315,37.51952661],[126.94004749,37.51952751],[126.94004239,37.51952885],[126.94003697,37.51953047],[126.94002724,37.51953497],[126.94002451,37.51953659],[126.94002101,37.51953443],[126.94037989,37.51916205],[126.94037469,37.51915979],[126.9403859,37.51914349],[126.94019856,37.51903077],[126.94019369,37.51903446],[126.94009398,37.51897143],[126.93927532,37.51981552],[126.9392915,37.51982958],[126.93909179,37.52003257],[126.93934641,37.52018325],[126.93937683,37.52015222],[126.93938121,37.52014794]]]}},{"type":"Feature","id":"seoul-building-583958","properties":{"id":"seoul-building-583958","sourceId":"1974194252464455782900000000","pnu":"1159010100102710025","name":"서울특별시 동작구 노량진동","address":"서울특별시 동작구 노량진동","useName":"제2종근린생활시설","floors":3.0,"height":11.7,"heightSource":"measured","heightRaw":11.7,"sourceDate":"2026-09-09"},"geometry":{"type":"Polygon","coordinates":[[[126.93580916,37.51234347],[126.935713,37.51235778],[126.93575041,37.51244818],[126.93576839,37.51248452],[126.93583504,37.51246907],[126.93580916,37.51234347]]]}},{"type":"Feature","id":"seoul-building-584532","properties":{"id":"seoul-building-584532","sourceId":"1987194285754454370500000000","pnu":"1159010100102840012","name":"서울특별시 동작구 노량진동","address":"서울특별시 동작구 노량진동","useName":"단독주택","floors":2.0,"height":7.4,"heightSource":"estimated","heightRaw":0.0,"sourceDate":"2026-09-09"},"geometry":{"type":"Polygon","coordinates":[[[126.93609423,37.51108391],[126.93608303,37.51118385],[126.93613657,37.51118698],[126.93613694,37.51117714],[126.93623042,37.51118507],[126.93623896,37.51111243],[126.93620327,37.51110931],[126.93620434,37.51109608],[126.93615698,37.51109211],[126.9361568,37.51108705],[126.93609423,37.51108391]]]}},{"type":"Feature","id":"seoul-building-618771","properties":{"id":"seoul-building-618771","sourceId":"1990194403244453533900000000","pnu":"1159010100102490093","name":"서울특별시 동작구 노량진동","address":"서울특별시 동작구 노량진동","useName":"단독주택","floors":2.0,"height":7.4,"heightSource":"estimated","heightRaw":0.0,"sourceDate":"2026-09-09"},"geometry":{"type":"Polygon","coordinates":[[[126.93753926,37.51034783],[126.9375055,37.51034979],[126.93750585,37.51035627],[126.93742632,37.5103582],[126.93743528,37.51042042],[126.93754397,37.51041147],[126.93753926,37.51034783]]]}},{"type":"Feature","id":"seoul-building-682567","properties":{"id":"seoul-building-682567","sourceId":"1991193973344455811800000000","pnu":"1159010800100400002","name":"서울특별시 동작구 대방동","address":"서울특별시 동작구 대방동","useName":"제2종근린생활시설","floors":5.0,"height":17.0,"heightSource":"estimated","heightRaw":0.0,"sourceDate":"2026-09-09"},"geometry":{"type":"Polygon","coordinates":[[[126.9326225,37.51236563],[126.93254009,37.51241008],[126.9326236,37.51250333],[126.93267719,37.51247322],[126.93268125,37.51247379],[126.93268584,37.51247379],[126.93269185,37.51247154],[126.93269627,37.51246844],[126.93269822,37.51246563],[126.9326984,37.51246254],[126.93270335,37.51246057],[126.9326225,37.51236563]]]}},{"type":"Feature","id":"seoul-building-683257","properties":{"id":"seoul-building-683257","sourceId":"1971194381524464055500000000","pnu":"1156011000100500000","name":"서울특별시 영등포구 여의도동","address":"서울특별시 영등포구 여의도동","useName":"공동주택","floors":13.0,"height":39.35,"heightSource":"estimated","heightRaw":0.0,"sourceDate":"2026-09-09"},"geometry":{"type":"Polygon","coordinates":[[[126.93750915,37.51996975],[126.93718467,37.51976867],[126.93707686,37.519702],[126.93703677,37.51967736],[126.93697405,37.51973985],[126.93700141,37.51975735],[126.93698816,37.51977058],[126.93717651,37.51989007],[126.93713734,37.51992924],[126.93718371,37.51995873],[126.93722243,37.51991694],[126.93740468,37.52003093],[126.93741906,37.52001634],[126.9374463,37.52003347],[126.93750915,37.51996975]]]}},{"type":"Feature","id":"seoul-building-684995","properties":{"id":"seoul-building-684995","sourceId":"1988194481604454719000000000","pnu":"1159010100102440006","name":"서울특별시 동작구 노량진동","address":"서울특별시 동작구 노량진동","useName":"단독주택","floors":2.0,"height":7.4,"heightSource":"estimated","heightRaw":0.0,"sourceDate":"2026-09-09"},"geometry":{"type":"Polygon","coordinates":[[[126.93832449,37.51139172],[126.93830696,37.51143507],[126.93831208,37.51143704],[126.93829313,37.51148322],[126.93841664,37.51151453],[126.93845347,37.51142557],[126.93832449,37.51139172]]]}}]}