{"type":"FeatureCollection","features":[{"type":"Feature","id":"seoul-building-43110","properties":{"id":"seoul-building-43110","sourceId":"0000199342964497084800000000","pnu":"1114014400200140021","name":"서울특별시 중구 장충동2가","address":"서울특별시 중구 장충동2가","useName":"","floors":0.0,"height":0,"heightSource":"unknown","heightRaw":0.0,"sourceDate":"2026-09-09"},"geometry":{"type":"Polygon","coordinates":[[[126.99336931,37.54961996],[126.99333659,37.54962136],[126.99332386,37.54964333],[126.99333977,37.54966247],[126.99336558,37.54966247],[126.99338114,37.54964304],[126.99336931,37.54961996]]]}},{"type":"Feature","id":"seoul-building-51227","properties":{"id":"seoul-building-51227","sourceId":"1983199304914487718500000000","pnu":"1117013000102580234","name":"서울특별시 용산구 이태원동","address":"서울특별시 용산구 이태원동","useName":"단독주택","floors":2.0,"height":7.4,"heightSource":"estimated","heightRaw":0.0,"sourceDate":"2026-09-09"},"geometry":{"type":"Polygon","coordinates":[[[126.99299638,37.54122628],[126.99298508,37.54117465],[126.99296856,37.54117691],[126.99296516,37.54116132],[126.99290858,37.54116915],[126.99290824,37.54116744],[126.99290802,37.54116744],[126.9928545,37.54117401],[126.99286818,37.5412442],[126.99290801,37.54123862],[126.99299638,37.54122628]]]}},{"type":"Feature","id":"seoul-building-51915","properties":{"id":"seoul-building-51915","sourceId":"1996199178604487126400000000","pnu":"1117013000102510022","name":"서울특별시 용산구 이태원동","address":"서울특별시 용산구 이태원동","useName":"단독주택","floors":2.0,"height":7.4,"heightSource":"measured","heightRaw":7.4,"sourceDate":"2026-09-09"},"geometry":{"type":"Polygon","coordinates":[[[126.99146074,37.54069982],[126.99150669,37.54071559],[126.99153905,37.54064685],[126.99151892,37.54064081],[126.99152366,37.54063072],[126.99148689,37.54061972],[126.99144604,37.54069441],[126.99146074,37.54069982]]]}},{"type":"Feature","id":"seoul-building-54412","properties":{"id":"seoul-building-54412","sourceId":"1989199553124486745400000000","pnu":"1117013000100060004","name":"서울특별시 용산구 이태원동","address":"서울특별시 용산구 이태원동","useName":"공동주택","floors":2.0,"height":6.9,"heightSource":"estimated","heightRaw":0.0,"sourceDate":"2026-09-09"},"geometry":{"type":"Polygon","coordinates":[[[126.99581505,37.54029595],[126.99568629,37.5402627],[126.99564849,37.54035532],[126.99577737,37.54038857],[126.99581505,37.54029595]]]}},{"type":"Feature","id":"seoul-building-54413","properties":{"id":"seoul-building-54413","sourceId":"1989199567604486790000000000","pnu":"1117013000100060004","name":"서울특별시 용산구 이태원동","address":"서울특별시 용산구 이태원동","useName":"공동주택","floors":2.0,"height":6.9,"heightSource":"estimated","heightRaw":0.0,"sourceDate":"2026-09-09"},"geometry":{"type":"Polygon","coordinates":[[[126.99593883,37.54042615],[126.99597799,37.54033479],[126.99584832,37.54030929],[126.99581301,37.54039191],[126.99593883,37.54042615]]]}},{"type":"Feature","id":"seoul-building-54414","properties":{"id":"seoul-building-54414","sourceId":"1989199558794486568800000000","pnu":"1117013000100060004","name":"서울특별시 용산구 이태원동","address":"서울특별시 용산구 이태원동","useName":"공동주택","floors":2.0,"height":6.9,"heightSource":"estimated","heightRaw":0.0,"sourceDate":"2026-09-09"},"geometry":{"type":"Polygon","coordinates":[[[126.99583825,37.54022919],[126.99587718,37.54013549],[126.99575712,37.54010386],[126.99571198,37.54019585],[126.99583825,37.54022919]]]}},{"type":"Feature","id":"seoul-building-54923","properties":{"id":"seoul-building-54923","sourceId":"1994199197834488228100000000","pnu":"1117013000102600059","name":"서울특별시 용산구 이태원동","address":"서울특별시 용산구 이태원동","useName":"단독주택","floors":2.0,"height":6.5,"heightSource":"measured","heightRaw":6.5,"sourceDate":"2026-09-09"},"geometry":{"type":"Polygon","coordinates":[[[126.99174375,37.54162174],[126.99172757,37.54162147],[126.99172768,37.54161795],[126.99167733,37.54161714],[126.99167596,37.54167066],[126.99168026,37.54167066],[126.99167981,37.5416903],[126.99169938,37.54169057],[126.99169893,37.54171057],[126.99174147,37.5417113],[126.99174375,37.54162174]]]}},{"type":"Feature","id":"seoul-building-55139","properties":{"id":"seoul-building-55139","sourceId":"1979199097674489456000000000","pnu":"1117013000102610057","name":"서울특별시 용산구 이태원동","address":"서울특별시 용산구 이태원동","useName":"단독주택","floors":3.0,"height":6.9,"heightSource":"measured","heightRaw":6.9,"sourceDate":"2026-09-09"},"geometry":{"type":"Polygon","coordinates":[[[126.99061481,37.54271286],[126.99051726,37.54273141],[126.99053287,37.54278349],[126.99052415,37.5427852],[126.99052811,37.54279836],[126.9905348,37.5428198],[126.99064184,37.54280278],[126.99061481,37.54271286]]]}},{"type":"Feature","id":"seoul-building-56611","properties":{"id":"seoul-building-56611","sourceId":"0000199074504486737300000000","pnu":"1117013000102530004","name":"서울특별시 용산구 이태원동","address":"서울특별시 용산구 이태원동","useName":"종교시설","floors":2.0,"height":6.0,"heightSource":"measured","heightRaw":6.0,"sourceDate":"2026-09-09"},"geometry":{"type":"Polygon","coordinates":[[[126.9904069,37.54038259],[126.9904232,37.54031781],[126.99043474,37.54031898],[126.99044278,37.54028609],[126.99022067,37.54025355],[126.9901978,37.54035265],[126.9904069,37.54038259]]]}},{"type":"Feature","id":"seoul-building-56684","properties":{"id":"seoul-building-56684","sourceId":"1992199207894489062000000000","pnu":"1117013000102600199","name":"UPPERHOUSE NAMSAN","address":"서울특별시 용산구 이태원동","useName":"공동주택","floors":7.0,"height":22.63,"heightSource":"measured","heightRaw":22.63,"sourceDate":"2026-09-09"},"geometry":{"type":"Polygon","coordinates":[[[126.99195063,37.54237274],[126.99194667,37.54235634],[126.99187006,37.54236814],[126.99185039,37.54229975],[126.99157236,37.5423373],[126.99160188,37.54247552],[126.99166615,37.54246633],[126.99166932,37.5424803],[126.99167882,37.54247895],[126.9916778,37.54247435],[126.99181121,37.54245445],[126.99181551,37.54247274],[126.99188816,37.54246185],[126.99190557,37.54253546],[126.99207202,37.5425106],[126.99206671,37.54248843],[126.99207101,37.5424878],[126.99203674,37.54235941],[126.99195063,37.54237274]]]}},{"type":"Feature","id":"seoul-building-56692","properties":{"id":"seoul-building-56692","sourceId":"1966199154284486618300000000","pnu":"1117013000102510060","name":"서울특별시 용산구 이태원동","address":"서울특별시 용산구 이태원동","useName":"단독주택","floors":1.0,"height":4.2,"heightSource":"estimated","heightRaw":0.0,"sourceDate":"2026-09-09"},"geometry":{"type":"Polygon","coordinates":[[[126.99122318,37.54025507],[126.99124401,37.54023201],[126.99123416,37.54022633],[126.99125249,37.54020606],[126.99124253,37.54020028],[126.99125906,37.540182],[126.99122817,37.54016434],[126.99117239,37.54022596],[126.99122318,37.54025507]]]}},{"type":"Feature","id":"seoul-building-56760","properties":{"id":"seoul-building-56760","sourceId":"0000199483164491229600000000","pnu":"1117013000200010005","name":"서울특별시 용산구 이태원동","address":"서울특별시 용산구 이태원동","useName":"","floors":0.0,"height":0,"heightSource":"unknown","heightRaw":0.0,"sourceDate":"2026-09-09"},"geometry":{"type":"Polygon","coordinates":[[[126.99492044,37.5443897],[126.99497486,37.54437042],[126.99495959,37.54434132],[126.99490391,37.5443624],[126.99492044,37.5443897]]]}},{"type":"Feature","id":"seoul-building-56761","properties":{"id":"seoul-building-56761","sourceId":"0000199496974491125600000000","pnu":"1117013000200010005","name":"서울특별시 용산구 이태원동","address":"서울특별시 용산구 이태원동","useName":"","floors":0.0,"height":0,"heightSource":"unknown","heightRaw":0.0,"sourceDate":"2026-09-09"},"geometry":{"type":"Polygon","coordinates":[[[126.99511721,37.54428132],[126.99510636,37.54425519],[126.99507625,37.54426294],[126.99508383,37.54428853],[126.99511721,37.54428132]]]}},{"type":"Feature","id":"seoul-building-56783","properties":{"id":"seoul-building-56783","sourceId":"1996199095314486482100000000","pnu":"1117013000102520015","name":"서울특별시 용산구 이태원동","address":"서울특별시 용산구 이태원동","useName":"종교시설","floors":4.0,"height":16.8,"heightSource":"measured","heightRaw":16.8,"sourceDate":"2026-09-09"},"geometry":{"type":"Polygon","coordinates":[[[126.99052686,37.5402515],[126.99070138,37.5399285],[126.99068723,37.53992364],[126.99054624,37.53996858],[126.9904136,37.54021383],[126.99052686,37.5402515]]]}},{"type":"Feature","id":"seoul-building-56788","properties":{"id":"seoul-building-56788","sourceId":"1991199231194487268200000000","pnu":"1117013000102470039","name":"서울특별시 용산구 이태원동","address":"서울특별시 용산구 이태원동","useName":"단독주택","floors":3.0,"height":10.1,"heightSource":"measured","heightRaw":10.1,"sourceDate":"2026-09-09"},"geometry":{"type":"Polygon","coordinates":[[[126.99206814,37.5407787],[126.99206768,37.54080113],[126.99206406,37.54080113],[126.99206258,37.54086835],[126.99212583,37.54086042],[126.99213105,37.54075086],[126.99212064,37.54075059],[126.99209473,37.54074617],[126.99209496,37.54073446],[126.99203748,37.54073365],[126.99203657,37.54077825],[126.99206814,37.5407787]]]}},{"type":"Feature","id":"seoul-building-56840","properties":{"id":"seoul-building-56840","sourceId":"0000199673894488025100000000","pnu":"1117013000102580148","name":"서울특별시 용산구 이태원동","address":"서울특별시 용산구 이태원동","useName":"제2종근린생활시설","floors":1.0,"height":4.2,"heightSource":"estimated","heightRaw":0.0,"sourceDate":"2026-09-09"},"geometry":{"type":"Polygon","coordinates":[[[126.99701304,37.54153676],[126.99703171,37.54152873],[126.99706056,37.54157163],[126.99723052,37.54150126],[126.99715415,37.54138422],[126.99703794,37.54143233],[126.99703522,37.54142819],[126.99696065,37.54145908],[126.99701304,37.54153676]]]}},{"type":"Feature","id":"seoul-building-56841","properties":{"id":"seoul-building-56841","sourceId":"1970199600894487542800000000","pnu":"1117013000102580013","name":"수트한남","address":"서울특별시 용산구 이태원동","useName":"제2종근린생활시설","floors":2.0,"height":7.4,"heightSource":"estimated","heightRaw":0.0,"sourceDate":"2026-09-09"},"geometry":{"type":"Polygon","coordinates":[[[126.99621035,37.54111398],[126.99620832,37.54111948],[126.9962993,37.54114029],[126.99636279,37.54098046],[126.99633733,37.54097406],[126.99633969,37.54096794],[126.99624963,37.54094523],[126.99620969,37.5410456],[126.99620277,37.54104388],[126.99617789,37.5411065],[126.99621035,37.54111398]]]}},{"type":"Feature","id":"seoul-building-56843","properties":{"id":"seoul-building-56843","sourceId":"1967199611534486775300000000","pnu":"1117013000102580006","name":"서울특별시 용산구 이태원동","address":"서울특별시 용산구 이태원동","useName":"제2종근린생활시설","floors":3.0,"height":10.6,"heightSource":"estimated","heightRaw":0.0,"sourceDate":"2026-09-09"},"geometry":{"type":"Polygon","coordinates":[[[126.99653264,37.54036751],[126.99651262,37.54032328],[126.9964832,37.54032976],[126.996472,37.54029705],[126.99641791,37.54030795],[126.99641363,37.54029462],[126.99627647,37.54032544],[126.99627851,37.54033138],[126.99627365,37.54033246],[126.99630386,37.54041788],[126.99653264,37.54036751]]]}},{"type":"Feature","id":"seoul-building-56844","properties":{"id":"seoul-building-56844","sourceId":"1981199624044487207800000000","pnu":"1117013000102580008","name":"서울특별시 용산구 이태원동","address":"서울특별시 용산구 이태원동","useName":"제2종근린생활시설","floors":2.0,"height":7.4,"heightSource":"estimated","heightRaw":0.0,"sourceDate":"2026-09-09"},"geometry":{"type":"Polygon","coordinates":[[[126.99657393,37.54067475],[126.9964799,37.54068026],[126.99643928,37.54074981],[126.99649427,37.54081072],[126.99658886,37.5408037],[126.9966296,37.54073333],[126.99657393,37.54067475]]]}},{"type":"Feature","id":"seoul-building-56845","properties":{"id":"seoul-building-56845","sourceId":"0000199593884486530500000000","pnu":"1117013000102580473","name":"서울특별시 용산구 이태원동","address":"서울특별시 용산구 이태원동","useName":"","floors":0.0,"height":0,"heightSource":"unknown","heightRaw":0.0,"sourceDate":"2026-09-09"},"geometry":{"type":"Polygon","coordinates":[[[126.99616311,37.54011298],[126.99618495,37.54017361],[126.99625567,37.5401519],[126.99625239,37.54014451],[126.99618552,37.54010036],[126.99614037,37.54009215],[126.99613132,37.54009433],[126.9961432,37.54012496],[126.99616311,37.54011298]]]}},{"type":"Feature","id":"seoul-building-56846","properties":{"id":"seoul-building-56846","sourceId":"0000199641444492107900000000","pnu":"1117013100200100018","name":"서울특별시 용산구 한남동","address":"서울특별시 용산구 한남동","useName":"","floors":0.0,"height":0,"heightSource":"unknown","heightRaw":0.0,"sourceDate":"2026-09-09"},"geometry":{"type":"Polygon","coordinates":[[[126.99676044,37.54511561],[126.99676542,37.54509119],[126.99670771,37.54508389],[126.99670205,37.54511047],[126.99658686,37.5450965],[126.99657135,37.54517705],[126.99664162,37.54518705],[126.99663777,37.54520445],[126.99679359,37.54522301],[126.99679879,37.54520499],[126.99687575,37.54521463],[126.99689204,37.54513219],[126.99676044,37.54511561]]]}},{"type":"Feature","id":"seoul-building-56847","properties":{"id":"seoul-building-56847","sourceId":"0000199582224487478800000000","pnu":"1117013000102580464","name":"서울특별시 용산구 이태원동","address":"서울특별시 용산구 이태원동","useName":"","floors":0.0,"height":0,"heightSource":"unknown","heightRaw":0.0,"sourceDate":"2026-09-09"},"geometry":{"type":"Polygon","coordinates":[[[126.99609687,37.54098893],[126.99606892,37.54094252],[126.99606825,37.54094279],[126.9960257,37.54098325],[126.99603905,37.54099243],[126.99602875,37.54100172],[126.99605048,37.54101712],[126.99604233,37.54102515],[126.99605059,37.54103091],[126.99609687,37.54098893]]]}},{"type":"Feature","id":"seoul-building-56852","properties":{"id":"seoul-building-56852","sourceId":"0000199520034487365200000000","pnu":"1117013000100020006","name":"서울특별시 용산구 이태원동","address":"서울특별시 용산구 이태원동","useName":"","floors":0.0,"height":0,"heightSource":"unknown","heightRaw":0.0,"sourceDate":"2026-09-09"},"geometry":{"type":"Polygon","coordinates":[[[126.99541525,37.54095547],[126.99545848,37.54085663],[126.99529939,37.54081256],[126.99525628,37.54091141],[126.99541525,37.54095547]]]}},{"type":"Feature","id":"seoul-building-56853","properties":{"id":"seoul-building-56853","sourceId":"1994199535444487472700000000","pnu":"1117013000100020005","name":"서울특별시 용산구 이태원동","address":"서울특별시 용산구 이태원동","useName":"제2종근린생활시설","floors":2.0,"height":8.5,"heightSource":"measured","heightRaw":8.5,"sourceDate":"2026-09-09"},"geometry":{"type":"Polygon","coordinates":[[[126.99557943,37.54103864],[126.99558543,37.5410253],[126.9955947,37.54102801],[126.99560828,37.54099773],[126.99559855,37.54099503],[126.9956144,37.54095971],[126.99548077,37.54092159],[126.99544535,37.54100043],[126.99557943,37.54103864]]]}},{"type":"Feature","id":"seoul-building-56859","properties":{"id":"seoul-building-56859","sourceId":"1991199139944487410000000000","pnu":"1117013000102510049","name":"서울특별시 용산구 이태원동","address":"서울특별시 용산구 이태원동","useName":"단독주택","floors":3.0,"height":9.9,"heightSource":"measured","heightRaw":9.9,"sourceDate":"2026-09-09"},"geometry":{"type":"Polygon","coordinates":[[[126.99101943,37.54095305],[126.99107012,37.54096666],[126.99111234,37.54090693],[126.99104353,37.54087882],[126.9910046,37.540939],[126.99101943,37.54095305]]]}},{"type":"Feature","id":"seoul-building-56862","properties":{"id":"seoul-building-56862","sourceId":"1971199089394487116700000000","pnu":"1117013000102530007","name":"서울특별시 용산구 이태원동","address":"서울특별시 용산구 이태원동","useName":"단독주택","floors":4.0,"height":13.0,"heightSource":"measured","heightRaw":13.0,"sourceDate":"2026-09-09"},"geometry":{"type":"Polygon","coordinates":[[[126.99044623,37.54077407],[126.99052398,37.54069218],[126.99052692,37.54068623],[126.99058917,37.54058442],[126.99049605,37.54054982],[126.99038219,37.54074316],[126.99044623,37.54077407]]]}},{"type":"Feature","id":"seoul-building-56863","properties":{"id":"seoul-building-56863","sourceId":"1981199151084487430700000000","pnu":"1117013000102510015","name":"서울특별시 용산구 이태원동","address":"서울특별시 용산구 이태원동","useName":"단독주택","floors":2.0,"height":7.4,"heightSource":"estimated","heightRaw":0.0,"sourceDate":"2026-09-09"},"geometry":{"type":"Polygon","coordinates":[[[126.9912506,37.54097965],[126.99125139,37.54095001],[126.99125943,37.5409501],[126.99126045,37.5409119],[126.99122492,37.54091126],[126.99122504,37.54090694],[126.99112354,37.54090513],[126.99110951,37.54092441],[126.9911078,37.54097721],[126.9912506,37.54097965]]]}},{"type":"Feature","id":"seoul-building-56864","properties":{"id":"seoul-building-56864","sourceId":"1992199130284487344800000000","pnu":"1117013000102510039","name":"서울특별시 용산구 이태원동","address":"서울특별시 용산구 이태원동","useName":"제2종근린생활시설","floors":3.0,"height":9.4,"heightSource":"measured","heightRaw":9.4,"sourceDate":"2026-09-09"},"geometry":{"type":"Polygon","coordinates":[[[126.99094871,37.54092386],[126.99100654,37.5408325],[126.99094431,37.54080645],[126.99088897,37.54090043],[126.99094871,37.54092386]]]}},{"type":"Feature","id":"seoul-building-56868","properties":{"id":"seoul-building-56868","sourceId":"2013199074164487894600000000","pnu":"1117013000102550013","name":"서울특별시 용산구 이태원동","address":"서울특별시 용산구 이태원동","useName":"제2종근린생활시설","floors":3.0,"height":8.2,"heightSource":"measured","heightRaw":8.2,"sourceDate":"2026-09-09"},"geometry":{"type":"Polygon","coordinates":[[[126.99034624,37.54138341],[126.99034262,37.5413325],[126.99030031,37.5413334],[126.99030076,37.54134593],[126.99027485,37.54134646],[126.99027654,37.54138485],[126.99034624,37.54138341]]]}},{"type":"Feature","id":"seoul-building-56915","properties":{"id":"seoul-building-56915","sourceId":"1998199359944487393300000000","pnu":"1117013000102580167","name":"서울특별시 용산구 이태원동","address":"서울특별시 용산구 이태원동","useName":"단독주택","floors":2.0,"height":7.8,"heightSource":"measured","heightRaw":7.8,"sourceDate":"2026-09-09"},"geometry":{"type":"Polygon","coordinates":[[[126.99364172,37.54086619],[126.9935985,37.54083519],[126.99356817,37.54090484],[126.99356319,37.54090718],[126.99348082,37.54088681],[126.9934643,37.54092925],[126.99352223,37.54097169],[126.99364172,37.54086619]]]}},{"type":"Feature","id":"seoul-building-56918","properties":{"id":"seoul-building-56918","sourceId":"1980199352724486701800000000","pnu":"1117013000102290005","name":"서울특별시 용산구 이태원동","address":"서울특별시 용산구 이태원동","useName":"제1종근린생활시설","floors":4.0,"height":13.8,"heightSource":"measured","heightRaw":13.8,"sourceDate":"2026-09-09"},"geometry":{"type":"Polygon","coordinates":[[[126.99355249,37.54033271],[126.99355306,37.54030018],[126.99356268,37.54030026],[126.99356336,37.54025125],[126.99355238,37.54025116],[126.9935525,37.54024197],[126.99337078,37.54024034],[126.99336941,37.54033089],[126.99355249,37.54033271]]]}},{"type":"Feature","id":"seoul-building-56923","properties":{"id":"seoul-building-56923","sourceId":"1981199063524489852800000000","pnu":"1117013000102610005","name":"서울특별시 용산구 이태원동","address":"서울특별시 용산구 이태원동","useName":"제1종근린생활시설","floors":1.0,"height":4.2,"heightSource":"estimated","heightRaw":0.0,"sourceDate":"2026-09-09"},"geometry":{"type":"Polygon","coordinates":[[[126.99014301,37.54312656],[126.9901756,37.54316152],[126.9902401,37.54312351],[126.99020763,37.54308845],[126.99014301,37.54312656]]]}},{"type":"Feature","id":"seoul-building-56924","properties":{"id":"seoul-building-56924","sourceId":"1985199054394490142700000000","pnu":"1117013000102610103","name":"레스토랑 브루투스","address":"서울특별시 용산구 이태원동","useName":"제2종근린생활시설","floors":1.0,"height":3.4,"heightSource":"measured","heightRaw":3.4,"sourceDate":"2026-09-09"},"geometry":{"type":"Polygon","coordinates":[[[126.99003718,37.54335747],[126.99004011,37.5434191],[126.99014184,37.54340974],[126.99013947,37.54335811],[126.99003718,37.54335747]]]}},{"type":"Feature","id":"seoul-building-56928","properties":{"id":"seoul-building-56928","sourceId":"1985199267554486589400000000","pnu":"1117013000102100071","name":"서울특별시 용산구 이태원동","address":"서울특별시 용산구 이태원동","useName":"제2종근린생활시설","floors":4.0,"height":12.2,"heightSource":"measured","heightRaw":12.2,"sourceDate":"2026-09-09"},"geometry":{"type":"Polygon","coordinates":[[[126.99243707,37.54018307],[126.99249908,37.54024335],[126.99255644,37.54025669],[126.99259027,37.5401646],[126.99241965,37.54012117],[126.99239848,37.54017397],[126.99243707,37.54018307]]]}},{"type":"Feature","id":"seoul-building-56988","properties":{"id":"seoul-building-56988","sourceId":"1989199249074486526000000000","pnu":"1117013000102100001","name":"서울특별시 용산구 이태원동","address":"서울특별시 용산구 이태원동","useName":"제2종근린생활시설","floors":4.0,"height":13.5,"heightSource":"measured","heightRaw":13.5,"sourceDate":"2026-09-09"},"geometry":{"type":"Polygon","coordinates":[[[126.99231769,37.54019234],[126.99235957,37.54010414],[126.99223805,37.54006331],[126.99223398,37.54007097],[126.99224619,37.54012386],[126.99224234,37.54013125],[126.99225807,37.54013648],[126.99224121,37.54016936],[126.99231769,37.54019234]]]}},{"type":"Feature","id":"seoul-building-56989","properties":{"id":"seoul-building-56989","sourceId":"2002199284454486731900000000","pnu":"1117013000102270009","name":"이태원동 공영주차장","address":"서울특별시 용산구 이태원동","useName":"자동차관련시설","floors":5.0,"height":17.14,"heightSource":"measured","heightRaw":17.14,"sourceDate":"2026-09-09"},"geometry":{"type":"Polygon","coordinates":[[[126.99259275,37.54034553],[126.9926337,37.54041437],[126.99264241,37.54044492],[126.9927163,37.5404751],[126.99277321,37.5404796],[126.9928176,37.54020255],[126.99269574,37.54018633],[126.99260962,37.54016624],[126.99253833,37.54033183],[126.99259275,37.54034553]]]}},{"type":"Feature","id":"seoul-building-56990","properties":{"id":"seoul-building-56990","sourceId":"2014199335734486462900000000","pnu":"1117013000102290017","name":"서울특별시 용산구 이태원동","address":"서울특별시 용산구 이태원동","useName":"제2종근린생활시설","floors":4.0,"height":19.53,"heightSource":"measured","heightRaw":19.53,"sourceDate":"2026-09-09"},"geometry":{"type":"Polygon","coordinates":[[[126.99329295,37.54012528],[126.99333154,37.54003995],[126.99328572,37.5400268],[126.9932882,37.5400214],[126.99325221,37.54001111],[126.99321703,37.54009031],[126.99323807,37.54009627],[126.99322732,37.54012059],[126.99329295,37.54012528]]]}},{"type":"Feature","id":"seoul-building-56992","properties":{"id":"seoul-building-56992","sourceId":"1985199470934487360100000000","pnu":"1117013000102580115","name":"서울특별시 용산구 이태원동","address":"서울특별시 용산구 이태원동","useName":"단독주택","floors":1.0,"height":4.2,"heightSource":"estimated","heightRaw":0.0,"sourceDate":"2026-09-09"},"geometry":{"type":"Polygon","coordinates":[[[126.99480729,37.54093454],[126.9948633,37.54084625],[126.99480854,37.54082417],[126.99479032,37.54085282],[126.99477697,37.54084741],[126.99473917,37.54090715],[126.99480729,37.54093454]]]}},{"type":"Feature","id":"seoul-building-56993","properties":{"id":"seoul-building-56993","sourceId":"1967199411074486785800000000","pnu":"1117013000102410002","name":"서울특별시 용산구 이태원동","address":"서울특별시 용산구 이태원동","useName":"제2종근린생활시설","floors":3.0,"height":8.78,"heightSource":"measured","heightRaw":8.78,"sourceDate":"2026-09-09"},"geometry":{"type":"Polygon","coordinates":[[[126.99412458,37.54040067],[126.99412141,37.54040626],[126.99416882,37.54042311],[126.99421544,37.54035383],[126.99407209,37.54030273],[126.99403497,37.54036877],[126.99412458,37.54040067]]]}},{"type":"Feature","id":"seoul-building-56994","properties":{"id":"seoul-building-56994","sourceId":"1992199310874486452200000000","pnu":"1117013000102290014","name":"서울특별시 용산구 이태원동","address":"서울특별시 용산구 이태원동","useName":"제2종근린생활시설","floors":5.0,"height":13.0,"heightSource":"measured","heightRaw":13.0,"sourceDate":"2026-09-09"},"geometry":{"type":"Polygon","coordinates":[[[126.9929312,37.54007795],[126.9929354,37.54008129],[126.99294004,37.54008228],[126.99296799,37.54008976],[126.99300622,37.5400985],[126.99300261,37.54010832],[126.99303417,37.54011553],[126.9930679,37.54004535],[126.99293834,37.54001209],[126.992914,37.54007219],[126.9929312,37.54007795]]]}},{"type":"Feature","id":"seoul-building-57003","properties":{"id":"seoul-building-57003","sourceId":"2001199090674491387500000000","pnu":"1117013000102620026","name":"남산2호터널종점부관리사무소","address":"서울특별시 용산구 이태원동","useName":"제1종근린생활시설","floors":2.0,"height":11.7,"heightSource":"measured","heightRaw":11.7,"sourceDate":"2026-09-09"},"geometry":{"type":"Polygon","coordinates":[[[126.99043805,37.54461062],[126.99046351,37.54459287],[126.99049168,37.54461576],[126.99047663,37.54462621],[126.99050933,37.54465595],[126.99057836,37.54461406],[126.99059646,37.54463288],[126.99062611,37.54461486],[126.99061389,37.54460288],[126.99069798,37.54454342],[126.99048854,37.54435041],[126.99040468,37.54441266],[126.99039575,37.5444051],[126.99036769,37.54442591],[126.99037187,37.54442906],[126.99029696,37.5444805],[126.99043805,37.54461062]]]}},{"type":"Feature","id":"seoul-building-57004","properties":{"id":"seoul-building-57004","sourceId":"1998199111684490151700000000","pnu":"1117013000102610012","name":"서울특별시 용산구 이태원동","address":"서울특별시 용산구 이태원동","useName":"단독주택","floors":4.0,"height":10.8,"heightSource":"measured","heightRaw":10.8,"sourceDate":"2026-09-09"},"geometry":{"type":"Polygon","coordinates":[[[126.99069505,37.54346718],[126.99070761,37.54350691],[126.99073918,37.5435007],[126.99074212,37.54350295],[126.99074404,37.54350439],[126.99074665,37.54350574],[126.99074902,37.54350647],[126.99076577,37.54350448],[126.99076735,37.54350467],[126.99077426,37.54350539],[126.99077799,37.54350503],[126.99078229,37.54350341],[126.99078512,37.54350286],[126.99078387,37.54349872],[126.99080289,37.54349503],[126.99080028,37.54348665],[126.99082292,37.54348215],[126.99079871,37.5434043],[126.99080901,37.54340367],[126.99076512,37.54327329],[126.99065569,37.54329752],[126.99066316,37.54332725],[126.9906643,37.54332707],[126.99066169,37.54332851],[126.99065966,37.5433332],[126.99068341,37.54339257],[126.99065738,37.54339915],[126.99068532,37.54346934],[126.99069505,37.54346718]]]}},{"type":"Feature","id":"seoul-building-57005","properties":{"id":"seoul-building-57005","sourceId":"0000199127774490192500000000","pnu":"1117013000102620079","name":"서울특별시 용산구 이태원동","address":"서울특별시 용산구 이태원동","useName":"","floors":0.0,"height":0,"heightSource":"unknown","heightRaw":0.0,"sourceDate":"2026-09-09"},"geometry":{"type":"Polygon","coordinates":[[[126.99094933,37.54333322],[126.99082837,37.54335258],[126.99086342,37.54349143],[126.99089895,37.54348882],[126.99090823,37.54351927],[126.990951,37.54351603],[126.99095609,37.54352946],[126.99101516,37.54351622],[126.99100837,37.54350496],[126.99099299,37.54343882],[126.99097466,37.54344152],[126.99094933,37.54333322]]]}},{"type":"Feature","id":"seoul-building-57073","properties":{"id":"seoul-building-57073","sourceId":"1970199053464491861100000000","pnu":"1117013000102620026","name":"서울특별시 용산구 이태원동","address":"서울특별시 용산구 이태원동","useName":"제1종근린생활시설","floors":1.0,"height":4.2,"heightSource":"estimated","heightRaw":0.0,"sourceDate":"2026-09-09"},"geometry":{"type":"Polygon","coordinates":[[[126.99003381,37.54490836],[126.99005643,37.54496892],[126.9900794,37.5449635],[126.99008019,37.54496891],[126.9900992,37.5449663],[126.99009705,37.54495613],[126.99013383,37.54495109],[126.99007986,37.54489746],[126.99003381,37.54490836]]]}},{"type":"Feature","id":"seoul-building-57080","properties":{"id":"seoul-building-57080","sourceId":"1963199501394487001600000000","pnu":"1117013000100050002","name":"서울특별시 용산구 이태원동","address":"서울특별시 용산구 이태원동","useName":"단독주택","floors":3.0,"height":8.9,"heightSource":"measured","heightRaw":8.9,"sourceDate":"2026-09-09"},"geometry":{"type":"Polygon","coordinates":[[[126.99519644,37.54062434],[126.9952331,37.54056848],[126.99520663,37.54055749],[126.99522054,37.54053632],[126.99510502,37.5404882],[126.99505387,37.54056496],[126.99519644,37.54062434]]]}},{"type":"Feature","id":"seoul-building-57081","properties":{"id":"seoul-building-57081","sourceId":"1983199468024486834900000000","pnu":"1117013000100050013","name":"서울특별시 용산구 이태원동","address":"서울특별시 용산구 이태원동","useName":"제1종근린생활시설","floors":2.0,"height":7.0,"heightSource":"measured","heightRaw":7.0,"sourceDate":"2026-09-09"},"geometry":{"type":"Polygon","coordinates":[[[126.99490328,37.54050009],[126.9949405,37.54044602],[126.99463455,37.5403124],[126.99459732,37.54036645],[126.99490328,37.54050009]]]}},{"type":"Feature","id":"seoul-building-57082","properties":{"id":"seoul-building-57082","sourceId":"1998199456534487018000000000","pnu":"1117013000100050006","name":"서울특별시 용산구 이태원동","address":"서울특별시 용산구 이태원동","useName":"제2종근린생활시설","floors":3.0,"height":10.65,"heightSource":"measured","heightRaw":10.65,"sourceDate":"2026-09-09"},"geometry":{"type":"Polygon","coordinates":[[[126.99461903,37.54063405],[126.99465049,37.54064739],[126.99471408,37.54055269],[126.9945989,37.54050358],[126.99457513,37.54054007],[126.99461903,37.54063405]]]}},{"type":"Feature","id":"seoul-building-57083","properties":{"id":"seoul-building-57083","sourceId":"1997199478174487402300000000","pnu":"1117013000102580116","name":"서울특별시 용산구 이태원동","address":"서울특별시 용산구 이태원동","useName":"제2종근린생활시설","floors":3.0,"height":11.95,"heightSource":"measured","heightRaw":11.95,"sourceDate":"2026-09-09"},"geometry":{"type":"Polygon","coordinates":[[[126.9948126,37.5409313],[126.99489577,37.54097005],[126.99495303,37.54088409],[126.99491241,37.54086697],[126.99489668,37.54089058],[126.99488593,37.54088598],[126.99487756,37.5408986],[126.99484836,37.54088625],[126.99484282,37.54089445],[126.99483524,37.54089166],[126.9948126,37.5409313]]]}},{"type":"Feature","id":"seoul-building-57084","properties":{"id":"seoul-building-57084","sourceId":"1982199488674486944800000000","pnu":"1117013000100050003","name":"서울특별시 용산구 이태원동","address":"서울특별시 용산구 이태원동","useName":"제1종근린생활시설","floors":1.0,"height":4.2,"heightSource":"estimated","heightRaw":0.0,"sourceDate":"2026-09-09"},"geometry":{"type":"Polygon","coordinates":[[[126.99504086,37.54055992],[126.99508115,37.54050333],[126.99496414,37.54045062],[126.99492397,37.54050721],[126.99504086,37.54055992]]]}},{"type":"Feature","id":"seoul-building-57086","properties":{"id":"seoul-building-57086","sourceId":"1972199495484487206900000000","pnu":"1117013000102580190","name":"서울특별시 용산구 이태원동","address":"서울특별시 용산구 이태원동","useName":"제2종근린생활시설","floors":1.0,"height":4.2,"heightSource":"estimated","heightRaw":0.0,"sourceDate":"2026-09-09"},"geometry":{"type":"Polygon","coordinates":[[[126.99514245,37.54076851],[126.9951446,37.54073679],[126.99509109,37.54072138],[126.99509471,37.54071335],[126.99504945,37.5407003],[126.99501323,37.540763],[126.99514245,37.54076851]]]}},{"type":"Feature","id":"seoul-building-57087","properties":{"id":"seoul-building-57087","sourceId":"1981199436464486670100000000","pnu":"1117013000100050025","name":"텐마인즈 빌딩","address":"서울특별시 용산구 이태원동","useName":"제2종근린생활시설","floors":3.0,"height":10.92,"heightSource":"measured","heightRaw":10.92,"sourceDate":"2026-09-09"},"geometry":{"type":"Polygon","coordinates":[[[126.99453204,37.54029779],[126.99452253,37.54028923],[126.99452752,37.54027121],[126.99450986,37.54026707],[126.99452197,37.54023049],[126.9943794,37.54018967],[126.99437319,37.54019705],[126.99431028,37.54018543],[126.99428968,37.54025633],[126.99428175,37.54027435],[126.99451461,37.54033816],[126.99453204,37.54029779]]]}},{"type":"Feature","id":"seoul-building-57145","properties":{"id":"seoul-building-57145","sourceId":"0000199281774489122100000000","pnu":"1117013000102580195","name":"서울특별시 용산구 이태원동","address":"서울특별시 용산구 이태원동","useName":"","floors":0.0,"height":0,"heightSource":"unknown","heightRaw":0.0,"sourceDate":"2026-09-09"},"geometry":{"type":"Polygon","coordinates":[[[126.99264731,37.54249568],[126.99264742,37.54250568],[126.99268623,37.54250569],[126.99268623,37.54249542],[126.99271441,37.54249542],[126.99271429,37.54245847],[126.992711,37.54245847],[126.99271102,37.542431],[126.99262094,37.54243117],[126.99261618,37.54245748],[126.99260283,37.54245757],[126.99260305,37.54249577],[126.99264731,37.54249568]]]}},{"type":"Feature","id":"seoul-building-57146","properties":{"id":"seoul-building-57146","sourceId":"0000199269574489176100000000","pnu":"1117013000102600373","name":"서울특별시 용산구 이태원동","address":"서울특별시 용산구 이태원동","useName":"","floors":0.0,"height":0,"heightSource":"unknown","heightRaw":0.0,"sourceDate":"2026-09-09"},"geometry":{"type":"Polygon","coordinates":[[[126.99257374,37.54254136],[126.99257262,37.54248126],[126.9925259,37.5424818],[126.99252611,37.5424909],[126.99248606,37.54249135],[126.99248639,37.54250919],[126.99246116,37.54250945],[126.99246183,37.54254261],[126.99257374,37.54254136]]]}},{"type":"Feature","id":"seoul-building-57148","properties":{"id":"seoul-building-57148","sourceId":"1968199168994488977200000000","pnu":"1117013000102600176","name":"서울특별시 용산구 이태원동","address":"서울특별시 용산구 이태원동","useName":"단독주택","floors":3.0,"height":7.8,"heightSource":"measured","heightRaw":7.8,"sourceDate":"2026-09-09"},"geometry":{"type":"Polygon","coordinates":[[[126.99137614,37.54239306],[126.99137172,37.54240027],[126.99144506,37.54242874],[126.99148941,37.54235604],[126.99147187,37.54234919],[126.99147798,37.54233928],[126.99146373,37.54233378],[126.99148184,37.54230423],[126.99133124,37.54224583],[126.99126707,37.54235079],[126.99137614,37.54239306]]]}},{"type":"Feature","id":"seoul-building-57150","properties":{"id":"seoul-building-57150","sourceId":"1992199357834489064800000000","pnu":"1117013000102580203","name":"서울특별시 용산구 이태원동","address":"서울특별시 용산구 이태원동","useName":"단독주택","floors":2.0,"height":7.1,"heightSource":"measured","heightRaw":7.1,"sourceDate":"2026-09-09"},"geometry":{"type":"Polygon","coordinates":[[[126.99361692,37.54243645],[126.99359113,37.54239635],[126.99357913,37.54240122],[126.99355933,37.54237049],[126.99354745,37.54237536],[126.99353263,37.54235238],[126.99352143,37.54235688],[126.99351475,37.5423467],[126.99343894,37.5423849],[126.99345659,37.54240707],[126.99344561,37.54241266],[126.99347152,37.54244527],[126.99346846,37.5424468],[126.99349765,37.54248356],[126.99361692,37.54243645]]]}},{"type":"Feature","id":"seoul-building-57152","properties":{"id":"seoul-building-57152","sourceId":"1996199284864488932700000000","pnu":"1117013000102580267","name":"서울특별시 용산구 이태원동","address":"서울특별시 용산구 이태원동","useName":"제2종근린생활시설","floors":3.0,"height":8.2,"heightSource":"measured","heightRaw":8.2,"sourceDate":"2026-09-09"},"geometry":{"type":"Polygon","coordinates":[[[126.99266757,37.54234981],[126.99269744,37.54234296],[126.99269642,37.54233387],[126.99271917,37.54233242],[126.99274452,37.54224638],[126.99269587,37.54224367],[126.9926858,37.54225016],[126.99264347,37.54234332],[126.99266757,37.54234981]]]}},{"type":"Feature","id":"seoul-building-57155","properties":{"id":"seoul-building-57155","sourceId":"1966199151564489611800000000","pnu":"1117013000102600184","name":"서울특별시 용산구 이태원동","address":"서울특별시 용산구 이태원동","useName":"제2종근린생활시설","floors":2.0,"height":7.9,"heightSource":"measured","heightRaw":7.9,"sourceDate":"2026-09-09"},"geometry":{"type":"Polygon","coordinates":[[[126.99119604,37.54297815],[126.99125852,37.54288284],[126.99118916,37.54283634],[126.99113688,37.54285066],[126.99117365,37.54286445],[126.99111503,37.5429485],[126.99119604,37.54297815]]]}},{"type":"Feature","id":"seoul-building-57230","properties":{"id":"seoul-building-57230","sourceId":"0000199407054488839700000000","pnu":"1117013000102580040","name":"서울특별시 용산구 이태원동","address":"서울특별시 용산구 이태원동","useName":"단독주택","floors":1.0,"height":4.2,"heightSource":"estimated","heightRaw":0.0,"sourceDate":"2026-09-09"},"geometry":{"type":"Polygon","coordinates":[[[126.99405065,37.54224717],[126.99413756,37.54220996],[126.99413564,37.54219375],[126.99405767,37.54219023],[126.99402723,37.54220554],[126.99405065,37.54224717]]]}},{"type":"Feature","id":"seoul-building-57235","properties":{"id":"seoul-building-57235","sourceId":"1996199297274487500500000000","pnu":"1117013000102580227","name":"서울특별시 용산구 이태원동","address":"서울특별시 용산구 이태원동","useName":"단독주택","floors":3.0,"height":9.2,"heightSource":"measured","heightRaw":9.2,"sourceDate":"2026-09-09"},"geometry":{"type":"Polygon","coordinates":[[[126.99281412,37.54103211],[126.99281389,37.54104382],[126.99285202,37.54104445],[126.99285236,37.54104013],[126.99289015,37.54104121],[126.99289333,37.540974],[126.99278097,37.54097057],[126.99277814,37.54103156],[126.99281412,37.54103211]]]}},{"type":"Feature","id":"seoul-building-57236","properties":{"id":"seoul-building-57236","sourceId":"2003199166804487576800000000","pnu":"1117013000102600099","name":"서울특별시 용산구 이태원동","address":"서울특별시 용산구 이태원동","useName":"제2종근린생활시설","floors":3.0,"height":9.5,"heightSource":"measured","heightRaw":9.5,"sourceDate":"2026-09-09"},"geometry":{"type":"Polygon","coordinates":[[[126.99142404,37.5411368],[126.99142088,37.54107796],[126.99141828,37.54102823],[126.99138909,37.54102922],[126.99126383,37.54103344],[126.99126609,37.54107435],[126.99133149,37.54107219],[126.99133307,37.54110138],[126.99135276,37.54110075],[126.99135479,37.54113904],[126.99142404,37.5411368]]]}},{"type":"Feature","id":"seoul-building-57300","properties":{"id":"seoul-building-57300","sourceId":"1995199167904487371100000000","pnu":"1117013000102510001","name":"서울특별시 용산구 이태원동","address":"서울특별시 용산구 이태원동","useName":"제1종근린생활시설","floors":4.0,"height":11.6,"heightSource":"measured","heightRaw":11.6,"sourceDate":"2026-09-09"},"geometry":{"type":"Polygon","coordinates":[[[126.99141331,37.54094128],[126.9914071,37.54089578],[126.99142792,37.54084641],[126.9913606,37.54082397],[126.99131408,37.54091235],[126.99132868,37.54091235],[126.99133343,37.5409438],[126.99141331,37.54094128]]]}},{"type":"Feature","id":"seoul-building-57304","properties":{"id":"seoul-building-57304","sourceId":"1986199218474487500300000000","pnu":"1117013000102600169","name":"서울특별시 용산구 이태원동","address":"서울특별시 용산구 이태원동","useName":"제1종근린생활시설","floors":3.0,"height":9.7,"heightSource":"measured","heightRaw":9.7,"sourceDate":"2026-09-09"},"geometry":{"type":"Polygon","coordinates":[[[126.99200632,37.54104971],[126.99200644,37.54102755],[126.99211246,37.54102765],[126.99211258,37.54097701],[126.99207446,37.54096169],[126.99194512,37.54096141],[126.99182687,37.54097609],[126.99178489,37.54099546],[126.99178421,37.54104933],[126.99200632,37.54104971]]]}},{"type":"Feature","id":"seoul-building-57305","properties":{"id":"seoul-building-57305","sourceId":"1988199207194487311500000000","pnu":"1117013000102490015","name":"서울특별시 용산구 이태원동","address":"서울특별시 용산구 이태원동","useName":"제2종근린생활시설","floors":3.0,"height":10.6,"heightSource":"estimated","heightRaw":0.0,"sourceDate":"2026-09-09"},"geometry":{"type":"Polygon","coordinates":[[[126.99192136,37.54089455],[126.9919208,37.54088635],[126.99193189,37.54088582],[126.99192907,37.540845],[126.99192239,37.54084527],[126.99192216,37.54084122],[126.99191696,37.54084139],[126.99191109,37.54075688],[126.99181751,37.54076102],[126.9918183,37.54077174],[126.9917942,37.54077282],[126.99179465,37.54077823],[126.99170956,37.540782],[126.99171431,37.54084859],[126.99170299,37.54084904],[126.99170683,37.54090409],[126.99192136,37.54089455]]]}},{"type":"Feature","id":"seoul-building-57307","properties":{"id":"seoul-building-57307","sourceId":"1968199336124487522900000000","pnu":"1117013000102570001","name":"서울특별시 용산구 이태원동","address":"서울특별시 용산구 이태원동","useName":"단독주택","floors":2.0,"height":7.4,"heightSource":"estimated","heightRaw":0.0,"sourceDate":"2026-09-09"},"geometry":{"type":"Polygon","coordinates":[[[126.99329037,37.54105466],[126.99329026,37.54106844],[126.99331233,37.54106863],[126.99331243,37.54106547],[126.99336743,37.54106592],[126.99336789,37.54103484],[126.99330056,37.54098636],[126.99319838,37.54098366],[126.99319543,37.54105385],[126.99329037,37.54105466]]]}},{"type":"Feature","id":"seoul-building-57457","properties":{"id":"seoul-building-57457","sourceId":"1984199423204486857100000000","pnu":"1117013000100050012","name":"서울특별시 용산구 이태원동","address":"서울특별시 용산구 이태원동","useName":"제2종근린생활시설","floors":2.0,"height":8.4,"heightSource":"measured","heightRaw":8.4,"sourceDate":"2026-09-09"},"geometry":{"type":"Polygon","coordinates":[[[126.99424688,37.54048563],[126.99425096,37.54048708],[126.99425639,37.5404878],[126.99426499,37.54048781],[126.99432055,37.5404724],[126.99435959,37.54040455],[126.99422076,37.54035715],[126.99419597,37.54040752],[126.9941876,37.54040491],[126.99416316,37.54043662],[126.99424688,37.54048563]]]}},{"type":"Feature","id":"seoul-building-57458","properties":{"id":"seoul-building-57458","sourceId":"0000199436904486864800000000","pnu":"1117013000100050040","name":"서울특별시 용산구 이태원동","address":"서울특별시 용산구 이태원동","useName":"","floors":0.0,"height":0,"heightSource":"unknown","heightRaw":0.0,"sourceDate":"2026-09-09"},"geometry":{"type":"Polygon","coordinates":[[[126.99436853,37.54040086],[126.99435167,37.54042978],[126.9944776,37.54046303],[126.99448812,37.54044501],[126.99436853,37.54040086]]]}},{"type":"Feature","id":"seoul-building-57459","properties":{"id":"seoul-building-57459","sourceId":"2003199326454486435000000000","pnu":"1117013000102290018","name":"서울특별시 용산구 이태원동","address":"서울특별시 용산구 이태원동","useName":"단독주택","floors":5.0,"height":13.0,"heightSource":"measured","heightRaw":13.0,"sourceDate":"2026-09-09"},"geometry":{"type":"Polygon","coordinates":[[[126.99312832,37.53999778],[126.9931427,37.54000057],[126.99309799,37.54011247],[126.99317527,37.54012131],[126.99319417,37.54011203],[126.99322484,37.54003003],[126.99321534,37.54002779],[126.99323072,37.53998661],[126.99319441,37.53997814],[126.99319587,37.53997409],[126.9931384,37.53996336],[126.99312832,37.53999778]]]}},{"type":"Feature","id":"seoul-building-57520","properties":{"id":"seoul-building-57520","sourceId":"1961199079154487349300000000","pnu":"1117013000102550039","name":"서울특별시 용산구 이태원동","address":"서울특별시 용산구 이태원동","useName":"단독주택","floors":1.0,"height":4.2,"heightSource":"estimated","heightRaw":0.0,"sourceDate":"2026-09-09"},"geometry":{"type":"Polygon","coordinates":[[[126.99038454,37.54093129],[126.99041702,37.54086209],[126.99042574,37.54086471],[126.99044237,37.54083876],[126.9903445,37.54080704],[126.99032764,37.5408365],[126.99034789,37.54084326],[126.9903351,37.54086749],[126.99032266,37.54086336],[126.99030002,37.54090615],[126.99038454,37.54093129]]]}},{"type":"Feature","id":"seoul-building-57521","properties":{"id":"seoul-building-57521","sourceId":"1985199051294487238200000000","pnu":"1117013000102550045","name":"서울특별시 용산구 이태원동","address":"서울특별시 용산구 이태원동","useName":"단독주택","floors":3.0,"height":8.0,"heightSource":"measured","heightRaw":8.0,"sourceDate":"2026-09-09"},"geometry":{"type":"Polygon","coordinates":[[[126.99004896,37.54079639],[126.99004579,37.5408063],[126.99007147,37.54081152],[126.99006638,37.54082756],[126.99011955,37.54083838],[126.99013597,37.54078711],[126.99012861,37.5407854],[126.99013416,37.54077036],[126.99011334,37.54076486],[126.99012159,37.54074269],[126.98998074,37.54070862],[126.98996387,37.54075295],[126.98997213,37.54075493],[126.98996296,37.5407789],[126.99004896,37.54079639]]]}},{"type":"Feature","id":"seoul-building-57523","properties":{"id":"seoul-building-57523","sourceId":"1971199110674486904700000000","pnu":"1117013000102530007","name":"서울특별시 용산구 이태원동","address":"서울특별시 용산구 이태원동","useName":"교육연구및복지시설","floors":4.0,"height":13.7,"heightSource":"measured","heightRaw":13.7,"sourceDate":"2026-09-09"},"geometry":{"type":"Polygon","coordinates":[[[126.99052073,37.54044819],[126.99051472,37.5404581],[126.99051517,37.54046071],[126.99064993,37.54051956],[126.99065706,37.54050919],[126.99068252,37.54051928],[126.9906617,37.54055245],[126.99066294,37.5405556],[126.99070107,37.54057308],[126.99069462,37.540582],[126.99069338,37.54058786],[126.99069654,37.54059642],[126.99072585,37.54061147],[126.9907323,37.54061066],[126.99073807,37.54060858],[126.99074112,37.54060434],[126.99076161,37.54057587],[126.99083764,37.54060561],[126.99094684,37.54042308],[126.99082227,37.54036838],[126.99077668,37.54043722],[126.99059903,37.54036367],[126.99061148,37.54034457],[126.99056588,37.54032368],[126.99048542,37.54043476],[126.99052073,37.54044819]]]}},{"type":"Feature","id":"seoul-building-58982","properties":{"id":"seoul-building-58982","sourceId":"1988199083414487565500000000","pnu":"1117013000102550035","name":"서울특별시 용산구 이태원동","address":"서울특별시 용산구 이태원동","useName":"단독주택","floors":2.0,"height":7.4,"heightSource":"estimated","heightRaw":0.0,"sourceDate":"2026-09-09"},"geometry":{"type":"Polygon","coordinates":[[[126.99044539,37.54111753],[126.99047561,37.54102113],[126.99042221,37.54101059],[126.99041756,37.54102536],[126.9904084,37.54102346],[126.99040693,37.54102824],[126.99037989,37.54102284],[126.99035577,37.54109977],[126.99044539,37.54111753]]]}},{"type":"Feature","id":"seoul-building-58984","properties":{"id":"seoul-building-58984","sourceId":"0000199074794487569200000000","pnu":"1117013000102550035","name":"서울특별시 용산구 이태원동","address":"서울특별시 용산구 이태원동","useName":"","floors":0.0,"height":0,"heightSource":"unknown","heightRaw":0.0,"sourceDate":"2026-09-09"},"geometry":{"type":"Polygon","coordinates":[[[126.99034933,37.54110545],[126.99037151,37.54104212],[126.9903224,37.54103112],[126.99031731,37.54104554],[126.99028099,37.54103751],[126.99026378,37.54108644],[126.99034933,37.54110545]]]}},{"type":"Feature","id":"seoul-building-58987","properties":{"id":"seoul-building-58987","sourceId":"1995199174384487234300000000","pnu":"1117013000102510010","name":"서울특별시 용산구 이태원동","address":"서울특별시 용산구 이태원동","useName":"단독주택","floors":2.0,"height":6.5,"heightSource":"measured","heightRaw":6.5,"sourceDate":"2026-09-09"},"geometry":{"type":"Polygon","coordinates":[[[126.99145384,37.5408229],[126.99150227,37.54072802],[126.99144072,37.54070811],[126.99138923,37.54080307],[126.99145384,37.5408229]]]}},{"type":"Feature","id":"seoul-building-58988","properties":{"id":"seoul-building-58988","sourceId":"1996199090464487576400000000","pnu":"1117013000102550031","name":"서울특별시 용산구 이태원동","address":"서울특별시 용산구 이태원동","useName":"단독주택","floors":2.0,"height":6.4,"heightSource":"measured","heightRaw":6.4,"sourceDate":"2026-09-09"},"geometry":{"type":"Polygon","coordinates":[[[126.99050445,37.54113051],[126.99050875,37.54111448],[126.99051475,37.54111546],[126.9905383,37.54102699],[126.99048387,37.54101779],[126.99045513,37.54112222],[126.99050445,37.54113051]]]}},{"type":"Feature","id":"seoul-building-58991","properties":{"id":"seoul-building-58991","sourceId":"1997199090264487997600000000","pnu":"1117013000102550008","name":"서울특별시 용산구 이태원동","address":"서울특별시 용산구 이태원동","useName":"단독주택","floors":3.0,"height":9.9,"heightSource":"measured","heightRaw":9.9,"sourceDate":"2026-09-09"},"geometry":{"type":"Polygon","coordinates":[[[126.99054027,37.54150308],[126.99054345,37.54148389],[126.99055872,37.54148551],[126.99057027,37.54142929],[126.99043223,37.5414073],[126.99041593,37.54147208],[126.99048076,37.54148244],[126.99048709,37.5414974],[126.99054027,37.54150308]]]}},{"type":"Feature","id":"seoul-building-58993","properties":{"id":"seoul-building-58993","sourceId":"1997199137544486500900000000","pnu":"1117013000102510076","name":"서울특별시 용산구 이태원동","address":"서울특별시 용산구 이태원동","useName":"단독주택","floors":4.0,"height":11.7,"heightSource":"measured","heightRaw":11.7,"sourceDate":"2026-09-09"},"geometry":{"type":"Polygon","coordinates":[[[126.99105415,37.54015964],[126.99109908,37.54009197],[126.99100381,37.54005134],[126.9909599,37.54011647],[126.99105415,37.54015964]]]}},{"type":"Feature","id":"seoul-building-59021","properties":{"id":"seoul-building-59021","sourceId":"1994199127824487134100000000","pnu":"1117013000102510050","name":"서울특별시 용산구 이태원동","address":"서울특별시 용산구 이태원동","useName":"단독주택","floors":3.0,"height":9.5,"heightSource":"measured","heightRaw":9.5,"sourceDate":"2026-09-09"},"geometry":{"type":"Polygon","coordinates":[[[126.99094659,37.54071725],[126.99097771,37.54066842],[126.9908924,37.54063383],[126.99086116,37.54068266],[126.99094659,37.54071725]]]}},{"type":"Feature","id":"seoul-building-59054","properties":{"id":"seoul-building-59054","sourceId":"1997199132164487043900000000","pnu":"1117013000102510053","name":"서울특별시 용산구 이태원동","address":"서울특별시 용산구 이태원동","useName":"단독주택","floors":3.0,"height":9.1,"heightSource":"measured","heightRaw":9.1,"sourceDate":"2026-09-09"},"geometry":{"type":"Polygon","coordinates":[[[126.99099457,37.54064158],[126.99102966,37.54057671],[126.99094265,37.54054688],[126.99090757,37.54061175],[126.99099457,37.54064158]]]}},{"type":"Feature","id":"seoul-building-59055","properties":{"id":"seoul-building-59055","sourceId":"1992199132484486590500000000","pnu":"1117013000102510075","name":"서울특별시 용산구 이태원동","address":"서울특별시 용산구 이태원동","useName":"단독주택","floors":2.0,"height":7.6,"heightSource":"measured","heightRaw":7.6,"sourceDate":"2026-09-09"},"geometry":{"type":"Polygon","coordinates":[[[126.99099281,37.54022658],[126.9910254,37.54017504],[126.9909496,37.54014467],[126.99092063,37.54019765],[126.99099281,37.54022658]]]}},{"type":"Feature","id":"seoul-building-59056","properties":{"id":"seoul-building-59056","sourceId":"1991199138854486902800000000","pnu":"1117013000102510056","name":"서울특별시 용산구 이태원동","address":"서울특별시 용산구 이태원동","useName":"단독주택","floors":2.0,"height":7.6,"heightSource":"measured","heightRaw":7.6,"sourceDate":"2026-09-09"},"geometry":{"type":"Polygon","coordinates":[[[126.99106588,37.54050887],[126.99109915,37.54045562],[126.99102289,37.54042534],[126.99098951,37.5404785],[126.99106588,37.54050887]]]}},{"type":"Feature","id":"seoul-building-59057","properties":{"id":"seoul-building-59057","sourceId":"1991199134334486963500000000","pnu":"1117013000102510055","name":"서울특별시 용산구 이태원동","address":"서울특별시 용산구 이태원동","useName":"단독주택","floors":2.0,"height":7.6,"heightSource":"measured","heightRaw":7.6,"sourceDate":"2026-09-09"},"geometry":{"type":"Polygon","coordinates":[[[126.99093337,37.54053561],[126.9909379,37.54052904],[126.99102491,37.54056689],[126.9910592,37.54051688],[126.99096869,37.54047741],[126.99095477,37.54049777],[126.99094718,37.54049453],[126.99092229,37.54053075],[126.99093337,37.54053561]]]}},{"type":"Feature","id":"seoul-building-59058","properties":{"id":"seoul-building-59058","sourceId":"1997199140624487129700000000","pnu":"1117013000102510042","name":"서울특별시 용산구 이태원동","address":"서울특별시 용산구 이태원동","useName":"단독주택","floors":2.0,"height":7.9,"heightSource":"measured","heightRaw":7.9,"sourceDate":"2026-09-09"},"geometry":{"type":"Polygon","coordinates":[[[126.99102003,37.54069149],[126.99108689,37.54071519],[126.99111972,37.54065636],[126.99104029,37.54062824],[126.9910129,37.54067726],[126.99102003,37.54069149]]]}},{"type":"Feature","id":"seoul-building-59059","properties":{"id":"seoul-building-59059","sourceId":"1992199119334487089800000000","pnu":"1117013000102510051","name":"서울특별시 용산구 이태원동","address":"서울특별시 용산구 이태원동","useName":"단독주택","floors":3.0,"height":9.1,"heightSource":"measured","heightRaw":9.1,"sourceDate":"2026-09-09"},"geometry":{"type":"Polygon","coordinates":[[[126.99083378,37.54066833],[126.99083163,37.54067229],[126.99084906,37.5406785],[126.99087894,37.54062526],[126.99079498,37.54059535],[126.99076725,37.54064462],[126.99083378,37.54066833]]]}},{"type":"Feature","id":"seoul-building-59061","properties":{"id":"seoul-building-59061","sourceId":"1993199136444487216400000000","pnu":"1117013000102510041","name":"서울특별시 용산구 이태원동","address":"서울특별시 용산구 이태원동","useName":"단독주택","floors":2.0,"height":6.2,"heightSource":"measured","heightRaw":6.2,"sourceDate":"2026-09-09"},"geometry":{"type":"Polygon","coordinates":[[[126.99104264,37.54079412],[126.99107286,37.5407415],[126.99104005,37.54072952],[126.99104673,37.54071807],[126.99101878,37.54070789],[126.99098755,37.54071492],[126.99095948,37.54076376],[126.99104264,37.54079412]]]}},{"type":"Feature","id":"seoul-building-59062","properties":{"id":"seoul-building-59062","sourceId":"1996199144984486791500000000","pnu":"1117013000102510057","name":"서울특별시 용산구 이태원동","address":"서울특별시 용산구 이태원동","useName":"단독주택","floors":3.0,"height":9.0,"heightSource":"measured","heightRaw":9.0,"sourceDate":"2026-09-09"},"geometry":{"type":"Polygon","coordinates":[[[126.99111726,37.54042733],[126.99117894,37.54032462],[126.99112508,37.54030389],[126.99110924,37.54032471],[126.99109849,37.54034155],[126.99109453,37.54033993],[126.9910668,37.54036687],[126.99104371,37.54040002],[126.99111726,37.54042733]]]}},{"type":"Feature","id":"seoul-building-59063","properties":{"id":"seoul-building-59063","sourceId":"1983199061694487593400000000","pnu":"1117013000102550037","name":"서울특별시 용산구 이태원동","address":"서울특별시 용산구 이태원동","useName":"제2종근린생활시설","floors":2.0,"height":7.4,"heightSource":"measured","heightRaw":7.4,"sourceDate":"2026-09-09"},"geometry":{"type":"Polygon","coordinates":[[[126.99025597,37.54110986],[126.99022136,37.54102922],[126.99015765,37.54104732],[126.9901589,37.54104994],[126.99008682,37.54107047],[126.99011679,37.54114778],[126.99025597,37.54110986]]]}},{"type":"Feature","id":"seoul-building-59064","properties":{"id":"seoul-building-59064","sourceId":"1983199063524487417600000000","pnu":"1117013000102550041","name":"서울특별시 용산구 이태원동","address":"서울특별시 용산구 이태원동","useName":"단독주택","floors":2.0,"height":7.4,"heightSource":"estimated","heightRaw":0.0,"sourceDate":"2026-09-09"},"geometry":{"type":"Polygon","coordinates":[[[126.99019331,37.54099219],[126.9901984,37.54098092],[126.9902311,37.54099012],[126.99025498,37.54093281],[126.99024989,37.54093146],[126.99026449,37.54089317],[126.99016051,37.54086406],[126.99012237,37.54095353],[126.99012848,37.54095515],[126.99012123,37.54097191],[126.99019331,37.54099219]]]}},{"type":"Feature","id":"seoul-building-59065","properties":{"id":"seoul-building-59065","sourceId":"1996199167684486795100000000","pnu":"1117013000102510036","name":"서울특별시 용산구 이태원동","address":"서울특별시 용산구 이태원동","useName":"단독주택","floors":2.0,"height":7.6,"heightSource":"measured","heightRaw":7.6,"sourceDate":"2026-09-09"},"geometry":{"type":"Polygon","coordinates":[[[126.99139821,37.54041078],[126.99142537,37.54036068],[126.99134018,37.54032904],[126.99132094,37.54036193],[126.99133225,37.54036617],[126.9913215,37.54038437],[126.99139821,37.54041078]]]}},{"type":"Feature","id":"seoul-building-59069","properties":{"id":"seoul-building-59069","sourceId":"1992199180864486738000000000","pnu":"1117013000102510095","name":"서울특별시 용산구 이태원동","address":"서울특별시 용산구 이태원동","useName":"단독주택","floors":2.0,"height":7.4,"heightSource":"measured","heightRaw":7.4,"sourceDate":"2026-09-09"},"geometry":{"type":"Polygon","coordinates":[[[126.99155176,37.54036753],[126.99158164,37.54030771],[126.99157813,37.540296],[126.99151715,37.5402768],[126.99151398,37.54028275],[126.99148547,37.54027319],[126.99145219,37.54033599],[126.99155176,37.54036753]]]}},{"type":"Feature","id":"seoul-building-59123","properties":{"id":"seoul-building-59123","sourceId":"1996199157624487029400000000","pnu":"1117013000102510033","name":"서울특별시 용산구 이태원동","address":"서울특별시 용산구 이태원동","useName":"단독주택","floors":2.0,"height":7.8,"heightSource":"measured","heightRaw":7.8,"sourceDate":"2026-09-09"},"geometry":{"type":"Polygon","coordinates":[[[126.99127756,37.54062196],[126.99131027,37.5405688],[126.99123379,37.54054105],[126.99120391,37.54059321],[126.99127756,37.54062196]]]}},{"type":"Feature","id":"seoul-building-59125","properties":{"id":"seoul-building-59125","sourceId":"1996199143234487331300000000","pnu":"1117013000102510029","name":"서울특별시 용산구 이태원동","address":"서울특별시 용산구 이태원동","useName":"단독주택","floors":2.0,"height":7.3,"heightSource":"measured","heightRaw":7.3,"sourceDate":"2026-09-09"},"geometry":{"type":"Polygon","coordinates":[[[126.99107126,37.54087459],[126.99106493,37.54088612],[126.99111187,37.5409026],[126.9911533,37.54083801],[126.99106731,37.54080575],[126.99103652,37.54086233],[126.99107126,37.54087459]]]}},{"type":"Feature","id":"seoul-building-59192","properties":{"id":"seoul-building-59192","sourceId":"1974199071844490941400000000","pnu":"1117013000102620023","name":"서울특별시 용산구 이태원동","address":"서울특별시 용산구 이태원동","useName":"단독주택","floors":1.0,"height":4.2,"heightSource":"estimated","heightRaw":0.0,"sourceDate":"2026-09-09"},"geometry":{"type":"Polygon","coordinates":[[[126.99019234,37.54408514],[126.99021711,37.54416001],[126.99037338,37.54413137],[126.9903485,37.54404577],[126.99029599,37.54405342],[126.99029961,37.54406694],[126.99019234,37.54408514]]]}},{"type":"Feature","id":"seoul-building-59198","properties":{"id":"seoul-building-59198","sourceId":"2006199248014488349000000000","pnu":"1117013000102600028","name":"서울특별시 용산구 이태원동","address":"서울특별시 용산구 이태원동","useName":"단독주택","floors":3.0,"height":8.8,"heightSource":"measured","heightRaw":8.8,"sourceDate":"2026-09-09"},"geometry":{"type":"Polygon","coordinates":[[[126.99223233,37.5417754],[126.99222169,37.5417799],[126.99224828,37.54182],[126.99232805,37.54179513],[126.99232421,37.5417873],[126.99235962,37.54177405],[126.99234639,37.54175188],[126.99233236,37.54175017],[126.99231357,37.54175494],[126.99229581,37.54172476],[126.99226843,37.54173503],[126.99226255,37.54172494],[126.99221593,37.54174287],[126.99223233,37.5417754]]]}},{"type":"Feature","id":"seoul-building-59200","properties":{"id":"seoul-building-59200","sourceId":"1985199243304487614200000000","pnu":"1117013000102580363","name":"서울특별시 용산구 이태원동","address":"서울특별시 용산구 이태원동","useName":"제2종근린생활시설","floors":2.0,"height":6.1,"heightSource":"measured","heightRaw":6.1,"sourceDate":"2026-09-09"},"geometry":{"type":"Polygon","coordinates":[[[126.99220547,37.54111118],[126.99219811,37.54112568],[126.99225661,37.54114452],[126.99227766,37.54110298],[126.99218488,37.54107306],[126.99217107,37.54110009],[126.99220547,37.54111118]]]}},{"type":"Feature","id":"seoul-building-59201","properties":{"id":"seoul-building-59201","sourceId":"1993199263104486743600000000","pnu":"1117013000102270005","name":"서울특별시 용산구 이태원동","address":"서울특별시 용산구 이태원동","useName":"단독주택","floors":2.0,"height":6.5,"heightSource":"measured","heightRaw":6.5,"sourceDate":"2026-09-09"},"geometry":{"type":"Polygon","coordinates":[[[126.99251638,37.54031093],[126.99243638,37.54026966],[126.99238217,37.54033642],[126.99246727,37.54037769],[126.99251638,37.54031093]]]}},{"type":"Feature","id":"seoul-building-59202","properties":{"id":"seoul-building-59202","sourceId":"1986199217634486756600000000","pnu":"1117013000102270021","name":"서울특별시 용산구 이태원동","address":"서울특별시 용산구 이태원동","useName":"단독주택","floors":2.0,"height":6.5,"heightSource":"measured","heightRaw":6.5,"sourceDate":"2026-09-09"},"geometry":{"type":"Polygon","coordinates":[[[126.99197256,37.54038108],[126.99199599,37.54033387],[126.99198434,37.54033018],[126.99198728,37.54032422],[126.99196601,37.54031747],[126.99196714,37.54031549],[126.99193987,37.54030693],[126.99194542,37.54029585],[126.99190876,37.54028422],[126.99187571,37.54035053],[126.99197256,37.54038108]]]}},{"type":"Feature","id":"seoul-building-59203","properties":{"id":"seoul-building-59203","sourceId":"1992199223104487190700000000","pnu":"1117013000102470016","name":"서울특별시 용산구 이태원동","address":"서울특별시 용산구 이태원동","useName":"단독주택","floors":2.0,"height":7.4,"heightSource":"measured","heightRaw":7.4,"sourceDate":"2026-09-09"},"geometry":{"type":"Polygon","coordinates":[[[126.9920205,37.54078257],[126.99204314,37.54066238],[126.99203511,37.54066139],[126.9919954,37.54065859],[126.99199143,37.54069427],[126.99197378,37.54069301],[126.99197027,37.54072427],[126.9919525,37.54072292],[126.99194729,37.54077959],[126.9920205,37.54078257]]]}},{"type":"Feature","id":"seoul-building-59204","properties":{"id":"seoul-building-59204","sourceId":"1988199201954487133300000000","pnu":"1117013000102470017","name":"서울특별시 용산구 이태원동","address":"서울특별시 용산구 이태원동","useName":"단독주택","floors":2.0,"height":7.4,"heightSource":"estimated","heightRaw":0.0,"sourceDate":"2026-09-09"},"geometry":{"type":"Polygon","coordinates":[[[126.99176388,37.54071335],[126.99176354,37.54072551],[126.99180677,37.54072633],[126.99180949,37.540631],[126.99177135,37.54063028],[126.99177148,37.5406274],[126.99171479,37.54062631],[126.99171376,37.54066154],[126.99170426,37.54066136],[126.99170369,37.54067929],[126.99169928,37.5406792],[126.99169837,37.54071208],[126.99176388,37.54071335]]]}},{"type":"Feature","id":"seoul-building-59205","properties":{"id":"seoul-building-59205","sourceId":"1988199213434487146600000000","pnu":"1117013000102470017","name":"서울특별시 용산구 이태원동","address":"서울특별시 용산구 이태원동","useName":"단독주택","floors":2.0,"height":7.4,"heightSource":"estimated","heightRaw":0.0,"sourceDate":"2026-09-09"},"geometry":{"type":"Polygon","coordinates":[[[126.99194651,37.54073211],[126.99194697,37.5406439],[126.99189684,37.54064372],[126.99189684,37.54064056],[126.99183076,37.54064029],[126.9918303,37.54073165],[126.99194651,37.54073211]]]}},{"type":"Feature","id":"seoul-building-59206","properties":{"id":"seoul-building-59206","sourceId":"1973199252244486822700000000","pnu":"1117013000102270012","name":"서울특별시 용산구 이태원동","address":"서울특별시 용산구 이태원동","useName":"단독주택","floors":2.0,"height":5.4,"heightSource":"measured","heightRaw":5.4,"sourceDate":"2026-09-09"},"geometry":{"type":"Polygon","coordinates":[[[126.99235829,37.54044661],[126.99239891,37.54039093],[126.99232832,37.5403529],[126.99231993,37.54036272],[126.99229074,37.54034704],[126.99225364,37.5403983],[126.99235829,37.54044661]]]}},{"type":"Feature","id":"seoul-building-59207","properties":{"id":"seoul-building-59207","sourceId":"1979199234004486712400000000","pnu":"1117013000102270014","name":"서울특별시 용산구 이태원동","address":"서울특별시 용산구 이태원동","useName":"단독주택","floors":2.0,"height":6.25,"heightSource":"measured","heightRaw":6.25,"sourceDate":"2026-09-09"},"geometry":{"type":"Polygon","coordinates":[[[126.99215678,37.54034362],[126.99219118,37.54027081],[126.99213732,37.54025468],[126.99213076,37.54026846],[126.99208505,37.54025476],[126.99207509,37.54027585],[126.99206219,37.54027206],[126.99204431,37.54030982],[126.99215678,37.54034362]]]}},{"type":"Feature","id":"seoul-building-59208","properties":{"id":"seoul-building-59208","sourceId":"1974199219924486517500000000","pnu":"1117013000102270026","name":"서울특별시 용산구 이태원동","address":"서울특별시 용산구 이태원동","useName":"단독주택","floors":2.0,"height":6.9,"heightSource":"measured","heightRaw":6.9,"sourceDate":"2026-09-09"},"geometry":{"type":"Polygon","coordinates":[[[126.99198617,37.54017313],[126.99202046,37.54010258],[126.99192101,37.54007195],[126.9919038,37.54010736],[126.99192881,37.5401151],[126.99191579,37.54014177],[126.99195211,37.54015304],[126.99194804,37.54016133],[126.99198617,37.54017313]]]}},{"type":"Feature","id":"seoul-building-59209","properties":{"id":"seoul-building-59209","sourceId":"1973199227684486776300000000","pnu":"1117013000102270004","name":"서울특별시 용산구 이태원동","address":"서울특별시 용산구 이태원동","useName":"단독주택","floors":2.0,"height":7.4,"heightSource":"estimated","heightRaw":0.0,"sourceDate":"2026-09-09"},"geometry":{"type":"Polygon","coordinates":[[[126.99201601,37.54038721],[126.99209601,37.5403737],[126.99209454,37.54036811],[126.99211377,37.54037298],[126.9921269,37.54034001],[126.9920692,37.54032531],[126.99206852,37.54032703],[126.99202824,37.54031684],[126.99202405,37.5403273],[126.9920021,37.54032171],[126.99198116,37.54037397],[126.99201601,37.54038721]]]}},{"type":"Feature","id":"seoul-building-59210","properties":{"id":"seoul-building-59210","sourceId":"1980199211994486637200000000","pnu":"1117013000102270016","name":"서울특별시 용산구 이태원동","address":"서울특별시 용산구 이태원동","useName":"단독주택","floors":2.0,"height":6.25,"heightSource":"measured","heightRaw":6.25,"sourceDate":"2026-09-09"},"geometry":{"type":"Polygon","coordinates":[[[126.99190627,37.54027845],[126.99194385,37.54020421],[126.99188637,37.54018574],[126.99187935,37.54019961],[126.99182968,37.54018366],[126.99181372,37.54021502],[126.99181067,37.54021403],[126.99179595,37.54024304],[126.99190627,37.54027845]]]}},{"type":"Feature","id":"seoul-building-59211","properties":{"id":"seoul-building-59211","sourceId":"1974199228944486552200000000","pnu":"1117013000102270025","name":"서울특별시 용산구 이태원동","address":"서울특별시 용산구 이태원동","useName":"단독주택","floors":2.0,"height":6.9,"heightSource":"measured","heightRaw":6.9,"sourceDate":"2026-09-09"},"geometry":{"type":"Polygon","coordinates":[[[126.99209196,37.54020206],[126.99212444,37.54013268],[126.99202284,37.5401025],[126.99200552,37.54013943],[126.99203143,37.54014709],[126.99201615,37.54017952],[126.99209196,37.54020206]]]}},{"type":"Feature","id":"seoul-building-59212","properties":{"id":"seoul-building-59212","sourceId":"0000199271974486909300000000","pnu":"1117013000102270001","name":"서울특별시 용산구 이태원동","address":"서울특별시 용산구 이태원동","useName":"","floors":0.0,"height":0,"heightSource":"unknown","heightRaw":0.0,"sourceDate":"2026-09-09"},"geometry":{"type":"Polygon","coordinates":[[[126.99253661,37.54050645],[126.99254419,37.54049464],[126.99258142,37.54050969],[126.99261265,37.54046077],[126.99255382,37.54043698],[126.9925459,37.5404495],[126.99251874,37.54043851],[126.99248796,37.5404868],[126.99253661,37.54050645]]]}},{"type":"Feature","id":"seoul-building-59214","properties":{"id":"seoul-building-59214","sourceId":"1986199233854486900900000000","pnu":"1117013000102470020","name":"서울특별시 용산구 이태원동","address":"서울특별시 용산구 이태원동","useName":"공동주택","floors":2.0,"height":6.5,"heightSource":"measured","heightRaw":6.5,"sourceDate":"2026-09-09"},"geometry":{"type":"Polygon","coordinates":[[[126.9921166,37.54051876],[126.99211671,37.54051444],[126.99217261,37.54051579],[126.99217634,37.54041678],[126.99211695,37.54041542],[126.99211705,37.54041317],[126.99206772,37.54041199],[126.99206376,37.5405175],[126.9921166,37.54051876]]]}},{"type":"Feature","id":"seoul-building-59215","properties":{"id":"seoul-building-59215","sourceId":"1986199244364486907200000000","pnu":"1117013000102470036","name":"서울특별시 용산구 이태원동","address":"서울특별시 용산구 이태원동","useName":"공동주택","floors":2.0,"height":7.0,"heightSource":"measured","heightRaw":7.0,"sourceDate":"2026-09-09"},"geometry":{"type":"Polygon","coordinates":[[[126.99230035,37.54051039],[126.99230138,37.54046705],[126.99229561,37.54046696],[126.99229606,37.54044606],[126.99227275,37.54044579],[126.99227309,37.54043354],[126.99223653,37.54043299],[126.99223666,37.54042659],[126.99218381,37.54042578],[126.99218177,37.54050859],[126.99230035,37.54051039]]]}},{"type":"Feature","id":"seoul-building-59253","properties":{"id":"seoul-building-59253","sourceId":"1994199297694488396200000000","pnu":"1117013000102580283","name":"서울특별시 용산구 이태원동","address":"서울특별시 용산구 이태원동","useName":"단독주택","floors":3.0,"height":10.2,"heightSource":"measured","heightRaw":10.2,"sourceDate":"2026-09-09"},"geometry":{"type":"Polygon","coordinates":[[[126.99283564,37.54185391],[126.99289552,37.54181076],[126.99290435,37.54178625],[126.99285128,37.54177832],[126.99284957,37.54178589],[126.9928051,37.54177976],[126.99278993,37.54184535],[126.99283564,37.54185391]]]}},{"type":"Feature","id":"seoul-building-59254","properties":{"id":"seoul-building-59254","sourceId":"1969199315754488677700000000","pnu":"1117013000102580274","name":"서울특별시 용산구 이태원동","address":"서울특별시 용산구 이태원동","useName":"제2종근린생활시설","floors":2.0,"height":7.4,"heightSource":"estimated","heightRaw":0.0,"sourceDate":"2026-09-09"},"geometry":{"type":"Polygon","coordinates":[[[126.99298907,37.54206403],[126.99298861,37.54208647],[126.99303104,37.54208692],[126.99303082,37.54209656],[126.99308354,37.5420972],[126.99310018,37.54209404],[126.99310675,37.54204583],[126.99298726,37.54203547],[126.99298375,37.54206403],[126.99298907,37.54206403]]]}},{"type":"Feature","id":"seoul-building-59255","properties":{"id":"seoul-building-59255","sourceId":"1966199441514487894900000000","pnu":"1117013000102580073","name":"서울특별시 용산구 이태원동","address":"서울특별시 용산구 이태원동","useName":"단독주택","floors":2.0,"height":7.4,"heightSource":"estimated","heightRaw":0.0,"sourceDate":"2026-09-09"},"geometry":{"type":"Polygon","coordinates":[[[126.99456534,37.541389],[126.99454565,37.54134773],[126.99455007,37.54134638],[126.99452722,37.54129826],[126.99449497,37.54130799],[126.99448354,37.54128772],[126.99441904,37.54131069],[126.99442843,37.54132655],[126.99437027,37.54134853],[126.99441756,37.54143359],[126.99456534,37.541389]]]}},{"type":"Feature","id":"seoul-building-59256","properties":{"id":"seoul-building-59256","sourceId":"1985199331824488588700000000","pnu":"1117013000102580255","name":"서울특별시 용산구 이태원동","address":"서울특별시 용산구 이태원동","useName":"단독주택","floors":3.0,"height":10.6,"heightSource":"estimated","heightRaw":0.0,"sourceDate":"2026-09-09"},"geometry":{"type":"Polygon","coordinates":[[[126.99328632,37.54200593],[126.99326302,37.54194439],[126.9931803,37.54196421],[126.99317679,37.54202548],[126.99328632,37.54200593]]]}},{"type":"Feature","id":"seoul-building-59257","properties":{"id":"seoul-building-59257","sourceId":"1998199315414488413000000000","pnu":"1117013000102580279","name":"서울특별시 용산구 이태원동","address":"서울특별시 용산구 이태원동","useName":"제2종근린생활시설","floors":4.0,"height":10.8,"heightSource":"measured","heightRaw":10.8,"sourceDate":"2026-09-09"},"geometry":{"type":"Polygon","coordinates":[[[126.9929789,37.54185167],[126.99307429,37.54185302],[126.99310179,37.54184113],[126.99307113,37.541784],[126.99296656,37.54183815],[126.9929789,37.54185167]]]}},{"type":"Feature","id":"seoul-building-59258","properties":{"id":"seoul-building-59258","sourceId":"1997199462524487249600000000","pnu":"1117013000102580124","name":"서울특별시 용산구 이태원동","address":"서울특별시 용산구 이태원동","useName":"단독주택","floors":3.0,"height":8.9,"heightSource":"measured","heightRaw":8.9,"sourceDate":"2026-09-09"},"geometry":{"type":"Polygon","coordinates":[[[126.99473816,37.54084615],[126.994754,37.54081218],[126.99474654,37.54081002],[126.99476363,37.54073578],[126.99469517,37.54072577],[126.99469529,37.54072577],[126.99467152,37.54072244],[126.99465455,37.54072667],[126.99465975,37.54077704],[126.99467118,37.54077569],[126.99465036,37.5408202],[126.99473816,37.54084615]]]}},{"type":"Feature","id":"seoul-building-59259","properties":{"id":"seoul-building-59259","sourceId":"1970199402094488231100000000","pnu":"1117013000102580065","name":"서울특별시 용산구 이태원동","address":"서울특별시 용산구 이태원동","useName":"단독주택","floors":3.0,"height":10.6,"heightSource":"estimated","heightRaw":0.0,"sourceDate":"2026-09-09"},"geometry":{"type":"Polygon","coordinates":[[[126.99405284,37.54175703],[126.99413692,37.54166225],[126.99405433,37.54161368],[126.99406802,37.541599],[126.99400534,37.54156683],[126.99390632,37.54167683],[126.99405284,37.54175703]]]}},{"type":"Feature","id":"seoul-building-59263","properties":{"id":"seoul-building-59263","sourceId":"1983199049594487412100000000","pnu":"1117013000102550042","name":"서울특별시 용산구 이태원동","address":"서울특별시 용산구 이태원동","useName":"제2종근린생활시설","floors":2.0,"height":5.7,"heightSource":"measured","heightRaw":5.7,"sourceDate":"2026-09-09"},"geometry":{"type":"Polygon","coordinates":[[[126.99007925,37.54098316],[126.99011728,37.54090361],[126.99010653,37.54089595],[126.99002688,37.54087495],[126.99002371,37.54088252],[126.98998558,37.54087242],[126.98995253,37.54093486],[126.98997029,37.54095847],[126.99007925,37.54098316]]]}},{"type":"Feature","id":"seoul-building-59264","properties":{"id":"seoul-building-59264","sourceId":"1991199147674486592300000000","pnu":"1117013000102510070","name":"서울특별시 용산구 이태원동","address":"서울특별시 용산구 이태원동","useName":"단독주택","floors":2.0,"height":7.3,"heightSource":"measured","heightRaw":7.3,"sourceDate":"2026-09-09"},"geometry":{"type":"Polygon","coordinates":[[[126.99110958,37.54020397],[126.99110596,37.54020911],[126.9911587,37.54023182],[126.99120622,37.54018164],[126.99112566,37.54014154],[126.99108492,37.54019334],[126.99110958,37.54020397]]]}},{"type":"Feature","id":"seoul-building-59268","properties":{"id":"seoul-building-59268","sourceId":"1993199050164486545300000000","pnu":"1117013000102800002","name":"서울특별시 용산구 이태원동","address":"서울특별시 용산구 이태원동","useName":"제2종근린생활시설","floors":3.0,"height":9.4,"heightSource":"measured","heightRaw":9.4,"sourceDate":"2026-09-09"},"geometry":{"type":"Polygon","coordinates":[[[126.99003274,37.54018226],[126.99002878,37.54019974],[126.99005797,37.54020389],[126.99006454,37.54017388],[126.99008195,37.54017632],[126.99010119,37.54015181],[126.99010528,37.54015388],[126.99011772,37.54011667],[126.98999768,37.54009693],[126.98998942,37.54012874],[126.98997957,37.54012711],[126.98997186,37.54017369],[126.99003274,37.54018226]]]}},{"type":"Feature","id":"seoul-building-59270","properties":{"id":"seoul-building-59270","sourceId":"1991199260454486872200000000","pnu":"1117013000102270011","name":"서울특별시 용산구 이태원동","address":"서울특별시 용산구 이태원동","useName":"단독주택","floors":2.0,"height":6.5,"heightSource":"measured","heightRaw":6.5,"sourceDate":"2026-09-09"},"geometry":{"type":"Polygon","coordinates":[[[126.99243308,37.54049076],[126.99247359,37.54043751],[126.99246737,37.54041544],[126.99240809,37.54038832],[126.99235965,37.54045544],[126.99243308,37.54049076]]]}},{"type":"Feature","id":"seoul-building-59271","properties":{"id":"seoul-building-59271","sourceId":"1994199199234486835300000000","pnu":"1117013000102510087","name":"서울특별시 용산구 이태원동","address":"서울특별시 용산구 이태원동","useName":"단독주택","floors":2.0,"height":6.4,"heightSource":"measured","heightRaw":6.4,"sourceDate":"2026-09-09"},"geometry":{"type":"Polygon","coordinates":[[[126.99175282,37.54045179],[126.99178157,37.54038143],[126.99170214,37.54036088],[126.99167339,37.54043115],[126.99175282,37.54045179]]]}},{"type":"Feature","id":"seoul-building-59272","properties":{"id":"seoul-building-59272","sourceId":"1974199208034486719800000000","pnu":"1117013000102270016","name":"서울특별시 용산구 이태원동","address":"서울특별시 용산구 이태원동","useName":"단독주택","floors":2.0,"height":7.4,"heightSource":"estimated","heightRaw":0.0,"sourceDate":"2026-09-09"},"geometry":{"type":"Polygon","coordinates":[[[126.99186553,37.54035621],[126.99190355,37.54028215],[126.99185343,37.54026584],[126.99184902,37.54027439],[126.99179301,37.54025628],[126.99178882,37.54026448],[126.99177479,37.54025988],[126.99174786,37.54031232],[126.99186553,37.54035621]]]}},{"type":"Feature","id":"seoul-building-59273","properties":{"id":"seoul-building-59273","sourceId":"1986199207784487008900000000","pnu":"1117013000102470018","name":"서울특별시 용산구 이태원동","address":"서울특별시 용산구 이태원동","useName":"단독주택","floors":2.0,"height":7.8,"heightSource":"measured","heightRaw":7.8,"sourceDate":"2026-09-09"},"geometry":{"type":"Polygon","coordinates":[[[126.99191144,37.54061011],[126.99191111,37.54057731],[126.99190828,37.5405747],[126.99190387,37.54057335],[126.99189594,37.54057317],[126.9918964,37.540562],[126.99191156,37.54056227],[126.99191417,37.5405611],[126.99191879,37.54055839],[126.99191722,37.54055668],[126.99191767,37.54053695],[126.99191574,37.54053452],[126.99191451,37.54053317],[126.99187604,37.54053289],[126.99187706,37.54051379],[126.991825,37.54051207],[126.99182534,37.54050694],[126.99175554,37.54050468],[126.99175348,37.54055793],[126.99174026,37.54055766],[126.9917382,37.54061127],[126.99191144,37.54061011]]]}},{"type":"Feature","id":"seoul-building-59274","properties":{"id":"seoul-building-59274","sourceId":"1994199196964486929500000000","pnu":"1117013000102510085","name":"서울특별시 용산구 이태원동","address":"서울특별시 용산구 이태원동","useName":"단독주택","floors":2.0,"height":7.5,"heightSource":"measured","heightRaw":7.5,"sourceDate":"2026-09-09"},"geometry":{"type":"Polygon","coordinates":[[[126.99173064,37.5405382],[126.99176051,37.54046567],[126.99170744,37.54045179],[126.99170597,37.54045539],[126.9916709,37.54044629],[126.99164249,37.54051512],[126.99173064,37.5405382]]]}},{"type":"Feature","id":"seoul-building-59277","properties":{"id":"seoul-building-59277","sourceId":"2002199069184487039600000000","pnu":"1117013000102540038","name":"서울특별시 용산구 이태원동","address":"서울특별시 용산구 이태원동","useName":"공동주택","floors":5.0,"height":14.45,"heightSource":"measured","heightRaw":14.45,"sourceDate":"2026-09-09"},"geometry":{"type":"Polygon","coordinates":[[[126.99021519,37.54059277],[126.99018679,37.5406626],[126.99025365,37.5406799],[126.99028173,37.54061809],[126.99029586,37.54062062],[126.99032065,37.5405571],[126.99030017,37.54055205],[126.99031625,37.54051061],[126.99026545,37.54049799],[126.99023274,37.54055421],[126.99021939,37.54055078],[126.99020354,37.54058979],[126.99021519,37.54059277]]]}},{"type":"Feature","id":"seoul-building-59279","properties":{"id":"seoul-building-59279","sourceId":"1997199090414487896500000000","pnu":"1117013000102550010","name":"서울특별시 용산구 이태원동","address":"서울특별시 용산구 이태원동","useName":"단독주택","floors":2.0,"height":6.1,"heightSource":"measured","heightRaw":6.1,"sourceDate":"2026-09-09"},"geometry":{"type":"Polygon","coordinates":[[[126.99052637,37.54138667],[126.99052412,37.54134487],[126.99050669,37.54133576],[126.99046709,37.54133612],[126.99046991,37.54138856],[126.99052637,37.54138667]]]}},{"type":"Feature","id":"seoul-building-59332","properties":{"id":"seoul-building-59332","sourceId":"1995199084154486403800000000","pnu":"1117013000102520011","name":"서울특별시 용산구 이태원동","address":"서울특별시 용산구 이태원동","useName":"단독주택","floors":1.0,"height":2.8,"heightSource":"measured","heightRaw":2.8,"sourceDate":"2026-09-09"},"geometry":{"type":"Polygon","coordinates":[[[126.99044021,37.54006255],[126.99048526,37.53998543],[126.99045458,37.53997434],[126.99044949,37.53998345],[126.99043366,37.53997776],[126.99042731,37.53998885],[126.99041475,37.53998435],[126.99037277,37.54001489],[126.99036191,37.54003705],[126.99044021,37.54006255]]]}},{"type":"Feature","id":"seoul-building-59336","properties":{"id":"seoul-building-59336","sourceId":"1997199064074486555300000000","pnu":"1117013000102520014","name":"서울특별시 용산구 이태원동","address":"서울특별시 용산구 이태원동","useName":"단독주택","floors":3.0,"height":8.2,"heightSource":"measured","heightRaw":8.2,"sourceDate":"2026-09-09"},"geometry":{"type":"Polygon","coordinates":[[[126.99024399,37.54019237],[126.9902595,37.54012624],[126.99021627,37.54012047],[126.99021504,37.5401266],[126.99014849,37.54011767],[126.99013582,37.54017794],[126.99024399,37.54019237]]]}},{"type":"Feature","id":"seoul-building-59402","properties":{"id":"seoul-building-59402","sourceId":"1992199151724486524200000000","pnu":"1117013000102510071","name":"서울특별시 용산구 이태원동","address":"서울특별시 용산구 이태원동","useName":"단독주택","floors":2.0,"height":7.8,"heightSource":"measured","heightRaw":7.8,"sourceDate":"2026-09-09"},"geometry":{"type":"Polygon","coordinates":[[[126.99121777,37.54017253],[126.99124141,37.54014434],[126.99120962,37.54009767],[126.99117161,37.54007873],[126.99113324,37.54012748],[126.99121777,37.54017253]]]}},{"type":"Feature","id":"seoul-building-59403","properties":{"id":"seoul-building-59403","sourceId":"1991199138964486732100000000","pnu":"1117013000102510068","name":"서울특별시 용산구 이태원동","address":"서울특별시 용산구 이태원동","useName":"단독주택","floors":2.0,"height":6.7,"heightSource":"measured","heightRaw":6.7,"sourceDate":"2026-09-09"},"geometry":{"type":"Polygon","coordinates":[[[126.99106205,37.54035651],[126.99110199,37.54030272],[126.99102936,37.54026848],[126.99098998,37.54032686],[126.99106205,37.54035651]]]}},{"type":"Feature","id":"seoul-building-59405","properties":{"id":"seoul-building-59405","sourceId":"1991199142454486416500000000","pnu":"1117013000102510077","name":"서울특별시 용산구 이태원동","address":"서울특별시 용산구 이태원동","useName":"단독주택","floors":2.0,"height":7.8,"heightSource":"measured","heightRaw":7.8,"sourceDate":"2026-09-09"},"geometry":{"type":"Polygon","coordinates":[[[126.99110315,37.54008306],[126.99114491,37.54002972],[126.99113801,37.54000648],[126.9910759,37.53997538],[126.99105609,37.54000052],[126.99104874,37.53999682],[126.99101513,37.54003935],[126.99110315,37.54008306]]]}},{"type":"Feature","id":"seoul-building-59408","properties":{"id":"seoul-building-59408","sourceId":"1966199146984487262300000000","pnu":"1117013000102510030","name":"서울특별시 용산구 이태원동","address":"서울특별시 용산구 이태원동","useName":"제2종근린생활시설","floors":1.0,"height":2.8,"heightSource":"measured","heightRaw":2.8,"sourceDate":"2026-09-09"},"geometry":{"type":"Polygon","coordinates":[[[126.99116144,37.54083684],[126.99119959,37.54076007],[126.99115783,37.54074692],[126.99114606,37.5407707],[126.9911171,37.5407616],[126.99111087,37.5407743],[126.99108327,37.54076556],[126.99106504,37.54080232],[126.99116144,37.54083684]]]}},{"type":"Feature","id":"seoul-building-59466","properties":{"id":"seoul-building-59466","sourceId":"1968199157924487246100000000","pnu":"1117013000102510089","name":"서울특별시 용산구 이태원동","address":"서울특별시 용산구 이태원동","useName":"단독주택","floors":1.0,"height":4.2,"heightSource":"estimated","heightRaw":0.0,"sourceDate":"2026-09-09"},"geometry":{"type":"Polygon","coordinates":[[[126.99119801,37.54079359],[126.99130571,37.54082784],[126.99132348,37.54079252],[126.99130222,37.54078576],[126.99131047,37.54076927],[126.99127144,37.54075684],[126.99128367,37.54073242],[126.99123603,37.54071764],[126.99119801,37.54079359]]]}},{"type":"Feature","id":"seoul-building-59467","properties":{"id":"seoul-building-59467","sourceId":"1979199169004486565600000000","pnu":"1117013000102270022","name":"서울특별시 용산구 이태원동","address":"서울특별시 용산구 이태원동","useName":"단독주택","floors":1.0,"height":3.35,"heightSource":"measured","heightRaw":3.35,"sourceDate":"2026-09-09"},"geometry":{"type":"Polygon","coordinates":[[[126.99135716,37.54016417],[126.99134629,37.54018678],[126.99137595,37.5401958],[126.99136769,37.54021291],[126.99140931,37.54022561],[126.9914487,37.54014363],[126.99133895,37.54011019],[126.99131858,37.54015236],[126.99135716,37.54016417]]]}},{"type":"Feature","id":"seoul-building-59468","properties":{"id":"seoul-building-59468","sourceId":"1998199143724486658600000000","pnu":"1117013000102510069","name":"서울특별시 용산구 이태원동","address":"서울특별시 용산구 이태원동","useName":"단독주택","floors":2.0,"height":6.5,"heightSource":"measured","heightRaw":6.5,"sourceDate":"2026-09-09"},"geometry":{"type":"Polygon","coordinates":[[[126.99111953,37.54029146],[126.99115654,37.54023623],[126.99107971,37.54020289],[126.99104203,37.54025785],[126.99111953,37.54029146]]]}},{"type":"Feature","id":"seoul-building-59472","properties":{"id":"seoul-building-59472","sourceId":"1968199155914487337000000000","pnu":"1117013000102510082","name":"서울특별시 용산구 이태원동","address":"서울특별시 용산구 이태원동","useName":"단독주택","floors":1.0,"height":4.2,"heightSource":"estimated","heightRaw":0.0,"sourceDate":"2026-09-09"},"geometry":{"type":"Polygon","coordinates":[[[126.99128591,37.54091676],[126.99132677,37.54083712],[126.99128196,37.54082252],[126.99126067,37.54086387],[126.99122176,37.54085117],[126.99124315,37.54080936],[126.99119336,37.54079323],[126.99115228,37.54087323],[126.99128591,37.54091676]]]}},{"type":"Feature","id":"seoul-building-59473","properties":{"id":"seoul-building-59473","sourceId":"1967199123894486756300000000","pnu":"1117013000102510073","name":"서울특별시 용산구 이태원동","address":"서울특별시 용산구 이태원동","useName":"단독주택","floors":2.0,"height":5.4,"heightSource":"measured","heightRaw":5.4,"sourceDate":"2026-09-09"},"geometry":{"type":"Polygon","coordinates":[[[126.99089763,37.54038055],[126.99092796,37.54033766],[126.99088847,37.54032],[126.99090228,37.54030054],[126.99086359,37.54028324],[126.99082296,37.54034982],[126.99089763,37.54038055]]]}},{"type":"Feature","id":"seoul-building-59474","properties":{"id":"seoul-building-59474","sourceId":"1967199128124486680100000000","pnu":"1117013000102510074","name":"서울특별시 용산구 이태원동","address":"서울특별시 용산구 이태원동","useName":"단독주택","floors":1.0,"height":4.2,"heightSource":"estimated","heightRaw":0.0,"sourceDate":"2026-09-09"},"geometry":{"type":"Polygon","coordinates":[[[126.99094165,37.5403155],[126.99097844,37.54026045],[126.99093895,37.54024369],[126.99095061,37.54022621],[126.9909161,37.54021161],[126.99086551,37.54028324],[126.99094165,37.5403155]]]}},{"type":"Feature","id":"seoul-building-59479","properties":{"id":"seoul-building-59479","sourceId":"1966199160284486957500000000","pnu":"1117013000102510034","name":"서울특별시 용산구 이태원동","address":"서울특별시 용산구 이태원동","useName":"단독주택","floors":1.0,"height":4.2,"heightSource":"estimated","heightRaw":0.0,"sourceDate":"2026-09-09"},"geometry":{"type":"Polygon","coordinates":[[[126.99131921,37.54056295],[126.99135147,37.54050403],[126.99125428,37.54047005],[126.99122213,37.54052879],[126.99131921,37.54056295]]]}},{"type":"Feature","id":"seoul-building-59545","properties":{"id":"seoul-building-59545","sourceId":"1966199149364486684400000000","pnu":"1117013000102510059","name":"서울특별시 용산구 이태원동","address":"서울특별시 용산구 이태원동","useName":"단독주택","floors":1.0,"height":4.2,"heightSource":"estimated","heightRaw":0.0,"sourceDate":"2026-09-09"},"geometry":{"type":"Polygon","coordinates":[[[126.99116231,37.54031273],[126.99120677,37.54024714],[126.99116492,37.54022722],[126.99111942,37.54029434],[126.99116231,37.54031273]]]}},{"type":"Feature","id":"seoul-building-59546","properties":{"id":"seoul-building-59546","sourceId":"1991199078544486507100000000","pnu":"1117013000102520009","name":"서울특별시 용산구 이태원동","address":"서울특별시 용산구 이태원동","useName":"단독주택","floors":2.0,"height":7.3,"heightSource":"measured","heightRaw":7.3,"sourceDate":"2026-09-09"},"geometry":{"type":"Polygon","coordinates":[[[126.99033395,37.54015607],[126.99032852,37.54016868],[126.99037683,37.54018193],[126.99043218,37.54007066],[126.99034652,37.54004372],[126.99032875,37.54007948],[126.990318,37.54007615],[126.99029979,37.54011255],[126.99031269,37.5401166],[126.99029797,37.54014615],[126.99033395,37.54015607]]]}},{"type":"Feature","id":"seoul-building-59551","properties":{"id":"seoul-building-59551","sourceId":"0000199056064486739100000000","pnu":"1117013000102530004","name":"서울특별시 용산구 이태원동","address":"서울특별시 용산구 이태원동","useName":"","floors":0.0,"height":0,"heightSource":"unknown","heightRaw":0.0,"sourceDate":"2026-09-09"},"geometry":{"type":"Polygon","coordinates":[[[126.99017947,37.54034742],[126.99018231,37.54029012],[126.99003465,37.54029111],[126.99003521,37.54035011],[126.99017947,37.54034742]]]}},{"type":"Feature","id":"seoul-building-59594","properties":{"id":"seoul-building-59594","sourceId":"1988199221724487733700000000","pnu":"1117013000102600036","name":"서울특별시 용산구 이태원동","address":"서울특별시 용산구 이태원동","useName":"단독주택","floors":2.0,"height":7.3,"heightSource":"measured","heightRaw":7.3,"sourceDate":"2026-09-09"},"geometry":{"type":"Polygon","coordinates":[[[126.99192382,37.54122135],[126.9919228,37.5412318],[126.99196399,37.54123451],[126.99196331,37.54124081],[126.99205496,37.54124676],[126.99205949,37.54120225],[126.992032,37.54120045],[126.99203279,37.54119306],[126.99197497,37.54118936],[126.99197441,37.54119522],[126.99189384,37.54119009],[126.9918909,37.54121918],[126.99192382,37.54122135]]]}},{"type":"Feature","id":"seoul-building-59596","properties":{"id":"seoul-building-59596","sourceId":"1984199302854487092400000000","pnu":"1117013000102470025","name":"서울특별시 용산구 이태원동","address":"서울특별시 용산구 이태원동","useName":"단독주택","floors":3.0,"height":12.9,"heightSource":"measured","heightRaw":12.9,"sourceDate":"2026-09-09"},"geometry":{"type":"Polygon","coordinates":[[[126.99297732,37.54068947],[126.99297845,37.54059405],[126.99290807,37.54059342],[126.99289936,37.54059333],[126.9928997,37.54058153],[126.9928283,37.54058017],[126.99282512,37.54068829],[126.99290807,37.54068892],[126.99297732,37.54068947]]]}},{"type":"Feature","id":"seoul-building-59599","properties":{"id":"seoul-building-59599","sourceId":"1997199110024487878600000000","pnu":"1117013000102600137","name":"서울특별시 용산구 이태원동","address":"서울특별시 용산구 이태원동","useName":"단독주택","floors":2.0,"height":7.8,"heightSource":"measured","heightRaw":7.8,"sourceDate":"2026-09-09"},"geometry":{"type":"Polygon","coordinates":[[[126.99077972,37.54135092],[126.9907683,37.54133911],[126.99075834,37.54132947],[126.9906754,37.54131487],[126.99065458,37.54132875],[126.99072111,37.54138695],[126.99077972,37.54135092]]]}},{"type":"Feature","id":"seoul-building-59612","properties":{"id":"seoul-building-59612","sourceId":"1966199160184486702800000000","pnu":"1117013000102510048","name":"서울특별시 용산구 이태원동","address":"서울특별시 용산구 이태원동","useName":"제2종근린생활시설","floors":1.0,"height":4.2,"heightSource":"estimated","heightRaw":0.0,"sourceDate":"2026-09-09"},"geometry":{"type":"Polygon","coordinates":[[[126.99132105,37.54033103],[126.99134278,37.54029535],[126.99132117,37.54028697],[126.99132853,37.54027498],[126.99129413,37.54026174],[126.99129889,37.540254],[126.99126188,37.54023966],[126.99122805,37.54029507],[126.99132105,37.54033103]]]}},{"type":"Feature","id":"seoul-building-59613","properties":{"id":"seoul-building-59613","sourceId":"1966199156704486775900000000","pnu":"1117013000102510047","name":"서울특별시 용산구 이태원동","address":"서울특별시 용산구 이태원동","useName":"단독주택","floors":1.0,"height":4.2,"heightSource":"estimated","heightRaw":0.0,"sourceDate":"2026-09-09"},"geometry":{"type":"Polygon","coordinates":[[[126.99128235,37.54039662],[126.99130272,37.54036257],[126.99128326,37.54035518],[126.99129028,37.54034346],[126.9912552,37.54033012],[126.99126131,37.54031994],[126.99122317,37.54030535],[126.99118957,37.5403612],[126.99128235,37.54039662]]]}},{"type":"Feature","id":"seoul-building-59622","properties":{"id":"seoul-building-59622","sourceId":"1966199149914486923600000000","pnu":"1117013000102510045","name":"서울특별시 용산구 이태원동","address":"서울특별시 용산구 이태원동","useName":"단독주택","floors":1.0,"height":4.2,"heightSource":"estimated","heightRaw":0.0,"sourceDate":"2026-09-09"},"geometry":{"type":"Polygon","coordinates":[[[126.99120584,37.54052852],[126.99122576,37.54049545],[126.99120596,37.54048788],[126.99121252,37.54047707],[126.99117654,37.54046338],[126.9911822,37.54045383],[126.99114543,37.54043977],[126.99111329,37.5404931],[126.99120584,37.54052852]]]}},{"type":"Feature","id":"seoul-building-59623","properties":{"id":"seoul-building-59623","sourceId":"1966199153304486847700000000","pnu":"1117013000102510046","name":"서울특별시 용산구 이태원동","address":"서울특별시 용산구 이태원동","useName":"단독주택","floors":1.0,"height":4.2,"heightSource":"estimated","heightRaw":0.0,"sourceDate":"2026-09-09"},"geometry":{"type":"Polygon","coordinates":[[[126.99124466,37.54046149],[126.99126379,37.54042815],[126.99124252,37.5404204],[126.99125033,37.54040662],[126.99121627,37.54039427],[126.99122306,37.54038247],[126.99118561,37.54036895],[126.99115188,37.54042778],[126.99124466,37.54046149]]]}},{"type":"Feature","id":"seoul-building-59624","properties":{"id":"seoul-building-59624","sourceId":"1993199072784486612000000000","pnu":"1117013000102520008","name":"서울특별시 용산구 이태원동","address":"서울특별시 용산구 이태원동","useName":"단독주택","floors":2.0,"height":6.0,"heightSource":"measured","heightRaw":6.0,"sourceDate":"2026-09-09"},"geometry":{"type":"Polygon","coordinates":[[[126.99035532,37.54025455],[126.99036472,37.54021437],[126.99034515,37.54021148],[126.99034877,37.5401958],[126.99030917,37.54015598],[126.99025701,37.54014633],[126.99023448,37.54023661],[126.99035532,37.54025455]]]}},{"type":"Feature","id":"seoul-building-59625","properties":{"id":"seoul-building-59625","sourceId":"1966199142994487069100000000","pnu":"1117013000102510043","name":"서울특별시 용산구 이태원동","address":"서울특별시 용산구 이태원동","useName":"단독주택","floors":1.0,"height":4.2,"heightSource":"estimated","heightRaw":0.0,"sourceDate":"2026-09-09"},"geometry":{"type":"Polygon","coordinates":[[[126.9911282,37.5406588],[126.9911462,37.54062726],[126.99112628,37.54062014],[126.99113341,37.54060744],[126.9910989,37.540595],[126.99110479,37.54058455],[126.99106757,37.54057121],[126.99103655,37.54062572],[126.9911282,37.5406588]]]}},{"type":"Feature","id":"seoul-building-59626","properties":{"id":"seoul-building-59626","sourceId":"1966199146544486997300000000","pnu":"1117013000102510044","name":"서울특별시 용산구 이태원동","address":"서울특별시 용산구 이태원동","useName":"단독주택","floors":1.0,"height":4.2,"heightSource":"estimated","heightRaw":0.0,"sourceDate":"2026-09-09"},"geometry":{"type":"Polygon","coordinates":[[[126.99116838,37.54059384],[126.99118649,37.54056095],[126.99116476,37.54055338],[126.99117189,37.54054032],[126.9911392,37.54052896],[126.99114418,37.54051995],[126.99110684,37.54050698],[126.99107662,37.54056184],[126.99116838,37.54059384]]]}},{"type":"Feature","id":"seoul-building-59627","properties":{"id":"seoul-building-59627","sourceId":"0000199174734486692500000000","pnu":"1117013000102260005","name":"서울특별시 용산구 이태원동","address":"서울특별시 용산구 이태원동","useName":"","floors":0.0,"height":0,"heightSource":"unknown","heightRaw":0.0,"sourceDate":"2026-09-09"},"geometry":{"type":"Polygon","coordinates":[[[126.99146159,37.54030265],[126.99148241,37.54026662],[126.99142935,37.54025616],[126.99142233,37.54027877],[126.99143014,37.54028031],[126.99142697,37.54029067],[126.99143161,37.54029157],[126.99146159,37.54030265]]]}},{"type":"Feature","id":"seoul-building-59684","properties":{"id":"seoul-building-59684","sourceId":"1995199060374486626500000000","pnu":"1117013000102520013","name":"서울특별시 용산구 이태원동","address":"서울특별시 용산구 이태원동","useName":"단독주택","floors":2.0,"height":7.2,"heightSource":"measured","heightRaw":7.2,"sourceDate":"2026-09-09"},"geometry":{"type":"Polygon","coordinates":[[[126.99009961,37.54023966],[126.99009723,37.54024272],[126.99012518,37.54024345],[126.99022634,37.54023345],[126.99022566,37.54019318],[126.99010074,37.54019821],[126.99007766,37.54022929],[126.99009961,37.54023966]]]}},{"type":"Feature","id":"seoul-building-59695","properties":{"id":"seoul-building-59695","sourceId":"2008199096974488579000000000","pnu":"1117013000102600150","name":"서울특별시 용산구 이태원동","address":"서울특별시 용산구 이태원동","useName":"공동주택","floors":3.0,"height":9.6,"heightSource":"measured","heightRaw":9.6,"sourceDate":"2026-09-09"},"geometry":{"type":"Polygon","coordinates":[[[126.99064477,37.54199044],[126.99060857,37.54190998],[126.9904893,37.54194402],[126.99053636,37.54204818],[126.99063933,37.54201188],[126.99064477,37.54199044]]]}},{"type":"Feature","id":"seoul-building-59699","properties":{"id":"seoul-building-59699","sourceId":"1990199292954487628700000000","pnu":"1117013000102580228","name":"서울특별시 용산구 이태원동","address":"서울특별시 용산구 이태원동","useName":"제1종근린생활시설","floors":3.0,"height":7.9,"heightSource":"measured","heightRaw":7.9,"sourceDate":"2026-09-09"},"geometry":{"type":"Polygon","coordinates":[[[126.99286638,37.54115753],[126.99286718,37.54111203],[126.99278311,37.54107751],[126.99272303,37.54107724],[126.99271962,37.54115608],[126.99286638,37.54115753]]]}},{"type":"Feature","id":"seoul-building-59700","properties":{"id":"seoul-building-59700","sourceId":"1985199275324487921700000000","pnu":"1117013000102580336","name":"서울특별시 용산구 이태원동","address":"서울특별시 용산구 이태원동","useName":"제2종근린생활시설","floors":3.0,"height":8.1,"heightSource":"measured","heightRaw":8.1,"sourceDate":"2026-09-09"},"geometry":{"type":"Polygon","coordinates":[[[126.99262059,37.54142106],[126.99265556,37.54139836],[126.99264765,37.54134484],[126.99257523,37.54135564],[126.99257036,37.54134726],[126.99250325,37.54136221],[126.99253289,37.54139609],[126.99257713,37.54143763],[126.99262059,37.54142106]]]}},{"type":"Feature","id":"seoul-building-59701","properties":{"id":"seoul-building-59701","sourceId":"1995199359184487314200000000","pnu":"1117013000102580168","name":"서울특별시 용산구 이태원동","address":"서울특별시 용산구 이태원동","useName":"단독주택","floors":3.0,"height":8.7,"heightSource":"measured","heightRaw":8.7,"sourceDate":"2026-09-09"},"geometry":{"type":"Polygon","coordinates":[[[126.99357055,37.54088304],[126.99359635,37.54081844],[126.99355573,37.54080897],[126.99355743,37.54080438],[126.99350447,37.54079212],[126.99347957,37.54085996],[126.99357055,37.54088304]]]}},{"type":"Feature","id":"seoul-building-59757","properties":{"id":"seoul-building-59757","sourceId":"1993199371334487267200000000","pnu":"1117013000102460016","name":"서울특별시 용산구 이태원동","address":"서울특별시 용산구 이태원동","useName":"단독주택","floors":2.0,"height":7.1,"heightSource":"measured","heightRaw":7.1,"sourceDate":"2026-09-09"},"geometry":{"type":"Polygon","coordinates":[[[126.99366854,37.54083493],[126.99366922,37.54084097],[126.99369875,37.54084168],[126.99369909,37.54083124],[126.99373168,37.54083204],[126.99372795,37.54075654],[126.99361333,37.54076447],[126.99360835,37.54078023],[126.9936088,37.54080609],[126.99366854,37.54083493]]]}},{"type":"Feature","id":"seoul-building-59758","properties":{"id":"seoul-building-59758","sourceId":"1997199380864487261800000000","pnu":"1117013000102460015","name":"서울특별시 용산구 이태원동","address":"서울특별시 용산구 이태원동","useName":"단독주택","floors":2.0,"height":6.5,"heightSource":"measured","heightRaw":6.5,"sourceDate":"2026-09-09"},"geometry":{"type":"Polygon","coordinates":[[[126.99379063,37.54081817],[126.99379596,37.5408361],[126.99383272,37.54082583],[126.99379528,37.54074177],[126.99374888,37.54075519],[126.99375499,37.54076879],[126.99373598,37.54077429],[126.99375103,37.54082556],[126.99379063,37.54081817]]]}},{"type":"Feature","id":"seoul-building-59759","properties":{"id":"seoul-building-59759","sourceId":"1992199379194487386400000000","pnu":"1117013000102580165","name":"서울특별시 용산구 이태원동","address":"서울특별시 용산구 이태원동","useName":"단독주택","floors":2.0,"height":6.1,"heightSource":"measured","heightRaw":6.1,"sourceDate":"2026-09-09"},"geometry":{"type":"Polygon","coordinates":[[[126.99380149,37.5409581],[126.99381982,37.54092278],[126.99382266,37.54087268],[126.9937405,37.54084926],[126.9937336,37.54086457],[126.99371515,37.54085935],[126.99369875,37.54089584],[126.99371097,37.54089935],[126.99369863,37.54092683],[126.9937276,37.54093512],[126.99372567,37.54093945],[126.99380149,37.5409581]]]}},{"type":"Feature","id":"seoul-building-59764","properties":{"id":"seoul-building-59764","sourceId":"1984199116454487563800000000","pnu":"1117013000102600141","name":"서울특별시 용산구 이태원동","address":"서울특별시 용산구 이태원동","useName":"제2종근린생활시설","floors":2.0,"height":7.5,"heightSource":"measured","heightRaw":7.5,"sourceDate":"2026-09-09"},"geometry":{"type":"Polygon","coordinates":[[[126.99074493,37.54099043],[126.99070339,37.5410898],[126.99079684,37.54111855],[126.99079922,37.54111279],[126.99083803,37.54112306],[126.99084856,37.54109792],[126.99086259,37.54110162],[126.99088602,37.54104558],[126.9907869,37.54101926],[126.99079358,37.54100331],[126.99074493,37.54099043]]]}},{"type":"Feature","id":"seoul-building-59765","properties":{"id":"seoul-building-59765","sourceId":"1996199186714486529600000000","pnu":"1117013000102270020","name":"서울특별시 용산구 이태원동","address":"서울특별시 용산구 이태원동","useName":"단독주택","floors":3.0,"height":8.8,"heightSource":"measured","heightRaw":8.8,"sourceDate":"2026-09-09"},"geometry":{"type":"Polygon","coordinates":[[[126.99163472,37.54017896],[126.99166278,37.54011869],[126.99153866,37.54008372],[126.99150652,37.54014111],[126.99163472,37.54017896]]]}},{"type":"Feature","id":"seoul-building-59771","properties":{"id":"seoul-building-59771","sourceId":"1991199101284487900300000000","pnu":"1117013000102550009","name":"서울특별시 용산구 이태원동","address":"서울특별시 용산구 이태원동","useName":"제1종근린생활시설","floors":3.0,"height":8.95,"heightSource":"measured","heightRaw":8.95,"sourceDate":"2026-09-09"},"geometry":{"type":"Polygon","coordinates":[[[126.99063579,37.54142569],[126.99069327,37.5413866],[126.99062313,37.54132117],[126.99056757,37.54131964],[126.99054234,37.54133856],[126.99063579,37.54142569]]]}},{"type":"Feature","id":"seoul-building-59773","properties":{"id":"seoul-building-59773","sourceId":"1970199123294487694800000000","pnu":"1117013000102600102","name":"서울특별시 용산구 이태원동","address":"서울특별시 용산구 이태원동","useName":"제2종근린생활시설","floors":3.0,"height":8.5,"heightSource":"measured","heightRaw":8.5,"sourceDate":"2026-09-09"},"geometry":{"type":"Polygon","coordinates":[[[126.99085273,37.54122325],[126.99087332,37.54120821],[126.9908835,37.54121704],[126.9909256,37.54117082],[126.99086835,37.54113496],[126.9908249,37.54117361],[126.99083191,37.54117757],[126.99081313,37.54119694],[126.99085273,37.54122325]]]}},{"type":"Feature","id":"seoul-building-59774","properties":{"id":"seoul-building-59774","sourceId":"1990199100214487751800000000","pnu":"1117013000102600139","name":"서울특별시 용산구 이태원동","address":"서울특별시 용산구 이태원동","useName":"단독주택","floors":2.0,"height":8.55,"heightSource":"measured","heightRaw":8.55,"sourceDate":"2026-09-09"},"geometry":{"type":"Polygon","coordinates":[[[126.99066353,37.54126675],[126.9906589,37.54121278],[126.99065483,37.54120585],[126.99063333,37.54120647],[126.99063254,37.54118972],[126.99055695,37.54119179],[126.99055988,37.54127233],[126.99066353,37.54126675]]]}},{"type":"Feature","id":"seoul-building-59829","properties":{"id":"seoul-building-59829","sourceId":"1989199069364488053700000000","pnu":"1117013000102550015","name":"서울특별시 용산구 이태원동","address":"서울특별시 용산구 이태원동","useName":"단독주택","floors":2.0,"height":7.45,"heightSource":"measured","heightRaw":7.45,"sourceDate":"2026-09-09"},"geometry":{"type":"Polygon","coordinates":[[[126.99032381,37.54154406],[126.99033287,37.54149495],[126.99029587,37.54149053],[126.99029745,37.54148216],[126.99028184,37.54148107],[126.99028218,37.54147801],[126.99024133,37.54147152],[126.99024235,37.54146737],[126.99019483,37.54146061],[126.99018385,37.5415098],[126.99022017,37.54151494],[126.99021643,37.54153134],[126.99032381,37.54154406]]]}},{"type":"Feature","id":"seoul-building-59831","properties":{"id":"seoul-building-59831","sourceId":"1989199286124487092400000000","pnu":"1117013000102470024","name":"서울특별시 용산구 이태원동","address":"서울특별시 용산구 이태원동","useName":"단독주택","floors":2.0,"height":8.0,"heightSource":"measured","heightRaw":8.0,"sourceDate":"2026-09-09"},"geometry":{"type":"Polygon","coordinates":[[[126.99277941,37.54069414],[126.99278077,37.54064684],[126.99279344,37.54064711],[126.99279503,37.54059134],[126.99270553,37.5405898],[126.99270576,37.54058007],[126.99263798,37.54057898],[126.99263526,37.54069161],[126.99277941,37.54069414]]]}},{"type":"Feature","id":"seoul-building-59832","properties":{"id":"seoul-building-59832","sourceId":"1986199224614487644500000000","pnu":"1117013000102600037","name":"서울특별시 용산구 이태원동","address":"서울특별시 용산구 이태원동","useName":"단독주택","floors":2.0,"height":7.4,"heightSource":"estimated","heightRaw":0.0,"sourceDate":"2026-09-09"},"geometry":{"type":"Polygon","coordinates":[[[126.99202623,37.54118072],[126.99202623,37.54118621],[126.9920836,37.54118649],[126.99208599,37.54108603],[126.99203337,37.54108521],[126.99203326,37.54109017],[126.99194408,37.54108764],[126.99194364,37.54109746],[126.99193865,37.54118018],[126.99202623,37.54118072]]]}},{"type":"Feature","id":"seoul-building-59833","properties":{"id":"seoul-building-59833","sourceId":"1973199240604487711700000000","pnu":"1117013000102580331","name":"서울특별시 용산구 이태원동","address":"서울특별시 용산구 이태원동","useName":"제2종근린생활시설","floors":2.0,"height":7.4,"heightSource":"estimated","heightRaw":0.0,"sourceDate":"2026-09-09"},"geometry":{"type":"Polygon","coordinates":[[[126.99227595,37.54122011],[126.99228014,37.54120245],[126.99227267,37.5411683],[126.99223171,37.54117398],[126.99222843,37.5411592],[126.99217118,37.54116721],[126.99216846,37.54115469],[126.99212581,37.54116063],[126.99212614,37.54123614],[126.99227595,37.54122011]]]}},{"type":"Feature","id":"seoul-building-59834","properties":{"id":"seoul-building-59834","sourceId":"1978199266264487512300000000","pnu":"1117013000102580341","name":"서울특별시 용산구 이태원동","address":"서울특별시 용산구 이태원동","useName":"단독주택","floors":3.0,"height":9.3,"heightSource":"measured","heightRaw":9.3,"sourceDate":"2026-09-09"},"geometry":{"type":"Polygon","coordinates":[[[126.99245429,37.54107371],[126.99245633,37.54106218],[126.9925051,37.54106245],[126.99250521,37.54105299],[126.99253248,37.54105317],[126.99253442,37.54097146],[126.99244503,37.5409692],[126.99243924,37.54107343],[126.99245429,37.54107371]]]}},{"type":"Feature","id":"seoul-building-59835","properties":{"id":"seoul-building-59835","sourceId":"1990199210944486442800000000","pnu":"1117013000102110041","name":"서울특별시 용산구 이태원동","address":"서울특별시 용산구 이태원동","useName":"단독주택","floors":2.0,"height":7.85,"heightSource":"measured","heightRaw":7.85,"sourceDate":"2026-09-09"},"geometry":{"type":"Polygon","coordinates":[[[126.99188117,37.54011817],[126.99192678,37.54001645],[126.99183558,37.53998932],[126.99179416,37.54008644],[126.99183546,37.54009771],[126.99183263,37.54010429],[126.99188117,37.54011817]]]}},{"type":"Feature","id":"seoul-building-59836","properties":{"id":"seoul-building-59836","sourceId":"1976199252274487647100000000","pnu":"1117013000102580343","name":"서울특별시 용산구 이태원동","address":"서울특별시 용산구 이태원동","useName":"단독주택","floors":2.0,"height":7.4,"heightSource":"estimated","heightRaw":0.0,"sourceDate":"2026-09-09"},"geometry":{"type":"Polygon","coordinates":[[[126.9923744,37.54116786],[126.99236716,37.54113245],[126.99236309,37.5411329],[126.99235653,37.54110047],[126.99228196,37.54110839],[126.99229236,37.5411702],[126.99232314,37.54116687],[126.99232438,37.54117434],[126.9923744,37.54116786]]]}},{"type":"Feature","id":"seoul-building-59838","properties":{"id":"seoul-building-59838","sourceId":"1984199105684487502800000000","pnu":"1117013000102550030","name":"서울특별시 용산구 이태원동","address":"서울특별시 용산구 이태원동","useName":"제2종근린생활시설","floors":2.0,"height":7.4,"heightSource":"measured","heightRaw":7.4,"sourceDate":"2026-09-09"},"geometry":{"type":"Polygon","coordinates":[[[126.99060585,37.54098113],[126.99058989,37.54102456],[126.99067023,37.5410434],[126.9906623,37.54106484],[126.99070271,37.54107421],[126.99073972,37.54097394],[126.99069208,37.54096276],[126.99069027,37.54096745],[126.99064105,37.54095582],[126.99063641,37.54096852],[126.9906191,37.54096447],[126.9906123,37.54098267],[126.99060585,37.54098113]]]}},{"type":"Feature","id":"seoul-building-59839","properties":{"id":"seoul-building-59839","sourceId":"1970199093214487464700000000","pnu":"1117013000102550032","name":"서울특별시 용산구 이태원동","address":"서울특별시 용산구 이태원동","useName":"제2종근린생활시설","floors":2.0,"height":7.5,"heightSource":"measured","heightRaw":7.5,"sourceDate":"2026-09-09"},"geometry":{"type":"Polygon","coordinates":[[[126.99059069,37.54097248],[126.99056987,37.54096374],[126.9905727,37.54095942],[126.99054589,37.54094815],[126.99055528,37.54093383],[126.99051172,37.54091553],[126.99046374,37.54098797],[126.99055504,37.54102627],[126.99059069,37.54097248]]]}},{"type":"Feature","id":"seoul-building-59841","properties":{"id":"seoul-building-59841","sourceId":"2003199066484487290100000000","pnu":"1117013000102550040","name":"중업 주택","address":"서울특별시 용산구 이태원동","useName":"공동주택","floors":4.0,"height":13.7,"heightSource":"measured","heightRaw":13.7,"sourceDate":"2026-09-09"},"geometry":{"type":"Polygon","coordinates":[[[126.99018439,37.54085127],[126.99018676,37.54084649],[126.99021743,37.54085605],[126.99022331,37.54084425],[126.9902998,37.54086813],[126.99031032,37.54084669],[126.99031881,37.5408293],[126.99029867,37.54082307],[126.99030829,37.54080352],[126.99020352,37.5407709],[126.99015544,37.54075585],[126.99014514,37.54077675],[126.99016935,37.54078423],[126.99013766,37.54083667],[126.99018439,37.54085127]]]}},{"type":"Feature","id":"seoul-building-59842","properties":{"id":"seoul-building-59842","sourceId":"1992199188774487153600000000","pnu":"1117013000102510012","name":"서울특별시 용산구 이태원동","address":"서울특별시 용산구 이태원동","useName":"단독주택","floors":2.0,"height":7.4,"heightSource":"estimated","heightRaw":0.0,"sourceDate":"2026-09-09"},"geometry":{"type":"Polygon","coordinates":[[[126.99161542,37.54075496],[126.99162731,37.54073623],[126.99163455,37.54073911],[126.9916539,37.54070849],[126.99166872,37.54071433],[126.99169747,37.54066884],[126.99163071,37.54064217],[126.99162289,37.54065459],[126.99157786,37.54063657],[126.99152581,37.54071911],[126.99161542,37.54075496]]]}},{"type":"Feature","id":"seoul-building-59843","properties":{"id":"seoul-building-59843","sourceId":"1994199189444487021300000000","pnu":"1117013000102510080","name":"서울특별시 용산구 이태원동","address":"서울특별시 용산구 이태원동","useName":"단독주택","floors":2.0,"height":7.9,"heightSource":"measured","heightRaw":7.9,"sourceDate":"2026-09-09"},"geometry":{"type":"Polygon","coordinates":[[[126.99169001,37.54063937],[126.9917277,37.54055973],[126.9916383,37.54053053],[126.99163343,37.54053991],[126.99153658,37.54051251],[126.99150059,37.54058251],[126.99169001,37.54063937]]]}},{"type":"Feature","id":"seoul-building-59844","properties":{"id":"seoul-building-59844","sourceId":"1971199188724487340700000000","pnu":"1117013000102490017","name":"서울특별시 용산구 이태원동","address":"서울특별시 용산구 이태원동","useName":"단독주택","floors":2.0,"height":7.4,"heightSource":"estimated","heightRaw":0.0,"sourceDate":"2026-09-09"},"geometry":{"type":"Polygon","coordinates":[[[126.99162751,37.54093445],[126.99167075,37.5407903],[126.99162753,37.540782],[126.99162447,37.54079218],[126.99159947,37.54078741],[126.99156676,37.54084822],[126.99156133,37.54085146],[126.99155407,37.54093742],[126.99162751,37.54093445]]]}},{"type":"Feature","id":"seoul-building-59899","properties":{"id":"seoul-building-59899","sourceId":"1991199191444486803000000000","pnu":"1117013000102510088","name":"서울특별시 용산구 이태원동","address":"서울특별시 용산구 이태원동","useName":"단독주택","floors":2.0,"height":7.8,"heightSource":"measured","heightRaw":7.8,"sourceDate":"2026-09-09"},"geometry":{"type":"Polygon","coordinates":[[[126.99166739,37.54041917],[126.99169105,37.54035223],[126.99162735,37.5403379],[126.99160789,37.54034357],[126.99158672,37.54040105],[126.99166739,37.54041917]]]}},{"type":"Feature","id":"seoul-building-59906","properties":{"id":"seoul-building-59906","sourceId":"1994199110554487674700000000","pnu":"1117013000102600140","name":"서울특별시 용산구 이태원동","address":"서울특별시 용산구 이태원동","useName":"단독주택","floors":2.0,"height":7.1,"heightSource":"measured","heightRaw":7.1,"sourceDate":"2026-09-09"},"geometry":{"type":"Polygon","coordinates":[[[126.99073867,37.54120495],[126.99077647,37.5411964],[126.99078813,37.54114414],[126.99074513,37.5411381],[126.99074672,37.54113107],[126.99066582,37.54111962],[126.99066015,37.54114494],[126.99069794,37.54120017],[126.99073867,37.54120495]]]}},{"type":"Feature","id":"seoul-building-59908","properties":{"id":"seoul-building-59908","sourceId":"1990199068884487770500000000","pnu":"1117013000102550026","name":"서울특별시 용산구 이태원동","address":"서울특별시 용산구 이태원동","useName":"제2종근린생활시설","floors":3.0,"height":10.7,"heightSource":"measured","heightRaw":10.7,"sourceDate":"2026-09-09"},"geometry":{"type":"Polygon","coordinates":[[[126.99023039,37.54127375],[126.99023469,37.54128312],[126.99031503,37.5412597],[126.99029184,37.54120915],[126.99018625,37.54124266],[126.99020481,37.54128113],[126.99023039,37.54127375]]]}},{"type":"Feature","id":"seoul-building-59912","properties":{"id":"seoul-building-59912","sourceId":"1990199099144487601500000000","pnu":"1117013000102550029","name":"서울특별시 용산구 이태원동","address":"서울특별시 용산구 이태원동","useName":"단독주택","floors":2.0,"height":7.3,"heightSource":"measured","heightRaw":7.3,"sourceDate":"2026-09-09"},"geometry":{"type":"Polygon","coordinates":[[[126.99063707,37.54114196],[126.99064069,37.54106069],[126.99062916,37.54106033],[126.99062961,37.54105015],[126.99055979,37.54104816],[126.99055832,37.5410797],[126.99054994,37.54107944],[126.99054723,37.54113934],[126.99063707,37.54114196]]]}},{"type":"Feature","id":"seoul-building-59913","properties":{"id":"seoul-building-59913","sourceId":"1988199065524487951300000000","pnu":"1117013000102550016","name":"서울특별시 용산구 이태원동","address":"서울특별시 용산구 이태원동","useName":"단독주택","floors":2.0,"height":7.0,"heightSource":"measured","heightRaw":7.0,"sourceDate":"2026-09-09"},"geometry":{"type":"Polygon","coordinates":[[[126.99026385,37.54145665],[126.9902702,37.54141494],[126.99025119,37.54138205],[126.99022652,37.54137944],[126.99022947,37.54136142],[126.99018093,37.54135619],[126.99017323,37.54140186],[126.99016678,37.54140114],[126.99015908,37.54144664],[126.99026385,37.54145665]]]}},{"type":"Feature","id":"seoul-building-59969","properties":{"id":"seoul-building-59969","sourceId":"1992199081844487884800000000","pnu":"1117013000102550011","name":"서울특별시 용산구 이태원동","address":"서울특별시 용산구 이태원동","useName":"단독주택","floors":2.0,"height":8.5,"heightSource":"measured","heightRaw":8.5,"sourceDate":"2026-09-09"},"geometry":{"type":"Polygon","coordinates":[[[126.99045271,37.54138657],[126.99045329,37.54131819],[126.99034308,37.54131764],[126.99034737,37.54138602],[126.99045271,37.54138657]]]}},{"type":"Feature","id":"seoul-building-59971","properties":{"id":"seoul-building-59971","sourceId":"1988199055304487935700000000","pnu":"1117013000102550017","name":"서울특별시 용산구 이태원동","address":"서울특별시 용산구 이태원동","useName":"제2종근린생활시설","floors":2.0,"height":7.4,"heightSource":"estimated","heightRaw":0.0,"sourceDate":"2026-09-09"},"geometry":{"type":"Polygon","coordinates":[[[126.9901352,37.54146313],[126.99015252,37.54141096],[126.99014234,37.5414088],[126.99016,37.541356],[126.99007887,37.54133888],[126.99007615,37.54134717],[126.99005612,37.54134293],[126.99003552,37.54140474],[126.99004752,37.54140726],[126.99003982,37.54143023],[126.99008066,37.54143889],[126.9900767,37.54145078],[126.9901352,37.54146313]]]}},{"type":"Feature","id":"seoul-building-59972","properties":{"id":"seoul-building-59972","sourceId":"1990199077604487981300000000","pnu":"1117013000102550014","name":"서울특별시 용산구 이태원동","address":"서울특별시 용산구 이태원동","useName":"단독주택","floors":2.0,"height":6.4,"heightSource":"measured","heightRaw":6.4,"sourceDate":"2026-09-09"},"geometry":{"type":"Polygon","coordinates":[[[126.99030289,37.5414717],[126.99030176,37.5414781],[126.99039126,37.54148811],[126.99041027,37.5414819],[126.99042307,37.54139919],[126.99035766,37.54139278],[126.9903571,37.54139639],[126.99029849,37.54139061],[126.99029328,37.54142413],[126.99027947,37.54142278],[126.99027245,37.54146828],[126.99030289,37.5414717]]]}},{"type":"Feature","id":"seoul-building-59974","properties":{"id":"seoul-building-59974","sourceId":"1991199177004486818700000000","pnu":"1117013000102510094","name":"서울특별시 용산구 이태원동","address":"서울특별시 용산구 이태원동","useName":"단독주택","floors":2.0,"height":7.8,"heightSource":"measured","heightRaw":7.8,"sourceDate":"2026-09-09"},"geometry":{"type":"Polygon","coordinates":[[[126.99150762,37.54043979],[126.99154169,37.54037573],[126.99144439,37.54034293],[126.99141032,37.54040699],[126.99150762,37.54043979]]]}},{"type":"Feature","id":"seoul-building-59976","properties":{"id":"seoul-building-59976","sourceId":"1991199067554487704000000000","pnu":"1117013000102550027","name":"서울특별시 용산구 이태원동","address":"서울특별시 용산구 이태원동","useName":"제2종근린생활시설","floors":3.0,"height":9.2,"heightSource":"measured","heightRaw":9.2,"sourceDate":"2026-09-09"},"geometry":{"type":"Polygon","coordinates":[[[126.99019531,37.5412214],[126.99019871,37.54122762],[126.99030395,37.54119348],[126.99029794,37.54117068],[126.99033428,37.54115573],[126.99032205,37.5411369],[126.99014259,37.54120085],[126.99016102,37.54123356],[126.99019531,37.5412214]]]}},{"type":"Feature","id":"seoul-building-59977","properties":{"id":"seoul-building-59977","sourceId":"1993199171064486472300000000","pnu":"1117013000102270006","name":"서울특별시 용산구 이태원동","address":"서울특별시 용산구 이태원동","useName":"단독주택","floors":2.0,"height":6.2,"heightSource":"measured","heightRaw":6.2,"sourceDate":"2026-09-09"},"geometry":{"type":"Polygon","coordinates":[[[126.99144553,37.54013399],[126.99148447,37.54006425],[126.99137211,37.54002451],[126.99133318,37.54009415],[126.99144553,37.54013399]]]}},{"type":"Feature","id":"seoul-building-59978","properties":{"id":"seoul-building-59978","sourceId":"1991199173984486900800000000","pnu":"1117013000102510093","name":"서울특별시 용산구 이태원동","address":"서울특별시 용산구 이태원동","useName":"단독주택","floors":2.0,"height":7.4,"heightSource":"measured","heightRaw":7.4,"sourceDate":"2026-09-09"},"geometry":{"type":"Polygon","coordinates":[[[126.9914765,37.54051521],[126.9915109,37.54045051],[126.99140715,37.54041555],[126.99137274,37.54048024],[126.9914765,37.54051521]]]}},{"type":"Feature","id":"seoul-building-59979","properties":{"id":"seoul-building-59979","sourceId":"1991199150854487171800000000","pnu":"1117013000102510031","name":"서울특별시 용산구 이태원동","address":"서울특별시 용산구 이태원동","useName":"단독주택","floors":2.0,"height":7.6,"heightSource":"measured","heightRaw":7.6,"sourceDate":"2026-09-09"},"geometry":{"type":"Polygon","coordinates":[[[126.99116802,37.54072872],[126.99116271,37.5407389],[126.99120162,37.54075188],[126.99123071,37.54069665],[126.99115219,37.54067042],[126.99112842,37.54071547],[126.99116802,37.54072872]]]}},{"type":"Feature","id":"seoul-building-59981","properties":{"id":"seoul-building-59981","sourceId":"0000199107864487773900000000","pnu":"1117013000102600402","name":"서울특별시 용산구 이태원동","address":"서울특별시 용산구 이태원동","useName":"","floors":0.0,"height":0,"heightSource":"unknown","heightRaw":0.0,"sourceDate":"2026-09-09"},"geometry":{"type":"Polygon","coordinates":[[[126.99070755,37.54127514],[126.990714,37.54123216],[126.99067949,37.54122882],[126.99067303,37.5412718],[126.99070755,37.54127514]]]}},{"type":"Feature","id":"seoul-building-59982","properties":{"id":"seoul-building-59982","sourceId":"1994199164444486877200000000","pnu":"1117013000102510035","name":"서울특별시 용산구 이태원동","address":"서울특별시 용산구 이태원동","useName":"단독주택","floors":2.0,"height":6.5,"heightSource":"measured","heightRaw":6.5,"sourceDate":"2026-09-09"},"geometry":{"type":"Polygon","coordinates":[[[126.99131606,37.54046312],[126.99131017,37.54047357],[126.99134796,37.54048718],[126.99138146,37.54042816],[126.99131437,37.540404],[126.99128675,37.54045257],[126.99131606,37.54046312]]]}},{"type":"Feature","id":"seoul-building-59984","properties":{"id":"seoul-building-59984","sourceId":"1991199166634487064800000000","pnu":"1117013000102510091","name":"서울특별시 용산구 이태원동","address":"서울특별시 용산구 이태원동","useName":"단독주택","floors":2.0,"height":7.5,"heightSource":"measured","heightRaw":7.5,"sourceDate":"2026-09-09"},"geometry":{"type":"Polygon","coordinates":[[[126.99139163,37.54066486],[126.9914284,37.54059629],[126.99132555,37.54056133],[126.99128877,37.54062989],[126.99139163,37.54066486]]]}},{"type":"Feature","id":"seoul-building-59985","properties":{"id":"seoul-building-59985","sourceId":"1991199162434487148100000000","pnu":"1117013000102510090","name":"서울특별시 용산구 이태원동","address":"서울특별시 용산구 이태원동","useName":"단독주택","floors":2.0,"height":9.2,"heightSource":"measured","heightRaw":9.2,"sourceDate":"2026-09-09"},"geometry":{"type":"Polygon","coordinates":[[[126.9913434,37.54073747],[126.99137679,37.54066909],[126.99127881,37.54063881],[126.99124543,37.5407071],[126.9913434,37.54073747]]]}},{"type":"Feature","id":"seoul-building-59986","properties":{"id":"seoul-building-59986","sourceId":"1983199073934487451900000000","pnu":"1117013000102550038","name":"서울특별시 용산구 이태원동","address":"서울특별시 용산구 이태원동","useName":"단독주택","floors":2.0,"height":7.4,"heightSource":"estimated","heightRaw":0.0,"sourceDate":"2026-09-09"},"geometry":{"type":"Polygon","coordinates":[[[126.99030521,37.54101472],[126.99031257,37.54099832],[126.99034266,37.54100688],[126.99037526,37.54093399],[126.99028022,37.54090714],[126.99026301,37.5409457],[126.99027139,37.54094804],[126.99024875,37.54099877],[126.99030521,37.54101472]]]}},{"type":"Feature","id":"seoul-building-60043","properties":{"id":"seoul-building-60043","sourceId":"1997199102994489851700000000","pnu":"1117013000102610017","name":"서울특별시 용산구 이태원동","address":"서울특별시 용산구 이태원동","useName":"단독주택","floors":3.0,"height":8.8,"heightSource":"measured","heightRaw":8.8,"sourceDate":"2026-09-09"},"geometry":{"type":"Polygon","coordinates":[[[126.99060831,37.54308587],[126.99060309,37.54316119],[126.9906625,37.54316381],[126.99067812,37.5430893],[126.99060831,37.54308587]]]}},{"type":"Feature","id":"seoul-building-60044","properties":{"id":"seoul-building-60044","sourceId":"1997199077384491111900000000","pnu":"1117013000102620019","name":"서울특별시 용산구 이태원동","address":"서울특별시 용산구 이태원동","useName":"공동주택","floors":3.0,"height":10.8,"heightSource":"measured","heightRaw":10.8,"sourceDate":"2026-09-09"},"geometry":{"type":"Polygon","coordinates":[[[126.99027027,37.54431418],[126.99031814,37.54430562],[126.99032198,37.5443195],[126.99037449,37.54431013],[126.99038388,37.54429878],[126.99045494,37.54428581],[126.99043266,37.54420815],[126.99038649,37.54421651],[126.99038084,37.54420291],[126.9902928,37.54421967],[126.99029178,37.54421606],[126.99024494,37.54422444],[126.99027027,37.54431418]]]}},{"type":"Feature","id":"seoul-building-60045","properties":{"id":"seoul-building-60045","sourceId":"1969199099634489553900000000","pnu":"1117013000102610056","name":"서울특별시 용산구 이태원동","address":"서울특별시 용산구 이태원동","useName":"단독주택","floors":3.0,"height":10.6,"heightSource":"estimated","heightRaw":0.0,"sourceDate":"2026-09-09"},"geometry":{"type":"Polygon","coordinates":[[[126.99066854,37.5428836],[126.99064716,37.54280693],[126.99054486,37.54282494],[126.99054634,37.54283025],[126.99053276,37.54283268],[126.99055153,37.54290377],[126.99066854,37.5428836]]]}},{"type":"Feature","id":"seoul-building-60046","properties":{"id":"seoul-building-60046","sourceId":"1989199104014490623100000000","pnu":"1117013000102620058","name":"서울특별시 용산구 이태원동","address":"서울특별시 용산구 이태원동","useName":"제2종근린생활시설","floors":2.0,"height":8.8,"heightSource":"measured","heightRaw":8.8,"sourceDate":"2026-09-09"},"geometry":{"type":"Polygon","coordinates":[[[126.99058717,37.54381163],[126.99061342,37.54389965],[126.99063967,37.5438947],[126.99066637,37.5439057],[126.99067656,37.54388633],[126.99074457,37.54387272],[126.99071673,37.54378415],[126.990633,37.54380046],[126.99062158,37.54377054],[126.99064873,37.54373415],[126.99063663,37.54372846],[126.99064161,37.54372171],[126.99061117,37.54370738],[126.99060608,37.54371423],[126.99059714,37.54370999],[126.99056613,37.54375162],[126.99058264,37.54379],[126.99060437,37.54378595],[126.99061059,37.54380721],[126.99058717,37.54381163]]]}},{"type":"Feature","id":"seoul-building-60047","properties":{"id":"seoul-building-60047","sourceId":"1968199099174491079000000000","pnu":"1117013000102620022","name":"서울특별시 용산구 이태원동","address":"서울특별시 용산구 이태원동","useName":"단독주택","floors":2.0,"height":7.4,"heightSource":"estimated","heightRaw":0.0,"sourceDate":"2026-09-09"},"geometry":{"type":"Polygon","coordinates":[[[126.99072844,37.54425853],[126.99069824,37.54417753],[126.99064777,37.54418951],[126.99063782,37.54416113],[126.99046786,37.5441985],[126.99050903,37.54430014],[126.99062479,37.54427834],[126.99062355,37.54426807],[126.99065817,37.54426528],[126.99066145,37.54427438],[126.99072844,37.54425853]]]}},{"type":"Feature","id":"seoul-building-60049","properties":{"id":"seoul-building-60049","sourceId":"1985199104664489746200000000","pnu":"1117013000102610054","name":"서울특별시 용산구 이태원동","address":"서울특별시 용산구 이태원동","useName":"단독주택","floors":2.0,"height":5.8,"heightSource":"measured","heightRaw":5.8,"sourceDate":"2026-09-09"},"geometry":{"type":"Polygon","coordinates":[[[126.99060153,37.54297892],[126.99061317,37.54307992],[126.9907226,37.543072],[126.99069081,37.54297686],[126.9906589,37.54297875],[126.99060153,37.54297892]]]}},{"type":"Feature","id":"seoul-building-60050","properties":{"id":"seoul-building-60050","sourceId":"1969199102574489638700000000","pnu":"1117013000102610055","name":"서울특별시 용산구 이태원동","address":"서울특별시 용산구 이태원동","useName":"단독주택","floors":2.0,"height":7.4,"heightSource":"estimated","heightRaw":0.0,"sourceDate":"2026-09-09"},"geometry":{"type":"Polygon","coordinates":[[[126.99058525,37.54290306],[126.99060165,37.54297198],[126.99068471,37.54295947],[126.99066186,37.54289216],[126.99058525,37.54290306]]]}},{"type":"Feature","id":"seoul-building-60068","properties":{"id":"seoul-building-60068","sourceId":"1963199151214489103500000000","pnu":"1117013000102600145","name":"서울특별시 용산구 이태원동","address":"서울특별시 용산구 이태원동","useName":"단독주택","floors":1.0,"height":4.2,"heightSource":"estimated","heightRaw":0.0,"sourceDate":"2026-09-09"},"geometry":{"type":"Polygon","coordinates":[[[126.99123843,37.54249054],[126.99125925,37.54243495],[126.99116488,37.54241251],[126.99116104,37.54242269],[126.99112437,37.54241395],[126.99110558,37.54246395],[126.99123843,37.54249054]]]}},{"type":"Feature","id":"seoul-building-60073","properties":{"id":"seoul-building-60073","sourceId":"1995199116514489065000000000","pnu":"1117013000102600218","name":"서울특별시 용산구 이태원동","address":"서울특별시 용산구 이태원동","useName":"","floors":0.0,"height":0,"heightSource":"unknown","heightRaw":0.0,"sourceDate":"2026-09-09"},"geometry":{"type":"Polygon","coordinates":[[[126.99085348,37.54245393],[126.99083663,37.54239004],[126.99084511,37.54238942],[126.99084195,37.54236383],[126.99072268,37.54237886],[126.9907332,37.54242256],[126.99074452,37.54242085],[126.99075582,37.54247086],[126.99085348,37.54245393]]]}},{"type":"Feature","id":"seoul-building-60095","properties":{"id":"seoul-building-60095","sourceId":"1993199209914487879100000000","pnu":"1117013000102600039","name":"서울특별시 용산구 이태원동","address":"서울특별시 용산구 이태원동","useName":"단독주택","floors":4.0,"height":12.0,"heightSource":"measured","heightRaw":12.0,"sourceDate":"2026-09-09"},"geometry":{"type":"Polygon","coordinates":[[[126.99182004,37.54139911],[126.99182242,37.54139929],[126.99187062,37.54139479],[126.99186983,37.5413892],[126.99188262,37.54138794],[126.99187561,37.54134154],[126.99190989,37.54133829],[126.99190458,37.54130226],[126.99179618,37.54131252],[126.99180658,37.5413819],[126.99181382,37.54138118],[126.99181619,37.54139695],[126.99182004,37.54139911]]]}},{"type":"Feature","id":"seoul-building-60099","properties":{"id":"seoul-building-60099","sourceId":"1993199212954488015700000000","pnu":"1117013000102600040","name":"서울특별시 용산구 이태원동","address":"서울특별시 용산구 이태원동","useName":"단독주택","floors":2.0,"height":7.9,"heightSource":"measured","heightRaw":7.9,"sourceDate":"2026-09-09"},"geometry":{"type":"Polygon","coordinates":[[[126.99187129,37.54149444],[126.99187038,37.54148741],[126.99189414,37.54148552],[126.99189335,37.54147957],[126.99189924,37.54147912],[126.99189878,37.54147516],[126.99196962,37.5414694],[126.99196294,37.54145462],[126.99192413,37.54144948],[126.99183927,37.5414538],[126.99181879,37.54148083],[126.99182173,37.5414984],[126.99187129,37.54149444]]]}},{"type":"Feature","id":"seoul-building-60102","properties":{"id":"seoul-building-60102","sourceId":"1994199218564488071100000000","pnu":"1117013000102600043","name":"서울특별시 용산구 이태원동","address":"서울특별시 용산구 이태원동","useName":"단독주택","floors":2.0,"height":7.0,"heightSource":"measured","heightRaw":7.0,"sourceDate":"2026-09-09"},"geometry":{"type":"Polygon","coordinates":[[[126.99188044,37.54155382],[126.99194935,37.54154607],[126.99194869,37.54154211],[126.99202856,37.54153301],[126.9920168,37.54148112],[126.99193284,37.54149309],[126.99193352,37.5414967],[126.99189041,37.54150237],[126.99189369,37.54151805],[126.99185352,37.54152327],[126.99186042,37.54155156],[126.99188044,37.54155382]]]}},{"type":"Feature","id":"seoul-building-60104","properties":{"id":"seoul-building-60104","sourceId":"1988199270644487830200000000","pnu":"1117013000102580335","name":"서울특별시 용산구 이태원동","address":"서울특별시 용산구 이태원동","useName":"제2종근린생활시설","floors":2.0,"height":7.9,"heightSource":"measured","heightRaw":7.9,"sourceDate":"2026-09-09"},"geometry":{"type":"Polygon","coordinates":[[[126.99262557,37.54132799],[126.99261675,37.54127348],[126.9925948,37.54127573],[126.99259231,37.54126095],[126.99244906,37.54127563],[126.99246037,37.541345],[126.99262557,37.54132799]]]}},{"type":"Feature","id":"seoul-building-60106","properties":{"id":"seoul-building-60106","sourceId":"1996199256234487818800000000","pnu":"1117013000102580333","name":"서울특별시 용산구 이태원동","address":"서울특별시 용산구 이태원동","useName":"단독주택","floors":3.0,"height":12.0,"heightSource":"measured","heightRaw":12.0,"sourceDate":"2026-09-09"},"geometry":{"type":"Polygon","coordinates":[[[126.99240187,37.54132274],[126.99241104,37.54132076],[126.9924176,37.54131725],[126.99242236,37.54130932],[126.9924313,37.54126833],[126.99239,37.54126265],[126.99238638,37.54127292],[126.99232437,37.541263],[126.99230977,37.54131192],[126.99240187,37.54132274]]]}},{"type":"Feature","id":"seoul-building-60108","properties":{"id":"seoul-building-60108","sourceId":"0000199441104487176700000000","pnu":"1117013000102580125","name":"서울특별시 용산구 이태원동","address":"서울특별시 용산구 이태원동","useName":"","floors":0.0,"height":0,"heightSource":"unknown","heightRaw":0.0,"sourceDate":"2026-09-09"},"geometry":{"type":"Polygon","coordinates":[[[126.99445846,37.54077414],[126.9944786,37.54074018],[126.99447883,37.54073136],[126.99453212,37.54072252],[126.99452953,37.54066828],[126.99441841,37.5406799],[126.99440121,37.54075262],[126.99445846,37.54077414]]]}},{"type":"Feature","id":"seoul-building-60109","properties":{"id":"seoul-building-60109","sourceId":"1995199407464487533100000000","pnu":"1117013000102580106","name":"서울특별시 용산구 이태원동","address":"서울특별시 용산구 이태원동","useName":"단독주택","floors":3.0,"height":8.1,"heightSource":"measured","heightRaw":8.1,"sourceDate":"2026-09-09"},"geometry":{"type":"Polygon","coordinates":[[[126.99405256,37.54106569],[126.99405641,37.54105884],[126.99413301,37.54108146],[126.99415983,37.54102371],[126.99403673,37.54098739],[126.99400968,37.54105056],[126.99405256,37.54106569]]]}},{"type":"Feature","id":"seoul-building-60110","properties":{"id":"seoul-building-60110","sourceId":"1993199403184487677900000000","pnu":"1117013000102580108","name":"서울특별시 용산구 이태원동","address":"서울특별시 용산구 이태원동","useName":"단독주택","floors":2.0,"height":6.3,"heightSource":"measured","heightRaw":6.3,"sourceDate":"2026-09-09"},"geometry":{"type":"Polygon","coordinates":[[[126.99398386,37.54118732],[126.99398296,37.54119408],[126.99408377,37.5412076],[126.99408989,37.54117896],[126.99409724,37.54117994],[126.99410822,37.54112858],[126.9940452,37.54111632],[126.99403501,37.54116633],[126.99401815,37.54116417],[126.9939936,37.54114632],[126.99395558,37.54113948],[126.99394313,37.54118362],[126.99398386,37.54118732]]]}},{"type":"Feature","id":"seoul-building-60111","properties":{"id":"seoul-building-60111","sourceId":"2001199428354487668000000000","pnu":"1117013000102580098","name":"서울특별시 용산구 이태원동","address":"서울특별시 용산구 이태원동","useName":"단독주택","floors":2.0,"height":6.45,"heightSource":"measured","heightRaw":6.45,"sourceDate":"2026-09-09"},"geometry":{"type":"Polygon","coordinates":[[[126.9942474,37.54120689],[126.99437391,37.54120176],[126.99437209,37.54117257],[126.99440491,37.54117131],[126.99440128,37.54111319],[126.99435535,37.54111508],[126.99435501,37.54110905],[126.99433849,37.54110977],[126.99433294,37.54110751],[126.99432378,37.54110733],[126.99431993,37.54110922],[126.99431823,37.54111039],[126.9942982,37.54111075],[126.99429832,37.54111787],[126.99424242,37.54111994],[126.9942474,37.54120689]]]}},{"type":"Feature","id":"seoul-building-60125","properties":{"id":"seoul-building-60125","sourceId":"1979199274834488935400000000","pnu":"1117013000102580295","name":"서울특별시 용산구 이태원동","address":"서울특별시 용산구 이태원동","useName":"제1종근린생활시설","floors":2.0,"height":6.0,"heightSource":"measured","heightRaw":6.0,"sourceDate":"2026-09-09"},"geometry":{"type":"Polygon","coordinates":[[[126.99260545,37.54234684],[126.9926291,37.54228016],[126.99256789,37.54225321],[126.99252953,37.54230872],[126.99260545,37.54234684]]]}},{"type":"Feature","id":"seoul-building-60128","properties":{"id":"seoul-building-60128","sourceId":"1979199266194488782400000000","pnu":"1117013000102580293","name":"서울특별시 용산구 이태원동","address":"서울특별시 용산구 이태원동","useName":"단독주택","floors":2.0,"height":7.4,"heightSource":"estimated","heightRaw":0.0,"sourceDate":"2026-09-09"},"geometry":{"type":"Polygon","coordinates":[[[126.99245295,37.54211365],[126.9924216,37.54216383],[126.99252976,37.54220664],[126.99254436,37.54218338],[126.9925326,37.54216014],[126.99249447,37.54213014],[126.99245295,37.54211365]]]}},{"type":"Feature","id":"seoul-building-60129","properties":{"id":"seoul-building-60129","sourceId":"1979199298674489016800000000","pnu":"1117013000102580196","name":"서울특별시 용산구 이태원동","address":"서울특별시 용산구 이태원동","useName":"제2종근린생활시설","floors":2.0,"height":6.3,"heightSource":"measured","heightRaw":6.3,"sourceDate":"2026-09-09"},"geometry":{"type":"Polygon","coordinates":[[[126.99288425,37.5424137],[126.99289908,37.54231721],[126.99280596,37.54235567],[126.99280187,37.54240568],[126.99288425,37.5424137]]]}},{"type":"Feature","id":"seoul-building-60130","properties":{"id":"seoul-building-60130","sourceId":"1979199257014488719200000000","pnu":"1117013000102580300","name":"서울특별시 용산구 이태원동","address":"서울특별시 용산구 이태원동","useName":"단독주택","floors":2.0,"height":7.4,"heightSource":"estimated","heightRaw":0.0,"sourceDate":"2026-09-09"},"geometry":{"type":"Polygon","coordinates":[[[126.99238573,37.54214347],[126.99241594,37.5421605],[126.99245238,37.54211176],[126.99242681,37.54209661],[126.99241923,37.54210463],[126.99239479,37.54209013],[126.99240214,37.54208228],[126.99237069,37.54205706],[126.9923475,37.54203976],[126.99232633,37.54204264],[126.99234862,37.54214094],[126.99238573,37.54214347]]]}},{"type":"Feature","id":"seoul-building-60131","properties":{"id":"seoul-building-60131","sourceId":"2006199268944488890300000000","pnu":"1117013000102580296","name":"서울특별시 용산구 이태원동","address":"서울특별시 용산구 이태원동","useName":"단독주택","floors":2.0,"height":6.35,"heightSource":"measured","heightRaw":6.35,"sourceDate":"2026-09-09"},"geometry":{"type":"Polygon","coordinates":[[[126.9925542,37.54226025],[126.99255782,37.54226142],[126.99256936,37.54224016],[126.99249751,37.54221528],[126.99246515,37.54227493],[126.99253122,37.54230258],[126.9925542,37.54226025]]]}},{"type":"Feature","id":"seoul-building-60132","properties":{"id":"seoul-building-60132","sourceId":"1967199467954488295200000000","pnu":"1117013000102580045","name":"서울특별시 용산구 이태원동","address":"서울특별시 용산구 이태원동","useName":"단독주택","floors":2.0,"height":7.4,"heightSource":"estimated","heightRaw":0.0,"sourceDate":"2026-09-09"},"geometry":{"type":"Polygon","coordinates":[[[126.9947476,37.54179139],[126.99485431,37.54173121],[126.99479152,37.54165156],[126.99467938,37.54171471],[126.9947476,37.54179139]]]}},{"type":"Feature","id":"seoul-building-60133","properties":{"id":"seoul-building-60133","sourceId":"1994199448304486568500000000","pnu":"1117013000100050026","name":"서울특별시 용산구 이태원동","address":"서울특별시 용산구 이태원동","useName":"단독주택","floors":2.0,"height":7.9,"heightSource":"measured","heightRaw":7.9,"sourceDate":"2026-09-09"},"geometry":{"type":"Polygon","coordinates":[[[126.99458398,37.54023941],[126.99464373,37.54015193],[126.99450749,37.540093],[126.99444787,37.54018048],[126.99458398,37.54023941]]]}},{"type":"Feature","id":"seoul-building-60134","properties":{"id":"seoul-building-60134","sourceId":"1985199435944488538200000000","pnu":"1117013000102580050","name":"서울특별시 용산구 이태원동","address":"서울특별시 용산구 이태원동","useName":"단독주택","floors":2.0,"height":7.4,"heightSource":"estimated","heightRaw":0.0,"sourceDate":"2026-09-09"},"geometry":{"type":"Polygon","coordinates":[[[126.99441016,37.54198653],[126.99442125,37.54199599],[126.99450669,37.54193211],[126.99449039,37.54191824],[126.99450397,37.54190805],[126.99444933,37.54186175],[126.99435076,37.54193544],[126.99432666,37.54191499],[126.99428751,37.54194427],[126.99437146,37.54201545],[126.99441016,37.54198653]]]}},{"type":"Feature","id":"seoul-building-60135","properties":{"id":"seoul-building-60135","sourceId":"1993199328564489046400000000","pnu":"1117013000102580201","name":"서울특별시 용산구 이태원동","address":"서울특별시 용산구 이태원동","useName":"단독주택","floors":2.0,"height":6.5,"heightSource":"measured","heightRaw":6.5,"sourceDate":"2026-09-09"},"geometry":{"type":"Polygon","coordinates":[[[126.99323775,37.54242229],[126.99322474,37.54236705],[126.9931444,37.54237236],[126.99315797,37.54243264],[126.99323775,37.54242229]]]}},{"type":"Feature","id":"seoul-building-60137","properties":{"id":"seoul-building-60137","sourceId":"1995199323974488936400000000","pnu":"1117013000102580265","name":"서울특별시 용산구 이태원동","address":"서울특별시 용산구 이태원동","useName":"단독주택","floors":3.0,"height":8.7,"heightSource":"measured","heightRaw":8.7,"sourceDate":"2026-09-09"},"geometry":{"type":"Polygon","coordinates":[[[126.99314011,37.54233479],[126.99314044,37.54234038],[126.99317439,37.54233921],[126.99317393,37.54233191],[126.99324093,37.54232957],[126.9932373,37.54226281],[126.99312608,37.54226668],[126.99312586,37.54226208],[126.9930902,37.54226334],[126.99309021,37.54226208],[126.99304053,37.54226379],[126.99304471,37.54233812],[126.99314011,37.54233479]]]}},{"type":"Feature","id":"seoul-building-60139","properties":{"id":"seoul-building-60139","sourceId":"1978199494334486613100000000","pnu":"1117013000100050021","name":"서울특별시 용산구 이태원동","address":"서울특별시 용산구 이태원동","useName":"단독주택","floors":2.0,"height":10.42,"heightSource":"measured","heightRaw":10.42,"sourceDate":"2026-09-09"},"geometry":{"type":"Polygon","coordinates":[[[126.99508376,37.54027691],[126.99510152,37.54025457],[126.99510831,37.5402579],[126.99517191,37.5401724],[126.99509293,37.5401351],[126.99504416,37.54020069],[126.99497503,37.54016816],[126.99494346,37.54021059],[126.99508376,37.54027691]]]}},{"type":"Feature","id":"seoul-building-60140","properties":{"id":"seoul-building-60140","sourceId":"1979199341944489093700000000","pnu":"1117013000102580202","name":"서울특별시 용산구 이태원동","address":"서울특별시 용산구 이태원동","useName":"단독주택","floors":2.0,"height":7.4,"heightSource":"estimated","heightRaw":0.0,"sourceDate":"2026-09-09"},"geometry":{"type":"Polygon","coordinates":[[[126.99345058,37.54249996],[126.9934318,37.54244346],[126.9934249,37.5424449],[126.99339277,37.54234841],[126.9932373,37.54238129],[126.99328741,37.54253203],[126.99345058,37.54249996]]]}},{"type":"Feature","id":"seoul-building-60143","properties":{"id":"seoul-building-60143","sourceId":"1994199363994488958900000000","pnu":"1117013000102580204","name":"서울특별시 용산구 이태원동","address":"서울특별시 용산구 이태원동","useName":"단독주택","floors":3.0,"height":8.0,"heightSource":"measured","heightRaw":8.0,"sourceDate":"2026-09-09"},"geometry":{"type":"Polygon","coordinates":[[[126.99369501,37.54233329],[126.99367939,37.54232086],[126.99367736,37.54231311],[126.99366978,37.54230716],[126.99366355,37.54230707],[126.9936175,37.5422758],[126.99359668,37.54227229],[126.99358718,37.54226382],[126.99357371,37.54227337],[126.99354543,37.54224805],[126.99348545,37.5422976],[126.99361477,37.5423968],[126.99369501,37.54233329]]]}},{"type":"Feature","id":"seoul-building-60144","properties":{"id":"seoul-building-60144","sourceId":"1995199420884488639400000000","pnu":"1117013000102580053","name":"서울특별시 용산구 이태원동","address":"서울특별시 용산구 이태원동","useName":"단독주택","floors":2.0,"height":7.0,"heightSource":"measured","heightRaw":7.0,"sourceDate":"2026-09-09"},"geometry":{"type":"Polygon","coordinates":[[[126.99417242,37.54209653],[126.99420229,37.54208131],[126.99421327,37.54209509],[126.99433627,37.54203194],[126.99427472,37.54195589],[126.99419925,37.54199472],[126.99420819,37.5420058],[126.99412784,37.54204905],[126.99417242,37.54209653]]]}},{"type":"Feature","id":"seoul-building-60145","properties":{"id":"seoul-building-60145","sourceId":"1996199484044487687200000000","pnu":"1117013000102580018","name":"서울특별시 용산구 이태원동","address":"서울특별시 용산구 이태원동","useName":"단독주택","floors":2.0,"height":8.0,"heightSource":"measured","heightRaw":8.0,"sourceDate":"2026-09-09"},"geometry":{"type":"Polygon","coordinates":[[[126.99493389,37.54124422],[126.99496829,37.54121233],[126.99500676,37.54123828],[126.99505496,37.54119305],[126.99501853,37.54116737],[126.99502905,37.5411553],[126.99493605,37.54109141],[126.99490108,37.54112204],[126.99490674,37.5411261],[126.9948445,37.54118223],[126.99493389,37.54124422]]]}},{"type":"Feature","id":"seoul-building-60147","properties":{"id":"seoul-building-60147","sourceId":"1996199306884489023300000000","pnu":"1117013000102580198","name":"서울특별시 용산구 이태원동","address":"서울특별시 용산구 이태원동","useName":"단독주택","floors":2.0,"height":6.3,"heightSource":"measured","heightRaw":6.3,"sourceDate":"2026-09-09"},"geometry":{"type":"Polygon","coordinates":[[[126.99290803,37.54232532],[126.99290372,37.54232486],[126.99289082,37.542411],[126.99290802,37.54241262],[126.99299877,37.54242209],[126.99300725,37.54237028],[126.99298497,37.54236803],[126.9929862,37.54236064],[126.99298315,37.54235523],[126.99297828,37.54235118],[126.99297195,37.54234866],[126.99296505,37.54234748],[126.99295452,37.54234568],[126.99295701,37.54233027],[126.99290803,37.54232532]]]}},{"type":"Feature","id":"seoul-building-60153","properties":{"id":"seoul-building-60153","sourceId":"2007199062984488506800000000","pnu":"1117013000102550054","name":"이태원2동 주민센터","address":"서울특별시 용산구 이태원동","useName":"업무시설","floors":3.0,"height":13.3,"heightSource":"measured","heightRaw":13.3,"sourceDate":"2026-09-09"},"geometry":{"type":"Polygon","coordinates":[[[126.99015446,37.54207312],[126.99018463,37.54206586],[126.99019182,37.5420848],[126.9902792,37.54206379],[126.99027326,37.54204339],[126.99032431,37.54203398],[126.99021471,37.54174216],[126.99012918,37.54176155],[126.99004363,37.54178094],[126.99015446,37.54207312]]]}},{"type":"Feature","id":"seoul-building-60167","properties":{"id":"seoul-building-60167","sourceId":"1993199389254486817300000000","pnu":"1117013000102450015","name":"서울특별시 용산구 이태원동","address":"서울특별시 용산구 이태원동","useName":"단독주택","floors":2.0,"height":6.3,"heightSource":"measured","heightRaw":6.3,"sourceDate":"2026-09-09"},"geometry":{"type":"Polygon","coordinates":[[[126.99393573,37.54044373],[126.99396345,37.54039535],[126.99389115,37.54036912],[126.99389669,37.54035939],[126.99382847,37.54033461],[126.9937952,37.54039272],[126.99393573,37.54044373]]]}},{"type":"Feature","id":"seoul-building-60168","properties":{"id":"seoul-building-60168","sourceId":"1985199436634487347400000000","pnu":"1117013000102580102","name":"서울특별시 용산구 이태원동","address":"서울특별시 용산구 이태원동","useName":"단독주택","floors":1.0,"height":4.2,"heightSource":"estimated","heightRaw":0.0,"sourceDate":"2026-09-09"},"geometry":{"type":"Polygon","coordinates":[[[126.99434598,37.54088515],[126.9944348,37.54092236],[126.99449409,37.54083263],[126.99444703,37.54081289],[126.99441557,37.54086047],[126.99435854,37.54083659],[126.99432142,37.54086587],[126.99434598,37.54088515]]]}},{"type":"Feature","id":"seoul-building-60169","properties":{"id":"seoul-building-60169","sourceId":"0000199452044487156100000000","pnu":"1117013000102580100","name":"서울특별시 용산구 이태원동","address":"서울특별시 용산구 이태원동","useName":"","floors":0.0,"height":0,"heightSource":"unknown","heightRaw":0.0,"sourceDate":"2026-09-09"},"geometry":{"type":"Polygon","coordinates":[[[126.99461789,37.54072127],[126.99464143,37.54071523],[126.99463917,37.54066712],[126.99453643,37.54067008],[126.99453903,37.54072622],[126.99461789,37.54072127]]]}},{"type":"Feature","id":"seoul-building-60170","properties":{"id":"seoul-building-60170","sourceId":"1993199415214487675100000000","pnu":"1117013000102580105","name":"서울특별시 용산구 이태원동","address":"서울특별시 용산구 이태원동","useName":"단독주택","floors":2.0,"height":7.6,"heightSource":"measured","heightRaw":7.6,"sourceDate":"2026-09-09"},"geometry":{"type":"Polygon","coordinates":[[[126.99423155,37.54120202],[126.99423088,37.54112363],[126.99411083,37.54112435],[126.99411161,37.54120273],[126.99423155,37.54120202]]]}},{"type":"Feature","id":"seoul-building-60171","properties":{"id":"seoul-building-60171","sourceId":"0000199443334487377500000000","pnu":"1117013000102580101","name":"서울특별시 용산구 이태원동","address":"서울특별시 용산구 이태원동","useName":"","floors":0.0,"height":0,"heightSource":"unknown","heightRaw":0.0,"sourceDate":"2026-09-09"},"geometry":{"type":"Polygon","coordinates":[[[126.99449137,37.54094183],[126.99453856,37.54086956],[126.99448742,37.5408484],[126.99444023,37.54092065],[126.99449137,37.54094183]]]}},{"type":"Feature","id":"seoul-building-60172","properties":{"id":"seoul-building-60172","sourceId":"1968199313084488135100000000","pnu":"1117013000102580244","name":"서울특별시 용산구 이태원동","address":"서울특별시 용산구 이태원동","useName":"제2종근린생활시설","floors":2.0,"height":6.3,"heightSource":"measured","heightRaw":6.3,"sourceDate":"2026-09-09"},"geometry":{"type":"Polygon","coordinates":[[[126.9930811,37.54157308],[126.99304162,37.54152388],[126.99294532,37.54158578],[126.99299691,37.54162903],[126.9930811,37.54157308]]]}},{"type":"Feature","id":"seoul-building-60173","properties":{"id":"seoul-building-60173","sourceId":"0000199321854487952100000000","pnu":"1117013000102580266","name":"서울특별시 용산구 이태원동","address":"서울특별시 용산구 이태원동","useName":"","floors":0.0,"height":0,"heightSource":"unknown","heightRaw":0.0,"sourceDate":"2026-09-09"},"geometry":{"type":"Polygon","coordinates":[[[126.99315806,37.54143577],[126.99312978,37.54137415],[126.99310274,37.54138486],[126.99309765,37.54137667],[126.99307094,37.54138459],[126.99310386,37.54145451],[126.99315806,37.54143577]]]}},{"type":"Feature","id":"seoul-building-60175","properties":{"id":"seoul-building-60175","sourceId":"1993199392974487000000000000","pnu":"1117013000102460009","name":"서울특별시 용산구 이태원동","address":"서울특별시 용산구 이태원동","useName":"단독주택","floors":2.0,"height":7.5,"heightSource":"measured","heightRaw":7.5,"sourceDate":"2026-09-09"},"geometry":{"type":"Polygon","coordinates":[[[126.99399455,37.5405623],[126.99396955,37.54052725],[126.993859,37.54052013],[126.99387654,37.54055247],[126.9938616,37.54055761],[126.99388276,37.54060023],[126.99399455,37.5405623]]]}},{"type":"Feature","id":"seoul-building-60176","properties":{"id":"seoul-building-60176","sourceId":"1965199424524487059600000000","pnu":"1117013000102450001","name":"서울특별시 용산구 이태원동","address":"서울특별시 용산구 이태원동","useName":"단독주택","floors":1.0,"height":4.2,"heightSource":"estimated","heightRaw":0.0,"sourceDate":"2026-09-09"},"geometry":{"type":"Polygon","coordinates":[[[126.99435934,37.54062502],[126.99424858,37.54054023],[126.99421146,37.5405743],[126.99421847,37.54057916],[126.99419573,37.54060178],[126.9943099,37.54067467],[126.99435934,37.54062502]]]}},{"type":"Feature","id":"seoul-building-60178","properties":{"id":"seoul-building-60178","sourceId":"1992199391274487656100000000","pnu":"1117013000102580181","name":"서울특별시 용산구 이태원동","address":"서울특별시 용산구 이태원동","useName":"단독주택","floors":2.0,"height":6.5,"heightSource":"measured","heightRaw":6.5,"sourceDate":"2026-09-09"},"geometry":{"type":"Polygon","coordinates":[[[126.99393215,37.54118768],[126.99395253,37.54112686],[126.99394257,37.54111812],[126.99389086,37.54110587],[126.99387378,37.54111182],[126.99386325,37.54112109],[126.99385974,37.54113533],[126.99385409,37.54113443],[126.99384548,37.5411693],[126.99393215,37.54118768]]]}},{"type":"Feature","id":"seoul-building-60179","properties":{"id":"seoul-building-60179","sourceId":"1975199413544487248500000000","pnu":"1117013000102580136","name":"서울특별시 용산구 이태원동","address":"서울특별시 용산구 이태원동","useName":"단독주택","floors":1.0,"height":4.2,"heightSource":"estimated","heightRaw":0.0,"sourceDate":"2026-09-09"},"geometry":{"type":"Polygon","coordinates":[[[126.99424279,37.54078414],[126.99420014,37.54072656],[126.99419143,37.54073071],[126.99418351,37.54072008],[126.99411958,37.54075017],[126.99411381,37.54074251],[126.99406287,37.54076647],[126.9941191,37.54084234],[126.99424279,37.54078414]]]}},{"type":"Feature","id":"seoul-building-60180","properties":{"id":"seoul-building-60180","sourceId":"1993199399814487181200000000","pnu":"1117013000102460001","name":"서울특별시 용산구 이태원동","address":"서울특별시 용산구 이태원동","useName":"단독주택","floors":2.0,"height":6.4,"heightSource":"measured","heightRaw":6.4,"sourceDate":"2026-09-09"},"geometry":{"type":"Polygon","coordinates":[[[126.99397689,37.54077007],[126.99405779,37.54073394],[126.99404093,37.54070205],[126.99403551,37.54070394],[126.99401649,37.5406679],[126.99393774,37.54069817],[126.99397689,37.54077007]]]}},{"type":"Feature","id":"seoul-building-60181","properties":{"id":"seoul-building-60181","sourceId":"1985199317344487879000000000","pnu":"1117013000102580236","name":"서울특별시 용산구 이태원동","address":"서울특별시 용산구 이태원동","useName":"단독주택","floors":2.0,"height":6.2,"heightSource":"measured","heightRaw":6.2,"sourceDate":"2026-09-09"},"geometry":{"type":"Polygon","coordinates":[[[126.99311677,37.54134639],[126.99309607,37.54131459],[126.99301267,37.54134377],[126.99303326,37.54138099],[126.99311677,37.54134639]]]}},{"type":"Feature","id":"seoul-building-60183","properties":{"id":"seoul-building-60183","sourceId":"1984199329534487836400000000","pnu":"1117013000102580215","name":"서울특별시 용산구 이태원동","address":"서울특별시 용산구 이태원동","useName":"단독주택","floors":2.0,"height":7.5,"heightSource":"measured","heightRaw":7.5,"sourceDate":"2026-09-09"},"geometry":{"type":"Polygon","coordinates":[[[126.99321646,37.5413382],[126.99321929,37.5413428],[126.99326308,37.5413255],[126.99324962,37.54130388],[126.99325754,37.54130072],[126.99323186,37.54125946],[126.99313545,37.54129756],[126.99317176,37.54135586],[126.99321646,37.5413382]]]}},{"type":"Feature","id":"seoul-building-60184","properties":{"id":"seoul-building-60184","sourceId":"1969199387014486907600000000","pnu":"1117013000102450014","name":"서울특별시 용산구 이태원동","address":"서울특별시 용산구 이태원동","useName":"단독주택","floors":2.0,"height":7.4,"heightSource":"estimated","heightRaw":0.0,"sourceDate":"2026-09-09"},"geometry":{"type":"Polygon","coordinates":[[[126.99382495,37.54050391],[126.99382845,37.5404985],[126.99386149,37.54051202],[126.99386545,37.54050598],[126.99389193,37.54051679],[126.99392577,37.54045328],[126.99385234,37.54042849],[126.99384226,37.54044291],[126.99382393,37.54043669],[126.9938168,37.54045003],[126.99379248,37.54044183],[126.99377505,37.54048354],[126.99382495,37.54050391]]]}},{"type":"Feature","id":"seoul-building-60185","properties":{"id":"seoul-building-60185","sourceId":"1997199309474487915400000000","pnu":"1117013000102580237","name":"서울특별시 용산구 이태원동","address":"서울특별시 용산구 이태원동","useName":"단독주택","floors":2.0,"height":7.4,"heightSource":"measured","heightRaw":7.4,"sourceDate":"2026-09-09"},"geometry":{"type":"Polygon","coordinates":[[[126.99299037,37.54141522],[126.99298619,37.54140189],[126.99300554,37.5413981],[126.99300237,37.5413881],[126.99302115,37.54138441],[126.99300328,37.54134152],[126.99296447,37.54135179],[126.99296436,37.54135179],[126.99293018,37.54135881],[126.99294251,37.54139693],[126.99294625,37.54139693],[126.99295405,37.54142234],[126.99299037,37.54141522]]]}},{"type":"Feature","id":"seoul-building-60186","properties":{"id":"seoul-building-60186","sourceId":"1998199279404488824700000000","pnu":"1117013000102580294","name":"서울특별시 용산구 이태원동","address":"서울특별시 용산구 이태원동","useName":"단독주택","floors":2.0,"height":8.45,"heightSource":"measured","heightRaw":8.45,"sourceDate":"2026-09-09"},"geometry":{"type":"Polygon","coordinates":[[[126.99263816,37.54222746],[126.9926806,37.54219132],[126.99259823,37.54217384],[126.99260976,37.54221168],[126.99263816,37.54222746]]]}},{"type":"Feature","id":"seoul-building-60190","properties":{"id":"seoul-building-60190","sourceId":"2008199138374489935500000000","pnu":"1117013000102600213","name":"서울특별시 용산구 이태원동","address":"서울특별시 용산구 이태원동","useName":"공동주택","floors":2.0,"height":5.25,"heightSource":"measured","heightRaw":5.25,"sourceDate":"2026-09-09"},"geometry":{"type":"Polygon","coordinates":[[[126.99097096,37.54314393],[126.99102187,37.54329872],[126.99106713,37.54328926],[126.99109748,37.54311762],[126.99097096,37.54314393]]]}},{"type":"Feature","id":"seoul-building-60192","properties":{"id":"seoul-building-60192","sourceId":"1963199164564489187200000000","pnu":"1117013000102600144","name":"서울특별시 용산구 이태원동","address":"서울특별시 용산구 이태원동","useName":"제2종근린생활시설","floors":2.0,"height":7.2,"heightSource":"measured","heightRaw":7.2,"sourceDate":"2026-09-09"},"geometry":{"type":"Polygon","coordinates":[[[126.99136922,37.54258363],[126.99141936,37.54252361],[126.99137251,37.54249874],[126.99136618,37.5425064],[126.99129433,37.54246828],[126.99124997,37.54252073],[126.99136922,37.54258363]]]}},{"type":"Feature","id":"seoul-building-60193","properties":{"id":"seoul-building-60193","sourceId":"1995199118834488929100000000","pnu":"1117013000102600218","name":"서울특별시 용산구 이태원동","address":"서울특별시 용산구 이태원동","useName":"공동주택","floors":3.0,"height":9.22,"heightSource":"measured","heightRaw":9.22,"sourceDate":"2026-09-09"},"geometry":{"type":"Polygon","coordinates":[[[126.99084772,37.54235986],[126.99084478,37.54234878],[126.99086877,37.54234473],[126.99086515,37.5423313],[126.99088325,37.54232824],[126.99085272,37.5422139],[126.9907837,37.54222561],[126.9907915,37.54225462],[126.99074499,37.54226255],[126.99075788,37.54231084],[126.99076762,37.54230922],[126.99078435,37.54236914],[126.99084772,37.54235986]]]}},{"type":"Feature","id":"seoul-building-60194","properties":{"id":"seoul-building-60194","sourceId":"0000199124594489252100000000","pnu":"1117013000102600217","name":"서울특별시 용산구 이태원동","address":"서울특별시 용산구 이태원동","useName":"제2종근린생활시설","floors":2.0,"height":9.1,"heightSource":"measured","heightRaw":9.1,"sourceDate":"2026-09-09"},"geometry":{"type":"Polygon","coordinates":[[[126.99098993,37.54261269],[126.99096379,37.54253088],[126.99091717,37.54254034],[126.99091457,37.54253241],[126.99084532,37.54254637],[126.99084091,37.54253276],[126.99077471,37.54254609],[126.99079235,37.54260132],[126.99080899,37.54259826],[126.99082348,37.54264764],[126.99098993,37.54261269]]]}},{"type":"Feature","id":"seoul-building-60200","properties":{"id":"seoul-building-60200","sourceId":"1983199464574488569600000000","pnu":"1117013000102590010","name":"서울특별시 용산구 이태원동","address":"서울특별시 용산구 이태원동","useName":"단독주택","floors":2.0,"height":7.5,"heightSource":"measured","heightRaw":7.5,"sourceDate":"2026-09-09"},"geometry":{"type":"Polygon","coordinates":[[[126.99481842,37.54197808],[126.99479127,37.54191249],[126.99465118,37.5419578],[126.99466034,37.54198041],[126.99464246,37.54198492],[126.9946583,37.54202412],[126.99481842,37.54197808]]]}},{"type":"Feature","id":"seoul-building-60204","properties":{"id":"seoul-building-60204","sourceId":"1979199132284489594300000000","pnu":"1117013000102600215","name":"서울특별시 용산구 이태원동","address":"서울특별시 용산구 이태원동","useName":"단독주택","floors":1.0,"height":6.25,"heightSource":"measured","heightRaw":6.25,"sourceDate":"2026-09-09"},"geometry":{"type":"Polygon","coordinates":[[[126.99091226,37.54296616],[126.99106117,37.5429348],[126.99102871,37.54282731],[126.99102158,37.54282875],[126.99101819,37.54281722],[126.99087889,37.54285073],[126.99091226,37.54296616]]]}},{"type":"Feature","id":"seoul-building-60211","properties":{"id":"seoul-building-60211","sourceId":"1975199144364489315600000000","pnu":"1117013000102600018","name":"화수목 레스토랑","address":"서울특별시 용산구 이태원동","useName":"제2종근린생활시설","floors":2.0,"height":6.0,"heightSource":"measured","heightRaw":6.0,"sourceDate":"2026-09-09"},"geometry":{"type":"Polygon","coordinates":[[[126.99116644,37.54264334],[126.99113195,37.54254297],[126.99100384,37.54257089],[126.99106256,37.5427283],[126.99109458,37.54272073],[126.99110091,37.54273758],[126.9911541,37.54272506],[126.99114754,37.54270758],[126.99120661,37.54269371],[126.991222,37.54265722],[126.99121374,37.54263299],[126.99116644,37.54264334]]]}},{"type":"Feature","id":"seoul-building-60226","properties":{"id":"seoul-building-60226","sourceId":"0000199585504488018800000000","pnu":"1117013000102580079","name":"서울특별시 용산구 이태원동","address":"서울특별시 용산구 이태원동","useName":"","floors":0.0,"height":0,"heightSource":"unknown","heightRaw":0.0,"sourceDate":"2026-09-09"},"geometry":{"type":"Polygon","coordinates":[[[126.99609029,37.54142384],[126.99603393,37.54147943],[126.99609243,37.54151844],[126.99616915,37.54147475],[126.99609029,37.54142384]]]}},{"type":"Feature","id":"seoul-building-60227","properties":{"id":"seoul-building-60227","sourceId":"0000199606454487675000000000","pnu":"1117013000102580012","name":"서울특별시 용산구 이태원동","address":"서울특별시 용산구 이태원동","useName":"","floors":0.0,"height":0,"heightSource":"unknown","heightRaw":0.0,"sourceDate":"2026-09-09"},"geometry":{"type":"Polygon","coordinates":[[[126.99636707,37.54114147],[126.99633618,37.54112957],[126.99630506,37.54118399],[126.99633041,37.54119922],[126.99636707,37.54114147]]]}},{"type":"Feature","id":"seoul-building-60228","properties":{"id":"seoul-building-60228","sourceId":"0000199590814487819100000000","pnu":"1117013000102580014","name":"서울특별시 용산구 이태원동","address":"서울특별시 용산구 이태원동","useName":"","floors":0.0,"height":0,"heightSource":"unknown","heightRaw":0.0,"sourceDate":"2026-09-09"},"geometry":{"type":"Polygon","coordinates":[[[126.99614948,37.54127183],[126.9961316,37.54129707],[126.99616418,37.54131445],[126.99618614,37.54128905],[126.99614948,37.54127183]]]}},{"type":"Feature","id":"seoul-building-60236","properties":{"id":"seoul-building-60236","sourceId":"2008199494344487325500000000","pnu":"1117013000100020003","name":"서울특별시 용산구 이태원동","address":"서울특별시 용산구 이태원동","useName":"","floors":0.0,"height":0,"heightSource":"unknown","heightRaw":0.0,"sourceDate":"2026-09-09"},"geometry":{"type":"Polygon","coordinates":[[[126.99504729,37.54081445],[126.99501764,37.54086905],[126.99507749,37.54089104],[126.99511608,37.54082076],[126.99509085,37.54081381],[126.99508814,37.54081734],[126.99506901,37.54081013],[126.99506505,37.54081896],[126.99504729,37.54081445]]]}},{"type":"Feature","id":"seoul-building-60242","properties":{"id":"seoul-building-60242","sourceId":"1987199322764488056000000000","pnu":"1117013000102580243","name":"서울특별시 용산구 이태원동","address":"서울특별시 용산구 이태원동","useName":"단독주택","floors":2.0,"height":6.15,"heightSource":"measured","heightRaw":6.15,"sourceDate":"2026-09-09"},"geometry":{"type":"Polygon","coordinates":[[[126.99319551,37.54151416],[126.99316949,37.54145839],[126.99307738,37.54148559],[126.99308541,37.54150271],[126.99305327,37.54151226],[126.99307556,37.54155452],[126.99319551,37.54151416]]]}},{"type":"Feature","id":"seoul-building-60243","properties":{"id":"seoul-building-60243","sourceId":"1965199378384487808000000000","pnu":"1117013000102580069","name":"서울특별시 용산구 이태원동","address":"서울특별시 용산구 이태원동","useName":"제2종근린생활시설","floors":2.0,"height":7.4,"heightSource":"estimated","heightRaw":0.0,"sourceDate":"2026-09-09"},"geometry":{"type":"Polygon","coordinates":[[[126.9938372,37.54134616],[126.99386041,37.54124796],[126.9936719,37.54121956],[126.99364858,37.54131795],[126.9938372,37.54134616]]]}},{"type":"Feature","id":"seoul-building-60244","properties":{"id":"seoul-building-60244","sourceId":"1993199388194487434800000000","pnu":"1117013000102580134","name":"서울특별시 용산구 이태원동","address":"서울특별시 용산구 이태원동","useName":"단독주택","floors":2.0,"height":7.2,"heightSource":"measured","heightRaw":7.2,"sourceDate":"2026-09-09"},"geometry":{"type":"Polygon","coordinates":[[[126.99386439,37.54101594],[126.99392777,37.5409445],[126.99392766,37.54092116],[126.99387142,37.54088819],[126.99386667,37.54089395],[126.99384325,37.54088116],[126.99383295,37.54088241],[126.99382864,37.54088512],[126.99382717,37.54088863],[126.9938274,37.54089161],[126.99382888,37.54089341],[126.99384223,37.54090441],[126.99381858,37.54092675],[126.99382535,37.54093125],[126.99380985,37.54094585],[126.99382377,37.54095521],[126.99380726,37.5409708],[126.99381913,37.54097874],[126.99381133,37.54098613],[126.99386439,37.54101594]]]}},{"type":"Feature","id":"seoul-building-60245","properties":{"id":"seoul-building-60245","sourceId":"1993199374684487158600000000","pnu":"1117013000102460014","name":"서울특별시 용산구 이태원동","address":"서울특별시 용산구 이태원동","useName":"단독주택","floors":2.0,"height":7.2,"heightSource":"measured","heightRaw":7.2,"sourceDate":"2026-09-09"},"geometry":{"type":"Polygon","coordinates":[[[126.99378317,37.54073041],[126.99375772,37.54064986],[126.99364593,37.54066634],[126.99366108,37.54074285],[126.99378317,37.54073041]]]}},{"type":"Feature","id":"seoul-building-60246","properties":{"id":"seoul-building-60246","sourceId":"1995199377494487487200000000","pnu":"1117013000102580155","name":"서울특별시 용산구 이태원동","address":"서울특별시 용산구 이태원동","useName":"단독주택","floors":2.0,"height":7.2,"heightSource":"measured","heightRaw":7.2,"sourceDate":"2026-09-09"},"geometry":{"type":"Polygon","coordinates":[[[126.9937216,37.54103036],[126.99372499,37.54102342],[126.99376889,37.54103712],[126.99377104,37.54103279],[126.99379854,37.54104136],[126.99381744,37.54100279],[126.99378791,37.5409936],[126.9938007,37.54096765],[126.99370735,37.54094044],[126.99367294,37.54101531],[126.9937216,37.54103036]]]}},{"type":"Feature","id":"seoul-building-60247","properties":{"id":"seoul-building-60247","sourceId":"1985199400174487621500000000","pnu":"1117013000102580107","name":"서울특별시 용산구 이태원동","address":"서울특별시 용산구 이태원동","useName":"단독주택","floors":1.0,"height":4.2,"heightSource":"estimated","heightRaw":0.0,"sourceDate":"2026-09-09"},"geometry":{"type":"Polygon","coordinates":[[[126.99405041,37.54110434],[126.99398116,37.54107938],[126.99395072,37.54112371],[126.99402166,37.54115129],[126.99405041,37.54110434]]]}},{"type":"Feature","id":"seoul-building-60248","properties":{"id":"seoul-building-60248","sourceId":"1995199403024487427600000000","pnu":"1117013000102580111","name":"서울특별시 용산구 이태원동","address":"서울특별시 용산구 이태원동","useName":"단독주택","floors":1.0,"height":4.5,"heightSource":"measured","heightRaw":4.5,"sourceDate":"2026-09-09"},"geometry":{"type":"Polygon","coordinates":[[[126.99400052,37.54095342],[126.99400674,37.54094712],[126.99401806,37.54095432],[126.99401217,37.54096027],[126.99404171,37.54097892],[126.99408188,37.54093856],[126.99402519,37.5409027],[126.99398242,37.54094198],[126.99400052,37.54095342]]]}},{"type":"Feature","id":"seoul-building-60249","properties":{"id":"seoul-building-60249","sourceId":"1993199380914487042800000000","pnu":"1117013000102460012","name":"서울특별시 용산구 이태원동","address":"서울특별시 용산구 이태원동","useName":"단독주택","floors":2.0,"height":6.5,"heightSource":"measured","heightRaw":6.5,"sourceDate":"2026-09-09"},"geometry":{"type":"Polygon","coordinates":[[[126.99383727,37.54061049],[126.99381566,37.54056274],[126.99379563,37.5405685],[126.99379247,37.54056148],[126.99377662,37.54056607],[126.99377289,37.54055787],[126.99373227,37.54056958],[126.99374686,37.54060148],[126.99374483,37.54060211],[126.99375897,37.5406331],[126.99383727,37.54061049]]]}},{"type":"Feature","id":"seoul-building-60251","properties":{"id":"seoul-building-60251","sourceId":"1973199310664487817900000000","pnu":"1117013000102580235","name":"서울특별시 용산구 이태원동","address":"서울특별시 용산구 이태원동","useName":"단독주택","floors":3.0,"height":8.6,"heightSource":"measured","heightRaw":8.6,"sourceDate":"2026-09-09"},"geometry":{"type":"Polygon","coordinates":[[[126.99305137,37.54132125],[126.99303441,37.54124863],[126.99292543,37.54126232],[126.9929415,37.54133485],[126.99305137,37.54132125]]]}},{"type":"Feature","id":"seoul-building-60252","properties":{"id":"seoul-building-60252","sourceId":"1975199369684486940900000000","pnu":"1117013000102450006","name":"서울특별시 용산구 이태원동","address":"서울특별시 용산구 이태원동","useName":"제2종근린생활시설","floors":2.0,"height":7.4,"heightSource":"estimated","heightRaw":0.0,"sourceDate":"2026-09-09"},"geometry":{"type":"Polygon","coordinates":[[[126.99366076,37.54055138],[126.99366427,37.54054247],[126.99370206,37.54055147],[126.99372696,37.54048543],[126.99367966,37.54047335],[126.9936868,37.5404556],[126.99362694,37.54044038],[126.99358642,37.54053291],[126.99366076,37.54055138]]]}},{"type":"Feature","id":"seoul-building-60253","properties":{"id":"seoul-building-60253","sourceId":"1993199389364487217700000000","pnu":"1117013000102460010","name":"서울특별시 용산구 이태원동","address":"서울특별시 용산구 이태원동","useName":"단독주택","floors":3.0,"height":9.8,"heightSource":"measured","heightRaw":9.8,"sourceDate":"2026-09-09"},"geometry":{"type":"Polygon","coordinates":[[[126.99389972,37.54080124],[126.99389654,37.54079584],[126.99395957,37.54077259],[126.99392291,37.54069546],[126.99389598,37.54070357],[126.99388795,37.54068798],[126.99380806,37.54071636],[126.9938213,37.54074528],[126.99380931,37.5407488],[126.9938437,37.54081944],[126.99389972,37.54080124]]]}},{"type":"Feature","id":"seoul-building-60254","properties":{"id":"seoul-building-60254","sourceId":"1994199379124487620700000000","pnu":"1117013000102580177","name":"서울특별시 용산구 이태원동","address":"서울특별시 용산구 이태원동","useName":"단독주택","floors":2.0,"height":7.3,"heightSource":"measured","heightRaw":7.3,"sourceDate":"2026-09-09"},"geometry":{"type":"Polygon","coordinates":[[[126.99382489,37.54115497],[126.99383044,37.54112434],[126.99382818,37.54112434],[126.99383678,37.54108992],[126.9937036,37.54107198],[126.99368934,37.54113956],[126.99382489,37.54115497]]]}},{"type":"Feature","id":"seoul-building-60255","properties":{"id":"seoul-building-60255","sourceId":"1993199383994487121400000000","pnu":"1117013000102460011","name":"서울특별시 용산구 이태원동","address":"서울특별시 용산구 이태원동","useName":"단독주택","floors":2.0,"height":7.6,"heightSource":"measured","heightRaw":7.6,"sourceDate":"2026-09-09"},"geometry":{"type":"Polygon","coordinates":[[[126.99387551,37.54067753],[126.99384247,37.5406214],[126.99376315,37.54065094],[126.99377808,37.54067617],[126.99377254,37.54067824],[126.99378872,37.54070582],[126.99387551,37.54067753]]]}},{"type":"Feature","id":"seoul-building-60257","properties":{"id":"seoul-building-60257","sourceId":"1985199309024488063600000000","pnu":"1117013000102580240","name":"서울특별시 용산구 이태원동","address":"서울특별시 용산구 이태원동","useName":"단독주택","floors":2.0,"height":7.4,"heightSource":"estimated","heightRaw":0.0,"sourceDate":"2026-09-09"},"geometry":{"type":"Polygon","coordinates":[[[126.99293084,37.54157586],[126.99306267,37.54149686],[126.99303042,37.5414628],[126.99300802,37.54147622],[126.99299003,37.54145712],[126.99293549,37.54148657],[126.99294058,37.54149243],[126.99290799,37.54151],[126.99288026,37.54152657],[126.99290798,37.54155361],[126.99293084,37.54157586]]]}},{"type":"Feature","id":"seoul-building-60258","properties":{"id":"seoul-building-60258","sourceId":"0000199295574488316600000000","pnu":"1117013000102580282","name":"서울특별시 용산구 이태원동","address":"서울특별시 용산구 이태원동","useName":"","floors":0.0,"height":0,"heightSource":"unknown","heightRaw":0.0,"sourceDate":"2026-09-09"},"geometry":{"type":"Polygon","coordinates":[[[126.99291464,37.54173804],[126.99290808,37.54173679],[126.99274062,37.54169839],[126.99272341,37.54174596],[126.99285693,37.54177652],[126.99285828,37.541773],[126.99290265,37.54177688],[126.99290807,37.5417594],[126.99291464,37.54173804]]]}},{"type":"Feature","id":"seoul-building-60259","properties":{"id":"seoul-building-60259","sourceId":"0000199301954488228800000000","pnu":"1117013000102580266","name":"서울특별시 용산구 이태원동","address":"서울특별시 용산구 이태원동","useName":"","floors":0.0,"height":0,"heightSource":"unknown","heightRaw":0.0,"sourceDate":"2026-09-09"},"geometry":{"type":"Polygon","coordinates":[[[126.99296149,37.54167606],[126.99292925,37.54164119],[126.99292099,37.54164596],[126.99290809,37.54163199],[126.99289372,37.54161948],[126.99287392,37.54162181],[126.99285808,37.54160875],[126.99281632,37.54164092],[126.99290253,37.54172039],[126.99290808,37.54171615],[126.99296149,37.54167606]]]}},{"type":"Feature","id":"seoul-building-60269","properties":{"id":"seoul-building-60269","sourceId":"1996199232684488371400000000","pnu":"1117013000102600029","name":"서울특별시 용산구 이태원동","address":"서울특별시 용산구 이태원동","useName":"단독주택","floors":3.0,"height":9.75,"heightSource":"measured","heightRaw":9.75,"sourceDate":"2026-09-09"},"geometry":{"type":"Polygon","coordinates":[[[126.99204879,37.54184377],[126.99207108,37.54183909],[126.99207187,37.54184143],[126.99209382,37.54183683],[126.99209756,37.54184828],[126.99212924,37.5418417],[126.99212822,37.54183855],[126.99219611,37.54182972],[126.99218639,37.5417826],[126.99218288,37.54178305],[126.99212077,37.54172863],[126.99204858,37.54173655],[126.99205038,37.54174664],[126.99202323,37.54176619],[126.99204879,37.54184377]]]}},{"type":"Feature","id":"seoul-building-60273","properties":{"id":"seoul-building-60273","sourceId":"0000199241384488284400000000","pnu":"1117013000102580312","name":"서울특별시 용산구 이태원동","address":"서울특별시 용산구 이태원동","useName":"","floors":0.0,"height":0,"heightSource":"unknown","heightRaw":0.0,"sourceDate":"2026-09-09"},"geometry":{"type":"Polygon","coordinates":[[[126.99212541,37.54172944],[126.99218017,37.54177738],[126.99222124,37.54175567],[126.99220574,37.5417371],[126.99227681,37.54169962],[126.9922733,37.54168548],[126.99225101,37.54164835],[126.99223857,37.54165303],[126.99223755,37.54165141],[126.99222952,37.54165403],[126.99212541,37.54172944]]]}},{"type":"Feature","id":"seoul-building-60276","properties":{"id":"seoul-building-60276","sourceId":"1998199216244486885600000000","pnu":"1117013000102470019","name":"서울특별시 용산구 이태원동","address":"서울특별시 용산구 이태원동","useName":"단독주택","floors":3.0,"height":10.2,"heightSource":"measured","heightRaw":10.2,"sourceDate":"2026-09-09"},"geometry":{"type":"Polygon","coordinates":[[[126.99178699,37.54044224],[126.99187548,37.5404646],[126.9918723,37.54047252],[126.99202823,37.54051182],[126.99203943,37.54048353],[126.99202653,37.54048029],[126.99203411,37.54044893],[126.99191813,37.5404164],[126.99191576,37.54042207],[126.991806,37.5403944],[126.99178699,37.54044224]]]}},{"type":"Feature","id":"seoul-building-60279","properties":{"id":"seoul-building-60279","sourceId":"1990199075774488361900000000","pnu":"1117013000102600157","name":"서울특별시 용산구 이태원동","address":"서울특별시 용산구 이태원동","useName":"단독주택","floors":2.0,"height":7.7,"heightSource":"measured","heightRaw":7.7,"sourceDate":"2026-09-09"},"geometry":{"type":"Polygon","coordinates":[[[126.99030296,37.54183147],[126.99030285,37.54182922],[126.99034041,37.54182787],[126.9903403,37.54182661],[126.9903928,37.54182472],[126.99039971,37.54181499],[126.99040096,37.54173354],[126.9903162,37.54173272],[126.9903161,37.54174191],[126.99025804,37.54174137],[126.99025714,37.54179822],[126.99026483,37.54179831],[126.99026426,37.54183282],[126.99030296,37.54183147]]]}},{"type":"Feature","id":"seoul-building-60280","properties":{"id":"seoul-building-60280","sourceId":"1990199106924488039600000000","pnu":"1117013000102600134","name":"서울특별시 용산구 이태원동","address":"서울특별시 용산구 이태원동","useName":"단독주택","floors":2.0,"height":7.1,"heightSource":"measured","heightRaw":7.1,"sourceDate":"2026-09-09"},"geometry":{"type":"Polygon","coordinates":[[[126.99078243,37.54149273],[126.99075368,37.54146741],[126.99076568,37.54145885],[126.99075844,37.54145237],[126.99077371,37.54144138],[126.99073989,37.54140569],[126.99057094,37.54150119],[126.99060567,37.54154021],[126.99061065,37.54153733],[126.99064313,37.54157373],[126.99078243,37.54149273]]]}},{"type":"Feature","id":"seoul-building-60281","properties":{"id":"seoul-building-60281","sourceId":"1991199087414488349000000000","pnu":"1117013000102600156","name":"서울특별시 용산구 이태원동","address":"서울특별시 용산구 이태원동","useName":"단독주택","floors":2.0,"height":7.8,"heightSource":"measured","heightRaw":7.8,"sourceDate":"2026-09-09"},"geometry":{"type":"Polygon","coordinates":[[[126.99044384,37.54180959],[126.99044395,37.54180463],[126.99051625,37.54180545],[126.99051694,37.54176563],[126.99050777,37.54176554],[126.99050834,37.54173346],[126.9904641,37.54173292],[126.99046421,37.5417313],[126.99041408,37.54173075],[126.99041227,37.54180923],[126.99044384,37.54180959]]]}},{"type":"Feature","id":"seoul-building-60291","properties":{"id":"seoul-building-60291","sourceId":"1990199323814487080000000000","pnu":"1117013000102470038","name":"서울특별시 용산구 이태원동","address":"서울특별시 용산구 이태원동","useName":"단독주택","floors":2.0,"height":7.0,"heightSource":"measured","heightRaw":7.0,"sourceDate":"2026-09-09"},"geometry":{"type":"Polygon","coordinates":[[[126.99313913,37.54067776],[126.99314082,37.54066614],[126.9931776,37.54066965],[126.99318247,37.54063749],[126.99318858,37.54063803],[126.99319175,37.54061767],[126.99317273,37.5405992],[126.99315236,37.54059793],[126.99315474,37.54057261],[126.99310654,37.54056973],[126.99309023,37.54067307],[126.99313913,37.54067776]]]}},{"type":"Feature","id":"seoul-building-60292","properties":{"id":"seoul-building-60292","sourceId":"1990199316334487057800000000","pnu":"1117013000102470026","name":"서울특별시 용산구 이태원동","address":"서울특별시 용산구 이태원동","useName":"단독주택","floors":3.0,"height":8.8,"heightSource":"measured","heightRaw":8.8,"sourceDate":"2026-09-09"},"geometry":{"type":"Polygon","coordinates":[[[126.99308165,37.5406719],[126.99308458,37.54061027],[126.99309465,37.54061063],[126.99309772,37.54054666],[126.99302858,37.54054459],[126.99302801,37.54055666],[126.99301613,37.5405563],[126.9930107,37.54066982],[126.99308165,37.5406719]]]}},{"type":"Feature","id":"seoul-building-60294","properties":{"id":"seoul-building-60294","sourceId":"1976199253144487731200000000","pnu":"1117013000102580332","name":"서울특별시 용산구 이태원동","address":"서울특별시 용산구 이태원동","useName":"단독주택","floors":1.0,"height":4.2,"heightSource":"estimated","heightRaw":0.0,"sourceDate":"2026-09-09"},"geometry":{"type":"Polygon","coordinates":[[[126.99237835,37.54124309],[126.99239001,37.54120021],[126.99229655,37.54118407],[126.99228489,37.54122705],[126.99237835,37.54124309]]]}},{"type":"Feature","id":"seoul-building-60295","properties":{"id":"seoul-building-60295","sourceId":"1979199261704487685600000000","pnu":"1117013000102580338","name":"서울특별시 용산구 이태원동","address":"서울특별시 용산구 이태원동","useName":"단독주택","floors":1.0,"height":4.2,"heightSource":"estimated","heightRaw":0.0,"sourceDate":"2026-09-09"},"geometry":{"type":"Polygon","coordinates":[[[126.9924846,37.54119292],[126.99247556,37.54114408],[126.99242147,37.54115039],[126.99242032,37.54114429],[126.99238582,37.54114837],[126.992396,37.54120336],[126.9924846,37.54119292]]]}},{"type":"Feature","id":"seoul-building-60296","properties":{"id":"seoul-building-60296","sourceId":"1992199250354487505000000000","pnu":"1117013000102580344","name":"서울특별시 용산구 이태원동","address":"서울특별시 용산구 이태원동","useName":"단독주택","floors":3.0,"height":9.8,"heightSource":"measured","heightRaw":9.8,"sourceDate":"2026-09-09"},"geometry":{"type":"Polygon","coordinates":[[[126.9922805,37.5410519],[126.99228027,37.54105721],[126.99236298,37.54105983],[126.9923631,37.54105767],[126.99237226,37.54105803],[126.99239772,37.5410456],[126.99240904,37.54102748],[126.99241221,37.54097036],[126.99220741,37.54096107],[126.99220242,37.54104946],[126.9922805,37.5410519]]]}},{"type":"Feature","id":"seoul-building-60316","properties":{"id":"seoul-building-60316","sourceId":"1985199298494487953900000000","pnu":"1117013000102580238","name":"서울특별시 용산구 이태원동","address":"서울특별시 용산구 이태원동","useName":"제2종근린생활시설","floors":2.0,"height":6.9,"heightSource":"measured","heightRaw":6.9,"sourceDate":"2026-09-09"},"geometry":{"type":"Polygon","coordinates":[[[126.99294726,37.54140468],[126.99292464,37.54136818],[126.992908,37.54137476],[126.99280775,37.5414007],[126.99281035,37.54140692],[126.99279157,37.54141178],[126.99279281,37.54141494],[126.99275479,37.54142945],[126.99275751,37.54143412],[126.99275637,37.54143448],[126.99277391,37.54146368],[126.99289046,37.54141936],[126.99289419,37.54142557],[126.992908,37.54142017],[126.99294726,37.54140468]]]}},{"type":"Feature","id":"seoul-building-60317","properties":{"id":"seoul-building-60317","sourceId":"1997199301644487997400000000","pnu":"1117013000102580239","name":"서울특별시 용산구 이태원동","address":"서울특별시 용산구 이태원동","useName":"단독주택","floors":2.0,"height":7.15,"heightSource":"measured","heightRaw":7.15,"sourceDate":"2026-09-09"},"geometry":{"type":"Polygon","coordinates":[[[126.99293742,37.54141125],[126.992908,37.54142287],[126.99281068,37.54146125],[126.99283455,37.5414955],[126.99287789,37.54147639],[126.99288027,37.54147991],[126.99290799,37.54146765],[126.99295982,37.5414472],[126.99293742,37.54141125]]]}},{"type":"Feature","id":"seoul-building-60318","properties":{"id":"seoul-building-60318","sourceId":"1994199298974487830700000000","pnu":"1117013000102580233","name":"서울특별시 용산구 이태원동","address":"서울특별시 용산구 이태원동","useName":"제2종근린생활시설","floors":3.0,"height":9.1,"heightSource":"measured","heightRaw":9.1,"sourceDate":"2026-09-09"},"geometry":{"type":"Polygon","coordinates":[[[126.99292249,37.54132106],[126.99290802,37.54125403],[126.99290745,37.54125159],[126.99286659,37.54125754],[126.9928657,37.54125393],[126.99280821,37.5412624],[126.99281714,37.54130124],[126.99278762,37.54130555],[126.99279463,37.54133529],[126.99280265,37.5413343],[126.99280889,37.54135917],[126.99285176,37.54135241],[126.99285087,37.54134881],[126.99289126,37.54134241],[126.99288718,37.54132592],[126.99290801,37.54132304],[126.99292249,37.54132106]]]}},{"type":"Feature","id":"seoul-building-60322","properties":{"id":"seoul-building-60322","sourceId":"1979199282184488245000000000","pnu":"1117013000102580324","name":"서울특별시 용산구 이태원동","address":"서울특별시 용산구 이태원동","useName":"단독주택","floors":2.0,"height":7.4,"heightSource":"estimated","heightRaw":0.0,"sourceDate":"2026-09-09"},"geometry":{"type":"Polygon","coordinates":[[[126.99259488,37.54168802],[126.99271266,37.54172948],[126.99272523,37.54165992],[126.99263551,37.54162396],[126.99259488,37.54168802]]]}},{"type":"Feature","id":"seoul-building-60323","properties":{"id":"seoul-building-60323","sourceId":"1988199281754488049800000000","pnu":"1117013000102580231","name":"서울특별시 용산구 이태원동","address":"서울특별시 용산구 이태원동","useName":"제1종근린생활시설","floors":4.0,"height":12.45,"heightSource":"measured","heightRaw":12.45,"sourceDate":"2026-09-09"},"geometry":{"type":"Polygon","coordinates":[[[126.99267546,37.54156396],[126.99272876,37.54150711],[126.99266201,37.54143773],[126.99258596,37.54147232],[126.99260418,37.54148935],[126.99261787,37.54148593],[126.99264491,37.54151711],[126.992619,37.5415244],[126.99261006,37.5415399],[126.99267546,37.54156396]]]}},{"type":"Feature","id":"seoul-building-60324","properties":{"id":"seoul-building-60324","sourceId":"2006199237144487890700000000","pnu":"1117013000102600033","name":"서울특별시 용산구 이태원동","address":"서울특별시 용산구 이태원동","useName":"제2종근린생활시설","floors":3.0,"height":7.9,"heightSource":"measured","heightRaw":7.9,"sourceDate":"2026-09-09"},"geometry":{"type":"Polygon","coordinates":[[[126.99217986,37.54139255],[126.9921836,37.54136913],[126.99219503,37.5413703],[126.99220137,37.54133075],[126.99211866,37.54132741],[126.99211605,37.54136894],[126.9921242,37.5413693],[126.99212148,37.54138669],[126.99217986,37.54139255]]]}},{"type":"Feature","id":"seoul-building-60325","properties":{"id":"seoul-building-60325","sourceId":"2006199245424487912700000000","pnu":"1117013000102580328","name":"서울특별시 용산구 이태원동","address":"서울특별시 용산구 이태원동","useName":"제2종근린생활시설","floors":3.0,"height":9.1,"heightSource":"measured","heightRaw":9.1,"sourceDate":"2026-09-09"},"geometry":{"type":"Polygon","coordinates":[[[126.99227264,37.5414104],[126.99227706,37.54139175],[126.99230535,37.54139455],[126.99231101,37.54135932],[126.99220725,37.54134489],[126.99219446,37.5413985],[126.99227264,37.5414104]]]}},{"type":"Feature","id":"seoul-building-60326","properties":{"id":"seoul-building-60326","sourceId":"2003199395934487328500000000","pnu":"1117013000102580112","name":"서울특별시 용산구 이태원동","address":"서울특별시 용산구 이태원동","useName":"단독주택","floors":3.0,"height":9.15,"heightSource":"measured","heightRaw":9.15,"sourceDate":"2026-09-09"},"geometry":{"type":"Polygon","coordinates":[[[126.99391748,37.54088287],[126.99392732,37.54087873],[126.99394315,37.54090287],[126.99399216,37.54087224],[126.99398671,37.54085828],[126.99401026,37.54084215],[126.99397676,37.5408016],[126.99389235,37.54084485],[126.99391748,37.54088287]]]}},{"type":"Feature","id":"seoul-building-60362","properties":{"id":"seoul-building-60362","sourceId":"1965199145634489501300000000","pnu":"1117013000102600017","name":"서울특별시 용산구 이태원동","address":"서울특별시 용산구 이태원동","useName":"단독주택","floors":1.0,"height":4.2,"heightSource":"estimated","heightRaw":0.0,"sourceDate":"2026-09-09"},"geometry":{"type":"Polygon","coordinates":[[[126.99105587,37.54279839],[126.99108223,37.54286066],[126.99119109,37.54283138],[126.99117717,37.5427984],[126.99115919,37.54275606],[126.99105033,37.54278524],[126.99105587,37.54279839]]]}},{"type":"Feature","id":"seoul-building-60393","properties":{"id":"seoul-building-60393","sourceId":"0000199074354489766600000000","pnu":"1117013000102610005","name":"서울특별시 용산구 이태원동","address":"서울특별시 용산구 이태원동","useName":"","floors":0.0,"height":0,"heightSource":"unknown","heightRaw":0.0,"sourceDate":"2026-09-09"},"geometry":{"type":"Polygon","coordinates":[[[126.99035429,37.54297746],[126.99022064,37.54307764],[126.99027801,37.54311495],[126.99040453,37.5430199],[126.99035429,37.54297746]]]}},{"type":"Feature","id":"seoul-building-60395","properties":{"id":"seoul-building-60395","sourceId":"1999199188314488168100000000","pnu":"1117013000102600062","name":"서울특별시 용산구 이태원동","address":"서울특별시 용산구 이태원동","useName":"단독주택","floors":1.0,"height":3.0,"heightSource":"measured","heightRaw":3.0,"sourceDate":"2026-09-09"},"geometry":{"type":"Polygon","coordinates":[[[126.99160028,37.54155902],[126.99154189,37.54160893],[126.9916074,37.54165768],[126.99166522,37.54160083],[126.99160028,37.54155902]]]}},{"type":"Feature","id":"seoul-building-60396","properties":{"id":"seoul-building-60396","sourceId":"2004199184844488019300000000","pnu":"1117013000102600060","name":"서울특별시 용산구 이태원동","address":"서울특별시 용산구 이태원동","useName":"공동주택","floors":3.0,"height":11.8,"heightSource":"measured","heightRaw":11.8,"sourceDate":"2026-09-09"},"geometry":{"type":"Polygon","coordinates":[[[126.9917002,37.54147019],[126.9916597,37.54145],[126.99140659,37.54140448],[126.99139572,37.54144287],[126.99142887,37.54146242],[126.99147085,37.54147044],[126.99147175,37.54148514],[126.99155967,37.54150189],[126.99156306,37.54151153],[126.99159463,37.54153163],[126.99163785,37.54154064],[126.99163445,37.54155091],[126.99168051,37.54155254],[126.9917002,37.54147019]]]}},{"type":"Feature","id":"seoul-building-60397","properties":{"id":"seoul-building-60397","sourceId":"2005199162164488024200000000","pnu":"1117013000102600234","name":"서울특별시 용산구 이태원동","address":"서울특별시 용산구 이태원동","useName":"단독주택","floors":2.0,"height":4.3,"heightSource":"measured","heightRaw":4.3,"sourceDate":"2026-09-09"},"geometry":{"type":"Polygon","coordinates":[[[126.99139933,37.54147341],[126.99135781,37.54145332],[126.99127035,37.54142583],[126.99123979,37.5414543],[126.99124397,37.54151827],[126.99128176,37.54152296],[126.99132069,37.54151107],[126.99134841,37.54149873],[126.99139922,37.54150548],[126.99139933,37.54147341]]]}},{"type":"Feature","id":"seoul-building-60398","properties":{"id":"seoul-building-60398","sourceId":"2005199151404487976800000000","pnu":"1117013000102600119","name":"서울특별시 용산구 이태원동","address":"서울특별시 용산구 이태원동","useName":"공동주택","floors":3.0,"height":9.85,"heightSource":"estimated","heightRaw":0.0,"sourceDate":"2026-09-09"},"geometry":{"type":"Polygon","coordinates":[[[126.99113682,37.54150186],[126.99119883,37.54151214],[126.99121434,37.54145295],[126.99122576,37.54145484],[126.99123662,37.54141475],[126.99124817,37.54141159],[126.99125214,37.54137934],[126.99116116,37.54136429],[126.99112788,37.54149114],[126.9911392,37.54149303],[126.99113682,37.54150186]]]}},{"type":"Feature","id":"seoul-building-60399","properties":{"id":"seoul-building-60399","sourceId":"2004199141184487966100000000","pnu":"1117013000102600118","name":"이태원빌라","address":"서울특별시 용산구 이태원동","useName":"공동주택","floors":3.0,"height":7.9,"heightSource":"measured","heightRaw":7.9,"sourceDate":"2026-09-09"},"geometry":{"type":"Polygon","coordinates":[[[126.99112597,37.54142654],[126.99113412,37.54139726],[126.99111669,37.54137032],[126.99099923,37.54141274],[126.99101112,37.54144878],[126.99102842,37.54147852],[126.99113502,37.54144447],[126.99112597,37.54142654]]]}},{"type":"Feature","id":"seoul-building-60400","properties":{"id":"seoul-building-60400","sourceId":"0000199406334487141800000000","pnu":"1117013000102450001","name":"서울특별시 용산구 이태원동","address":"서울특별시 용산구 이태원동","useName":"","floors":0.0,"height":0,"heightSource":"unknown","heightRaw":0.0,"sourceDate":"2026-09-09"},"geometry":{"type":"Polygon","coordinates":[[[126.99407873,37.54063493],[126.9940148,37.54066078],[126.99406672,37.54073043],[126.99412466,37.54070701],[126.99407873,37.54063493]]]}},{"type":"Feature","id":"seoul-building-60401","properties":{"id":"seoul-building-60401","sourceId":"1995199454294487525800000000","pnu":"1117013000104570010","name":"서울특별시 용산구 이태원동","address":"서울특별시 용산구 이태원동","useName":"단독주택","floors":2.0,"height":5.8,"heightSource":"measured","heightRaw":5.8,"sourceDate":"2026-09-09"},"geometry":{"type":"Polygon","coordinates":[[[126.99454816,37.54101418],[126.99459354,37.54107599],[126.99468134,37.54103517],[126.99464876,37.54099076],[126.99461651,37.54100571],[126.99460384,37.54098833],[126.99454816,37.54101418]]]}},{"type":"Feature","id":"seoul-building-60402","properties":{"id":"seoul-building-60402","sourceId":"1960199467684487542200000000","pnu":"1117013000102580113","name":"서울특별시 용산구 이태원동","address":"서울특별시 용산구 이태원동","useName":"단독주택","floors":1.0,"height":3.0,"heightSource":"measured","heightRaw":3.0,"sourceDate":"2026-09-09"},"geometry":{"type":"Polygon","coordinates":[[[126.99469695,37.54108915],[126.99484529,37.54107411],[126.99483297,37.54099779],[126.99468462,37.54101283],[126.99469695,37.54108915]]]}},{"type":"Feature","id":"seoul-building-60404","properties":{"id":"seoul-building-60404","sourceId":"1993199189084488453900000000","pnu":"1117013000102600056","name":"서울특별시 용산구 이태원동","address":"서울특별시 용산구 이태원동","useName":"단독주택","floors":2.0,"height":7.9,"heightSource":"measured","heightRaw":7.9,"sourceDate":"2026-09-09"},"geometry":{"type":"Polygon","coordinates":[[[126.99167097,37.54190609],[126.99168851,37.54184365],[126.99155715,37.54182031],[126.99153779,37.54188951],[126.99167097,37.54190609]]]}},{"type":"Feature","id":"seoul-building-60412","properties":{"id":"seoul-building-60412","sourceId":"1969199096514488440200000000","pnu":"1117013000102600154","name":"서울특별시 용산구 이태원동","address":"서울특별시 용산구 이태원동","useName":"단독주택","floors":2.0,"height":7.4,"heightSource":"estimated","heightRaw":0.0,"sourceDate":"2026-09-09"},"geometry":{"type":"Polygon","coordinates":[[[126.99063358,37.54186015],[126.9906191,37.54183718],[126.99061684,37.54183808],[126.9906044,37.54181834],[126.99059817,37.54181483],[126.99059105,37.54181285],[126.99058222,37.54181167],[126.99057453,37.54181212],[126.99049939,37.5418405],[126.99053457,37.54189952],[126.99063358,37.54186015]]]}},{"type":"Feature","id":"seoul-building-60415","properties":{"id":"seoul-building-60415","sourceId":"1991199114754488108000000000","pnu":"1117013000102600131","name":"서울특별시 용산구 이태원동","address":"서울특별시 용산구 이태원동","useName":"단독주택","floors":2.0,"height":7.3,"heightSource":"measured","heightRaw":7.3,"sourceDate":"2026-09-09"},"geometry":{"type":"Polygon","coordinates":[[[126.99082631,37.54155996],[126.99081852,37.54155131],[126.99085892,37.54152806],[126.99082813,37.54149427],[126.99078988,37.54151518],[126.99078345,37.54150815],[126.99068646,37.54156399],[126.99073217,37.54161427],[126.99082631,37.54155996]]]}},{"type":"Feature","id":"seoul-building-60454","properties":{"id":"seoul-building-60454","sourceId":"1967199608604487794800000000","pnu":"1117013000102580012","name":"서울특별시 용산구 이태원동","address":"서울특별시 용산구 이태원동","useName":"제2종근린생활시설","floors":2.0,"height":7.4,"heightSource":"estimated","heightRaw":0.0,"sourceDate":"2026-09-09"},"geometry":{"type":"Polygon","coordinates":[[[126.9962831,37.54133276],[126.99628865,37.54132861],[126.99631478,37.5413514],[126.99631818,37.54134888],[126.996333,37.54136176],[126.99648135,37.54125419],[126.9963931,37.54117715],[126.99623547,37.5412914],[126.9962831,37.54133276]]]}},{"type":"Feature","id":"seoul-building-60455","properties":{"id":"seoul-building-60455","sourceId":"0000199590484486859700000000","pnu":"1117013000100060012","name":"서울특별시 용산구 이태원동","address":"서울특별시 용산구 이태원동","useName":"","floors":0.0,"height":0,"heightSource":"unknown","heightRaw":0.0,"sourceDate":"2026-09-09"},"geometry":{"type":"Polygon","coordinates":[[[126.99617894,37.54044914],[126.99618855,37.54042103],[126.99612983,37.54040823],[126.99612056,37.54043625],[126.99617894,37.54044914]]]}},{"type":"Feature","id":"seoul-building-60456","properties":{"id":"seoul-building-60456","sourceId":"1968199603574487206600000000","pnu":"1117013000102580009","name":"서울특별시 용산구 이태원동","address":"서울특별시 용산구 이태원동","useName":"제2종근린생활시설","floors":2.0,"height":9.3,"heightSource":"measured","heightRaw":9.3,"sourceDate":"2026-09-09"},"geometry":{"type":"Polygon","coordinates":[[[126.99638044,37.54082603],[126.99635748,37.54064457],[126.99629208,37.54064988],[126.99629276,37.54065493],[126.99622475,37.54066033],[126.99624466,37.54083314],[126.99638044,37.54082603]]]}},{"type":"Feature","id":"seoul-building-60457","properties":{"id":"seoul-building-60457","sourceId":"0000199592844486800800000000","pnu":"1117013000100060012","name":"서울특별시 용산구 이태원동","address":"서울특별시 용산구 이태원동","useName":"","floors":0.0,"height":0,"heightSource":"unknown","heightRaw":0.0,"sourceDate":"2026-09-09"},"geometry":{"type":"Polygon","coordinates":[[[126.9961528,37.54040742],[126.99620169,37.54041481],[126.99620213,37.54034173],[126.99617158,37.54032786],[126.9961528,37.54040742]]]}},{"type":"Feature","id":"seoul-building-60458","properties":{"id":"seoul-building-60458","sourceId":"1966199620734487578100000000","pnu":"1117013000102580011","name":"서울특별시 용산구 이태원동","address":"서울특별시 용산구 이태원동","useName":"단독주택","floors":2.0,"height":7.4,"heightSource":"estimated","heightRaw":0.0,"sourceDate":"2026-09-09"},"geometry":{"type":"Polygon","coordinates":[[[126.996418,37.54108029],[126.99640589,37.54112498],[126.9965351,37.541154],[126.99657336,37.54101336],[126.99646903,37.54099542],[126.9964447,37.54108489],[126.996418,37.54108029]]]}},{"type":"Feature","id":"seoul-building-60467","properties":{"id":"seoul-building-60467","sourceId":"1985199095994489858400000000","pnu":"1117013000102610050","name":"서울특별시 용산구 이태원동","address":"서울특별시 용산구 이태원동","useName":"단독주택","floors":2.0,"height":7.4,"heightSource":"estimated","heightRaw":0.0,"sourceDate":"2026-09-09"},"geometry":{"type":"Polygon","coordinates":[[[126.99053531,37.54317884],[126.99055771,37.54318759],[126.99059144,37.54314254],[126.99059394,37.54308929],[126.99058511,37.54307839],[126.99055275,37.54307307],[126.99053883,37.54310172],[126.99054437,37.54310343],[126.99052558,37.5431419],[126.99051744,37.54313875],[126.99051121,37.54315479],[126.99051676,37.54315695],[126.99053531,37.54317884]]]}},{"type":"Feature","id":"seoul-building-60469","properties":{"id":"seoul-building-60469","sourceId":"1976199091074490347400000000","pnu":"1117013000102620056","name":"서울특별시 용산구 이태원동","address":"서울특별시 용산구 이태원동","useName":"단독주택","floors":2.0,"height":7.4,"heightSource":"estimated","heightRaw":0.0,"sourceDate":"2026-09-09"},"geometry":{"type":"Polygon","coordinates":[[[126.99047247,37.54350465],[126.99042641,37.54358925],[126.99054634,37.54363061],[126.99057917,37.54357682],[126.99055744,37.54356845],[126.99056582,37.54355448],[126.99051965,37.54353672],[126.9905269,37.54352338],[126.99047247,37.54350465]]]}},{"type":"Feature","id":"seoul-building-60470","properties":{"id":"seoul-building-60470","sourceId":"1988199090824488986500000000","pnu":"1117013000102600271","name":"서울특별시 용산구 이태원동","address":"서울특별시 용산구 이태원동","useName":"단독주택","floors":3.0,"height":11.3,"heightSource":"measured","heightRaw":11.3,"sourceDate":"2026-09-09"},"geometry":{"type":"Polygon","coordinates":[[[126.99052636,37.54240904],[126.99053688,37.54241281],[126.9905602,37.54237156],[126.99053532,37.54228028],[126.99048598,37.54228668],[126.99048463,37.54228181],[126.99043335,37.54229064],[126.99045157,37.54235748],[126.99046085,37.54235587],[126.99047872,37.54241912],[126.99052636,37.54240904]]]}},{"type":"Feature","id":"seoul-building-60483","properties":{"id":"seoul-building-60483","sourceId":"1988199223284487810000000000","pnu":"1117013000102600035","name":"서울특별시 용산구 이태원동","address":"서울특별시 용산구 이태원동","useName":"단독주택","floors":2.0,"height":7.3,"heightSource":"measured","heightRaw":7.3,"sourceDate":"2026-09-09"},"geometry":{"type":"Polygon","coordinates":[[[126.99205416,37.54132046],[126.9920648,37.54126307],[126.99194283,37.54124874],[126.99193615,37.54130659],[126.99205416,37.54132046]]]}},{"type":"Feature","id":"seoul-building-60487","properties":{"id":"seoul-building-60487","sourceId":"1982199235224486468200000000","pnu":"1117013000102110033","name":".","address":"서울특별시 용산구 이태원동","useName":"제2종근린생활시설","floors":2.0,"height":8.0,"heightSource":"measured","heightRaw":8.0,"sourceDate":"2026-09-09"},"geometry":{"type":"Polygon","coordinates":[[[126.99219459,37.54013683],[126.99219901,37.540128],[126.99222243,37.5401371],[126.99222458,37.54013359],[126.99222786,37.540129],[126.99222854,37.54012089],[126.99222096,37.54008413],[126.99223205,37.54006034],[126.99207094,37.54001086],[126.99205023,37.54005366],[126.99203676,37.54004996],[126.99202227,37.54008222],[126.99219459,37.54013683]]]}},{"type":"Feature","id":"seoul-building-60488","properties":{"id":"seoul-building-60488","sourceId":"1993199209604487756100000000","pnu":"1117013000102600038","name":"서울특별시 용산구 이태원동","address":"서울특별시 용산구 이태원동","useName":"제1종근린생활시설","floors":3.0,"height":10.2,"heightSource":"measured","heightRaw":10.2,"sourceDate":"2026-09-09"},"geometry":{"type":"Polygon","coordinates":[[[126.99191895,37.54127325],[126.99191975,37.54124099],[126.99190572,37.54123388],[126.99188162,37.54123378],[126.9918814,37.54119288],[126.99178509,37.54119134],[126.99179007,37.54127414],[126.99191895,37.54127325]]]}},{"type":"Feature","id":"seoul-building-60489","properties":{"id":"seoul-building-60489","sourceId":"2000199291774487756200000000","pnu":"1117013000102580230","name":"서울특별시 용산구 이태원동","address":"서울특별시 용산구 이태원동","useName":"단독주택","floors":2.0,"height":6.3,"heightSource":"measured","heightRaw":6.3,"sourceDate":"2026-09-09"},"geometry":{"type":"Polygon","coordinates":[[[126.99272515,37.54127113],[126.99279519,37.54126438],[126.992796,37.54123438],[126.99285223,37.54123033],[126.99284951,37.54120672],[126.99271735,37.54121933],[126.99272515,37.54127113]]]}},{"type":"Feature","id":"seoul-building-60490","properties":{"id":"seoul-building-60490","sourceId":"1994199372874487061300000000","pnu":"1117013000102460013","name":"서울특별시 용산구 이태원동","address":"서울특별시 용산구 이태원동","useName":"단독주택","floors":2.0,"height":7.7,"heightSource":"measured","heightRaw":7.7,"sourceDate":"2026-09-09"},"geometry":{"type":"Polygon","coordinates":[[[126.99373769,37.54064373],[126.99373351,37.54057499],[126.99364763,37.54057823],[126.99364797,37.54064284],[126.99373769,37.54064373]]]}},{"type":"Feature","id":"seoul-building-60491","properties":{"id":"seoul-building-60491","sourceId":"1985199397924487501700000000","pnu":"1117013000102580132","name":"서울특별시 용산구 이태원동","address":"서울특별시 용산구 이태원동","useName":"단독주택","floors":1.0,"height":4.2,"heightSource":"estimated","heightRaw":0.0,"sourceDate":"2026-09-09"},"geometry":{"type":"Polygon","coordinates":[[[126.99399519,37.54105551],[126.99403458,37.54098036],[126.9939728,37.54095991],[126.99396295,37.54097883],[126.99394406,37.54097253],[126.99391463,37.54102874],[126.99399519,37.54105551]]]}},{"type":"Feature","id":"seoul-building-60492","properties":{"id":"seoul-building-60492","sourceId":"0000199402034487288700000000","pnu":"1117013000102580136","name":"서울특별시 용산구 이태원동","address":"서울특별시 용산구 이태원동","useName":"","floors":0.0,"height":0,"heightSource":"unknown","heightRaw":0.0,"sourceDate":"2026-09-09"},"geometry":{"type":"Polygon","coordinates":[[[126.99407521,37.54084288],[126.99401129,37.54076421],[126.99396852,37.5407862],[126.9940339,37.54086675],[126.99407521,37.54084288]]]}},{"type":"Feature","id":"seoul-building-60493","properties":{"id":"seoul-building-60493","sourceId":"1998199343304487134100000000","pnu":"1117013000102280001","name":"서울특별시 용산구 이태원동","address":"서울특별시 용산구 이태원동","useName":"제1종근린생활시설","floors":3.0,"height":9.76,"heightSource":"measured","heightRaw":9.76,"sourceDate":"2026-09-09"},"geometry":{"type":"Polygon","coordinates":[[[126.99341317,37.54070481],[126.99340265,37.54069868],[126.99342438,37.54067526],[126.99338942,37.54065471],[126.99338749,37.54065678],[126.99332063,37.54061461],[126.99329844,37.54063975],[126.99331247,37.54068174],[126.99331915,37.54068444],[126.99331428,37.54069228],[126.99333883,37.5407021],[126.99333498,37.54070823],[126.99338499,37.54073526],[126.99341317,37.54070481]]]}},{"type":"Feature","id":"seoul-building-60494","properties":{"id":"seoul-building-60494","sourceId":"1979199328344487616900000000","pnu":"1117013000102580219","name":"서울특별시 용산구 이태원동","address":"서울특별시 용산구 이태원동","useName":"단독주택","floors":2.0,"height":7.4,"heightSource":"estimated","heightRaw":0.0,"sourceDate":"2026-09-09"},"geometry":{"type":"Polygon","coordinates":[[[126.99315029,37.54113989],[126.99314767,37.54114574],[126.99322201,37.54116611],[126.99326197,37.54108285],[126.99324308,37.54107709],[126.99324103,37.54108493],[126.99318694,37.5410661],[126.99314067,37.54106177],[126.99312142,37.54113151],[126.99315029,37.54113989]]]}},{"type":"Feature","id":"seoul-building-60495","properties":{"id":"seoul-building-60495","sourceId":"1989199336734487656700000000","pnu":"1117013000102580220","name":"서울특별시 용산구 이태원동","address":"서울특별시 용산구 이태원동","useName":"단독주택","floors":2.0,"height":6.9,"heightSource":"measured","heightRaw":6.9,"sourceDate":"2026-09-09"},"geometry":{"type":"Polygon","coordinates":[[[126.99330462,37.54119387],[126.9933397,37.54112539],[126.99325913,37.54109925],[126.99322881,37.54116926],[126.99330462,37.54119387]]]}},{"type":"Feature","id":"seoul-building-60496","properties":{"id":"seoul-building-60496","sourceId":"1993199367424487436000000000","pnu":"1117013000102580166","name":"서울특별시 용산구 이태원동","address":"서울특별시 용산구 이태원동","useName":"단독주택","floors":2.0,"height":7.1,"heightSource":"measured","heightRaw":7.1,"sourceDate":"2026-09-09"},"geometry":{"type":"Polygon","coordinates":[[[126.99367249,37.54097972],[126.99366186,37.54097224],[126.99368845,37.54094846],[126.99367657,37.54094062],[126.99369331,37.54092449],[126.99368154,37.54091683],[126.99369423,37.54090467],[126.99365326,37.54087394],[126.99354881,37.5409707],[126.99357596,37.54098926],[126.99357845,37.54098575],[126.99360607,37.54100638],[126.99361647,37.54099755],[126.99363617,37.54101224],[126.99367249,37.54097972]]]}},{"type":"Feature","id":"seoul-building-60497","properties":{"id":"seoul-building-60497","sourceId":"1996199360894487201200000000","pnu":"1117013000102460017","name":"서울특별시 용산구 이태원동","address":"서울특별시 용산구 이태원동","useName":"단독주택","floors":3.0,"height":9.2,"heightSource":"measured","heightRaw":9.2,"sourceDate":"2026-09-09"},"geometry":{"type":"Polygon","coordinates":[[[126.99359296,37.54078825],[126.99360122,37.54076915],[126.99360168,37.54070041],[126.99356762,37.54070031],[126.99356774,37.54069094],[126.99351309,37.54069076],[126.99350889,37.54076536],[126.99359296,37.54078825]]]}},{"type":"Feature","id":"seoul-building-60513","properties":{"id":"seoul-building-60513","sourceId":"2004199477024486507200000000","pnu":"1117013000100050024","name":"남산빌라","address":"서울특별시 용산구 이태원동","useName":"공동주택","floors":3.0,"height":11.96,"heightSource":"measured","heightRaw":11.955,"sourceDate":"2026-09-09"},"geometry":{"type":"Polygon","coordinates":[[[126.99492819,37.54018257],[126.99498533,37.54009833],[126.99482727,37.54002561],[126.99475858,37.54011832],[126.99476763,37.54012229],[126.99476277,37.54012941],[126.99491212,37.54019365],[126.99492151,37.54017969],[126.99492819,37.54018257]]]}},{"type":"Feature","id":"seoul-building-60519","properties":{"id":"seoul-building-60519","sourceId":"1973199554064487695900000000","pnu":"1117013000100010003","name":"서울특별시 용산구 이태원동","address":"서울특별시 용산구 이태원동","useName":"제2종근린생활시설","floors":2.0,"height":7.4,"heightSource":"estimated","heightRaw":0.0,"sourceDate":"2026-09-09"},"geometry":{"type":"Polygon","coordinates":[[[126.99577947,37.54126759],[126.99578796,37.54125101],[126.99579814,37.54125426],[126.99585688,37.54112947],[126.99578253,37.5411073],[126.99578072,37.54111091],[126.99572754,37.54109505],[126.99569473,37.5411646],[126.99564131,37.54114874],[126.9956111,37.54121289],[126.99577947,37.54126759]]]}},{"type":"Feature","id":"seoul-building-60521","properties":{"id":"seoul-building-60521","sourceId":"1968199561294486935900000000","pnu":"1117013000100040010","name":"서울특별시 용산구 이태원동","address":"서울특별시 용산구 이태원동","useName":"단독주택","floors":2.0,"height":7.4,"heightSource":"estimated","heightRaw":0.0,"sourceDate":"2026-09-09"},"geometry":{"type":"Polygon","coordinates":[[[126.99576548,37.54044398],[126.99573968,37.54051417],[126.9958138,37.54053147],[126.99581187,37.54053697],[126.9958793,37.54055265],[126.99590714,37.54047706],[126.99584299,37.5404621],[126.99576548,37.54044398]]]}},{"type":"Feature","id":"seoul-building-60522","properties":{"id":"seoul-building-60522","sourceId":"1965199578984486871400000000","pnu":"1117013000100060009","name":"서울특별시 용산구 이태원동","address":"서울특별시 용산구 이태원동","useName":"단독주택","floors":2.0,"height":7.4,"heightSource":"estimated","heightRaw":0.0,"sourceDate":"2026-09-09"},"geometry":{"type":"Polygon","coordinates":[[[126.99608105,37.54049166],[126.99610697,37.5404176],[126.99596757,37.5403866],[126.99594165,37.54046066],[126.99608105,37.54049166]]]}},{"type":"Feature","id":"seoul-building-60523","properties":{"id":"seoul-building-60523","sourceId":"0000199546704486575500000000","pnu":"1117013000102430004","name":"서울특별시 용산구 이태원동","address":"서울특별시 용산구 이태원동","useName":"","floors":0.0,"height":0,"heightSource":"unknown","heightRaw":0.0,"sourceDate":"2026-09-09"},"geometry":{"type":"Polygon","coordinates":[[[126.99565132,37.54017296],[126.99562146,37.54021449],[126.99567781,37.54024017],[126.99571945,37.54016539],[126.99562214,37.54010728],[126.99559057,37.5401362],[126.99565132,37.54017296]]]}},{"type":"Feature","id":"seoul-building-60525","properties":{"id":"seoul-building-60525","sourceId":"1976199553064488031300000000","pnu":"1117013000102580024","name":"서울특별시 용산구 이태원동","address":"서울특별시 용산구 이태원동","useName":"제2종근린생활시설","floors":2.0,"height":6.0,"heightSource":"measured","heightRaw":6.0,"sourceDate":"2026-09-09"},"geometry":{"type":"Polygon","coordinates":[[[126.99568214,37.54155204],[126.99581714,37.54147419],[126.99580842,37.54146473],[126.9958211,37.54145455],[126.99582438,37.54144977],[126.99582427,37.54144193],[126.99581895,37.54143401],[126.99581058,37.54142869],[126.9958039,37.54142851],[126.99578557,37.54143554],[126.99578546,37.54143554],[126.99577799,37.54142571],[126.99573918,37.54144436],[126.99573635,37.54144022],[126.99563405,37.54149634],[126.99568214,37.54155204]]]}},{"type":"Feature","id":"seoul-building-60528","properties":{"id":"seoul-building-60528","sourceId":"1999199565154487187400000000","pnu":"1117013000100040004","name":"서울특별시 용산구 이태원동","address":"서울특별시 용산구 이태원동","useName":"제2종근린생활시설","floors":3.0,"height":9.3,"heightSource":"measured","heightRaw":9.3,"sourceDate":"2026-09-09"},"geometry":{"type":"Polygon","coordinates":[[[126.99590577,37.54078781],[126.99592105,37.54075773],[126.99597231,37.54076565],[126.99597774,37.5407433],[126.99596326,37.54073591],[126.99597537,37.5407069],[126.99591857,37.5406932],[126.99592162,37.54068501],[126.99580247,37.54065645],[126.99576332,37.54075015],[126.99590577,37.54078781]]]}},{"type":"Feature","id":"seoul-building-60529","properties":{"id":"seoul-building-60529","sourceId":"2003199573004487522600000000","pnu":"1117013000100030003","name":"서울특별시 용산구 이태원동","address":"서울특별시 용산구 이태원동","useName":"제2종근린생활시설","floors":2.0,"height":6.7,"heightSource":"measured","heightRaw":6.7,"sourceDate":"2026-09-09"},"geometry":{"type":"Polygon","coordinates":[[[126.99585597,37.54105063],[126.99594513,37.54111533],[126.9959767,37.54108775],[126.99596381,37.5410783],[126.99602185,37.54102758],[126.99603045,37.54103388],[126.99604923,37.54101748],[126.99602728,37.54100153],[126.99603679,37.54099315],[126.99602264,37.54098298],[126.9960386,37.540969],[126.99598293,37.54093972],[126.99585597,37.54105063]]]}},{"type":"Feature","id":"seoul-building-60536","properties":{"id":"seoul-building-60536","sourceId":"1995199278044488350800000000","pnu":"1117013000102580323","name":"서울특별시 용산구 이태원동","address":"서울특별시 용산구 이태원동","useName":"단독주택","floors":3.0,"height":11.9,"heightSource":"measured","heightRaw":11.9,"sourceDate":"2026-09-09"},"geometry":{"type":"Polygon","coordinates":[[[126.99264261,37.54182732],[126.99264646,37.54181804],[126.99265438,37.5418202],[126.99266524,37.54181326],[126.99269343,37.5417438],[126.9925805,37.54171469],[126.99254643,37.54180163],[126.99264261,37.54182732]]]}},{"type":"Feature","id":"seoul-building-60538","properties":{"id":"seoul-building-60538","sourceId":"0000199297784488519400000000","pnu":"1117013000102580278","name":"서울특별시 용산구 이태원동","address":"서울특별시 용산구 이태원동","useName":"","floors":0.0,"height":0,"heightSource":"unknown","heightRaw":0.0,"sourceDate":"2026-09-09"},"geometry":{"type":"Polygon","coordinates":[[[126.99286099,37.54195203],[126.99287026,37.54190131],[126.99282015,37.54189716],[126.99281754,37.54194698],[126.99286099,37.54195203]]]}},{"type":"Feature","id":"seoul-building-60539","properties":{"id":"seoul-building-60539","sourceId":"1979199289434488394900000000","pnu":"1117013000102580284","name":"서울특별시 용산구 이태원동","address":"서울특별시 용산구 이태원동","useName":"단독주택","floors":3.0,"height":8.15,"heightSource":"measured","heightRaw":8.15,"sourceDate":"2026-09-09"},"geometry":{"type":"Polygon","coordinates":[[[126.99274547,37.54185445],[126.99274626,37.54185174],[126.99277963,37.5418585],[126.99280442,37.54178075],[126.99271753,37.54176317],[126.99269194,37.54184363],[126.99274547,37.54185445]]]}},{"type":"Feature","id":"seoul-building-60540","properties":{"id":"seoul-building-60540","sourceId":"1995199213574488554600000000","pnu":"1117013000102600054","name":"서울특별시 용산구 이태원동","address":"서울특별시 용산구 이태원동","useName":"단독주택","floors":1.0,"height":4.0,"heightSource":"measured","heightRaw":4.0,"sourceDate":"2026-09-09"},"geometry":{"type":"Polygon","coordinates":[[[126.99182416,37.54198692],[126.99182303,37.5419816],[126.99195033,37.54196476],[126.99195157,37.54197044],[126.99201437,37.54196216],[126.99201177,37.54194954],[126.99201868,37.54194864],[126.99201257,37.54191909],[126.99175922,37.5419525],[126.99176793,37.5419943],[126.99182416,37.54198692]]]}},{"type":"Feature","id":"seoul-building-60541","properties":{"id":"seoul-building-60541","sourceId":"0000199234694488551400000000","pnu":"1117013000102600190","name":"서울특별시 용산구 이태원동","address":"서울특별시 용산구 이태원동","useName":"","floors":0.0,"height":0,"heightSource":"unknown","heightRaw":0.0,"sourceDate":"2026-09-09"},"geometry":{"type":"Polygon","coordinates":[[[126.99208407,37.54198108],[126.99209098,37.5419755],[126.99210512,37.54198658],[126.99216045,37.54197253],[126.99218987,37.54195406],[126.9921436,37.5419073],[126.99209324,37.54194721],[126.99208815,37.54194315],[126.99206212,37.54196378],[126.99208407,37.54198108]]]}},{"type":"Feature","id":"seoul-building-60542","properties":{"id":"seoul-building-60542","sourceId":"1985199278904488604400000000","pnu":"1117013000102580288","name":"서울특별시 용산구 이태원동","address":"서울특별시 용산구 이태원동","useName":"단독주택","floors":1.0,"height":4.2,"heightSource":"estimated","heightRaw":0.0,"sourceDate":"2026-09-09"},"geometry":{"type":"Polygon","coordinates":[[[126.99265402,37.54204428],[126.99268006,37.54196733],[126.99264248,37.54195265],[126.99261895,37.54199112],[126.99259088,37.54198021],[126.99255683,37.54201066],[126.99265402,37.54204428]]]}},{"type":"Feature","id":"seoul-building-60543","properties":{"id":"seoul-building-60543","sourceId":"1989199257784488268200000000","pnu":"1117013000102580319","name":"서울특별시 용산구 이태원동","address":"서울특별시 용산구 이태원동","useName":"단독주택","floors":2.0,"height":7.1,"heightSource":"measured","heightRaw":7.1,"sourceDate":"2026-09-09"},"geometry":{"type":"Polygon","coordinates":[[[126.99242197,37.54176009],[126.99247969,37.5417027],[126.99237639,37.54163998],[126.99235523,37.54166205],[126.99233339,37.54164881],[126.99229593,37.54168809],[126.99242197,37.54176009]]]}},{"type":"Feature","id":"seoul-building-60544","properties":{"id":"seoul-building-60544","sourceId":"1979199274744488496700000000","pnu":"1117013000102580308","name":"서울특별시 용산구 이태원동","address":"서울특별시 용산구 이태원동","useName":"단독주택","floors":2.0,"height":7.4,"heightSource":"estimated","heightRaw":0.0,"sourceDate":"2026-09-09"},"geometry":{"type":"Polygon","coordinates":[[[126.992609,37.54194706],[126.99264126,37.5419066],[126.9925574,37.54185921],[126.99252085,37.54189912],[126.9925979,37.54194246],[126.992609,37.54194706]]]}},{"type":"Feature","id":"seoul-building-60545","properties":{"id":"seoul-building-60545","sourceId":"1985199481044487282900000000","pnu":"1117013000102580117","name":"서울특별시 용산구 이태원동","address":"서울특별시 용산구 이태원동","useName":"단독주택","floors":1.0,"height":4.2,"heightSource":"estimated","heightRaw":0.0,"sourceDate":"2026-09-09"},"geometry":{"type":"Polygon","coordinates":[[[126.99494013,37.54086049],[126.99499072,37.54078724],[126.99496831,37.54078363],[126.99496956,37.54077859],[126.99488255,37.54076435],[126.99484418,37.54083048],[126.99494013,37.54086049]]]}},{"type":"Feature","id":"seoul-building-60546","properties":{"id":"seoul-building-60546","sourceId":"1990199341204488457600000000","pnu":"1117013000102580253","name":"서울특별시 용산구 이태원동","address":"서울특별시 용산구 이태원동","useName":"단독주택","floors":2.0,"height":7.5,"heightSource":"measured","heightRaw":7.5,"sourceDate":"2026-09-09"},"geometry":{"type":"Polygon","coordinates":[[[126.99340084,37.54190701],[126.99336827,37.54181466],[126.99333274,37.54182258],[126.99332923,37.54181267],[126.99326518,37.54182708],[126.99330715,37.541928],[126.99340084,37.54190701]]]}},{"type":"Feature","id":"seoul-building-60547","properties":{"id":"seoul-building-60547","sourceId":"1988199332664488492900000000","pnu":"1117013000102580252","name":"서울특별시 용산구 이태원동","address":"서울특별시 용산구 이태원동","useName":"단독주택","floors":2.0,"height":7.2,"heightSource":"measured","heightRaw":7.2,"sourceDate":"2026-09-09"},"geometry":{"type":"Polygon","coordinates":[[[126.99328565,37.54193196],[126.9932567,37.54184681],[126.99321596,37.54185564],[126.99319729,37.54187717],[126.99320362,37.54190511],[126.99319434,37.54191276],[126.9932104,37.54194826],[126.99328565,37.54193196]]]}},{"type":"Feature","id":"seoul-building-60551","properties":{"id":"seoul-building-60551","sourceId":"0000199392644487572100000000","pnu":"1117013000102580100","name":"서울특별시 용산구 이태원동","address":"서울특별시 용산구 이태원동","useName":"","floors":0.0,"height":0,"heightSource":"unknown","heightRaw":0.0,"sourceDate":"2026-09-09"},"geometry":{"type":"Polygon","coordinates":[[[126.99386778,37.54108631],[126.99395819,37.54111155],[126.99397856,37.54107849],[126.99398263,37.54106794],[126.99392119,37.54103866],[126.99387922,37.54103037],[126.9938473,37.54106829],[126.99386778,37.54108631]]]}},{"type":"Feature","id":"seoul-building-60555","properties":{"id":"seoul-building-60555","sourceId":"1989199083674488089400000000","pnu":"1117013000102600165","name":"서울특별시 용산구 이태원동","address":"서울특별시 용산구 이태원동","useName":"단독주택","floors":2.0,"height":7.3,"heightSource":"measured","heightRaw":7.3,"sourceDate":"2026-09-09"},"geometry":{"type":"Polygon","coordinates":[[[126.99044974,37.54157749],[126.99044703,37.54158506],[126.99047407,37.5415911],[126.99050022,37.54151686],[126.99040087,37.54149163],[126.99039703,37.54150145],[126.99035765,37.54149144],[126.99033354,37.54155153],[126.99044974,37.54157749]]]}},{"type":"Feature","id":"seoul-building-60556","properties":{"id":"seoul-building-60556","sourceId":"1995199079354487743600000000","pnu":"1117013000102550025","name":"서울특별시 용산구 이태원동","address":"서울특별시 용산구 이태원동","useName":"단독주택","floors":3.0,"height":9.1,"heightSource":"measured","heightRaw":9.1,"sourceDate":"2026-09-09"},"geometry":{"type":"Polygon","coordinates":[[[126.99042738,37.54126944],[126.99042004,37.54117349],[126.99032001,37.54117825],[126.99032204,37.54120528],[126.9903139,37.54120564],[126.99032057,37.54127457],[126.99042738,37.54126944]]]}},{"type":"Feature","id":"seoul-building-60559","properties":{"id":"seoul-building-60559","sourceId":"1989199068054488176500000000","pnu":"1117013000102600163","name":"서울특별시 용산구 이태원동","address":"서울특별시 용산구 이태원동","useName":"단독주택","floors":2.0,"height":7.8,"heightSource":"measured","heightRaw":7.8,"sourceDate":"2026-09-09"},"geometry":{"type":"Polygon","coordinates":[[[126.99022784,37.54166685],[126.9903092,37.54164605],[126.99028794,37.54158108],[126.9902756,37.54157541],[126.99026123,37.54157856],[126.99025908,37.54157234],[126.99023475,37.54157765],[126.99023012,37.54156423],[126.9901758,37.54157612],[126.99021042,37.54165658],[126.99022784,37.54166685]]]}},{"type":"Feature","id":"seoul-building-60584","properties":{"id":"seoul-building-60584","sourceId":"1989199575184486488200000000","pnu":"1117013000100060004","name":"서울특별시 용산구 이태원동","address":"서울특별시 용산구 이태원동","useName":"제2종근린생활시설","floors":2.0,"height":5.2,"heightSource":"measured","heightRaw":5.2,"sourceDate":"2026-09-09"},"geometry":{"type":"Polygon","coordinates":[[[126.99605653,37.54006243],[126.99596091,37.53999557],[126.99590694,37.54015162],[126.99600979,37.54017415],[126.99605653,37.54006243]]]}},{"type":"Feature","id":"seoul-building-60589","properties":{"id":"seoul-building-60589","sourceId":"1976199579544487896200000000","pnu":"1117013000100010001","name":"서울특별시 용산구 이태원동","address":"서울특별시 용산구 이태원동","useName":"단독주택","floors":2.0,"height":7.4,"heightSource":"estimated","heightRaw":0.0,"sourceDate":"2026-09-09"},"geometry":{"type":"Polygon","coordinates":[[[126.99600587,37.54144329],[126.99601131,37.54143744],[126.99603631,37.54145222],[126.99614212,37.54132212],[126.99605364,37.54127121],[126.99602546,37.54130229],[126.99601596,37.54129688],[126.99597182,37.54134563],[126.99595779,37.54133761],[126.9959123,37.5413877],[126.99600587,37.54144329]]]}},{"type":"Feature","id":"seoul-building-60590","properties":{"id":"seoul-building-60590","sourceId":"1966199595294487917100000000","pnu":"1117013000102580079","name":"서울특별시 용산구 이태원동","address":"서울특별시 용산구 이태원동","useName":"제2종근린생활시설","floors":2.0,"height":7.4,"heightSource":"estimated","heightRaw":0.0,"sourceDate":"2026-09-09"},"geometry":{"type":"Polygon","coordinates":[[[126.99619088,37.54145565],[126.9962169,37.54142402],[126.99622539,37.54142844],[126.99625741,37.54138942],[126.99627031,37.54139618],[126.99628559,37.54137753],[126.99629645,37.5413832],[126.99631727,37.54135789],[126.9962676,37.54133211],[126.99625957,37.54134185],[126.9961996,37.54131059],[126.99611348,37.54141528],[126.99619088,37.54145565]]]}},{"type":"Feature","id":"seoul-building-60592","properties":{"id":"seoul-building-60592","sourceId":"0000199534954486680100000000","pnu":"1117013000102430003","name":"서울특별시 용산구 이태원동","address":"서울특별시 용산구 이태원동","useName":"","floors":0.0,"height":0,"heightSource":"unknown","heightRaw":0.0,"sourceDate":"2026-09-09"},"geometry":{"type":"Polygon","coordinates":[[[126.99553705,37.54028631],[126.99555266,37.54026341],[126.99551544,37.54024728],[126.99549981,37.54027026],[126.99553705,37.54028631]]]}},{"type":"Feature","id":"seoul-building-60593","properties":{"id":"seoul-building-60593","sourceId":"2008199516114486578400000000","pnu":"1117013000102430010","name":"서울특별시 용산구 이태원동","address":"서울특별시 용산구 이태원동","useName":"","floors":0.0,"height":0,"heightSource":"unknown","heightRaw":0.0,"sourceDate":"2026-09-09"},"geometry":{"type":"Polygon","coordinates":[[[126.99530972,37.54021908],[126.99536404,37.54017223],[126.99531731,37.54013169],[126.99526164,37.54017727],[126.99530972,37.54021908]]]}},{"type":"Feature","id":"seoul-building-60594","properties":{"id":"seoul-building-60594","sourceId":"2008199520884486628100000000","pnu":"1117013000102430010","name":"이태원 코러스","address":"서울특별시 용산구 이태원동","useName":"단독주택","floors":3.0,"height":10.5,"heightSource":"measured","heightRaw":10.5,"sourceDate":"2026-09-09"},"geometry":{"type":"Polygon","coordinates":[[[126.99535861,37.5402653],[126.99538248,37.54024395],[126.99538871,37.54024837],[126.99542922,37.54021422],[126.99537084,37.5401744],[126.99530508,37.54022647],[126.99535861,37.5402653]]]}},{"type":"Feature","id":"seoul-building-60595","properties":{"id":"seoul-building-60595","sourceId":"2000199523464486800600000000","pnu":"1117013000100050019","name":"서울특별시 용산구 이태원동","address":"서울특별시 용산구 이태원동","useName":"단독주택","floors":3.0,"height":12.0,"heightSource":"measured","heightRaw":12.0,"sourceDate":"2026-09-09"},"geometry":{"type":"Polygon","coordinates":[[[126.99545421,37.54044632],[126.9954937,37.54038208],[126.99544188,37.54035847],[126.99544403,37.54035883],[126.99544403,37.54035523],[126.99539595,37.54031892],[126.99535226,37.54030134],[126.99529908,37.54038081],[126.99545421,37.54044632]]]}},{"type":"Feature","id":"seoul-building-60600","properties":{"id":"seoul-building-60600","sourceId":"1961199545584488288800000000","pnu":"1117013000102580028","name":"서울특별시 용산구 이태원동","address":"서울특별시 용산구 이태원동","useName":"단독주택","floors":1.0,"height":4.2,"heightSource":"measured","heightRaw":4.2,"sourceDate":"2026-09-09"},"geometry":{"type":"Polygon","coordinates":[[[126.99574935,37.54171458],[126.99567444,37.54163736],[126.9955434,37.5417179],[126.99561819,37.54179512],[126.99574935,37.54171458]]]}},{"type":"Feature","id":"seoul-building-60601","properties":{"id":"seoul-building-60601","sourceId":"1994199544634486895900000000","pnu":"1117013000100050018","name":"서울특별시 용산구 이태원동","address":"서울특별시 용산구 이태원동","useName":"단독주택","floors":3.0,"height":9.7,"heightSource":"measured","heightRaw":9.7,"sourceDate":"2026-09-09"},"geometry":{"type":"Polygon","coordinates":[[[126.99568729,37.54051409],[126.99572135,37.54044786],[126.99562518,37.5404165],[126.99561726,37.540432],[126.99557256,37.54041749],[126.99554201,37.54046678],[126.99568729,37.54051409]]]}},{"type":"Feature","id":"seoul-building-60602","properties":{"id":"seoul-building-60602","sourceId":"1996199449604487237800000000","pnu":"1117013000102580104","name":"서울특별시 용산구 이태원동","address":"서울특별시 용산구 이태원동","useName":"단독주택","floors":2.0,"height":7.2,"heightSource":"measured","heightRaw":7.2,"sourceDate":"2026-09-09"},"geometry":{"type":"Polygon","coordinates":[[[126.9945836,37.54080686],[126.9946171,37.54075307],[126.99459039,37.54074253],[126.99451175,37.54074947],[126.99449772,37.54077307],[126.9945836,37.54080686]]]}},{"type":"Feature","id":"seoul-building-60603","properties":{"id":"seoul-building-60603","sourceId":"1989199353244488371100000000","pnu":"1117013000102580210","name":"서울특별시 용산구 이태원동","address":"서울특별시 용산구 이태원동","useName":"단독주택","floors":2.0,"height":7.5,"heightSource":"measured","heightRaw":7.5,"sourceDate":"2026-09-09"},"geometry":{"type":"Polygon","coordinates":[[[126.99352645,37.54181386],[126.99350021,37.54174574],[126.99344759,37.54175862],[126.99344974,37.54176412],[126.99341161,37.54177348],[126.9934365,37.54183115],[126.99352645,37.54181386]]]}},{"type":"Feature","id":"seoul-building-60604","properties":{"id":"seoul-building-60604","sourceId":"1968199316734488601300000000","pnu":"1117013000102580275","name":"서울특별시 용산구 이태원동","address":"서울특별시 용산구 이태원동","useName":"단독주택","floors":3.0,"height":10.6,"heightSource":"estimated","heightRaw":0.0,"sourceDate":"2026-09-09"},"geometry":{"type":"Polygon","coordinates":[[[126.99311071,37.54204079],[126.99312475,37.54196123],[126.99301363,37.54195231],[126.99301114,37.54197141],[126.99299519,37.54197015],[126.99298975,37.54201394],[126.99299971,37.54203619],[126.99311071,37.54204079]]]}},{"type":"Feature","id":"seoul-building-60607","properties":{"id":"seoul-building-60607","sourceId":"0000199302014488761200000000","pnu":"1117013000102580272","name":"서울특별시 용산구 이태원동","address":"서울특별시 용산구 이태원동","useName":"","floors":0.0,"height":0,"heightSource":"unknown","heightRaw":0.0,"sourceDate":"2026-09-09"},"geometry":{"type":"Polygon","coordinates":[[[126.99294832,37.54216494],[126.99295387,37.54213152],[126.99290804,37.54212665],[126.99283212,37.54211907],[126.99282465,37.5421507],[126.99290804,37.5421607],[126.99294832,37.54216494]]]}},{"type":"Feature","id":"seoul-building-60608","properties":{"id":"seoul-building-60608","sourceId":"1973199300764488619600000000","pnu":"1117013000102580276","name":"서울특별시 용산구 이태원동","address":"서울특별시 용산구 이태원동","useName":"단독주택","floors":2.0,"height":7.4,"heightSource":"estimated","heightRaw":0.0,"sourceDate":"2026-09-09"},"geometry":{"type":"Polygon","coordinates":[[[126.99293317,37.54205331],[126.99293861,37.54199411],[126.99290806,37.54199231],[126.99289991,37.54199222],[126.99290014,37.54198438],[126.99286789,37.54198393],[126.99286812,37.54197537],[126.99282218,37.54197482],[126.992813,37.54203582],[126.99288078,37.54204231],[126.99287965,37.54205015],[126.99290805,37.54205177],[126.99293317,37.54205331]]]}},{"type":"Feature","id":"seoul-building-60620","properties":{"id":"seoul-building-60620","sourceId":"1995199091554487741000000000","pnu":"1117013000102550023","name":"서울특별시 용산구 이태원동","address":"서울특별시 용산구 이태원동","useName":"단독주택","floors":3.0,"height":10.0,"heightSource":"measured","heightRaw":10.0,"sourceDate":"2026-09-09"},"geometry":{"type":"Polygon","coordinates":[[[126.99054008,37.54127612],[126.99055638,37.54117908],[126.99047481,37.54117043],[126.99046439,37.54123188],[126.99047299,37.54123296],[126.99046597,37.54126819],[126.99054008,37.54127612]]]}},{"type":"Feature","id":"seoul-building-60622","properties":{"id":"seoul-building-60622","sourceId":"1990199048454488086400000000","pnu":"1117013000102550004","name":"서울특별시 용산구 이태원동","address":"서울특별시 용산구 이태원동","useName":"단독주택","floors":2.0,"height":7.6,"heightSource":"measured","heightRaw":7.6,"sourceDate":"2026-09-09"},"geometry":{"type":"Polygon","coordinates":[[[126.99010169,37.54153629],[126.99008506,37.5415161],[126.99009163,37.54151268],[126.99005927,37.54147321],[126.98999217,37.54150807],[126.98998832,37.54150339],[126.98993717,37.54153006],[126.98998989,37.5415944],[126.99010169,37.54153629]]]}},{"type":"Feature","id":"seoul-building-60624","properties":{"id":"seoul-building-60624","sourceId":"1986199053554488184300000000","pnu":"1117013000102550001","name":"서울특별시 용산구 이태원동","address":"서울특별시 용산구 이태원동","useName":"단독주택","floors":2.0,"height":7.4,"heightSource":"measured","heightRaw":7.4,"sourceDate":"2026-09-09"},"geometry":{"type":"Polygon","coordinates":[[[126.99015407,37.54163108],[126.99015486,37.54161738],[126.99010294,37.54156133],[126.99004647,37.54159457],[126.99003934,37.54158692],[126.98999385,37.54161367],[126.99006343,37.54168297],[126.99015407,37.54163108]]]}},{"type":"Feature","id":"seoul-building-60636","properties":{"id":"seoul-building-60636","sourceId":"1990199096154488119400000000","pnu":"1117013000102550006","name":"서울특별시 용산구 이태원동","address":"서울특별시 용산구 이태원동","useName":"단독주택","floors":2.0,"height":6.4,"heightSource":"measured","heightRaw":6.4,"sourceDate":"2026-09-09"},"geometry":{"type":"Polygon","coordinates":[[[126.99053959,37.54160507],[126.99056935,37.54160859],[126.99062784,37.5415676],[126.99056358,37.54150948],[126.99051198,37.54154561],[126.99051832,37.54155137],[126.99049693,37.54156633],[126.99053959,37.54160507]]]}},{"type":"Feature","id":"seoul-building-60657","properties":{"id":"seoul-building-60657","sourceId":"1973199539174486745900000000","pnu":"1117013000102430002","name":"서울특별시 용산구 이태원동","address":"서울특별시 용산구 이태원동","useName":"단독주택","floors":1.0,"height":4.2,"heightSource":"estimated","heightRaw":0.0,"sourceDate":"2026-09-09"},"geometry":{"type":"Polygon","coordinates":[[[126.99554021,37.54036776],[126.99553806,37.540371],[126.99558852,37.54039145],[126.9956124,37.54035397],[126.99562134,37.54035739],[126.99565755,37.54028991],[126.99559226,37.54026766],[126.99559045,37.54027116],[126.99557529,37.54026604],[126.99555481,37.54030405],[126.99551713,37.54029117],[126.99548352,37.54034478],[126.99554021,37.54036776]]]}},{"type":"Feature","id":"seoul-building-60659","properties":{"id":"seoul-building-60659","sourceId":"1976199532664487613900000000","pnu":"1117013000100020001","name":"서울특별시 용산구 이태원동","address":"서울특별시 용산구 이태원동","useName":"단독주택","floors":2.0,"height":8.1,"heightSource":"measured","heightRaw":8.1,"sourceDate":"2026-09-09"},"geometry":{"type":"Polygon","coordinates":[[[126.9955337,37.5411946],[126.99559255,37.54106116],[126.99545734,37.54102331],[126.99543301,37.54108089],[126.99544342,37.54108368],[126.99541501,37.54116143],[126.9955337,37.5411946]]]}},{"type":"Feature","id":"seoul-building-60660","properties":{"id":"seoul-building-60660","sourceId":"1985199536704486492000000000","pnu":"1117013000102430007","name":"서울특별시 용산구 이태원동","address":"서울특별시 용산구 이태원동","useName":"단독주택","floors":1.0,"height":4.2,"heightSource":"estimated","heightRaw":0.0,"sourceDate":"2026-09-09"},"geometry":{"type":"Polygon","coordinates":[[[126.9955401,37.54014881],[126.99561105,37.5401125],[126.99555369,37.54004654],[126.99548002,37.54008142],[126.9955401,37.54014881]]]}},{"type":"Feature","id":"seoul-building-60661","properties":{"id":"seoul-building-60661","sourceId":"1961199531014488410400000000","pnu":"1117013000102580030","name":"서울특별시 용산구 이태원동","address":"서울특별시 용산구 이태원동","useName":"단독주택","floors":2.0,"height":6.2,"heightSource":"measured","heightRaw":6.2,"sourceDate":"2026-09-09"},"geometry":{"type":"Polygon","coordinates":[[[126.9954935,37.54188738],[126.9956122,37.54180954],[126.99556433,37.54175313],[126.99555302,37.54175917],[126.99552824,37.54172998],[126.99535149,37.54183791],[126.99542199,37.54192062],[126.9954935,37.54188738]]]}},{"type":"Feature","id":"seoul-building-60662","properties":{"id":"seoul-building-60662","sourceId":"2004199545574487118900000000","pnu":"1117013000100040006","name":"서울특별시 용산구 이태원동","address":"서울특별시 용산구 이태원동","useName":"제1종근린생활시설","floors":3.0,"height":11.2,"heightSource":"measured","heightRaw":11.2,"sourceDate":"2026-09-09"},"geometry":{"type":"Polygon","coordinates":[[[126.9957211,37.54073717],[126.99576162,37.54062383],[126.99573514,37.54061779],[126.99573729,37.54061175],[126.99565277,37.54058616],[126.99564881,37.54059985],[126.99561396,37.54059733],[126.99560242,37.54062643],[126.99557538,37.54061968],[126.99556554,37.54064445],[126.9955377,37.54063751],[126.99552457,37.54063364],[126.9955059,37.54068923],[126.99551891,37.5406913],[126.9957211,37.54073717]]]}},{"type":"Feature","id":"seoul-building-60680","properties":{"id":"seoul-building-60680","sourceId":"1973199071604490369000000000","pnu":"1117013000102620024","name":"서울특별시 용산구 이태원동","address":"서울특별시 용산구 이태원동","useName":"제2종근린생활시설","floors":2.0,"height":6.0,"heightSource":"measured","heightRaw":6.0,"sourceDate":"2026-09-09"},"geometry":{"type":"Polygon","coordinates":[[[126.99021402,37.54356102],[126.99023257,37.54363139],[126.99036258,37.54360978],[126.99034969,37.54356942],[126.9903214,37.54357167],[126.99031925,37.54355428],[126.9902715,37.54355815],[126.99026981,37.54355175],[126.99021402,37.54356102]]]}},{"type":"Feature","id":"seoul-building-60681","properties":{"id":"seoul-building-60681","sourceId":"0000199089124488891300000000","pnu":"1117013000102600272","name":"서울특별시 용산구 이태원동","address":"서울특별시 용산구 이태원동","useName":"","floors":0.0,"height":0,"heightSource":"unknown","heightRaw":0.0,"sourceDate":"2026-09-09"},"geometry":{"type":"Polygon","coordinates":[[[126.99054765,37.54227803],[126.99054415,37.54222739],[126.99051349,37.54222874],[126.99051484,37.54224793],[126.99045657,37.54225054],[126.9904552,37.54223026],[126.99041685,37.54223197],[126.99042047,37.5422837],[126.99054765,37.54227803]]]}},{"type":"Feature","id":"seoul-building-60682","properties":{"id":"seoul-building-60682","sourceId":"1979199073634489089600000000","pnu":"1117013000102610024","name":"서울특별시 용산구 이태원동","address":"서울특별시 용산구 이태원동","useName":"제2종근린생활시설","floors":2.0,"height":7.4,"heightSource":"estimated","heightRaw":0.0,"sourceDate":"2026-09-09"},"geometry":{"type":"Polygon","coordinates":[[[126.99036534,37.54246281],[126.99034917,37.54235478],[126.99022921,37.54237729],[126.99024348,37.54242559],[126.99026474,37.54249271],[126.99027379,37.54249217],[126.99028329,37.54252254],[126.99036918,37.54251056],[126.99036534,37.54246281]]]}},{"type":"Feature","id":"seoul-building-60684","properties":{"id":"seoul-building-60684","sourceId":"1990199066504488840600000000","pnu":"1117013000102610030","name":"서울특별시 용산구 이태원동","address":"서울특별시 용산구 이태원동","useName":"단독주택","floors":2.0,"height":7.5,"heightSource":"measured","heightRaw":7.5,"sourceDate":"2026-09-09"},"geometry":{"type":"Polygon","coordinates":[[[126.99028581,37.54226495],[126.99025912,37.54217151],[126.990234,37.54217601],[126.99022563,37.54214664],[126.99016498,37.54215763],[126.99020525,37.54227467],[126.99028581,37.54226495]]]}},{"type":"Feature","id":"seoul-building-60685","properties":{"id":"seoul-building-60685","sourceId":"1979199076414489279700000000","pnu":"1117013000102610018","name":"서울특별시 용산구 이태원동","address":"서울특별시 용산구 이태원동","useName":"단독주택","floors":2.0,"height":7.4,"heightSource":"estimated","heightRaw":0.0,"sourceDate":"2026-09-09"},"geometry":{"type":"Polygon","coordinates":[[[126.99036689,37.54265986],[126.99036146,37.54264283],[126.99036565,37.54264193],[126.99035061,37.54259507],[126.99037776,37.54258958],[126.9903686,37.54256102],[126.99029471,37.54257245],[126.99032977,37.54266742],[126.99036689,37.54265986]]]}},{"type":"Feature","id":"seoul-building-60686","properties":{"id":"seoul-building-60686","sourceId":"0000199084974489287000000000","pnu":"1117013000102610019","name":"서울특별시 용산구 이태원동","address":"서울특별시 용산구 이태원동","useName":"단독주택","floors":2.0,"height":7.4,"heightSource":"estimated","heightRaw":0.0,"sourceDate":"2026-09-09"},"geometry":{"type":"Polygon","coordinates":[[[126.99040219,37.5426713],[126.99047653,37.54267185],[126.99047699,37.54263833],[126.99044271,37.54263806],[126.99044328,37.54259616],[126.99046976,37.54259635],[126.99047021,37.54255706],[126.99040357,37.54255652],[126.99040219,37.5426713]]]}},{"type":"Feature","id":"seoul-building-60692","properties":{"id":"seoul-building-60692","sourceId":"1992199174734488650700000000","pnu":"1117013000102600070","name":"이태원동 260-70 제1종근린생활시설","address":"서울특별시 용산구 이태원동","useName":"제2종근린생활시설","floors":2.0,"height":7.6,"heightSource":"measured","heightRaw":7.6,"sourceDate":"2026-09-09"},"geometry":{"type":"Polygon","coordinates":[[[126.99147315,37.542087],[126.99150473,37.54202168],[126.99142428,37.54199698],[126.99139757,37.54206384],[126.99147315,37.542087]]]}},{"type":"Feature","id":"seoul-building-60696","properties":{"id":"seoul-building-60696","sourceId":"1992199166484488695700000000","pnu":"1117013000102600071","name":"서울특별시 용산구 이태원동","address":"서울특별시 용산구 이태원동","useName":"단독주택","floors":2.0,"height":6.5,"heightSource":"measured","heightRaw":6.5,"sourceDate":"2026-09-09"},"geometry":{"type":"Polygon","coordinates":[[[126.99135977,37.54213411],[126.99136214,37.5421278],[126.99143298,37.54214439],[126.99144418,37.54211412],[126.99143909,37.54209754],[126.99138433,37.54208429],[126.99140878,37.54202041],[126.99137506,37.54201221],[126.9913221,37.54202977],[126.99131508,37.5420468],[126.9912946,37.54204148],[126.99127638,37.54208608],[126.991286,37.5420886],[126.99127547,37.54211437],[126.99135977,37.54213411]]]}},{"type":"Feature","id":"seoul-building-60697","properties":{"id":"seoul-building-60697","sourceId":"1992199152084488396900000000","pnu":"1117013000102600230","name":"서울특별시 용산구 이태원동","address":"서울특별시 용산구 이태원동","useName":"제1종근린생활시설","floors":2.0,"height":7.6,"heightSource":"measured","heightRaw":7.6,"sourceDate":"2026-09-09"},"geometry":{"type":"Polygon","coordinates":[[[126.99123635,37.54183632],[126.99121259,37.54176676],[126.99118284,37.54177316],[126.99115228,37.54182839],[126.99116121,37.54185262],[126.99123635,37.54183632]]]}},{"type":"Feature","id":"seoul-building-60732","properties":{"id":"seoul-building-60732","sourceId":"1989199098464488352600000000","pnu":"1117013000102600155","name":"서울특별시 용산구 이태원동","address":"서울특별시 용산구 이태원동","useName":"제2종근린생활시설","floors":3.0,"height":9.7,"heightSource":"measured","heightRaw":9.7,"sourceDate":"2026-09-09"},"geometry":{"type":"Polygon","coordinates":[[[126.99063303,37.54180943],[126.99063586,37.54179105],[126.99063439,37.54179096],[126.99063835,37.54176537],[126.99062862,37.54176438],[126.99063168,37.54174447],[126.99054534,37.5417359],[126.99053538,37.54179978],[126.99063303,37.54180943]]]}},{"type":"Feature","id":"seoul-building-60736","properties":{"id":"seoul-building-60736","sourceId":"1987199293274487703800000000","pnu":"1117013000102580229","name":"서울특별시 용산구 이태원동","address":"서울특별시 용산구 이태원동","useName":"단독주택","floors":1.0,"height":4.2,"heightSource":"estimated","heightRaw":0.0,"sourceDate":"2026-09-09"},"geometry":{"type":"Polygon","coordinates":[[[126.99284838,37.54120357],[126.99284918,37.5411669],[126.99273195,37.54117509],[126.99273568,37.54121095],[126.99284838,37.54120357]]]}},{"type":"Feature","id":"seoul-building-60737","properties":{"id":"seoul-building-60737","sourceId":"1997199362294487076300000000","pnu":"1117013000102460018","name":"서울특별시 용산구 이태원동","address":"서울특별시 용산구 이태원동","useName":"단독주택","floors":2.0,"height":6.0,"heightSource":"measured","heightRaw":6.0,"sourceDate":"2026-09-09"},"geometry":{"type":"Polygon","coordinates":[[[126.99356491,37.54066103],[126.99356468,37.54067283],[126.99360859,37.54067338],[126.99361516,37.540574],[126.99355327,37.54057138],[126.99355157,37.5405967],[126.99353765,37.54059607],[126.99351377,37.5406604],[126.99356491,37.54066103]]]}},{"type":"Feature","id":"seoul-building-60751","properties":{"id":"seoul-building-60751","sourceId":"1979199089954489580300000000","pnu":"1117013000102610061","name":"서울특별시 용산구 이태원동","address":"서울특별시 용산구 이태원동","useName":"단독주택","floors":3.0,"height":10.6,"heightSource":"estimated","heightRaw":0.0,"sourceDate":"2026-09-09"},"geometry":{"type":"Polygon","coordinates":[[[126.99054825,37.54289981],[126.9905323,37.54284133],[126.99046904,37.54285439],[126.99046713,37.54284863],[126.99043261,37.54285565],[126.99045331,37.54291935],[126.99054825,37.54289981]]]}},{"type":"Feature","id":"seoul-building-60752","properties":{"id":"seoul-building-60752","sourceId":"1979199075794489201200000000","pnu":"1117013000102610021","name":"서울특별시 용산구 이태원동","address":"서울특별시 용산구 이태원동","useName":"단독주택","floors":2.0,"height":7.4,"heightSource":"estimated","heightRaw":0.0,"sourceDate":"2026-09-09"},"geometry":{"type":"Polygon","coordinates":[[[126.99037698,37.54255219],[126.99036963,37.54251282],[126.99028352,37.54252308],[126.99029268,37.54256371],[126.99037698,37.54255219]]]}},{"type":"Feature","id":"seoul-building-60755","properties":{"id":"seoul-building-60755","sourceId":"1968199083934489049900000000","pnu":"1117013000102610023","name":"서울특별시 용산구 이태원동","address":"서울특별시 용산구 이태원동","useName":"단독주택","floors":2.0,"height":5.7,"heightSource":"measured","heightRaw":5.7,"sourceDate":"2026-09-09"},"geometry":{"type":"Polygon","coordinates":[[[126.99045733,37.54243993],[126.99045349,37.54239083],[126.9904467,37.54239119],[126.99043935,37.54235677],[126.99038741,37.54236379],[126.9904003,37.54244281],[126.99045733,37.54243993]]]}},{"type":"Feature","id":"seoul-building-60757","properties":{"id":"seoul-building-60757","sourceId":"1979199086464489442100000000","pnu":"1117013000102610063","name":"서울특별시 용산구 이태원동","address":"서울특별시 용산구 이태원동","useName":"단독주택","floors":3.0,"height":10.6,"heightSource":"estimated","heightRaw":0.0,"sourceDate":"2026-09-09"},"geometry":{"type":"Polygon","coordinates":[[[126.99050379,37.54277096],[126.99049644,37.54272573],[126.99039971,37.54273176],[126.99041327,37.54279069],[126.99050379,37.54277096]]]}},{"type":"Feature","id":"seoul-building-60758","properties":{"id":"seoul-building-60758","sourceId":"1995199153764488153300000000","pnu":"1117013000102600233","name":"서울특별시 용산구 이태원동","address":"서울특별시 용산구 이태원동","useName":"단독주택","floors":2.0,"height":6.7,"heightSource":"measured","heightRaw":6.7,"sourceDate":"2026-09-09"},"geometry":{"type":"Polygon","coordinates":[[[126.99119892,37.54164792],[126.99127383,37.54160063],[126.99127938,37.54157441],[126.99125178,37.54154548],[126.9911789,37.54156746],[126.9911333,37.54159458],[126.99119892,37.54164792]]]}},{"type":"Feature","id":"seoul-building-60760","properties":{"id":"seoul-building-60760","sourceId":"1993199434994486988700000000","pnu":"1117013000102450003","name":"서울특별시 용산구 이태원동","address":"서울특별시 용산구 이태원동","useName":"단독주택","floors":2.0,"height":7.4,"heightSource":"measured","heightRaw":7.4,"sourceDate":"2026-09-09"},"geometry":{"type":"Polygon","coordinates":[[[126.99448291,37.54054079],[126.99440631,37.54047528],[126.9943073,37.54054871],[126.9943839,37.54061421],[126.99448291,37.54054079]]]}},{"type":"Feature","id":"seoul-building-60762","properties":{"id":"seoul-building-60762","sourceId":"1979199337084488364400000000","pnu":"1117013000102580250","name":"서울특별시 용산구 이태원동","address":"서울특별시 용산구 이태원동","useName":"단독주택","floors":2.0,"height":7.4,"heightSource":"estimated","heightRaw":0.0,"sourceDate":"2026-09-09"},"geometry":{"type":"Polygon","coordinates":[[[126.99335594,37.5417933],[126.99332494,37.54173789],[126.99329337,37.54174915],[126.99328896,37.54174122],[126.99321891,37.54178518],[126.99324855,37.54183141],[126.99335594,37.5417933]]]}},{"type":"Feature","id":"seoul-building-60802","properties":{"id":"seoul-building-60802","sourceId":"1971199084964488727300000000","pnu":"1117013000102600206","name":"서울특별시 용산구 이태원동","address":"서울특별시 용산구 이태원동","useName":"단독주택","floors":3.0,"height":10.6,"heightSource":"estimated","heightRaw":0.0,"sourceDate":"2026-09-09"},"geometry":{"type":"Polygon","coordinates":[[[126.99043756,37.54216233],[126.99049766,37.54208124],[126.99042151,37.54206178],[126.99037635,37.54214331],[126.99043756,37.54216233]]]}},{"type":"Feature","id":"seoul-building-60805","properties":{"id":"seoul-building-60805","sourceId":"1993199222594488140300000000","pnu":"1117013000102600046","name":"서울특별시 용산구 이태원동","address":"서울특별시 용산구 이태원동","useName":"단독주택","floors":3.0,"height":9.1,"heightSource":"measured","heightRaw":9.1,"sourceDate":"2026-09-09"},"geometry":{"type":"Polygon","coordinates":[[[126.99199902,37.54160761],[126.99203862,37.54160347],[126.99202925,37.54155302],[126.99194359,37.54156049],[126.99195626,37.54161257],[126.99199902,37.54160761]]]}},{"type":"Feature","id":"seoul-building-60807","properties":{"id":"seoul-building-60807","sourceId":"1984199371114488095900000000","pnu":"1117013000102580067","name":"서울특별시 용산구 이태원동","address":"서울특별시 용산구 이태원동","useName":"단독주택","floors":2.0,"height":7.5,"heightSource":"measured","heightRaw":7.5,"sourceDate":"2026-09-09"},"geometry":{"type":"Polygon","coordinates":[[[126.99363895,37.54159357],[126.99363883,37.54160149],[126.99373275,37.54160294],[126.99373332,37.54158041],[126.99377066,37.54158096],[126.99376839,37.54148455],[126.99370051,37.54148554],[126.99370063,37.54148914],[126.99358475,37.54149085],[126.99358475,37.54149941],[126.99357377,37.5414994],[126.99357376,37.54159258],[126.99363895,37.54159357]]]}},{"type":"Feature","id":"seoul-building-60808","properties":{"id":"seoul-building-60808","sourceId":"1981199326434488136500000000","pnu":"1117013000102580246","name":"서울특별시 용산구 이태원동","address":"서울특별시 용산구 이태원동","useName":"단독주택","floors":2.0,"height":7.4,"heightSource":"estimated","heightRaw":0.0,"sourceDate":"2026-09-09"},"geometry":{"type":"Polygon","coordinates":[[[126.99324246,37.54158607],[126.99321542,37.54154462],[126.99320082,37.54155056],[126.99318645,37.54152858],[126.99313632,37.5415493],[126.99313474,37.54154696],[126.99308982,37.54156551],[126.99314537,37.54163291],[126.99324246,37.54158607]]]}},{"type":"Feature","id":"seoul-building-60809","properties":{"id":"seoul-building-60809","sourceId":"1967199396524487867400000000","pnu":"1117013000102580070","name":"서울특별시 용산구 이태원동","address":"서울특별시 용산구 이태원동","useName":"단독주택","floors":2.0,"height":7.4,"heightSource":"estimated","heightRaw":0.0,"sourceDate":"2026-09-09"},"geometry":{"type":"Polygon","coordinates":[[[126.99396156,37.54139897],[126.99396393,37.54138978],[126.99403974,37.54140276],[126.9940634,37.54131499],[126.99404688,37.54131131],[126.99405423,37.54129077],[126.9939257,37.54126409],[126.99391834,37.54128643],[126.99387953,37.54127841],[126.99385202,37.54138022],[126.99396156,37.54139897]]]}},{"type":"Feature","id":"seoul-building-60810","properties":{"id":"seoul-building-60810","sourceId":"1997199333444487935500000000","pnu":"1117013000102580213","name":"서울특별시 용산구 이태원동","address":"서울특별시 용산구 이태원동","useName":"단독주택","floors":2.0,"height":7.6,"heightSource":"measured","heightRaw":7.6,"sourceDate":"2026-09-09"},"geometry":{"type":"Polygon","coordinates":[[[126.99320785,37.5414219],[126.99320774,37.5414219],[126.99323002,37.54145785],[126.99329362,37.5414329],[126.99329068,37.54142804],[126.9933124,37.54141885],[126.99326285,37.54133802],[126.99317878,37.54137199],[126.99320785,37.5414219]]]}},{"type":"Feature","id":"seoul-building-60811","properties":{"id":"seoul-building-60811","sourceId":"1998199416514487391900000000","pnu":"1117013000102580110","name":"서울특별시 용산구 이태원동","address":"서울특별시 용산구 이태원동","useName":"단독주택","floors":3.0,"height":9.6,"heightSource":"measured","heightRaw":9.6,"sourceDate":"2026-09-09"},"geometry":{"type":"Polygon","coordinates":[[[126.99415576,37.54094803],[126.9941681,37.5409546],[126.99416844,37.5409546],[126.99417489,37.54095271],[126.99420747,37.5409665],[126.99424187,37.54094569],[126.99421664,37.54092208],[126.99424799,37.54089433],[126.99419888,37.5408455],[126.99416199,37.54086901],[126.9941526,37.54086865],[126.99414559,37.54087171],[126.99413948,37.5408764],[126.99413552,37.54088036],[126.99413246,37.54088261],[126.99414151,37.54089478],[126.99411616,37.54091279],[126.99415576,37.54094803]]]}},{"type":"Feature","id":"seoul-building-60812","properties":{"id":"seoul-building-60812","sourceId":"1993199399274486903800000000","pnu":"1117013000102450002","name":"서울특별시 용산구 이태원동","address":"서울특별시 용산구 이태원동","useName":"단독주택","floors":2.0,"height":7.6,"heightSource":"measured","heightRaw":7.6,"sourceDate":"2026-09-09"},"geometry":{"type":"Polygon","coordinates":[[[126.99397691,37.54050247],[126.99401164,37.54052203],[126.99407083,37.54045518],[126.99396854,37.54040877],[126.99396322,37.54041634],[126.99396752,37.54041832],[126.99391434,37.54048877],[126.99396684,37.54051383],[126.99397691,37.54050247]]]}},{"type":"Feature","id":"seoul-building-60815","properties":{"id":"seoul-building-60815","sourceId":"1985199345404487925900000000","pnu":"1117013000102580182","name":"서울특별시 용산구 이태원동","address":"서울특별시 용산구 이태원동","useName":"단독주택","floors":2.0,"height":7.4,"heightSource":"estimated","heightRaw":0.0,"sourceDate":"2026-09-09"},"geometry":{"type":"Polygon","coordinates":[[[126.99334998,37.54132064],[126.99328356,37.5413383],[126.99332202,37.54142993],[126.99333186,37.54142777],[126.99334329,37.54146327],[126.99348462,37.54143463],[126.99345928,37.54136669],[126.99343416,37.54137272],[126.993413,37.54131595],[126.99335269,37.54132694],[126.99334998,37.54132064]]]}},{"type":"Feature","id":"seoul-building-60816","properties":{"id":"seoul-building-60816","sourceId":"1991199348624488276300000000","pnu":"1117013000102580211","name":"서울특별시 용산구 이태원동","address":"서울특별시 용산구 이태원동","useName":"단독주택","floors":2.0,"height":7.8,"heightSource":"measured","heightRaw":7.8,"sourceDate":"2026-09-09"},"geometry":{"type":"Polygon","coordinates":[[[126.99349172,37.54172619],[126.99344308,37.54164537],[126.99334361,37.54168338],[126.99339237,37.5417642],[126.99349172,37.54172619]]]}},{"type":"Feature","id":"seoul-building-60817","properties":{"id":"seoul-building-60817","sourceId":"1983199358104488594700000000","pnu":"1117013000102580208","name":"서울특별시 용산구 이태원동","address":"서울특별시 용산구 이태원동","useName":"단독주택","floors":2.0,"height":7.4,"heightSource":"estimated","heightRaw":0.0,"sourceDate":"2026-09-09"},"geometry":{"type":"Polygon","coordinates":[[[126.9934969,37.54202802],[126.9935709,37.54200901],[126.99355597,37.54195604],[126.99347721,37.54197441],[126.9934969,37.54202802]]]}},{"type":"Feature","id":"seoul-building-60818","properties":{"id":"seoul-building-60818","sourceId":"0000199266204488336200000000","pnu":"1117013000102580321","name":"서울특별시 용산구 이태원동","address":"서울특별시 용산구 이태원동","useName":"단독주택","floors":1.0,"height":4.2,"heightSource":"estimated","heightRaw":0.0,"sourceDate":"2026-09-09"},"geometry":{"type":"Polygon","coordinates":[[[126.99249054,37.54179901],[126.99252913,37.54174144],[126.99247663,37.5417191],[126.99245151,37.54175667],[126.9924575,37.54175919],[126.99244415,37.54177928],[126.99249054,37.54179901]]]}},{"type":"Feature","id":"seoul-building-60819","properties":{"id":"seoul-building-60819","sourceId":"1993199212154488256000000000","pnu":"1117013000102600048","name":"서울특별시 용산구 이태원동","address":"서울특별시 용산구 이태원동","useName":"단독주택","floors":2.0,"height":7.6,"heightSource":"measured","heightRaw":7.6,"sourceDate":"2026-09-09"},"geometry":{"type":"Polygon","coordinates":[[[126.99188756,37.54171005],[126.99188959,37.54172302],[126.99192659,37.54171942],[126.99191631,37.54165095],[126.99181514,37.54166292],[126.9918251,37.54171599],[126.99188756,37.54171005]]]}},{"type":"Feature","id":"seoul-building-60823","properties":{"id":"seoul-building-60823","sourceId":"2006199221634488248700000000","pnu":"1117013000102600047","name":"서울특별시 용산구 이태원동","address":"서울특별시 용산구 이태원동","useName":"단독주택","floors":3.0,"height":9.1,"heightSource":"measured","heightRaw":9.1,"sourceDate":"2026-09-09"},"geometry":{"type":"Polygon","coordinates":[[[126.99201384,37.5417261],[126.99201712,37.54169754],[126.99202199,37.54166618],[126.9920203,37.54165366],[126.99200898,37.54162185],[126.99196293,37.54162689],[126.99196689,37.54165023],[126.99193215,37.54165401],[126.99195002,37.54173519],[126.99201384,37.5417261]]]}},{"type":"Feature","id":"seoul-building-60824","properties":{"id":"seoul-building-60824","sourceId":"0000199455474487363200000000","pnu":"1117013000102580122","name":"서울특별시 용산구 이태원동","address":"서울특별시 용산구 이태원동","useName":"","floors":0.0,"height":0,"heightSource":"unknown","heightRaw":0.0,"sourceDate":"2026-09-09"},"geometry":{"type":"Polygon","coordinates":[[[126.99463847,37.54090128],[126.99465261,37.54087678],[126.99461516,37.54086308],[126.99460102,37.54088759],[126.99463847,37.54090128]]]}},{"type":"Feature","id":"seoul-building-60825","properties":{"id":"seoul-building-60825","sourceId":"1994199408034486974200000000","pnu":"1117013000102450005","name":"서울특별시 용산구 이태원동","address":"서울특별시 용산구 이태원동","useName":"제1종근린생활시설","floors":2.0,"height":7.95,"heightSource":"measured","heightRaw":7.95,"sourceDate":"2026-09-09"},"geometry":{"type":"Polygon","coordinates":[[[126.99410894,37.54059745],[126.99416869,37.54050915],[126.99410284,37.54047635],[126.9940973,37.54048347],[126.99406969,37.54046968],[126.99401311,37.54054176],[126.99403868,37.54056735],[126.99410894,37.54059745]]]}},{"type":"Feature","id":"seoul-building-60826","properties":{"id":"seoul-building-60826","sourceId":"1959199440824487583500000000","pnu":"1117013000104570007","name":"서울특별시 용산구 이태원동","address":"서울특별시 용산구 이태원동","useName":"단독주택","floors":1.0,"height":4.2,"heightSource":"estimated","heightRaw":0.0,"sourceDate":"2026-09-09"},"geometry":{"type":"Polygon","coordinates":[[[126.9944917,37.54111878],[126.99448355,37.54110599],[126.99452383,37.54108986],[126.99448435,37.5410276],[126.99439744,37.54106256],[126.99444507,37.54113752],[126.9944917,37.54111878]]]}},{"type":"Feature","id":"seoul-building-60827","properties":{"id":"seoul-building-60827","sourceId":"0000199394814486726500000000","pnu":"1117013000102410002","name":"서울특별시 용산구 이태원동","address":"서울특별시 용산구 이태원동","useName":"","floors":0.0,"height":0,"heightSource":"unknown","heightRaw":0.0,"sourceDate":"2026-09-09"},"geometry":{"type":"Polygon","coordinates":[[[126.99394931,37.5403393],[126.99397556,37.54028696],[126.99394128,37.54027605],[126.99392939,37.54029984],[126.99391864,37.54029641],[126.99390156,37.54032407],[126.99394931,37.5403393]]]}},{"type":"Feature","id":"seoul-building-60828","properties":{"id":"seoul-building-60828","sourceId":"1993199431174487416000000000","pnu":"1117013000102580127","name":"서울특별시 용산구 이태원동","address":"서울특별시 용산구 이태원동","useName":"단독주택","floors":2.0,"height":7.2,"heightSource":"measured","heightRaw":7.2,"sourceDate":"2026-09-09"},"geometry":{"type":"Polygon","coordinates":[[[126.9944048,37.54099642],[126.99443445,37.54096552],[126.99440311,37.54094651],[126.99441126,37.54093804],[126.99441228,37.54092426],[126.9943565,37.54089019],[126.99435435,37.54089227],[126.99432889,37.54087605],[126.99428691,37.54088334],[126.99426156,37.54090947],[126.9944048,37.54099642]]]}},{"type":"Feature","id":"seoul-building-60830","properties":{"id":"seoul-building-60830","sourceId":"1985199449004487433900000000","pnu":"1117013000102580101","name":"서울특별시 용산구 이태원동","address":"서울특별시 용산구 이태원동","useName":"단독주택","floors":1.0,"height":4.2,"heightSource":"estimated","heightRaw":0.0,"sourceDate":"2026-09-09"},"geometry":{"type":"Polygon","coordinates":[[[126.99459648,37.54096282],[126.99462783,37.54095057],[126.9946069,37.54089777],[126.9945338,37.54091606],[126.99454059,37.54093336],[126.99447032,37.54095093],[126.99448593,37.54099048],[126.99459648,37.54096282]]]}},{"type":"Feature","id":"seoul-building-60831","properties":{"id":"seoul-building-60831","sourceId":"1993199426264487304300000000","pnu":"1117013000102580126","name":"서울특별시 용산구 이태원동","address":"서울특별시 용산구 이태원동","useName":"단독주택","floors":2.0,"height":7.1,"heightSource":"measured","heightRaw":7.1,"sourceDate":"2026-09-09"},"geometry":{"type":"Polygon","coordinates":[[[126.99435243,37.54083713],[126.99434745,37.54083163],[126.99437687,37.54081486],[126.99436386,37.54080037],[126.99435651,37.5408046],[126.99433184,37.54077559],[126.99429993,37.54079279],[126.99429495,37.54078685],[126.99422038,37.54083261],[126.99426587,37.5408865],[126.99435243,37.54083713]]]}},{"type":"Feature","id":"seoul-building-60832","properties":{"id":"seoul-building-60832","sourceId":"0000199193114488589400000000","pnu":"1117013000102600335","name":"서울특별시 용산구 이태원동","address":"서울특별시 용산구 이태원동","useName":"","floors":0.0,"height":0,"heightSource":"unknown","heightRaw":0.0,"sourceDate":"2026-09-09"},"geometry":{"type":"Polygon","coordinates":[[[126.99159028,37.54198952],[126.99163938,37.54200304],[126.99166134,37.54200151],[126.99166269,37.54201394],[126.99169652,37.54201159],[126.99170513,37.54199385],[126.99170479,37.54196222],[126.99159039,37.54197682],[126.99159028,37.54198952]]]}},{"type":"Feature","id":"seoul-building-60836","properties":{"id":"seoul-building-60836","sourceId":"1979199261374488678400000000","pnu":"1117013000102580302","name":"서울특별시 용산구 이태원동","address":"서울특별시 용산구 이태원동","useName":"단독주택","floors":2.0,"height":7.4,"heightSource":"estimated","heightRaw":0.0,"sourceDate":"2026-09-09"},"geometry":{"type":"Polygon","coordinates":[[[126.9924612,37.54211572],[126.99248316,37.54209482],[126.99248339,37.5420858],[126.99241562,37.54201706],[126.99237058,37.54205552],[126.9924612,37.54211572]]]}},{"type":"Feature","id":"seoul-building-60837","properties":{"id":"seoul-building-60837","sourceId":"1985199274304488735100000000","pnu":"1117013000102580289","name":"서울특별시 용산구 이태원동","address":"서울특별시 용산구 이태원동","useName":"단독주택","floors":1.0,"height":4.2,"heightSource":"estimated","heightRaw":0.0,"sourceDate":"2026-09-09"},"geometry":{"type":"Polygon","coordinates":[[[126.99263173,37.5421105],[126.99254845,37.54207373],[126.99252367,37.54210942],[126.9925498,37.54212095],[126.99254505,37.54212788],[126.99254471,37.54214122],[126.99259415,37.54216456],[126.99263173,37.5421105]]]}},{"type":"Feature","id":"seoul-building-60838","properties":{"id":"seoul-building-60838","sourceId":"1979199255264488609600000000","pnu":"1117013000102580303","name":"서울특별시 용산구 이태원동","address":"서울특별시 용산구 이태원동","useName":"단독주택","floors":2.0,"height":7.4,"heightSource":"estimated","heightRaw":0.0,"sourceDate":"2026-09-09"},"geometry":{"type":"Polygon","coordinates":[[[126.9923166,37.54197678],[126.99232644,37.5420312],[126.99234987,37.54203697],[126.99237182,37.5420502],[126.99241413,37.54201427],[126.99236912,37.541962],[126.9923166,37.54197678]]]}},{"type":"Feature","id":"seoul-building-60839","properties":{"id":"seoul-building-60839","sourceId":"0000199277144488679200000000","pnu":"1117013000102580288","name":"서울특별시 용산구 이태원동","address":"서울특별시 용산구 이태원동","useName":"","floors":0.0,"height":0,"heightSource":"unknown","heightRaw":0.0,"sourceDate":"2026-09-09"},"geometry":{"type":"Polygon","coordinates":[[[126.99267936,37.54212213],[126.99270222,37.54207176],[126.992548,37.54201724],[126.99250444,37.54205679],[126.99267936,37.54212213]]]}},{"type":"Feature","id":"seoul-building-60840","properties":{"id":"seoul-building-60840","sourceId":"1979199282904488776300000000","pnu":"1117013000102580290","name":"서울특별시 용산구 이태원동","address":"서울특별시 용산구 이태원동","useName":"단독주택","floors":2.0,"height":7.4,"heightSource":"estimated","heightRaw":0.0,"sourceDate":"2026-09-09"},"geometry":{"type":"Polygon","coordinates":[[[126.99272054,37.54219268],[126.99273752,37.54215438],[126.9927193,37.54214925],[126.99272258,37.54214186],[126.99262924,37.54211879],[126.99260886,37.54216131],[126.99272054,37.54219268]]]}},{"type":"Feature","id":"seoul-building-60842","properties":{"id":"seoul-building-60842","sourceId":"1995199211284488354500000000","pnu":"1117013000102600049","name":"서울특별시 용산구 이태원동","address":"서울특별시 용산구 이태원동","useName":"단독주택","floors":3.0,"height":8.85,"heightSource":"measured","heightRaw":8.85,"sourceDate":"2026-09-09"},"geometry":{"type":"Polygon","coordinates":[[[126.99186933,37.54182564],[126.99187861,37.54179916],[126.99190724,37.5418061],[126.99192807,37.54175105],[126.9918294,37.54172734],[126.99180914,37.54178401],[126.99182317,37.54178699],[126.99181445,37.54181348],[126.99186933,37.54182564]]]}},{"type":"Feature","id":"seoul-building-60843","properties":{"id":"seoul-building-60843","sourceId":"1990199287024488628400000000","pnu":"1117013000102580287","name":"서울특별시 용산구 이태원동","address":"서울특별시 용산구 이태원동","useName":"단독주택","floors":2.0,"height":9.4,"heightSource":"measured","heightRaw":9.4,"sourceDate":"2026-09-09"},"geometry":{"type":"Polygon","coordinates":[[[126.99275744,37.54206176],[126.9927777,37.54200608],[126.99274093,37.54199761],[126.99274206,37.54199428],[126.99268571,37.5419813],[126.99266432,37.5420404],[126.99275744,37.54206176]]]}},{"type":"Feature","id":"seoul-building-60844","properties":{"id":"seoul-building-60844","sourceId":"1985199290324488815000000000","pnu":"1117013000102580291","name":"서울특별시 용산구 이태원동","address":"서울특별시 용산구 이태원동","useName":"단독주택","floors":2.0,"height":6.75,"heightSource":"measured","heightRaw":6.75,"sourceDate":"2026-09-09"},"geometry":{"type":"Polygon","coordinates":[[[126.99278877,37.54223025],[126.99280201,37.54219457],[126.99277225,37.54218754],[126.9927855,37.54215187],[126.99274669,37.54214276],[126.9927116,37.54221214],[126.99278877,37.54223025]]]}},{"type":"Feature","id":"seoul-building-60846","properties":{"id":"seoul-building-60846","sourceId":"0000199267284488458300000000","pnu":"1117013000102580309","name":"서울특별시 용산구 이태원동","address":"서울특별시 용산구 이태원동","useName":"단독주택","floors":3.0,"height":10.6,"heightSource":"estimated","heightRaw":0.0,"sourceDate":"2026-09-09"},"geometry":{"type":"Polygon","coordinates":[[[126.99250727,37.5419102],[126.99255141,37.54186236],[126.99252086,37.54184344],[126.99251543,37.54184902],[126.99248341,37.5418292],[126.99244312,37.54187055],[126.99250727,37.5419102]]]}},{"type":"Feature","id":"seoul-building-60847","properties":{"id":"seoul-building-60847","sourceId":"1983199244574488511400000000","pnu":"1117013000102600190","name":"서울특별시 용산구 이태원동","address":"서울특별시 용산구 이태원동","useName":"단독주택","floors":2.0,"height":7.4,"heightSource":"estimated","heightRaw":0.0,"sourceDate":"2026-09-09"},"geometry":{"type":"Polygon","coordinates":[[[126.99230846,37.54191857],[126.99229885,37.54189091],[126.992289,37.54189307],[126.9922838,37.5418782],[126.99217257,37.54189477],[126.9921832,37.54193919],[126.99219022,37.54193811],[126.99219474,37.54195694],[126.99225562,37.54194767],[126.99225471,37.54194425],[126.99230382,37.54193677],[126.99230846,37.54191857]]]}},{"type":"Feature","id":"seoul-building-60848","properties":{"id":"seoul-building-60848","sourceId":"2006199222584488406200000000","pnu":"1117013000102600053","name":"서울특별시 용산구 이태원동","address":"서울특별시 용산구 이태원동","useName":"제2종근린생활시설","floors":4.0,"height":12.5,"heightSource":"measured","heightRaw":12.5,"sourceDate":"2026-09-09"},"geometry":{"type":"Polygon","coordinates":[[[126.99203996,37.54184854],[126.99201293,37.54176952],[126.99196371,37.54178024],[126.99197038,37.5417997],[126.99195341,37.54180331],[126.99195793,37.54181673],[126.99195159,37.54181808],[126.99194707,37.54182916],[126.99196143,37.54186998],[126.99203996,37.54184854]]]}},{"type":"Feature","id":"seoul-building-60872","properties":{"id":"seoul-building-60872","sourceId":"2001199417664487540900000000","pnu":"1117013000102580129","name":"서울특별시 용산구 이태원동","address":"서울특별시 용산구 이태원동","useName":"단독주택","floors":2.0,"height":6.2,"heightSource":"measured","heightRaw":6.2,"sourceDate":"2026-09-09"},"geometry":{"type":"Polygon","coordinates":[[[126.99423824,37.54105903],[126.99422048,37.54101056],[126.99416187,37.54102425],[126.99417476,37.54107381],[126.99423824,37.54105903]]]}},{"type":"Feature","id":"seoul-building-60873","properties":{"id":"seoul-building-60873","sourceId":"2005199290554487908900000000","pnu":"1117013000102580232","name":"서울특별시 용산구 이태원동","address":"서울특별시 용산구 이태원동","useName":"단독주택","floors":3.0,"height":8.3,"heightSource":"measured","heightRaw":8.3,"sourceDate":"2026-09-09"},"geometry":{"type":"Polygon","coordinates":[[[126.99278874,37.5413934],[126.99278433,37.54137755],[126.99279429,37.54137574],[126.99278626,37.54134664],[126.9927264,37.54135719],[126.99273884,37.54140223],[126.99278874,37.5413934]]]}},{"type":"Feature","id":"seoul-building-60874","properties":{"id":"seoul-building-60874","sourceId":"2003199274764487700200000000","pnu":"1117013000102580337","name":"서울특별시 용산구 이태원동","address":"서울특별시 용산구 이태원동","useName":"단독주택","floors":3.0,"height":11.4,"heightSource":"measured","heightRaw":11.4,"sourceDate":"2026-09-09"},"geometry":{"type":"Polygon","coordinates":[[[126.99253089,37.54116057],[126.9925319,37.54122085],[126.99256629,37.54122049],[126.99256607,37.54120608],[126.99263984,37.54120526],[126.99263951,37.54118095],[126.99263906,37.5411594],[126.99259708,37.54115985],[126.99253089,37.54116057]]]}},{"type":"Feature","id":"seoul-building-60876","properties":{"id":"seoul-building-60876","sourceId":"1968199180744488122300000000","pnu":"1117013000102600061","name":"서울특별시 용산구 이태원동","address":"서울특별시 용산구 이태원동","useName":"단독주택","floors":1.0,"height":4.2,"heightSource":"estimated","heightRaw":0.0,"sourceDate":"2026-09-09"},"geometry":{"type":"Polygon","coordinates":[[[126.99159157,37.54154559],[126.99156249,37.54152577],[126.99152503,37.54156054],[126.99147412,37.54153108],[126.99144628,37.54156145],[126.99149369,37.54158893],[126.99148848,37.5415947],[126.99151948,37.54161262],[126.99159157,37.54154559]]]}},{"type":"Feature","id":"seoul-building-60892","properties":{"id":"seoul-building-60892","sourceId":"0000199460284487353600000000","pnu":"1117013000102580122","name":"서울특별시 용산구 이태원동","address":"서울특별시 용산구 이태원동","useName":"","floors":0.0,"height":0,"heightSource":"unknown","heightRaw":0.0,"sourceDate":"2026-09-09"},"geometry":{"type":"Polygon","coordinates":[[[126.99467932,37.54088327],[126.99465804,37.54091642],[126.99469448,37.5409312],[126.99474234,37.54086129],[126.99463678,37.54082623],[126.99461754,37.54086309],[126.99467932,37.54088327]]]}},{"type":"Feature","id":"seoul-building-60893","properties":{"id":"seoul-building-60893","sourceId":"1996199308144488298700000000","pnu":"1117013000102580280","name":"서울특별시 용산구 이태원동","address":"서울특별시 용산구 이태원동","useName":"단독주택","floors":3.0,"height":8.8,"heightSource":"measured","heightRaw":8.8,"sourceDate":"2026-09-09"},"geometry":{"type":"Polygon","coordinates":[[[126.99295492,37.54177319],[126.99298673,37.54174967],[126.99300471,37.54170769],[126.99296805,37.54167624],[126.99290808,37.54172841],[126.99290728,37.54172912],[126.99290808,37.54172985],[126.99295492,37.54177319]]]}},{"type":"Feature","id":"seoul-building-60898","properties":{"id":"seoul-building-60898","sourceId":"1968199092244489689200000000","pnu":"1117013000102610060","name":"서울특별시 용산구 이태원동","address":"서울특별시 용산구 이태원동","useName":"단독주택","floors":3.0,"height":10.6,"heightSource":"estimated","heightRaw":0.0,"sourceDate":"2026-09-09"},"geometry":{"type":"Polygon","coordinates":[[[126.99048046,37.54299188],[126.99049154,37.54304766],[126.99057663,37.54303694],[126.99053988,37.54290314],[126.9904575,37.5429253],[126.99047095,37.54299305],[126.99048046,37.54299188]]]}},{"type":"Feature","id":"seoul-building-60899","properties":{"id":"seoul-building-60899","sourceId":"1980199091074489826200000000","pnu":"1117013000102610042","name":"서울특별시 용산구 이태원동","address":"서울특별시 용산구 이태원동","useName":"단독주택","floors":2.0,"height":7.4,"heightSource":"estimated","heightRaw":0.0,"sourceDate":"2026-09-09"},"geometry":{"type":"Polygon","coordinates":[[[126.99047603,37.54309216],[126.99045679,37.5431173],[126.99050985,37.54315497],[126.99054766,37.54306748],[126.99049165,37.54305667],[126.99047603,37.54309216]]]}},{"type":"Feature","id":"seoul-building-60907","properties":{"id":"seoul-building-60907","sourceId":"1994199334254488823600000000","pnu":"1117013000102580261","name":"서울특별시 용산구 이태원동","address":"서울특별시 용산구 이태원동","useName":"제2종근린생활시설","floors":2.0,"height":8.2,"heightSource":"measured","heightRaw":8.2,"sourceDate":"2026-09-09"},"geometry":{"type":"Polygon","coordinates":[[[126.99335975,37.54221046],[126.99334527,37.54215397],[126.99314769,37.54218622],[126.99316783,37.54224171],[126.99335975,37.54221046]]]}},{"type":"Feature","id":"seoul-building-60908","properties":{"id":"seoul-building-60908","sourceId":"1994199345994488716200000000","pnu":"1117013000102580259","name":"서울특별시 용산구 이태원동","address":"서울특별시 용산구 이태원동","useName":"단독주택","floors":2.0,"height":7.6,"heightSource":"measured","heightRaw":7.6,"sourceDate":"2026-09-09"},"geometry":{"type":"Polygon","coordinates":[[[126.99345683,37.54211523],[126.99344043,37.54206298],[126.99331856,37.54208729],[126.99333587,37.54213937],[126.99345683,37.54211523]]]}},{"type":"Feature","id":"seoul-building-60911","properties":{"id":"seoul-building-60911","sourceId":"1996199360764488745200000000","pnu":"1117013000102580206","name":"서울특별시 용산구 이태원동","address":"서울특별시 용산구 이태원동","useName":"단독주택","floors":2.0,"height":6.5,"heightSource":"measured","heightRaw":6.5,"sourceDate":"2026-09-09"},"geometry":{"type":"Polygon","coordinates":[[[126.99360122,37.54216164],[126.99359252,37.54208875],[126.99350946,37.54209506],[126.99351398,37.54213866],[126.99351172,37.54213884],[126.99351431,37.54216263],[126.99360122,37.54216164]]]}},{"type":"Feature","id":"seoul-building-60913","properties":{"id":"seoul-building-60913","sourceId":"1985199363894488830500000000","pnu":"1117013000102580205","name":"서울특별시 용산구 이태원동","address":"서울특별시 용산구 이태원동","useName":"단독주택","floors":2.0,"height":7.4,"heightSource":"estimated","heightRaw":0.0,"sourceDate":"2026-09-09"},"geometry":{"type":"Polygon","coordinates":[[[126.99363731,37.54223796],[126.99362498,37.54218021],[126.99352958,37.5421811],[126.99352982,37.5421939],[126.99353389,37.5421939],[126.99353389,37.5421993],[126.99361762,37.54224066],[126.99361751,37.54223859],[126.99363731,37.54223796]]]}},{"type":"Feature","id":"seoul-building-60914","properties":{"id":"seoul-building-60914","sourceId":"1975199410364488544700000000","pnu":"1117013000102580052","name":"서울특별시 용산구 이태원동","address":"서울특별시 용산구 이태원동","useName":"단독주택","floors":2.0,"height":7.4,"heightSource":"estimated","heightRaw":0.0,"sourceDate":"2026-09-09"},"geometry":{"type":"Polygon","coordinates":[[[126.99422279,37.54191742],[126.99411778,37.54185461],[126.99403111,37.5419466],[126.99404514,37.54195516],[126.9940243,37.54197642],[126.9940362,37.54198399],[126.99403144,37.54198876],[126.99406561,37.54201057],[126.99405871,37.54201742],[126.99409944,37.54204346],[126.99412174,37.54202274],[126.99422279,37.54191742]]]}},{"type":"Feature","id":"seoul-building-60916","properties":{"id":"seoul-building-60916","sourceId":"2008199493454487422700000000","pnu":"1117013000100020003","name":"서울특별시 용산구 이태원동","address":"서울특별시 용산구 이태원동","useName":"제2종근린생활시설","floors":2.0,"height":8.8,"heightSource":"measured","heightRaw":8.8,"sourceDate":"2026-09-09"},"geometry":{"type":"Polygon","coordinates":[[[126.99505769,37.54098816],[126.99505385,37.54099537],[126.99509741,37.54100988],[126.9951507,37.5409151],[126.99511913,37.54090383],[126.99512377,37.54089555],[126.99509322,37.54088464],[126.99508745,37.54089482],[126.99500994,37.54086716],[126.99495811,37.540955],[126.99505769,37.54098816]]]}},{"type":"Feature","id":"seoul-building-60917","properties":{"id":"seoul-building-60917","sourceId":"1994199348104488796100000000","pnu":"1117013000102580262","name":"서울특별시 용산구 이태원동","address":"서울특별시 용산구 이태원동","useName":"단독주택","floors":2.0,"height":7.8,"heightSource":"measured","heightRaw":7.8,"sourceDate":"2026-09-09"},"geometry":{"type":"Polygon","coordinates":[[[126.99344234,37.54219677],[126.99344461,37.54220335],[126.99347245,37.54219705],[126.99346024,37.5421374],[126.9933482,37.54215199],[126.99336371,37.54220857],[126.99344234,37.54219677]]]}},{"type":"Feature","id":"seoul-building-60919","properties":{"id":"seoul-building-60919","sourceId":"1961199382914488797400000000","pnu":"1117013000102580061","name":"서울특별시 용산구 이태원동","address":"서울특별시 용산구 이태원동","useName":"제2종근린생활시설","floors":3.0,"height":10.0,"heightSource":"measured","heightRaw":10.0,"sourceDate":"2026-09-09"},"geometry":{"type":"Polygon","coordinates":[[[126.99387233,37.54220987],[126.99386826,37.54219895],[126.99393728,37.54218229],[126.99392031,37.54213788],[126.9938849,37.54214644],[126.99386883,37.54210445],[126.9937344,37.54213823],[126.99373689,37.54214454],[126.99368631,37.54215724],[126.99372579,37.54224536],[126.99387233,37.54220987]]]}},{"type":"Feature","id":"seoul-building-60920","properties":{"id":"seoul-building-60920","sourceId":"1998199470264487240400000000","pnu":"1117013000102580120","name":"서울특별시 용산구 이태원동","address":"서울특별시 용산구 이태원동","useName":"단독주택","floors":2.0,"height":8.0,"heightSource":"measured","heightRaw":8.0,"sourceDate":"2026-09-09"},"geometry":{"type":"Polygon","coordinates":[[[126.99479361,37.54080849],[126.99479949,37.54078822],[126.99482914,37.54079363],[126.9948417,37.54075011],[126.99476962,37.54073686],[126.99475118,37.54080074],[126.99479361,37.54080849]]]}},{"type":"Feature","id":"seoul-building-60924","properties":{"id":"seoul-building-60924","sourceId":"1978199342334488566300000000","pnu":"1117013000102580254","name":"서울특별시 용산구 이태원동","address":"서울특별시 용산구 이태원동","useName":"단독주택","floors":2.0,"height":7.4,"heightSource":"estimated","heightRaw":0.0,"sourceDate":"2026-09-09"},"geometry":{"type":"Polygon","coordinates":[[[126.99343105,37.54198008],[126.99341974,37.54194666],[126.99339665,37.54195161],[126.99338692,37.54192287],[126.99326823,37.54194827],[126.99329436,37.54200936],[126.99343105,37.54198008]]]}},{"type":"Feature","id":"seoul-building-60935","properties":{"id":"seoul-building-60935","sourceId":"1985199513474487507500000000","pnu":"1117013000100020006","name":"서울특별시 용산구 이태원동","address":"서울특별시 용산구 이태원동","useName":"단독주택","floors":2.0,"height":5.2,"heightSource":"measured","heightRaw":5.2,"sourceDate":"2026-09-09"},"geometry":{"type":"Polygon","coordinates":[[[126.99532778,37.54110116],[126.99535811,37.54103088],[126.99534012,37.54102593],[126.99537101,37.54094619],[126.99526397,37.54091654],[126.9952324,37.54099466],[126.9952083,37.54098844],[126.9951791,37.54106043],[126.99532778,37.54110116]]]}},{"type":"Feature","id":"seoul-building-60948","properties":{"id":"seoul-building-60948","sourceId":"1977199057174490271500000000","pnu":"1117013000102610074","name":"서울특별시 용산구 이태원동","address":"서울특별시 용산구 이태원동","useName":"단독주택","floors":2.0,"height":8.0,"heightSource":"measured","heightRaw":8.0,"sourceDate":"2026-09-09"},"geometry":{"type":"Polygon","coordinates":[[[126.99003548,37.54346109],[126.99004383,37.54354551],[126.99024616,37.5435249],[126.99019422,37.54348768],[126.99019604,37.54347687],[126.99015213,37.54347245],[126.99015135,37.54346452],[126.99010687,37.54346731],[126.99010574,37.54345659],[126.99003548,37.54346109]]]}},{"type":"Feature","id":"seoul-building-60950","properties":{"id":"seoul-building-60950","sourceId":"0000199065854490178900000000","pnu":"1117013000102610102","name":"서울특별시 용산구 이태원동","address":"서울특별시 용산구 이태원동","useName":"","floors":0.0,"height":0,"heightSource":"unknown","heightRaw":0.0,"sourceDate":"2026-09-09"},"geometry":{"type":"Polygon","coordinates":[[[126.99017274,37.54340236],[126.99013823,37.54343731],[126.99020091,37.54347651],[126.99023486,37.54345354],[126.99022841,37.54344759],[126.99030027,37.5433975],[126.99024663,37.54336146],[126.99018065,37.5434074],[126.99017274,37.54340236]]]}},{"type":"Feature","id":"seoul-building-60961","properties":{"id":"seoul-building-60961","sourceId":"2004199236034488218100000000","pnu":"1117013000102600030","name":"서울특별시 용산구 이태원동","address":"서울특별시 용산구 이태원동","useName":"단독주택","floors":3.0,"height":8.4,"heightSource":"measured","heightRaw":8.4,"sourceDate":"2026-09-09"},"geometry":{"type":"Polygon","coordinates":[[[126.99210991,37.54171998],[126.99223416,37.54163403],[126.99219049,37.54158987],[126.9921872,37.54158844],[126.99217872,37.54158969],[126.99214736,37.54161123],[126.99214115,37.54160546],[126.99207517,37.54165078],[126.99207427,37.54165799],[126.99207834,37.54166312],[126.99205639,37.54167952],[126.99210991,37.54171998]]]}},{"type":"Feature","id":"seoul-building-60964","properties":{"id":"seoul-building-60964","sourceId":"1993199447514487305300000000","pnu":"1117013000102580103","name":"서울특별시 용산구 이태원동","address":"서울특별시 용산구 이태원동","useName":"단독주택","floors":3.0,"height":9.1,"heightSource":"measured","heightRaw":9.1,"sourceDate":"2026-09-09"},"geometry":{"type":"Polygon","coordinates":[[[126.99450043,37.5408273],[126.9944916,37.54083894],[126.99458076,37.5408821],[126.99459989,37.54085704],[126.99458846,37.54085146],[126.99459514,37.54084281],[126.99459073,37.54082587],[126.99448856,37.54077874],[126.99446558,37.54081036],[126.99450043,37.5408273]]]}},{"type":"Feature","id":"seoul-building-60966","properties":{"id":"seoul-building-60966","sourceId":"1986199389744488157200000000","pnu":"1117013000102580066","name":"서울특별시 용산구 이태원동","address":"서울특별시 용산구 이태원동","useName":"단독주택","floors":2.0,"height":7.4,"heightSource":"estimated","heightRaw":0.0,"sourceDate":"2026-09-09"},"geometry":{"type":"Polygon","coordinates":[[[126.99397988,37.54157566],[126.99393394,37.54155169],[126.99392353,37.54156457],[126.99386062,37.54152907],[126.99381603,37.54157925],[126.99381173,37.54157682],[126.99378582,37.5416061],[126.99389976,37.54167025],[126.99397988,37.54157566]]]}},{"type":"Feature","id":"seoul-building-60967","properties":{"id":"seoul-building-60967","sourceId":"1989199356114488489000000000","pnu":"1117013000102580209","name":"서울특별시 용산구 이태원동","address":"서울특별시 용산구 이태원동","useName":"단독주택","floors":2.0,"height":7.3,"heightSource":"measured","heightRaw":7.3,"sourceDate":"2026-09-09"},"geometry":{"type":"Polygon","coordinates":[[[126.99355824,37.54193234],[126.99352521,37.54184287],[126.99344362,37.54186196],[126.99348401,37.54195126],[126.99355824,37.54193234]]]}},{"type":"Feature","id":"seoul-building-60968","properties":{"id":"seoul-building-60968","sourceId":"1988199307124488508400000000","pnu":"1117013000102580278","name":"서울특별시 용산구 이태원동","address":"서울특별시 용산구 이태원동","useName":"단독주택","floors":2.0,"height":7.3,"heightSource":"measured","heightRaw":7.3,"sourceDate":"2026-09-09"},"geometry":{"type":"Polygon","coordinates":[[[126.99298591,37.54195763],[126.99299225,37.54193087],[126.9930013,37.54193221],[126.99301353,37.54188067],[126.99292731,37.5418677],[126.99291406,37.54190437],[126.99290965,37.54190383],[126.99288124,37.5419023],[126.99287355,37.54194077],[126.99290806,37.54194591],[126.99298591,37.54195763]]]}},{"type":"Feature","id":"seoul-building-60971","properties":{"id":"seoul-building-60971","sourceId":"1985199179454488486700000000","pnu":"1117013000102600068","name":"서울특별시 용산구 이태원동","address":"서울특별시 용산구 이태원동","useName":"단독주택","floors":1.0,"height":4.2,"heightSource":"estimated","heightRaw":0.0,"sourceDate":"2026-09-09"},"geometry":{"type":"Polygon","coordinates":[[[126.99146084,37.54192085],[126.99152172,37.54192645],[126.99154073,37.54186761],[126.99149422,37.54185797],[126.99146084,37.54192085]]]}},{"type":"Feature","id":"seoul-building-60974","properties":{"id":"seoul-building-60974","sourceId":"1983199311874488767100000000","pnu":"1117013000102580273","name":"서울특별시 용산구 이태원동","address":"서울특별시 용산구 이태원동","useName":"단독주택","floors":2.0,"height":7.4,"heightSource":"estimated","heightRaw":0.0,"sourceDate":"2026-09-09"},"geometry":{"type":"Polygon","coordinates":[[[126.99301044,37.54219882],[126.99301451,37.54218792],[126.99302277,37.5421899],[126.99303726,37.54215152],[126.99305434,37.54215567],[126.99306714,37.54211783],[126.99297413,37.54209782],[126.99294424,37.54218296],[126.99301044,37.54219882]]]}},{"type":"Feature","id":"seoul-building-60978","properties":{"id":"seoul-building-60978","sourceId":"1994199344894488646800000000","pnu":"1117013000102580258","name":"서울특별시 용산구 이태원동","address":"서울특별시 용산구 이태원동","useName":"단독주택","floors":2.0,"height":7.6,"heightSource":"measured","heightRaw":7.6,"sourceDate":"2026-09-09"},"geometry":{"type":"Polygon","coordinates":[[[126.9934487,37.54204433],[126.99344111,37.54202477],[126.99342414,37.54202892],[126.99341464,37.54200414],[126.99331076,37.54202846],[126.99332807,37.54207378],[126.9934487,37.54204433]]]}},{"type":"Feature","id":"seoul-building-60985","properties":{"id":"seoul-building-60985","sourceId":"1967199300294488801400000000","pnu":"1117013000102580270","name":"서울특별시 용산구 이태원동","address":"서울특별시 용산구 이태원동","useName":"단독주택","floors":1.0,"height":4.2,"heightSource":"estimated","heightRaw":0.0,"sourceDate":"2026-09-09"},"geometry":{"type":"Polygon","coordinates":[[[126.99291924,37.54220575],[126.99292376,37.54218188],[126.99293994,37.54218386],[126.99294334,37.54216521],[126.99290804,37.54216106],[126.99281412,37.54215061],[126.99280665,37.54219313],[126.99290351,37.54220413],[126.99291924,37.54220575]]]}},{"type":"Feature","id":"seoul-building-60988","properties":{"id":"seoul-building-60988","sourceId":"1972199436704488192500000000","pnu":"1117013000102580047","name":"서울특별시 용산구 이태원동","address":"서울특별시 용산구 이태원동","useName":"단독주택","floors":2.0,"height":7.35,"heightSource":"measured","heightRaw":7.35,"sourceDate":"2026-09-09"},"geometry":{"type":"Polygon","coordinates":[[[126.99452888,37.54161758],[126.99445308,37.54154279],[126.99429986,37.54164118],[126.99437555,37.54171596],[126.99452888,37.54161758]]]}},{"type":"Feature","id":"seoul-building-60993","properties":{"id":"seoul-building-60993","sourceId":"1969199524084487063200000000","pnu":"1117013000100050001","name":"서울특별시 용산구 이태원동","address":"서울특별시 용산구 이태원동","useName":"제1종근린생활시설","floors":5.0,"height":18.73,"heightSource":"measured","heightRaw":18.73,"sourceDate":"2026-09-09"},"geometry":{"type":"Polygon","coordinates":[[[126.99545,37.54071148],[126.99546562,37.54066445],[126.99551677,37.54060949],[126.99553408,37.54061967],[126.99555954,37.54059229],[126.99556927,37.54059805],[126.99559722,37.54056805],[126.99554619,37.54054102],[126.99553453,37.54055345],[126.99549607,37.54053074],[126.99549278,37.54053426],[126.99547491,37.54052363],[126.99546993,37.54052912],[126.99545341,37.5405193],[126.99537703,37.54058426],[126.99526456,37.54055551],[126.99522325,37.54064597],[126.99545,37.54071148]]]}},{"type":"Feature","id":"seoul-building-61002","properties":{"id":"seoul-building-61002","sourceId":"0000199791594487155200000000","pnu":"1117013100200100138","name":"서울특별시 용산구 한남동","address":"서울특별시 용산구 한남동","useName":"","floors":0.0,"height":0,"heightSource":"unknown","heightRaw":0.0,"sourceDate":"2026-09-09"},"geometry":{"type":"Polygon","coordinates":[[[126.99839996,37.54073363],[126.99844172,37.54074021],[126.9984794,37.54072093],[126.99848257,37.54068714],[126.99846299,37.54065624],[126.99842044,37.54064912],[126.99838288,37.54066948],[126.99837406,37.5407021],[126.99839996,37.54073363]]]}},{"type":"Feature","id":"seoul-building-61003","properties":{"id":"seoul-building-61003","sourceId":"0000199773214488490100000000","pnu":"1117013100107720001","name":"서울특별시 용산구 한남동","address":"서울특별시 용산구 한남동","useName":"","floors":0.0,"height":0,"heightSource":"unknown","heightRaw":0.0,"sourceDate":"2026-09-09"},"geometry":{"type":"Polygon","coordinates":[[[126.99820203,37.54192015],[126.99821651,37.54192403],[126.99823225,37.54192304],[126.99824628,37.54191916],[126.99825419,37.54190889],[126.99825443,37.54190142],[126.99825443,37.54189385],[126.99825216,37.54188466],[126.99824525,37.5418761],[126.99823303,37.5418715],[126.99821674,37.54187132],[126.99819774,37.54187601],[126.99819061,37.54188772],[126.99818937,37.54189889],[126.99818992,37.54190691],[126.99819196,37.54191403],[126.99820203,37.54192015]]]}},{"type":"Feature","id":"seoul-building-61004","properties":{"id":"seoul-building-61004","sourceId":"0000199861864497092000000000","pnu":"1117013100200100013","name":"서울특별시 용산구 한남동","address":"서울특별시 용산구 한남동","useName":"","floors":0.0,"height":0,"heightSource":"unknown","heightRaw":0.0,"sourceDate":"2026-09-09"},"geometry":{"type":"Polygon","coordinates":[[[126.99926072,37.54978751],[126.99939358,37.54958893],[126.99918389,37.5495128],[126.9990576,37.54970083],[126.99926072,37.54978751]]]}},{"type":"Feature","id":"seoul-building-61023","properties":{"id":"seoul-building-61023","sourceId":"0000199091084488641900000000","pnu":"1117013000102600150","name":"서울특별시 용산구 이태원동","address":"서울특별시 용산구 이태원동","useName":"","floors":0.0,"height":0,"heightSource":"unknown","heightRaw":0.0,"sourceDate":"2026-09-09"},"geometry":{"type":"Polygon","coordinates":[[[126.99050569,37.54206214],[126.99053681,37.54205323],[126.99051193,37.54199808],[126.99048024,37.54200709],[126.99048918,37.54202682],[126.99047198,37.54203178],[126.99048578,37.5420625],[126.99050569,37.54206214]]]}},{"type":"Feature","id":"seoul-building-61034","properties":{"id":"seoul-building-61034","sourceId":"1972199133864489105700000000","pnu":"1117013000102600146","name":"서울특별시 용산구 이태원동","address":"서울특별시 용산구 이태원동","useName":"단독주택","floors":2.0,"height":7.4,"heightSource":"estimated","heightRaw":0.0,"sourceDate":"2026-09-09"},"geometry":{"type":"Polygon","coordinates":[[[126.990926,37.54251529],[126.99109155,37.54247035],[126.99106542,37.54241259],[126.99105727,37.54241493],[126.99104743,37.54239313],[126.99101529,37.54240231],[126.99101382,37.54239898],[126.99095362,37.54241618],[126.99095034,37.54240898],[126.99088845,37.54242663],[126.990926,37.54251529]]]}},{"type":"Feature","id":"seoul-building-61046","properties":{"id":"seoul-building-61046","sourceId":"1966199485184488528500000000","pnu":"1117013000102580038","name":"서울특별시 용산구 이태원동","address":"서울특별시 용산구 이태원동","useName":"단독주택","floors":2.0,"height":7.7,"heightSource":"measured","heightRaw":7.7,"sourceDate":"2026-09-09"},"geometry":{"type":"Polygon","coordinates":[[[126.99506181,37.5419171],[126.99500569,37.5418606],[126.99490951,37.54192114],[126.99490442,37.54191601],[126.994863,37.54194204],[126.99492421,37.54200367],[126.99506181,37.5419171]]]}},{"type":"Feature","id":"seoul-building-61051","properties":{"id":"seoul-building-61051","sourceId":"0000199497064488578800000000","pnu":"1117013000102580087","name":"서울특별시 용산구 이태원동","address":"서울특별시 용산구 이태원동","useName":"","floors":0.0,"height":0,"heightSource":"unknown","heightRaw":0.0,"sourceDate":"2026-09-09"},"geometry":{"type":"Polygon","coordinates":[[[126.99507595,37.54201314],[126.99514859,37.54198891],[126.99510775,37.54193493],[126.99504813,37.54197773],[126.99507595,37.54201314]]]}},{"type":"Feature","id":"seoul-building-61055","properties":{"id":"seoul-building-61055","sourceId":"1995199136814489746900000000","pnu":"1117013000102600369","name":"서울특별시 용산구 이태원동","address":"서울특별시 용산구 이태원동","useName":"공동주택","floors":2.0,"height":7.0,"heightSource":"measured","heightRaw":7.0,"sourceDate":"2026-09-09"},"geometry":{"type":"Polygon","coordinates":[[[126.99092821,37.54300175],[126.99096102,37.54309338],[126.99109862,37.5430623],[126.99109386,37.54304887],[126.9911114,37.54304491],[126.99108346,37.54296661],[126.99092821,37.54300175]]]}},{"type":"Feature","id":"seoul-building-61074","properties":{"id":"seoul-building-61074","sourceId":"1999199446314487038600000000","pnu":"1117013000100050007","name":"서울특별시 용산구 이태원동","address":"서울특별시 용산구 이태원동","useName":"단독주택","floors":3.0,"height":11.1,"heightSource":"measured","heightRaw":11.1,"sourceDate":"2026-09-09"},"geometry":{"type":"Polygon","coordinates":[[[126.99453517,37.54065882],[126.99459753,37.5406418],[126.99455228,37.54055106],[126.9945637,37.54048664],[126.99453745,37.5404761],[126.99451346,37.5404906],[126.99452262,37.54053737],[126.99449027,37.54055872],[126.99444556,37.54060232],[126.99447011,37.54065494],[126.99453517,37.54065882]]]}},{"type":"Feature","id":"seoul-building-61083","properties":{"id":"seoul-building-61083","sourceId":"1988199086674488585800000000","pnu":"1117013000102600151","name":"서울특별시 용산구 이태원동","address":"서울특별시 용산구 이태원동","useName":"제2종근린생활시설","floors":2.0,"height":7.2,"heightSource":"measured","heightRaw":7.2,"sourceDate":"2026-09-09"},"geometry":{"type":"Polygon","coordinates":[[[126.99047945,37.54202223],[126.99047277,37.54200619],[126.9905091,37.54199448],[126.99048025,37.54193771],[126.99040104,37.54195708],[126.99042027,37.54199654],[126.9904119,37.54199907],[126.99042423,37.54202439],[126.99044697,37.54203078],[126.99047945,37.54202223]]]}},{"type":"Feature","id":"seoul-building-61084","properties":{"id":"seoul-building-61084","sourceId":"1996199124874488318900000000","pnu":"1117013000102600126","name":"서울특별시 용산구 이태원동","address":"서울특별시 용산구 이태원동","useName":"단독주택","floors":2.0,"height":7.8,"heightSource":"measured","heightRaw":7.8,"sourceDate":"2026-09-09"},"geometry":{"type":"Polygon","coordinates":[[[126.99093888,37.54175367],[126.99095405,37.54173196],[126.99093018,37.54171466],[126.99092203,37.54172511],[126.990902,37.5417152],[126.99084599,37.54171988],[126.99082053,37.54173187],[126.99083919,37.54176214],[126.99084915,37.54175827],[126.99086409,37.54178251],[126.99093888,37.54175367]]]}},{"type":"Feature","id":"seoul-building-61090","properties":{"id":"seoul-building-61090","sourceId":"1984199081994488953100000000","pnu":"1117013000102610027","name":"서울특별시 용산구 이태원동","address":"서울특별시 용산구 이태원동","useName":"단독주택","floors":1.0,"height":4.2,"heightSource":"estimated","heightRaw":0.0,"sourceDate":"2026-09-09"},"geometry":{"type":"Polygon","coordinates":[[[126.99043924,37.54235524],[126.99040745,37.54225658],[126.99038336,37.54226153],[126.99037101,37.54229388],[126.99038063,37.54236163],[126.99043924,37.54235524]]]}},{"type":"Feature","id":"seoul-building-61104","properties":{"id":"seoul-building-61104","sourceId":"1980199151514488904600000000","pnu":"1117013000102600148","name":"서울특별시 용산구 이태원동","address":"서울특별시 용산구 이태원동","useName":"단독주택","floors":2.0,"height":6.25,"heightSource":"measured","heightRaw":6.25,"sourceDate":"2026-09-09"},"geometry":{"type":"Polygon","coordinates":[[[126.99113661,37.54230105],[126.991134,37.54231582],[126.99122022,37.54232791],[126.9912277,37.54229195],[126.9912733,37.54229799],[126.99128609,37.542237],[126.99123868,37.54223078],[126.99123811,37.5422333],[126.99116672,37.54222384],[126.99116547,37.54223221],[126.99111127,37.54222689],[126.99111082,37.54223113],[126.99110674,37.54223086],[126.99109429,37.54229636],[126.99113661,37.54230105]]]}},{"type":"Feature","id":"seoul-building-61113","properties":{"id":"seoul-building-61113","sourceId":"2007199298254488876700000000","pnu":"1117013000102580269","name":"서울특별시 용산구 이태원동","address":"서울특별시 용산구 이태원동","useName":"공동주택","floors":3.0,"height":8.1,"heightSource":"measured","heightRaw":8.1,"sourceDate":"2026-09-09"},"geometry":{"type":"Polygon","coordinates":[[[126.9929259,37.54227829],[126.99293655,37.54220981],[126.99290803,37.54220702],[126.99280688,37.54219557],[126.99279352,37.5422426],[126.99275697,37.54223602],[126.9927495,37.54228052],[126.99286299,37.54229243],[126.99286582,37.54227513],[126.99289603,37.54227837],[126.99289773,37.54227549],[126.99290804,37.54227648],[126.9929259,37.54227829]]]}},{"type":"Feature","id":"seoul-building-61117","properties":{"id":"seoul-building-61117","sourceId":"1995199263674489031200000000","pnu":"1117013000102580297","name":"서울특별시 용산구 이태원동","address":"서울특별시 용산구 이태원동","useName":"단독주택","floors":2.0,"height":7.5,"heightSource":"measured","heightRaw":7.5,"sourceDate":"2026-09-09"},"geometry":{"type":"Polygon","coordinates":[[[126.99244758,37.5424644],[126.9924451,37.54245125],[126.99255045,37.5424181],[126.99253031,37.54237746],[126.99252669,37.54237854],[126.99251956,37.54236413],[126.99251617,37.54236521],[126.99249931,37.54233124],[126.99249546,37.54233241],[126.99247974,37.54230043],[126.99238039,37.54233168],[126.99241929,37.54248792],[126.99244758,37.5424644]]]}},{"type":"Feature","id":"seoul-building-61128","properties":{"id":"seoul-building-61128","sourceId":"2003199109314489456100000000","pnu":"1117013000102600461","name":"서울특별시 용산구 이태원동","address":"서울특별시 용산구 이태원동","useName":"공동주택","floors":3.0,"height":7.81,"heightSource":"measured","heightRaw":7.81,"sourceDate":"2026-09-09"},"geometry":{"type":"Polygon","coordinates":[[[126.99062431,37.54269962],[126.99067872,37.54286306],[126.99079516,37.54283847],[126.99073985,37.5426698],[126.99062431,37.54269962]]]}},{"type":"Feature","id":"seoul-building-61131","properties":{"id":"seoul-building-61131","sourceId":"1980199108104489921300000000","pnu":"1117013000102600282","name":"서울특별시 용산구 이태원동","address":"서울특별시 용산구 이태원동","useName":"제1종근린생활시설","floors":2.0,"height":7.4,"heightSource":"estimated","heightRaw":0.0,"sourceDate":"2026-09-09"},"geometry":{"type":"Polygon","coordinates":[[[126.99073176,37.54311273],[126.99068038,37.54312029],[126.99068932,37.54315859],[126.99067834,37.54316021],[126.99068196,37.54317552],[126.99062108,37.54318453],[126.99062696,37.54321003],[126.99062074,37.54321093],[126.99062605,37.54323372],[126.99065843,37.54322895],[126.99066091,37.54323958],[126.99075788,37.54322536],[126.99073176,37.54311273]]]}},{"type":"Feature","id":"seoul-building-61136","properties":{"id":"seoul-building-61136","sourceId":"1973199275424487512300000000","pnu":"1117013000102580340","name":"서울특별시 용산구 이태원동","address":"서울특별시 용산구 이태원동","useName":"단독주택","floors":3.0,"height":8.6,"heightSource":"measured","heightRaw":8.6,"sourceDate":"2026-09-09"},"geometry":{"type":"Polygon","coordinates":[[[126.99264451,37.54099263],[126.99263478,37.54097371],[126.99254098,37.54097163],[126.99253791,37.54106327],[126.99263964,37.54105597],[126.99264451,37.54099263]]]}},{"type":"Feature","id":"seoul-building-61144","properties":{"id":"seoul-building-61144","sourceId":"1997199304954486763600000000","pnu":"1117013000102280006","name":"서울특별시 용산구 이태원동","address":"서울특별시 용산구 이태원동","useName":"업무시설","floors":5.0,"height":19.0,"heightSource":"estimated","heightRaw":0.0,"sourceDate":"2026-09-09"},"geometry":{"type":"Polygon","coordinates":[[[126.992908,37.5402204],[126.99283625,37.54021337],[126.99280512,37.54045178],[126.99290809,37.54046033],[126.99301411,37.5404689],[126.99302294,37.54039998],[126.99301909,37.54039961],[126.99303778,37.54025384],[126.9930414,37.5402542],[126.99304434,37.5402314],[126.99301051,37.5402287],[126.992908,37.5402204]]]}},{"type":"Feature","id":"seoul-building-61145","properties":{"id":"seoul-building-61145","sourceId":"1998199171354488445000000000","pnu":"1117013000102600067","name":"서울특별시 용산구 이태원동","address":"서울특별시 용산구 이태원동","useName":"단독주택","floors":2.0,"height":7.0,"heightSource":"measured","heightRaw":7.0,"sourceDate":"2026-09-09"},"geometry":{"type":"Polygon","coordinates":[[[126.99146786,37.54186382],[126.99144727,37.54185391],[126.99145078,37.54184931],[126.99140269,37.54183039],[126.99140359,37.54179967],[126.99136965,37.54179894],[126.99136694,37.54181507],[126.99138628,37.54187436],[126.99142757,37.54191671],[126.99146786,37.54186382]]]}},{"type":"Feature","id":"seoul-building-61146","properties":{"id":"seoul-building-61146","sourceId":"1998199151864487558800000000","pnu":"1117013000102600100","name":"서울특별시 용산구 이태원동","address":"서울특별시 용산구 이태원동","useName":"단독주택","floors":3.0,"height":8.12,"heightSource":"measured","heightRaw":8.12,"sourceDate":"2026-09-09"},"geometry":{"type":"Polygon","coordinates":[[[126.99115554,37.54103587],[126.99114095,37.54104091],[126.9911354,37.54105074],[126.99113144,37.54106011],[126.99113144,37.5410665],[126.99113336,37.54107515],[126.99114648,37.54108136],[126.99117081,37.54108137],[126.99117217,37.54108228],[126.99124549,37.54108227],[126.99124493,37.54103308],[126.99116935,37.54103361],[126.99115554,37.54103352],[126.99115554,37.54103587]]]}},{"type":"Feature","id":"seoul-building-61148","properties":{"id":"seoul-building-61148","sourceId":"1969199131884487588800000000","pnu":"1117013000102600101","name":"서울특별시 용산구 이태원동","address":"서울특별시 용산구 이태원동","useName":"제1종근린생활시설","floors":2.0,"height":6.6,"heightSource":"measured","heightRaw":6.6,"sourceDate":"2026-09-09"},"geometry":{"type":"Polygon","coordinates":[[[126.99102544,37.541025],[126.99095268,37.54101576],[126.99094149,37.5410699],[126.99092367,37.54106231],[126.99088657,37.54111452],[126.99090487,37.54112374],[126.99088792,37.54114288],[126.99093411,37.54116593],[126.99101345,37.54108637],[126.99105639,37.54109011],[126.99102544,37.541025]]]}},{"type":"Feature","id":"seoul-building-61149","properties":{"id":"seoul-building-61149","sourceId":"0000199089804486735100000000","pnu":"1117013000102530004","name":"서울특별시 용산구 이태원동","address":"서울특별시 용산구 이태원동","useName":"","floors":0.0,"height":0,"heightSource":"unknown","heightRaw":0.0,"sourceDate":"2026-09-09"},"geometry":{"type":"Polygon","coordinates":[[[126.99044281,37.54033658],[126.99052972,37.54035129],[126.99053886,37.54032572],[126.99052786,37.54030377],[126.99050537,37.54028701],[126.99045325,37.5402774],[126.99044281,37.54033658]]]}},{"type":"Feature","id":"seoul-building-61150","properties":{"id":"seoul-building-61150","sourceId":"2001199180554487570400000000","pnu":"1117013000102600261","name":"서울특별시 용산구 이태원동","address":"서울특별시 용산구 이태원동","useName":"단독주택","floors":3.0,"height":10.7,"heightSource":"measured","heightRaw":10.7,"sourceDate":"2026-09-09"},"geometry":{"type":"Polygon","coordinates":[[[126.9914391,37.54102224],[126.99146052,37.54111708],[126.99149537,37.5411256],[126.99156472,37.5411195],[126.99156299,37.54111012],[126.99159061,37.54110642],[126.99157424,37.54101478],[126.9914391,37.54102224]]]}},{"type":"Feature","id":"seoul-building-61151","properties":{"id":"seoul-building-61151","sourceId":"0000199232954487188800000000","pnu":"1117013000102470011","name":"서울특별시 용산구 이태원동","address":"서울특별시 용산구 이태원동","useName":"","floors":0.0,"height":0,"heightSource":"unknown","heightRaw":0.0,"sourceDate":"2026-09-09"},"geometry":{"type":"Polygon","coordinates":[[[126.99210048,37.5407448],[126.99213285,37.54074839],[126.99212945,37.54072613],[126.99210945,37.54070177],[126.99208839,37.54070121],[126.99208804,37.54072994],[126.99210029,37.54073162],[126.99210048,37.5407448]]]}},{"type":"Feature","id":"seoul-building-61171","properties":{"id":"seoul-building-61171","sourceId":"1996199097394490119100000000","pnu":"1117013000102610016","name":"서울특별시 용산구 이태원동","address":"서울특별시 용산구 이태원동","useName":"제2종근린생활시설","floors":3.0,"height":10.4,"heightSource":"measured","heightRaw":10.4,"sourceDate":"2026-09-09"},"geometry":{"type":"Polygon","coordinates":[[[126.99063927,37.54334743],[126.9905886,37.54331535],[126.99053201,37.54336355],[126.99051968,37.54335572],[126.9905035,37.54337184],[126.99057172,37.54341509],[126.99063927,37.54334743]]]}},{"type":"Feature","id":"seoul-building-61225","properties":{"id":"seoul-building-61225","sourceId":"1979199120854489942700000000","pnu":"1117013000102600220","name":"서울특별시 용산구 이태원동","address":"서울특별시 용산구 이태원동","useName":"공동주택","floors":2.0,"height":6.9,"heightSource":"estimated","heightRaw":0.0,"sourceDate":"2026-09-09"},"geometry":{"type":"Polygon","coordinates":[[[126.99086562,37.54311103],[126.99075676,37.54313661],[126.99081774,37.54330087],[126.99092128,37.54327907],[126.99086562,37.54311103]]]}},{"type":"Feature","id":"seoul-building-61228","properties":{"id":"seoul-building-61228","sourceId":"1999199101884489201700000000","pnu":"1117013000102600259","name":"서울특별시 용산구 이태원동","address":"서울특별시 용산구 이태원동","useName":"단독주택","floors":3.0,"height":9.43,"heightSource":"measured","heightRaw":9.43,"sourceDate":"2026-09-09"},"geometry":{"type":"Polygon","coordinates":[[[126.99059603,37.54262771],[126.99071179,37.54260115],[126.99065829,37.54245356],[126.99053914,37.54247058],[126.99059603,37.54262771]]]}},{"type":"Feature","id":"seoul-building-61229","properties":{"id":"seoul-building-61229","sourceId":"2003199115074489672900000000","pnu":"1117013000102600290","name":"서울특별시 용산구 이태원동","address":"서울특별시 용산구 이태원동","useName":"공동주택","floors":3.0,"height":7.15,"heightSource":"measured","heightRaw":7.15,"sourceDate":"2026-09-09"},"geometry":{"type":"Polygon","coordinates":[[[126.99068686,37.54289297],[126.990745,37.54305795],[126.99086223,37.54303183],[126.99080613,37.54286929],[126.99068686,37.54289297]]]}},{"type":"Feature","id":"seoul-building-61235","properties":{"id":"seoul-building-61235","sourceId":"1997199127724489405600000000","pnu":"1117013000102600216","name":"서울특별시 용산구 이태원동","address":"서울특별시 용산구 이태원동","useName":"공동주택","floors":3.0,"height":9.45,"heightSource":"measured","heightRaw":9.45,"sourceDate":"2026-09-09"},"geometry":{"type":"Polygon","coordinates":[[[126.9908461,37.54270134],[126.99082776,37.54270647],[126.99085514,37.54278892],[126.99100903,37.54274721],[126.99098178,37.54265612],[126.99084135,37.54269054],[126.9908461,37.54270134]]]}},{"type":"Feature","id":"seoul-building-61249","properties":{"id":"seoul-building-61249","sourceId":"1996199116704486515000000000","pnu":"1117013000102520001","name":"서울특별시 용산구 이태원동","address":"서울특별시 용산구 이태원동","useName":"공동주택","floors":5.0,"height":15.96,"heightSource":"measured","heightRaw":15.956,"sourceDate":"2026-09-09"},"geometry":{"type":"Polygon","coordinates":[[[126.99070291,37.5402935],[126.99069805,37.54030342],[126.99075258,37.54031864],[126.99077386,37.54027674],[126.99078268,37.54027954],[126.990824,37.54019782],[126.99083588,37.54020161],[126.99084968,37.54017431],[126.99084188,37.54017223],[126.99090639,37.5400534],[126.99091487,37.54005628],[126.990928,37.54003142],[126.99092121,37.54002998],[126.9909546,37.53997105],[126.99081736,37.53992167],[126.99063536,37.54027259],[126.99070291,37.5402935]]]}},{"type":"Feature","id":"seoul-building-61252","properties":{"id":"seoul-building-61252","sourceId":"2003199055564486964600000000","pnu":"1117013000102540010","name":"다원아파트","address":"서울특별시 용산구 이태원동","useName":"공동주택","floors":5.0,"height":17.9,"heightSource":"measured","heightRaw":17.9,"sourceDate":"2026-09-09"},"geometry":{"type":"Polygon","coordinates":[[[126.99016417,37.54054916],[126.99023457,37.54039599],[126.99015311,37.5403722],[126.99009517,37.54038662],[126.9900482,37.54049734],[126.99008452,37.54051186],[126.99008123,37.54052285],[126.98999117,37.54050598],[126.98993582,37.54059879],[126.99014933,37.54066098],[126.99019641,37.54055854],[126.99016417,37.54054916]]]}},{"type":"Feature","id":"seoul-building-61297","properties":{"id":"seoul-building-61297","sourceId":"0000199327624486776500000000","pnu":"1117013000102280004","name":"서울특별시 용산구 이태원동","address":"서울특별시 용산구 이태원동","useName":"","floors":0.0,"height":0,"heightSource":"unknown","heightRaw":0.0,"sourceDate":"2026-09-09"},"geometry":{"type":"Polygon","coordinates":[[[126.99324743,37.54042053],[126.99328772,37.54034774],[126.99311302,37.54028646],[126.99307273,37.54035925],[126.99324743,37.54042053]]]}},{"type":"Feature","id":"seoul-building-61298","properties":{"id":"seoul-building-61298","sourceId":"2002199302154487312400000000","pnu":"1117013000102470012","name":"서울특별시 용산구 이태원동","address":"서울특별시 용산구 이태원동","useName":"공동주택","floors":4.0,"height":14.7,"heightSource":"measured","heightRaw":14.7,"sourceDate":"2026-09-09"},"geometry":{"type":"Polygon","coordinates":[[[126.99300062,37.5407802],[126.9927957,37.54076874],[126.99278664,37.54089326],[126.99298476,37.54090436],[126.99300062,37.5407802]]]}},{"type":"Feature","id":"seoul-building-61299","properties":{"id":"seoul-building-61299","sourceId":"2003199157494487788700000000","pnu":"1117013000102600109","name":"서울특별시 용산구 이태원동","address":"서울특별시 용산구 이태원동","useName":"제2종근린생활시설","floors":3.0,"height":11.8,"heightSource":"measured","heightRaw":11.8,"sourceDate":"2026-09-09"},"geometry":{"type":"Polygon","coordinates":[[[126.99119274,37.54123499],[126.99118018,37.54128122],[126.99131844,37.54130032],[126.99133044,37.54125635],[126.99122239,37.54122635],[126.99121888,37.5412394],[126.99119274,37.54123499]]]}},{"type":"Feature","id":"seoul-building-61300","properties":{"id":"seoul-building-61300","sourceId":"2012199249034487287200000000","pnu":"1117013000102470015","name":"대영파크빌","address":"서울특별시 용산구 이태원동","useName":"공동주택","floors":4.0,"height":12.04,"heightSource":"measured","heightRaw":12.04,"sourceDate":"2026-09-09"},"geometry":{"type":"Polygon","coordinates":[[[126.9923664,37.5408927],[126.99237964,37.54074367],[126.99221558,37.54073447],[126.99220232,37.5408834],[126.9923664,37.5408927]]]}},{"type":"Feature","id":"seoul-building-61301","properties":{"id":"seoul-building-61301","sourceId":"1990199327324486892300000000","pnu":"1117013000102280008","name":"서울특별시 용산구 이태원동","address":"서울특별시 용산구 이태원동","useName":"공동주택","floors":2.0,"height":7.2,"heightSource":"measured","heightRaw":7.2,"sourceDate":"2026-09-09"},"geometry":{"type":"Polygon","coordinates":[[[126.99326859,37.54045639],[126.99312896,37.54039404],[126.99309309,37.54044485],[126.99310078,37.54044827],[126.99309082,37.5404626],[126.99322275,37.54052153],[126.99326859,37.54045639]]]}},{"type":"Feature","id":"seoul-building-61302","properties":{"id":"seoul-building-61302","sourceId":"2003199239544487039900000000","pnu":"1117013000102470021","name":"서울특별시 용산구 이태원동","address":"서울특별시 용산구 이태원동","useName":"공동주택","floors":5.0,"height":12.9,"heightSource":"measured","heightRaw":12.9,"sourceDate":"2026-09-09"},"geometry":{"type":"Polygon","coordinates":[[[126.9921064,37.54060751],[126.99210617,37.54061868],[126.99215663,37.54065401],[126.9922673,37.54065293],[126.99226708,37.54053192],[126.99218301,37.54053211],[126.99218313,37.54053796],[126.99209317,37.54054039],[126.99208445,37.54054075],[126.99208298,37.54060724],[126.9921064,37.54060751]]]}},{"type":"Feature","id":"seoul-building-61321","properties":{"id":"seoul-building-61321","sourceId":"0000199658004487888100000000","pnu":"1117013000102580147","name":"서울특별시 용산구 이태원동","address":"서울특별시 용산구 이태원동","useName":"","floors":0.0,"height":0,"heightSource":"unknown","heightRaw":0.0,"sourceDate":"2026-09-09"},"geometry":{"type":"Polygon","coordinates":[[[126.9969309,37.54137197],[126.99694324,37.5413589],[126.99693566,37.54133845],[126.99690917,37.54133844],[126.99689209,37.54135096],[126.99690272,37.54137197],[126.9969309,37.54137197]]]}},{"type":"Feature","id":"seoul-building-61322","properties":{"id":"seoul-building-61322","sourceId":"0000199775994488442400000000","pnu":"1117013100107720001","name":"서울특별시 용산구 한남동","address":"서울특별시 용산구 한남동","useName":"","floors":0.0,"height":0,"heightSource":"unknown","heightRaw":0.0,"sourceDate":"2026-09-09"},"geometry":{"type":"Polygon","coordinates":[[[126.9982491,37.54183366],[126.99822772,37.54186177],[126.99825737,37.54187601],[126.99827931,37.54184745],[126.9982491,37.54183366]]]}},{"type":"Feature","id":"seoul-building-61323","properties":{"id":"seoul-building-61323","sourceId":"0000199675244488116600000000","pnu":"1117013000102580141","name":"서울특별시 용산구 이태원동","address":"서울특별시 용산구 이태원동","useName":"","floors":0.0,"height":0,"heightSource":"unknown","heightRaw":0.0,"sourceDate":"2026-09-09"},"geometry":{"type":"Polygon","coordinates":[[[126.99709518,37.5415801],[126.99714294,37.54155289],[126.99713366,37.54154207],[126.99708387,37.54156856],[126.99709518,37.5415801]]]}},{"type":"Feature","id":"seoul-building-61325","properties":{"id":"seoul-building-61325","sourceId":"0000199617454487697600000000","pnu":"1117013000102580462","name":"서울특별시 용산구 이태원동","address":"서울특별시 용산구 이태원동","useName":"","floors":0.0,"height":0,"heightSource":"unknown","heightRaw":0.0,"sourceDate":"2026-09-09"},"geometry":{"type":"Polygon","coordinates":[[[126.99647479,37.54123815],[126.99652424,37.54116661],[126.99642354,37.54114093],[126.9963983,37.54118093],[126.99647479,37.54123815]]]}},{"type":"Feature","id":"seoul-building-61326","properties":{"id":"seoul-building-61326","sourceId":"0000199608904487020000000000","pnu":"1117013000102580007","name":"서울특별시 용산구 이태원동","address":"서울특별시 용산구 이태원동","useName":"","floors":0.0,"height":0,"heightSource":"unknown","heightRaw":0.0,"sourceDate":"2026-09-09"},"geometry":{"type":"Polygon","coordinates":[[[126.99634097,37.54053366],[126.99635409,37.54061492],[126.99638611,37.54061196],[126.99636993,37.54052943],[126.99634097,37.54053366]]]}},{"type":"Feature","id":"seoul-building-61449","properties":{"id":"seoul-building-61449","sourceId":"1993199180694487306600000000","pnu":"1117013000102500001","name":"서울특별시 용산구 이태원동","address":"서울특별시 용산구 이태원동","useName":"단독주택","floors":4.0,"height":13.2,"heightSource":"measured","heightRaw":13.2,"sourceDate":"2026-09-09"},"geometry":{"type":"Polygon","coordinates":[[[126.99145609,37.54089515],[126.99144851,37.54091056],[126.99151334,37.54093102],[126.99160784,37.54076506],[126.99151834,37.54073145],[126.99145338,37.54085623],[126.99144614,37.5408538],[126.99142905,37.54088659],[126.99145609,37.54089515]]]}},{"type":"Feature","id":"seoul-building-61534","properties":{"id":"seoul-building-61534","sourceId":"0000199537754487412200000000","pnu":"1117013000100020005","name":"서울특별시 용산구 이태원동","address":"서울특별시 용산구 이태원동","useName":"","floors":0.0,"height":0,"heightSource":"unknown","heightRaw":0.0,"sourceDate":"2026-09-09"},"geometry":{"type":"Polygon","coordinates":[[[126.99562919,37.54092935],[126.99549825,37.54089313],[126.99548768,37.54092338],[126.99561448,37.54095954],[126.99562919,37.54092935]]]}},{"type":"Feature","id":"seoul-building-61694","properties":{"id":"seoul-building-61694","sourceId":"0000199549584487389200000000","pnu":"1117013000100030007","name":"서울특별시 용산구 이태원동","address":"서울특별시 용산구 이태원동","useName":"","floors":0.0,"height":0,"heightSource":"unknown","heightRaw":0.0,"sourceDate":"2026-09-09"},"geometry":{"type":"Polygon","coordinates":[[[126.99565673,37.54092186],[126.99571779,37.54093433],[126.99572426,37.54091362],[126.99571013,37.54091091],[126.99571626,37.5408932],[126.99570946,37.54089057],[126.99571361,37.5408793],[126.9956782,37.54087319],[126.99567074,37.54090274],[126.9956615,37.54090073],[126.99565673,37.54092186]]]}},{"type":"Feature","id":"seoul-building-61795","properties":{"id":"seoul-building-61795","sourceId":"1999199244484487791700000000","pnu":"1117013000102580330","name":"서울특별시 용산구 이태원동","address":"서울특별시 용산구 이태원동","useName":"단독주택","floors":3.0,"height":9.55,"heightSource":"measured","heightRaw":9.55,"sourceDate":"2026-09-09"},"geometry":{"type":"Polygon","coordinates":[[[126.99230842,37.54125192],[126.99223951,37.54123434],[126.99217717,37.54123965],[126.99216811,37.54126317],[126.99217603,37.54126416],[126.9921715,37.54128542],[126.99229246,37.54130742],[126.99230842,37.54125192]]]}},{"type":"Feature","id":"seoul-building-61914","properties":{"id":"seoul-building-61914","sourceId":"1991199148774488573500000000","pnu":"1117013000102600073","name":"서울특별시 용산구 이태원동","address":"서울특별시 용산구 이태원동","useName":"단독주택","floors":3.0,"height":9.9,"heightSource":"measured","heightRaw":9.9,"sourceDate":"2026-09-09"},"geometry":{"type":"Polygon","coordinates":[[[126.991193,37.54201201],[126.99119153,37.54199967],[126.991224,37.54199733],[126.99121575,37.54192561],[126.99110577,37.54193768],[126.99110645,37.54194164],[126.99109094,37.54194335],[126.99109784,37.54201895],[126.991193,37.54201201]]]}},{"type":"Feature","id":"seoul-building-62069","properties":{"id":"seoul-building-62069","sourceId":"2010199532424486553000000000","pnu":"1117013000102430008","name":"서울특별시 용산구 이태원동","address":"서울특별시 용산구 이태원동","useName":"단독주택","floors":3.0,"height":9.65,"heightSource":"measured","heightRaw":9.65,"sourceDate":"2026-09-09"},"geometry":{"type":"Polygon","coordinates":[[[126.99556266,37.54017025],[126.99554208,37.54015594],[126.99552746,37.54015792],[126.99543334,37.5400705],[126.99539269,37.54009563],[126.9954638,37.54016028],[126.99546981,37.54015673],[126.99551026,37.54020869],[126.99551666,37.54020498],[126.99555486,37.54022442],[126.99560516,37.54017418],[126.99557769,37.54015888],[126.99556266,37.54017025]]]}},{"type":"Feature","id":"seoul-building-62073","properties":{"id":"seoul-building-62073","sourceId":"1998199076194488719000000000","pnu":"1117013000102610040","name":"서울특별시 용산구 이태원동","address":"서울특별시 용산구 이태원동","useName":"단독주택","floors":2.0,"height":6.3,"heightSource":"measured","heightRaw":6.3,"sourceDate":"2026-09-09"},"geometry":{"type":"Polygon","coordinates":[[[126.99032352,37.54213107],[126.99036732,37.54214195],[126.99038281,37.5421186],[126.99036059,37.54207935],[126.99035304,37.54208205],[126.99033891,37.54206136],[126.99030769,37.54207188],[126.99029469,37.54208961],[126.99028171,37.54210733],[126.99032352,37.54213107]]]}},{"type":"Feature","id":"seoul-building-62074","properties":{"id":"seoul-building-62074","sourceId":"2008199285134487297400000000","pnu":"1117013000102470013","name":"부광빌라","address":"서울특별시 용산구 이태원동","useName":"공동주택","floors":4.0,"height":14.6,"heightSource":"measured","heightRaw":14.6,"sourceDate":"2026-09-09"},"geometry":{"type":"Polygon","coordinates":[[[126.99264284,37.54086406],[126.9926416,37.54088406],[126.99274976,37.54088731],[126.99275065,37.54086849],[126.9927839,37.54086961],[126.99278792,37.54077464],[126.99274751,37.54077464],[126.99274751,37.54076155],[126.99265727,37.54076048],[126.99265706,37.54077128],[126.99261535,37.54077079],[126.9926127,37.54081678],[126.99261004,37.54086277],[126.99264284,37.54086406]]]}},{"type":"Feature","id":"seoul-building-62142","properties":{"id":"seoul-building-62142","sourceId":"0000199549684486451700000000","pnu":"1117013000102430005","name":"서울특별시 용산구 이태원동","address":"서울특별시 용산구 이태원동","useName":"","floors":0.0,"height":0,"heightSource":"unknown","heightRaw":0.0,"sourceDate":"2026-09-09"},"geometry":{"type":"Polygon","coordinates":[[[126.99558061,37.54006141],[126.99565359,37.54011448],[126.99571097,37.54014665],[126.99575046,37.54010206],[126.99581779,37.54007593],[126.99572818,37.54000709],[126.99566842,37.53997573],[126.99558061,37.54006141]]]}},{"type":"Feature","id":"seoul-building-62146","properties":{"id":"seoul-building-62146","sourceId":"1991199325374487194400000000","pnu":"1117013000102470010","name":"서울특별시 용산구 이태원동","address":"서울특별시 용산구 이태원동","useName":"공동주택","floors":3.0,"height":8.7,"heightSource":"measured","heightRaw":8.7,"sourceDate":"2026-09-09"},"geometry":{"type":"Polygon","coordinates":[[[126.99324774,37.54076156],[126.99325464,37.54075354],[126.99324481,37.54068353],[126.99305392,37.54070046],[126.99306308,37.54077542],[126.99324774,37.54076156]]]}},{"type":"Feature","id":"seoul-building-62151","properties":{"id":"seoul-building-62151","sourceId":"1993199108574488765500000000","pnu":"1117013000102600251","name":"크레도빌라","address":"서울특별시 용산구 이태원동","useName":"공동주택","floors":3.0,"height":12.0,"heightSource":"measured","heightRaw":12.0,"sourceDate":"2026-09-09"},"geometry":{"type":"Polygon","coordinates":[[[126.9908232,37.54213632],[126.99080815,37.54211101],[126.99081324,37.54210911],[126.990793,37.54207487],[126.99057696,37.54215576],[126.99061216,37.54221532],[126.9908232,37.54213632]]]}},{"type":"Feature","id":"seoul-building-62202","properties":{"id":"seoul-building-62202","sourceId":"2005199328624487314500000000","pnu":"1117013000102470001","name":"서울특별시 용산구 이태원동","address":"서울특별시 용산구 이태원동","useName":"공동주택","floors":5.0,"height":16.79,"heightSource":"measured","heightRaw":16.79,"sourceDate":"2026-09-09"},"geometry":{"type":"Polygon","coordinates":[[[126.99309509,37.54088814],[126.9933,37.54087374],[126.99328451,37.54078607],[126.99308288,37.54080489],[126.99309509,37.54088814]]]}},{"type":"Feature","id":"seoul-building-62205","properties":{"id":"seoul-building-62205","sourceId":"2006199345204488076000000000","pnu":"1117013000102580212","name":"서울특별시 용산구 이태원동","address":"서울특별시 용산구 이태원동","useName":"공동주택","floors":3.0,"height":10.6,"heightSource":"measured","heightRaw":10.6,"sourceDate":"2026-09-09"},"geometry":{"type":"Polygon","coordinates":[[[126.99346118,37.5415704],[126.99345405,37.54155347],[126.99347533,37.54154769],[126.99343619,37.54144841],[126.99327392,37.54148885],[126.99330017,37.54155544],[126.99331646,37.54155138],[126.99333853,37.54160337],[126.99346118,37.5415704]]]}},{"type":"Feature","id":"seoul-building-62210","properties":{"id":"seoul-building-62210","sourceId":"1977199352504486464400000000","pnu":"1117013000102100068","name":"서울특별시 용산구 이태원동","address":"서울특별시 용산구 이태원동","useName":"제2종근린생활시설","floors":3.0,"height":10.5,"heightSource":"measured","heightRaw":10.5,"sourceDate":"2026-09-09"},"geometry":{"type":"Polygon","coordinates":[[[126.99342443,37.54012708],[126.99342544,37.54012168],[126.99347908,37.54012862],[126.99348066,37.54012114],[126.99352694,37.54012709],[126.99353294,37.54012574],[126.99353576,37.54012358],[126.99353724,37.54012133],[126.99355343,37.54003168],[126.99355354,37.54002834],[126.99355218,37.54002519],[126.9935506,37.54002159],[126.99354788,37.54002032],[126.99343349,37.54000969],[126.99343179,37.54002194],[126.99340871,37.54001977],[126.99340554,37.54004167],[126.99339298,37.5400405],[126.99339026,37.54005888],[126.99336944,37.54005698],[126.99336038,37.54011888],[126.99342443,37.54012708]]]}},{"type":"Feature","id":"seoul-building-62273","properties":{"id":"seoul-building-62273","sourceId":"1987199091104490838300000000","pnu":"1117013000102620020","name":"서울특별시 용산구 이태원동","address":"서울특별시 용산구 이태원동","useName":"","floors":0.0,"height":0,"heightSource":"unknown","heightRaw":0.0,"sourceDate":"2026-09-09"},"geometry":{"type":"Polygon","coordinates":[[[126.99047761,37.5440748],[126.99048303,37.54408894],[126.99060909,37.54406499],[126.99059428,37.54401309],[126.99061261,37.54400831],[126.99058003,37.54392911],[126.9903872,37.54397171],[126.99041797,37.54408912],[126.99047761,37.5440748]]]}},{"type":"Feature","id":"seoul-building-62274","properties":{"id":"seoul-building-62274","sourceId":"1987199075474490593300000000","pnu":"1117013000102620020","name":"서울특별시 용산구 이태원동","address":"서울특별시 용산구 이태원동","useName":"공동주택","floors":3.0,"height":11.7,"heightSource":"measured","heightRaw":11.7,"sourceDate":"2026-09-09"},"geometry":{"type":"Polygon","coordinates":[[[126.99012596,37.54376212],[126.99016973,37.54389313],[126.99052572,37.54382396],[126.99048331,37.54369025],[126.99012596,37.54376212]]]}},{"type":"Feature","id":"seoul-building-62445","properties":{"id":"seoul-building-62445","sourceId":"1973199518584488267300000000","pnu":"1117013000102580002","name":"서울특별시 용산구 이태원동","address":"서울특별시 용산구 이태원동","useName":"제2종근린생활시설","floors":2.0,"height":7.4,"heightSource":"estimated","heightRaw":0.0,"sourceDate":"2026-09-09"},"geometry":{"type":"Polygon","coordinates":[[[126.99546092,37.54168952],[126.99538896,37.54161365],[126.99528972,37.54167338],[126.9952749,37.54165779],[126.995219,37.54169131],[126.99530453,37.54178195],[126.99546092,37.54168952]]]}},{"type":"Feature","id":"seoul-building-62446","properties":{"id":"seoul-building-62446","sourceId":"1978199504314486474400000000","pnu":"1117013000100050022","name":"서울특별시 용산구 이태원동","address":"서울특별시 용산구 이태원동","useName":"단독주택","floors":2.0,"height":7.4,"heightSource":"estimated","heightRaw":0.0,"sourceDate":"2026-09-09"},"geometry":{"type":"Polygon","coordinates":[[[126.9951933,37.54015556],[126.9952251,37.5401106],[126.99523313,37.5401142],[126.99527319,37.54005771],[126.99515744,37.54000752],[126.99508932,37.54010888],[126.9951933,37.54015556]]]}},{"type":"Feature","id":"seoul-building-62447","properties":{"id":"seoul-building-62447","sourceId":"1969199516614487837900000000","pnu":"1117013000102580020","name":"서울특별시 용산구 이태원동","address":"서울특별시 용산구 이태원동","useName":"단독주택","floors":2.0,"height":7.4,"heightSource":"estimated","heightRaw":0.0,"sourceDate":"2026-09-09"},"geometry":{"type":"Polygon","coordinates":[[[126.99546343,37.54131083],[126.99541184,37.54124127],[126.99535752,37.54126677],[126.9953436,37.54124803],[126.99527696,37.54127938],[126.99525195,37.54124568],[126.99517818,37.54128027],[126.99521404,37.54133064],[126.99521868,37.54132857],[126.99523927,37.54135749],[126.99524776,37.54135362],[126.99527888,37.5413975],[126.99546343,37.54131083]]]}},{"type":"Feature","id":"seoul-building-62448","properties":{"id":"seoul-building-62448","sourceId":"1974199500114487642600000000","pnu":"1117013000102580097","name":"서울특별시 용산구 이태원동","address":"서울특별시 용산구 이태원동","useName":"단독주택","floors":2.0,"height":7.4,"heightSource":"estimated","heightRaw":0.0,"sourceDate":"2026-09-09"},"geometry":{"type":"Polygon","coordinates":[[[126.99501276,37.54112989],[126.99515498,37.54122612],[126.99518226,37.54120053],[126.99519006,37.54120594],[126.99526961,37.54113315],[126.99518623,37.54107467],[126.99516371,37.54109503],[126.99511098,37.54105799],[126.99510159,37.54105142],[126.99506142,37.54108772],[126.99503528,37.54107015],[126.99498515,37.54111709],[126.99500903,37.54113331],[126.99501276,37.54112989]]]}},{"type":"Feature","id":"seoul-building-62450","properties":{"id":"seoul-building-62450","sourceId":"1968199510514488510500000000","pnu":"1117013000102580087","name":"서울특별시 용산구 이태원동","address":"서울특별시 용산구 이태원동","useName":"제2종근린생활시설","floors":3.0,"height":10.6,"heightSource":"estimated","heightRaw":0.0,"sourceDate":"2026-09-09"},"geometry":{"type":"Polygon","coordinates":[[[126.99521729,37.54198548],[126.99525824,37.54196306],[126.9952665,37.54197251],[126.9953791,37.54191981],[126.99530951,37.54182565],[126.99511567,37.54192286],[126.99517315,37.54199566],[126.99521729,37.54198548]]]}},{"type":"Feature","id":"seoul-building-62452","properties":{"id":"seoul-building-62452","sourceId":"2000199510394486712800000000","pnu":"1117013000100050020","name":"서울특별시 용산구 이태원동","address":"서울특별시 용산구 이태원동","useName":"제2종근린생활시설","floors":3.0,"height":12.0,"heightSource":"measured","heightRaw":12.0,"sourceDate":"2026-09-09"},"geometry":{"type":"Polygon","coordinates":[[[126.9952674,37.54023304],[126.99522825,37.54021727],[126.99520166,37.5402589],[126.99520132,37.5402589],[126.99516331,37.54031395],[126.99519,37.54032566],[126.99518695,37.54033008],[126.99518378,37.54032873],[126.99517914,37.54033548],[126.99526944,37.54037504],[126.99527261,37.54037045],[126.99527056,37.54036954],[126.99533382,37.54027828],[126.99529706,37.5402508],[126.99526729,37.54023602],[126.9952674,37.54023304]]]}},{"type":"Feature","id":"seoul-building-62518","properties":{"id":"seoul-building-62518","sourceId":"2008199259044487955700000000","pnu":"1117013000102580327","name":"서울특별시 용산구 이태원동","address":"서울특별시 용산구 이태원동","useName":"공동주택","floors":3.0,"height":7.95,"heightSource":"measured","heightRaw":7.95,"sourceDate":"2026-09-09"},"geometry":{"type":"Polygon","coordinates":[[[126.99233565,37.54141739],[126.99244377,37.54145482],[126.9924698,37.54140632],[126.9924272,37.541395],[126.9923488,37.5413849],[126.99233565,37.54141739]]]}},{"type":"Feature","id":"seoul-building-62519","properties":{"id":"seoul-building-62519","sourceId":"0000199265984488629300000000","pnu":"1117013000102580307","name":"서울특별시 용산구 이태원동","address":"서울특별시 용산구 이태원동","useName":"","floors":0.0,"height":0,"heightSource":"unknown","heightRaw":0.0,"sourceDate":"2026-09-09"},"geometry":{"type":"Polygon","coordinates":[[[126.99248656,37.54204985],[126.99251281,37.54202264],[126.99247276,37.54199804],[126.99245409,37.54201742],[126.99248656,37.54204985]]]}},{"type":"Feature","id":"seoul-building-62520","properties":{"id":"seoul-building-62520","sourceId":"2008199269414488014100000000","pnu":"1117013000102580346","name":"서울특별시 용산구 이태원동","address":"서울특별시 용산구 이태원동","useName":"단독주택","floors":3.0,"height":10.3,"heightSource":"measured","heightRaw":10.3,"sourceDate":"2026-09-09"},"geometry":{"type":"Polygon","coordinates":[[[126.99245998,37.54146045],[126.99257683,37.54151822],[126.99259001,37.5415049],[126.99253912,37.54145661],[126.99251355,37.54143192],[126.99249065,37.54141841],[126.99245998,37.54146045]]]}},{"type":"Feature","id":"seoul-building-62521","properties":{"id":"seoul-building-62521","sourceId":"1979199261544487619800000000","pnu":"1117013000102580342","name":"서울특별시 용산구 이태원동","address":"서울특별시 용산구 이태원동","useName":"제2종근린생활시설","floors":1.0,"height":4.2,"heightSource":"estimated","heightRaw":0.0,"sourceDate":"2026-09-09"},"geometry":{"type":"Polygon","coordinates":[[[126.99238437,37.54107286],[126.99236163,37.54109983],[126.99237985,37.5411488],[126.99251509,37.5411332],[126.99250933,37.54109749],[126.99248811,37.54109047],[126.99242374,37.54109542],[126.9924191,37.54107397],[126.99238437,37.54107286]]]}},{"type":"Feature","id":"seoul-building-62522","properties":{"id":"seoul-building-62522","sourceId":"2011199372834488378600000000","pnu":"1117013000102580063","name":"서울특별시 용산구 이태원동","address":"서울특별시 용산구 이태원동","useName":"제2종근린생활시설","floors":2.0,"height":7.92,"heightSource":"measured","heightRaw":7.92,"sourceDate":"2026-09-09"},"geometry":{"type":"Polygon","coordinates":[[[126.99380288,37.54181004],[126.99380636,37.54177061],[126.99358314,37.54174587],[126.99357093,37.54180851],[126.99360734,37.5418152],[126.99360943,37.54180344],[126.99363195,37.54180647],[126.9936267,37.54183435],[126.99377176,37.54185263],[126.99377422,37.54183507],[126.99378332,37.5418368],[126.99378607,37.5418234],[126.99379447,37.54182404],[126.9937963,37.54180992],[126.99380288,37.54181004]]]}},{"type":"Feature","id":"seoul-building-62523","properties":{"id":"seoul-building-62523","sourceId":"2011199383314488281800000000","pnu":"1117013000102580063","name":"서울특별시 용산구 이태원동","address":"서울특별시 용산구 이태원동","useName":"","floors":0.0,"height":0,"heightSource":"unknown","heightRaw":0.0,"sourceDate":"2026-09-09"},"geometry":{"type":"Polygon","coordinates":[[[126.99376815,37.54172075],[126.99382411,37.54174424],[126.99385294,37.54170077],[126.99379603,37.5416744],[126.99376815,37.54172075]]]}},{"type":"Feature","id":"seoul-building-62524","properties":{"id":"seoul-building-62524","sourceId":"2003199364444487596100000000","pnu":"1117013000102580109","name":"서울특별시 용산구 이태원동","address":"서울특별시 용산구 이태원동","useName":"단독주택","floors":3.0,"height":10.2,"heightSource":"measured","heightRaw":10.2,"sourceDate":"2026-09-09"},"geometry":{"type":"Polygon","coordinates":[[[126.99350773,37.54108216],[126.99351862,37.5410945],[126.99354357,37.54113049],[126.99368568,37.54113428],[126.99369062,37.54107199],[126.99364345,37.54107167],[126.99364404,37.54106074],[126.99354413,37.54105163],[126.9935453,37.54104084],[126.99351036,37.54103607],[126.99350773,37.54108216]]]}},{"type":"Feature","id":"seoul-building-62525","properties":{"id":"seoul-building-62525","sourceId":"1978199346784487706000000000","pnu":"1117013000102580221","name":"서울특별시 용산구 이태원동","address":"서울특별시 용산구 이태원동","useName":"단독주택","floors":2.0,"height":7.4,"heightSource":"estimated","heightRaw":0.0,"sourceDate":"2026-09-09"},"geometry":{"type":"Polygon","coordinates":[[[126.99339547,37.5411438],[126.99334158,37.54114518],[126.99334529,37.54119393],[126.99332648,37.54119365],[126.99332661,37.54122913],[126.99346882,37.54122604],[126.99347011,37.54118457],[126.99345243,37.54118354],[126.99345145,37.54115422],[126.99339621,37.54115486],[126.99339547,37.5411438]]]}},{"type":"Feature","id":"seoul-building-62526","properties":{"id":"seoul-building-62526","sourceId":"0000199161344486640200000000","pnu":"1117013000102510048","name":"서울특별시 용산구 이태원동","address":"서울특별시 용산구 이태원동","useName":"","floors":0.0,"height":0,"heightSource":"unknown","heightRaw":0.0,"sourceDate":"2026-09-09"},"geometry":{"type":"Polygon","coordinates":[[[126.9912758,37.54023736],[126.99130639,37.54024875],[126.99132204,37.54022528],[126.99129157,37.54021149],[126.9912758,37.54023736]]]}},{"type":"Feature","id":"seoul-building-62527","properties":{"id":"seoul-building-62527","sourceId":"1982199224124486409100000000","pnu":"1117013000102110033","name":"서울특별시 용산구 이태원동","address":"서울특별시 용산구 이태원동","useName":"","floors":0.0,"height":0,"heightSource":"unknown","heightRaw":0.0,"sourceDate":"2026-09-09"},"geometry":{"type":"Polygon","coordinates":[[[126.99196068,37.54003499],[126.99204978,37.54005034],[126.99205707,37.54003486],[126.99204821,37.54003285],[126.99205565,37.54001393],[126.99197864,37.53998993],[126.99196068,37.54003499]]]}},{"type":"Feature","id":"seoul-building-62528","properties":{"id":"seoul-building-62528","sourceId":"1968199472474486722700000000","pnu":"1117013000100050015","name":"서울특별시 용산구 이태원동","address":"서울특별시 용산구 이태원동","useName":"단독주택","floors":3.0,"height":10.6,"heightSource":"estimated","heightRaw":0.0,"sourceDate":"2026-09-09"},"geometry":{"type":"Polygon","coordinates":[[[126.99475379,37.54031911],[126.99485016,37.54035699],[126.99488617,37.5402992],[126.99482835,37.54027654],[126.99483569,37.54026434],[126.99479767,37.54024719],[126.99475379,37.54031911]]]}},{"type":"Feature","id":"seoul-building-62725","properties":{"id":"seoul-building-62725","sourceId":"1979199267024488559200000000","pnu":"1117013000102580307","name":"서울특별시 용산구 이태원동","address":"서울특별시 용산구 이태원동","useName":"단독주택","floors":1.0,"height":4.2,"heightSource":"estimated","heightRaw":0.0,"sourceDate":"2026-09-09"},"geometry":{"type":"Polygon","coordinates":[[[126.99255435,37.54195417],[126.99249449,37.54191092],[126.99243294,37.54196506],[126.99249731,37.54200814],[126.99255435,37.54195417]]]}},{"type":"Feature","id":"seoul-building-62726","properties":{"id":"seoul-building-62726","sourceId":"1993199194914488319400000000","pnu":"1117013000102600058","name":"서울특별시 용산구 이태원동","address":"서울특별시 용산구 이태원동","useName":"단독주택","floors":2.0,"height":7.7,"heightSource":"measured","heightRaw":7.7,"sourceDate":"2026-09-09"},"geometry":{"type":"Polygon","coordinates":[[[126.9916565,37.54177049],[126.99169689,37.54177779],[126.99169949,37.54176851],[126.99173321,37.54177455],[126.99174532,37.54173391],[126.99168161,37.54172174],[126.991653,37.54170021],[126.9916084,37.54173769],[126.9916565,37.54177049]]]}},{"type":"Feature","id":"seoul-building-62727","properties":{"id":"seoul-building-62727","sourceId":"1970199188434488265000000000","pnu":"1117013000102600063","name":"서울특별시 용산구 이태원동","address":"서울특별시 용산구 이태원동","useName":"단독주택","floors":2.0,"height":7.4,"heightSource":"estimated","heightRaw":0.0,"sourceDate":"2026-09-09"},"geometry":{"type":"Polygon","coordinates":[[[126.99165651,37.54168814],[126.99166522,37.54166759],[126.99162833,37.54165768],[126.99162176,37.54167309],[126.9915773,37.54166111],[126.9915515,37.5417221],[126.99160263,37.54173426],[126.99165651,37.54168814]]]}},{"type":"Feature","id":"seoul-building-62728","properties":{"id":"seoul-building-62728","sourceId":"2012199177934488307500000000","pnu":"1117013000102600081","name":"서울특별시 용산구 이태원동","address":"서울특별시 용산구 이태원동","useName":"단독주택","floors":2.0,"height":6.4,"heightSource":"measured","heightRaw":6.4,"sourceDate":"2026-09-09"},"geometry":{"type":"Polygon","coordinates":[[[126.99151799,37.54176886],[126.99154074,37.54171994],[126.99148756,37.54170416],[126.99148507,37.54170947],[126.99145079,37.5416993],[126.99143042,37.541743],[126.99151799,37.54176886]]]}},{"type":"Feature","id":"seoul-building-62729","properties":{"id":"seoul-building-62729","sourceId":"2007199177454488226100000000","pnu":"1117013000102600082","name":"서울특별시 용산구 이태원동","address":"서울특별시 용산구 이태원동","useName":"단독주택","floors":2.0,"height":9.2,"heightSource":"measured","heightRaw":9.2,"sourceDate":"2026-09-09"},"geometry":{"type":"Polygon","coordinates":[[[126.99152128,37.54169876],[126.99154991,37.54167687],[126.99146449,37.5416082],[126.99142624,37.54163839],[126.99143891,37.54168344],[126.99152128,37.54169876]]]}},{"type":"Feature","id":"seoul-building-62730","properties":{"id":"seoul-building-62730","sourceId":"1973199169994488145500000000","pnu":"1117013000102600084","name":"서울특별시 용산구 이태원동","address":"서울특별시 용산구 이태원동","useName":"단독주택","floors":1.0,"height":4.2,"heightSource":"estimated","heightRaw":0.0,"sourceDate":"2026-09-09"},"geometry":{"type":"Polygon","coordinates":[[[126.99143395,37.54156649],[126.99142489,37.54157153],[126.99139865,37.54155269],[126.99139095,37.54155937],[126.99135814,37.54153576],[126.99132408,37.54156576],[126.99135711,37.54158946],[126.99135225,37.54159369],[126.99142228,37.54163929],[126.99146449,37.54160063],[126.99143395,37.54156649]]]}},{"type":"Feature","id":"seoul-building-62731","properties":{"id":"seoul-building-62731","sourceId":"1990199167804488279300000000","pnu":"1117013000102600083","name":"서울특별시 용산구 이태원동","address":"서울특별시 용산구 이태원동","useName":"단독주택","floors":2.0,"height":7.6,"heightSource":"measured","heightRaw":7.6,"sourceDate":"2026-09-09"},"geometry":{"type":"Polygon","coordinates":[[[126.99140608,37.54176804],[126.9914002,37.54174939],[126.99142317,37.5417448],[126.99141639,37.54172362],[126.99142589,37.54172173],[126.99141017,37.54167245],[126.99141673,37.54167119],[126.99140271,37.54162713],[126.99132441,37.54164676],[126.99133922,37.54168415],[126.99132881,37.54168676],[126.99133673,37.54170704],[126.9913322,37.54170821],[126.99134747,37.54174551],[126.99130855,37.54175524],[126.99132043,37.54178524],[126.99140608,37.54176804]]]}},{"type":"Feature","id":"seoul-building-62732","properties":{"id":"seoul-building-62732","sourceId":"1972199155844488304300000000","pnu":"1117013000102600280","name":"서울특별시 용산구 이태원동","address":"서울특별시 용산구 이태원동","useName":"단독주택","floors":1.0,"height":4.2,"heightSource":"estimated","heightRaw":0.0,"sourceDate":"2026-09-09"},"geometry":{"type":"Polygon","coordinates":[[[126.99125719,37.54169225],[126.99118748,37.54170964],[126.99120151,37.54174532],[126.99121475,37.54174208],[126.99122515,37.54176857],[126.99128162,37.54175452],[126.99125719,37.54169225]]]}},{"type":"Feature","id":"seoul-building-62733","properties":{"id":"seoul-building-62733","sourceId":"1960199174344488384100000000","pnu":"1117013000102600066","name":"서울특별시 용산구 이태원동","address":"서울특별시 용산구 이태원동","useName":"단독주택","floors":1.0,"height":4.2,"heightSource":"estimated","heightRaw":0.0,"sourceDate":"2026-09-09"},"geometry":{"type":"Polygon","coordinates":[[[126.99148404,37.54179021],[126.99147001,37.54179003],[126.99147036,37.54177489],[126.99146119,37.5417685],[126.99141265,37.54176777],[126.99141117,37.54183147],[126.99148314,37.54183247],[126.99148404,37.54179021]]]}},{"type":"Feature","id":"seoul-building-62734","properties":{"id":"seoul-building-62734","sourceId":"1994199191424488381900000000","pnu":"1117013000102600057","name":"서울특별시 용산구 이태원동","address":"서울특별시 용산구 이태원동","useName":"단독주택","floors":2.0,"height":7.2,"heightSource":"measured","heightRaw":7.2,"sourceDate":"2026-09-09"},"geometry":{"type":"Polygon","coordinates":[[[126.99170378,37.54183356],[126.99171386,37.54183266],[126.99172416,37.54183419],[126.9917288,37.54181356],[126.9917056,37.54180121],[126.99166101,37.54179265],[126.99166193,37.54178986],[126.99164914,37.54177896],[126.99162435,37.54177679],[126.99162618,37.54176391],[126.99158895,37.54176058],[126.9915688,37.54177715],[126.99156246,37.5418049],[126.99170378,37.54183356]]]}},{"type":"Feature","id":"seoul-building-62790","properties":{"id":"seoul-building-62790","sourceId":"1960199181544488403300000000","pnu":"1117013000102600065","name":"서울특별시 용산구 이태원동","address":"서울특별시 용산구 이태원동","useName":"단독주택","floors":1.0,"height":4.2,"heightSource":"estimated","heightRaw":0.0,"sourceDate":"2026-09-09"},"geometry":{"type":"Polygon","coordinates":[[[126.99155138,37.54178778],[126.99152568,37.54178552],[126.99149264,37.54184112],[126.99154289,37.54184896],[126.99155138,37.54178778]]]}},{"type":"Feature","id":"seoul-building-62791","properties":{"id":"seoul-building-62791","sourceId":"1992199165084488457500000000","pnu":"1117013000102600078","name":"서울특별시 용산구 이태원동","address":"서울특별시 용산구 이태원동","useName":"단독주택","floors":2.0,"height":6.2,"heightSource":"measured","heightRaw":6.2,"sourceDate":"2026-09-09"},"geometry":{"type":"Polygon","coordinates":[[[126.99139306,37.54192337],[126.99137733,37.54185778],[126.9913744,37.54185823],[126.99136003,37.54179822],[126.99129587,37.54180795],[126.9913038,37.54184092],[126.99129417,37.54184236],[126.99131203,37.54191715],[126.99132687,37.54193337],[126.99139306,37.54192337]]]}},{"type":"Feature","id":"seoul-building-62794","properties":{"id":"seoul-building-62794","sourceId":"1989199123974488552800000000","pnu":"1117013000102600231","name":"서울특별시 용산구 이태원동","address":"서울특별시 용산구 이태원동","useName":"단독주택","floors":2.0,"height":7.9,"heightSource":"measured","heightRaw":7.9,"sourceDate":"2026-09-09"},"geometry":{"type":"Polygon","coordinates":[[[126.99088159,37.54199686],[126.99089777,37.54199497],[126.99089438,37.54197658],[126.99094394,37.54197082],[126.99094247,37.54196334],[126.99095922,37.54196136],[126.99095696,37.54194866],[126.99099475,37.54194425],[126.99098706,37.5419028],[126.99077682,37.54192747],[126.99078497,37.54197126],[126.99079221,37.54197036],[126.99080057,37.54201559],[126.99088329,37.54200587],[126.99088159,37.54199686]]]}},{"type":"Feature","id":"seoul-building-62795","properties":{"id":"seoul-building-62795","sourceId":"1993199148884488485700000000","pnu":"1117013000102600074","name":"서울특별시 용산구 이태원동","address":"서울특별시 용산구 이태원동","useName":"단독주택","floors":2.0,"height":6.2,"heightSource":"measured","heightRaw":6.2,"sourceDate":"2026-09-09"},"geometry":{"type":"Polygon","coordinates":[[[126.99119754,37.5418611],[126.99113066,37.54186641],[126.99113258,37.54188208],[126.99110769,37.5418846],[126.9911087,37.54189091],[126.99110576,37.54189118],[126.99111085,37.54192353],[126.99120625,37.54191353],[126.99119754,37.5418611]]]}},{"type":"Feature","id":"seoul-building-62796","properties":{"id":"seoul-building-62796","sourceId":"1992199100424488708400000000","pnu":"1117013000102600274","name":"서울특별시 용산구 이태원동","address":"서울특별시 용산구 이태원동","useName":"단독주택","floors":2.0,"height":7.4,"heightSource":"estimated","heightRaw":0.0,"sourceDate":"2026-09-09"},"geometry":{"type":"Polygon","coordinates":[[[126.99059722,37.54211765],[126.99060695,37.54213423],[126.99068526,37.54210397],[126.99065326,37.54204414],[126.99055887,37.54207611],[126.9905634,37.54208449],[126.99052504,37.54210143],[126.99054676,37.54213639],[126.99059722,37.54211765]]]}},{"type":"Feature","id":"seoul-building-62797","properties":{"id":"seoul-building-62797","sourceId":"2002199090284488805500000000","pnu":"1117013000102600273","name":"서울특별시 용산구 이태원동","address":"서울특별시 용산구 이태원동","useName":"제1종근린생활시설","floors":2.0,"height":6.6,"heightSource":"measured","heightRaw":6.6,"sourceDate":"2026-09-09"},"geometry":{"type":"Polygon","coordinates":[[[126.9904405,37.54218693],[126.99044367,37.54220757],[126.9905343,37.54220793],[126.99053477,37.54214819],[126.99049221,37.54214801],[126.9904405,37.54218693]]]}},{"type":"Feature","id":"seoul-building-62798","properties":{"id":"seoul-building-62798","sourceId":"1985199087614489506700000000","pnu":"1117013000102610062","name":"서울특별시 용산구 이태원동","address":"서울특별시 용산구 이태원동","useName":"단독주택","floors":2.0,"height":7.4,"heightSource":"estimated","heightRaw":0.0,"sourceDate":"2026-09-09"},"geometry":{"type":"Polygon","coordinates":[[[126.99049632,37.54279006],[126.99050944,37.54278718],[126.99050482,37.54277385],[126.99041281,37.5427942],[126.99041429,37.54279843],[126.99043341,37.54285096],[126.99051239,37.54283584],[126.99049632,37.54279006]]]}},{"type":"Feature","id":"seoul-building-62800","properties":{"id":"seoul-building-62800","sourceId":"1979199085534489172500000000","pnu":"1117013000102610020","name":"서울특별시 용산구 이태원동","address":"서울특별시 용산구 이태원동","useName":"단독주택","floors":2.0,"height":7.4,"heightSource":"estimated","heightRaw":0.0,"sourceDate":"2026-09-09"},"geometry":{"type":"Polygon","coordinates":[[[126.99049545,37.5425058],[126.99046094,37.54250859],[126.99046061,37.54246381],[126.99039362,37.54246407],[126.99040459,37.54255544],[126.99050077,37.54254761],[126.99049545,37.5425058]]]}},{"type":"Feature","id":"seoul-building-62810","properties":{"id":"seoul-building-62810","sourceId":"1997199500804488065900000000","pnu":"1117013000102580022","name":"서울특별시 용산구 이태원동","address":"서울특별시 용산구 이태원동","useName":"문화및집회시설","floors":2.0,"height":8.85,"heightSource":"measured","heightRaw":8.85,"sourceDate":"2026-09-09"},"geometry":{"type":"Polygon","coordinates":[[[126.99502032,37.54154994],[126.99502008,37.54155624],[126.99502698,37.54155634],[126.99504476,37.5415775],[126.99505109,37.54157417],[126.99506388,37.54158931],[126.995083,37.54157913],[126.99509657,37.54158183],[126.99510439,37.54158192],[126.99511016,37.54158003],[126.99512905,37.54159625],[126.99525443,37.54153021],[126.99524968,37.54152697],[126.99526903,37.5415094],[126.99524753,37.54148426],[126.99525171,37.54148201],[126.99522218,37.54144759],[126.99522049,37.5414475],[126.99521472,37.54143579],[126.99520385,37.5414247],[126.99519016,37.54142047],[126.9951733,37.54142227],[126.99516153,37.54142957],[126.99515655,37.54143903],[126.99515836,37.54145299],[126.99509217,37.54148993],[126.99507485,37.54147038],[126.99502902,37.54149596],[126.99503401,37.54150173],[126.99499643,37.54152083],[126.99502032,37.54154994]]]}},{"type":"Feature","id":"seoul-building-62877","properties":{"id":"seoul-building-62877","sourceId":"2007199124714487928500000000","pnu":"1117013000102600117","name":"서울특별시 용산구 이태원동","address":"서울특별시 용산구 이태원동","useName":"제2종근린생활시설","floors":2.0,"height":6.45,"heightSource":"measured","heightRaw":6.45,"sourceDate":"2026-09-09"},"geometry":{"type":"Polygon","coordinates":[[[126.99082608,37.54138779],[126.99084154,37.54139017],[126.99083873,37.54139868],[126.99088855,37.5414067],[126.99088643,37.54141611],[126.99093352,37.54142378],[126.99093912,37.54140476],[126.99090777,37.54137272],[126.9908325,37.54136243],[126.99082608,37.54138779]]]}},{"type":"Feature","id":"seoul-building-64250","properties":{"id":"seoul-building-64250","sourceId":"1979199314204489090900000000","pnu":"1117013000102580199","name":"서울특별시 용산구 이태원동","address":"서울특별시 용산구 이태원동","useName":"제2종근린생활시설","floors":2.0,"height":7.05,"heightSource":"measured","heightRaw":7.05,"sourceDate":"2026-09-09"},"geometry":{"type":"Polygon","coordinates":[[[126.99295772,37.54247292],[126.99306455,37.54247671],[126.99306513,37.54246636],[126.99309491,37.54246742],[126.99309765,37.54241845],[126.99309369,37.54241831],[126.99309454,37.54240318],[126.99300683,37.54240008],[126.99300626,37.54241016],[126.99297263,37.54240897],[126.99297253,37.54241076],[126.99296123,37.54241036],[126.99295772,37.54247292]]]}},{"type":"Feature","id":"seoul-building-66570","properties":{"id":"seoul-building-66570","sourceId":"1967199470824488068200000000","pnu":"1117013000102580044","name":"서울특별시 용산구 이태원동","address":"서울특별시 용산구 이태원동","useName":"단독주택","floors":3.0,"height":10.6,"heightSource":"estimated","heightRaw":0.0,"sourceDate":"2026-09-09"},"geometry":{"type":"Polygon","coordinates":[[[126.99490037,37.54151074],[126.9948602,37.54147199],[126.9948679,37.5414656],[126.99483712,37.54143631],[126.99469624,37.5415301],[126.99477149,37.54159534],[126.99490037,37.54151074]]]}},{"type":"Feature","id":"seoul-building-75715","properties":{"id":"seoul-building-75715","sourceId":"2007199220264486681000000000","pnu":"1117013000102270015","name":"서울특별시 용산구 이태원동","address":"서울특별시 용산구 이태원동","useName":"공동주택","floors":3.0,"height":9.1,"heightSource":"measured","heightRaw":9.1,"sourceDate":"2026-09-09"},"geometry":{"type":"Polygon","coordinates":[[[126.99191329,37.54028074],[126.99193804,37.54028906],[126.99193935,37.54028672],[126.99199196,37.54030429],[126.99201748,37.54025616],[126.99201766,37.54025583],[126.9919403,37.54022982],[126.99191329,37.54028074]]]}},{"type":"Feature","id":"seoul-building-75716","properties":{"id":"seoul-building-75716","sourceId":"2007199196274486625300000000","pnu":"1117013000102270018","name":"서울특별시 용산구 이태원동","address":"서울특별시 용산구 이태원동","useName":"공동주택","floors":5.0,"height":14.5,"heightSource":"measured","heightRaw":14.5,"sourceDate":"2026-09-09"},"geometry":{"type":"Polygon","coordinates":[[[126.99170309,37.54015059],[126.99169293,37.54016623],[126.99166605,37.54015515],[126.99160923,37.54024865],[126.99170954,37.54028997],[126.99177961,37.5401821],[126.99170309,37.54015059]]]}},{"type":"Feature","id":"seoul-building-75717","properties":{"id":"seoul-building-75717","sourceId":"1998199180564486618200000000","pnu":"1117013000102270019","name":"서울특별시 용산구 이태원동","address":"서울특별시 용산구 이태원동","useName":"단독주택","floors":3.0,"height":10.9,"heightSource":"measured","heightRaw":10.9,"sourceDate":"2026-09-09"},"geometry":{"type":"Polygon","coordinates":[[[126.9914479,37.54022006],[126.99149746,37.54023725],[126.99149971,37.54023172],[126.99156164,37.54025191],[126.9915868,37.54020512],[126.99147476,37.5401679],[126.9914479,37.54022006]]]}},{"type":"Feature","id":"seoul-building-75718","properties":{"id":"seoul-building-75718","sourceId":"2012199159424486419800000000","pnu":"1117013000102270023","name":"서울특별시 용산구 이태원동","address":"서울특별시 용산구 이태원동","useName":"공동주택","floors":4.0,"height":10.5,"heightSource":"measured","heightRaw":10.5,"sourceDate":"2026-09-09"},"geometry":{"type":"Polygon","coordinates":[[[126.99121194,37.5399987],[126.99127359,37.54010337],[126.99129823,37.54009417],[126.99132929,37.54004267],[126.99132639,37.54003776],[126.99133359,37.54003507],[126.99133546,37.54003189],[126.9913251,37.54001431],[126.99132152,37.54001564],[126.99130707,37.53999111],[126.99130039,37.53999361],[126.99128595,37.53996907],[126.99125821,37.53997942],[126.99125918,37.53998106],[126.99121194,37.5399987]]]}},{"type":"Feature","id":"seoul-building-75723","properties":{"id":"seoul-building-75723","sourceId":"2006199253924487094800000000","pnu":"1117013000102470022","name":"서울특별시 용산구 이태원동","address":"서울특별시 용산구 이태원동","useName":"공동주택","floors":4.0,"height":13.31,"heightSource":"measured","heightRaw":13.31,"sourceDate":"2026-09-09"},"geometry":{"type":"Polygon","coordinates":[[[126.99227134,37.54067326],[126.99243112,37.54067583],[126.99243244,37.5406162],[126.99233159,37.54061479],[126.99233138,37.5405941],[126.99227313,37.54059325],[126.99227134,37.54067326]]]}},{"type":"Feature","id":"seoul-building-75724","properties":{"id":"seoul-building-75724","sourceId":"2009199186734486916800000000","pnu":"1117013000102510086","name":"서울특별시 용산구 이태원동","address":"서울특별시 용산구 이태원동","useName":"단독주택","floors":3.0,"height":7.9,"heightSource":"measured","heightRaw":7.9,"sourceDate":"2026-09-09"},"geometry":{"type":"Polygon","coordinates":[[[126.99152901,37.54049641],[126.99159482,37.54052507],[126.99163996,37.54045937],[126.99158147,37.54043389],[126.9915529,37.54047547],[126.99154558,37.54047225],[126.99152901,37.54049641]]]}},{"type":"Feature","id":"seoul-building-75725","properties":{"id":"seoul-building-75725","sourceId":"2004199085304487408300000000","pnu":"1117013000102550033","name":"서울특별시 용산구 이태원동","address":"서울특별시 용산구 이태원동","useName":"공동주택","floors":4.0,"height":10.75,"heightSource":"measured","heightRaw":10.75,"sourceDate":"2026-09-09"},"geometry":{"type":"Polygon","coordinates":[[[126.99036377,37.54097858],[126.99038142,37.54098555],[126.99038923,37.54097288],[126.99040962,37.54098084],[126.99041986,37.54096516],[126.99044918,37.54097655],[126.99050781,37.54088283],[126.99043952,37.54085677],[126.99036377,37.54097858]]]}},{"type":"Feature","id":"seoul-building-75726","properties":{"id":"seoul-building-75726","sourceId":"2008199522524487973700000000","pnu":"1117013000102580021","name":"서울특별시 용산구 이태원동","address":"서울특별시 용산구 이태원동","useName":"단독주택","floors":3.0,"height":9.48,"heightSource":"measured","heightRaw":9.48,"sourceDate":"2026-09-09"},"geometry":{"type":"Polygon","coordinates":[[[126.99533874,37.54149269],[126.99547008,37.54142192],[126.99544887,37.54137986],[126.99530504,37.54142585],[126.99533874,37.54149269]]]}},{"type":"Feature","id":"seoul-building-75727","properties":{"id":"seoul-building-75727","sourceId":"2009199532614488140400000000","pnu":"1117013000102580023","name":"서울특별시 용산구 이태원동","address":"서울특별시 용산구 이태원동","useName":"단독주택","floors":2.0,"height":6.95,"heightSource":"measured","heightRaw":6.95,"sourceDate":"2026-09-09"},"geometry":{"type":"Polygon","coordinates":[[[126.99540231,37.54159948],[126.9954417,37.54163961],[126.99550895,37.54159764],[126.99552789,37.54161694],[126.99559251,37.54157671],[126.9955399,37.54152311],[126.99547528,37.54156333],[126.99546966,37.54155761],[126.99540231,37.54159948]]]}},{"type":"Feature","id":"seoul-building-75728","properties":{"id":"seoul-building-75728","sourceId":"1995199499244488388700000000","pnu":"1117013000102580033","name":"서울특별시 용산구 이태원동","address":"서울특별시 용산구 이태원동","useName":"단독주택","floors":3.0,"height":7.7,"heightSource":"measured","heightRaw":7.7,"sourceDate":"2026-09-09"},"geometry":{"type":"Polygon","coordinates":[[[126.99503323,37.5418129],[126.995085,37.54187196],[126.99512375,37.54185006],[126.99511632,37.54184254],[126.99517193,37.54180997],[126.99517847,37.5418168],[126.99521547,37.5417951],[126.99516932,37.54174542],[126.99513184,37.541768],[126.99513036,37.54176687],[126.99512828,37.54176493],[126.99512602,37.54176384],[126.99512501,37.54176327],[126.99512198,37.54176327],[126.99510782,37.5417718],[126.99510638,37.54177426],[126.9951068,37.54177629],[126.9951077,37.54177799],[126.99510912,37.54177961],[126.99509055,37.54179199],[126.99508253,37.54178319],[126.99506979,37.54179097],[126.99503323,37.5418129]]]}},{"type":"Feature","id":"seoul-building-75729","properties":{"id":"seoul-building-75729","sourceId":"2007199480444488212300000000","pnu":"1117013000102580042","name":"서울특별시 용산구 이태원동","address":"서울특별시 용산구 이태원동","useName":"단독주택","floors":2.0,"height":7.8,"heightSource":"measured","heightRaw":7.8,"sourceDate":"2026-09-09"},"geometry":{"type":"Polygon","coordinates":[[[126.99485265,37.54162597],[126.99485927,37.54163392],[126.99482332,37.54165289],[126.9948498,37.5416847],[126.99486696,37.54167564],[126.99489325,37.54170754],[126.9949921,37.54165537],[126.99493254,37.54158381],[126.99485265,37.54162597]]]}},{"type":"Feature","id":"seoul-building-75730","properties":{"id":"seoul-building-75730","sourceId":"2011199448554488378100000000","pnu":"1117013000102580048","name":"서울특별시 용산구 이태원동","address":"서울특별시 용산구 이태원동","useName":"단독주택","floors":2.0,"height":10.2,"heightSource":"measured","heightRaw":10.2,"sourceDate":"2026-09-09"},"geometry":{"type":"Polygon","coordinates":[[[126.99442539,37.54178921],[126.99443186,37.5417978],[126.99446691,37.54182529],[126.9944867,37.54181567],[126.99453484,37.54187962],[126.99465343,37.54182249],[126.99459729,37.5417444],[126.99460925,37.54173816],[126.99458869,37.54171096],[126.99442539,37.54178921]]]}},{"type":"Feature","id":"seoul-building-75731","properties":{"id":"seoul-building-75731","sourceId":"2000199419324488407300000000","pnu":"1117013000102580051","name":"서울특별시 용산구 이태원동","address":"서울특별시 용산구 이태원동","useName":"단독주택","floors":2.0,"height":7.1,"heightSource":"measured","heightRaw":7.1,"sourceDate":"2026-09-09"},"geometry":{"type":"Polygon","coordinates":[[[126.99412685,37.54184022],[126.99419051,37.54189014],[126.99423641,37.54185245],[126.994241,37.54185537],[126.99425931,37.54184038],[126.99425514,37.54183679],[126.99430811,37.54179435],[126.99425637,37.54175399],[126.99421638,37.54178693],[126.99422736,37.54179538],[126.99421536,37.54180524],[126.99420207,37.54179313],[126.99418432,37.54180717],[126.99417589,37.54180015],[126.99412685,37.54184022]]]}},{"type":"Feature","id":"seoul-building-75772","properties":{"id":"seoul-building-75772","sourceId":"2008199329154488767500000000","pnu":"1117013000102580260","name":"이태원H&H","address":"서울특별시 용산구 이태원동","useName":"공동주택","floors":3.0,"height":8.75,"heightSource":"measured","heightRaw":8.75,"sourceDate":"2026-09-09"},"geometry":{"type":"Polygon","coordinates":[[[126.99312391,37.54217353],[126.99315196,37.54216898],[126.99317104,37.54216589],[126.99317138,37.54216723],[126.99318372,37.54216523],[126.99318555,37.54217237],[126.99325849,37.54216055],[126.99325632,37.54215206],[126.99327091,37.5421497],[126.99326577,37.54212959],[126.99326257,37.54211709],[126.99312791,37.54213892],[126.99311854,37.54215253],[126.99312391,37.54217353]]]}},{"type":"Feature","id":"seoul-building-75773","properties":{"id":"seoul-building-75773","sourceId":"1983199339834488898600000000","pnu":"1117013000102580263","name":"서울특별시 용산구 이태원동","address":"서울특별시 용산구 이태원동","useName":"단독주택","floors":2.0,"height":7.4,"heightSource":"estimated","heightRaw":0.0,"sourceDate":"2026-09-09"},"geometry":{"type":"Polygon","coordinates":[[[126.99325346,37.54230561],[126.99339894,37.54228894],[126.99339697,37.54227618],[126.99341375,37.54227417],[126.99340907,37.54224692],[126.99337382,37.5422508],[126.9933531,37.54224102],[126.9933426,37.54224207],[126.99334036,37.54222811],[126.99329799,37.54223304],[126.99329659,37.54222445],[126.9932439,37.54223056],[126.9932522,37.54227695],[126.99324869,37.54227751],[126.99325346,37.54230561]]]}},{"type":"Feature","id":"seoul-building-75775","properties":{"id":"seoul-building-75775","sourceId":"1990199104624488173400000000","pnu":"1117013000102600132","name":"서울특별시 용산구 이태원동","address":"서울특별시 용산구 이태원동","useName":"단독주택","floors":2.0,"height":6.8,"heightSource":"measured","heightRaw":6.8,"sourceDate":"2026-09-09"},"geometry":{"type":"Polygon","coordinates":[[[126.99064188,37.5416317],[126.99061763,37.54163887],[126.99062136,37.54164657],[126.99063881,37.54165245],[126.99070041,37.54163331],[126.99066823,37.54156807],[126.99061811,37.54158378],[126.99064188,37.5416317]]]}},{"type":"Feature","id":"seoul-building-75776","properties":{"id":"seoul-building-75776","sourceId":"1990199084274488194000000000","pnu":"1117013000102600161","name":"서울특별시 용산구 이태원동","address":"서울특별시 용산구 이태원동","useName":"단독주택","floors":3.0,"height":9.0,"heightSource":"measured","heightRaw":9.0,"sourceDate":"2026-09-09"},"geometry":{"type":"Polygon","coordinates":[[[126.99039751,37.54165448],[126.99045517,37.5416562],[126.99045687,37.54160955],[126.99043049,37.54160796],[126.99043003,37.54160357],[126.99039967,37.5416021],[126.99039751,37.54165448]]]}},{"type":"Feature","id":"seoul-building-75777","properties":{"id":"seoul-building-75777","sourceId":"1989199209224487663500000000","pnu":"1117013000102600168","name":"서울특별시 용산구 이태원동","address":"서울특별시 용산구 이태원동","useName":"단독주택","floors":2.0,"height":6.3,"heightSource":"measured","heightRaw":6.3,"sourceDate":"2026-09-09"},"geometry":{"type":"Polygon","coordinates":[[[126.99177251,37.5411857],[126.99190333,37.5411834],[126.99190215,37.54111599],[126.991857,37.54111626],[126.99185799,37.54112318],[126.99182421,37.54112417],[126.99182346,37.54111745],[126.99178868,37.54111685],[126.99178991,37.54114178],[126.99177326,37.54114237],[126.99177251,37.5411857]]]}},{"type":"Feature","id":"seoul-building-75778","properties":{"id":"seoul-building-75778","sourceId":"1996199068204488958200000000","pnu":"1117013000102610028","name":"서울특별시 용산구 이태원동","address":"서울특별시 용산구 이태원동","useName":"단독주택","floors":2.0,"height":6.5,"heightSource":"measured","heightRaw":6.5,"sourceDate":"2026-09-09"},"geometry":{"type":"Polygon","coordinates":[[[126.99019965,37.54234699],[126.99023128,37.5423482],[126.99023187,37.54234439],[126.99025626,37.54234532],[126.99025638,37.54234235],[126.99029688,37.54234468],[126.99029805,37.54232375],[126.99029514,37.54232348],[126.99029678,37.54229588],[126.99019195,37.54229159],[126.9901909,37.54231092],[126.99019522,37.54231129],[126.9901937,37.54232524],[126.99020199,37.54232551],[126.99019965,37.54234699]]]}},{"type":"Feature","id":"seoul-building-76227","properties":{"id":"seoul-building-76227","sourceId":"2007199245444488068700000000","pnu":"1117013000102580315","name":"서울특별시 용산구 이태원동","address":"서울특별시 용산구 이태원동","useName":"단독주택","floors":3.0,"height":9.94,"heightSource":"measured","heightRaw":9.94,"sourceDate":"2026-09-09"},"geometry":{"type":"Polygon","coordinates":[[[126.99221403,37.54159002],[126.99225577,37.5415898],[126.99225519,37.54151801],[126.99232461,37.54151744],[126.99232453,37.54148698],[126.99228973,37.54148678],[126.99228961,37.54147053],[126.99223847,37.54147079],[126.99223744,37.5414708],[126.99223739,37.54146526],[126.99223146,37.54146529],[126.99222347,37.54146533],[126.99221894,37.54146596],[126.99221491,37.54146773],[126.99221226,37.54147127],[126.99221061,37.54147237],[126.99220975,37.54147508],[126.99220985,37.5415014],[126.99220637,37.54150142],[126.99220669,37.54154297],[126.99221365,37.54154293],[126.99221403,37.54159002]]]}},{"type":"Feature","id":"seoul-building-76228","properties":{"id":"seoul-building-76228","sourceId":"2007199253994488137500000000","pnu":"1117013000102580318","name":"서울특별시 용산구 이태원동","address":"서울특별시 용산구 이태원동","useName":"공동주택","floors":3.0,"height":9.15,"heightSource":"measured","heightRaw":9.15,"sourceDate":"2026-09-09"},"geometry":{"type":"Polygon","coordinates":[[[126.99227588,37.54159094],[126.99235021,37.54160989],[126.99239598,37.54163131],[126.99242076,37.54159799],[126.99240134,37.5415889],[126.99241017,37.54157695],[126.99241008,37.5415665],[126.99235762,37.54154194],[126.99235191,37.54154967],[126.99233875,37.54154351],[126.99227832,37.5415417],[126.99227588,37.54159094]]]}},{"type":"Feature","id":"seoul-building-76229","properties":{"id":"seoul-building-76229","sourceId":"1994199198064488113000000000","pnu":"1117013000102600204","name":"서울특별시 용산구 이태원동","address":"서울특별시 용산구 이태원동","useName":"제2종근린생활시설","floors":2.0,"height":7.85,"heightSource":"measured","heightRaw":7.85,"sourceDate":"2026-09-09"},"geometry":{"type":"Polygon","coordinates":[[[126.99167534,37.54158633],[126.99173409,37.54159192],[126.99174459,37.54152341],[126.99170543,37.54151951],[126.99167534,37.54158633]]]}},{"type":"Feature","id":"seoul-building-76239","properties":{"id":"seoul-building-76239","sourceId":"2012199460794486664900000000","pnu":"1117013000100050045","name":"서울특별시 용산구 이태원동","address":"서울특별시 용산구 이태원동","useName":"단독주택","floors":3.0,"height":11.37,"heightSource":"measured","heightRaw":11.37,"sourceDate":"2026-09-09"},"geometry":{"type":"Polygon","coordinates":[[[126.9947541,37.54022484],[126.99467545,37.54019317],[126.9946204,37.54027989],[126.99469751,37.54031396],[126.9947541,37.54022484]]]}},{"type":"Feature","id":"seoul-building-76278","properties":{"id":"seoul-building-76278","sourceId":"2004199099124487257300000000","pnu":"1117013000102530007","name":"서울특별시 용산구 이태원동","address":"서울특별시 용산구 이태원동","useName":"교육연구및복지시설","floors":1.0,"height":4.2,"heightSource":"estimated","heightRaw":0.0,"sourceDate":"2026-09-09"},"geometry":{"type":"Polygon","coordinates":[[[126.99059469,37.54078825],[126.99059695,37.54078645],[126.99059469,37.54078464],[126.99059243,37.54078645],[126.99059469,37.54078825]]]}},{"type":"Feature","id":"seoul-building-76285","properties":{"id":"seoul-building-76285","sourceId":"2009199270334487099200000000","pnu":"1117013000102470023","name":"뉴휴먼빌","address":"서울특별시 용산구 이태원동","useName":"공동주택","floors":4.0,"height":10.55,"heightSource":"measured","heightRaw":10.55,"sourceDate":"2026-09-09"},"geometry":{"type":"Polygon","coordinates":[[[126.99244873,37.54065055],[126.99244718,37.54068522],[126.9926113,37.54068988],[126.99261141,37.54068716],[126.99261312,37.54068722],[126.99261701,37.54060012],[126.99257613,37.54059896],[126.99257585,37.54060526],[126.9924918,37.54060291],[126.99249209,37.54059658],[126.99245119,37.54059542],[126.99244873,37.54065055]]]}},{"type":"Feature","id":"seoul-building-78011","properties":{"id":"seoul-building-78011","sourceId":"2007199212754488159300000000","pnu":"1117013000102600045","name":"서울특별시 용산구 이태원동","address":"서울특별시 용산구 이태원동","useName":"공동주택","floors":3.0,"height":8.69,"heightSource":"measured","heightRaw":8.69,"sourceDate":"2026-09-09"},"geometry":{"type":"Polygon","coordinates":[[[126.99194731,37.54162896],[126.9919377,37.5415667],[126.99181753,37.54156868],[126.99181888,37.54163148],[126.99194731,37.54162896]]]}},{"type":"Feature","id":"seoul-building-78020","properties":{"id":"seoul-building-78020","sourceId":"1996199133034488663000000000","pnu":"1117013000102600303","name":"서울특별시 용산구 이태원동","address":"서울특별시 용산구 이태원동","useName":"제1종근린생활시설","floors":3.0,"height":9.8,"heightSource":"measured","heightRaw":9.8,"sourceDate":"2026-09-09"},"geometry":{"type":"Polygon","coordinates":[[[126.99102778,37.54207201],[126.991039,37.54201426],[126.99100664,37.54199055],[126.99089585,37.54208642],[126.99092165,37.54210453],[126.99102778,37.54207201]]]}},{"type":"Feature","id":"seoul-building-78021","properties":{"id":"seoul-building-78021","sourceId":"1996199124784488652300000000","pnu":"1117013000102600167","name":"서울특별시 용산구 이태원동","address":"서울특별시 용산구 이태원동","useName":"단독주택","floors":2.0,"height":8.4,"heightSource":"measured","heightRaw":8.4,"sourceDate":"2026-09-09"},"geometry":{"type":"Polygon","coordinates":[[[126.99098139,37.54199416],[126.99096319,37.54198028],[126.9909409,37.54199893],[126.99092787,37.54198911],[126.99088861,37.5420219],[126.99087729,37.54201334],[126.99085422,37.54203262],[126.99084584,37.54202632],[126.99081064,37.54205568],[126.99082773,37.54206866],[126.99081879,37.54207614],[126.99082659,37.54208208],[126.99082072,37.54208695],[126.99082727,37.54209191],[126.99082309,37.54209551],[126.99084244,37.5421102],[126.99098139,37.54199416]]]}},{"type":"Feature","id":"seoul-building-78040","properties":{"id":"seoul-building-78040","sourceId":"1992199158204488469600000000","pnu":"1117013000102600075","name":"서울특별시 용산구 이태원동","address":"서울특별시 용산구 이태원동","useName":"제2종근린생활시설","floors":2.0,"height":7.8,"heightSource":"measured","heightRaw":7.8,"sourceDate":"2026-09-09"},"geometry":{"type":"Polygon","coordinates":[[[126.99131476,37.54195409],[126.99128172,37.5418247],[126.99128659,37.54182389],[126.99127415,37.54177515],[126.9912316,37.54178199],[126.99124811,37.54184695],[126.99121271,37.54185272],[126.99123724,37.54194868],[126.99125648,37.54196039],[126.99131476,37.54195409]]]}},{"type":"Feature","id":"seoul-building-78045","properties":{"id":"seoul-building-78045","sourceId":"1994199251374486677800000000","pnu":"1117013000102270010","name":"서울특별시 용산구 이태원동","address":"서울특별시 용산구 이태원동","useName":"단독주택","floors":2.0,"height":7.6,"heightSource":"measured","heightRaw":7.6,"sourceDate":"2026-09-09"},"geometry":{"type":"Polygon","coordinates":[[[126.9924288,37.54025794],[126.99239248,37.54023866],[126.99232629,37.54024658],[126.99223634,37.54020072],[126.99220024,37.54024558],[126.99236769,37.54033083],[126.9924288,37.54025794]]]}},{"type":"Feature","id":"seoul-building-78187","properties":{"id":"seoul-building-78187","sourceId":"2006199235144488070400000000","pnu":"1117013000102600031","name":"서울특별시 용산구 이태원동","address":"서울특별시 용산구 이태원동","useName":"공동주택","floors":3.0,"height":11.23,"heightSource":"measured","heightRaw":11.23,"sourceDate":"2026-09-09"},"geometry":{"type":"Polygon","coordinates":[[[126.99214964,37.5415806],[126.99214918,37.54157267],[126.99219343,37.54156924],[126.99218517,37.54145752],[126.99207191,37.54146625],[126.99208718,37.54158329],[126.99214964,37.5415806]]]}},{"type":"Feature","id":"seoul-building-78231","properties":{"id":"seoul-building-78231","sourceId":"2003199094124489350300000000","pnu":"1117013000102610058","name":"서울특별시 용산구 이태원동","address":"서울특별시 용산구 이태원동","useName":"단독주택","floors":2.0,"height":5.6,"heightSource":"measured","heightRaw":5.6,"sourceDate":"2026-09-09"},"geometry":{"type":"Polygon","coordinates":[[[126.99049249,37.54262806],[126.99050764,37.54272943],[126.99058934,37.54271313],[126.99056028,37.5426123],[126.99049249,37.54262806]]]}},{"type":"Feature","id":"seoul-building-78275","properties":{"id":"seoul-building-78275","sourceId":"1992199330364488207100000000","pnu":"1117013000102580247","name":"서울특별시 용산구 이태원동","address":"서울특별시 용산구 이태원동","useName":"단독주택","floors":2.0,"height":7.6,"heightSource":"measured","heightRaw":7.6,"sourceDate":"2026-09-09"},"geometry":{"type":"Polygon","coordinates":[[[126.99318315,37.54167977],[126.99325275,37.54164391],[126.99326011,37.54162805],[126.99324698,37.54160373],[126.99315522,37.5416485],[126.99318315,37.54167977]]]}},{"type":"Feature","id":"seoul-building-78294","properties":{"id":"seoul-building-78294","sourceId":"1988199075424488814600000000","pnu":"1117013000102610031","name":"서울특별시 용산구 이태원동","address":"서울특별시 용산구 이태원동","useName":"단독주택","floors":2.0,"height":6.6,"heightSource":"measured","heightRaw":6.6,"sourceDate":"2026-09-09"},"geometry":{"type":"Polygon","coordinates":[[[126.9902977,37.54221071],[126.990296,37.54221548],[126.99035484,37.54222828],[126.99036763,37.54219125],[126.9903613,37.5421899],[126.99036514,37.54217882],[126.99035677,37.54217692],[126.99035914,37.54216999],[126.99033538,37.54216485],[126.99033878,37.54215476],[126.99030314,37.54214692],[126.9902874,37.54219269],[126.99029227,37.54219377],[126.99028717,37.54220845],[126.9902977,37.54221071]]]}},{"type":"Feature","id":"seoul-building-78330","properties":{"id":"seoul-building-78330","sourceId":"1993199329014488329200000000","pnu":"1117013000102580249","name":"브리키(BRICKY)","address":"서울특별시 용산구 이태원동","useName":"제2종근린생활시설","floors":3.0,"height":9.4,"heightSource":"measured","heightRaw":9.4,"sourceDate":"2026-09-09"},"geometry":{"type":"Polygon","coordinates":[[[126.99313934,37.54175271],[126.99316713,37.54179597],[126.99323494,37.54175115],[126.99325508,37.54174294],[126.99323601,37.54171326],[126.99313934,37.54175271]]]}},{"type":"Feature","id":"seoul-building-78348","properties":{"id":"seoul-building-78348","sourceId":"1993199317084487969900000000","pnu":"1117013000102580242","name":"서울특별시 용산구 이태원동","address":"서울특별시 용산구 이태원동","useName":"단독주택","floors":2.0,"height":6.5,"heightSource":"measured","heightRaw":6.5,"sourceDate":"2026-09-09"},"geometry":{"type":"Polygon","coordinates":[[[126.99305386,37.54146803],[126.99309978,37.54145366],[126.99306622,37.54138894],[126.99302293,37.54140322],[126.99305386,37.54146803]]]}},{"type":"Feature","id":"seoul-building-78427","properties":{"id":"seoul-building-78427","sourceId":"1992199119304488005500000000","pnu":"1117013000102600135","name":"서울특별시 용산구 이태원동","address":"서울특별시 용산구 이태원동","useName":"단독주택","floors":3.0,"height":8.6,"heightSource":"measured","heightRaw":8.6,"sourceDate":"2026-09-09"},"geometry":{"type":"Polygon","coordinates":[[[126.99083153,37.54149139],[126.99083946,37.54150166],[126.99089003,37.54146085],[126.99085518,37.54143336],[126.99084738,37.54143976],[126.99081264,37.54141246],[126.99077756,37.54144075],[126.99078322,37.54144517],[126.99075991,37.5414639],[126.9908089,37.54150238],[126.99083153,37.54149139]]]}},{"type":"Feature","id":"seoul-building-78558","properties":{"id":"seoul-building-78558","sourceId":"1991199084514488476200000000","pnu":"1117013000102600153","name":"서울특별시 용산구 이태원동","address":"서울특별시 용산구 이태원동","useName":"단독주택","floors":2.0,"height":7.1,"heightSource":"measured","heightRaw":7.1,"sourceDate":"2026-09-09"},"geometry":{"type":"Polygon","coordinates":[[[126.99052303,37.54190853],[126.9905055,37.54186302],[126.99049667,37.5418651],[126.99048321,37.54183014],[126.99038578,37.54185391],[126.99038363,37.54184842],[126.99033102,37.54185922],[126.99034527,37.54190319],[126.99035862,37.54190041],[126.99036167,37.54190995],[126.99037819,37.54190653],[126.99038939,37.54194113],[126.99052303,37.54190853]]]}},{"type":"Feature","id":"seoul-building-78575","properties":{"id":"seoul-building-78575","sourceId":"2014199434874486896700000000","pnu":"1117013000100050011","name":"서울특별시 용산구 이태원동","address":"서울특별시 용산구 이태원동","useName":"제1종근린생활시설","floors":2.0,"height":7.15,"heightSource":"measured","heightRaw":7.15,"sourceDate":"2026-09-09"},"geometry":{"type":"Polygon","coordinates":[[[126.99432522,37.54047489],[126.99437445,37.54046855],[126.99447584,37.54048956],[126.99448148,37.54047894],[126.9943495,37.54042928],[126.99432522,37.54047489]]]}},{"type":"Feature","id":"seoul-building-78619","properties":{"id":"seoul-building-78619","sourceId":"1987199267094487323000000000","pnu":"1117013000102470014","name":"서울특별시 용산구 이태원동","address":"서울특별시 용산구 이태원동","useName":"단독주택","floors":2.0,"height":9.1,"heightSource":"measured","heightRaw":9.1,"sourceDate":"2026-09-09"},"geometry":{"type":"Polygon","coordinates":[[[126.99258523,37.54089802],[126.99258715,37.54080252],[126.99257889,37.54080242],[126.99257912,37.54079278],[126.9924739,37.54079142],[126.99247378,37.54079773],[126.99244312,37.54079737],[126.992443,37.54080205],[126.99240294,37.54080142],[126.99239728,37.54089369],[126.99258523,37.54089802]]]}},{"type":"Feature","id":"seoul-building-78620","properties":{"id":"seoul-building-78620","sourceId":"2007199286984489064700000000","pnu":"1117013000102580195","name":"서울특별시 용산구 이태원동","address":"서울특별시 용산구 이태원동","useName":"제2종근린생활시설","floors":2.0,"height":5.7,"heightSource":"measured","heightRaw":5.7,"sourceDate":"2026-09-09"},"geometry":{"type":"Polygon","coordinates":[[[126.99272018,37.54241691],[126.99272244,37.54241511],[126.99272018,37.54241331],[126.99271791,37.54241511],[126.99272018,37.54241691]]]}},{"type":"Feature","id":"seoul-building-78661","properties":{"id":"seoul-building-78661","sourceId":"1961199542214486660300000000","pnu":"1117013000102430003","name":"서울특별시 용산구 이태원동","address":"서울특별시 용산구 이태원동","useName":"단독주택","floors":1.0,"height":4.2,"heightSource":"estimated","heightRaw":0.0,"sourceDate":"2026-09-09"},"geometry":{"type":"Polygon","coordinates":[[[126.99564488,37.54027846],[126.99566027,37.54024612],[126.99557179,37.54021945],[126.99555651,37.54025179],[126.99564488,37.54027846]]]}},{"type":"Feature","id":"seoul-building-78695","properties":{"id":"seoul-building-78695","sourceId":"1990199221294487347700000000","pnu":"1117013000102470009","name":"서울특별시 용산구 이태원동","address":"서울특별시 용산구 이태원동","useName":"단독주택","floors":4.0,"height":11.0,"heightSource":"measured","heightRaw":11.0,"sourceDate":"2026-09-09"},"geometry":{"type":"Polygon","coordinates":[[[126.99192697,37.54089427],[126.99202155,37.54090178],[126.99203029,37.54084453],[126.99197937,37.54084024],[126.99197882,37.54083548],[126.99193231,37.54083265],[126.99192697,37.54089427]]]}},{"type":"Feature","id":"seoul-building-78696","properties":{"id":"seoul-building-78696","sourceId":"1987199104824487311400000000","pnu":"1117013000102510065","name":"서울특별시 용산구 이태원동","address":"서울특별시 용산구 이태원동","useName":"제2종근린생활시설","floors":2.0,"height":6.4,"heightSource":"measured","heightRaw":6.4,"sourceDate":"2026-09-09"},"geometry":{"type":"Polygon","coordinates":[[[126.99059092,37.54084368],[126.99069642,37.54087973],[126.99072108,37.54083524],[126.99071172,37.540832],[126.9907138,37.54082815],[126.99070953,37.54082653],[126.99071172,37.54082256],[126.99067048,37.54080891],[126.99067204,37.54080544],[126.99066604,37.54080354],[126.99066743,37.54080016],[126.99063251,37.54078897],[126.99062021,37.54081339],[126.99061516,37.54081139],[126.99061052,37.54082054],[126.99061176,37.54082088],[126.99060547,37.5408326],[126.99059733,37.54082994],[126.99059092,37.54084368]]]}},{"type":"Feature","id":"seoul-building-78697","properties":{"id":"seoul-building-78697","sourceId":"1997199458444487306700000000","pnu":"1117013000102580121","name":"서울특별시 용산구 이태원동","address":"서울특별시 용산구 이태원동","useName":"단독주택","floors":3.0,"height":9.1,"heightSource":"measured","heightRaw":9.1,"sourceDate":"2026-09-09"},"geometry":{"type":"Polygon","coordinates":[[[126.99461501,37.54084077],[126.99469532,37.54085963],[126.99470701,37.54082959],[126.99469547,37.54082683],[126.9946983,37.54081904],[126.99462806,37.54080119],[126.99461874,37.54082483],[126.99461657,37.54082434],[126.99461397,37.54083147],[126.99461804,37.54083242],[126.99461501,37.54084077]]]}},{"type":"Feature","id":"seoul-building-78698","properties":{"id":"seoul-building-78698","sourceId":"2001199421314487521100000000","pnu":"1117013000102580128","name":"서울특별시 용산구 이태원동","address":"서울특별시 용산구 이태원동","useName":"단독주택","floors":4.0,"height":10.45,"heightSource":"measured","heightRaw":10.45,"sourceDate":"2026-09-09"},"geometry":{"type":"Polygon","coordinates":[[[126.99419168,37.54107195],[126.9943074,37.54104408],[126.99429181,37.54099912],[126.99425819,37.5409763],[126.99420214,37.5409898],[126.99420541,37.54099842],[126.99418592,37.54100311],[126.99419539,37.54102907],[126.99417701,37.5410335],[126.99419168,37.54107195]]]}},{"type":"Feature","id":"seoul-building-78699","properties":{"id":"seoul-building-78699","sourceId":"1983199189694487557100000000","pnu":"1117013000102600095","name":"서울특별시 용산구 이태원동","address":"서울특별시 용산구 이태원동","useName":"단독주택","floors":3.0,"height":8.5,"heightSource":"measured","heightRaw":8.5,"sourceDate":"2026-09-09"},"geometry":{"type":"Polygon","coordinates":[[[126.99157262,37.54109811],[126.99167302,37.54109602],[126.99167201,37.54103285],[126.99164703,37.54101332],[126.99156995,37.54101389],[126.99157072,37.5410801],[126.9915645,37.54108015],[126.99156467,37.54109546],[126.99157259,37.54109541],[126.99157262,37.54109811]]]}},{"type":"Feature","id":"seoul-building-78700","properties":{"id":"seoul-building-78700","sourceId":"1996199108944488327900000000","pnu":"1117013000102600129","name":"서울특별시 용산구 이태원동","address":"서울특별시 용산구 이태원동","useName":"단독주택","floors":4.0,"height":10.7,"heightSource":"measured","heightRaw":10.7,"sourceDate":"2026-09-09"},"geometry":{"type":"Polygon","coordinates":[[[126.99066037,37.54178468],[126.99075547,37.54176624],[126.99074357,37.54171799],[126.99071888,37.54172154],[126.99071639,37.54172028],[126.99066336,37.54172966],[126.99067131,37.54175778],[126.9906539,37.54176183],[126.99066037,37.54178468]]]}},{"type":"Feature","id":"seoul-building-78753","properties":{"id":"seoul-building-78753","sourceId":"2014199121924488455500000000","pnu":"1117013000102600128","name":"서울특별시 용산구 이태원동","address":"서울특별시 용산구 이태원동","useName":"공동주택","floors":3.0,"height":7.85,"heightSource":"measured","heightRaw":7.85,"sourceDate":"2026-09-09"},"geometry":{"type":"Polygon","coordinates":[[[126.9907197,37.54191145],[126.99080344,37.54190397],[126.9908514,37.54188712],[126.99085803,37.5418933],[126.99088717,37.54187897],[126.99088901,37.54188166],[126.99089639,37.54188183],[126.99097464,37.54187401],[126.99097879,37.54186697],[126.99098301,37.5418536],[126.99097963,37.5418342],[126.99090449,37.54184592],[126.99087371,37.54180977],[126.99084549,37.54182501],[126.99084642,37.54182668],[126.99070981,37.54189984],[126.9907197,37.54191145]]]}},{"type":"Feature","id":"seoul-building-78754","properties":{"id":"seoul-building-78754","sourceId":"1973199049674490381900000000","pnu":"1117013000102620061","name":"서울특별시 용산구 이태원동","address":"서울특별시 용산구 이태원동","useName":"단독주택","floors":3.0,"height":9.0,"heightSource":"measured","heightRaw":9.0,"sourceDate":"2026-09-09"},"geometry":{"type":"Polygon","coordinates":[[[126.98996846,37.5436443],[126.99011271,37.54362639],[126.99009897,37.54355581],[126.99005929,37.5435608],[126.99006084,37.5435686],[126.99001816,37.5435742],[126.99002253,37.54359928],[126.99000463,37.54360143],[126.98999586,37.54355725],[126.989963,37.54356106],[126.98997034,37.54359601],[126.98995783,37.54359798],[126.98996846,37.5436443]]]}},{"type":"Feature","id":"seoul-building-78813","properties":{"id":"seoul-building-78813","sourceId":"2011199524374486693400000000","pnu":"1117013000102430009","name":"서울특별시 용산구 이태원동","address":"서울특별시 용산구 이태원동","useName":"공동주택","floors":3.0,"height":7.9,"heightSource":"measured","heightRaw":7.9,"sourceDate":"2026-09-09"},"geometry":{"type":"Polygon","coordinates":[[[126.99540623,37.54033038],[126.99544702,37.54028566],[126.99544404,37.54028328],[126.99546403,37.54026735],[126.99543433,37.54024372],[126.99543193,37.54024563],[126.99541272,37.54023035],[126.99534667,37.540283],[126.99540623,37.54033038]]]}},{"type":"Feature","id":"seoul-building-78834","properties":{"id":"seoul-building-78834","sourceId":"2014199088094489736700000000","pnu":"1117013000102610059","name":"서울특별시 용산구 이태원동","address":"서울특별시 용산구 이태원동","useName":"단독주택","floors":3.0,"height":9.2,"heightSource":"measured","heightRaw":9.2,"sourceDate":"2026-09-09"},"geometry":{"type":"Polygon","coordinates":[[[126.99043631,37.54305325],[126.99051469,37.54304333],[126.9905018,37.54298791],[126.99042602,37.5429964],[126.99043631,37.54305325]]]}},{"type":"Feature","id":"seoul-building-78866","properties":{"id":"seoul-building-78866","sourceId":"2017199334784486962800000000","pnu":"1117013000102280036","name":"경리단 틈새집","address":"서울특별시 용산구 이태원동","useName":"제2종근린생활시설","floors":4.0,"height":11.4,"heightSource":"measured","heightRaw":11.4,"sourceDate":"2026-09-09"},"geometry":{"type":"Polygon","coordinates":[[[126.99320126,37.54055003],[126.99322898,37.54057321],[126.99323146,37.54056982],[126.99323194,37.54057013],[126.99328435,37.54051581],[126.99333448,37.54053715],[126.99333483,37.54053679],[126.993345,37.54052626],[126.99325776,37.5404729],[126.99320126,37.54055003]]]}},{"type":"Feature","id":"seoul-building-78971","properties":{"id":"seoul-building-78971","sourceId":"1969199076964487049900000000","pnu":"1117013000102540033","name":"서울특별시 용산구 이태원동","address":"서울특별시 용산구 이태원동","useName":"단독주택","floors":1.0,"height":4.2,"heightSource":"estimated","heightRaw":0.0,"sourceDate":"2026-09-09"},"geometry":{"type":"Polygon","coordinates":[[[126.99034394,37.54060136],[126.99034621,37.54059956],[126.99034394,37.54059775],[126.99034168,37.54059956],[126.99034394,37.54060136]]]}},{"type":"Feature","id":"seoul-building-78972","properties":{"id":"seoul-building-78972","sourceId":"1985199453274487279000000000","pnu":"1117013000102580123","name":"서울특별시 용산구 이태원동","address":"서울특별시 용산구 이태원동","useName":"단독주택","floors":1.0,"height":4.2,"heightSource":"estimated","heightRaw":0.0,"sourceDate":"2026-09-09"},"geometry":{"type":"Polygon","coordinates":[[[126.9946019,37.54080818],[126.99460416,37.54080638],[126.9946019,37.54080458],[126.99459963,37.54080638],[126.9946019,37.54080818]]]}},{"type":"Feature","id":"seoul-building-78973","properties":{"id":"seoul-building-78973","sourceId":"2007199218584487911700000000","pnu":"1117013000102600034","name":"서울특별시 용산구 이태원동","address":"서울특별시 용산구 이태원동","useName":"제2종근린생활시설","floors":3.0,"height":10.6,"heightSource":"measured","heightRaw":10.6,"sourceDate":"2026-09-09"},"geometry":{"type":"Polygon","coordinates":[[[126.99190015,37.5413583],[126.99189952,37.54139455],[126.99198204,37.54139545],[126.99198227,37.54138206],[126.99199797,37.54138223],[126.99199836,37.54135937],[126.99190015,37.5413583]]]}},{"type":"Feature","id":"seoul-building-79031","properties":{"id":"seoul-building-79031","sourceId":"2009199688054488385800000000","pnu":"1117013000102580138","name":"서울특별시 용산구 이태원동","address":"서울특별시 용산구 이태원동","useName":"","floors":0.0,"height":0,"heightSource":"unknown","heightRaw":0.0,"sourceDate":"2026-09-09"},"geometry":{"type":"Polygon","coordinates":[[[126.99721354,37.54180562],[126.9972485,37.54183805],[126.99730236,37.54180129],[126.99727057,37.5417695],[126.99721354,37.54180562]]]}},{"type":"Feature","id":"seoul-building-79032","properties":{"id":"seoul-building-79032","sourceId":"2009199681554488445000000000","pnu":"1117013000102580138","name":"야외식물원 공중화장실","address":"서울특별시 용산구 이태원동","useName":"제1종근린생활시설","floors":1.0,"height":3.73,"heightSource":"measured","heightRaw":3.73,"sourceDate":"2026-09-09"},"geometry":{"type":"Polygon","coordinates":[[[126.99712675,37.54186346],[126.99715933,37.54189293],[126.99717054,37.54188509],[126.99718276,37.54189608],[126.99724001,37.54185589],[126.99719972,37.54181211],[126.99712675,37.54186346]]]}},{"type":"Feature","id":"seoul-building-79033","properties":{"id":"seoul-building-79033","sourceId":"2008199154024488771700000000","pnu":"1117013000102600226","name":"크리스탈빌","address":"서울특별시 용산구 이태원동","useName":"공동주택","floors":3.0,"height":10.23,"heightSource":"measured","heightRaw":10.23,"sourceDate":"2026-09-09"},"geometry":{"type":"Polygon","coordinates":[[[126.9910575,37.54215899],[126.9911506,37.54217056],[126.99137302,37.54225343],[126.99139415,37.54218895],[126.99137127,37.5421842],[126.9913835,37.54214685],[126.99120322,37.54210941],[126.99117217,37.54209784],[126.99116342,37.54208092],[126.99116391,37.54207942],[126.99114973,37.54205198],[126.9911465,37.54205305],[126.99114694,37.54205391],[126.99102402,37.54209418],[126.9910575,37.54215899]]]}},{"type":"Feature","id":"seoul-building-79053","properties":{"id":"seoul-building-79053","sourceId":"2015199573324487017200000000","pnu":"1117013000100040002","name":"서울특별시 용산구 이태원동","address":"서울특별시 용산구 이태원동","useName":"단독주택","floors":3.0,"height":11.83,"heightSource":"measured","heightRaw":11.83,"sourceDate":"2026-09-09"},"geometry":{"type":"Polygon","coordinates":[[[126.99585819,37.54058414],[126.99592809,37.54061455],[126.99596309,37.54056355],[126.99599844,37.54057894],[126.99597972,37.54060621],[126.99602774,37.5406271],[126.99607395,37.54055984],[126.9960656,37.54055621],[126.99606496,37.54055715],[126.99606417,37.54055681],[126.99606172,37.54056037],[126.99603074,37.54054689],[126.99602097,37.54056112],[126.99590779,37.54051187],[126.99585819,37.54058414]]]}},{"type":"Feature","id":"seoul-building-79054","properties":{"id":"seoul-building-79054","sourceId":"2015199426334486459900000000","pnu":"1117013000100050027","name":"서울특별시 용산구 이태원동","address":"서울특별시 용산구 이태원동","useName":"제2종근린생활시설","floors":4.0,"height":12.0,"heightSource":"measured","heightRaw":12.0,"sourceDate":"2026-09-09"},"geometry":{"type":"Polygon","coordinates":[[[126.99422127,37.53999372],[126.99418318,37.5400485],[126.99419432,37.54005341],[126.99419035,37.54005913],[126.99421114,37.54006829],[126.99421511,37.54006258],[126.99423664,37.54007207],[126.99422842,37.54008389],[126.99426703,37.54010091],[126.99425388,37.54011983],[126.99433159,37.54015408],[126.99436424,37.5401071],[126.99437984,37.54011396],[126.99441417,37.54006459],[126.99426388,37.53999834],[126.99426021,37.54000363],[126.99423924,37.53999438],[126.99423808,37.53999603],[126.99424254,37.539998],[126.99423982,37.5400019],[126.99422127,37.53999372]]]}},{"type":"Feature","id":"seoul-building-79085","properties":{"id":"seoul-building-79085","sourceId":"0000199304814489156200000000","pnu":"1117013000102580197","name":"서울특별시 용산구 이태원동","address":"서울특별시 용산구 이태원동","useName":"","floors":0.0,"height":0,"heightSource":"unknown","heightRaw":0.0,"sourceDate":"2026-09-09"},"geometry":{"type":"Polygon","coordinates":[[[126.99298122,37.54250894],[126.99297772,37.54247903],[126.99290801,37.54248245],[126.99286388,37.54248434],[126.99286863,37.54251749],[126.99290801,37.54251452],[126.99298122,37.54250894]]]}},{"type":"Feature","id":"seoul-building-79086","properties":{"id":"seoul-building-79086","sourceId":"1998199304664489105900000000","pnu":"1117013000102580197","name":"서울특별시 용산구 이태원동","address":"서울특별시 용산구 이태원동","useName":"단독주택","floors":2.0,"height":7.1,"heightSource":"measured","heightRaw":7.1,"sourceDate":"2026-09-09"},"geometry":{"type":"Polygon","coordinates":[[[126.99297557,37.54247624],[126.99297772,37.5424493],[126.9929664,37.54244876],[126.99296788,37.5424311],[126.99290802,37.54242235],[126.9928717,37.54241712],[126.99287565,37.54248335],[126.99290801,37.54248101],[126.99297557,37.54247624]]]}},{"type":"Feature","id":"seoul-building-79087","properties":{"id":"seoul-building-79087","sourceId":"0000199293884489110700000000","pnu":"1117013000102580195","name":"서울특별시 용산구 이태원동","address":"서울특별시 용산구 이태원동","useName":"","floors":0.0,"height":0,"heightSource":"unknown","heightRaw":0.0,"sourceDate":"2026-09-09"},"geometry":{"type":"Polygon","coordinates":[[[126.99286909,37.54247866],[126.99286468,37.54241911],[126.99280074,37.54242208],[126.99280211,37.54243946],[126.99271734,37.54244415],[126.99271509,37.54248586],[126.99286909,37.54247866]]]}},{"type":"Feature","id":"seoul-building-79088","properties":{"id":"seoul-building-79088","sourceId":"0000199290824489050100000000","pnu":"1117013000102580195","name":"서울특별시 용산구 이태원동","address":"서울특별시 용산구 이태원동","useName":"","floors":0.0,"height":0,"heightSource":"unknown","heightRaw":0.0,"sourceDate":"2026-09-09"},"geometry":{"type":"Polygon","coordinates":[[[126.99274191,37.54243613],[126.99280064,37.54241505],[126.99280268,37.54239405],[126.99278627,37.54236747],[126.99271803,37.54239415],[126.99274191,37.54243613]]]}},{"type":"Feature","id":"seoul-building-79184","properties":{"id":"seoul-building-79184","sourceId":"2005199319744488203400000000","pnu":"1117013000102580245","name":"서울특별시 용산구 이태원동","address":"서울특별시 용산구 이태원동","useName":"제2종근린생활시설","floors":3.0,"height":10.55,"heightSource":"measured","heightRaw":10.55,"sourceDate":"2026-09-09"},"geometry":{"type":"Polygon","coordinates":[[[126.99309649,37.54158164],[126.99302396,37.54163038],[126.99307907,37.54168246],[126.99308584,37.54167859],[126.99309706,37.54169273],[126.99314084,37.54167066],[126.99313552,37.54166399],[126.99314809,37.5416576],[126.99313825,37.54164516],[126.99314276,37.54163742],[126.99309649,37.54158164]]]}},{"type":"Feature","id":"seoul-building-79208","properties":{"id":"seoul-building-79208","sourceId":"1981199391544486536700000000","pnu":"1117013000102390004","name":"가야랑 Gayarang","address":"서울특별시 용산구 이태원동","useName":"제2종근린생활시설","floors":3.0,"height":11.97,"heightSource":"measured","heightRaw":11.97,"sourceDate":"2026-09-09"},"geometry":{"type":"Polygon","coordinates":[[[126.99372446,37.54002023],[126.99370239,37.54003681],[126.99370123,37.54003581],[126.99365962,37.54006652],[126.99366015,37.54012878],[126.99366116,37.54013306],[126.99366274,37.54013563],[126.99366562,37.54013909],[126.99366815,37.54014111],[126.99367052,37.54014249],[126.99367247,37.54014345],[126.99367416,37.54014406],[126.99367615,37.54014472],[126.99367799,37.54014508],[126.99367955,37.54014535],[126.99368404,37.54014584],[126.99383533,37.54016227],[126.99383412,37.54016643],[126.99383743,37.54016704],[126.99384056,37.54015633],[126.99413588,37.54024373],[126.99416859,37.54017363],[126.99412351,37.54016029],[126.99412855,37.54014952],[126.99385915,37.54006979],[126.99385363,37.54008163],[126.99372723,37.54005815],[126.99371683,37.54004922],[126.99372547,37.54001977],[126.99372446,37.54002023]]]}},{"type":"Feature","id":"seoul-building-79209","properties":{"id":"seoul-building-79209","sourceId":"2015199117364487251600000000","pnu":"1117013000102510063","name":"서울특별시 용산구 이태원동","address":"서울특별시 용산구 이태원동","useName":"제2종근린생활시설","floors":5.0,"height":17.6,"heightSource":"measured","heightRaw":17.6,"sourceDate":"2026-09-09"},"geometry":{"type":"Polygon","coordinates":[[[126.99070118,37.54074979],[126.99077131,37.54079047],[126.99072756,37.54086111],[126.99080928,37.5408929],[126.99088171,37.54077467],[126.99089798,37.54078099],[126.99091956,37.54074576],[126.9908616,37.54072325],[126.99085713,37.54073054],[126.99074069,37.5406853],[126.99070118,37.54074979]]]}},{"type":"Feature","id":"seoul-building-79211","properties":{"id":"seoul-building-79211","sourceId":"2015199387484488439700000000","pnu":"1117013000102580064","name":"서울특별시 용산구 이태원동","address":"서울특별시 용산구 이태원동","useName":"제2종근린생활시설","floors":3.0,"height":11.95,"heightSource":"measured","heightRaw":11.95,"sourceDate":"2026-09-09"},"geometry":{"type":"Polygon","coordinates":[[[126.99375836,37.54190068],[126.99384548,37.5419352],[126.99386412,37.54190535],[126.99387222,37.54190856],[126.99389566,37.54187104],[126.99388553,37.54186703],[126.99390065,37.54184283],[126.99391483,37.54184844],[126.99394684,37.54179723],[126.99386985,37.54176673],[126.99382197,37.54184336],[126.993863,37.54185961],[126.99384839,37.541883],[126.99378507,37.54185792],[126.99375836,37.54190068]]]}},{"type":"Feature","id":"seoul-building-79212","properties":{"id":"seoul-building-79212","sourceId":"2016199416864487954400000000","pnu":"1117013000102580071","name":"서울특별시 용산구 이태원동","address":"서울특별시 용산구 이태원동","useName":"단독주택","floors":2.0,"height":10.0,"heightSource":"measured","heightRaw":10.0,"sourceDate":"2026-09-09"},"geometry":{"type":"Polygon","coordinates":[[[126.99404391,37.54136791],[126.99404399,37.54144404],[126.99407171,37.54144403],[126.99407172,37.54145123],[126.9941283,37.54145098],[126.99412821,37.54138407],[126.99419417,37.54138402],[126.99425553,37.54149483],[126.99432904,37.54146902],[126.99428834,37.54139552],[126.99428831,37.54136773],[126.99427296,37.54136775],[126.99426603,37.54135525],[126.99423036,37.54136778],[126.99404391,37.54136791]]]}},{"type":"Feature","id":"seoul-building-79213","properties":{"id":"seoul-building-79213","sourceId":"2015199407224487496600000000","pnu":"1117013000102580133","name":"서울특별시 용산구 이태원동","address":"서울특별시 용산구 이태원동","useName":"단독주택","floors":2.0,"height":6.5,"heightSource":"measured","heightRaw":6.5,"sourceDate":"2026-09-09"},"geometry":{"type":"Polygon","coordinates":[[[126.99402506,37.54099928],[126.99404366,37.54101277],[126.99406966,37.54102191],[126.99411666,37.54103462],[126.9941391,37.54100834],[126.99405584,37.54096325],[126.99402506,37.54099928]]]}},{"type":"Feature","id":"seoul-building-79215","properties":{"id":"seoul-building-79215","sourceId":"1979199321144489163300000000","pnu":"1117013000102580200","name":"서울특별시 용산구 이태원동","address":"서울특별시 용산구 이태원동","useName":"제2종근린생활시설","floors":1.0,"height":3.15,"heightSource":"measured","heightRaw":3.15,"sourceDate":"2026-09-09"},"geometry":{"type":"Polygon","coordinates":[[[126.99301142,37.5425226],[126.99318007,37.54253173],[126.99318247,37.54250452],[126.99318003,37.54246905],[126.99313979,37.54246688],[126.99313843,37.54248283],[126.99303833,37.54248713],[126.99301455,37.54248584],[126.99301142,37.5425226]]]}},{"type":"Feature","id":"seoul-building-79216","properties":{"id":"seoul-building-79216","sourceId":"2015199311344487663800000000","pnu":"1117013000102580217","name":"서울특별시 용산구 이태원동","address":"서울특별시 용산구 이태원동","useName":"단독주택","floors":1.0,"height":5.9,"heightSource":"measured","heightRaw":5.9,"sourceDate":"2026-09-09"},"geometry":{"type":"Polygon","coordinates":[[[126.99291989,37.54113263],[126.99300921,37.54118722],[126.99302085,37.54117503],[126.99303436,37.54118321],[126.99306666,37.5411494],[126.99292994,37.54112212],[126.99291989,37.54113263]]]}},{"type":"Feature","id":"seoul-building-79217","properties":{"id":"seoul-building-79217","sourceId":"1979199291724488709900000000","pnu":"1117013000102580271","name":"서울특별시 용산구 이태원동","address":"서울특별시 용산구 이태원동","useName":"단독주택","floors":3.0,"height":8.4,"heightSource":"measured","heightRaw":8.4,"sourceDate":"2026-09-09"},"geometry":{"type":"Polygon","coordinates":[[[126.99274229,37.54211866],[126.99279976,37.54212288],[126.99280558,37.54207264],[126.99274812,37.54206841],[126.99274229,37.54211866]]]}},{"type":"Feature","id":"seoul-building-79219","properties":{"id":"seoul-building-79219","sourceId":"2016199267614488185700000000","pnu":"1117013000102580325","name":"JY1.bldg","address":"서울특별시 용산구 이태원동","useName":"제2종근린생활시설","floors":3.0,"height":11.88,"heightSource":"measured","heightRaw":11.875,"sourceDate":"2026-09-09"},"geometry":{"type":"Polygon","coordinates":[[[126.99242598,37.54161663],[126.99245401,37.5416293],[126.99247837,37.54162936],[126.99251589,37.54165674],[126.99254624,37.54167045],[126.99257399,37.5416315],[126.99245456,37.54157682],[126.99242598,37.54161663]]]}},{"type":"Feature","id":"seoul-building-79220","properties":{"id":"seoul-building-79220","sourceId":"1989199269874487623400000000","pnu":"1117013000102580339","name":"서울특별시 용산구 이태원동","address":"서울특별시 용산구 이태원동","useName":"제2종근린생활시설","floors":2.0,"height":6.9,"heightSource":"measured","heightRaw":6.9,"sourceDate":"2026-09-09"},"geometry":{"type":"Polygon","coordinates":[[[126.99247163,37.54111106],[126.99247491,37.54114656],[126.99257589,37.54114011],[126.99257064,37.54108359],[126.99249334,37.54108811],[126.99249533,37.54110968],[126.99247163,37.54111106]]]}},{"type":"Feature","id":"seoul-building-79221","properties":{"id":"seoul-building-79221","sourceId":"2016199130594487686700000000","pnu":"1117013000102600103","name":"서울특별시 용산구 이태원동","address":"서울특별시 용산구 이태원동","useName":"제2종근린생활시설","floors":3.0,"height":11.76,"heightSource":"measured","heightRaw":11.76,"sourceDate":"2026-09-09"},"geometry":{"type":"Polygon","coordinates":[[[126.99089728,37.54119365],[126.99091282,37.54119507],[126.99091201,37.54119795],[126.99098261,37.54120445],[126.99099813,37.54114935],[126.99095026,37.54113868],[126.99090968,37.54116518],[126.99090551,37.54116443],[126.99089728,37.54119365]]]}},{"type":"Feature","id":"seoul-building-79222","properties":{"id":"seoul-building-79222","sourceId":"1990199138304488076000000000","pnu":"1117013000102600122","name":"서울특별시 용산구 이태원동","address":"서울특별시 용산구 이태원동","useName":"단독주택","floors":3.0,"height":9.3,"heightSource":"measured","heightRaw":9.3,"sourceDate":"2026-09-09"},"geometry":{"type":"Polygon","coordinates":[[[126.99097263,37.54150554],[126.99100529,37.5415565],[126.99102141,37.54154994],[126.99103683,37.54157403],[126.99110083,37.54154802],[126.99105275,37.54147298],[126.99097263,37.54150554]]]}},{"type":"Feature","id":"seoul-building-79223","properties":{"id":"seoul-building-79223","sourceId":"1992199132984488149200000000","pnu":"1117013000102600124","name":"서울특별시 용산구 이태원동","address":"서울특별시 용산구 이태원동","useName":"제1종근린생활시설","floors":3.0,"height":7.6,"heightSource":"measured","heightRaw":7.6,"sourceDate":"2026-09-09"},"geometry":{"type":"Polygon","coordinates":[[[126.9909154,37.5415732],[126.99093875,37.54160512],[126.99095879,37.54159582],[126.99096655,37.54160643],[126.99100463,37.54163351],[126.99101726,37.54161418],[126.99102278,37.54161647],[126.99103399,37.54159933],[126.9910303,37.5415978],[126.99100711,37.54156611],[126.99098266,37.54157744],[126.9909633,37.54155098],[126.9909154,37.5415732]]]}},{"type":"Feature","id":"seoul-building-79224","properties":{"id":"seoul-building-79224","sourceId":"2015199080744489984100000000","pnu":"1117013000102610041","name":"서울특별시 용산구 이태원동","address":"서울특별시 용산구 이태원동","useName":"제2종근린생활시설","floors":3.0,"height":11.97,"heightSource":"measured","heightRaw":11.97,"sourceDate":"2026-09-09"},"geometry":{"type":"Polygon","coordinates":[[[126.99024962,37.54320759],[126.99034807,37.54323388],[126.9903147,37.54329392],[126.99032021,37.54329736],[126.99031808,37.54330119],[126.99039732,37.54335795],[126.99049255,37.54328616],[126.99045737,37.54319283],[126.99039665,37.54314457],[126.99026057,37.54318218],[126.99024962,37.54320759]]]}},{"type":"Feature","id":"seoul-building-79225","properties":{"id":"seoul-building-79225","sourceId":"1967199074214490304400000000","pnu":"1117013000102610066","name":"서울특별시 용산구 이태원동","address":"서울특별시 용산구 이태원동","useName":"제2종근린생활시설","floors":3.0,"height":8.6,"heightSource":"measured","heightRaw":8.6,"sourceDate":"2026-09-09"},"geometry":{"type":"Polygon","coordinates":[[[126.99026056,37.54350943],[126.99023625,37.54354506],[126.99033766,37.54358893],[126.99037602,37.54353272],[126.9903263,37.54351122],[126.99035655,37.54346688],[126.9903307,37.5434557],[126.99028641,37.54352061],[126.99026056,37.54350943]]]}},{"type":"Feature","id":"seoul-building-79293","properties":{"id":"seoul-building-79293","sourceId":"1969199497644486842500000000","pnu":"1117013000100050016","name":"서울특별시 용산구 이태원동","address":"서울특별시 용산구 이태원동","useName":"단독주택","floors":5.0,"height":17.0,"heightSource":"estimated","heightRaw":0.0,"sourceDate":"2026-09-09"},"geometry":{"type":"Polygon","coordinates":[[[126.9949198,37.54037809],[126.9949164,37.54038341],[126.99528436,37.54054118],[126.99534162,37.54045749],[126.99521636,37.54039955],[126.99520641,37.54041324],[126.99496619,37.54030863],[126.99496755,37.54030664],[126.99490804,37.54028078],[126.99485858,37.54035277],[126.9949198,37.54037809]]]}},{"type":"Feature","id":"seoul-building-86866","properties":{"id":"seoul-building-86866","sourceId":"1969199565574488132200000000","pnu":"1117013000102580025","name":"서울특별시 용산구 이태원동","address":"서울특별시 용산구 이태원동","useName":"제1종근린생활시설","floors":5.0,"height":16.3,"heightSource":"measured","heightRaw":16.3,"sourceDate":"2026-09-09"},"geometry":{"type":"Polygon","coordinates":[[[126.99591002,37.54161096],[126.99593084,37.54159826],[126.99594114,37.54160907],[126.99603721,37.54155069],[126.9959631,37.54147339],[126.99584836,37.54154312],[126.99584429,37.5415442],[126.99583987,37.54153366],[126.99582007,37.5415442],[126.99579824,37.54151825],[126.99571212,37.54157077],[126.99582006,37.54168296],[126.99592066,37.54162205],[126.99591002,37.54161096]]]}},{"type":"Feature","id":"seoul-building-88180","properties":{"id":"seoul-building-88180","sourceId":"1974199238694486587500000000","pnu":"1117013000102270024","name":"서울특별시 용산구 이태원동","address":"서울특별시 용산구 이태원동","useName":"단독주택","floors":2.0,"height":6.25,"heightSource":"measured","heightRaw":6.25,"sourceDate":"2026-09-09"},"geometry":{"type":"Polygon","coordinates":[[[126.9921982,37.54023828],[126.99224053,37.54016549],[126.99213191,37.54013241],[126.99211233,37.54017305],[126.99213552,37.54018007],[126.99212443,37.54020323],[126.99214265,37.54020873],[126.99213891,37.54021648],[126.9921982,37.54023828]]]}},{"type":"Feature","id":"seoul-building-95500","properties":{"id":"seoul-building-95500","sourceId":"2000199587224486635700000000","pnu":"1117013000100060013","name":"서울특별시 용산구 이태원동","address":"서울특별시 용산구 이태원동","useName":"제2종근린생활시설","floors":3.0,"height":11.64,"heightSource":"measured","heightRaw":11.64,"sourceDate":"2026-09-09"},"geometry":{"type":"Polygon","coordinates":[[[126.99617623,37.54020018],[126.99617171,37.54018668],[126.99612588,37.54018469],[126.99612554,37.54018919],[126.99612532,37.54019081],[126.99606478,37.54018992],[126.99606387,37.54022821],[126.99606342,37.54022821],[126.99606342,37.54025046],[126.99605663,37.54025046],[126.99605663,37.54026695],[126.99613063,37.54026696],[126.99613063,37.54026262],[126.99616786,37.54026263],[126.99616786,37.54023614],[126.99617589,37.54023613],[126.99617623,37.54020018]]]}},{"type":"Feature","id":"seoul-building-99884","properties":{"id":"seoul-building-99884","sourceId":"1985199433024487178500000000","pnu":"1117013000102580176","name":"서울특별시 용산구 이태원동","address":"서울특별시 용산구 이태원동","useName":"단독주택","floors":2.0,"height":5.6,"heightSource":"measured","heightRaw":5.6,"sourceDate":"2026-09-09"},"geometry":{"type":"Polygon","coordinates":[[[126.99439906,37.5407582],[126.99441524,37.54067395],[126.99436274,37.54066755],[126.99435503,37.54070729],[126.99433116,37.54070441],[126.99432268,37.54074883],[126.99439906,37.5407582]]]}},{"type":"Feature","id":"seoul-building-163548","properties":{"id":"seoul-building-163548","sourceId":"1979199287284488539200000000","pnu":"1117013000102580286","name":"서울특별시 용산구 이태원동","address":"서울특별시 용산구 이태원동","useName":"단독주택","floors":2.0,"height":7.4,"heightSource":"estimated","heightRaw":0.0,"sourceDate":"2026-09-09"},"geometry":{"type":"Polygon","coordinates":[[[126.99277465,37.5419978],[126.99279276,37.54195608],[126.99277726,37.54195184],[126.99279207,37.5419177],[126.99267158,37.54189093],[126.99264113,37.54193904],[126.99268221,37.54195553],[126.99267848,37.54196139],[126.99269397,37.54196761],[126.99268968,37.54197445],[126.99277465,37.5419978]]]}},{"type":"Feature","id":"seoul-building-195021","properties":{"id":"seoul-building-195021","sourceId":"1993199396804487064100000000","pnu":"1117013000102460008","name":"서울특별시 용산구 이태원동","address":"서울특별시 용산구 이태원동","useName":"단독주택","floors":3.0,"height":9.0,"heightSource":"measured","heightRaw":9.0,"sourceDate":"2026-09-09"},"geometry":{"type":"Polygon","coordinates":[[[126.99402759,37.54062357],[126.99401028,37.54059249],[126.99399308,37.5405659],[126.9938969,37.54060536],[126.99393084,37.54065771],[126.99402759,37.54062357]]]}},{"type":"Feature","id":"seoul-building-253398","properties":{"id":"seoul-building-253398","sourceId":"2014199171264486746200000000","pnu":"1117013000102510037","name":"서울특별시 용산구 이태원동","address":"서울특별시 용산구 이태원동","useName":"단독주택","floors":3.0,"height":8.75,"heightSource":"measured","heightRaw":8.75,"sourceDate":"2026-09-09"},"geometry":{"type":"Polygon","coordinates":[[[126.9913691,37.54033897],[126.99142715,37.54035639],[126.99145119,37.54030557],[126.99143006,37.54029923],[126.99142626,37.54030724],[126.99140042,37.54029949],[126.9913952,37.54031051],[126.99138413,37.54030719],[126.9913691,37.54033897]]]}},{"type":"Feature","id":"seoul-building-269689","properties":{"id":"seoul-building-269689","sourceId":"1991199133104488906000000000","pnu":"1117013000102600147","name":"서울특별시 용산구 이태원동","address":"서울특별시 용산구 이태원동","useName":"단독주택","floors":2.0,"height":7.9,"heightSource":"measured","heightRaw":7.9,"sourceDate":"2026-09-09"},"geometry":{"type":"Polygon","coordinates":[[[126.99105174,37.54230672],[126.9910419,37.54227735],[126.99106136,37.54227321],[126.99105548,37.54225672],[126.99107483,37.54225239],[126.99105968,37.54220897],[126.99088462,37.5422476],[126.99091267,37.54233653],[126.99105174,37.54230672]]]}},{"type":"Feature","id":"seoul-building-293102","properties":{"id":"seoul-building-293102","sourceId":"1979199299204488694800000000","pnu":"1117013000102580272","name":"서울특별시 용산구 이태원동","address":"서울특별시 용산구 이태원동","useName":"단독주택","floors":2.0,"height":7.4,"heightSource":"estimated","heightRaw":0.0,"sourceDate":"2026-09-09"},"geometry":{"type":"Polygon","coordinates":[[[126.9929309,37.54211638],[126.99293781,37.54208421],[126.99290805,37.54208016],[126.992887,37.54207691],[126.99289244,37.5420543],[126.99280067,37.54204519],[126.99279218,37.54209952],[126.99284853,37.54210511],[126.99290804,37.54211322],[126.9929309,37.54211638]]]}},{"type":"Feature","id":"seoul-building-363770","properties":{"id":"seoul-building-363770","sourceId":"1971199583334486772600000000","pnu":"1117013000100060012","name":"서울특별시 용산구 이태원동","address":"서울특별시 용산구 이태원동","useName":"단독주택","floors":2.0,"height":6.2,"heightSource":"measured","heightRaw":6.2,"sourceDate":"2026-09-09"},"geometry":{"type":"Polygon","coordinates":[[[126.9961382,37.54040616],[126.996164,37.54032552],[126.99600888,37.54029416],[126.99598319,37.54037471],[126.9961382,37.54040616]]]}},{"type":"Feature","id":"seoul-building-363778","properties":{"id":"seoul-building-363778","sourceId":"1998199300094486420200000000","pnu":"1117013000102290016","name":"서울특별시 용산구 이태원동","address":"서울특별시 용산구 이태원동","useName":"제2종근린생활시설","floors":5.0,"height":17.1,"heightSource":"measured","heightRaw":17.1,"sourceDate":"2026-09-09"},"geometry":{"type":"Polygon","coordinates":[[[126.9929371,37.53999308],[126.99290802,37.53998479],[126.99284364,37.53996613],[126.99281036,37.54003893],[126.99282337,37.54004272],[126.99280753,37.5400774],[126.99288922,37.54010102],[126.99290823,37.54005867],[126.9929371,37.53999308]]]}},{"type":"Feature","id":"seoul-building-366874","properties":{"id":"seoul-building-366874","sourceId":"2001199075634487129800000000","pnu":"1117013000102540002","name":"서울특별시 용산구 이태원동","address":"서울특별시 용산구 이태원동","useName":"단독주택","floors":4.0,"height":11.0,"heightSource":"measured","heightRaw":11.0,"sourceDate":"2026-09-09"},"geometry":{"type":"Polygon","coordinates":[[[126.99030435,37.54063098],[126.99028093,37.54069873],[126.99035176,37.54071433],[126.99037734,37.54064216],[126.99030435,37.54063098]]]}},{"type":"Feature","id":"seoul-building-368396","properties":{"id":"seoul-building-368396","sourceId":"1985199307044487567500000000","pnu":"1117013000102580225","name":"서울특별시 용산구 이태원동","address":"서울특별시 용산구 이태원동","useName":"단독주택","floors":2.0,"height":7.4,"heightSource":"estimated","heightRaw":0.0,"sourceDate":"2026-09-09"},"geometry":{"type":"Polygon","coordinates":[[[126.99298372,37.54109645],[126.99299312,37.5410514],[126.9929921,37.54103978],[126.99290826,37.54103049],[126.99290803,37.54103175],[126.99290599,37.54104518],[126.99290713,37.54104527],[126.99290101,37.54108482],[126.99290803,37.54108545],[126.99294683,37.54110537],[126.99298372,37.54109645]]]}},{"type":"Feature","id":"seoul-building-370423","properties":{"id":"seoul-building-370423","sourceId":"2016199616694486980300000000","pnu":"1117013000102580007","name":"라쿠치나","address":"서울특별시 용산구 이태원동","useName":"제2종근린생활시설","floors":3.0,"height":11.95,"heightSource":"measured","heightRaw":11.95,"sourceDate":"2026-09-09"},"geometry":{"type":"Polygon","coordinates":[[[126.99634612,37.54061017],[126.99641881,37.5405998],[126.99642088,37.54060466],[126.99642705,37.54060407],[126.99643196,37.54059793],[126.99654459,37.54058186],[126.99653216,37.54052657],[126.9966031,37.54051645],[126.99660217,37.54051233],[126.99659026,37.54051403],[126.99657775,37.54045842],[126.99652211,37.54046635],[126.99653001,37.54050142],[126.99652104,37.5405027],[126.99651605,37.54048049],[126.99644944,37.54048998],[126.99644836,37.5404852],[126.99639345,37.54049303],[126.99639453,37.54049782],[126.99632314,37.540508],[126.99634612,37.54061017]]]}},{"type":"Feature","id":"seoul-building-435724","properties":{"id":"seoul-building-435724","sourceId":"1991199134894486802800000000","pnu":"1117013000102510067","name":"서울특별시 용산구 이태원동","address":"서울특별시 용산구 이태원동","useName":"단독주택","floors":2.0,"height":6.7,"heightSource":"measured","heightRaw":6.7,"sourceDate":"2026-09-09"},"geometry":{"type":"Polygon","coordinates":[[[126.99101859,37.54042083],[126.99105594,37.54036435],[126.99098227,37.54033352],[126.99094166,37.54038857],[126.99101859,37.54042083]]]}},{"type":"Feature","id":"seoul-building-445326","properties":{"id":"seoul-building-445326","sourceId":"1991199455604488157900000000","pnu":"1117013000102580046","name":"서울특별시 용산구 이태원동","address":"서울특별시 용산구 이태원동","useName":"제2종근린생활시설","floors":2.0,"height":7.8,"heightSource":"measured","heightRaw":7.8,"sourceDate":"2026-09-09"},"geometry":{"type":"Polygon","coordinates":[[[126.99460526,37.54167083],[126.99473448,37.54158831],[126.99467655,37.54153073],[126.99460526,37.54157632],[126.99459101,37.54156226],[126.99457641,37.54157154],[126.99456317,37.54155847],[126.99451983,37.54158613],[126.99460526,37.54167083]]]}},{"type":"Feature","id":"seoul-building-509156","properties":{"id":"seoul-building-509156","sourceId":"1969199593984487720000000000","pnu":"1117013000102580014","name":"서울특별시 용산구 이태원동","address":"서울특별시 용산구 이태원동","useName":"제2종근린생활시설","floors":3.0,"height":10.6,"heightSource":"estimated","heightRaw":0.0,"sourceDate":"2026-09-09"},"geometry":{"type":"Polygon","coordinates":[[[126.99622076,37.54129112],[126.99630303,37.54118138],[126.99616669,37.54111668],[126.9960851,37.54122552],[126.99622076,37.54129112]]]}},{"type":"Feature","id":"seoul-building-542773","properties":{"id":"seoul-building-542773","sourceId":"1983199225414488795800000000","pnu":"1117013000102600199","name":"UPPERHOUSE NAMSAN","address":"서울특별시 용산구 이태원동","useName":"공동주택","floors":4.0,"height":24.11,"heightSource":"measured","heightRaw":24.11,"sourceDate":"2026-09-09"},"geometry":{"type":"Polygon","coordinates":[[[126.99230797,37.54236024],[126.9923298,37.5424052],[126.99234179,37.54246674],[126.99233782,37.54247854],[126.99241216,37.54248666],[126.99228968,37.54196685],[126.99227881,37.54196857],[126.99227802,37.54196406],[126.99201776,37.54200108],[126.9920189,37.54200576],[126.99200577,37.54200775],[126.99201278,37.54203721],[126.99198076,37.54204207],[126.99197352,37.5420172],[126.99191004,37.54202891],[126.99190631,37.54201621],[126.99168396,37.54205269],[126.99168588,37.54206719],[126.99151162,37.54209367],[126.99147744,37.54219232],[126.99148716,37.5422435],[126.99175149,37.54220271],[126.99175635,37.54222253],[126.9919812,37.54218776],[126.99200938,37.54219506],[126.99202397,37.54225814],[126.99201254,37.54225975],[126.99204918,37.54239337],[126.99230797,37.54236024]]]}},{"type":"Feature","id":"seoul-building-560231","properties":{"id":"seoul-building-560231","sourceId":"1984199326034487738800000000","pnu":"1117013000102580216","name":"서울특별시 용산구 이태원동","address":"서울특별시 용산구 이태원동","useName":"단독주택","floors":2.0,"height":7.5,"heightSource":"measured","heightRaw":7.5,"sourceDate":"2026-09-09"},"geometry":{"type":"Polygon","coordinates":[[[126.99321081,37.54124684],[126.99321194,37.54124846],[126.99325438,37.54123054],[126.99321115,37.54116989],[126.99317619,37.54118575],[126.99316499,37.54117007],[126.99312153,37.54118971],[126.99311644,37.54118259],[126.99307197,37.54120277],[126.99313058,37.5412808],[126.99321081,37.54124684]]]}},{"type":"Feature","id":"seoul-building-565207","properties":{"id":"seoul-building-565207","sourceId":"1983199359924488658800000000","pnu":"1117013000102580207","name":"서울특별시 용산구 이태원동","address":"서울특별시 용산구 이태원동","useName":"단독주택","floors":2.0,"height":7.4,"heightSource":"estimated","heightRaw":0.0,"sourceDate":"2026-09-09"},"geometry":{"type":"Polygon","coordinates":[[[126.99354092,37.54207361],[126.99354465,37.54208398],[126.99359037,37.54207848],[126.99357271,37.54201037],[126.99349725,37.54202955],[126.99351207,37.54208028],[126.99354092,37.54207361]]]}},{"type":"Feature","id":"seoul-building-565610","properties":{"id":"seoul-building-565610","sourceId":"1993199333914488674900000000","pnu":"1117013000102580256","name":"서울특별시 용산구 이태원동","address":"서울특별시 용산구 이태원동","useName":"단독주택","floors":2.0,"height":7.8,"heightSource":"measured","heightRaw":7.8,"sourceDate":"2026-09-09"},"geometry":{"type":"Polygon","coordinates":[[[126.99320224,37.54209783],[126.99320382,37.54210387],[126.99321978,37.54210125],[126.99321854,37.54209621],[126.993318,37.54207423],[126.99330126,37.54202584],[126.99321028,37.54204279],[126.99321537,37.54205755],[126.99318244,37.54206476],[126.99319443,37.54209919],[126.99320224,37.54209783]]]}},{"type":"Feature","id":"seoul-building-567937","properties":{"id":"seoul-building-567937","sourceId":"1979199263574487752600000000","pnu":"1117013000102580334","name":"서울특별시 용산구 이태원동","address":"서울특별시 용산구 이태원동","useName":"단독주택","floors":1.0,"height":4.2,"heightSource":"estimated","heightRaw":0.0,"sourceDate":"2026-09-09"},"geometry":{"type":"Polygon","coordinates":[[[126.99251537,37.5412541],[126.99250949,37.54122067],[126.99248788,37.5412231],[126.99248415,37.54120229],[126.99244873,37.54120625],[126.99244749,37.54119967],[126.99240426,37.54120453],[126.99241501,37.54126535],[126.99251537,37.5412541]]]}},{"type":"Feature","id":"seoul-building-568031","properties":{"id":"seoul-building-568031","sourceId":"1992199242184486767000000000","pnu":"1117013000102270013","name":"서울특별시 용산구 이태원동","address":"서울특별시 용산구 이태원동","useName":"단독주택","floors":2.0,"height":7.9,"heightSource":"measured","heightRaw":7.9,"sourceDate":"2026-09-09"},"geometry":{"type":"Polygon","coordinates":[[[126.9922422,37.54039893],[126.9922559,37.54037299],[126.99225419,37.54037245],[126.99226688,37.54034821],[126.99225851,37.54034533],[126.99227174,37.5403201],[126.99223338,37.5403073],[126.99223565,37.5403028],[126.9921896,37.54028748],[126.99215213,37.54037092],[126.9922422,37.54039893]]]}},{"type":"Feature","id":"seoul-building-575143","properties":{"id":"seoul-building-575143","sourceId":"1991199170274486982300000000","pnu":"1117013000102510092","name":"서울특별시 용산구 이태원동","address":"서울특별시 용산구 이태원동","useName":"단독주택","floors":2.0,"height":7.5,"heightSource":"measured","heightRaw":7.5,"sourceDate":"2026-09-09"},"geometry":{"type":"Polygon","coordinates":[[[126.99143383,37.54059314],[126.99147039,37.54052359],[126.99136471,37.54048474],[126.99132985,37.54055367],[126.99143383,37.54059314]]]}},{"type":"Feature","id":"seoul-building-576168","properties":{"id":"seoul-building-576168","sourceId":"1978199348654486841700000000","pnu":"1117013000102280004","name":"서울특별시 용산구 이태원동","address":"서울특별시 용산구 이태원동","useName":"제2종근린생활시설","floors":2.0,"height":6.7,"heightSource":"measured","heightRaw":6.7,"sourceDate":"2026-09-09"},"geometry":{"type":"Polygon","coordinates":[[[126.9934976,37.54047037],[126.99352307,37.54039225],[126.99333875,37.54035414],[126.99331329,37.54043225],[126.9934976,37.54047037]]]}},{"type":"Feature","id":"seoul-building-576370","properties":{"id":"seoul-building-576370","sourceId":"1962199159694489474800000000","pnu":"1117013000102600019","name":"서울특별시 용산구 이태원동","address":"서울특별시 용산구 이태원동","useName":"문화및집회시설","floors":2.0,"height":5.9,"heightSource":"measured","heightRaw":5.9,"sourceDate":"2026-09-09"},"geometry":{"type":"Polygon","coordinates":[[[126.99124208,37.54284616],[126.99130954,37.5428784],[126.99135585,37.54281839],[126.99134166,37.54281172],[126.99137749,37.54276578],[126.99123027,37.54269498],[126.99119187,37.5427461],[126.99124208,37.54284616]]]}},{"type":"Feature","id":"seoul-building-576779","properties":{"id":"seoul-building-576779","sourceId":"1999199152764487671000000000","pnu":"1117013000102600108","name":"서울특별시 용산구 이태원동","address":"서울특별시 용산구 이태원동","useName":"단독주택","floors":3.0,"height":9.93,"heightSource":"measured","heightRaw":9.93,"sourceDate":"2026-09-09"},"geometry":{"type":"Polygon","coordinates":[[[126.99128712,37.54113372],[126.99126314,37.54113525],[126.99126121,37.54111651],[126.99116911,37.54112245],[126.99117001,37.5411321],[126.99112147,37.54113524],[126.99112757,37.54119508],[126.99114047,37.54119427],[126.99114239,37.541213],[126.99118403,37.54120976],[126.99118166,37.54118688],[126.99129176,37.54117976],[126.99128712,37.54113372]]]}},{"type":"Feature","id":"seoul-building-577892","properties":{"id":"seoul-building-577892","sourceId":"1969199377514488582400000000","pnu":"1117013000102580062","name":"서울특별시 용산구 이태원동","address":"서울특별시 용산구 이태원동","useName":"공동주택","floors":4.0,"height":12.8,"heightSource":"estimated","heightRaw":0.0,"sourceDate":"2026-09-09"},"geometry":{"type":"Polygon","coordinates":[[[126.99366709,37.54202362],[126.99366515,37.54203308],[126.9938487,37.54205426],[126.99386997,37.54193695],[126.99370307,37.54191765],[126.9937042,37.54191154],[126.99364186,37.54190432],[126.9936181,37.54201695],[126.99366709,37.54202362]]]}},{"type":"Feature","id":"seoul-building-579056","properties":{"id":"seoul-building-579056","sourceId":"1971199307274487488300000000","pnu":"1117013000102570004","name":"서울특별시 용산구 이태원동","address":"서울특별시 용산구 이태원동","useName":"제2종근린생활시설","floors":2.0,"height":5.6,"heightSource":"measured","heightRaw":5.6,"sourceDate":"2026-09-09"},"geometry":{"type":"Polygon","coordinates":[[[126.99292308,37.54100481],[126.99292252,37.54101436],[126.9929964,37.5410214],[126.99299539,37.54097752],[126.99290804,37.54097121],[126.99289944,37.54097066],[126.99289887,37.54100391],[126.99290804,37.54100418],[126.99292308,37.54100481]]]}},{"type":"Feature","id":"seoul-building-585273","properties":{"id":"seoul-building-585273","sourceId":"2015199253544488512600000000","pnu":"1117013000102580306","name":"서울특별시 용산구 이태원동","address":"서울특별시 용산구 이태원동","useName":"단독주택","floors":3.0,"height":11.47,"heightSource":"measured","heightRaw":11.47,"sourceDate":"2026-09-09"},"geometry":{"type":"Polygon","coordinates":[[[126.99233477,37.54195213],[126.99235301,37.54195186],[126.99234873,37.54194725],[126.99235882,37.54194131],[126.99235038,37.54192901],[126.99238774,37.54191275],[126.99237053,37.54190346],[126.9923577,37.54188964],[126.99232596,37.54189532],[126.99230537,37.5419195],[126.99233029,37.54194633],[126.99232965,37.54194671],[126.99233477,37.54195213]]]}},{"type":"Feature","id":"seoul-building-586445","properties":{"id":"seoul-building-586445","sourceId":"1996199317444487527900000000","pnu":"1117013000102570003","name":"서울특별시 용산구 이태원동","address":"서울특별시 용산구 이태원동","useName":"단독주택","floors":3.0,"height":9.1,"heightSource":"measured","heightRaw":9.1,"sourceDate":"2026-09-09"},"geometry":{"type":"Polygon","coordinates":[[[126.99311102,37.54108348],[126.99311238,37.54103105],[126.99313761,37.54103149],[126.99313886,37.54098491],[126.99300806,37.5409813],[126.99300104,37.54108167],[126.99311102,37.54108348]]]}},{"type":"Feature","id":"seoul-building-659401","properties":{"id":"seoul-building-659401","sourceId":"1969199153534487115500000000","pnu":"1117013000102510032","name":"서울특별시 용산구 이태원동","address":"서울특별시 용산구 이태원동","useName":"단독주택","floors":1.0,"height":4.2,"heightSource":"estimated","heightRaw":0.0,"sourceDate":"2026-09-09"},"geometry":{"type":"Polygon","coordinates":[[[126.99123818,37.540698],[126.99126975,37.54064268],[126.99123604,37.54063042],[126.99123128,37.5406388],[126.99119587,37.54062601],[126.99118863,37.54063862],[126.99116611,37.54063051],[126.99114653,37.54066483],[126.99123818,37.540698]]]}},{"type":"Feature","id":"seoul-building-683498","properties":{"id":"seoul-building-683498","sourceId":"1983199337204486686800000000","pnu":"1117013000102280005","name":"서울특별시 용산구 이태원동","address":"서울특별시 용산구 이태원동","useName":"단독주택","floors":2.0,"height":7.4,"heightSource":"estimated","heightRaw":0.0,"sourceDate":"2026-09-09"},"geometry":{"type":"Polygon","coordinates":[[[126.99329575,37.54031593],[126.99333954,37.54031657],[126.99335098,37.54024232],[126.99323014,37.54023322],[126.99322051,37.54028448],[126.99329575,37.54031593]]]}},{"type":"Feature","id":"seoul-building-684408","properties":{"id":"seoul-building-684408","sourceId":"2011199476764487120700000000","pnu":"1117013000100050005","name":"서울특별시 용산구 이태원동","address":"서울특별시 용산구 이태원동","useName":"제2종근린생활시설","floors":3.0,"height":11.32,"heightSource":"measured","heightRaw":11.32,"sourceDate":"2026-09-09"},"geometry":{"type":"Polygon","coordinates":[[[126.99502763,37.54068799],[126.994766,37.54057238],[126.99474283,37.54060337],[126.99471966,37.54063436],[126.99475287,37.54065199],[126.99474539,37.54066255],[126.99488444,37.54072498],[126.99489181,37.54071459],[126.99495672,37.54074373],[126.9949673,37.54073063],[126.99499184,37.54073934],[126.99502763,37.54068799]]]}}]}