{"type":"FeatureCollection","features":[{"type":"Feature","id":"seoul-building-32304","properties":{"id":"seoul-building-32304","sourceId":"1978192941824466042300000000","pnu":"1156011000100280000","name":"서울특별시 영등포구 여의도동","address":"서울특별시 영등포구 여의도동","useName":"공동주택","floors":12.0,"height":36.4,"heightSource":"estimated","heightRaw":0.0,"sourceDate":"2026-09-09"},"geometry":{"type":"Polygon","coordinates":[[[126.9213388,37.52193481],[126.92141037,37.52186098],[126.92131575,37.5218028],[126.92132232,37.52179605],[126.92066811,37.52139025],[126.9206612,37.52139755],[126.92056511,37.52133973],[126.92049682,37.52141185],[126.92048879,37.52140842],[126.92046433,37.5214339],[126.92048479,37.52144644],[126.92048819,37.52144284],[126.92055149,37.52148469],[126.92054606,37.52148982],[126.92057725,37.52151064],[126.92059469,37.52149436],[126.92066749,37.52153847],[126.92065436,37.52155215],[126.92068273,37.52156929],[126.92069315,37.52155831],[126.92077183,37.52160882],[126.92075903,37.52162142],[126.92079035,37.52164153],[126.92080065,37.5216319],[126.92088193,37.52168665],[126.92087707,37.52169124],[126.9209025,37.52170837],[126.9209076,37.52170351],[126.92099182,37.52175664],[126.92098638,37.52176213],[126.92101815,37.52178215],[126.92103332,37.52176748],[126.92111075,37.52181826],[126.92110079,37.52182762],[126.9211286,37.52184656],[126.92114287,37.52183233],[126.92119151,37.52186351],[126.92121521,37.5218787],[126.92119823,37.52189553],[126.92123011,37.52191601],[126.9212369,37.52190718],[126.92130428,37.52194957],[126.92130156,37.52195228],[126.92132055,37.52196436],[126.92134501,37.52193969],[126.9213388,37.52193481]]]}},{"type":"Feature","id":"seoul-building-46327","properties":{"id":"seoul-building-46327","sourceId":"1995193229584469587900000000","pnu":"1156011000100230002","name":"ONE CENTINEL","address":"서울특별시 영등포구 여의도동","useName":"업무시설","floors":30.0,"height":134.02,"heightSource":"measured","heightRaw":134.02,"sourceDate":"2026-09-09"},"geometry":{"type":"Polygon","coordinates":[[[126.92437704,37.52496534],[126.92434279,37.52494577],[126.92435955,37.52492722],[126.92439494,37.52494742],[126.92450558,37.52483487],[126.92450031,37.52478612],[126.92435321,37.52469791],[126.92432954,37.52472303],[126.92430671,37.52470932],[126.92433094,37.52468366],[126.92418261,37.52459662],[126.9241265,37.52460081],[126.92401721,37.52471292],[126.92405215,37.52473447],[126.92403233,37.52475482],[126.92399694,37.524733],[126.92388743,37.52484682],[126.92389677,37.5248953],[126.92403708,37.52498242],[126.92406268,37.5249564],[126.92409071,37.5249738],[126.92406502,37.52500009],[126.92421017,37.5250893],[126.92426923,37.52508501],[126.92434579,37.52500004],[126.92437704,37.52496534]]]}},{"type":"Feature","id":"seoul-building-85507","properties":{"id":"seoul-building-85507","sourceId":"2006192954334474073500000000","pnu":"1156011000100140014","name":"용산빌딩","address":"서울특별시 영등포구 여의도동","useName":"업무시설","floors":13.0,"height":39.9,"heightSource":"measured","heightRaw":39.9,"sourceDate":"2026-09-09"},"geometry":{"type":"Polygon","coordinates":[[[126.92124753,37.52879805],[126.92113605,37.52872995],[126.92091045,37.52896424],[126.92102216,37.52903215],[126.92124753,37.52879805]]]}},{"type":"Feature","id":"seoul-building-87132","properties":{"id":"seoul-building-87132","sourceId":"1990193601444466042200000000","pnu":"1156011000100340004","name":"코스콤 본사","address":"서울특별시 영등포구 여의도동","useName":"업무시설","floors":15.0,"height":60.2,"heightSource":"measured","heightRaw":60.2,"sourceDate":"2026-09-09"},"geometry":{"type":"Polygon","coordinates":[[[126.92855011,37.52184641],[126.92868112,37.52171432],[126.92868101,37.52171081],[126.92866417,37.52170106],[126.92866847,37.52169638],[126.92828204,37.52145927],[126.92827956,37.52146179],[126.92826441,37.52145205],[126.92813057,37.52158478],[126.9281308,37.52158794],[126.9281464,37.52159812],[126.92814436,37.52160002],[126.92852772,37.52183919],[126.92853032,37.52183775],[126.92854672,37.52184659],[126.92855011,37.52184641]]]}},{"type":"Feature","id":"seoul-building-94433","properties":{"id":"seoul-building-94433","sourceId":"1984193579744466252900000000","pnu":"1156011000100340002","name":"서울특별시 영등포구 여의도동","address":"서울특별시 영등포구 여의도동","useName":"제2종근린생활시설","floors":14.0,"height":45.8,"heightSource":"estimated","heightRaw":0.0,"sourceDate":"2026-09-09"},"geometry":{"type":"Polygon","coordinates":[[[126.92842408,37.52186228],[126.92807136,37.52164124],[126.92791634,37.52179828],[126.92789833,37.52181638],[126.9279162,37.52182747],[126.9282514,37.52203761],[126.92842408,37.52186228]]]}},{"type":"Feature","id":"seoul-building-136775","properties":{"id":"seoul-building-136775","sourceId":"1993193392634468722900000000","pnu":"1156011000100250000","name":"씨티플라자 빌딩","address":"서울특별시 영등포구 여의도동","useName":"업무시설","floors":14.0,"height":57.8,"heightSource":"measured","heightRaw":57.8,"sourceDate":"2026-09-09"},"geometry":{"type":"Polygon","coordinates":[[[126.92626987,37.52407148],[126.92598022,37.52388786],[126.92582689,37.52404282],[126.92583207,37.52406643],[126.92610284,37.52423924],[126.92626987,37.52407148]]]}},{"type":"Feature","id":"seoul-building-211465","properties":{"id":"seoul-building-211465","sourceId":"1981193443074466127500000000","pnu":"1156011000100350002","name":"서울특별시 영등포구 여의도동","address":"서울특별시 영등포구 여의도동","useName":"제2종근린생활시설","floors":10.0,"height":33.0,"heightSource":"estimated","heightRaw":0.0,"sourceDate":"2026-09-09"},"geometry":{"type":"Polygon","coordinates":[[[126.92689872,37.52165214],[126.92663632,37.52148818],[126.92662919,37.52148898],[126.92633184,37.52179198],[126.92633229,37.52179892],[126.92659422,37.52196208],[126.92660282,37.521961],[126.92690007,37.52165745],[126.92689872,37.52165214]]]}},{"type":"Feature","id":"seoul-building-290599","properties":{"id":"seoul-building-290599","sourceId":"2000193699774464455400000000","pnu":"1156011000100440024","name":"서울특별시 영등포구 여의도동","address":"서울특별시 영등포구 여의도동","useName":"업무시설","floors":14.0,"height":49.9,"heightSource":"measured","heightRaw":49.9,"sourceDate":"2026-09-09"},"geometry":{"type":"Polygon","coordinates":[[[126.92970214,37.52017358],[126.92953414,37.52006978],[126.92934018,37.52026834],[126.92950535,37.52037177],[126.92970214,37.52017358]]]}},{"type":"Feature","id":"seoul-building-304564","properties":{"id":"seoul-building-304564","sourceId":"1999193637234464363200000000","pnu":"1156011000100450013","name":"포레스텔빌딩","address":"서울특별시 영등포구 여의도동","useName":"업무시설","floors":15.0,"height":58.7,"heightSource":"measured","heightRaw":58.7,"sourceDate":"2026-09-09"},"geometry":{"type":"Polygon","coordinates":[[[126.92899795,37.52008532],[126.92883458,37.51998277],[126.92862534,37.52019493],[126.92879821,37.52028738],[126.92899795,37.52008532]]]}},{"type":"Feature","id":"seoul-building-306955","properties":{"id":"seoul-building-306955","sourceId":"1983193680754464703400000000","pnu":"1156011000100440022","name":"(호성개발주식회사)","address":"서울특별시 영등포구 여의도동","useName":"제2종근린생활시설","floors":10.0,"height":40.0,"heightSource":"measured","heightRaw":40.0,"sourceDate":"2026-09-09"},"geometry":{"type":"Polygon","coordinates":[[[126.92946483,37.52039518],[126.92932702,37.52030951],[126.92931785,37.52031211],[126.92914506,37.52048662],[126.92914483,37.52049194],[126.92928164,37.52057797],[126.92928978,37.52057771],[126.92946527,37.52040257],[126.92946483,37.52039518]]]}},{"type":"Feature","id":"seoul-building-307559","properties":{"id":"seoul-building-307559","sourceId":"1980193211684465336900000000","pnu":"1156011000100370000","name":"아일렉스 상가","address":"서울특별시 영등포구 여의도동","useName":"판매시설","floors":5.0,"height":17.0,"heightSource":"estimated","heightRaw":0.0,"sourceDate":"2026-09-09"},"geometry":{"type":"Polygon","coordinates":[[[126.92403634,37.52124362],[126.92428548,37.52098384],[126.9242822,37.52098185],[126.92428673,37.52097708],[126.92396475,37.52078127],[126.9239626,37.52078352],[126.92395898,37.52078127],[126.92371144,37.52103501],[126.92371427,37.52103834],[126.92371088,37.52104023],[126.9240273,37.52124271],[126.92403024,37.52123974],[126.92403634,37.52124362]]]}},{"type":"Feature","id":"seoul-building-308311","properties":{"id":"seoul-building-308311","sourceId":"1985193687834466045500000000","pnu":"1156011000100340009","name":"서울특별시 영등포구 여의도동","address":"서울특별시 영등포구 여의도동","useName":"제2종근린생활시설","floors":12.0,"height":39.4,"heightSource":"estimated","heightRaw":0.0,"sourceDate":"2026-09-09"},"geometry":{"type":"Polygon","coordinates":[[[126.92963191,37.521601],[126.92938465,37.52144823],[126.92913691,37.52170522],[126.92938348,37.52185854],[126.92963191,37.521601]]]}},{"type":"Feature","id":"seoul-building-308644","properties":{"id":"seoul-building-308644","sourceId":"1987193625334472722300000000","pnu":"1156011000100200000","name":"엘지트윈타워","address":"서울특별시 영등포구 여의도동","useName":"업무시설","floors":34.0,"height":135.55,"heightSource":"measured","heightRaw":135.55,"sourceDate":"2026-09-09"},"geometry":{"type":"Polygon","coordinates":[[[126.92901596,37.52768699],[126.92853578,37.52738874],[126.92839094,37.52753669],[126.92841728,37.52755401],[126.92839397,37.52757661],[126.92841894,37.52758977],[126.92840003,37.52761238],[126.92842763,37.52762979],[126.92840611,37.5276514],[126.92843099,37.52766574],[126.92841049,37.52768816],[126.92843774,37.52770467],[126.92841633,37.52772718],[126.92853776,37.52780249],[126.92876558,37.52794371],[126.92890442,37.52780234],[126.92901709,37.52768772],[126.92901596,37.52768699]]]}},{"type":"Feature","id":"seoul-building-322572","properties":{"id":"seoul-building-322572","sourceId":"2011193408264468524500000000","pnu":"1156011000100250002","name":"금융투자교육원","address":"서울특별시 영등포구 여의도동","useName":"업무시설","floors":15.0,"height":61.0,"heightSource":"measured","heightRaw":61.0,"sourceDate":"2026-09-09"},"geometry":{"type":"Polygon","coordinates":[[[126.9260084,37.52386073],[126.92630528,37.52404037],[126.92643061,37.52390898],[126.9261337,37.52372936],[126.9260084,37.52386073]]]}},{"type":"Feature","id":"seoul-building-333865","properties":{"id":"seoul-building-333865","sourceId":"1994193188924469226200000000","pnu":"1156011000100230003","name":"iM증권 A동","address":"서울특별시 영등포구 여의도동","useName":"업무시설","floors":19.0,"height":94.05,"heightSource":"measured","heightRaw":94.05,"sourceDate":"2026-09-09"},"geometry":{"type":"Polygon","coordinates":[[[126.92365162,37.52472155],[126.92374623,37.52478067],[126.92406244,37.52446121],[126.92372677,37.52425145],[126.92341149,37.5245715],[126.92350611,37.52463062],[126.92351634,37.52462023],[126.92352774,37.52463381],[126.92353416,37.52464056],[126.92354485,37.5246507],[126.92355396,37.52465841],[126.92355917,37.52466249],[126.92357082,37.52467111],[126.92358306,37.52467845],[126.92359646,37.52468619],[126.92360671,37.52469132],[126.92362391,37.52469883],[126.92364622,37.52470673],[126.92366186,37.52471115],[126.92365162,37.52472155]]]}},{"type":"Feature","id":"seoul-building-386907","properties":{"id":"seoul-building-386907","sourceId":"1984193057014475294900000000","pnu":"1156011000100130005","name":"서울특별시 영등포구 여의도동","address":"서울특별시 영등포구 여의도동","useName":"업무시설","floors":12.0,"height":44.2,"heightSource":"estimated","heightRaw":0.0,"sourceDate":"2026-09-09"},"geometry":{"type":"Polygon","coordinates":[[[126.92242225,37.52994481],[126.92223513,37.52983008],[126.92205335,37.53001818],[126.92223731,37.53013093],[126.92224194,37.5301312],[126.92224737,37.53013021],[126.92242235,37.52995084],[126.9224227,37.5299476],[126.92242225,37.52994481]]]}},{"type":"Feature","id":"seoul-building-394298","properties":{"id":"seoul-building-394298","sourceId":"2012193448684470183500000000","pnu":"1156011000100230000","name":"서울 국제금융 센터","address":"서울특별시 영등포구 여의도동","useName":"숙박시설","floors":38.0,"height":199.4,"heightSource":"measured","heightRaw":199.4,"sourceDate":"2026-09-09"},"geometry":{"type":"Polygon","coordinates":[[[126.92666582,37.52573015],[126.92710035,37.52529],[126.92688833,37.52515687],[126.92689463,37.52515048],[126.92670425,37.52503126],[126.92668513,37.52503308],[126.92625458,37.52546917],[126.92625688,37.52548439],[126.92666582,37.52573015]]]}},{"type":"Feature","id":"seoul-building-434948","properties":{"id":"seoul-building-434948","sourceId":"1987193699604467238800000000","pnu":"1156011000100340001","name":"서울특별시 영등포구 여의도동","address":"서울특별시 영등포구 여의도동","useName":"업무시설","floors":16.0,"height":58.6,"heightSource":"estimated","heightRaw":0.0,"sourceDate":"2026-09-09"},"geometry":{"type":"Polygon","coordinates":[[[126.92949019,37.5225339],[126.92948703,37.52253318],[126.9294842,37.52253337],[126.92948375,37.52253337],[126.92927019,37.5227511],[126.92927018,37.52275263],[126.92927031,37.52275389],[126.92934967,37.52280304],[126.92954334,37.52292317],[126.92954594,37.52292308],[126.92954854,37.522923],[126.92955103,37.5229211],[126.92966744,37.52280314],[126.92976142,37.52270769],[126.92976108,37.52270571],[126.92976097,37.52270327],[126.92976097,37.522703],[126.92949019,37.5225339]]]}},{"type":"Feature","id":"seoul-building-460724","properties":{"id":"seoul-building-460724","sourceId":"1983193264774467008500000000","pnu":"1156011000100260004","name":"서울특별시 영등포구 여의도동","address":"서울특별시 영등포구 여의도동","useName":"업무시설","floors":20.0,"height":78.8,"heightSource":"measured","heightRaw":78.8,"sourceDate":"2026-09-09"},"geometry":{"type":"Polygon","coordinates":[[[126.92449416,37.52237406],[126.92443521,37.52243363],[126.9243886,37.52248074],[126.92429586,37.52257439],[126.92430898,37.52258233],[126.92429788,37.52259394],[126.92429979,37.52260485],[126.9243146,37.52261341],[126.92430577,37.52262332],[126.92453978,37.52277006],[126.92455144,37.52275962],[126.9245641,37.52276855],[126.92457711,37.52276721],[126.92458833,37.52275577],[126.92460144,37.52276389],[126.92489858,37.52246125],[126.92488411,37.52245322],[126.924896,37.52243971],[126.9248942,37.52242971],[126.92487996,37.52242096],[126.9248897,37.52241079],[126.92465488,37.5222662],[126.92464141,37.52227403],[126.92463429,37.52226628],[126.92461585,37.52226726],[126.92460441,37.52227888],[126.92459447,37.52227274],[126.92449416,37.52237406]]]}},{"type":"Feature","id":"seoul-building-470327","properties":{"id":"seoul-building-470327","sourceId":"1987193100204473309100000000","pnu":"1156011000100160002","name":"중소기업중앙회","address":"서울특별시 영등포구 여의도동","useName":"업무시설","floors":10.0,"height":41.0,"heightSource":"measured","heightRaw":41.0,"sourceDate":"2026-09-09"},"geometry":{"type":"Polygon","coordinates":[[[126.92259134,37.52856666],[126.92274955,37.52840791],[126.92278811,37.52843217],[126.92279444,37.5284329],[126.92279829,37.52843272],[126.92280202,37.528432],[126.92280609,37.52843138],[126.92280938,37.52843066],[126.92281062,37.52843003],[126.92284188,37.52839797],[126.9228888,37.52842702],[126.9228992,37.52842928],[126.92291334,37.52843019],[126.92291674,37.52842974],[126.92292127,37.52842857],[126.92293439,37.52842344],[126.92294311,37.52842002],[126.92319374,37.52816206],[126.92319635,37.52815457],[126.92319862,37.52814584],[126.92319851,37.52813889],[126.92319535,37.52813223],[126.92319038,37.52812573],[126.92318745,37.52812132],[126.92318507,37.52811816],[126.92291666,37.52795167],[126.92271712,37.52782774],[126.9227023,37.52782232],[126.92269314,37.52782106],[126.92268386,37.52782114],[126.9226773,37.52782132],[126.92266859,37.52782383],[126.92265908,37.52782761],[126.92265014,37.52783166],[126.92264776,37.52783337],[126.9224028,37.52808324],[126.92239894,37.52809432],[126.92239791,37.52810603],[126.92239892,37.52811396],[126.92240276,37.5281218],[126.92240829,37.52813001],[126.92241632,37.5281365],[126.92245567,37.52815671],[126.92241908,37.52819344],[126.92241908,37.52819633],[126.92241953,37.52819948],[126.92242123,37.52820146],[126.92242428,37.52820381],[126.92242756,37.5282057],[126.92246645,37.52823213],[126.92230756,37.52839348],[126.92230869,37.52839961],[126.92258127,37.5285681],[126.92259134,37.52856666]]]}},{"type":"Feature","id":"seoul-building-488493","properties":{"id":"seoul-building-488493","sourceId":"2012193381774469835800000000","pnu":"1156011000100230000","name":"서울 국제금융 센터","address":"서울특별시 영등포구 여의도동","useName":"판매시설","floors":1.0,"height":14.4,"heightSource":"measured","heightRaw":14.4,"sourceDate":"2026-09-09"},"geometry":{"type":"Polygon","coordinates":[[[126.92571262,37.52478954],[126.92553381,37.52497065],[126.92548648,37.52501859],[126.92607772,37.52538886],[126.92634851,37.52511019],[126.92579877,37.52476628],[126.92572903,37.52477292],[126.92571262,37.52478954]]]}},{"type":"Feature","id":"seoul-building-493121","properties":{"id":"seoul-building-493121","sourceId":"0000193172214467506900000000","pnu":"1156011000100020006","name":"서울특별시 영등포구 여의도동","address":"서울특별시 영등포구 여의도동","useName":"","floors":0.0,"height":0,"heightSource":"unknown","heightRaw":0.0,"sourceDate":"2026-09-09"},"geometry":{"type":"Polygon","coordinates":[[[126.92357331,37.52296302],[126.92354881,37.52294695],[126.92352691,37.52296942],[126.9235514,37.52298549],[126.92357331,37.52296302]]]}},{"type":"Feature","id":"seoul-building-494463","properties":{"id":"seoul-building-494463","sourceId":"0000192878744467232900000000","pnu":"1156011000100280001","name":"서울특별시 영등포구 여의도동","address":"서울특별시 영등포구 여의도동","useName":"","floors":0.0,"height":0,"heightSource":"unknown","heightRaw":0.0,"sourceDate":"2026-09-09"},"geometry":{"type":"Polygon","coordinates":[[[126.92029376,37.52274025],[126.92018781,37.52267272],[126.92016748,37.52269403],[126.92027343,37.52276156],[126.92029376,37.52274025]]]}},{"type":"Feature","id":"seoul-building-494881","properties":{"id":"seoul-building-494881","sourceId":"0000193232384466656900000000","pnu":"1156011000100020006","name":"서울특별시 영등포구 여의도동","address":"서울특별시 영등포구 여의도동","useName":"","floors":0.0,"height":0,"heightSource":"unknown","heightRaw":0.0,"sourceDate":"2026-09-09"},"geometry":{"type":"Polygon","coordinates":[[[126.92426682,37.52220801],[126.92421379,37.52217491],[126.92419638,37.5221938],[126.92424941,37.52222689],[126.92426682,37.52220801]]]}},{"type":"Feature","id":"seoul-building-494992","properties":{"id":"seoul-building-494992","sourceId":"0000193218534467028300000000","pnu":"1156011000100260004","name":"서울특별시 영등포구 여의도동","address":"서울특별시 영등포구 여의도동","useName":"","floors":0.0,"height":0,"heightSource":"unknown","heightRaw":0.0,"sourceDate":"2026-09-09"},"geometry":{"type":"Polygon","coordinates":[[[126.92409367,37.52252793],[126.92407796,37.52251864],[126.92405485,37.52254286],[126.92407204,37.52255179],[126.92409367,37.52252793]]]}},{"type":"Feature","id":"seoul-building-495968","properties":{"id":"seoul-building-495968","sourceId":"0000193152654467685300000000","pnu":"1156011000100020006","name":"서울특별시 영등포구 여의도동","address":"서울특별시 영등포구 여의도동","useName":"","floors":0.0,"height":0,"heightSource":"unknown","heightRaw":0.0,"sourceDate":"2026-09-09"},"geometry":{"type":"Polygon","coordinates":[[[126.92337952,37.52314077],[126.92329849,37.52309193],[126.92327783,37.52311286],[126.92335888,37.5231617],[126.92337952,37.52314077]]]}},{"type":"Feature","id":"seoul-building-498125","properties":{"id":"seoul-building-498125","sourceId":"1983193249984466898800000000","pnu":"1156011000100260004","name":"서울특별시 영등포구 여의도동","address":"서울특별시 영등포구 여의도동","useName":"","floors":0.0,"height":0,"heightSource":"unknown","heightRaw":0.0,"sourceDate":"2026-09-09"},"geometry":{"type":"Polygon","coordinates":[[[126.92449416,37.52237406],[126.92447142,37.52235736],[126.92436633,37.52246496],[126.9243886,37.52248074],[126.92443521,37.52243363],[126.92449416,37.52237406]]]}},{"type":"Feature","id":"seoul-building-498150","properties":{"id":"seoul-building-498150","sourceId":"1992193504664469639400000000","pnu":"1156011000100240001","name":"서울특별시 영등포구 여의도동","address":"서울특별시 영등포구 여의도동","useName":"제2종근린생활시설","floors":14.0,"height":45.8,"heightSource":"estimated","heightRaw":0.0,"sourceDate":"2026-09-09"},"geometry":{"type":"Polygon","coordinates":[[[126.92751902,37.52486513],[126.92728907,37.52472219],[126.92727855,37.52472245],[126.92709838,37.52490614],[126.92710233,37.52491732],[126.92723597,37.52500019],[126.92732822,37.52505738],[126.92734191,37.52505532],[126.92739598,37.52500021],[126.92751947,37.52487432],[126.92751902,37.52486513]]]}},{"type":"Feature","id":"seoul-building-498151","properties":{"id":"seoul-building-498151","sourceId":"1995193286794469003800000000","pnu":"1156011000100230010","name":"BNK금융타워","address":"서울특별시 영등포구 여의도동","useName":"업무시설","floors":20.0,"height":90.0,"heightSource":"measured","heightRaw":90.0,"sourceDate":"2026-09-09"},"geometry":{"type":"Polygon","coordinates":[[[126.92501559,37.52422647],[126.925,37.52421661],[126.92491235,37.52416119],[126.92482555,37.52410635],[126.92458435,37.52434838],[126.9248645,37.52452533],[126.925,37.52438923],[126.92510547,37.52428329],[126.92501559,37.52422647]]]}},{"type":"Feature","id":"seoul-building-498152","properties":{"id":"seoul-building-498152","sourceId":"1995193298274468855800000000","pnu":"1156011000100230010","name":"서울특별시 영등포구 여의도동","address":"서울특별시 영등포구 여의도동","useName":"","floors":0.0,"height":0,"heightSource":"unknown","heightRaw":0.0,"sourceDate":"2026-09-09"},"geometry":{"type":"Polygon","coordinates":[[[126.92491235,37.52416119],[126.925,37.52421661],[126.92501559,37.52422647],[126.92503734,37.52420423],[126.92500001,37.52418027],[126.92493548,37.52413884],[126.92491235,37.52416119]]]}},{"type":"Feature","id":"seoul-building-498169","properties":{"id":"seoul-building-498169","sourceId":"1983193621134464259000000000","pnu":"1156011000100450018","name":"가든빌딩","address":"서울특별시 영등포구 여의도동","useName":"제2종근린생활시설","floors":8.0,"height":28.2,"heightSource":"measured","heightRaw":28.2,"sourceDate":"2026-09-09"},"geometry":{"type":"Polygon","coordinates":[[[126.92862118,37.52016826],[126.92880788,37.51997861],[126.9288062,37.51996681],[126.92871994,37.51991342],[126.92870682,37.51991485],[126.92859075,37.52003471],[126.9285782,37.5200283],[126.92857822,37.52001649],[126.92853074,37.51998619],[126.92851513,37.51998663],[126.92849905,37.52000258],[126.92850152,37.52001528],[126.92847706,37.52004059],[126.92845942,37.52004265],[126.9284456,37.52005895],[126.92844683,37.52007057],[126.9286077,37.52016951],[126.92862118,37.52016826]]]}},{"type":"Feature","id":"seoul-building-498170","properties":{"id":"seoul-building-498170","sourceId":"1984193557204465179200000000","pnu":"1156011000100360003","name":"서울특별시 영등포구 여의도동","address":"서울특별시 영등포구 여의도동","useName":"업무시설","floors":15.0,"height":55.0,"heightSource":"estimated","heightRaw":0.0,"sourceDate":"2026-09-09"},"geometry":{"type":"Polygon","coordinates":[[[126.92791624,37.52108423],[126.92804022,37.52095718],[126.92804598,37.52096096],[126.92807551,37.52095864],[126.92831737,37.52071596],[126.92831434,37.52069443],[126.92802323,37.52051234],[126.92799472,37.52051467],[126.92791637,37.52059301],[126.92784583,37.52066342],[126.92787137,37.52068092],[126.92748559,37.52107307],[126.92775997,37.52124434],[126.92791624,37.52108423]]]}},{"type":"Feature","id":"seoul-building-498198","properties":{"id":"seoul-building-498198","sourceId":"1979193297934465845600000000","pnu":"1156011000100350005","name":"서울특별시 영등포구 여의도동","address":"서울특별시 영등포구 여의도동","useName":"제1종근린생활시설","floors":5.0,"height":17.0,"heightSource":"estimated","heightRaw":0.0,"sourceDate":"2026-09-09"},"geometry":{"type":"Polygon","coordinates":[[[126.92497084,37.52158011],[126.92499598,37.52155589],[126.925,37.52155853],[126.92501407,37.5215678],[126.92506785,37.52151413],[126.92504502,37.52149952],[126.92531984,37.5212275],[126.92512268,37.52110421],[126.92500001,37.52122867],[126.92467437,37.52155902],[126.92469011,37.52165823],[126.92496053,37.52182518],[126.92500001,37.52178463],[126.92511419,37.52166733],[126.925,37.52159785],[126.92497084,37.52158011]]]}},{"type":"Feature","id":"seoul-building-498227","properties":{"id":"seoul-building-498227","sourceId":"1984193608364464569700000000","pnu":"1156011000100450011","name":"서울특별시 영등포구 여의도동","address":"서울특별시 영등포구 여의도동","useName":"업무시설","floors":10.0,"height":37.0,"heightSource":"estimated","heightRaw":0.0,"sourceDate":"2026-09-09"},"geometry":{"type":"Polygon","coordinates":[[[126.92862255,37.52026673],[126.92852079,37.52020459],[126.92849918,37.52022701],[126.92837029,37.52014512],[126.92836656,37.52014467],[126.92836147,37.52014566],[126.92836,37.52014674],[126.92832093,37.52018582],[126.92831291,37.52018077],[126.9282735,37.52022003],[126.92828356,37.52022643],[126.9282334,37.5202765],[126.92823351,37.52027884],[126.92823475,37.52028316],[126.92860162,37.52050954],[126.92860942,37.52050918],[126.92873557,37.52037564],[126.92873399,37.52036969],[126.92860138,37.52028862],[126.92862255,37.52026673]]]}},{"type":"Feature","id":"seoul-building-498279","properties":{"id":"seoul-building-498279","sourceId":"1979193508474465506200000000","pnu":"1156011000100360001","name":"서울특별시 영등포구 여의도동","address":"서울특별시 영등포구 여의도동","useName":"","floors":0.0,"height":0,"heightSource":"unknown","heightRaw":0.0,"sourceDate":"2026-09-09"},"geometry":{"type":"Polygon","coordinates":[[[126.92744185,37.52115035],[126.92735434,37.52109614],[126.92726862,37.52118438],[126.92735964,37.52123445],[126.92744185,37.52115035]]]}},{"type":"Feature","id":"seoul-building-498308","properties":{"id":"seoul-building-498308","sourceId":"1984193737194466928900000000","pnu":"1156011000100340003","name":"서울특별시 영등포구 여의도동","address":"서울특별시 영등포구 여의도동","useName":"","floors":0.0,"height":0,"heightSource":"unknown","heightRaw":0.0,"sourceDate":"2026-09-09"},"geometry":{"type":"Polygon","coordinates":[[[126.9300485,37.52236963],[126.93001401,37.52234879],[126.92983523,37.52252961],[126.92986972,37.52255035],[126.9300485,37.52236963]]]}},{"type":"Feature","id":"seoul-building-498328","properties":{"id":"seoul-building-498328","sourceId":"1981193298314467224900000000","pnu":"1156011000100260005","name":"대오빌딩","address":"서울특별시 영등포구 여의도동","useName":"업무시설","floors":15.0,"height":55.0,"heightSource":"estimated","heightRaw":0.0,"sourceDate":"2026-09-09"},"geometry":{"type":"Polygon","coordinates":[[[126.925,37.52257065],[126.92493618,37.52253119],[126.9247456,37.52272685],[126.92486894,37.52280289],[126.92500001,37.52288411],[126.92501784,37.52289515],[126.92510696,37.52280304],[126.92520807,37.52269931],[126.925,37.52257065]]]}},{"type":"Feature","id":"seoul-building-498350","properties":{"id":"seoul-building-498350","sourceId":"1977193418174465902100000000","pnu":"1156011000100350004","name":"서울특별시 영등포구 여의도동","address":"서울특별시 영등포구 여의도동","useName":"제1종근린생활시설","floors":15.0,"height":49.0,"heightSource":"estimated","heightRaw":0.0,"sourceDate":"2026-09-09"},"geometry":{"type":"Polygon","coordinates":[[[126.92650046,37.52148719],[126.92633767,37.52138492],[126.92616747,37.52155699],[126.92633004,37.52165944],[126.92650046,37.52148719]]]}},{"type":"Feature","id":"seoul-building-498411","properties":{"id":"seoul-building-498411","sourceId":"0000193399884465114600000000","pnu":"1156011000100360000","name":"서울특별시 영등포구 여의도동","address":"서울특별시 영등포구 여의도동","useName":"","floors":0.0,"height":0,"heightSource":"unknown","heightRaw":0.0,"sourceDate":"2026-09-09"},"geometry":{"type":"Polygon","coordinates":[[[126.92616403,37.52080916],[126.92612367,37.52078364],[126.92609162,37.52081587],[126.92613187,37.52084139],[126.92616403,37.52080916]]]}},{"type":"Feature","id":"seoul-building-498413","properties":{"id":"seoul-building-498413","sourceId":"0000193376194464900600000000","pnu":"1156011000100360000","name":"서울특별시 영등포구 여의도동","address":"서울특별시 영등포구 여의도동","useName":"","floors":0.0,"height":0,"heightSource":"unknown","heightRaw":0.0,"sourceDate":"2026-09-09"},"geometry":{"type":"Polygon","coordinates":[[[126.92589782,37.52061302],[126.92585915,37.52058867],[126.92582201,37.52062604],[126.92586079,37.52065039],[126.92589782,37.52061302]]]}},{"type":"Feature","id":"seoul-building-498464","properties":{"id":"seoul-building-498464","sourceId":"1987193713704467349800000000","pnu":"1156011000100340001","name":"서울특별시 영등포구 여의도동","address":"서울특별시 영등포구 여의도동","useName":"","floors":0.0,"height":0,"heightSource":"unknown","heightRaw":0.0,"sourceDate":"2026-09-09"},"geometry":{"type":"Polygon","coordinates":[[[126.92976192,37.52277463],[126.92972156,37.52275019],[126.92958953,37.52288257],[126.92963001,37.52290701],[126.92976192,37.52277463]]]}},{"type":"Feature","id":"seoul-building-498465","properties":{"id":"seoul-building-498465","sourceId":"1987193688714467376200000000","pnu":"1156011000100340001","name":"서울특별시 영등포구 여의도동","address":"서울특별시 영등포구 여의도동","useName":"","floors":0.0,"height":0,"heightSource":"unknown","heightRaw":0.0,"sourceDate":"2026-09-09"},"geometry":{"type":"Polygon","coordinates":[[[126.9294582,37.52287185],[126.92934944,37.52280791],[126.92932781,37.52283267],[126.92943657,37.52289662],[126.9294582,37.52287185]]]}},{"type":"Feature","id":"seoul-building-498507","properties":{"id":"seoul-building-498507","sourceId":"0000193447144465383600000000","pnu":"1156011000100360002","name":"서울특별시 영등포구 여의도동","address":"서울특별시 영등포구 여의도동","useName":"","floors":0.0,"height":0,"heightSource":"unknown","heightRaw":0.0,"sourceDate":"2026-09-09"},"geometry":{"type":"Polygon","coordinates":[[[126.9268647,37.52112867],[126.92686359,37.52112999],[126.92684019,37.52111556],[126.926836,37.52111988],[126.92681397,37.52109824],[126.92680594,37.52109422],[126.92680152,37.5210976],[126.92678313,37.5210778],[126.92677437,37.52107383],[126.92677272,37.5210731],[126.9267682,37.52107682],[126.92676795,37.52107659],[126.92672617,37.52104223],[126.92666161,37.52100238],[126.92661298,37.52098094],[126.92661685,37.52097623],[126.92657592,37.52095812],[126.92657979,37.5209522],[126.9265493,37.52093977],[126.92654949,37.52093954],[126.92655434,37.52093168],[126.9265413,37.52092656],[126.92652692,37.52092092],[126.92652912,37.52091875],[126.92654504,37.52090229],[126.92654131,37.52090003],[126.92654295,37.52089861],[126.92654527,37.52089643],[126.92653408,37.52088831],[126.92644711,37.52097547],[126.92681397,37.52120222],[126.92689924,37.5211146],[126.92689167,37.52110991],[126.92688793,37.5211137],[126.92688273,37.52111045],[126.92687315,37.52112023],[126.9268647,37.52112867]]]}},{"type":"Feature","id":"seoul-building-498594","properties":{"id":"seoul-building-498594","sourceId":"2005193470884466359300000000","pnu":"1156011000100350000","name":"한국노총 중앙근로자 복지센타","address":"서울특별시 영등포구 여의도동","useName":"업무시설","floors":15.0,"height":58.65,"heightSource":"measured","heightRaw":58.65,"sourceDate":"2026-09-09"},"geometry":{"type":"Polygon","coordinates":[[[126.926867,37.52216092],[126.92692327,37.52211464],[126.92697053,37.52214116],[126.9272399,37.52187138],[126.92693782,37.52168829],[126.92662054,37.52200777],[126.926867,37.52216092]]]}},{"type":"Feature","id":"seoul-building-498599","properties":{"id":"seoul-building-498599","sourceId":"1993193083264466712400000000","pnu":"1156011000100270001","name":"서울특별시 영등포구 여의도동","address":"서울특별시 영등포구 여의도동","useName":"","floors":0.0,"height":0,"heightSource":"unknown","heightRaw":0.0,"sourceDate":"2026-09-09"},"geometry":{"type":"Polygon","coordinates":[[[126.92263141,37.52219849],[126.92258529,37.52217017],[126.92245844,37.52229894],[126.92250469,37.52232986],[126.92263141,37.52219849]]]}},{"type":"Feature","id":"seoul-building-498767","properties":{"id":"seoul-building-498767","sourceId":"1984193720294466799800000000","pnu":"1156011000100340003","name":"서울특별시 영등포구 여의도동","address":"서울특별시 영등포구 여의도동","useName":"업무시설","floors":18.0,"height":69.26,"heightSource":"measured","heightRaw":69.26,"sourceDate":"2026-09-09"},"geometry":{"type":"Polygon","coordinates":[[[126.92975229,37.52206843],[126.92974901,37.52206734],[126.92974505,37.5220677],[126.92974188,37.52206923],[126.92974053,37.52207031],[126.92942823,37.52238835],[126.92942698,37.52239205],[126.92942732,37.52239439],[126.92942845,37.52239745],[126.92974852,37.52259686],[126.92975191,37.52259776],[126.92975666,37.52259776],[126.92975938,37.52259686],[126.92976187,37.52259533],[126.93007404,37.5222771],[126.93007506,37.52227449],[126.93007529,37.52227269],[126.9300745,37.52226971],[126.92975229,37.52206843]]]}},{"type":"Feature","id":"seoul-building-498774","properties":{"id":"seoul-building-498774","sourceId":"0000193150114467725400000000","pnu":"1156011000100020006","name":"서울특별시 영등포구 여의도동","address":"서울특별시 영등포구 여의도동","useName":"","floors":0.0,"height":0,"heightSource":"unknown","heightRaw":0.0,"sourceDate":"2026-09-09"},"geometry":{"type":"Polygon","coordinates":[[[126.92335154,37.52317208],[126.92326494,37.52313296],[126.92324832,37.52315385],[126.92333492,37.52319298],[126.92335154,37.52317208]]]}},{"type":"Feature","id":"seoul-building-498775","properties":{"id":"seoul-building-498775","sourceId":"0000193145144467693600000000","pnu":"1156011000100020006","name":"서울특별시 영등포구 여의도동","address":"서울특별시 영등포구 여의도동","useName":"","floors":0.0,"height":0,"heightSource":"unknown","heightRaw":0.0,"sourceDate":"2026-09-09"},"geometry":{"type":"Polygon","coordinates":[[[126.92326127,37.52313208],[126.92323986,37.52312044],[126.92322613,37.52313645],[126.92324754,37.52314809],[126.92326127,37.52313208]]]}},{"type":"Feature","id":"seoul-building-498776","properties":{"id":"seoul-building-498776","sourceId":"0000193218984466623900000000","pnu":"1156011000100020006","name":"서울특별시 영등포구 여의도동","address":"서울특별시 영등포구 여의도동","useName":"","floors":0.0,"height":0,"heightSource":"unknown","heightRaw":0.0,"sourceDate":"2026-09-09"},"geometry":{"type":"Polygon","coordinates":[[[126.92411642,37.522176],[126.92406491,37.5221451],[126.92404364,37.52216607],[126.92409514,37.52219697],[126.92411642,37.522176]]]}},{"type":"Feature","id":"seoul-building-498777","properties":{"id":"seoul-building-498777","sourceId":"0000193224884466650100000000","pnu":"1156011000100020006","name":"서울특별시 영등포구 여의도동","address":"서울특별시 영등포구 여의도동","useName":"","floors":0.0,"height":0,"heightSource":"unknown","heightRaw":0.0,"sourceDate":"2026-09-09"},"geometry":{"type":"Polygon","coordinates":[[[126.92418287,37.52220134],[126.92412853,37.52217033],[126.92411071,37.522188],[126.92416505,37.52221901],[126.92418287,37.52220134]]]}},{"type":"Feature","id":"seoul-building-498818","properties":{"id":"seoul-building-498818","sourceId":"0000193389244465752200000000","pnu":"1156011000100350007","name":"서울특별시 영등포구 여의도동","address":"서울특별시 영등포구 여의도동","useName":"","floors":0.0,"height":0,"heightSource":"unknown","heightRaw":0.0,"sourceDate":"2026-09-09"},"geometry":{"type":"Polygon","coordinates":[[[126.92592678,37.52118157],[126.92592565,37.52118076],[126.92573598,37.52137373],[126.92573688,37.5213758],[126.92608328,37.52159117],[126.92608656,37.52159181],[126.92608961,37.521591],[126.92627589,37.52140073],[126.92627872,37.52139794],[126.92592678,37.52118157]]]}},{"type":"Feature","id":"seoul-building-498819","properties":{"id":"seoul-building-498819","sourceId":"1990193716514466219900000000","pnu":"1156011000100340012","name":"서울특별시 영등포구 여의도동","address":"서울특별시 영등포구 여의도동","useName":"업무시설","floors":14.0,"height":55.75,"heightSource":"measured","heightRaw":55.75,"sourceDate":"2026-09-09"},"geometry":{"type":"Polygon","coordinates":[[[126.92988581,37.52178171],[126.92970199,37.52166663],[126.92953135,37.52183935],[126.92971506,37.5219547],[126.92988581,37.52178171]]]}},{"type":"Feature","id":"seoul-building-498884","properties":{"id":"seoul-building-498884","sourceId":"0000193170024467542500000000","pnu":"1156011000100020006","name":"서울특별시 영등포구 여의도동","address":"서울특별시 영등포구 여의도동","useName":"","floors":0.0,"height":0,"heightSource":"unknown","heightRaw":0.0,"sourceDate":"2026-09-09"},"geometry":{"type":"Polygon","coordinates":[[[126.92354883,37.52298808],[126.9235314,37.52297769],[126.92350184,37.52300862],[126.92351928,37.52301902],[126.92354883,37.52298808]]]}},{"type":"Feature","id":"seoul-building-498895","properties":{"id":"seoul-building-498895","sourceId":"0000193147014467429200000000","pnu":"1156011000100020006","name":"서울특별시 영등포구 여의도동","address":"서울특별시 영등포구 여의도동","useName":"","floors":0.0,"height":0,"heightSource":"unknown","heightRaw":0.0,"sourceDate":"2026-09-09"},"geometry":{"type":"Polygon","coordinates":[[[126.92329693,37.52288399],[126.92327374,37.5228673],[126.92323338,37.52290812],[126.92325658,37.52292481],[126.92329693,37.52288399]]]}},{"type":"Feature","id":"seoul-building-498896","properties":{"id":"seoul-building-498896","sourceId":"0000193164144467605200000000","pnu":"1156011000100020006","name":"서울특별시 영등포구 여의도동","address":"서울특별시 영등포구 여의도동","useName":"","floors":0.0,"height":0,"heightSource":"unknown","heightRaw":0.0,"sourceDate":"2026-09-09"},"geometry":{"type":"Polygon","coordinates":[[[126.92349156,37.52304312],[126.92346621,37.52302693],[126.92342597,37.52306645],[126.92345131,37.52308265],[126.92349156,37.52304312]]]}},{"type":"Feature","id":"seoul-building-498897","properties":{"id":"seoul-building-498897","sourceId":"0000193159264467661600000000","pnu":"1156011000100020006","name":"서울특별시 영등포구 여의도동","address":"서울특별시 영등포구 여의도동","useName":"","floors":0.0,"height":0,"heightSource":"unknown","heightRaw":0.0,"sourceDate":"2026-09-09"},"geometry":{"type":"Polygon","coordinates":[[[126.92343649,37.52309082],[126.92341428,37.52307792],[126.92337053,37.52312037],[126.92339272,37.52313326],[126.92343649,37.52309082]]]}},{"type":"Feature","id":"seoul-building-498898","properties":{"id":"seoul-building-498898","sourceId":"0000193215964466591100000000","pnu":"1156011000100020006","name":"서울특별시 영등포구 여의도동","address":"서울특별시 영등포구 여의도동","useName":"","floors":0.0,"height":0,"heightSource":"unknown","heightRaw":0.0,"sourceDate":"2026-09-09"},"geometry":{"type":"Polygon","coordinates":[[[126.9240612,37.52214239],[126.92404042,37.52213016],[126.92403067,37.52214054],[126.92405145,37.52215277],[126.9240612,37.52214239]]]}},{"type":"Feature","id":"seoul-building-498908","properties":{"id":"seoul-building-498908","sourceId":"1985193618914465821900000000","pnu":"1156011000100340006","name":"한국예탁결제원서울사옥","address":"서울특별시 영등포구 여의도동","useName":"제1종근린생활시설","floors":12.0,"height":54.88,"heightSource":"measured","heightRaw":54.88,"sourceDate":"2026-09-09"},"geometry":{"type":"Polygon","coordinates":[[[126.92874363,37.52164363],[126.92875009,37.52163814],[126.92875913,37.5216449],[126.92887769,37.52152387],[126.92886785,37.52151774],[126.92887272,37.52151279],[126.92887532,37.52151441],[126.92888325,37.52150621],[126.92846924,37.52124891],[126.92845644,37.52126215],[126.92845,37.52125818],[126.9283328,37.52137785],[126.92833981,37.52138227],[126.92832633,37.52139605],[126.92873887,37.52165345],[126.92874702,37.52164624],[126.92874363,37.52164363]]]}},{"type":"Feature","id":"seoul-building-498922","properties":{"id":"seoul-building-498922","sourceId":"1984193340684468091700000000","pnu":"1156011000100250011","name":"(주)유수홀딩스","address":"서울특별시 영등포구 여의도동","useName":"업무시설","floors":20.0,"height":73.0,"heightSource":"estimated","heightRaw":0.0,"sourceDate":"2026-09-09"},"geometry":{"type":"Polygon","coordinates":[[[126.92580161,37.523524],[126.92533922,37.52323675],[126.92533186,37.52323737],[126.92511286,37.52346033],[126.92511387,37.52346673],[126.92557073,37.52375263],[126.92557457,37.52375497],[126.92579878,37.52352698],[126.92580161,37.523524]]]}},{"type":"Feature","id":"seoul-building-498924","properties":{"id":"seoul-building-498924","sourceId":"1986193391174467793200000000","pnu":"1156011000100250015","name":"서울특별시 영등포구 여의도동","address":"서울특별시 영등포구 여의도동","useName":"제1종근린생활시설","floors":14.0,"height":45.8,"heightSource":"estimated","heightRaw":0.0,"sourceDate":"2026-09-09"},"geometry":{"type":"Polygon","coordinates":[[[126.92623473,37.52321956],[126.92598624,37.52306317],[126.92581876,37.52323218],[126.92606747,37.52338839],[126.92623473,37.52321956]]]}},{"type":"Feature","id":"seoul-building-498926","properties":{"id":"seoul-building-498926","sourceId":"1979193512704465732100000000","pnu":"1156011000100360001","name":"서울특별시 영등포구 여의도동","address":"서울특별시 영등포구 여의도동","useName":"제1종근린생활시설","floors":14.0,"height":60.96,"heightSource":"measured","heightRaw":60.96,"sourceDate":"2026-09-09"},"geometry":{"type":"Polygon","coordinates":[[[126.92767396,37.52128987],[126.927444,37.52115017],[126.92736144,37.52123634],[126.92734188,37.52122786],[126.92732651,37.52122929],[126.92721463,37.52134402],[126.92721732,37.52135591],[126.92723147,37.52136439],[126.92714529,37.52145497],[126.92737139,37.52159657],[126.92767396,37.52128987]]]}},{"type":"Feature","id":"seoul-building-498927","properties":{"id":"seoul-building-498927","sourceId":"1988193611464466483300000000","pnu":"1156011000100340010","name":"서울특별시 영등포구 여의도동","address":"서울특별시 영등포구 여의도동","useName":"업무시설","floors":16.0,"height":60.0,"heightSource":"measured","heightRaw":60.0,"sourceDate":"2026-09-09"},"geometry":{"type":"Polygon","coordinates":[[[126.92850809,37.52190378],[126.92850413,37.52190369],[126.92850277,37.52190387],[126.92850085,37.52190459],[126.9283412,37.52206884],[126.92834085,37.52207091],[126.92834085,37.52207181],[126.92853282,37.52219121],[126.92853497,37.52219149],[126.92853655,37.52219131],[126.9285378,37.52219096],[126.92869825,37.52202598],[126.92869927,37.52202445],[126.92869758,37.52202148],[126.92850809,37.52190378]]]}},{"type":"Feature","id":"seoul-building-498929","properties":{"id":"seoul-building-498929","sourceId":"1985193723824465430900000000","pnu":"1156011000100440000","name":"서울특별시 영등포구 여의도동","address":"서울특별시 영등포구 여의도동","useName":"업무시설","floors":15.0,"height":55.0,"heightSource":"estimated","heightRaw":0.0,"sourceDate":"2026-09-09"},"geometry":{"type":"Polygon","coordinates":[[[126.92990832,37.52129663],[126.92991285,37.52129204],[126.92991557,37.52129375],[126.92992043,37.52129447],[126.93006242,37.52115084],[126.93005699,37.52114733],[126.93005847,37.52114579],[126.93005926,37.52114255],[126.92967861,37.52090402],[126.92967465,37.52090582],[126.92967,37.52090644],[126.92966345,37.52090518],[126.92952259,37.52104826],[126.92952621,37.52105052],[126.92952689,37.52105412],[126.92952598,37.5210588],[126.92990832,37.52129663]]]}},{"type":"Feature","id":"seoul-building-498930","properties":{"id":"seoul-building-498930","sourceId":"1983193498984464475900000000","pnu":"1156011000100360004","name":"서울특별시 영등포구 여의도동","address":"서울특별시 영등포구 여의도동","useName":"제2종근린생활시설","floors":14.0,"height":45.8,"heightSource":"estimated","heightRaw":0.0,"sourceDate":"2026-09-09"},"geometry":{"type":"Polygon","coordinates":[[[126.92742262,37.5202177],[126.92723676,37.5201028],[126.92723189,37.52010775],[126.92721482,37.52009711],[126.92720055,37.52011179],[126.92719433,37.52010791],[126.92707374,37.52023164],[126.92708041,37.5202357],[126.9270658,37.52025065],[126.92728422,37.52038503],[126.92743494,37.52023249],[126.92741832,37.52022275],[126.92742262,37.5202177]]]}},{"type":"Feature","id":"seoul-building-498935","properties":{"id":"seoul-building-498935","sourceId":"0000193230074466683300000000","pnu":"1156011000100020006","name":"서울특별시 영등포구 여의도동","address":"서울특별시 영등포구 여의도동","useName":"","floors":0.0,"height":0,"heightSource":"unknown","heightRaw":0.0,"sourceDate":"2026-09-09"},"geometry":{"type":"Polygon","coordinates":[[[126.92423684,37.52223427],[126.924188,37.5222018],[126.9241739,37.52221493],[126.92422275,37.52224741],[126.92423684,37.52223427]]]}},{"type":"Feature","id":"seoul-building-498936","properties":{"id":"seoul-building-498936","sourceId":"0000193229994466737700000000","pnu":"1156011000100020006","name":"서울특별시 영등포구 여의도동","address":"서울특별시 영등포구 여의도동","useName":"","floors":0.0,"height":0,"heightSource":"unknown","heightRaw":0.0,"sourceDate":"2026-09-09"},"geometry":{"type":"Polygon","coordinates":[[[126.92423374,37.52225642],[126.92420515,37.52224544],[126.92417527,37.52229089],[126.92420386,37.52230188],[126.92423374,37.52225642]]]}},{"type":"Feature","id":"seoul-building-498943","properties":{"id":"seoul-building-498943","sourceId":"1982193119644465854700000000","pnu":"1156011000100270002","name":"서울특별시 영등포구 여의도동","address":"서울특별시 영등포구 여의도동","useName":"","floors":0.0,"height":0,"heightSource":"unknown","heightRaw":0.0,"sourceDate":"2026-09-09"},"geometry":{"type":"Polygon","coordinates":[[[126.92289048,37.52145653],[126.92291665,37.52147265],[126.92299851,37.52152309],[126.9230232,37.52149768],[126.9229167,37.52143202],[126.92291591,37.52143148],[126.92289048,37.52145653]]]}},{"type":"Feature","id":"seoul-building-498946","properties":{"id":"seoul-building-498946","sourceId":"0000193171314466141000000000","pnu":"1156011000100020006","name":"서울특별시 영등포구 여의도동","address":"서울특별시 영등포구 여의도동","useName":"","floors":0.0,"height":0,"heightSource":"unknown","heightRaw":0.0,"sourceDate":"2026-09-09"},"geometry":{"type":"Polygon","coordinates":[[[126.92357103,37.52173419],[126.92353848,37.52171299],[126.92351197,37.52173712],[126.92354295,37.52175822],[126.92357103,37.52173419]]]}},{"type":"Feature","id":"seoul-building-498956","properties":{"id":"seoul-building-498956","sourceId":"0000193138324465558700000000","pnu":"1156011000100270002","name":"서울특별시 영등포구 여의도동","address":"서울특별시 영등포구 여의도동","useName":"","floors":0.0,"height":0,"heightSource":"unknown","heightRaw":0.0,"sourceDate":"2026-09-09"},"geometry":{"type":"Polygon","coordinates":[[[126.92319464,37.52120613],[126.92316762,37.52118954],[126.9231426,37.52121529],[126.92316961,37.52123189],[126.92319464,37.52120613]]]}},{"type":"Feature","id":"seoul-building-498977","properties":{"id":"seoul-building-498977","sourceId":"1985193644714465654400000000","pnu":"1156011000100340008","name":"신영증권 본관","address":"서울특별시 영등포구 여의도동","useName":"업무시설","floors":12.0,"height":50.5,"heightSource":"measured","heightRaw":50.5,"sourceDate":"2026-09-09"},"geometry":{"type":"Polygon","coordinates":[[[126.92906771,37.52154336],[126.9290976,37.5215131],[126.92913367,37.52153565],[126.92924011,37.52142724],[126.92920268,37.52140388],[126.92923246,37.52137506],[126.92923258,37.52137335],[126.92923258,37.52137173],[126.92923235,37.52137101],[126.92872756,37.52105742],[126.92872462,37.5210576],[126.92869111,37.52108785],[126.9286616,37.52106711],[126.92855291,37.52117139],[126.92858795,37.52119619],[126.92855726,37.52122653],[126.9290642,37.52154309],[126.92906771,37.52154336]]]}},{"type":"Feature","id":"seoul-building-498980","properties":{"id":"seoul-building-498980","sourceId":"1986193663384466899100000000","pnu":"1156011000100340011","name":"서울특별시 영등포구 여의도동","address":"서울특별시 영등포구 여의도동","useName":"업무시설","floors":14.0,"height":57.5,"heightSource":"measured","heightRaw":57.5,"sourceDate":"2026-09-09"},"geometry":{"type":"Polygon","coordinates":[[[126.92911426,37.52255909],[126.92915536,37.52252271],[126.92916124,37.52252695],[126.92928297,37.52239972],[126.92909021,37.5222831],[126.928931,37.52244347],[126.92911426,37.52255909]]]}},{"type":"Feature","id":"seoul-building-498981","properties":{"id":"seoul-building-498981","sourceId":"1984193642164466630100000000","pnu":"1156011000100340000","name":"서울특별시 영등포구 여의도동","address":"서울특별시 영등포구 여의도동","useName":"업무시설","floors":14.0,"height":44.6,"heightSource":"measured","heightRaw":44.6,"sourceDate":"2026-09-09"},"geometry":{"type":"Polygon","coordinates":[[[126.92911693,37.52212589],[126.92887149,37.52197311],[126.9286175,37.52223533],[126.92886205,37.5223854],[126.92911693,37.52212589]]]}},{"type":"Feature","id":"seoul-building-498983","properties":{"id":"seoul-building-498983","sourceId":"1983193696814464824800000000","pnu":"1156011000100440025","name":"정곡빌딩","address":"서울특별시 영등포구 여의도동","useName":"제2종근린생활시설","floors":10.0,"height":33.0,"heightSource":"estimated","heightRaw":0.0,"sourceDate":"2026-09-09"},"geometry":{"type":"Polygon","coordinates":[[[126.92964947,37.52049557],[126.92951583,37.52041351],[126.92932901,37.52060647],[126.92932923,37.52061386],[126.9294572,37.52069395],[126.92964947,37.52049557]]]}},{"type":"Feature","id":"seoul-building-498986","properties":{"id":"seoul-building-498986","sourceId":"1983193351854465262500000000","pnu":"1156011000100350006","name":"서울특별시 영등포구 여의도동","address":"서울특별시 영등포구 여의도동","useName":"업무시설","floors":10.0,"height":37.0,"heightSource":"estimated","heightRaw":0.0,"sourceDate":"2026-09-09"},"geometry":{"type":"Polygon","coordinates":[[[126.92583118,37.5209686],[126.92549711,37.52076008],[126.92533745,37.52092216],[126.92567163,37.52113069],[126.92583118,37.5209686]]]}},{"type":"Feature","id":"seoul-building-498993","properties":{"id":"seoul-building-498993","sourceId":"0000193143334465598600000000","pnu":"1156011000100270002","name":"서울특별시 영등포구 여의도동","address":"서울특별시 영등포구 여의도동","useName":"","floors":0.0,"height":0,"heightSource":"unknown","heightRaw":0.0,"sourceDate":"2026-09-09"},"geometry":{"type":"Polygon","coordinates":[[[126.92325049,37.52124158],[126.92322416,37.52122598],[126.92320002,37.52125182],[126.92322636,37.52126742],[126.92325049,37.52124158]]]}},{"type":"Feature","id":"seoul-building-498994","properties":{"id":"seoul-building-498994","sourceId":"0000192873504464382400000000","pnu":"1156011000100280000","name":"서울특별시 영등포구 여의도동","address":"서울특별시 영등포구 여의도동","useName":"","floors":0.0,"height":0,"heightSource":"unknown","heightRaw":0.0,"sourceDate":"2026-09-09"},"geometry":{"type":"Polygon","coordinates":[[[126.92020948,37.52013692],[126.92018247,37.52011897],[126.92013865,37.52016066],[126.92016577,37.52017861],[126.92020948,37.52013692]]]}},{"type":"Feature","id":"seoul-building-499001","properties":{"id":"seoul-building-499001","sourceId":"0000192871424467175000000000","pnu":"1156011000100280001","name":"서울특별시 영등포구 여의도동","address":"서울특별시 영등포구 여의도동","useName":"","floors":0.0,"height":0,"heightSource":"unknown","heightRaw":0.0,"sourceDate":"2026-09-09"},"geometry":{"type":"Polygon","coordinates":[[[126.92018398,37.52267184],[126.92013195,37.52263774],[126.92011162,37.522658],[126.92016366,37.52269211],[126.92018398,37.52267184]]]}},{"type":"Feature","id":"seoul-building-499002","properties":{"id":"seoul-building-499002","sourceId":"0000193142234467633400000000","pnu":"1156011000100020006","name":"서울특별시 영등포구 여의도동","address":"서울특별시 영등포구 여의도동","useName":"","floors":0.0,"height":0,"heightSource":"unknown","heightRaw":0.0,"sourceDate":"2026-09-09"},"geometry":{"type":"Polygon","coordinates":[[[126.9232323,37.52306488],[126.92321654,37.52305657],[126.92318939,37.52309514],[126.92320515,37.52310345],[126.9232323,37.52306488]]]}},{"type":"Feature","id":"seoul-building-499009","properties":{"id":"seoul-building-499009","sourceId":"0000193142134467491200000000","pnu":"1156011000100020006","name":"서울특별시 영등포구 여의도동","address":"서울특별시 영등포구 여의도동","useName":"","floors":0.0,"height":0,"heightSource":"unknown","heightRaw":0.0,"sourceDate":"2026-09-09"},"geometry":{"type":"Polygon","coordinates":[[[126.92325511,37.52292857],[126.92322983,37.52291141],[126.92316468,37.52297516],[126.92318998,37.52299232],[126.92325511,37.52292857]]]}},{"type":"Feature","id":"seoul-building-499346","properties":{"id":"seoul-building-499346","sourceId":"1982193727384464284200000000","pnu":"1156011000100440023","name":"서울특별시 영등포구 여의도동","address":"서울특별시 영등포구 여의도동","useName":"업무시설","floors":10.0,"height":37.5,"heightSource":"measured","heightRaw":37.5,"sourceDate":"2026-09-09"},"geometry":{"type":"Polygon","coordinates":[[[126.9298958,37.52030336],[126.92992954,37.52026869],[126.92994434,37.52027789],[126.92995318,37.52027762],[126.93013682,37.52009086],[126.9301366,37.52008437],[126.92972351,37.51982834],[126.92971514,37.51982851],[126.92953058,37.52001617],[126.92953249,37.52002238],[126.92976255,37.52016984],[126.92973107,37.52020171],[126.92973242,37.52020847],[126.92988505,37.52030371],[126.9298958,37.52030336]]]}},{"type":"Feature","id":"seoul-building-501534","properties":{"id":"seoul-building-501534","sourceId":"0000193575884470028900000000","pnu":"1156011000100220000","name":"서울특별시 영등포구 여의도동","address":"서울특별시 영등포구 여의도동","useName":"","floors":0.0,"height":0,"heightSource":"unknown","heightRaw":0.0,"sourceDate":"2026-09-09"},"geometry":{"type":"Polygon","coordinates":[[[126.92817948,37.52519664],[126.92815356,37.52518008],[126.92804918,37.52528641],[126.9280751,37.52530298],[126.92817948,37.52519664]]]}},{"type":"Feature","id":"seoul-building-501576","properties":{"id":"seoul-building-501576","sourceId":"1978192919294464589500000000","pnu":"1156011000100280000","name":"서울특별시 영등포구 여의도동","address":"서울특별시 영등포구 여의도동","useName":"공동주택","floors":12.0,"height":36.4,"heightSource":"estimated","heightRaw":0.0,"sourceDate":"2026-09-09"},"geometry":{"type":"Polygon","coordinates":[[[126.92091371,37.52051528],[126.92098732,37.52043847],[126.92058579,37.52018709],[126.92057628,37.52019375],[126.920489,37.52013792],[126.92041722,37.52020905],[126.92040727,37.520203],[126.92038168,37.52022686],[126.92040293,37.52024129],[126.92040576,37.52023922],[126.92047189,37.52028116],[126.92046883,37.52028423],[126.9204998,37.5203038],[126.92050864,37.52029507],[126.92059726,37.52035135],[126.92059183,37.52035675],[126.92066564,37.52040356],[126.92067278,37.52039645],[126.92076332,37.52045345],[126.92075415,37.52046264],[126.92078366,37.52048122],[126.9207917,37.52047212],[126.92087964,37.52052742],[126.92087433,37.52053273],[126.92089512,37.52054572],[126.92091971,37.52052087],[126.92091371,37.52051528]]]}},{"type":"Feature","id":"seoul-building-501577","properties":{"id":"seoul-building-501577","sourceId":"1978192888364464986600000000","pnu":"1156011000100280000","name":"서울특별시 영등포구 여의도동","address":"서울특별시 영등포구 여의도동","useName":"공동주택","floors":13.0,"height":39.35,"heightSource":"estimated","heightRaw":0.0,"sourceDate":"2026-09-09"},"geometry":{"type":"Polygon","coordinates":[[[126.920563,37.52087409],[126.9206374,37.52079692],[126.92023371,37.52054284],[126.92022624,37.5205504],[126.92013705,37.52049358],[126.9200665,37.5205639],[126.92005768,37.52055912],[126.9200313,37.52058252],[126.92005164,37.52059849],[126.92005787,37.52059335],[126.92012377,37.52063602],[126.92011924,37.52064043],[126.92014841,37.52065937],[126.92015283,37.52065451],[126.92024711,37.52070872],[126.9202419,37.52071448],[126.92031414,37.52076048],[126.92031992,37.52075472],[126.92041035,37.52081173],[126.92040118,37.520821],[126.92043035,37.5208394],[126.92044382,37.52082698],[126.92052781,37.52088479],[126.92052101,37.52089109],[126.92054339,37.52090651],[126.92057148,37.52087959],[126.920563,37.52087409]]]}},{"type":"Feature","id":"seoul-building-501704","properties":{"id":"seoul-building-501704","sourceId":"1978193035284464845100000000","pnu":"1156011000100280000","name":"서울특별시 영등포구 여의도동","address":"서울특별시 영등포구 여의도동","useName":"공동주택","floors":12.0,"height":36.4,"heightSource":"estimated","heightRaw":0.0,"sourceDate":"2026-09-09"},"geometry":{"type":"Polygon","coordinates":[[[126.92238554,37.52071591],[126.92172817,37.52030921],[126.92172081,37.52031669],[126.92162663,37.52025842],[126.92155315,37.52033379],[126.9215449,37.52032865],[126.92152429,37.5203517],[126.92238039,37.52088647],[126.92240349,37.52086099],[126.92239388,37.52085629],[126.92246681,37.52078111],[126.92237727,37.520726],[126.92238554,37.52071591]]]}},{"type":"Feature","id":"seoul-building-501707","properties":{"id":"seoul-building-501707","sourceId":"1980193170574464537900000000","pnu":"1156011000100370000","name":"이동","address":"서울특별시 영등포구 여의도동","useName":"공동주택","floors":12.0,"height":36.4,"heightSource":"estimated","heightRaw":0.0,"sourceDate":"2026-09-09"},"geometry":{"type":"Polygon","coordinates":[[[126.9239142,37.51999601],[126.92380228,37.51992656],[126.92315285,37.52059073],[126.92326149,37.5206581],[126.9239142,37.51999601]]]}},{"type":"Feature","id":"seoul-building-501891","properties":{"id":"seoul-building-501891","sourceId":"1978192973154465644000000000","pnu":"1156011000100280000","name":"서울특별시 영등포구 여의도동","address":"서울특별시 영등포구 여의도동","useName":"공동주택","floors":12.0,"height":36.4,"heightSource":"estimated","heightRaw":0.0,"sourceDate":"2026-09-09"},"geometry":{"type":"Polygon","coordinates":[[[126.92168951,37.52157889],[126.92176312,37.52150396],[126.92167031,37.52144615],[126.9216788,37.5214375],[126.92102358,37.52102919],[126.92101498,37.52103783],[126.9209217,37.52097974],[126.92084855,37.52105412],[126.92083973,37.52104897],[126.92081798,37.52107329],[126.92083675,37.52108402],[126.92084184,37.52108222],[126.92090923,37.52112056],[126.92089733,37.52113371],[126.92093126,37.52115301],[126.92094711,37.52113554],[126.92102229,37.52118127],[126.9210096,37.52119451],[126.92102882,37.52120624],[126.92104105,37.52119678],[126.92112515,37.52124955],[126.92111202,37.52126288],[126.92114537,37.52128371],[126.92115171,37.52127669],[126.92123853,37.52133207],[126.9212349,37.52133576],[126.92125401,37.52134794],[126.92125763,37.52134506],[126.92134479,37.5213989],[126.92133663,37.52140728],[126.92136885,37.5214273],[126.92138641,37.52140875],[126.9214721,37.52146449],[126.92146078,37.52147548],[126.92147785,37.52148666],[126.92149211,37.52147505],[126.92156401,37.52152258],[126.92154929,37.52153671],[126.92158026,37.52155719],[126.92158921,37.521549],[126.92165669,37.52159148],[126.92165171,37.52159652],[126.92167229,37.52160942],[126.92169697,37.52158457],[126.92168951,37.52157889]]]}},{"type":"Feature","id":"seoul-building-501895","properties":{"id":"seoul-building-501895","sourceId":"1978193004194465241300000000","pnu":"1156011000100280000","name":"서울특별시 영등포구 여의도동","address":"서울특별시 영등포구 여의도동","useName":"공동주택","floors":12.0,"height":36.4,"heightSource":"estimated","heightRaw":0.0,"sourceDate":"2026-09-09"},"geometry":{"type":"Polygon","coordinates":[[[126.92203234,37.52107599],[126.92137644,37.52066722],[126.92136761,37.52067622],[126.92127299,37.52061714],[126.92120379,37.52069243],[126.92119622,37.52068828],[126.92117108,37.52071133],[126.92118917,37.52072386],[126.92119279,37.52072017],[126.92201307,37.52122942],[126.92200921,37.52123338],[126.92202831,37.52124511],[126.92205279,37.52121972],[126.92204306,37.52121448],[126.92211598,37.52114254],[126.92202453,37.52108374],[126.92203234,37.52107599]]]}},{"type":"Feature","id":"seoul-building-501897","properties":{"id":"seoul-building-501897","sourceId":"1980193251994464611000000000","pnu":"1156011000100370000","name":"디동","address":"서울특별시 영등포구 여의도동","useName":"공동주택","floors":12.0,"height":36.4,"heightSource":"estimated","heightRaw":0.0,"sourceDate":"2026-09-09"},"geometry":{"type":"Polygon","coordinates":[[[126.92477649,37.52035192],[126.92419112,37.51998818],[126.92411571,37.5200639],[126.92415233,37.52008708],[126.92414135,37.52009816],[126.92459615,37.52038082],[126.92426097,37.52071722],[126.92427578,37.52072669],[126.92427329,37.52072921],[126.92435457,37.52078062],[126.92477649,37.52035192]]]}},{"type":"Feature","id":"seoul-building-501928","properties":{"id":"seoul-building-501928","sourceId":"1978193076204464424600000000","pnu":"1156011000100380001","name":"서울특별시 영등포구 여의도동","address":"서울특별시 영등포구 여의도동","useName":"공동주택","floors":14.0,"height":42.3,"heightSource":"estimated","heightRaw":0.0,"sourceDate":"2026-09-09"},"geometry":{"type":"Polygon","coordinates":[[[126.92275453,37.5202852],[126.92219054,37.51993488],[126.92211364,37.52001764],[126.92211036,37.52001593],[126.92208477,37.52003942],[126.92210197,37.52005124],[126.92211022,37.52004368],[126.922733,37.52043548],[126.92272893,37.52043971],[126.92274747,37.52045125],[126.92277091,37.5204273],[126.92276446,37.52042351],[126.92283547,37.52034599],[126.92274626,37.52029421],[126.92275453,37.5202852]]]}},{"type":"Feature","id":"seoul-building-507226","properties":{"id":"seoul-building-507226","sourceId":"0000192988604464353500000000","pnu":"1156011000100280000","name":"서울특별시 영등포구 여의도동","address":"서울특별시 영등포구 여의도동","useName":"","floors":0.0,"height":0,"heightSource":"unknown","heightRaw":0.0,"sourceDate":"2026-09-09"},"geometry":{"type":"Polygon","coordinates":[[[126.92149466,37.52012084],[126.92147499,37.52010885],[126.92145766,37.52012659],[126.92147699,37.52013849],[126.92149466,37.52012084]]]}},{"type":"Feature","id":"seoul-building-507946","properties":{"id":"seoul-building-507946","sourceId":"1993193060354466530400000000","pnu":"1156011000100270001","name":"서울특별시 영등포구 여의도동","address":"서울특별시 영등포구 여의도동","useName":"업무시설","floors":20.0,"height":82.53,"heightSource":"measured","heightRaw":82.53,"sourceDate":"2026-09-09"},"geometry":{"type":"Polygon","coordinates":[[[126.92268541,37.52203779],[126.92228444,37.52178128],[126.92228037,37.52177912],[126.92227166,37.52177884],[126.92226645,37.52178136],[126.92226442,37.52178271],[126.92221391,37.52183304],[126.92216123,37.52179949],[126.92215501,37.52179903],[126.92215003,37.52180065],[126.92214867,37.52180308],[126.9219411,37.52201343],[126.92193872,37.52201712],[126.92193905,37.52202126],[126.92194018,37.52202478],[126.92199557,37.52206022],[126.92190894,37.52214639],[126.92190837,37.52215017],[126.92190882,37.5221545],[126.92190916,37.52215756],[126.92191051,37.52215919],[126.92232202,37.52241039],[126.92232689,37.52241174],[126.92233412,37.52241192],[126.9223425,37.52241012],[126.92235087,37.52240789],[126.92235472,37.52240501],[126.92245816,37.52229877],[126.92247346,37.52228305],[126.92269253,37.52205807],[126.92269343,37.5220523],[126.92269288,37.52204591],[126.92268949,37.52204122],[126.92268541,37.52203779]]]}},{"type":"Feature","id":"seoul-building-509100","properties":{"id":"seoul-building-509100","sourceId":"1994193020644467169200000000","pnu":"1156011000100270003","name":"하나증권빌딩","address":"서울특별시 영등포구 여의도동","useName":"업무시설","floors":23.0,"height":110.55,"heightSource":"measured","heightRaw":110.55,"sourceDate":"2026-09-09"},"geometry":{"type":"Polygon","coordinates":[[[126.92196021,37.52299427],[126.92196984,37.52298446],[126.92198148,37.52299167],[126.92216663,37.52280294],[126.92227432,37.52269363],[126.92226155,37.52268569],[126.92227038,37.5226766],[126.92171101,37.52232718],[126.92170003,37.52233843],[126.92168895,37.52233149],[126.92139769,37.52262737],[126.92141115,37.52263575],[126.92140175,37.5226453],[126.92165396,37.52280278],[126.92196021,37.52299427]]]}},{"type":"Feature","id":"seoul-building-509937","properties":{"id":"seoul-building-509937","sourceId":"1992192877694464228400000000","pnu":"1156011000100280000","name":"광장아파트노인정","address":"서울특별시 영등포구 여의도동","useName":"노유자시설","floors":2.0,"height":7.4,"heightSource":"estimated","heightRaw":0.0,"sourceDate":"2026-09-09"},"geometry":{"type":"Polygon","coordinates":[[[126.92020152,37.52007186],[126.92025236,37.52002937],[126.92025485,37.52003117],[126.92029946,37.51999372],[126.92023966,37.51994818],[126.92014388,37.52002813],[126.92020152,37.52007186]]]}},{"type":"Feature","id":"seoul-building-510626","properties":{"id":"seoul-building-510626","sourceId":"0000192892454470551400000000","pnu":"1156011000100020000","name":"서울특별시 영등포구 여의도동","address":"서울특별시 영등포구 여의도동","useName":"","floors":0.0,"height":0,"heightSource":"unknown","heightRaw":0.0,"sourceDate":"2026-09-09"},"geometry":{"type":"Polygon","coordinates":[[[126.92040368,37.52570371],[126.92038107,37.52569009],[126.92036057,37.52570972],[126.92038454,37.52572469],[126.92040368,37.52570371]]]}},{"type":"Feature","id":"seoul-building-510668","properties":{"id":"seoul-building-510668","sourceId":"1994193148654469019000000000","pnu":"1156011000100230004","name":"서울특별시 영등포구 여의도동","address":"서울특별시 영등포구 여의도동","useName":"제1종근린생활시설","floors":0.0,"height":0,"heightSource":"unknown","heightRaw":0.0,"sourceDate":"2026-09-09"},"geometry":{"type":"Polygon","coordinates":[[[126.92343563,37.52421828],[126.92338281,37.52418548],[126.92324145,37.52409767],[126.92322901,37.52410027],[126.92300286,37.52433222],[126.92300769,37.52436556],[126.9233031,37.52454947],[126.9233453,37.52454472],[126.92357337,37.52431475],[126.92357214,37.52430313],[126.92343563,37.52421828]]]}},{"type":"Feature","id":"seoul-building-510669","properties":{"id":"seoul-building-510669","sourceId":"1994193255034468767600000000","pnu":"1156011000100230009","name":"현대차증권빌딩","address":"서울특별시 영등포구 여의도동","useName":"업무시설","floors":20.0,"height":90.58,"heightSource":"measured","heightRaw":90.58,"sourceDate":"2026-09-09"},"geometry":{"type":"Polygon","coordinates":[[[126.92447858,37.52389511],[126.9244753,37.52389483],[126.92447247,37.52389492],[126.92446953,37.5238951],[126.92446659,37.52389618],[126.92445923,37.52390365],[126.92422413,37.52414416],[126.92449977,37.52431417],[126.92473984,37.52407133],[126.92474222,37.52406809],[126.9247421,37.52406466],[126.92474189,37.52406178],[126.92474029,37.52405881],[126.92448231,37.52389619],[126.92447858,37.52389511]]]}},{"type":"Feature","id":"seoul-building-510670","properties":{"id":"seoul-building-510670","sourceId":"1995193113134468720100000000","pnu":"1156011000100230005","name":"서울특별시 영등포구 여의도동","address":"서울특별시 영등포구 여의도동","useName":"업무시설","floors":27.0,"height":134.3,"heightSource":"measured","heightRaw":134.3,"sourceDate":"2026-09-09"},"geometry":{"type":"Polygon","coordinates":[[[126.92310931,37.52399955],[126.92284534,37.52383143],[126.92265351,37.52402258],[126.92266674,37.52413045],[126.92288584,37.52427493],[126.922938,37.52426487],[126.92312032,37.52407074],[126.92310931,37.52399955]]]}},{"type":"Feature","id":"seoul-building-510746","properties":{"id":"seoul-building-510746","sourceId":"1987193122914473012800000000","pnu":"1156011000100160002","name":"서울특별시 영등포구 여의도동","address":"서울특별시 영등포구 여의도동","useName":"","floors":0.0,"height":0,"heightSource":"unknown","heightRaw":0.0,"sourceDate":"2026-09-09"},"geometry":{"type":"Polygon","coordinates":[[[126.92311995,37.52796289],[126.92291362,37.52783157],[126.92285371,37.52789135],[126.923064,37.52802223],[126.92311995,37.52796289]]]}},{"type":"Feature","id":"seoul-building-510747","properties":{"id":"seoul-building-510747","sourceId":"0000193131804471284700000000","pnu":"1156011000100020000","name":"서울특별시 영등포구 여의도동","address":"서울특별시 영등포구 여의도동","useName":"","floors":0.0,"height":0,"heightSource":"unknown","heightRaw":0.0,"sourceDate":"2026-09-09"},"geometry":{"type":"Polygon","coordinates":[[[126.92311809,37.5263573],[126.92309027,37.52634376],[126.92306083,37.52638204],[126.92308863,37.52639566],[126.92311809,37.5263573]]]}},{"type":"Feature","id":"seoul-building-510796","properties":{"id":"seoul-building-510796","sourceId":"1994193224264468522500000000","pnu":"1156011000100230008","name":"여의도파이낸스타워","address":"서울특별시 영등포구 여의도동","useName":"업무시설","floors":21.0,"height":90.0,"heightSource":"measured","heightRaw":90.0,"sourceDate":"2026-09-09"},"geometry":{"type":"Polygon","coordinates":[[[126.92416587,37.5236938],[126.924141,37.52367793],[126.92410717,37.52368214],[126.92388772,37.52390752],[126.92389086,37.52393293],[126.92391765,37.52394899],[126.92409763,37.52406164],[126.92413482,37.52408463],[126.92416797,37.52408204],[126.92438846,37.52385621],[126.92438509,37.52383171],[126.92435174,37.5238106],[126.92416587,37.5236938]]]}},{"type":"Feature","id":"seoul-building-510902","properties":{"id":"seoul-building-510902","sourceId":"0000193615664475248200000000","pnu":"1156011000100080000","name":"서울특별시 영등포구 여의도동","address":"서울특별시 영등포구 여의도동","useName":"","floors":0.0,"height":0,"heightSource":"unknown","heightRaw":0.0,"sourceDate":"2026-09-09"},"geometry":{"type":"Polygon","coordinates":[[[126.92858334,37.52994922],[126.92856608,37.52992558],[126.92853628,37.52993937],[126.92855354,37.52996302],[126.92858334,37.52994922]]]}},{"type":"Feature","id":"seoul-building-510904","properties":{"id":"seoul-building-510904","sourceId":"0000193718244470080800000000","pnu":"1156011000100220000","name":"서울특별시 영등포구 여의도동","address":"서울특별시 영등포구 여의도동","useName":"","floors":0.0,"height":0,"heightSource":"unknown","heightRaw":0.0,"sourceDate":"2026-09-09"},"geometry":{"type":"Polygon","coordinates":[[[126.92981605,37.52530399],[126.92968227,37.52522161],[126.92963344,37.52527449],[126.92976722,37.52535687],[126.92981605,37.52530399]]]}},{"type":"Feature","id":"seoul-building-510909","properties":{"id":"seoul-building-510909","sourceId":"0000193571764470338900000000","pnu":"1156011000100220000","name":"서울특별시 영등포구 여의도동","address":"서울특별시 영등포구 여의도동","useName":"","floors":0.0,"height":0,"heightSource":"unknown","heightRaw":0.0,"sourceDate":"2026-09-09"},"geometry":{"type":"Polygon","coordinates":[[[126.92810213,37.52551434],[126.92806584,37.5254924],[126.92803284,37.5255273],[126.92806912,37.52554925],[126.92810213,37.52551434]]]}},{"type":"Feature","id":"seoul-building-510911","properties":{"id":"seoul-building-510911","sourceId":"0000193405304472858900000000","pnu":"1156011000100020000","name":"서울특별시 영등포구 여의도동","address":"서울특별시 영등포구 여의도동","useName":"","floors":0.0,"height":0,"heightSource":"unknown","heightRaw":0.0,"sourceDate":"2026-09-09"},"geometry":{"type":"Polygon","coordinates":[[[126.9261811,37.52776152],[126.92615617,37.52774525],[126.9261291,37.52777136],[126.92617636,37.52780247],[126.92622679,37.52783557],[126.9262423,37.5278199],[126.92621449,37.5278025],[126.92616938,37.52777283],[126.9261811,37.52776152]]]}},{"type":"Feature","id":"seoul-building-510912","properties":{"id":"seoul-building-510912","sourceId":"0000193518844470741100000000","pnu":"1156011000100220000","name":"서울특별시 영등포구 여의도동","address":"서울특별시 영등포구 여의도동","useName":"","floors":0.0,"height":0,"heightSource":"unknown","heightRaw":0.0,"sourceDate":"2026-09-09"},"geometry":{"type":"Polygon","coordinates":[[[126.92754068,37.52584312],[126.92749764,37.52581666],[126.92739625,37.52592238],[126.92743928,37.52594884],[126.92754068,37.52584312]]]}},{"type":"Feature","id":"seoul-building-510913","properties":{"id":"seoul-building-510913","sourceId":"0000193512964470836900000000","pnu":"1156011000100220000","name":"서울특별시 영등포구 여의도동","address":"서울특별시 영등포구 여의도동","useName":"","floors":0.0,"height":0,"heightSource":"unknown","heightRaw":0.0,"sourceDate":"2026-09-09"},"geometry":{"type":"Polygon","coordinates":[[[126.92743405,37.52595589],[126.92740824,37.52594106],[126.92736957,37.52598231],[126.92739538,37.52599712],[126.92743405,37.52595589]]]}},{"type":"Feature","id":"seoul-building-510914","properties":{"id":"seoul-building-510914","sourceId":"0000193455644471502200000000","pnu":"1156011000100220000","name":"서울특별시 영등포구 여의도동","address":"서울특별시 영등포구 여의도동","useName":"","floors":0.0,"height":0,"heightSource":"unknown","heightRaw":0.0,"sourceDate":"2026-09-09"},"geometry":{"type":"Polygon","coordinates":[[[126.92678725,37.52656048],[126.92675299,37.52653894],[126.9267182,37.52657564],[126.92675246,37.52659717],[126.92678725,37.52656048]]]}},{"type":"Feature","id":"seoul-building-510915","properties":{"id":"seoul-building-510915","sourceId":"0000193452104471678600000000","pnu":"1156011000100220000","name":"서울특별시 영등포구 여의도동","address":"서울특별시 영등포구 여의도동","useName":"","floors":0.0,"height":0,"heightSource":"unknown","heightRaw":0.0,"sourceDate":"2026-09-09"},"geometry":{"type":"Polygon","coordinates":[[[126.92674007,37.52674441],[126.9267072,37.52669843],[126.92668515,37.52670965],[126.92671801,37.52675563],[126.92674007,37.52674441]]]}},{"type":"Feature","id":"seoul-building-510916","properties":{"id":"seoul-building-510916","sourceId":"0000193686174472602800000000","pnu":"1156011000100200000","name":"서울특별시 영등포구 여의도동","address":"서울특별시 영등포구 여의도동","useName":"","floors":0.0,"height":0,"heightSource":"unknown","heightRaw":0.0,"sourceDate":"2026-09-09"},"geometry":{"type":"Polygon","coordinates":[[[126.92948733,37.52762285],[126.92924967,37.52747512],[126.92923019,37.52749719],[126.9294666,37.52764663],[126.92948733,37.52762285]]]}},{"type":"Feature","id":"seoul-building-510918","properties":{"id":"seoul-building-510918","sourceId":"0000193558484470216400000000","pnu":"1156011000100220000","name":"서울특별시 영등포구 여의도동","address":"서울특별시 영등포구 여의도동","useName":"","floors":0.0,"height":0,"heightSource":"unknown","heightRaw":0.0,"sourceDate":"2026-09-09"},"geometry":{"type":"Polygon","coordinates":[[[126.92801661,37.52536991],[126.92794179,37.52532154],[126.92782473,37.52544326],[126.92784458,37.52545536],[126.92783389,37.52546648],[126.92788781,37.52550085],[126.92801661,37.52536991]]]}},{"type":"Feature","id":"seoul-building-510919","properties":{"id":"seoul-building-510919","sourceId":"0000193548884470336000000000","pnu":"1156011000100220000","name":"서울특별시 영등포구 여의도동","address":"서울특별시 영등포구 여의도동","useName":"","floors":0.0,"height":0,"heightSource":"unknown","heightRaw":0.0,"sourceDate":"2026-09-09"},"geometry":{"type":"Polygon","coordinates":[[[126.92788594,37.52550302],[126.92780645,37.52545673],[126.92773257,37.52553297],[126.92780823,37.52557962],[126.92788594,37.52550302]]]}},{"type":"Feature","id":"seoul-building-510920","properties":{"id":"seoul-building-510920","sourceId":"0000193572324470019100000000","pnu":"1156011000100220000","name":"서울특별시 영등포구 여의도동","address":"서울특별시 영등포구 여의도동","useName":"","floors":0.0,"height":0,"heightSource":"unknown","heightRaw":0.0,"sourceDate":"2026-09-09"},"geometry":{"type":"Polygon","coordinates":[[[126.92814832,37.52517607],[126.92812356,37.52516117],[126.92799979,37.52528919],[126.92802456,37.52530409],[126.92814832,37.52517607]]]}},{"type":"Feature","id":"seoul-building-510921","properties":{"id":"seoul-building-510921","sourceId":"0000193564204470123900000000","pnu":"1156011000100220000","name":"서울특별시 영등포구 여의도동","address":"서울특별시 영등포구 여의도동","useName":"","floors":0.0,"height":0,"heightSource":"unknown","heightRaw":0.0,"sourceDate":"2026-09-09"},"geometry":{"type":"Polygon","coordinates":[[[126.92801674,37.52533387],[126.92796595,37.52530153],[126.92794745,37.52532008],[126.92799824,37.52535243],[126.92801674,37.52533387]]]}},{"type":"Feature","id":"seoul-building-510922","properties":{"id":"seoul-building-510922","sourceId":"0000193385194473770700000000","pnu":"1156011000100020000","name":"서울특별시 영등포구 여의도동","address":"서울특별시 영등포구 여의도동","useName":"","floors":0.0,"height":0,"heightSource":"unknown","heightRaw":0.0,"sourceDate":"2026-09-09"},"geometry":{"type":"Polygon","coordinates":[[[126.92598007,37.52861767],[126.92596189,37.52859062],[126.92592747,37.52860529],[126.92594567,37.52863233],[126.92598007,37.52861767]]]}},{"type":"Feature","id":"seoul-building-510923","properties":{"id":"seoul-building-510923","sourceId":"0000193500724470918800000000","pnu":"1156011000100220000","name":"서울특별시 영등포구 여의도동","address":"서울특별시 영등포구 여의도동","useName":"","floors":0.0,"height":0,"heightSource":"unknown","heightRaw":0.0,"sourceDate":"2026-09-09"},"geometry":{"type":"Polygon","coordinates":[[[126.92730439,37.52601812],[126.92727957,37.52600418],[126.92722209,37.5260674],[126.9272469,37.52608134],[126.92730439,37.52601812]]]}},{"type":"Feature","id":"seoul-building-510924","properties":{"id":"seoul-building-510924","sourceId":"0000193505404470857300000000","pnu":"1156011000100220000","name":"서울특별시 영등포구 여의도동","address":"서울특별시 영등포구 여의도동","useName":"","floors":0.0,"height":0,"heightSource":"unknown","heightRaw":0.0,"sourceDate":"2026-09-09"},"geometry":{"type":"Polygon","coordinates":[[[126.92734946,37.5259748],[126.92732343,37.52595877],[126.92728314,37.52599989],[126.92730916,37.52601591],[126.92734946,37.5259748]]]}},{"type":"Feature","id":"seoul-building-510962","properties":{"id":"seoul-building-510962","sourceId":"0000193504474470946200000000","pnu":"1156011000100220000","name":"서울특별시 영등포구 여의도동","address":"서울특별시 영등포구 여의도동","useName":"","floors":0.0,"height":0,"heightSource":"unknown","heightRaw":0.0,"sourceDate":"2026-09-09"},"geometry":{"type":"Polygon","coordinates":[[[126.92734759,37.52604299],[126.92732324,37.52602827],[126.92726387,37.5260919],[126.92728822,37.52610663],[126.92734759,37.52604299]]]}},{"type":"Feature","id":"seoul-building-510963","properties":{"id":"seoul-building-510963","sourceId":"0000193485884471101700000000","pnu":"1156011000100220000","name":"서울특별시 영등포구 여의도동","address":"서울특별시 영등포구 여의도동","useName":"","floors":0.0,"height":0,"heightSource":"unknown","heightRaw":0.0,"sourceDate":"2026-09-09"},"geometry":{"type":"Polygon","coordinates":[[[126.92713661,37.52618229],[126.92711342,37.52616923],[126.92705394,37.52623252],[126.92707713,37.52624559],[126.92713661,37.52618229]]]}},{"type":"Feature","id":"seoul-building-510964","properties":{"id":"seoul-building-510964","sourceId":"0000193475214471240900000000","pnu":"1156011000100220000","name":"서울특별시 영등포구 여의도동","address":"서울특별시 영등포구 여의도동","useName":"","floors":0.0,"height":0,"heightSource":"unknown","heightRaw":0.0,"sourceDate":"2026-09-09"},"geometry":{"type":"Polygon","coordinates":[[[126.92704952,37.5262762],[126.92702271,37.52626109],[126.92689919,37.52638933],[126.926926,37.52640443],[126.92704952,37.5262762]]]}},{"type":"Feature","id":"seoul-building-510965","properties":{"id":"seoul-building-510965","sourceId":"0000193464364471379300000000","pnu":"1156011000100220000","name":"서울특별시 영등포구 여의도동","address":"서울특별시 영등포구 여의도동","useName":"","floors":0.0,"height":0,"heightSource":"unknown","heightRaw":0.0,"sourceDate":"2026-09-09"},"geometry":{"type":"Polygon","coordinates":[[[126.92690379,37.52642266],[126.92687767,37.52640872],[126.92679938,37.5264922],[126.9268255,37.52650614],[126.92690379,37.52642266]]]}},{"type":"Feature","id":"seoul-building-510968","properties":{"id":"seoul-building-510968","sourceId":"0000193456974473826300000000","pnu":"1156011000100020000","name":"서울특별시 영등포구 여의도동","address":"서울특별시 영등포구 여의도동","useName":"제1종근린생활시설","floors":1.0,"height":4.2,"heightSource":"estimated","heightRaw":0.0,"sourceDate":"2026-09-09"},"geometry":{"type":"Polygon","coordinates":[[[126.92681768,37.52863576],[126.92678229,37.52861492],[126.92673093,37.52862075],[126.92670544,37.52865308],[126.92671592,37.52869084],[126.92675573,37.52871068],[126.92680042,37.52870224],[126.92682545,37.52867225],[126.92681768,37.52863576]]]}},{"type":"Feature","id":"seoul-building-510973","properties":{"id":"seoul-building-510973","sourceId":"1976193667594471749400000000","pnu":"1156011000100210002","name":"서울특별시 영등포구 여의도동","address":"서울특별시 영등포구 여의도동","useName":"공동주택","floors":12.0,"height":36.4,"heightSource":"estimated","heightRaw":0.0,"sourceDate":"2026-09-09"},"geometry":{"type":"Polygon","coordinates":[[[126.92902373,37.52700872],[126.92921794,37.52680873],[126.92926543,37.52683795],[126.92929804,37.52680436],[126.92925101,37.5267755],[126.92937116,37.52665402],[126.92926883,37.52658982],[126.92926634,37.52659234],[126.92925752,37.52658675],[126.92892358,37.52692505],[126.92893184,37.52692965],[126.92893025,37.52693145],[126.92902093,37.52698845],[126.9290096,37.52699988],[126.92902373,37.52700872]]]}},{"type":"Feature","id":"seoul-building-510975","properties":{"id":"seoul-building-510975","sourceId":"0000193556914472071400000000","pnu":"1156011000100220000","name":"서울특별시 영등포구 여의도동","address":"서울특별시 영등포구 여의도동","useName":"","floors":0.0,"height":0,"heightSource":"unknown","heightRaw":0.0,"sourceDate":"2026-09-09"},"geometry":{"type":"Polygon","coordinates":[[[126.92842428,37.52699362],[126.9279254,37.52667721],[126.92784703,37.52669003],[126.92736737,37.52717601],[126.92786678,37.52747565],[126.92788835,37.52747866],[126.92795236,37.52747393],[126.92842428,37.52699362]]]}},{"type":"Feature","id":"seoul-building-510976","properties":{"id":"seoul-building-510976","sourceId":"0000193581554471144200000000","pnu":"1156011000100220000","name":"서울특별시 영등포구 여의도동","address":"서울특별시 영등포구 여의도동","useName":"","floors":0.0,"height":0,"heightSource":"unknown","heightRaw":0.0,"sourceDate":"2026-09-09"},"geometry":{"type":"Polygon","coordinates":[[[126.92880066,37.52625542],[126.92865688,37.52616861],[126.92854269,37.52618926],[126.92814612,37.5259563],[126.92813486,37.52584434],[126.92794102,37.52573459],[126.92781453,37.52586503],[126.9277762,37.52584532],[126.92761607,37.52600887],[126.92764748,37.5260309],[126.92755872,37.52611881],[126.92751652,37.52609894],[126.92749462,37.52612104],[126.92753511,37.52620164],[126.92770288,37.52630222],[126.92780322,37.52631543],[126.92817329,37.52654488],[126.9282069,37.52660128],[126.92838418,37.52671713],[126.92847091,37.52672993],[126.92859153,37.52660675],[126.92863825,37.52659365],[126.92868437,37.52654311],[126.92869465,37.526509],[126.92882911,37.52636488],[126.92880066,37.52625542]]]}},{"type":"Feature","id":"seoul-building-510977","properties":{"id":"seoul-building-510977","sourceId":"0000193632154470458400000000","pnu":"1156011000100220000","name":"서울특별시 영등포구 여의도동","address":"서울특별시 영등포구 여의도동","useName":"","floors":0.0,"height":0,"heightSource":"unknown","heightRaw":0.0,"sourceDate":"2026-09-09"},"geometry":{"type":"Polygon","coordinates":[[[126.9294669,37.5257251],[126.92841072,37.52505856],[126.92833139,37.52513595],[126.92828709,37.52511383],[126.92824895,37.52515562],[126.92837973,37.525243],[126.92806524,37.5255641],[126.92809065,37.52563835],[126.92825119,37.52573543],[126.92837678,37.5257192],[126.92853303,37.52580884],[126.92860643,37.52587836],[126.92868174,37.52589966],[126.92874404,37.52594456],[126.92877027,37.52606052],[126.92892599,37.52614991],[126.92905493,37.52613326],[126.92918321,37.52600591],[126.92924241,37.52598191],[126.92929126,37.52590008],[126.9294669,37.5257251]]]}},{"type":"Feature","id":"seoul-building-510978","properties":{"id":"seoul-building-510978","sourceId":"0000193498064471606700000000","pnu":"1156011000100220000","name":"서울특별시 영등포구 여의도동","address":"서울특별시 영등포구 여의도동","useName":"","floors":0.0,"height":0,"heightSource":"unknown","heightRaw":0.0,"sourceDate":"2026-09-09"},"geometry":{"type":"Polygon","coordinates":[[[126.92773376,37.52654976],[126.92723834,37.52624234],[126.92673519,37.52677804],[126.92721909,37.52708277],[126.92773376,37.52654976]]]}},{"type":"Feature","id":"seoul-building-511021","properties":{"id":"seoul-building-511021","sourceId":"1987193673384473049300000000","pnu":"1156011000100200000","name":"서울특별시 영등포구 여의도동","address":"서울특별시 영등포구 여의도동","useName":"","floors":0.0,"height":0,"heightSource":"unknown","heightRaw":0.0,"sourceDate":"2026-09-09"},"geometry":{"type":"Polygon","coordinates":[[[126.9295028,37.52813581],[126.92957278,37.52806475],[126.92915274,37.52780006],[126.92901085,37.52771015],[126.92893939,37.52778182],[126.92897026,37.52779995],[126.92901922,37.52782863],[126.92899511,37.52785186],[126.92901941,37.52786792],[126.92899768,37.52788872],[126.92902424,37.5279063],[126.92900283,37.52792683],[126.92902998,37.52794478],[126.92901231,37.52796783],[126.92903345,37.52798217],[126.92901816,37.52800379],[126.92904292,37.52801912],[126.9290214,37.52804127],[126.92916273,37.52812839],[126.92918424,37.52810858],[126.92921093,37.52812698],[126.9292347,37.52810528],[126.92925901,37.52812205],[126.92928256,37.52810044],[126.92930676,37.52811722],[126.92932974,37.52809615],[126.92935303,37.5281122],[126.92937613,37.52809104],[126.92940553,37.52810493],[126.92942512,37.52808566],[126.9295028,37.52813581]]]}},{"type":"Feature","id":"seoul-building-511030","properties":{"id":"seoul-building-511030","sourceId":"0000193403234472706100000000","pnu":"1156011000100020000","name":"서울특별시 영등포구 여의도동","address":"서울특별시 영등포구 여의도동","useName":"","floors":0.0,"height":0,"heightSource":"unknown","heightRaw":0.0,"sourceDate":"2026-09-09"},"geometry":{"type":"Polygon","coordinates":[[[126.92618794,37.52764787],[126.92616296,37.52762902],[126.92612967,37.52765693],[126.92615466,37.52767587],[126.92618794,37.52764787]]]}},{"type":"Feature","id":"seoul-building-511031","properties":{"id":"seoul-building-511031","sourceId":"0000193732974472738800000000","pnu":"1156011000100210000","name":"서울특별시 영등포구 여의도동","address":"서울특별시 영등포구 여의도동","useName":"","floors":0.0,"height":0,"heightSource":"unknown","heightRaw":0.0,"sourceDate":"2026-09-09"},"geometry":{"type":"Polygon","coordinates":[[[126.92994597,37.52774053],[126.92997564,37.52771252],[126.92984709,37.52762641],[126.92980768,37.52766377],[126.92989112,37.52771941],[126.92990538,37.52771339],[126.92994597,37.52774053]]]}},{"type":"Feature","id":"seoul-building-511034","properties":{"id":"seoul-building-511034","sourceId":"1999193449754474882300000000","pnu":"1156011000100020000","name":"서울특별시 영등포구 여의도동","address":"서울특별시 영등포구 여의도동","useName":"제1종근린생활시설","floors":1.0,"height":5.3,"heightSource":"measured","heightRaw":5.3,"sourceDate":"2026-09-09"},"geometry":{"type":"Polygon","coordinates":[[[126.92670896,37.52956489],[126.926692,37.5295584],[126.92667096,37.52955307],[126.92665275,37.52955161],[126.92664584,37.52955846],[126.92662447,37.52954493],[126.92657204,37.52959805],[126.92672592,37.52969546],[126.9267779,37.52964314],[126.92675483,37.52962763],[126.92677578,37.52960782],[126.92672751,37.52957554],[126.92670896,37.52956489]]]}},{"type":"Feature","id":"seoul-building-511087","properties":{"id":"seoul-building-511087","sourceId":"1987193729644473270900000000","pnu":"1156011000100200000","name":"서울특별시 영등포구 여의도동","address":"서울특별시 영등포구 여의도동","useName":"","floors":0.0,"height":0,"heightSource":"unknown","heightRaw":0.0,"sourceDate":"2026-09-09"},"geometry":{"type":"Polygon","coordinates":[[[126.92984423,37.52837432],[126.92986654,37.52835775],[126.92989153,37.52837047],[126.92991496,37.52835436],[126.92994063,37.52836627],[126.92996339,37.52834934],[126.92998645,37.52836368],[126.93000717,37.52834243],[126.9300325,37.52835812],[126.93005594,37.52833417],[126.93007064,37.52834328],[126.93021684,37.52819344],[126.92974772,37.52790295],[126.92949723,37.52815905],[126.92984423,37.52837432]]]}},{"type":"Feature","id":"seoul-building-511093","properties":{"id":"seoul-building-511093","sourceId":"0000193509114470885300000000","pnu":"1156011000100220000","name":"서울특별시 영등포구 여의도동","address":"서울특별시 영등포구 여의도동","useName":"","floors":0.0,"height":0,"heightSource":"unknown","heightRaw":0.0,"sourceDate":"2026-09-09"},"geometry":{"type":"Polygon","coordinates":[[[126.92738992,37.52599896],[126.92736606,37.52598452],[126.92732665,37.52602639],[126.92735052,37.52604083],[126.92738992,37.52599896]]]}},{"type":"Feature","id":"seoul-building-511095","properties":{"id":"seoul-building-511095","sourceId":"0000193731314470181700000000","pnu":"1156011000100220000","name":"서울특별시 영등포구 여의도동","address":"서울특별시 영등포구 여의도동","useName":"","floors":0.0,"height":0,"heightSource":"unknown","heightRaw":0.0,"sourceDate":"2026-09-09"},"geometry":{"type":"Polygon","coordinates":[[[126.92994835,37.52541193],[126.92981551,37.52532864],[126.92979666,37.52534853],[126.92992949,37.52543183],[126.92994835,37.52541193]]]}},{"type":"Feature","id":"seoul-building-511096","properties":{"id":"seoul-building-511096","sourceId":"0000193349794473153000000000","pnu":"1156011000100020000","name":"서울특별시 영등포구 여의도동","address":"서울특별시 영등포구 여의도동","useName":"제1종근린생활시설","floors":1.0,"height":4.2,"heightSource":"estimated","heightRaw":0.0,"sourceDate":"2026-09-09"},"geometry":{"type":"Polygon","coordinates":[[[126.92560492,37.52804765],[126.92554499,37.528014],[126.92550275,37.52806164],[126.92556267,37.52809528],[126.92560492,37.52804765]]]}},{"type":"Feature","id":"seoul-building-511097","properties":{"id":"seoul-building-511097","sourceId":"0000193509024470809000000000","pnu":"1156011000100220000","name":"서울특별시 영등포구 여의도동","address":"서울특별시 영등포구 여의도동","useName":"","floors":0.0,"height":0,"heightSource":"unknown","heightRaw":0.0,"sourceDate":"2026-09-09"},"geometry":{"type":"Polygon","coordinates":[[[126.9273885,37.52593114],[126.92736457,37.52591581],[126.9273261,37.5259566],[126.92735003,37.52597192],[126.9273885,37.52593114]]]}},{"type":"Feature","id":"seoul-building-511098","properties":{"id":"seoul-building-511098","sourceId":"0000193459294471456200000000","pnu":"1156011000100220000","name":"서울특별시 영등포구 여의도동","address":"서울특별시 영등포구 여의도동","useName":"","floors":0.0,"height":0,"heightSource":"unknown","heightRaw":0.0,"sourceDate":"2026-09-09"},"geometry":{"type":"Polygon","coordinates":[[[126.92682576,37.52651486],[126.92680125,37.52649854],[126.92676243,37.52653849],[126.92678694,37.5265548],[126.92682576,37.52651486]]]}},{"type":"Feature","id":"seoul-building-511099","properties":{"id":"seoul-building-511099","sourceId":"0000193689134470825700000000","pnu":"1156011000100220000","name":"서울특별시 영등포구 여의도동","address":"서울특별시 영등포구 여의도동","useName":"","floors":0.0,"height":0,"heightSource":"unknown","heightRaw":0.0,"sourceDate":"2026-09-09"},"geometry":{"type":"Polygon","coordinates":[[[126.92978659,37.52563504],[126.92969354,37.52557686],[126.92900098,37.52628969],[126.9290912,37.52634632],[126.92978659,37.52563504]]]}},{"type":"Feature","id":"seoul-building-511101","properties":{"id":"seoul-building-511101","sourceId":"1976193709114472038000000000","pnu":"1156011000100210002","name":"서울특별시 영등포구 여의도동","address":"서울특별시 영등포구 여의도동","useName":"공동주택","floors":12.0,"height":36.4,"heightSource":"estimated","heightRaw":0.0,"sourceDate":"2026-09-09"},"geometry":{"type":"Polygon","coordinates":[[[126.92947452,37.52728867],[126.92965775,37.52710154],[126.92970388,37.52713022],[126.92973683,37.52709654],[126.92968854,37.52706651],[126.92986225,37.52689291],[126.92975948,37.52682761],[126.92975721,37.52682986],[126.92974817,37.52682418],[126.92969506,37.52687722],[126.92969822,37.5268792],[126.92965576,37.52692161],[126.92965452,37.52692071],[126.92954434,37.52703084],[126.92954841,37.52703345],[126.92950549,37.52707641],[126.92950323,37.52707488],[126.92939408,37.52718392],[126.92939769,37.52718618],[126.92937707,37.5272068],[126.92938239,37.52721022],[126.92938115,37.52721139],[126.92947115,37.52726848],[126.92946005,37.52727947],[126.92947452,37.52728867]]]}},{"type":"Feature","id":"seoul-building-511103","properties":{"id":"seoul-building-511103","sourceId":"1976193736584471029400000000","pnu":"1156011000100210002","name":"서울특별시 영등포구 여의도동","address":"서울특별시 영등포구 여의도동","useName":"공동주택","floors":12.0,"height":36.4,"heightSource":"estimated","heightRaw":0.0,"sourceDate":"2026-09-09"},"geometry":{"type":"Polygon","coordinates":[[[126.92960735,37.52656218],[126.92977731,37.52638531],[126.92982581,37.52641481],[126.92985786,37.52638149],[126.92981241,37.52635381],[126.93015892,37.52600064],[126.9302038,37.5260286],[126.93023574,37.52599608],[126.93018836,37.5259666],[126.93036297,37.52579254],[126.93025896,37.52572634],[126.93025657,37.52572868],[126.93025092,37.52572507],[126.93023099,37.52574488],[126.93022998,37.52574434],[126.93012071,37.52585322],[126.93012388,37.5258552],[126.93008039,37.5258986],[126.9300787,37.52589761],[126.92996965,37.52600629],[126.92997316,37.52600855],[126.92992911,37.52605249],[126.92992854,37.52605213],[126.92981712,37.52616324],[126.92981972,37.52616496],[126.92977748,37.5262071],[126.92977612,37.52620629],[126.92966674,37.52631525],[126.9296699,37.52631723],[126.92962653,37.52636045],[126.92962506,37.52635946],[126.92951443,37.52646968],[126.92951703,37.5264713],[126.92949722,37.52649102],[126.9295023,37.52649427],[126.92950162,37.5264949],[126.92960735,37.52656218]]]}},{"type":"Feature","id":"seoul-building-511150","properties":{"id":"seoul-building-511150","sourceId":"1999193412794472793700000000","pnu":"1156011000100020000","name":"서울특별시 영등포구 여의도동","address":"서울특별시 영등포구 여의도동","useName":"제1종근린생활시설","floors":1.0,"height":5.1,"heightSource":"measured","heightRaw":5.1,"sourceDate":"2026-09-09"},"geometry":{"type":"Polygon","coordinates":[[[126.9261811,37.52776152],[126.9261704,37.52777256],[126.92621913,37.52780268],[126.92625677,37.52782568],[126.9262801,37.52780245],[126.92638123,37.52770286],[126.92629644,37.52764821],[126.92627288,37.52767135],[126.92624518,37.52765349],[126.92616795,37.52773435],[126.92619293,37.5277495],[126.9261811,37.52776152]]]}},{"type":"Feature","id":"seoul-building-511156","properties":{"id":"seoul-building-511156","sourceId":"0000193001454471849900000000","pnu":"1156011000100160003","name":"서울특별시 영등포구 여의도동","address":"서울특별시 영등포구 여의도동","useName":"","floors":0.0,"height":0,"heightSource":"unknown","heightRaw":0.0,"sourceDate":"2026-09-09"},"geometry":{"type":"Polygon","coordinates":[[[126.9216377,37.52687729],[126.92161079,37.52685952],[126.92159086,37.52687861],[126.92161766,37.52689646],[126.9216377,37.52687729]]]}},{"type":"Feature","id":"seoul-building-511157","properties":{"id":"seoul-building-511157","sourceId":"0000193281684472844900000000","pnu":"1156011000100020000","name":"서울특별시 영등포구 여의도동","address":"서울특별시 영등포구 여의도동","useName":"","floors":0.0,"height":0,"heightSource":"unknown","heightRaw":0.0,"sourceDate":"2026-09-09"},"geometry":{"type":"Polygon","coordinates":[[[126.92478796,37.52775808],[126.92478038,37.52775789],[126.92477019,37.52775852],[126.92476136,37.52776446],[126.92475638,37.52777238],[126.92475569,37.52777761],[126.92475682,37.52778392],[126.92476291,37.52779032],[126.92477231,37.52779402],[126.92478904,37.52779691],[126.92479684,37.52779421],[126.9248084,37.52778521],[126.92481124,37.52778152],[126.92481158,37.52777801],[126.92480954,37.52777107],[126.9248056,37.52776287],[126.92479983,37.52775908],[126.92479224,37.52775844],[126.92478796,37.52775808]]]}},{"type":"Feature","id":"seoul-building-511340","properties":{"id":"seoul-building-511340","sourceId":"0000192892614470960500000000","pnu":"1156011000100010006","name":"서울특별시 영등포구 여의도동","address":"서울특별시 영등포구 여의도동","useName":"","floors":0.0,"height":0,"heightSource":"unknown","heightRaw":0.0,"sourceDate":"2026-09-09"},"geometry":{"type":"Polygon","coordinates":[[[126.9204294,37.52606548],[126.92038457,37.52603634],[126.92033825,37.52608614],[126.92038306,37.52611527],[126.9204294,37.52606548]]]}},{"type":"Feature","id":"seoul-building-511463","properties":{"id":"seoul-building-511463","sourceId":"0000192897034470044500000000","pnu":"1156011000100020000","name":"서울특별시 영등포구 여의도동","address":"서울특별시 영등포구 여의도동","useName":"","floors":0.0,"height":0,"heightSource":"unknown","heightRaw":0.0,"sourceDate":"2026-09-09"},"geometry":{"type":"Polygon","coordinates":[[[126.92048061,37.52524819],[126.92042509,37.52521476],[126.92038896,37.52525294],[126.9204444,37.52528634],[126.92048061,37.52524819]]]}},{"type":"Feature","id":"seoul-building-511525","properties":{"id":"seoul-building-511525","sourceId":"0000192883664471065800000000","pnu":"1156011000100010006","name":"서울특별시 영등포구 여의도동","address":"서울특별시 영등포구 여의도동","useName":"","floors":0.0,"height":0,"heightSource":"unknown","heightRaw":0.0,"sourceDate":"2026-09-09"},"geometry":{"type":"Polygon","coordinates":[[[126.920359,37.52612535],[126.92031706,37.52609992],[126.92020572,37.52621751],[126.92024665,37.52624124],[126.920359,37.52612535]]]}},{"type":"Feature","id":"seoul-building-511529","properties":{"id":"seoul-building-511529","sourceId":"0000192900354470593400000000","pnu":"1156011000100020000","name":"서울특별시 영등포구 여의도동","address":"서울특별시 영등포구 여의도동","useName":"","floors":0.0,"height":0,"heightSource":"unknown","heightRaw":0.0,"sourceDate":"2026-09-09"},"geometry":{"type":"Polygon","coordinates":[[[126.92053125,37.52575137],[126.92044486,37.52570302],[126.92041269,37.5257385],[126.92049738,37.52578739],[126.92053125,37.52575137]]]}},{"type":"Feature","id":"seoul-building-511530","properties":{"id":"seoul-building-511530","sourceId":"0000192862234471319700000000","pnu":"1156011000100010006","name":"서울특별시 영등포구 여의도동","address":"서울특별시 영등포구 여의도동","useName":"제1종근린생활시설","floors":1.0,"height":4.25,"heightSource":"measured","heightRaw":4.25,"sourceDate":"2026-09-09"},"geometry":{"type":"Polygon","coordinates":[[[126.92012398,37.52637999],[126.92004134,37.52633002],[126.91995504,37.52642232],[126.92003893,37.52646626],[126.92012398,37.52637999]]]}},{"type":"Feature","id":"seoul-building-511531","properties":{"id":"seoul-building-511531","sourceId":"1999193045644471755400000000","pnu":"1156011000100020000","name":"서울특별시 영등포구 여의도동","address":"서울특별시 영등포구 여의도동","useName":"","floors":0.0,"height":0,"heightSource":"unknown","heightRaw":0.0,"sourceDate":"2026-09-09"},"geometry":{"type":"Polygon","coordinates":[[[126.92216983,37.5268061],[126.92208707,37.52675252],[126.92205877,37.52678025],[126.92214152,37.52683383],[126.92216983,37.5268061]]]}},{"type":"Feature","id":"seoul-building-511532","properties":{"id":"seoul-building-511532","sourceId":"0000193078464471845800000000","pnu":"1156011000100020000","name":"서울특별시 영등포구 여의도동","address":"서울특별시 영등포구 여의도동","useName":"","floors":0.0,"height":0,"heightSource":"unknown","heightRaw":0.0,"sourceDate":"2026-09-09"},"geometry":{"type":"Polygon","coordinates":[[[126.92251887,37.5268811],[126.92247297,37.52685152],[126.9224536,37.52687205],[126.92249804,37.52689668],[126.92251887,37.5268811]]]}},{"type":"Feature","id":"seoul-building-511840","properties":{"id":"seoul-building-511840","sourceId":"1995193250494469329400000000","pnu":"1156011000100230002","name":"서울특별시 영등포구 여의도동","address":"서울특별시 영등포구 여의도동","useName":"","floors":0.0,"height":0,"heightSource":"unknown","heightRaw":0.0,"sourceDate":"2026-09-09"},"geometry":{"type":"Polygon","coordinates":[[[126.92451476,37.52459995],[126.92442293,37.52454452],[126.92435309,37.52461791],[126.92444492,37.52467335],[126.92451476,37.52459995]]]}},{"type":"Feature","id":"seoul-building-511846","properties":{"id":"seoul-building-511846","sourceId":"0000193001904469343000000000","pnu":"1156011000100020000","name":"서울특별시 영등포구 여의도동","address":"서울특별시 영등포구 여의도동","useName":"","floors":0.0,"height":0,"heightSource":"unknown","heightRaw":0.0,"sourceDate":"2026-09-09"},"geometry":{"type":"Polygon","coordinates":[[[126.9216862,37.52463815],[126.92158287,37.5245741],[126.92155739,37.5246004],[126.92166072,37.52466444],[126.9216862,37.52463815]]]}},{"type":"Feature","id":"seoul-building-511847","properties":{"id":"seoul-building-511847","sourceId":"0000193161864468852800000000","pnu":"1156011000100230004","name":"서울특별시 영등포구 여의도동","address":"서울특별시 영등포구 여의도동","useName":"","floors":0.0,"height":0,"heightSource":"unknown","heightRaw":0.0,"sourceDate":"2026-09-09"},"geometry":{"type":"Polygon","coordinates":[[[126.92338281,37.52418548],[126.92343563,37.52421828],[126.92348087,37.52417188],[126.9234274,37.52413968],[126.92338281,37.52418548]]]}},{"type":"Feature","id":"seoul-building-511907","properties":{"id":"seoul-building-511907","sourceId":"0000193638724469427100000000","pnu":"1156011000100220000","name":"서울특별시 영등포구 여의도동","address":"서울특별시 영등포구 여의도동","useName":"","floors":0.0,"height":0,"heightSource":"unknown","heightRaw":0.0,"sourceDate":"2026-09-09"},"geometry":{"type":"Polygon","coordinates":[[[126.92886162,37.52470372],[126.92880611,37.52467471],[126.92878992,37.52469581],[126.92884542,37.52472482],[126.92886162,37.52470372]]]}},{"type":"Feature","id":"seoul-building-511915","properties":{"id":"seoul-building-511915","sourceId":"1981193521404469354100000000","pnu":"1156011000100240003","name":"유진빌딩","address":"서울특별시 영등포구 여의도동","useName":"업무시설","floors":16.0,"height":61.2,"heightSource":"measured","heightRaw":61.2,"sourceDate":"2026-09-09"},"geometry":{"type":"Polygon","coordinates":[[[126.9277326,37.52464128],[126.92742915,37.52445287],[126.92742564,37.52445296],[126.92742247,37.52445413],[126.92726144,37.52461784],[126.92726155,37.52462063],[126.92726336,37.52462379],[126.92756738,37.52481309],[126.92757009,37.52481408],[126.92757202,37.5248139],[126.92757406,37.52481246],[126.92773553,37.52464867],[126.92773542,37.52464624],[126.92773509,37.5246438],[126.9277326,37.52464128]]]}},{"type":"Feature","id":"seoul-building-511916","properties":{"id":"seoul-building-511916","sourceId":"1982193510904468768800000000","pnu":"1156011000100240004","name":"서울특별시 영등포구 여의도동","address":"서울특별시 영등포구 여의도동","useName":"업무시설","floors":14.0,"height":52.0,"heightSource":"measured","heightRaw":52.0,"sourceDate":"2026-09-09"},"geometry":{"type":"Polygon","coordinates":[[[126.92740084,37.52424968],[126.92742202,37.52422708],[126.92746125,37.52425035],[126.92759442,37.52411536],[126.92731776,37.52394293],[126.92718346,37.52407718],[126.92722371,37.52410045],[126.92720106,37.5241254],[126.92720005,37.52412639],[126.92739473,37.52424814],[126.92739518,37.5242504],[126.92740084,37.52424968]]]}},{"type":"Feature","id":"seoul-building-511918","properties":{"id":"seoul-building-511918","sourceId":"1983193491554469090200000000","pnu":"1156011000100240002","name":"서울특별시 영등포구 여의도동","address":"서울특별시 영등포구 여의도동","useName":"제2종근린생활시설","floors":11.0,"height":36.2,"heightSource":"estimated","heightRaw":0.0,"sourceDate":"2026-09-09"},"geometry":{"type":"Polygon","coordinates":[[[126.92716002,37.52422646],[126.92715696,37.52422592],[126.92715402,37.52422592],[126.92715165,37.5242261],[126.9271495,37.52422628],[126.92714599,37.52422916],[126.92695529,37.52442528],[126.92695348,37.52442852],[126.92695347,37.52443114],[126.9269537,37.52443303],[126.92695415,37.52443519],[126.9269555,37.52443799],[126.92715516,37.52456011],[126.92715946,37.52456299],[126.92716364,37.52456543],[126.92716715,37.52456525],[126.92716941,37.52456516],[126.92717213,37.52456462],[126.9271745,37.52456273],[126.92736565,37.52436724],[126.92736871,37.52436391],[126.92736905,37.52436156],[126.92736883,37.52435877],[126.92736849,37.52435589],[126.92736714,37.52435318],[126.9271659,37.52422899],[126.92716398,37.52422764],[126.92716002,37.52422646]]]}},{"type":"Feature","id":"seoul-building-511919","properties":{"id":"seoul-building-511919","sourceId":"0000193677374469302500000000","pnu":"1156011000100310000","name":"서울특별시 영등포구 여의도동","address":"서울특별시 영등포구 여의도동","useName":"","floors":0.0,"height":0,"heightSource":"unknown","heightRaw":0.0,"sourceDate":"2026-09-09"},"geometry":{"type":"Polygon","coordinates":[[[126.92934346,37.52458991],[126.92933826,37.52458567],[126.92933249,37.52458251],[126.92927664,37.52454806],[126.92927053,37.52455446],[126.92923774,37.52453425],[126.92922892,37.52453272],[126.92922168,37.52453217],[126.92921455,37.5245328],[126.92920765,37.52453478],[126.92920256,37.52453684],[126.9291952,37.52454189],[126.92916202,37.52457845],[126.92919017,37.52459459],[126.92920093,37.52458631],[126.92925327,37.52461598],[126.92924693,37.52462292],[126.92928809,37.52464655],[126.92929997,37.52464674],[126.92930562,37.52464629],[126.92931422,37.5246453],[126.92931852,37.52464377],[126.92932248,37.52464017],[126.92934751,37.52461217],[126.92934763,37.52460478],[126.92934492,37.52459676],[126.92934346,37.52458991]]]}},{"type":"Feature","id":"seoul-building-511986","properties":{"id":"seoul-building-511986","sourceId":"1982193277934467448700000000","pnu":"1156011000100260003","name":"서울특별시 영등포구 여의도동","address":"서울특별시 영등포구 여의도동","useName":"제2종근린생활시설","floors":10.0,"height":33.0,"heightSource":"estimated","heightRaw":0.0,"sourceDate":"2026-09-09"},"geometry":{"type":"Polygon","coordinates":[[[126.92477776,37.52280319],[126.92471716,37.52276513],[126.92468013,37.52280285],[126.92455739,37.52292829],[126.92477513,37.52306385],[126.92493491,37.52290096],[126.92477776,37.52280319]]]}},{"type":"Feature","id":"seoul-building-512177","properties":{"id":"seoul-building-512177","sourceId":"1994193193674468274000000000","pnu":"1156011000100230007","name":"서울특별시 영등포구 여의도동","address":"서울특별시 영등포구 여의도동","useName":"업무시설","floors":20.0,"height":89.93,"heightSource":"measured","heightRaw":89.93,"sourceDate":"2026-09-09"},"geometry":{"type":"Polygon","coordinates":[[[126.92404954,37.523622],[126.92377155,37.52345018],[126.92353464,37.52369294],[126.92381276,37.52386504],[126.92404954,37.523622]]]}},{"type":"Feature","id":"seoul-building-512178","properties":{"id":"seoul-building-512178","sourceId":"1998193162584467950900000000","pnu":"1156011000100230006","name":"오투타워","address":"서울특별시 영등포구 여의도동","useName":"업무시설","floors":23.0,"height":134.5,"heightSource":"measured","heightRaw":134.5,"sourceDate":"2026-09-09"},"geometry":{"type":"Polygon","coordinates":[[[126.92357048,37.5231529],[126.92354967,37.52315145],[126.92353406,37.52315154],[126.92352014,37.52315305],[126.92350634,37.52315557],[126.92348914,37.52316024],[126.92347771,37.5231651],[126.92346345,37.52317158],[126.92345247,37.52317851],[126.92344251,37.52318742],[126.92321409,37.52342261],[126.92320446,37.523439],[126.9232006,37.5234518],[126.92319866,37.52346819],[126.92319945,37.52348072],[126.92320157,37.52349396],[126.92320665,37.52350919],[126.92321219,37.52352091],[126.92322563,37.52353795],[126.92324123,37.52355156],[126.92325977,37.52356347],[126.92327503,37.52357096],[126.92329527,37.52357755],[126.92331179,37.52357999],[126.92332446,37.5235809],[126.92334663,37.52358056],[126.92336009,37.52357921],[126.9233739,37.5235767],[126.92338861,37.52357238],[126.92340343,37.52356654],[126.92341509,37.52356141],[126.92342766,37.52355304],[126.92343886,37.52354404],[126.92345359,37.52352999],[126.92365549,37.52332325],[126.92366376,37.52331451],[126.92367044,37.52330325],[126.92367781,37.52328812],[126.92368122,37.52327443],[126.9236818,37.52326317],[126.92368169,37.5232538],[126.92367956,37.52324208],[126.92367708,37.52323127],[126.92367336,37.52322],[126.92366771,37.52321135],[126.92365958,37.52319963],[126.9236485,37.52318737],[126.92363731,37.52317898],[126.92362171,37.52316852],[126.92360543,37.52316193],[126.92358858,37.52315598],[126.92357048,37.5231529]]]}},{"type":"Feature","id":"seoul-building-512287","properties":{"id":"seoul-building-512287","sourceId":"1991193286604475307300000000","pnu":"1156011000100120001","name":"서울특별시 영등포구 여의도동","address":"서울특별시 영등포구 여의도동","useName":"업무시설","floors":14.0,"height":51.4,"heightSource":"estimated","heightRaw":0.0,"sourceDate":"2026-09-09"},"geometry":{"type":"Polygon","coordinates":[[[126.92500002,37.52993823],[126.92485136,37.52984493],[126.92465713,37.53004185],[126.92482231,37.53014539],[126.92500002,37.52996568],[126.92501677,37.52994873],[126.92500002,37.52993823]]]}},{"type":"Feature","id":"seoul-building-512353","properties":{"id":"seoul-building-512353","sourceId":"1998193292054474503500000000","pnu":"1156011000100120000","name":"C.C.M.M빌딩","address":"서울특별시 영등포구 여의도동","useName":"업무시설","floors":12.0,"height":52.4,"heightSource":"measured","heightRaw":52.4,"sourceDate":"2026-09-09"},"geometry":{"type":"Polygon","coordinates":[[[126.9250928,37.52948126],[126.92510074,37.52947712],[126.92510389,37.5294809],[126.925122,37.52947136],[126.92513593,37.5294611],[126.92515438,37.52944679],[126.92517556,37.52942581],[126.92519413,37.52940744],[126.92521022,37.52938592],[126.92522405,37.52936097],[126.92521579,37.52935583],[126.92522259,37.52934889],[126.92537354,37.52944206],[126.92549642,37.52931591],[126.92538391,37.5292461],[126.92528973,37.52918765],[126.92520267,37.52913535],[126.92512183,37.52908691],[126.92504528,37.52904839],[126.92500002,37.52902735],[126.92496397,37.52901058],[126.92486987,37.52897367],[126.92479942,37.52894885],[126.92474208,37.52893142],[126.92467489,37.52891417],[126.92463316,37.52890459],[126.92457423,37.52889329],[126.92454275,37.52892463],[126.92469063,37.52901888],[126.92468123,37.52902464],[126.92467694,37.52902013],[126.92464931,37.52903705],[126.92463131,37.52904875],[126.92461138,37.52906667],[126.92459915,37.52908044],[126.9245824,37.52909773],[126.92457287,37.5291107],[126.92456551,37.52912242],[126.92455815,37.52913773],[126.92456662,37.52914287],[126.92455994,37.52914998],[126.92441194,37.52906078],[126.9242859,37.52918242],[126.92500002,37.52962674],[126.92511839,37.52970039],[126.92524239,37.52957551],[126.9250928,37.52948126]]]}},{"type":"Feature","id":"seoul-building-512496","properties":{"id":"seoul-building-512496","sourceId":"0000193295084473529000000000","pnu":"1156011000100020000","name":"서울특별시 영등포구 여의도동","address":"서울특별시 영등포구 여의도동","useName":"","floors":0.0,"height":0,"heightSource":"unknown","heightRaw":0.0,"sourceDate":"2026-09-09"},"geometry":{"type":"Polygon","coordinates":[[[126.925,37.52840399],[126.92489868,37.52834172],[126.92486312,37.52837846],[126.92497031,37.52844439],[126.92500001,37.5284138],[126.92500597,37.52840766],[126.925,37.52840399]]]}},{"type":"Feature","id":"seoul-building-512549","properties":{"id":"seoul-building-512549","sourceId":"0000193621384469414900000000","pnu":"1156011000100220000","name":"서울특별시 영등포구 여의도동","address":"서울특별시 영등포구 여의도동","useName":"","floors":0.0,"height":0,"heightSource":"unknown","heightRaw":0.0,"sourceDate":"2026-09-09"},"geometry":{"type":"Polygon","coordinates":[[[126.92868171,37.52468398],[126.92866963,37.52466011],[126.92857759,37.52469321],[126.92858968,37.52471707],[126.92868171,37.52468398]]]}},{"type":"Feature","id":"seoul-building-512550","properties":{"id":"seoul-building-512550","sourceId":"0000193609524469514600000000","pnu":"1156011000100220000","name":"서울특별시 영등포구 여의도동","address":"서울특별시 영등포구 여의도동","useName":"","floors":0.0,"height":0,"heightSource":"unknown","heightRaw":0.0,"sourceDate":"2026-09-09"},"geometry":{"type":"Polygon","coordinates":[[[126.92853985,37.5247548],[126.92851321,37.52473907],[126.9284509,37.52480183],[126.92847757,37.52481756],[126.92853985,37.5247548]]]}},{"type":"Feature","id":"seoul-building-512557","properties":{"id":"seoul-building-512557","sourceId":"0000193632754469398800000000","pnu":"1156011000100220000","name":"서울특별시 영등포구 여의도동","address":"서울특별시 영등포구 여의도동","useName":"","floors":0.0,"height":0,"heightSource":"unknown","heightRaw":0.0,"sourceDate":"2026-09-09"},"geometry":{"type":"Polygon","coordinates":[[[126.92879411,37.52467019],[126.92873233,37.52465441],[126.92872231,37.5246781],[126.92878411,37.52469388],[126.92879411,37.52467019]]]}},{"type":"Feature","id":"seoul-building-512559","properties":{"id":"seoul-building-512559","sourceId":"1984193467454468407000000000","pnu":"1156011000100250005","name":"동화빌딩","address":"서울특별시 영등포구 여의도동","useName":"","floors":17.0,"height":67.4,"heightSource":"measured","heightRaw":67.4,"sourceDate":"2026-09-09"},"geometry":{"type":"Polygon","coordinates":[[[126.9269571,37.52396315],[126.9271299,37.52378631],[126.92710718,37.52377215],[126.92711522,37.52376386],[126.92685167,37.52360062],[126.92684352,37.5236089],[126.92682215,37.52359564],[126.92664856,37.52377187],[126.92667038,37.52378621],[126.92666212,37.52379422],[126.92692678,37.52395818],[126.92693516,37.52394954],[126.9269571,37.52396315]]]}},{"type":"Feature","id":"seoul-building-512560","properties":{"id":"seoul-building-512560","sourceId":"1982193542304469023900000000","pnu":"1156011000100240005","name":"한마루빌딩","address":"서울특별시 영등포구 여의도동","useName":"업무시설","floors":12.0,"height":45.8,"heightSource":"measured","heightRaw":45.8,"sourceDate":"2026-09-09"},"geometry":{"type":"Polygon","coordinates":[[[126.92791629,37.52431333],[126.92766564,37.52415939],[126.92750348,37.52432678],[126.92780502,37.52451203],[126.92791644,37.52439749],[126.92796716,37.52434472],[126.92791629,37.52431333]]]}},{"type":"Feature","id":"seoul-building-512561","properties":{"id":"seoul-building-512561","sourceId":"1983193427754468841700000000","pnu":"1156011000100250001","name":"메리츠화재여의도사옥","address":"서울특별시 영등포구 여의도동","useName":"업무시설","floors":14.0,"height":51.35,"heightSource":"measured","heightRaw":51.35,"sourceDate":"2026-09-09"},"geometry":{"type":"Polygon","coordinates":[[[126.92669871,37.52408752],[126.92647689,37.52395034],[126.92618054,37.5242537],[126.92640258,37.52439124],[126.92669871,37.52408752]]]}},{"type":"Feature","id":"seoul-building-512562","properties":{"id":"seoul-building-512562","sourceId":"1983193463574469376800000000","pnu":"1156011000100240000","name":"서울특별시 영등포구 여의도동","address":"서울특별시 영등포구 여의도동","useName":"업무시설","floors":10.0,"height":37.0,"heightSource":"estimated","heightRaw":0.0,"sourceDate":"2026-09-09"},"geometry":{"type":"Polygon","coordinates":[[[126.92705663,37.52467123],[126.92676687,37.52449256],[126.92674424,37.52449552],[126.92662579,37.52461699],[126.92662838,37.52463194],[126.92692334,37.52481512],[126.92694179,37.52481315],[126.92706069,37.52469141],[126.92705663,37.52467123]]]}},{"type":"Feature","id":"seoul-building-513595","properties":{"id":"seoul-building-513595","sourceId":"0000192873724471594400000000","pnu":"1156011000100160003","name":"서울특별시 영등포구 여의도동","address":"서울특별시 영등포구 여의도동","useName":"","floors":0.0,"height":0,"heightSource":"unknown","heightRaw":0.0,"sourceDate":"2026-09-09"},"geometry":{"type":"Polygon","coordinates":[[[126.92024129,37.52660839],[126.92020014,37.52658232],[126.92009776,37.52668515],[126.92013913,37.52671122],[126.92024129,37.52660839]]]}},{"type":"Feature","id":"seoul-building-513723","properties":{"id":"seoul-building-513723","sourceId":"0000193288264473455900000000","pnu":"1156011000100020000","name":"서울특별시 영등포구 여의도동","address":"서울특별시 영등포구 여의도동","useName":"","floors":0.0,"height":0,"heightSource":"unknown","heightRaw":0.0,"sourceDate":"2026-09-09"},"geometry":{"type":"Polygon","coordinates":[[[126.9248841,37.52832538],[126.9248496,37.52830672],[126.92483072,37.52832887],[126.92486522,37.52834752],[126.9248841,37.52832538]]]}},{"type":"Feature","id":"seoul-building-513724","properties":{"id":"seoul-building-513724","sourceId":"0000193231004473045700000000","pnu":"1156011000100020000","name":"서울특별시 영등포구 여의도동","address":"서울특별시 영등포구 여의도동","useName":"","floors":0.0,"height":0,"heightSource":"unknown","heightRaw":0.0,"sourceDate":"2026-09-09"},"geometry":{"type":"Polygon","coordinates":[[[126.92423906,37.52795198],[126.92421204,37.5279335],[126.9241809,37.52796231],[126.92420803,37.5279808],[126.92423906,37.52795198]]]}},{"type":"Feature","id":"seoul-building-513725","properties":{"id":"seoul-building-513725","sourceId":"0000193253654473404100000000","pnu":"1156011000100020000","name":"서울특별시 영등포구 여의도동","address":"서울특별시 영등포구 여의도동","useName":"","floors":0.0,"height":0,"heightSource":"unknown","heightRaw":0.0,"sourceDate":"2026-09-09"},"geometry":{"type":"Polygon","coordinates":[[[126.92449644,37.52827312],[126.92446569,37.5282549],[126.92443545,37.52828759],[126.92446598,37.52830554],[126.92449644,37.52827312]]]}},{"type":"Feature","id":"seoul-building-513735","properties":{"id":"seoul-building-513735","sourceId":"1996192870484473974300000000","pnu":"1156011000100140034","name":"해운빌딩","address":"서울특별시 영등포구 여의도동","useName":"업무시설","floors":10.0,"height":40.0,"heightSource":"measured","heightRaw":40.0,"sourceDate":"2026-09-09"},"geometry":{"type":"Polygon","coordinates":[[[126.92005263,37.5289997],[126.92013395,37.52891741],[126.92014232,37.52892272],[126.92037551,37.52868673],[126.92025284,37.52860988],[126.92023438,37.52862861],[126.9201835,37.52859578],[126.92017966,37.52859551],[126.92017502,37.5285964],[126.92017355,37.52859775],[126.91992224,37.52885347],[126.91993471,37.52893394],[126.92004336,37.52900123],[126.92005263,37.5289997]]]}},{"type":"Feature","id":"seoul-building-513784","properties":{"id":"seoul-building-513784","sourceId":"0000192858974471782500000000","pnu":"1156011000100160003","name":"서울특별시 영등포구 여의도동","address":"서울특별시 영등포구 여의도동","useName":"","floors":0.0,"height":0,"heightSource":"unknown","heightRaw":0.0,"sourceDate":"2026-09-09"},"geometry":{"type":"Polygon","coordinates":[[[126.92007288,37.52677722],[126.9200315,37.52675205],[126.91993218,37.52685488],[126.91997367,37.5268804],[126.92007288,37.52677722]]]}},{"type":"Feature","id":"seoul-building-513799","properties":{"id":"seoul-building-513799","sourceId":"1985192934524474446500000000","pnu":"1156011000100140011","name":"대하빌딩","address":"서울특별시 영등포구 여의도동","useName":"업무시설","floors":12.0,"height":41.2,"heightSource":"measured","heightRaw":41.2,"sourceDate":"2026-09-09"},"geometry":{"type":"Polygon","coordinates":[[[126.92114352,37.52916405],[126.92085161,37.52898087],[126.92056552,37.5292698],[126.92085743,37.52945318],[126.92114352,37.52916405]]]}},{"type":"Feature","id":"seoul-building-513867","properties":{"id":"seoul-building-513867","sourceId":"1984192914544473766300000000","pnu":"1156011000100140035","name":"서울특별시 영등포구 여의도동","address":"서울특별시 영등포구 여의도동","useName":"업무시설","floors":10.0,"height":37.0,"heightSource":"estimated","heightRaw":0.0,"sourceDate":"2026-09-09"},"geometry":{"type":"Polygon","coordinates":[[[126.92059481,37.52875049],[126.92079901,37.52854177],[126.92066186,37.52845636],[126.92050149,37.52862798],[126.92049528,37.52862428],[126.92045733,37.52866498],[126.92059481,37.52875049]]]}},{"type":"Feature","id":"seoul-building-513917","properties":{"id":"seoul-building-513917","sourceId":"1991192982284473868100000000","pnu":"1156011000100140015","name":"서울특별시 영등포구 여의도동","address":"서울특별시 영등포구 여의도동","useName":"업무시설","floors":10.0,"height":37.0,"heightSource":"estimated","heightRaw":0.0,"sourceDate":"2026-09-09"},"geometry":{"type":"Polygon","coordinates":[[[126.92151905,37.52890825],[126.92153367,37.52889114],[126.9215409,37.52889502],[126.92163762,37.52879434],[126.92163344,37.52879001],[126.92163276,37.52879046],[126.92168112,37.52874139],[126.92160029,37.52869088],[126.92160471,37.5286844],[126.9215207,37.52863073],[126.92151346,37.52863793],[126.92143906,37.5285904],[126.92144347,37.52858599],[126.92135925,37.52853205],[126.92135302,37.52853827],[126.92126732,37.52848542],[126.92121953,37.52853458],[126.92121693,37.5285344],[126.9211193,37.52863479],[126.92112303,37.52863732],[126.92110638,37.52865434],[126.92127585,37.52875978],[126.92128072,37.52875473],[126.92135467,37.52879965],[126.92134935,37.52880524],[126.92151905,37.52890825]]]}},{"type":"Feature","id":"seoul-building-513919","properties":{"id":"seoul-building-513919","sourceId":"1991192895064474951100000000","pnu":"1156011000100140008","name":"서울특별시 영등포구 여의도동","address":"서울특별시 영등포구 여의도동","useName":"업무시설","floors":11.0,"height":40.6,"heightSource":"estimated","heightRaw":0.0,"sourceDate":"2026-09-09"},"geometry":{"type":"Polygon","coordinates":[[[126.92035319,37.5294632],[126.92034832,37.52946257],[126.92034289,37.52946301],[126.92033825,37.52946436],[126.92033418,37.52946607],[126.92033225,37.5294676],[126.92013983,37.5296628],[126.92013756,37.52966848],[126.92013755,37.5296738],[126.92013846,37.52967758],[126.92014207,37.52968092],[126.92014693,37.52968461],[126.92045695,37.52987656],[126.92046294,37.52987872],[126.92047177,37.52987918],[126.92047822,37.52987747],[126.9204841,37.52987468],[126.92067642,37.52967786],[126.92067687,37.52967235],[126.92067654,37.52966677],[126.9206753,37.52966272],[126.92067451,37.52966137],[126.92035319,37.5294632]]]}},{"type":"Feature","id":"seoul-building-513923","properties":{"id":"seoul-building-513923","sourceId":"1991192875414473075200000000","pnu":"1156011000100150015","name":"서울특별시 영등포구 여의도동","address":"서울특별시 영등포구 여의도동","useName":"업무시설","floors":11.0,"height":40.0,"heightSource":"measured","heightRaw":40.0,"sourceDate":"2026-09-09"},"geometry":{"type":"Polygon","coordinates":[[[126.92033464,37.52796329],[126.9203279,37.52792535],[126.92028128,37.52793054],[126.92027476,37.52789342],[126.9202278,37.5278987],[126.92022061,37.52785824],[126.92017422,37.52786344],[126.92007756,37.52780391],[126.92001945,37.52776729],[126.91998309,37.52780376],[126.91988116,37.52790622],[126.92035329,37.52819874],[126.92048841,37.52806034],[126.92033464,37.52796329]]]}},{"type":"Feature","id":"seoul-building-513942","properties":{"id":"seoul-building-513942","sourceId":"1993193035644475146000000000","pnu":"1156011000100130004","name":"서울특별시 영등포구 여의도동","address":"서울특별시 영등포구 여의도동","useName":"업무시설","floors":11.0,"height":40.0,"heightSource":"measured","heightRaw":40.0,"sourceDate":"2026-09-09"},"geometry":{"type":"Polygon","coordinates":[[[126.9220002,37.52999571],[126.92220044,37.52979645],[126.92207822,37.52971997],[126.92206837,37.52973059],[126.92204451,37.52971652],[126.92196715,37.5297972],[126.92190158,37.52975544],[126.92179025,37.52986718],[126.92187584,37.52991877],[126.9220002,37.52999571]]]}},{"type":"Feature","id":"seoul-building-513977","properties":{"id":"seoul-building-513977","sourceId":"1979193091394474709600000000","pnu":"1156011000100130006","name":"본관","address":"서울특별시 영등포구 여의도동","useName":"업무시설","floors":10.0,"height":37.0,"heightSource":"estimated","heightRaw":0.0,"sourceDate":"2026-09-09"},"geometry":{"type":"Polygon","coordinates":[[[126.92289345,37.52950903],[126.92250362,37.52926217],[126.92236443,37.52940147],[126.92275449,37.52964842],[126.92289345,37.52950903]]]}},{"type":"Feature","id":"seoul-building-514121","properties":{"id":"seoul-building-514121","sourceId":"1995193039284472888400000000","pnu":"1156011000100160000","name":"한국정책금융공사","address":"서울특별시 영등포구 여의도동","useName":"업무시설","floors":8.0,"height":40.0,"heightSource":"measured","heightRaw":40.0,"sourceDate":"2026-09-09"},"geometry":{"type":"Polygon","coordinates":[[[126.92198865,37.52816261],[126.92202625,37.52812416],[126.9220336,37.52812867],[126.92235489,37.52780254],[126.9224242,37.52773222],[126.92241595,37.52772717],[126.92245536,37.52768728],[126.92240561,37.52765616],[126.9224106,37.52765112],[126.92215079,37.52748877],[126.92214479,37.52749489],[126.92209527,37.52746395],[126.92205609,37.52750385],[126.92204885,37.52749934],[126.92175032,37.52780241],[126.92165711,37.52789777],[126.92166604,37.52790328],[126.92162765,37.52794262],[126.92167672,37.52797311],[126.92167196,37.52797797],[126.92193189,37.52813915],[126.92193902,37.52813185],[126.92198865,37.52816261]]]}},{"type":"Feature","id":"seoul-building-514122","properties":{"id":"seoul-building-514122","sourceId":"1992193072344474949900000000","pnu":"1156011000100130006","name":"신관","address":"서울특별시 영등포구 여의도동","useName":"업무시설","floors":11.0,"height":40.6,"heightSource":"estimated","heightRaw":0.0,"sourceDate":"2026-09-09"},"geometry":{"type":"Polygon","coordinates":[[[126.92250398,37.529899],[126.92258043,37.52982013],[126.92258698,37.52982418],[126.92264667,37.5297626],[126.9226409,37.52975908],[126.92271124,37.52968651],[126.92232457,37.5294428],[126.9222496,37.5295187],[126.92224542,37.529516],[126.92218777,37.52957398],[126.92219501,37.52957849],[126.92211449,37.52965945],[126.92250398,37.529899]]]}},{"type":"Feature","id":"seoul-building-514233","properties":{"id":"seoul-building-514233","sourceId":"2001192941774472118500000000","pnu":"1156011000100160003","name":"한국산업은행","address":"서울특별시 영등포구 여의도동","useName":"업무시설","floors":8.0,"height":39.9,"heightSource":"measured","heightRaw":39.9,"sourceDate":"2026-09-09"},"geometry":{"type":"Polygon","coordinates":[[[126.92175961,37.52724416],[126.92066025,37.52655993],[126.92058958,37.52663196],[126.92056934,37.52662375],[126.92053824,37.52661409],[126.92050816,37.52660947],[126.92049334,37.52660856],[126.92047648,37.52660954],[126.92045985,37.52661304],[126.92044853,37.5266179],[126.92044015,37.52662267],[126.92043324,37.52662978],[126.92042792,37.52663825],[126.92042349,37.52664843],[126.92041986,37.52666032],[126.92041793,37.52666969],[126.92041701,37.52668509],[126.92041756,37.52669897],[126.92042048,37.52671816],[126.92042532,37.52673925],[126.9204296,37.52675547],[126.92043569,37.52677322],[126.92043873,37.52678341],[126.92034326,37.52688128],[126.92015423,37.52676511],[126.92001606,37.52690602],[126.92135036,37.52773593],[126.92148988,37.5275933],[126.92144183,37.52756398],[126.92175961,37.52724416]]]}},{"type":"Feature","id":"seoul-building-514236","properties":{"id":"seoul-building-514236","sourceId":"1991192933014475290000000000","pnu":"1156011000100130020","name":"프린스텔","address":"서울특별시 영등포구 여의도동","useName":"업무시설","floors":11.0,"height":40.6,"heightSource":"estimated","heightRaw":0.0,"sourceDate":"2026-09-09"},"geometry":{"type":"Polygon","coordinates":[[[126.92100806,37.52994441],[126.92084425,37.52983672],[126.92066508,37.53000969],[126.92082959,37.5301172],[126.92100806,37.52994441]]]}},{"type":"Feature","id":"seoul-building-514237","properties":{"id":"seoul-building-514237","sourceId":"1986192897454473629400000000","pnu":"1156011000100140032","name":"서울특별시 영등포구 여의도동","address":"서울특별시 영등포구 여의도동","useName":"제2종근린생활시설","floors":10.0,"height":33.0,"heightSource":"estimated","heightRaw":0.0,"sourceDate":"2026-09-09"},"geometry":{"type":"Polygon","coordinates":[[[126.92060737,37.52842262],[126.92046617,37.52833135],[126.92026559,37.52853673],[126.92040386,37.5286308],[126.92060737,37.52842262]]]}},{"type":"Feature","id":"seoul-building-514238","properties":{"id":"seoul-building-514238","sourceId":"2003192990834474577500000000","pnu":"1156011000100130024","name":"민족통일 대통령 리빙텔","address":"서울특별시 영등포구 여의도동","useName":"업무시설","floors":13.0,"height":39.4,"heightSource":"measured","heightRaw":39.4,"sourceDate":"2026-09-09"},"geometry":{"type":"Polygon","coordinates":[[[126.92164987,37.52931198],[126.92148287,37.52920591],[126.92133463,37.52935745],[126.9214972,37.52946622],[126.92164987,37.52931198]]]}},{"type":"Feature","id":"seoul-building-514424","properties":{"id":"seoul-building-514424","sourceId":"1999193061314471772900000000","pnu":"1156011000100020000","name":"서울특별시 영등포구 여의도동","address":"서울특별시 영등포구 여의도동","useName":"제1종근린생활시설","floors":1.0,"height":6.42,"heightSource":"measured","heightRaw":6.42,"sourceDate":"2026-09-09"},"geometry":{"type":"Polygon","coordinates":[[[126.92228555,37.52693051],[126.92233889,37.5268764],[126.92235438,37.52688605],[126.9224076,37.52683139],[126.92239336,37.52682255],[126.92243957,37.52677509],[126.92229135,37.52668563],[126.92217436,37.52680141],[126.92216521,37.52679582],[126.92216169,37.5267996],[126.92217142,37.52680583],[126.92213925,37.52683896],[126.92228555,37.52693051]]]}},{"type":"Feature","id":"seoul-building-514479","properties":{"id":"seoul-building-514479","sourceId":"0000192866074472142100000000","pnu":"1156011000100160003","name":"서울특별시 영등포구 여의도동","address":"서울특별시 영등포구 여의도동","useName":"","floors":0.0,"height":0,"heightSource":"unknown","heightRaw":0.0,"sourceDate":"2026-09-09"},"geometry":{"type":"Polygon","coordinates":[[[126.9202672,37.52723659],[126.91992034,37.52702155],[126.91989803,37.52704415],[126.920245,37.52725901],[126.9202672,37.52723659]]]}},{"type":"Feature","id":"seoul-building-514527","properties":{"id":"seoul-building-514527","sourceId":"1999192942084470756800000000","pnu":"1156011000100020000","name":"서울특별시 영등포구 여의도동","address":"서울특별시 영등포구 여의도동","useName":"제1종근린생활시설","floors":1.0,"height":5.2,"heightSource":"measured","heightRaw":5.2,"sourceDate":"2026-09-09"},"geometry":{"type":"Polygon","coordinates":[[[126.92105412,37.52586003],[126.92096989,37.52580843],[126.92094883,37.52583067],[126.92091932,37.52581299],[126.92084355,37.52589304],[126.92087351,37.52591099],[126.92085075,37.52593512],[126.92093995,37.5259887],[126.92102602,37.52589974],[126.92102105,37.52589478],[126.92105412,37.52586003]]]}},{"type":"Feature","id":"seoul-building-514591","properties":{"id":"seoul-building-514591","sourceId":"2003193239944473124000000000","pnu":"1156011000100020000","name":"서울특별시 영등포구 여의도동","address":"서울특별시 영등포구 여의도동","useName":"제1종근린생활시설","floors":1.0,"height":4.6,"heightSource":"measured","heightRaw":4.6,"sourceDate":"2026-09-09"},"geometry":{"type":"Polygon","coordinates":[[[126.92442364,37.52799697],[126.92433964,37.52794511],[126.92431665,37.5279687],[126.92428873,37.52795139],[126.92421273,37.52802927],[126.92424156,37.52804704],[126.92421824,37.52807099],[126.92430112,37.5281224],[126.92442364,37.52799697]]]}},{"type":"Feature","id":"seoul-building-514599","properties":{"id":"seoul-building-514599","sourceId":"0000192931304470682600000000","pnu":"1156011000100020000","name":"서울특별시 영등포구 여의도동","address":"서울특별시 영등포구 여의도동","useName":"","floors":0.0,"height":0,"heightSource":"unknown","heightRaw":0.0,"sourceDate":"2026-09-09"},"geometry":{"type":"Polygon","coordinates":[[[126.92085269,37.52581007],[126.92082488,37.52579653],[126.92079089,37.52584147],[126.92081859,37.525855],[126.92085269,37.52581007]]]}},{"type":"Feature","id":"seoul-building-518790","properties":{"id":"seoul-building-518790","sourceId":"1985193160404473802000000000","pnu":"1156011000100160001","name":"서울특별시 영등포구 여의도동","address":"서울특별시 영등포구 여의도동","useName":"업무시설","floors":10.0,"height":41.9,"heightSource":"measured","heightRaw":41.9,"sourceDate":"2026-09-09"},"geometry":{"type":"Polygon","coordinates":[[[126.92320342,37.52883975],[126.92347755,37.52901252],[126.92384068,37.52864574],[126.92372722,37.52857419],[126.92368529,37.52861636],[126.92353436,37.52852084],[126.92361829,37.52843643],[126.92334416,37.52826366],[126.92298009,37.52862984],[126.9230945,37.52870199],[126.92313643,37.52865983],[126.92328735,37.52875535],[126.92320342,37.52883975]]]}},{"type":"Feature","id":"seoul-building-519028","properties":{"id":"seoul-building-519028","sourceId":"2011193190324470927500000000","pnu":"1156011000100020000","name":"여의도공원 환승센터 화장실","address":"서울특별시 영등포구 여의도동","useName":"제1종근린생활시설","floors":1.0,"height":3.65,"heightSource":"measured","heightRaw":3.65,"sourceDate":"2026-09-09"},"geometry":{"type":"Polygon","coordinates":[[[126.92375176,37.52605016],[126.92375402,37.52604836],[126.92375176,37.52604656],[126.92374949,37.52604836],[126.92375176,37.52605016]]]}},{"type":"Feature","id":"seoul-building-519035","properties":{"id":"seoul-building-519035","sourceId":"2012193395024470789900000000","pnu":"1156011000100230000","name":"서울 국제금융 센터","address":"서울특별시 영등포구 여의도동","useName":"업무시설","floors":32.0,"height":184.5,"heightSource":"measured","heightRaw":184.5,"sourceDate":"2026-09-09"},"geometry":{"type":"Polygon","coordinates":[[[126.92605767,37.52623797],[126.9264469,37.52584372],[126.92633322,37.52577252],[126.92636586,37.52573492],[126.92614968,37.52559954],[126.92608995,37.52560523],[126.92570962,37.52599045],[126.92575263,37.52602117],[126.92570542,37.52606899],[126.92598613,37.52624478],[126.92605767,37.52623797]]]}},{"type":"Feature","id":"seoul-building-519036","properties":{"id":"seoul-building-519036","sourceId":"2012193290344469968600000000","pnu":"1156011000100230000","name":"서울특별시 영등포구 여의도동","address":"서울특별시 영등포구 여의도동","useName":"","floors":0.0,"height":0,"heightSource":"unknown","heightRaw":0.0,"sourceDate":"2026-09-09"},"geometry":{"type":"Polygon","coordinates":[[[126.92450577,37.52526644],[126.92451434,37.52532353],[126.92479525,37.52549945],[126.92484246,37.52545163],[126.92488048,37.52547256],[126.92488059,37.52547244],[126.92488513,37.52547493],[126.92489288,37.52547439],[126.92527013,37.52509229],[126.92526298,37.52504471],[126.92505074,37.52491179],[126.92504305,37.52491271],[126.92500864,37.52494347],[126.92489494,37.52487226],[126.92450577,37.52526644]]]}},{"type":"Feature","id":"seoul-building-519037","properties":{"id":"seoul-building-519037","sourceId":"2012193670934467774300000000","pnu":"1156011000100330000","name":"한국거래소","address":"서울특별시 영등포구 여의도동","useName":"노유자시설","floors":4.0,"height":14.95,"heightSource":"measured","heightRaw":14.95,"sourceDate":"2026-09-09"},"geometry":{"type":"Polygon","coordinates":[[[126.9290285,37.52313579],[126.92898294,37.52317796],[126.92926879,37.52337391],[126.92935932,37.52329013],[126.92936006,37.52328942],[126.92935989,37.52328932],[126.92936038,37.52328877],[126.92936108,37.52328795],[126.92936219,37.5232866],[126.92936342,37.523285],[126.92936419,37.52328392],[126.92936526,37.52328233],[126.92936659,37.52328018],[126.92936709,37.52327931],[126.92936768,37.52327952],[126.92936791,37.52327909],[126.92936772,37.52327902],[126.92936882,37.52327696],[126.92936972,37.52327501],[126.92937009,37.52327414],[126.92937029,37.52327419],[126.92937048,37.52327375],[126.92937089,37.52327386],[126.92937108,37.52327342],[126.92937231,37.52326996],[126.92937374,37.52326429],[126.92937457,37.52325609],[126.92937419,37.52324951],[126.92937333,37.52324472],[126.92937205,37.52324019],[126.92937015,37.52323539],[126.92936718,37.52322957],[126.92936276,37.52322348],[126.92935833,37.52321857],[126.92935575,37.52321612],[126.92935334,37.52321407],[126.92934868,37.52321088],[126.92933275,37.52319996],[126.92933694,37.52319607],[126.92912011,37.52304745],[126.92911707,37.52305027],[126.92911927,37.52305178],[126.9290285,37.52313579]]]}},{"type":"Feature","id":"seoul-building-519084","properties":{"id":"seoul-building-519084","sourceId":"2007193370524475094000000000","pnu":"1156011000100100002","name":"여의도 태영빌딩","address":"서울특별시 영등포구 여의도동","useName":"업무시설","floors":13.0,"height":51.72,"heightSource":"measured","heightRaw":51.72,"sourceDate":"2026-09-09"},"geometry":{"type":"Polygon","coordinates":[[[126.92572357,37.5294702],[126.92536519,37.5298404],[126.92585226,37.53013661],[126.92620656,37.52976711],[126.92572357,37.5294702]]]}},{"type":"Feature","id":"seoul-building-519121","properties":{"id":"seoul-building-519121","sourceId":"2013192919334466726500000000","pnu":"1156011000100280001","name":"에프케이아이타워","address":"서울특별시 영등포구 여의도동","useName":"제1종근린생활시설","floors":2.0,"height":20.35,"heightSource":"measured","heightRaw":20.35,"sourceDate":"2026-09-09"},"geometry":{"type":"Polygon","coordinates":[[[126.9206902,37.52226302],[126.92069246,37.52226122],[126.9206902,37.52225941],[126.92068794,37.52226121],[126.9206902,37.52226302]]]}},{"type":"Feature","id":"seoul-building-519123","properties":{"id":"seoul-building-519123","sourceId":"2013192865074466283200000000","pnu":"1156011000100280001","name":"에프케이아이타워","address":"서울특별시 영등포구 여의도동","useName":"문화및집회시설","floors":4.0,"height":21.2,"heightSource":"measured","heightRaw":21.2,"sourceDate":"2026-09-09"},"geometry":{"type":"Polygon","coordinates":[[[126.92007685,37.52186317],[126.92007912,37.52186137],[126.92007686,37.52185956],[126.92007459,37.52186136],[126.92007685,37.52186317]]]}},{"type":"Feature","id":"seoul-building-519232","properties":{"id":"seoul-building-519232","sourceId":"2012193350124470441200000000","pnu":"1156011000100230000","name":"서울 국제금융 센터","address":"서울특별시 영등포구 여의도동","useName":"업무시설","floors":29.0,"height":175.5,"heightSource":"measured","heightRaw":175.5,"sourceDate":"2026-09-09"},"geometry":{"type":"Polygon","coordinates":[[[126.9255218,37.52531925],[126.92529036,37.52536941],[126.9252963,37.52538879],[126.92530059,37.52540244],[126.92530662,37.52542097],[126.92531262,37.52543888],[126.92531839,37.52545558],[126.9253234,37.52546986],[126.9253298,37.52548733],[126.92533707,37.52550676],[126.9253468,37.52553184],[126.92535014,37.52554024],[126.92535566,37.52555389],[126.92536167,37.52556845],[126.92536389,37.52557377],[126.92536696,37.52558102],[126.92537214,37.5255931],[126.92535321,37.52559926],[126.92539202,37.52567131],[126.92540554,37.52566646],[126.92541714,37.52569037],[126.92542047,37.52569704],[126.92543252,37.52572084],[126.9254363,37.52572818],[126.92544955,37.52575333],[126.92545568,37.52576471],[126.92546206,37.52577616],[126.92546986,37.5257904],[126.92547916,37.52580623],[126.92548805,37.52582226],[126.92550139,37.52584486],[126.92550347,37.52584392],[126.92550377,37.52584443],[126.92550445,37.52584556],[126.92550516,37.52584676],[126.92550601,37.52584816],[126.92550672,37.52584935],[126.92550741,37.52585049],[126.9255081,37.52585167],[126.9255088,37.52585281],[126.92550938,37.52585377],[126.92551005,37.52585488],[126.9255107,37.52585593],[126.92551151,37.52585726],[126.92551242,37.52585877],[126.92551349,37.52586051],[126.92551434,37.52586192],[126.92551517,37.52586328],[126.92551626,37.52586508],[126.92551741,37.52586695],[126.92562222,37.52581733],[126.92563861,37.52582141],[126.92565056,37.52582379],[126.92566167,37.52582558],[126.92567293,37.52582697],[126.92568416,37.52582796],[126.92569547,37.52582855],[126.92570682,37.52582872],[126.92571813,37.52582847],[126.92572862,37.52582785],[126.92574073,37.52582664],[126.92575189,37.52582504],[126.92576878,37.52582166],[126.92577612,37.52581979],[126.92578978,37.52581566],[126.92580538,37.52580946],[126.9258147,37.52580496],[126.92582411,37.52579964],[126.92583246,37.5257941],[126.92584076,37.52578759],[126.92584699,37.52578184],[126.92585461,37.52577333],[126.92586018,37.52576546],[126.92586452,37.52575765],[126.92586692,37.52575217],[126.92586874,37.52574689],[126.92587096,37.52573733],[126.92587178,37.52572864],[126.9258717,37.52572205],[126.92587078,37.52571395],[126.92586951,37.52570772],[126.92586593,37.52569702],[126.92586297,37.52569046],[126.92585724,37.52568038],[126.92585177,37.52567263],[126.92584535,37.52566486],[126.92584044,37.5256597],[126.92583427,37.52565382],[126.92582779,37.52564823],[126.92582112,37.52564309],[126.92581253,37.52563705],[126.9258033,37.52563134],[126.92579384,37.52562606],[126.92578405,37.52562119],[126.92577396,37.52561671],[126.92576362,37.52561262],[126.92575306,37.52560893],[126.9257423,37.52560563],[126.92572805,37.52560194],[126.92572196,37.52560058],[126.92570903,37.52559812],[126.92570156,37.52559691],[126.92569457,37.52559603],[126.92568629,37.52559513],[126.92567908,37.52559451],[126.9256748,37.52559426],[126.92566875,37.52559396],[126.92565667,37.52557649],[126.92567072,37.52557145],[126.92563611,37.5255072],[126.92561697,37.52551344],[126.92558393,37.52545507],[126.92556239,37.52541267],[126.92555084,37.52538816],[126.92553801,37.52535917],[126.9255218,37.52531925]]]}},{"type":"Feature","id":"seoul-building-519233","properties":{"id":"seoul-building-519233","sourceId":"2012193330604469320900000000","pnu":"1156011000100230000","name":"서울 국제금융 센터","address":"서울특별시 영등포구 여의도동","useName":"업무시설","floors":56.0,"height":284.0,"heightSource":"measured","heightRaw":284.0,"sourceDate":"2026-09-09"},"geometry":{"type":"Polygon","coordinates":[[[126.92522875,37.52446949],[126.92502097,37.52467993],[126.92515741,37.52476538],[126.92521071,37.52471141],[126.92520861,37.52481377],[126.92544565,37.52481898],[126.92545419,37.52473622],[126.92547681,37.52473773],[126.92547983,37.52470892],[126.92547237,37.52470842],[126.92547801,37.5247081],[126.92548477,37.52470722],[126.92549279,37.52470575],[126.92550337,37.52470304],[126.92551208,37.52469976],[126.92551799,37.52469702],[126.92552253,37.52469461],[126.92552847,37.52469106],[126.92553532,37.52468625],[126.92554218,37.52468044],[126.92554697,37.52467569],[126.92555099,37.52467128],[126.92555568,37.52466506],[126.92555965,37.52465917],[126.92556417,37.52465073],[126.92556907,37.52463895],[126.92557333,37.52462161],[126.92557473,37.5246136],[126.92557547,37.52459897],[126.92557477,37.52458602],[126.92557313,37.52457453],[126.9255698,37.52456032],[126.92556409,37.52454373],[126.92555646,37.52452713],[126.9255472,37.52451165],[126.92553772,37.5244991],[126.9255267,37.52448653],[126.92552561,37.52448529],[126.9255846,37.52436345],[126.92557659,37.5243647],[126.92525221,37.52440938],[126.92524933,37.52442341],[126.92524843,37.5244236],[126.92524309,37.52445114],[126.92523921,37.52447065],[126.92522875,37.52446949]]]}},{"type":"Feature","id":"seoul-building-519283","properties":{"id":"seoul-building-519283","sourceId":"1979193572284467480300000000","pnu":"1156011000100330000","name":"한국거래소","address":"서울특별시 영등포구 여의도동","useName":"업무시설","floors":21.0,"height":103.81,"heightSource":"measured","heightRaw":103.81,"sourceDate":"2026-09-09"},"geometry":{"type":"Polygon","coordinates":[[[126.92759936,37.52295783],[126.92765776,37.52299787],[126.92765967,37.52299611],[126.92770746,37.52302887],[126.92770556,37.52303063],[126.92787016,37.52314347],[126.92787207,37.52314171],[126.92791985,37.52317447],[126.92791795,37.52317623],[126.92797636,37.52321627],[126.92799864,37.52319565],[126.92801363,37.52320594],[126.92800856,37.52321064],[126.92801349,37.52326304],[126.928146,37.52325514],[126.92814107,37.52320273],[126.92813517,37.52319869],[126.92814808,37.52318674],[126.92817397,37.52320449],[126.92817854,37.52320025],[126.92817654,37.52319889],[126.92818676,37.52318944],[126.92818875,37.52319081],[126.92819142,37.52318832],[126.92829874,37.52326188],[126.92828939,37.52327054],[126.9283101,37.52328473],[126.9283187,37.52328422],[126.92833063,37.52329241],[126.92833128,37.52329926],[126.92835199,37.52331345],[126.92836135,37.5233048],[126.92846392,37.52337512],[126.92837975,37.52345301],[126.92837099,37.523447],[126.92834528,37.52347079],[126.92834423,37.52347024],[126.92834294,37.5234697],[126.92834162,37.52346927],[126.92834013,37.52346895],[126.92833952,37.52346886],[126.92833863,37.52346875],[126.92833782,37.5234687],[126.9283369,37.52346869],[126.92833653,37.52346869],[126.92833629,37.5234687],[126.92833595,37.52346871],[126.92833569,37.52346874],[126.92833464,37.52346885],[126.92833431,37.5234689],[126.92833406,37.52346895],[126.92833378,37.52346899],[126.92833329,37.52346909],[126.92833312,37.52346913],[126.9283328,37.52346921],[126.92833257,37.52346927],[126.92833236,37.52346933],[126.92833223,37.52346937],[126.92833211,37.5234694],[126.92833202,37.52346942],[126.92833192,37.52346946],[126.92833182,37.52346949],[126.92833171,37.52346953],[126.92833142,37.52346962],[126.92833108,37.52346975],[126.9283308,37.52346985],[126.92833014,37.52347012],[126.92832965,37.52347037],[126.92832909,37.52347065],[126.92832866,37.5234709],[126.92832829,37.52347113],[126.92832781,37.52347145],[126.9283275,37.52347167],[126.92832718,37.52347191],[126.92832674,37.52347227],[126.92832648,37.52347252],[126.92832618,37.52347279],[126.92832587,37.5234731],[126.92832562,37.52347337],[126.92832538,37.52347366],[126.928325,37.52347413],[126.92832461,37.5234747],[126.92832425,37.52347528],[126.92832395,37.52347586],[126.92832361,37.52347663],[126.92832334,37.52347744],[126.9283232,37.523478],[126.92832307,37.52347889],[126.92832301,37.52347978],[126.92832302,37.52348039],[126.92832307,37.52348098],[126.92832312,37.52348133],[126.92832325,37.52348196],[126.92832342,37.52348258],[126.92832363,37.52348319],[126.92832403,37.52348409],[126.92832462,37.52348509],[126.92832541,37.52348615],[126.92832616,37.52348694],[126.928327,37.52348771],[126.92830129,37.5235115],[126.92831005,37.5235175],[126.92810339,37.52371131],[126.92810544,37.52373314],[126.92810713,37.52373429],[126.92810752,37.52373394],[126.92810884,37.52373485],[126.92810847,37.5237352],[126.928296,37.52386377],[126.92830883,37.52386301],[126.92830879,37.52386254],[126.92831054,37.52386244],[126.92831057,37.5238629],[126.9283234,37.52386213],[126.92836565,37.52382304],[126.92836718,37.52382408],[126.9283673,37.52382408],[126.92846889,37.52373007],[126.92845968,37.52372375],[126.92846021,37.52372328],[126.9284753,37.52370931],[126.9284838,37.52371513],[126.92849103,37.52370844],[126.92846665,37.52369172],[126.92861937,37.52355039],[126.92864375,37.5235671],[126.92865099,37.52356041],[126.92864234,37.52355473],[126.92865811,37.52354014],[126.9286666,37.52354596],[126.92882274,37.52340147],[126.92882273,37.52340138],[126.92872783,37.52333633],[126.92885276,37.52322072],[126.92845593,37.52294869],[126.92849994,37.52290795],[126.92849676,37.52290577],[126.92849845,37.52290421],[126.92847101,37.5228854],[126.92848392,37.52287346],[126.92849137,37.52287857],[126.92855716,37.52287464],[126.92854724,37.5227691],[126.92848145,37.52277303],[126.92847636,37.52277773],[126.92846137,37.52276745],[126.92848365,37.52274683],[126.92847834,37.52274318],[126.92838694,37.52282777],[126.92833915,37.52279501],[126.92842598,37.52271465],[126.92843055,37.52271042],[126.92826926,37.52259986],[126.92827699,37.52259271],[126.92811437,37.52248124],[126.92808436,37.52250901],[126.92806937,37.52249873],[126.92807445,37.52249403],[126.92806952,37.52244161],[126.92793708,37.52244945],[126.92794194,37.52250193],[126.92794784,37.52250597],[126.92793569,37.52251721],[126.92790317,37.52249491],[126.92789707,37.52250056],[126.9279057,37.52250647],[126.92786658,37.52254267],[126.92786175,37.52253937],[126.92786279,37.5225384],[126.92783567,37.52251981],[126.92785471,37.52250219],[126.9278448,37.5224954],[126.92780002,37.5224647],[126.92778098,37.52248232],[126.9277553,37.52246472],[126.92776505,37.52245237],[126.92777009,37.5224384],[126.92776997,37.52242386],[126.92776471,37.52240999],[126.92775484,37.522398],[126.92775449,37.52239798],[126.92775172,37.52240054],[126.92774376,37.52239509],[126.92775077,37.5223886],[126.92775112,37.52238884],[126.92777362,37.52236746],[126.92776963,37.52236472],[126.9277883,37.52234745],[126.92776609,37.52233223],[126.92781524,37.52228617],[126.92780594,37.5222798],[126.92780575,37.52227997],[126.92763443,37.52216172],[126.9275888,37.52220395],[126.92758916,37.5222042],[126.92753508,37.52225424],[126.92726963,37.52249988],[126.92726125,37.52250764],[126.92726342,37.52250912],[126.9271941,37.52257327],[126.92738335,37.522703],[126.9274062,37.52268186],[126.92741762,37.52268969],[126.92741772,37.52268973],[126.9274305,37.52269265],[126.92743071,37.52269263],[126.92744232,37.52268826],[126.92744241,37.52268821],[126.92747665,37.52265652],[126.92750261,37.52267433],[126.92748438,37.52269128],[126.92756509,37.52274661],[126.92758337,37.52272969],[126.92762262,37.5227566],[126.9276228,37.52275643],[126.92762311,37.52275664],[126.92762397,37.52275585],[126.92762901,37.52275931],[126.92758456,37.52280045],[126.92761045,37.52281819],[126.92759754,37.52283013],[126.92759164,37.52282609],[126.92752583,37.52283002],[126.92753576,37.52293555],[126.92760156,37.52293163],[126.92760664,37.52292693],[126.92762163,37.52293721],[126.92759936,37.52295783]]]}},{"type":"Feature","id":"seoul-building-520406","properties":{"id":"seoul-building-520406","sourceId":"2005192971714474830500000000","pnu":"1156011000100130022","name":"KCC파크타운","address":"서울특별시 영등포구 여의도동","useName":"업무시설","floors":13.0,"height":38.0,"heightSource":"measured","heightRaw":38.0,"sourceDate":"2026-09-09"},"geometry":{"type":"Polygon","coordinates":[[[126.92149255,37.52947946],[126.92132511,37.52937465],[126.92105748,37.52965333],[126.9212213,37.52975003],[126.92149255,37.52947946]]]}},{"type":"Feature","id":"seoul-building-520710","properties":{"id":"seoul-building-520710","sourceId":"2018192923054473418000000000","pnu":"1156011000100140033","name":"나이스1사옥","address":"서울특별시 영등포구 여의도동","useName":"업무시설","floors":12.0,"height":42.15,"heightSource":"measured","heightRaw":42.15,"sourceDate":"2026-09-09"},"geometry":{"type":"Polygon","coordinates":[[[126.92040521,37.52826208],[126.92086855,37.52852292],[126.92104788,37.52832183],[126.9205827,37.52805581],[126.92040521,37.52826208]]]}},{"type":"Feature","id":"seoul-building-520759","properties":{"id":"seoul-building-520759","sourceId":"2019193260794475027700000000","pnu":"1156011000100120003","name":"(주)신한 여의도 드림리버 오피스텔","address":"서울특별시 영등포구 여의도동","useName":"업무시설","floors":16.0,"height":52.35,"heightSource":"measured","heightRaw":52.35,"sourceDate":"2026-09-09"},"geometry":{"type":"Polygon","coordinates":[[[126.92420611,37.52973293],[126.92462568,37.52999713],[126.92481202,37.52981124],[126.92488223,37.52974474],[126.92458464,37.52955266],[126.92457326,37.5295656],[126.92453176,37.52953739],[126.92454248,37.52952594],[126.92452883,37.52951926],[126.92452753,37.52952115],[126.92449035,37.52955105],[126.92443734,37.52951005],[126.92435903,37.52959275],[126.92434727,37.52958658],[126.92420611,37.52973293]]]}},{"type":"Feature","id":"seoul-building-520798","properties":{"id":"seoul-building-520798","sourceId":"2020193416654466772300000000","pnu":"1156011000100350001","name":"여의도우체국","address":"서울특별시 영등포구 여의도동","useName":"업무시설","floors":33.0,"height":156.8,"heightSource":"measured","heightRaw":156.8,"sourceDate":"2026-09-09"},"geometry":{"type":"Polygon","coordinates":[[[126.92665972,37.52231441],[126.92622414,37.52204291],[126.92621763,37.52204953],[126.92622162,37.52205201],[126.92598293,37.52229498],[126.92597893,37.52229248],[126.92597174,37.5222998],[126.9259753,37.52230202],[126.92597506,37.52230227],[126.92613893,37.52240441],[126.92613721,37.52240617],[126.92615324,37.52241617],[126.92615196,37.52241747],[126.92616799,37.52242747],[126.92616699,37.52242848],[126.92618302,37.52243848],[126.92618162,37.52243992],[126.92619765,37.52244991],[126.92619604,37.52245155],[126.92621207,37.52246154],[126.92620984,37.52246382],[126.92622587,37.52247381],[126.92622347,37.52247625],[126.92623951,37.52248626],[126.92623655,37.52248927],[126.92625258,37.52249927],[126.92624945,37.52250245],[126.92626548,37.52251245],[126.9262621,37.5225159],[126.92627813,37.5225259],[126.92627397,37.52253013],[126.92627792,37.52253259],[126.92626922,37.52254144],[126.92627289,37.52254202],[126.92627295,37.52254176],[126.92627128,37.5225415],[126.92627151,37.52254061],[126.92628343,37.52254253],[126.92628559,37.52254034],[126.9262849,37.5225399],[126.92634195,37.52248183],[126.9264321,37.52253802],[126.92647337,37.52249602],[126.92648237,37.52250163],[126.92664674,37.52233435],[126.92663774,37.52232874],[126.92664903,37.52231724],[126.92665393,37.5223203],[126.92665972,37.52231441]]]}},{"type":"Feature","id":"seoul-building-521018","properties":{"id":"seoul-building-521018","sourceId":"1992192890664474089900000000","pnu":"1156011000100140031","name":"한양빌딩","address":"서울특별시 영등포구 여의도동","useName":"업무시설","floors":12.0,"height":40.0,"heightSource":"measured","heightRaw":40.0,"sourceDate":"2026-09-09"},"geometry":{"type":"Polygon","coordinates":[[[126.92042154,37.52870208],[126.92041905,37.5287019],[126.92013727,37.52899003],[126.920141,37.52899228],[126.9202951,37.52908735],[126.9202986,37.52908726],[126.92030324,37.52908502],[126.92057767,37.5288022],[126.92057733,37.52879949],[126.92057632,37.5287976],[126.92042154,37.52870208]]]}},{"type":"Feature","id":"seoul-building-548148","properties":{"id":"seoul-building-548148","sourceId":"1993193355854467595600000000","pnu":"1156011000100250012","name":"서울특별시 영등포구 여의도동","address":"서울특별시 영등포구 여의도동","useName":"업무시설","floors":20.0,"height":76.58,"heightSource":"measured","heightRaw":76.58,"sourceDate":"2026-09-09"},"geometry":{"type":"Polygon","coordinates":[[[126.9258934,37.52302779],[126.9255912,37.52283857],[126.92558724,37.52283857],[126.92558249,37.52283929],[126.92536439,37.52306098],[126.92536405,37.52306594],[126.92536495,37.52306954],[126.92566206,37.52325516],[126.92567416,37.52325462],[126.92588796,37.52303617],[126.92589091,37.52303293],[126.92589159,37.5230296],[126.9258934,37.52302779]]]}},{"type":"Feature","id":"seoul-building-567919","properties":{"id":"seoul-building-567919","sourceId":"2009193239394467528400000000","pnu":"1156011000100260000","name":"S-TRENUE","address":"서울특별시 영등포구 여의도동","useName":"업무시설","floors":36.0,"height":154.15,"heightSource":"measured","heightRaw":154.15,"sourceDate":"2026-09-09"},"geometry":{"type":"Polygon","coordinates":[[[126.92471942,37.52312078],[126.92404775,37.52270355],[126.92390044,37.52285132],[126.9245729,37.52326888],[126.92471942,37.52312078]]]}},{"type":"Feature","id":"seoul-building-568012","properties":{"id":"seoul-building-568012","sourceId":"1984193473174465052900000000","pnu":"1156011000100360002","name":"서울특별시 영등포구 여의도동","address":"서울특별시 영등포구 여의도동","useName":"판매시설","floors":14.0,"height":45.8,"heightSource":"estimated","heightRaw":0.0,"sourceDate":"2026-09-09"},"geometry":{"type":"Polygon","coordinates":[[[126.92654295,37.52089861],[126.92654638,37.52090177],[126.92652912,37.52091875],[126.92655434,37.52093168],[126.92654949,37.52093954],[126.92657936,37.52095162],[126.92658332,37.52095333],[126.92657958,37.52095883],[126.92660695,37.52097053],[126.92661249,37.5209729],[126.92661337,37.5209734],[126.92661825,37.52097615],[126.92661395,37.52098101],[126.92661648,37.52098214],[126.92666161,37.52100238],[126.92672617,37.52104223],[126.92672656,37.52104235],[126.92676795,37.52107659],[126.92677312,37.52107247],[126.92677568,37.5210737],[126.92678313,37.5210778],[126.92679004,37.52108492],[126.92680151,37.52109682],[126.92680898,37.52109214],[126.92681441,37.52109773],[126.92683475,37.52111828],[126.92684007,37.52111504],[126.9268647,37.52112867],[126.92688238,37.52110966],[126.92738762,37.52059379],[126.92736445,37.52057989],[126.9273683,37.52057567],[126.92733562,37.52056142],[126.92733121,37.52055889],[126.92733529,37.5205542],[126.92730397,37.52054283],[126.92729707,37.52053869],[126.92730126,37.52053417],[126.92725354,37.52051181],[126.92718368,37.5204677],[126.92714728,37.52043867],[126.92714174,37.52044299],[126.92713428,37.52043704],[126.92711405,37.5204173],[126.92710601,37.52042252],[126.92709901,37.52041558],[126.9270807,37.52039583],[126.92707414,37.52039961],[126.92705322,37.52038653],[126.92704971,37.52039014],[126.92654571,37.52089673],[126.92654295,37.52089861]]]}},{"type":"Feature","id":"seoul-building-569861","properties":{"id":"seoul-building-569861","sourceId":"2013192892204466491600000000","pnu":"1156011000100280001","name":"에프케이아이타워","address":"서울특별시 영등포구 여의도동","useName":"업무시설","floors":50.0,"height":245.47,"heightSource":"measured","heightRaw":245.47,"sourceDate":"2026-09-09"},"geometry":{"type":"Polygon","coordinates":[[[126.92038354,37.52205117],[126.9203858,37.52204937],[126.92038354,37.52204757],[126.92038128,37.52204937],[126.92038354,37.52205117]]]}},{"type":"Feature","id":"seoul-building-577491","properties":{"id":"seoul-building-577491","sourceId":"1981193666924465057900000000","pnu":"1156011000100440021","name":"중앙빌딩","address":"서울특별시 영등포구 여의도동","useName":"근린생활시설","floors":10.0,"height":37.3,"heightSource":"measured","heightRaw":37.3,"sourceDate":"2026-09-09"},"geometry":{"type":"Polygon","coordinates":[[[126.92931691,37.5209529],[126.92941904,37.52084899],[126.92938083,37.52082482],[126.92938468,37.52082086],[126.92902279,37.52059241],[126.92901645,37.52059862],[126.92898005,37.5205741],[126.92887667,37.52067757],[126.92891433,37.52070128],[126.92891116,37.52070444],[126.92927439,37.52093377],[126.92927745,37.52093062],[126.92931691,37.5209529]]]}},{"type":"Feature","id":"seoul-building-582252","properties":{"id":"seoul-building-582252","sourceId":"1999192865594473392700000000","pnu":"1156011000100150013","name":"오크우드 여의도 파크 서울","address":"서울특별시 영등포구 여의도동","useName":"숙박시설","floors":13.0,"height":39.9,"heightSource":"measured","heightRaw":39.9,"sourceDate":"2026-09-09"},"geometry":{"type":"Polygon","coordinates":[[[126.92003245,37.52840899],[126.92015884,37.52828483],[126.92017828,37.52829737],[126.92025371,37.52822318],[126.92010074,37.52812477],[126.91990345,37.5283306],[126.92003245,37.52840899]]]}},{"type":"Feature","id":"seoul-building-582253","properties":{"id":"seoul-building-582253","sourceId":"2005193426984464507700000000","pnu":"1156011000100360000","name":"롯데캐슬엠파이어","address":"서울특별시 영등포구 여의도동","useName":"공동주택","floors":39.0,"height":126.0,"heightSource":"measured","heightRaw":126.0,"sourceDate":"2026-09-09"},"geometry":{"type":"Polygon","coordinates":[[[126.9261443,37.52062191],[126.92628187,37.52061011],[126.92634924,37.52065817],[126.92689287,37.52010457],[126.92681588,37.52006641],[126.92679947,37.51995621],[126.92686706,37.51989481],[126.92669273,37.51978459],[126.92663735,37.51985249],[126.92649424,37.51986565],[126.9264985,37.5199144],[126.92643163,37.51992327],[126.92643678,37.51997553],[126.9263792,37.5199792],[126.92640618,37.52015536],[126.92628854,37.52026377],[126.92607631,37.52028859],[126.92608191,37.52033878],[126.92601822,37.52034703],[126.92602496,37.52039614],[126.92596036,37.52040493],[126.92597947,37.52051631],[126.92591199,37.52058033],[126.92608744,37.52068657],[126.9261443,37.52062191]]]}},{"type":"Feature","id":"seoul-building-584078","properties":{"id":"seoul-building-584078","sourceId":"2001192997764474880600000000","pnu":"1156011000100130021","name":"맨하탄21리빙텔","address":"서울특별시 영등포구 여의도동","useName":"업무시설","floors":12.0,"height":40.55,"heightSource":"measured","heightRaw":40.55,"sourceDate":"2026-09-09"},"geometry":{"type":"Polygon","coordinates":[[[126.92140675,37.52983575],[126.92141592,37.52982783],[126.92144578,37.52983505],[126.92146107,37.52983506],[126.92147374,37.52983308],[126.92149049,37.52982589],[126.92150101,37.5298186],[126.92151729,37.52982573],[126.92181256,37.52951923],[126.9217705,37.52949577],[126.92182577,37.52943436],[126.92168106,37.52934381],[126.92128216,37.52975719],[126.92140675,37.52983575]]]}},{"type":"Feature","id":"seoul-building-586635","properties":{"id":"seoul-building-586635","sourceId":"1984192968434474185300000000","pnu":"1156011000100140013","name":"서울특별시 영등포구 여의도동","address":"서울특별시 영등포구 여의도동","useName":"제2종근린생활시설","floors":10.0,"height":33.0,"heightSource":"estimated","heightRaw":0.0,"sourceDate":"2026-09-09"},"geometry":{"type":"Polygon","coordinates":[[[126.92140998,37.52892187],[126.92126979,37.52883519],[126.92106706,37.52904165],[126.92120702,37.52912887],[126.92140998,37.52892187]]]}},{"type":"Feature","id":"seoul-building-630150","properties":{"id":"seoul-building-630150","sourceId":"1984193435114468163700000000","pnu":"1156011000100250004","name":"신송빌딩","address":"서울특별시 영등포구 여의도동","useName":"업무시설","floors":15.0,"height":60.5,"heightSource":"measured","heightRaw":60.5,"sourceDate":"2026-09-09"},"geometry":{"type":"Polygon","coordinates":[[[126.92675705,37.52353947],[126.92649285,37.52337398],[126.92648413,37.52338288],[126.92647734,37.52337865],[126.92647168,37.52338442],[126.92645755,37.52337548],[126.92627388,37.52356143],[126.9262759,37.523569],[126.92629659,37.5235818],[126.92657222,37.52375398],[126.92657572,37.52375443],[126.926579,37.52375434],[126.92658353,37.5237529],[126.92676279,37.5235665],[126.92675002,37.52355848],[126.92675783,37.52355046],[126.9267506,37.52354595],[126.92675705,37.52353947]]]}},{"type":"Feature","id":"seoul-building-683851","properties":{"id":"seoul-building-683851","sourceId":"1992193524534464619200000000","pnu":"1156011000100360005","name":"DB증권빌딩","address":"서울특별시 영등포구 여의도동","useName":"업무시설","floors":14.0,"height":58.2,"heightSource":"measured","heightRaw":58.2,"sourceDate":"2026-09-09"},"geometry":{"type":"Polygon","coordinates":[[[126.92755786,37.52050286],[126.92756103,37.52050016],[126.92756419,37.52050242],[126.92771456,37.52035033],[126.92752475,37.52023128],[126.92752192,37.52023416],[126.92751718,37.52023119],[126.92751389,37.52023443],[126.9275105,37.52023227],[126.92737111,37.52037544],[126.9273685,37.52037896],[126.9273685,37.52038328],[126.92736906,37.52038544],[126.92737098,37.52038941],[126.92737562,37.5203932],[126.92755096,37.52050214],[126.92755333,37.52049989],[126.92755786,37.52050286]]]}},{"type":"Feature","id":"seoul-building-684053","properties":{"id":"seoul-building-684053","sourceId":"1981193229894474804700000000","pnu":"1156011000100120005","name":"서울특별시 영등포구 여의도동","address":"서울특별시 영등포구 여의도동","useName":"업무시설","floors":8.0,"height":29.8,"heightSource":"estimated","heightRaw":0.0,"sourceDate":"2026-09-09"},"geometry":{"type":"Polygon","coordinates":[[[126.92443224,37.52946363],[126.92423178,37.52934087],[126.92395285,37.52961253],[126.92414878,37.52974015],[126.92416394,37.52973808],[126.92443358,37.52947615],[126.92443224,37.52946363]]]}},{"type":"Feature","id":"seoul-building-690823","properties":{"id":"seoul-building-690823","sourceId":"1985193026944474298000000000","pnu":"1156011000100130025","name":"정우빌딩","address":"서울특별시 영등포구 여의도동","useName":"업무시설","floors":11.0,"height":40.6,"heightSource":"estimated","heightRaw":0.0,"sourceDate":"2026-09-09"},"geometry":{"type":"Polygon","coordinates":[[[126.92220639,37.52907962],[126.92183442,37.52884736],[126.9218231,37.52884762],[126.92159184,37.5290821],[126.92159432,37.52908859],[126.92196821,37.52932147],[126.92197183,37.52932174],[126.92197557,37.5293212],[126.92197738,37.52932039],[126.92220762,37.5290871],[126.92220785,37.52908412],[126.92220718,37.52908061],[126.92220639,37.52907962]]]}}]}