{"type":"FeatureCollection","features":[{"type":"Feature","id":"seoul-building-44323","properties":{"id":"seoul-building-44323","sourceId":"1998192989164459424200000000","pnu":"1156013200100070004","name":"서울특별시 영등포구 신길동","address":"서울특별시 영등포구 신길동","useName":"제1종근린생활시설","floors":5.0,"height":23.3,"heightSource":"measured","heightRaw":23.3,"sourceDate":"2026-09-09"},"geometry":{"type":"Polygon","coordinates":[[[126.9214314,37.51550706],[126.92137707,37.51554313],[126.9213695,37.51554629],[126.9213091,37.51557162],[126.92130721,37.51557332],[126.9214748,37.51586846],[126.92167826,37.5157893],[126.92147305,37.51548345],[126.9214314,37.51550706]]]}},{"type":"Feature","id":"seoul-building-65239","properties":{"id":"seoul-building-65239","sourceId":"1981193340484457239700000000","pnu":"1156013200113580000","name":"서울특별시 영등포구 신길동","address":"서울특별시 영등포구 신길동","useName":"단독주택","floors":2.0,"height":7.4,"heightSource":"estimated","heightRaw":0.0,"sourceDate":"2026-09-09"},"geometry":{"type":"Polygon","coordinates":[[[126.92552286,37.51375056],[126.92550101,37.51365991],[126.92545191,37.51366745],[126.92545585,37.51368367],[126.92540008,37.51369219],[126.92541799,37.51376653],[126.92552286,37.51375056]]]}},{"type":"Feature","id":"seoul-building-66141","properties":{"id":"seoul-building-66141","sourceId":"2016192995634457288900000000","pnu":"1156013200100650085","name":"베니키아 프리미어 여의도 호텔","address":"서울특별시 영등포구 신길동","useName":"숙박시설","floors":20.0,"height":59.98,"heightSource":"measured","heightRaw":59.98,"sourceDate":"2026-09-09"},"geometry":{"type":"Polygon","coordinates":[[[126.92150623,37.5138416],[126.92166464,37.51380447],[126.92162166,37.51367651],[126.92145825,37.51371249],[126.92150623,37.5138416]]]}},{"type":"Feature","id":"seoul-building-66533","properties":{"id":"seoul-building-66533","sourceId":"1981193673824463928200000000","pnu":"1156011000100450015","name":"서울특별시 영등포구 여의도동","address":"서울특별시 영등포구 여의도동","useName":"업무시설","floors":9.0,"height":33.4,"heightSource":"estimated","heightRaw":0.0,"sourceDate":"2026-09-09"},"geometry":{"type":"Polygon","coordinates":[[[126.92928827,37.5195411],[126.92928805,37.5195384],[126.92928341,37.51953858],[126.92927391,37.51953902],[126.9292657,37.51954519],[126.92926315,37.51954722],[126.92925794,37.51955226],[126.9290017,37.51981394],[126.9289948,37.51982168],[126.92899457,37.51982592],[126.92898518,37.51982636],[126.9289854,37.51983114],[126.92898551,37.51983573],[126.92898562,37.5198369],[126.92916752,37.51994946],[126.92917238,37.51995261],[126.92918233,37.51995226],[126.92918969,37.51994704],[126.92918879,37.51994622],[126.92919173,37.51994416],[126.92920192,37.51993379],[126.92946439,37.5196669],[126.92946869,37.51966195],[126.92946881,37.51965609],[126.92946508,37.51965248],[126.92928827,37.5195411]]]}},{"type":"Feature","id":"seoul-building-73685","properties":{"id":"seoul-building-73685","sourceId":"1987193129534453818000000000","pnu":"1156013200112280000","name":"서울특별시 영등포구 신길동","address":"서울특별시 영등포구 신길동","useName":"제2종근린생활시설","floors":3.0,"height":10.6,"heightSource":"estimated","heightRaw":0.0,"sourceDate":"2026-09-09"},"geometry":{"type":"Polygon","coordinates":[[[126.92318737,37.51063592],[126.92315815,37.51056481],[126.92312489,37.51057344],[126.92312704,37.51057885],[126.92297159,37.51061929],[126.92300205,37.51069608],[126.92315988,37.51065636],[126.92315479,37.51064473],[126.92318737,37.51063592]]]}},{"type":"Feature","id":"seoul-building-79958","properties":{"id":"seoul-building-79958","sourceId":"1992192964264453440600000000","pnu":"1156013200104640009","name":"서울특별시 영등포구 신길동","address":"서울특별시 영등포구 신길동","useName":"단독주택","floors":2.0,"height":7.4,"heightSource":"estimated","heightRaw":0.0,"sourceDate":"2026-09-09"},"geometry":{"type":"Polygon","coordinates":[[[126.92126611,37.51025416],[126.92116863,37.51024256],[126.92116294,37.51027319],[126.92116339,37.51027328],[126.92115339,37.51032643],[126.92125619,37.51033858],[126.92126541,37.51028957],[126.92125963,37.51028893],[126.92126611,37.51025416]]]}},{"type":"Feature","id":"seoul-building-83878","properties":{"id":"seoul-building-83878","sourceId":"1969192947394454296800000000","pnu":"1156013200100890008","name":"서울특별시 영등포구 신길동","address":"서울특별시 영등포구 신길동","useName":"단독주택","floors":2.0,"height":7.4,"heightSource":"estimated","heightRaw":0.0,"sourceDate":"2026-09-09"},"geometry":{"type":"Polygon","coordinates":[[[126.92107748,37.5110962],[126.92107398,37.51103523],[126.92101748,37.51103634],[126.92101705,37.51101913],[126.9209692,37.5110199],[126.92097116,37.51109793],[126.92107748,37.5110962]]]}},{"type":"Feature","id":"seoul-building-85530","properties":{"id":"seoul-building-85530","sourceId":"2002193436924455104600000000","pnu":"1159010800103440008","name":"서울특별시 동작구 대방동","address":"서울특별시 동작구 대방동","useName":"단독주택","floors":4.0,"height":10.0,"heightSource":"measured","heightRaw":10.0,"sourceDate":"2026-09-09"},"geometry":{"type":"Polygon","coordinates":[[[126.92659957,37.51174034],[126.92655308,37.51175299],[126.92655871,37.51176624],[126.9264873,37.51178675],[126.92651622,37.51184166],[126.92660373,37.5118189],[126.92659404,37.51179328],[126.92661472,37.5117871],[126.92659957,37.51174034]]]}},{"type":"Feature","id":"seoul-building-89550","properties":{"id":"seoul-building-89550","sourceId":"1991192960034455714900000000","pnu":"1156013200100730015","name":"서울특별시 영등포구 신길동","address":"서울특별시 영등포구 신길동","useName":"제1종근린생활시설","floors":4.0,"height":13.8,"heightSource":"estimated","heightRaw":0.0,"sourceDate":"2026-09-09"},"geometry":{"type":"Polygon","coordinates":[[[126.92112758,37.51236066],[126.92113243,37.51236254],[126.92119902,37.51235777],[126.92119444,37.51231722],[126.92112326,37.51232231],[126.92112758,37.51236066]]]}},{"type":"Feature","id":"seoul-building-94152","properties":{"id":"seoul-building-94152","sourceId":"1990193726604457230300000000","pnu":"1159010800100650005","name":"서울특별시 동작구 대방동","address":"서울특별시 동작구 대방동","useName":"분뇨.쓰레기처리시설","floors":1.0,"height":4.2,"heightSource":"estimated","heightRaw":0.0,"sourceDate":"2026-09-09"},"geometry":{"type":"Polygon","coordinates":[[[126.92952445,37.51362157],[126.92952595,37.51370689],[126.92969329,37.51374275],[126.92977794,37.51375378],[126.93000004,37.5138029],[126.93009229,37.51382322],[126.93009914,37.51367513],[126.93,37.51367253],[126.92976423,37.51366676],[126.92975879,37.51363297],[126.92952445,37.51362157]]]}},{"type":"Feature","id":"seoul-building-104544","properties":{"id":"seoul-building-104544","sourceId":"1991192983744456012800000000","pnu":"1156013200100940026","name":"서울특별시 영등포구 신길동","address":"서울특별시 영등포구 신길동","useName":"단독주택","floors":3.0,"height":9.5,"heightSource":"measured","heightRaw":9.5,"sourceDate":"2026-09-09"},"geometry":{"type":"Polygon","coordinates":[[[126.92149107,37.51264044],[126.92145949,37.51255527],[126.92136717,37.51257702],[126.92139875,37.51266209],[126.92149107,37.51264044]]]}},{"type":"Feature","id":"seoul-building-116217","properties":{"id":"seoul-building-116217","sourceId":"1980193020774463479400000000","pnu":"1156011000100380003","name":"주차계획과 여의도사무실","address":"서울특별시 영등포구 여의도동","useName":"제2종근린생활시설","floors":3.0,"height":10.6,"heightSource":"estimated","heightRaw":0.0,"sourceDate":"2026-09-09"},"geometry":{"type":"Polygon","coordinates":[[[126.92183919,37.51928376],[126.92182969,37.51928286],[126.92177465,37.51934129],[126.92177465,37.51934598],[126.92184858,37.5193927],[126.92190316,37.5193358],[126.92190248,37.51933534],[126.9219095,37.51932805],[126.92183919,37.51928376]]]}},{"type":"Feature","id":"seoul-building-174215","properties":{"id":"seoul-building-174215","sourceId":"1994193410694455799800000000","pnu":"1159010800103410002","name":"서울특별시 동작구 대방동","address":"서울특별시 동작구 대방동","useName":"제2종근린생활시설","floors":5.0,"height":17.0,"heightSource":"estimated","heightRaw":0.0,"sourceDate":"2026-09-09"},"geometry":{"type":"Polygon","coordinates":[[[126.92606761,37.51226683],[126.92600593,37.51245994],[126.92648334,37.51257314],[126.92650726,37.51250699],[126.92648208,37.51241969],[126.92641917,37.51240586],[126.92643886,37.51234814],[126.92606761,37.51226683]]]}},{"type":"Feature","id":"seoul-building-176286","properties":{"id":"seoul-building-176286","sourceId":"1990193012464459069300000000","pnu":"1156013200100070044","name":"서울특별시 영등포구 신길동","address":"서울특별시 영등포구 신길동","useName":"단독주택","floors":2.0,"height":7.4,"heightSource":"estimated","heightRaw":0.0,"sourceDate":"2026-09-09"},"geometry":{"type":"Polygon","coordinates":[[[126.92182754,37.51537647],[126.92179785,37.51532996],[126.92178947,37.51533338],[126.92177174,37.51530562],[126.92169909,37.51533503],[126.92168345,37.51536214],[126.92172038,37.51541992],[126.92182754,37.51537647]]]}},{"type":"Feature","id":"seoul-building-222744","properties":{"id":"seoul-building-222744","sourceId":"2008193389134461791000000000","pnu":"1156011000100470000","name":"여의도자이","address":"서울특별시 영등포구 여의도동","useName":"공동주택","floors":39.0,"height":128.1,"heightSource":"measured","heightRaw":128.1,"sourceDate":"2026-09-09"},"geometry":{"type":"Polygon","coordinates":[[[126.92634269,37.51788488],[126.92629044,37.51775358],[126.92613929,37.51778529],[126.92610453,37.51770282],[126.9261232,37.51769518],[126.9260385,37.51756448],[126.92592556,37.517609],[126.92594409,37.51763469],[126.92585865,37.51766689],[126.92584126,37.51764085],[126.92573205,37.51769042],[126.92581902,37.51781905],[126.92584663,37.51780933],[126.92589338,37.51788982],[126.92577838,37.5179612],[126.92582744,37.51800654],[126.92589378,37.51806786],[126.92609478,37.51796221],[126.92617373,37.51792773],[126.92620828,37.51791264],[126.92634269,37.51788488]]]}},{"type":"Feature","id":"seoul-building-251034","properties":{"id":"seoul-building-251034","sourceId":"2001193453634455252900000000","pnu":"1159010800103440001","name":"서울특별시 동작구 대방동","address":"서울특별시 동작구 대방동","useName":"제1종근린생활시설","floors":6.0,"height":20.2,"heightSource":"estimated","heightRaw":0.0,"sourceDate":"2026-09-09"},"geometry":{"type":"Polygon","coordinates":[[[126.92667171,37.51188174],[126.92667135,37.51188286],[126.92662011,37.51187327],[126.9266006,37.51194364],[126.92684744,37.51198884],[126.92686017,37.51198012],[126.9268685,37.51197252],[126.92687486,37.51196155],[126.9268777,37.51195114],[126.92687878,37.51193987],[126.92687809,37.51192917],[126.92687437,37.51191875],[126.92686838,37.51191059],[126.9268583,37.51190438],[126.92684824,37.51190072],[126.92667614,37.51186991],[126.92667171,37.51188174]]]}},{"type":"Feature","id":"seoul-building-293253","properties":{"id":"seoul-building-293253","sourceId":"1989192939154454778200000000","pnu":"1156013200100890099","name":"서울특별시 영등포구 신길동","address":"서울특별시 영등포구 신길동","useName":"단독주택","floors":2.0,"height":7.2,"heightSource":"measured","heightRaw":7.2,"sourceDate":"2026-09-09"},"geometry":{"type":"Polygon","coordinates":[[[126.92098314,37.5115251],[126.92098219,37.51145997],[126.92093095,37.51146038],[126.92093117,37.51147174],[126.92086342,37.51147241],[126.92086415,37.5115262],[126.92098314,37.5115251]]]}},{"type":"Feature","id":"seoul-building-303200","properties":{"id":"seoul-building-303200","sourceId":"2009192938594458163000000000","pnu":"1156013200100650100","name":"서울특별시 영등포구 신길동","address":"서울특별시 영등포구 신길동","useName":"단독주택","floors":3.0,"height":9.2,"heightSource":"measured","heightRaw":9.2,"sourceDate":"2026-09-09"},"geometry":{"type":"Polygon","coordinates":[[[126.92099022,37.51457816],[126.92096011,37.51449642],[126.92091225,37.51450693],[126.92090684,37.51449143],[126.92084586,37.5145049],[126.92088025,37.51460376],[126.92099022,37.51457816]]]}},{"type":"Feature","id":"seoul-building-307791","properties":{"id":"seoul-building-307791","sourceId":"2011193137394455559300000000","pnu":"1156013200104500039","name":"서울특별시 영등포구 신길동","address":"서울특별시 영등포구 신길동","useName":"단독주택","floors":4.0,"height":13.5,"heightSource":"measured","heightRaw":13.5,"sourceDate":"2026-09-09"},"geometry":{"type":"Polygon","coordinates":[[[126.92321391,37.51213799],[126.92316443,37.51211748],[126.92308735,37.51213749],[126.92311658,37.51220893],[126.92308669,37.51221669],[126.92310966,37.51227282],[126.92313955,37.51226506],[126.92314616,37.51228121],[126.92326039,37.51225155],[126.92321391,37.51213799]]]}},{"type":"Feature","id":"seoul-building-322169","properties":{"id":"seoul-building-322169","sourceId":"2016193131094454077300000000","pnu":"1156013200112720001","name":"서울특별시 영등포구 신길동","address":"서울특별시 영등포구 신길동","useName":"단독주택","floors":3.0,"height":10.35,"heightSource":"measured","heightRaw":10.35,"sourceDate":"2026-09-09"},"geometry":{"type":"Polygon","coordinates":[[[126.92307235,37.51093184],[126.92316557,37.51090845],[126.92312261,37.51079983],[126.9230294,37.51082322],[126.92307235,37.51093184]]]}},{"type":"Feature","id":"seoul-building-335820","properties":{"id":"seoul-building-335820","sourceId":"2001193662264463163200000000","pnu":"1156011000100460000","name":"서울특별시 영등포구 여의도동","address":"서울특별시 영등포구 여의도동","useName":"제1종근린생활시설","floors":2.0,"height":9.8,"heightSource":"measured","heightRaw":9.8,"sourceDate":"2026-09-09"},"geometry":{"type":"Polygon","coordinates":[[[126.92945646,37.51919333],[126.92883388,37.51881039],[126.9287391,37.5189171],[126.92935466,37.51930049],[126.92945646,37.51919333]]]}},{"type":"Feature","id":"seoul-building-335901","properties":{"id":"seoul-building-335901","sourceId":"1980193706994462679300000000","pnu":"1156011000100460000","name":"서울특별시 영등포구 여의도동","address":"서울특별시 영등포구 여의도동","useName":"방송통신시설","floors":10.0,"height":33.0,"heightSource":"estimated","heightRaw":0.0,"sourceDate":"2026-09-09"},"geometry":{"type":"Polygon","coordinates":[[[126.92981682,37.51923445],[126.92993615,37.51911325],[126.92994113,37.51911631],[126.92994487,37.51911631],[126.93033391,37.51871983],[126.93033245,37.51870938],[126.92924716,37.5180328],[126.92924309,37.51803127],[126.92923913,37.51803118],[126.92923664,37.51803135],[126.92923358,37.51803234],[126.929232,37.51803297],[126.92911492,37.51815192],[126.92911515,37.51815571],[126.92911593,37.51815949],[126.92911729,37.51816238],[126.92911853,37.51816481],[126.92885414,37.51843378],[126.92959983,37.5189023],[126.92940485,37.5191022],[126.92947133,37.51914333],[126.929549,37.51906364],[126.92981682,37.51923445]]]}},{"type":"Feature","id":"seoul-building-373744","properties":{"id":"seoul-building-373744","sourceId":"1995193602134463612700000000","pnu":"1156011000100450003","name":"엔이에치농협캐피탈빌딩","address":"서울특별시 영등포구 여의도동","useName":"업무시설","floors":11.0,"height":44.75,"heightSource":"measured","heightRaw":44.75,"sourceDate":"2026-09-09"},"geometry":{"type":"Polygon","coordinates":[[[126.92869378,37.51947155],[126.92834095,37.51924861],[126.92820463,37.51938529],[126.92813952,37.51945356],[126.92832379,37.51956431],[126.92832718,37.519568],[126.9283308,37.51957008],[126.92833634,37.51957188],[126.92849449,37.51967325],[126.92869378,37.51947155]]]}},{"type":"Feature","id":"seoul-building-390914","properties":{"id":"seoul-building-390914","sourceId":"1989193587224456327600000000","pnu":"1159010800103390015","name":"서울특별시 동작구 대방동","address":"서울특별시 동작구 대방동","useName":"교육연구시설","floors":5.0,"height":17.0,"heightSource":"estimated","heightRaw":0.0,"sourceDate":"2026-09-09"},"geometry":{"type":"Polygon","coordinates":[[[126.92835681,37.51283446],[126.9283483,37.5128567],[126.92833929,37.51285416],[126.92832511,37.51289413],[126.92805813,37.5128354],[126.92803899,37.51289058],[126.92833424,37.51295946],[126.92838477,37.51297048],[126.92841879,37.51287617],[126.92842109,37.51287336],[126.92842428,37.51287308],[126.92842676,37.51287111],[126.92843207,37.51285506],[126.92843049,37.51285365],[126.9284266,37.51285225],[126.92842783,37.51284971],[126.92835681,37.51283446]]]}},{"type":"Feature","id":"seoul-building-405607","properties":{"id":"seoul-building-405607","sourceId":"1982193576434454605000000000","pnu":"1159010800103490003","name":"서울특별시 동작구 대방동","address":"서울특별시 동작구 대방동","useName":"종교시설","floors":3.0,"height":10.6,"heightSource":"estimated","heightRaw":0.0,"sourceDate":"2026-09-09"},"geometry":{"type":"Polygon","coordinates":[[[126.92804231,37.51127469],[126.9280215,37.51140307],[126.92807575,37.51140958],[126.92807966,37.51139128],[126.92822703,37.51141136],[126.92823662,37.51135844],[126.92824617,37.511359],[126.92825453,37.51130157],[126.92804231,37.51127469]]]}},{"type":"Feature","id":"seoul-building-407882","properties":{"id":"seoul-building-407882","sourceId":"2004193527244454473800000000","pnu":"1159010800103490020","name":"서울특별시 동작구 대방동","address":"서울특별시 동작구 대방동","useName":"단독주택","floors":5.0,"height":15.35,"heightSource":"measured","heightRaw":15.35,"sourceDate":"2026-09-09"},"geometry":{"type":"Polygon","coordinates":[[[126.9275547,37.51116832],[126.92755318,37.51117569],[126.92752297,37.51117236],[126.92751406,37.51122513],[126.92750712,37.51122424],[126.92749988,37.51126664],[126.92753646,37.51127063],[126.92753535,37.51127526],[126.92763151,37.51128593],[126.92765063,37.51117798],[126.9275547,37.51116832]]]}},{"type":"Feature","id":"seoul-building-416800","properties":{"id":"seoul-building-416800","sourceId":"1985193648134456397100000000","pnu":"1159010800103390001","name":"솔표빌딩","address":"서울특별시 동작구 대방동","useName":"업무시설","floors":12.0,"height":44.2,"heightSource":"estimated","heightRaw":0.0,"sourceDate":"2026-09-09"},"geometry":{"type":"Polygon","coordinates":[[[126.92869996,37.51290139],[126.92869995,37.51290534],[126.92864039,37.51290446],[126.92863959,37.51301456],[126.92923624,37.51301913],[126.9292403,37.51301773],[126.92924153,37.51301576],[126.92924225,37.51301379],[126.92924571,37.51290398],[126.92869996,37.51290139]]]}},{"type":"Feature","id":"seoul-building-421200","properties":{"id":"seoul-building-421200","sourceId":"2002193371714455602400000000","pnu":"1159010800103410003","name":"VIPS 대방점","address":"서울특별시 동작구 대방동","useName":"제2종근린생활시설","floors":4.0,"height":17.31,"heightSource":"measured","heightRaw":17.31,"sourceDate":"2026-09-09"},"geometry":{"type":"Polygon","coordinates":[[[126.9257566,37.51205912],[126.92558555,37.51222034],[126.92587641,37.5124255],[126.92605065,37.51226118],[126.9257566,37.51205912]]]}},{"type":"Feature","id":"seoul-building-458231","properties":{"id":"seoul-building-458231","sourceId":"2018193510564453920700000000","pnu":"1159010800103510005","name":"파크힐스","address":"서울특별시 동작구 대방동","useName":"공동주택","floors":4.0,"height":12.73,"heightSource":"measured","heightRaw":12.73,"sourceDate":"2026-09-09"},"geometry":{"type":"Polygon","coordinates":[[[126.92728222,37.51081405],[126.92734244,37.510835],[126.92736915,37.51078629],[126.92741787,37.51080324],[126.92748853,37.51067434],[126.92745134,37.51066141],[126.92745664,37.51065145],[126.92742451,37.51064028],[126.92743005,37.51063015],[126.92740191,37.51060472],[126.92730498,37.51078156],[126.92730083,37.51078012],[126.92728222,37.51081405]]]}},{"type":"Feature","id":"seoul-building-465653","properties":{"id":"seoul-building-465653","sourceId":"2017192929104456467900000000","pnu":"1156013200100950119","name":"서울특별시 영등포구 신길동","address":"서울특별시 영등포구 신길동","useName":"단독주택","floors":3.0,"height":8.85,"heightSource":"measured","heightRaw":8.85,"sourceDate":"2026-09-09"},"geometry":{"type":"Polygon","coordinates":[[[126.92076335,37.51307305],[126.92088925,37.51304059],[126.92086021,37.51296323],[126.92073178,37.51299563],[126.92076164,37.51307349],[126.92076335,37.51307305]]]}},{"type":"Feature","id":"seoul-building-470335","properties":{"id":"seoul-building-470335","sourceId":"0000193380394453679900000000","pnu":"1159010800103530009","name":"서울특별시 동작구 대방동","address":"서울특별시 동작구 대방동","useName":"제1종근린생활시설","floors":1.0,"height":4.2,"heightSource":"estimated","heightRaw":0.0,"sourceDate":"2026-09-09"},"geometry":{"type":"Polygon","coordinates":[[[126.9259779,37.51058133],[126.92600407,37.51057487],[126.92593778,37.51041574],[126.92587786,37.51043175],[126.92583331,37.51044327],[126.92589412,37.51060239],[126.9259779,37.51058133]]]}},{"type":"Feature","id":"seoul-building-470409","properties":{"id":"seoul-building-470409","sourceId":"1975193386604453913900000000","pnu":"1159010800103530009","name":"서울특별시 동작구 대방동","address":"서울특별시 동작구 대방동","useName":"제2종근린생활시설","floors":3.0,"height":10.6,"heightSource":"estimated","heightRaw":0.0,"sourceDate":"2026-09-09"},"geometry":{"type":"Polygon","coordinates":[[[126.9259779,37.51058133],[126.92589447,37.5106038],[126.92599284,37.5108553],[126.92608316,37.5108379],[126.9259779,37.51058133]]]}},{"type":"Feature","id":"seoul-building-470539","properties":{"id":"seoul-building-470539","sourceId":"0000193392064453740800000000","pnu":"1159010800103530009","name":"서울특별시 동작구 대방동","address":"서울특별시 동작구 대방동","useName":"제1종근린생활시설","floors":1.0,"height":4.2,"heightSource":"estimated","heightRaw":0.0,"sourceDate":"2026-09-09"},"geometry":{"type":"Polygon","coordinates":[[[126.92593885,37.51041546],[126.92600407,37.51057487],[126.92606913,37.51073428],[126.92616158,37.51070786],[126.92602616,37.51039356],[126.92593885,37.51041546]]]}},{"type":"Feature","id":"seoul-building-494651","properties":{"id":"seoul-building-494651","sourceId":"2020193072394459114600000000","pnu":"1156013200100070002","name":"리첸 하우스","address":"서울특별시 영등포구 신길동","useName":"공동주택","floors":6.0,"height":17.5,"heightSource":"measured","heightRaw":17.5,"sourceDate":"2026-09-09"},"geometry":{"type":"Polygon","coordinates":[[[126.92240447,37.51548009],[126.92247866,37.51545105],[126.92249569,37.51539914],[126.922487,37.51538505],[126.92249918,37.51538027],[126.92246874,37.51533095],[126.92234287,37.51538022],[126.92240447,37.51548009]]]}},{"type":"Feature","id":"seoul-building-494688","properties":{"id":"seoul-building-494688","sourceId":"2020193058494459492600000000","pnu":"1156013200100100031","name":"서울특별시 영등포구 신길동","address":"서울특별시 영등포구 신길동","useName":"공동주택","floors":5.0,"height":14.3,"heightSource":"measured","heightRaw":14.3,"sourceDate":"2026-09-09"},"geometry":{"type":"Polygon","coordinates":[[[126.92219149,37.51570318],[126.92227903,37.51583652],[126.92235922,37.51580311],[126.92231727,37.51573924],[126.92232028,37.51573798],[126.92226419,37.51565256],[126.92219603,37.51568095],[126.92219149,37.51570318]]]}},{"type":"Feature","id":"seoul-building-494691","properties":{"id":"seoul-building-494691","sourceId":"2020192869914454073000000000","pnu":"1156013200100900009","name":"서울특별시 영등포구 신길동","address":"서울특별시 영등포구 신길동","useName":"단독주택","floors":3.0,"height":5.75,"heightSource":"measured","heightRaw":5.75,"sourceDate":"2026-09-09"},"geometry":{"type":"Polygon","coordinates":[[[126.92012355,37.51089191],[126.92018532,37.51087431],[126.92017056,37.51084143],[126.92016736,37.51084234],[126.92016069,37.51082774],[126.92010222,37.5108444],[126.92012355,37.51089191]]]}},{"type":"Feature","id":"seoul-building-495149","properties":{"id":"seoul-building-495149","sourceId":"2020193023504456652500000000","pnu":"1156013200100690028","name":"검지스캐슬","address":"서울특별시 영등포구 신길동","useName":"업무시설","floors":15.0,"height":46.0,"heightSource":"measured","heightRaw":46.0,"sourceDate":"2026-09-09"},"geometry":{"type":"Polygon","coordinates":[[[126.92180939,37.51325034],[126.92182091,37.51326421],[126.92196525,37.5132332],[126.92195906,37.51321493],[126.92196561,37.51321352],[126.92194794,37.51316133],[126.92195449,37.51315992],[126.92193417,37.5130999],[126.92184681,37.51311867],[126.92185004,37.51312824],[126.92181401,37.51313598],[126.92182108,37.51315685],[126.92178613,37.51316436],[126.92179438,37.51318872],[126.92178891,37.51318989],[126.92180939,37.51325034]]]}},{"type":"Feature","id":"seoul-building-495203","properties":{"id":"seoul-building-495203","sourceId":"2020193091864458994600000000","pnu":"1156013200100080050","name":"서울특별시 영등포구 신길동","address":"서울특별시 영등포구 신길동","useName":"공동주택","floors":6.0,"height":17.3,"heightSource":"measured","heightRaw":17.3,"sourceDate":"2026-09-09"},"geometry":{"type":"Polygon","coordinates":[[[126.92264236,37.51535157],[126.9227288,37.51532119],[126.92268084,37.51523464],[126.92256805,37.51527429],[126.92260438,37.51533987],[126.92264236,37.51535157]]]}},{"type":"Feature","id":"seoul-building-496118","properties":{"id":"seoul-building-496118","sourceId":"2021193067924455874900000000","pnu":"1156013200149720000","name":"4972","address":"서울특별시 영등포구 신길동","useName":"공동주택","floors":6.0,"height":19.4,"heightSource":"measured","heightRaw":19.4,"sourceDate":"2026-09-09"},"geometry":{"type":"Polygon","coordinates":[[[126.92232791,37.51265447],[126.92253648,37.51260164],[126.92241992,37.51230971],[126.92223507,37.51235653],[126.922273,37.51244885],[126.92227095,37.51244937],[126.9222931,37.51250635],[126.92227101,37.51251194],[126.92232791,37.51265447]]]}},{"type":"Feature","id":"seoul-building-497046","properties":{"id":"seoul-building-497046","sourceId":"2020192980414457387200000000","pnu":"1156013200100650106","name":"SKT 영등포신길 전송국사","address":"서울특별시 영등포구 신길동","useName":"방송통신시설","floors":7.0,"height":28.8,"heightSource":"measured","heightRaw":28.8,"sourceDate":"2026-09-09"},"geometry":{"type":"Polygon","coordinates":[[[126.92135559,37.5139571],[126.92149596,37.51392282],[126.92142566,37.51373758],[126.92128393,37.51377091],[126.92135559,37.5139571]]]}},{"type":"Feature","id":"seoul-building-498116","properties":{"id":"seoul-building-498116","sourceId":"0000192868524459411200000000","pnu":"1156013200100420011","name":"서울특별시 영등포구 신길동","address":"서울특별시 영등포구 신길동","useName":"","floors":0.0,"height":0,"heightSource":"unknown","heightRaw":0.0,"sourceDate":"2026-09-09"},"geometry":{"type":"Polygon","coordinates":[[[126.92009819,37.51567345],[126.92011423,37.51568933],[126.92014717,37.51566519],[126.92013146,37.51565051],[126.92009819,37.51567345]]]}},{"type":"Feature","id":"seoul-building-498129","properties":{"id":"seoul-building-498129","sourceId":"0000193101284459326800000000","pnu":"1156013200100090053","name":"서울특별시 영등포구 신길동","address":"서울특별시 영등포구 신길동","useName":"","floors":0.0,"height":0,"heightSource":"unknown","heightRaw":0.0,"sourceDate":"2026-09-09"},"geometry":{"type":"Polygon","coordinates":[[[126.92279839,37.51559642],[126.9227793,37.51556739],[126.92271401,37.51559447],[126.92272925,37.51562367],[126.92279839,37.51559642]]]}},{"type":"Feature","id":"seoul-building-498157","properties":{"id":"seoul-building-498157","sourceId":"0000193301214458427600000000","pnu":"1156013200113430000","name":"서울특별시 영등포구 신길동","address":"서울특별시 영등포구 신길동","useName":"","floors":0.0,"height":0,"heightSource":"unknown","heightRaw":0.0,"sourceDate":"2026-09-09"},"geometry":{"type":"Polygon","coordinates":[[[126.92507604,37.51479914],[126.92501977,37.51474279],[126.92499996,37.5147553],[126.92496295,37.51477889],[126.92498679,37.5148026],[126.92498441,37.51480404],[126.92500001,37.51481964],[126.9250078,37.51482739],[126.92507604,37.51479914]]]}},{"type":"Feature","id":"seoul-building-498167","properties":{"id":"seoul-building-498167","sourceId":"1981193648574463852000000000","pnu":"1156011000100450020","name":"서울특별시 영등포구 여의도동","address":"서울특별시 영등포구 여의도동","useName":"업무시설","floors":10.0,"height":37.0,"heightSource":"estimated","heightRaw":0.0,"sourceDate":"2026-09-09"},"geometry":{"type":"Polygon","coordinates":[[[126.92884983,37.51988511],[126.92886375,37.51987485],[126.92887155,37.51988152],[126.92917603,37.51957212],[126.9291628,37.51956337],[126.92917254,37.51955464],[126.92906004,37.51948276],[126.92904748,37.51949528],[126.92901096,37.51947201],[126.92870989,37.51977538],[126.9287489,37.51979901],[126.92873395,37.51981459],[126.92884983,37.51988511]]]}},{"type":"Feature","id":"seoul-building-498199","properties":{"id":"seoul-building-498199","sourceId":"0000193299544457349100000000","pnu":"1156013200113540000","name":"서울특별시 영등포구 신길동","address":"서울특별시 영등포구 신길동","useName":"","floors":0.0,"height":0,"heightSource":"unknown","heightRaw":0.0,"sourceDate":"2026-09-09"},"geometry":{"type":"Polygon","coordinates":[[[126.92507304,37.51384173],[126.92507073,37.51377938],[126.92500534,37.51378087],[126.92500501,37.51377231],[126.92500001,37.51377256],[126.92493646,37.51377578],[126.92493956,37.51386066],[126.92500001,37.51385925],[126.92501534,37.5138589],[126.92501468,37.51384305],[126.92507304,37.51384173]]]}},{"type":"Feature","id":"seoul-building-498200","properties":{"id":"seoul-building-498200","sourceId":"1966193295834458360700000000","pnu":"1156013200100010068","name":"서울특별시 영등포구 신길동","address":"서울특별시 영등포구 신길동","useName":"단독주택","floors":1.0,"height":4.2,"heightSource":"estimated","heightRaw":0.0,"sourceDate":"2026-09-09"},"geometry":{"type":"Polygon","coordinates":[[[126.92500001,37.51471883],[126.92495491,37.51467265],[126.92489628,37.5147174],[126.92495571,37.51477825],[126.92500001,37.51475077],[126.92501943,37.51473874],[126.92500001,37.51471883]]]}},{"type":"Feature","id":"seoul-building-498201","properties":{"id":"seoul-building-498201","sourceId":"1978193296564457639900000000","pnu":"1156013200113670001","name":"서울특별시 영등포구 신길동","address":"서울특별시 영등포구 신길동","useName":"공동주택","floors":3.0,"height":9.85,"heightSource":"estimated","heightRaw":0.0,"sourceDate":"2026-09-09"},"geometry":{"type":"Polygon","coordinates":[[[126.92510763,37.51408809],[126.92508169,37.51401527],[126.9250783,37.51401572],[126.92507638,37.51400725],[126.92500001,37.51402514],[126.92482397,37.51406637],[126.9248533,37.51414703],[126.92500002,37.51411303],[126.92510763,37.51408809]]]}},{"type":"Feature","id":"seoul-building-498202","properties":{"id":"seoul-building-498202","sourceId":"1976193320244457753900000000","pnu":"1156013200114220000","name":"서울특별시 영등포구 신길동","address":"서울특별시 영등포구 신길동","useName":"공동주택","floors":5.0,"height":15.75,"heightSource":"estimated","heightRaw":0.0,"sourceDate":"2026-09-09"},"geometry":{"type":"Polygon","coordinates":[[[126.9255476,37.51413197],[126.92552175,37.51406897],[126.92500001,37.51420748],[126.92491769,37.51422933],[126.92494319,37.51429089],[126.92500001,37.51427595],[126.9255476,37.51413197]]]}},{"type":"Feature","id":"seoul-building-498203","properties":{"id":"seoul-building-498203","sourceId":"1978193312914463496700000000","pnu":"1156011000100370002","name":"미성아파트","address":"서울특별시 영등포구 여의도동","useName":"공동주택","floors":12.0,"height":36.4,"heightSource":"estimated","heightRaw":0.0,"sourceDate":"2026-09-09"},"geometry":{"type":"Polygon","coordinates":[[[126.92558087,37.51900408],[126.92547065,37.51893445],[126.925,37.51940977],[126.9247112,37.51970145],[126.92482322,37.51977225],[126.92500001,37.51959301],[126.92558087,37.51900408]]]}},{"type":"Feature","id":"seoul-building-498218","properties":{"id":"seoul-building-498218","sourceId":"1992193561644461162900000000","pnu":"1156011000100480003","name":"영등포소방서(여의도119안전센터)","address":"서울특별시 영등포구 여의도동","useName":"제1종근린생활시설","floors":2.0,"height":7.4,"heightSource":"estimated","heightRaw":0.0,"sourceDate":"2026-09-09"},"geometry":{"type":"Polygon","coordinates":[[[126.92813446,37.51717797],[126.92800897,37.51710051],[126.92791636,37.51719569],[126.92778773,37.51732886],[126.9279131,37.51740571],[126.92791649,37.51740228],[126.92813446,37.51717797]]]}},{"type":"Feature","id":"seoul-building-498222","properties":{"id":"seoul-building-498222","sourceId":"1995193459274457090200000000","pnu":"1156013200113680000","name":"서울특별시 영등포구 신길동","address":"서울특별시 영등포구 신길동","useName":"운수시설","floors":1.0,"height":9.2,"heightSource":"measured","heightRaw":9.2,"sourceDate":"2026-09-09"},"geometry":{"type":"Polygon","coordinates":[[[126.92700449,37.51362328],[126.92700429,37.51359976],[126.92699321,37.51359984],[126.92699306,37.51352966],[126.92662127,37.5135205],[126.92661652,37.51363583],[126.92698909,37.51364507],[126.926989,37.51362336],[126.92700449,37.51362328]]]}},{"type":"Feature","id":"seoul-building-498224","properties":{"id":"seoul-building-498224","sourceId":"2002193435454457237900000000","pnu":"1156013200114330003","name":"서울특별시 영등포구 신길동","address":"서울특별시 영등포구 신길동","useName":"제2종근린생활시설","floors":2.0,"height":6.3,"heightSource":"measured","heightRaw":6.3,"sourceDate":"2026-09-09"},"geometry":{"type":"Polygon","coordinates":[[[126.92653022,37.51374426],[126.92657698,37.51370184],[126.92650436,37.51370163],[126.92653022,37.51374426]]]}},{"type":"Feature","id":"seoul-building-498278","properties":{"id":"seoul-building-498278","sourceId":"1981193395804457954300000000","pnu":"1156013200113510003","name":"서울특별시 영등포구 신길동","address":"서울특별시 영등포구 신길동","useName":"제1종근린생활시설","floors":11.0,"height":36.2,"heightSource":"estimated","heightRaw":0.0,"sourceDate":"2026-09-09"},"geometry":{"type":"Polygon","coordinates":[[[126.92630566,37.5143596],[126.92623475,37.51423566],[126.9258721,37.51436103],[126.92594097,37.51448713],[126.92630566,37.5143596]]]}},{"type":"Feature","id":"seoul-building-498283","properties":{"id":"seoul-building-498283","sourceId":"0000193481114457671600000000","pnu":"1156013200148890001","name":"서울특별시 영등포구 신길동","address":"서울특별시 영등포구 신길동","useName":"","floors":0.0,"height":0,"heightSource":"unknown","heightRaw":0.0,"sourceDate":"2026-09-09"},"geometry":{"type":"Polygon","coordinates":[[[126.92725649,37.5141134],[126.9272474,37.51404392],[126.92721481,37.51404661],[126.92721178,37.51402363],[126.9268636,37.51404423],[126.92688099,37.51419443],[126.92722601,37.51417095],[126.92721882,37.51411662],[126.92725649,37.5141134]]]}},{"type":"Feature","id":"seoul-building-498287","properties":{"id":"seoul-building-498287","sourceId":"2007193476484457336900000000","pnu":"1156013200114370000","name":"대방역앞 상가","address":"서울특별시 영등포구 신길동","useName":"제2종근린생활시설","floors":4.0,"height":17.6,"heightSource":"measured","heightRaw":17.6,"sourceDate":"2026-09-09"},"geometry":{"type":"Polygon","coordinates":[[[126.92706277,37.51371999],[126.92695001,37.51371641],[126.92694372,37.51390048],[126.92704427,37.51389639],[126.92704388,37.51383368],[126.92705452,37.51383243],[126.92705408,37.51381468],[126.92706483,37.5138146],[126.92706277,37.51371999]]]}},{"type":"Feature","id":"seoul-building-498326","properties":{"id":"seoul-building-498326","sourceId":"2004193296544458105700000000","pnu":"1156013200113410000","name":"아침빌라","address":"서울특별시 영등포구 신길동","useName":"공동주택","floors":5.0,"height":16.3,"heightSource":"measured","heightRaw":16.3,"sourceDate":"2026-09-09"},"geometry":{"type":"Polygon","coordinates":[[[126.92508427,37.51449298],[126.92502891,37.5144187],[126.92500002,37.51443141],[126.92484627,37.51449905],[126.92490309,37.51457558],[126.92499996,37.51453141],[126.92508427,37.51449298]]]}},{"type":"Feature","id":"seoul-building-498327","properties":{"id":"seoul-building-498327","sourceId":"0000193296784457461400000000","pnu":"1156013200113540000","name":"서울특별시 영등포구 신길동","address":"서울특별시 영등포구 신길동","useName":"","floors":0.0,"height":0,"heightSource":"unknown","heightRaw":0.0,"sourceDate":"2026-09-09"},"geometry":{"type":"Polygon","coordinates":[[[126.92500002,37.51387957],[126.92488975,37.51387742],[126.92488529,37.51394063],[126.92497227,37.51394456],[126.92497147,37.51395339],[126.92500002,37.51395507],[126.925052,37.51395813],[126.92504943,37.51392425],[126.92505015,37.51389824],[126.9250058,37.51389629],[126.92500695,37.51387971],[126.92500002,37.51387957]]]}},{"type":"Feature","id":"seoul-building-498329","properties":{"id":"seoul-building-498329","sourceId":"1978193275814463145200000000","pnu":"1156011000100370002","name":"미성아파트","address":"서울특별시 영등포구 여의도동","useName":"공동주택","floors":12.0,"height":36.4,"heightSource":"estimated","heightRaw":0.0,"sourceDate":"2026-09-09"},"geometry":{"type":"Polygon","coordinates":[[[126.92511545,37.51871366],[126.92502614,37.51865981],[126.92500001,37.51868636],[126.92433757,37.5193591],[126.92442789,37.51941358],[126.92500001,37.51883118],[126.92511545,37.51871366]]]}},{"type":"Feature","id":"seoul-building-498330","properties":{"id":"seoul-building-498330","sourceId":"2008193317714462138000000000","pnu":"1156011000100470000","name":"서울특별시 영등포구 여의도동","address":"서울특별시 영등포구 여의도동","useName":"","floors":0.0,"height":0,"heightSource":"unknown","heightRaw":0.0,"sourceDate":"2026-09-09"},"geometry":{"type":"Polygon","coordinates":[[[126.92550523,37.5181788],[126.92545218,37.51804686],[126.92529673,37.51808028],[126.9252799,37.51805315],[126.92529303,37.51804667],[126.92527304,37.51801512],[126.92528458,37.51801044],[126.92521964,37.51791183],[126.92512085,37.51795123],[126.92513666,37.51797657],[126.92508178,37.51799888],[126.92506405,37.51796869],[126.92500001,37.5179966],[126.92495982,37.51801412],[126.92500001,37.5180759],[126.92502894,37.51812039],[126.92504218,37.51811292],[126.92506387,37.51814771],[126.92507643,37.5181379],[126.92509857,37.51816747],[126.9250628,37.51819348],[126.92500001,37.51823091],[126.92496976,37.51824892],[126.92500001,37.51827666],[126.92508471,37.51835432],[126.92519258,37.5182834],[126.92529183,37.51823291],[126.92534998,37.51821312],[126.92548031,37.51818431],[126.92550523,37.5181788]]]}},{"type":"Feature","id":"seoul-building-498341","properties":{"id":"seoul-building-498341","sourceId":"1995193448784457350900000000","pnu":"1156013200114320000","name":"서울특별시 영등포구 신길동","address":"서울특별시 영등포구 신길동","useName":"교육연구시설","floors":8.0,"height":37.65,"heightSource":"measured","heightRaw":37.65,"sourceDate":"2026-09-09"},"geometry":{"type":"Polygon","coordinates":[[[126.92676839,37.5139111],[126.9267589,37.51389639],[126.92682939,37.51387076],[126.92671428,37.51371076],[126.92669493,37.51372021],[126.92668397,37.51370597],[126.92656708,37.51375275],[126.92657555,37.51376753],[126.92655541,37.51377482],[126.9266434,37.51391264],[126.92666524,37.5139039],[126.92668072,37.51392076],[126.92676839,37.5139111]]]}},{"type":"Feature","id":"seoul-building-498355","properties":{"id":"seoul-building-498355","sourceId":"1998193520644461652400000000","pnu":"1156011000100480001","name":"여의도제2주유소","address":"서울특별시 영등포구 여의도동","useName":"위험물저장및처리시설","floors":2.0,"height":8.0,"heightSource":"measured","heightRaw":8.0,"sourceDate":"2026-09-09"},"geometry":{"type":"Polygon","coordinates":[[[126.9276799,37.51769929],[126.927458,37.51755905],[126.92740342,37.5176138],[126.92734267,37.5176216],[126.92732461,37.51769484],[126.92755297,37.51783274],[126.9276799,37.51769929]]]}},{"type":"Feature","id":"seoul-building-498357","properties":{"id":"seoul-building-498357","sourceId":"0000193311304457457200000000","pnu":"1156013200113540000","name":"서울특별시 영등포구 신길동","address":"서울특별시 영등포구 신길동","useName":"","floors":0.0,"height":0,"heightSource":"unknown","heightRaw":0.0,"sourceDate":"2026-09-09"},"geometry":{"type":"Polygon","coordinates":[[[126.92521692,37.51395193],[126.92521,37.51386525],[126.92504881,37.51387316],[126.92505551,37.51395993],[126.92521692,37.51395193]]]}},{"type":"Feature","id":"seoul-building-498412","properties":{"id":"seoul-building-498412","sourceId":"0000193479304464092800000000","pnu":"1156011000100360000","name":"서울특별시 영등포구 여의도동","address":"서울특별시 영등포구 여의도동","useName":"","floors":0.0,"height":0,"heightSource":"unknown","heightRaw":0.0,"sourceDate":"2026-09-09"},"geometry":{"type":"Polygon","coordinates":[[[126.92706367,37.51989087],[126.92701822,37.519864],[126.92699036,37.51989389],[126.92703592,37.51992076],[126.92706367,37.51989087]]]}},{"type":"Feature","id":"seoul-building-498415","properties":{"id":"seoul-building-498415","sourceId":"0000193413074456404200000000","pnu":"1156013200148900001","name":"서울특별시 영등포구 신길동","address":"서울특별시 영등포구 신길동","useName":"","floors":0.0,"height":0,"heightSource":"unknown","heightRaw":0.0,"sourceDate":"2026-09-09"},"geometry":{"type":"Polygon","coordinates":[[[126.92640162,37.51293778],[126.92616953,37.51293141],[126.92616506,37.51298898],[126.92639715,37.51299994],[126.92640162,37.51293778]]]}},{"type":"Feature","id":"seoul-building-498416","properties":{"id":"seoul-building-498416","sourceId":"1946193382584456291500000000","pnu":"1156013200113730000","name":"서울특별시 영등포구 신길동","address":"서울특별시 영등포구 신길동","useName":"단독주택","floors":1.0,"height":4.2,"heightSource":"estimated","heightRaw":0.0,"sourceDate":"2026-09-09"},"geometry":{"type":"Polygon","coordinates":[[[126.92601873,37.5128341],[126.92591852,37.51282593],[126.92591829,37.51282927],[126.92586502,37.51282734],[126.92585874,37.51289104],[126.92601471,37.51290087],[126.92601873,37.5128341]]]}},{"type":"Feature","id":"seoul-building-498417","properties":{"id":"seoul-building-498417","sourceId":"1976193316284456303500000000","pnu":"1156013200113760001","name":"서울특별시 영등포구 신길동","address":"서울특별시 영등포구 신길동","useName":"제1종근린생활시설","floors":2.0,"height":7.4,"heightSource":"estimated","heightRaw":0.0,"sourceDate":"2026-09-09"},"geometry":{"type":"Polygon","coordinates":[[[126.92525144,37.51290462],[126.9252349,37.51282812],[126.92520956,37.51283161],[126.92520899,37.51282864],[126.92517517,37.5128333],[126.92517573,37.51283619],[126.92512901,37.51284255],[126.92514533,37.51291906],[126.92525144,37.51290462]]]}},{"type":"Feature","id":"seoul-building-498418","properties":{"id":"seoul-building-498418","sourceId":"0000193355284457319000000000","pnu":"1156013200114100000","name":"서울특별시 영등포구 신길동","address":"서울특별시 영등포구 신길동","useName":"제2종근린생활시설","floors":2.0,"height":7.4,"heightSource":"estimated","heightRaw":0.0,"sourceDate":"2026-09-09"},"geometry":{"type":"Polygon","coordinates":[[[126.92566738,37.51389265],[126.92569807,37.5136321],[126.92561323,37.51364692],[126.92561922,37.51375981],[126.92559954,37.51375872],[126.92559131,37.51384683],[126.92556948,37.51384556],[126.92556651,37.513877],[126.92550904,37.51388192],[126.92552755,37.51392185],[126.92566738,37.51389265]]]}},{"type":"Feature","id":"seoul-building-498419","properties":{"id":"seoul-building-498419","sourceId":"1983193344974457332800000000","pnu":"1156013200113590000","name":"서울특별시 영등포구 신길동","address":"서울특별시 영등포구 신길동","useName":"제1종근린생활시설","floors":3.0,"height":10.6,"heightSource":"estimated","heightRaw":0.0,"sourceDate":"2026-09-09"},"geometry":{"type":"Polygon","coordinates":[[[126.92557328,37.51377483],[126.92555679,37.5137568],[126.92552013,37.51376155],[126.92551153,37.51376758],[126.92550916,37.51376542],[126.92545721,37.51379224],[126.92549176,37.51385587],[126.9255162,37.51384751],[126.92557328,37.51377483]]]}},{"type":"Feature","id":"seoul-building-498421","properties":{"id":"seoul-building-498421","sourceId":"2002193357904457037300000000","pnu":"1156013200114130000","name":"서울특별시 영등포구 신길동","address":"서울특별시 영등포구 신길동","useName":"제1종근린생활시설","floors":2.0,"height":8.0,"heightSource":"measured","heightRaw":8.0,"sourceDate":"2026-09-09"},"geometry":{"type":"Polygon","coordinates":[[[126.92573739,37.51356573],[126.92574376,37.51351527],[126.92566312,37.51351],[126.92566279,37.51351684],[126.92557581,37.51350643],[126.92556819,37.51354715],[126.92573739,37.51356573]]]}},{"type":"Feature","id":"seoul-building-498423","properties":{"id":"seoul-building-498423","sourceId":"1980193331504457528300000000","pnu":"1156013200114230000","name":"서울특별시 영등포구 신길동","address":"서울특별시 영등포구 신길동","useName":"제1종근린생활시설","floors":3.0,"height":10.6,"heightSource":"estimated","heightRaw":0.0,"sourceDate":"2026-09-09"},"geometry":{"type":"Polygon","coordinates":[[[126.9254873,37.51401705],[126.92547998,37.51398651],[126.92547534,37.51398722],[126.92545214,37.5138917],[126.92532023,37.51391208],[126.92532518,37.51394245],[126.92522823,37.51395662],[126.92525143,37.51405304],[126.9254873,37.51401705]]]}},{"type":"Feature","id":"seoul-building-498428","properties":{"id":"seoul-building-498428","sourceId":"0000193491094462129700000000","pnu":"1156011000100470000","name":"서울특별시 영등포구 여의도동","address":"서울특별시 영등포구 여의도동","useName":"","floors":0.0,"height":0,"heightSource":"unknown","heightRaw":0.0,"sourceDate":"2026-09-09"},"geometry":{"type":"Polygon","coordinates":[[[126.92721471,37.51811239],[126.92716497,37.51808064],[126.92710927,37.51813503],[126.92716003,37.51816677],[126.92721471,37.51811239]]]}},{"type":"Feature","id":"seoul-building-498429","properties":{"id":"seoul-building-498429","sourceId":"0000193387164457421400000000","pnu":"1156013200113670001","name":"서울특별시 영등포구 신길동","address":"서울특별시 영등포구 신길동","useName":"","floors":0.0,"height":0,"heightSource":"unknown","heightRaw":0.0,"sourceDate":"2026-09-09"},"geometry":{"type":"Polygon","coordinates":[[[126.92603058,37.51389152],[126.92601388,37.51385287],[126.9259512,37.51387021],[126.92596801,37.51390887],[126.92603058,37.51389152]]]}},{"type":"Feature","id":"seoul-building-498450","properties":{"id":"seoul-building-498450","sourceId":"2008193455374462020600000000","pnu":"1156011000100470000","name":"서울특별시 영등포구 여의도동","address":"서울특별시 영등포구 여의도동","useName":"","floors":0.0,"height":0,"heightSource":"unknown","heightRaw":0.0,"sourceDate":"2026-09-09"},"geometry":{"type":"Polygon","coordinates":[[[126.92705796,37.51806801],[126.92702325,37.51794775],[126.92687266,37.5179818],[126.92684995,37.51795124],[126.92686387,37.51794377],[126.92684049,37.51791375],[126.92685486,37.51791061],[126.92678528,37.51780434],[126.92668332,37.51784491],[126.9266945,37.51786528],[126.92663792,37.51788795],[126.92661906,37.51786],[126.92651924,37.51790742],[126.92658677,37.51802261],[126.92659787,37.51801479],[126.92661774,37.51804831],[126.92662725,37.51804093],[126.92664418,37.51808139],[126.92653484,37.51814612],[126.92664582,37.51825683],[126.92672448,37.51820029],[126.92686687,37.51812767],[126.92705796,37.51806801]]]}},{"type":"Feature","id":"seoul-building-498452","properties":{"id":"seoul-building-498452","sourceId":"2007193456454457249900000000","pnu":"1156013200114370000","name":"서울특별시 영등포구 신길동","address":"서울특별시 영등포구 신길동","useName":"","floors":0.0,"height":0,"heightSource":"unknown","heightRaw":0.0,"sourceDate":"2026-09-09"},"geometry":{"type":"Polygon","coordinates":[[[126.92680203,37.51374812],[126.92678692,37.51370477],[126.92673951,37.5137078],[126.92677623,37.51375396],[126.92680203,37.51374812]]]}},{"type":"Feature","id":"seoul-building-498453","properties":{"id":"seoul-building-498453","sourceId":"0000193649494462112300000000","pnu":"1156011000100460000","name":"서울특별시 영등포구 여의도동","address":"서울특별시 영등포구 여의도동","useName":"","floors":0.0,"height":0,"heightSource":"unknown","heightRaw":0.0,"sourceDate":"2026-09-09"},"geometry":{"type":"Polygon","coordinates":[[[126.92899751,37.51815275],[126.92901778,37.51813195],[126.92891004,37.51806548],[126.92889045,37.51808565],[126.92890571,37.51809602],[126.92899751,37.51815275]]]}},{"type":"Feature","id":"seoul-building-498454","properties":{"id":"seoul-building-498454","sourceId":"0000193648914462200500000000","pnu":"1156011000100460000","name":"서울특별시 영등포구 여의도동","address":"서울특별시 영등포구 여의도동","useName":"","floors":0.0,"height":0,"heightSource":"unknown","heightRaw":0.0,"sourceDate":"2026-09-09"},"geometry":{"type":"Polygon","coordinates":[[[126.92897885,37.51817414],[126.9289557,37.51816125],[126.92895208,37.51816507],[126.92891642,37.51820312],[126.92893809,37.5182165],[126.92897885,37.51817414]]]}},{"type":"Feature","id":"seoul-building-498457","properties":{"id":"seoul-building-498457","sourceId":"0000193374714462431300000000","pnu":"1156011000100470000","name":"서울특별시 영등포구 여의도동","address":"서울특별시 영등포구 여의도동","useName":"","floors":0.0,"height":0,"heightSource":"unknown","heightRaw":0.0,"sourceDate":"2026-09-09"},"geometry":{"type":"Polygon","coordinates":[[[126.92581986,37.51841753],[126.92583166,37.51843344],[126.92584245,37.51844823],[126.92590311,37.51842486],[126.92585256,37.51833958],[126.92578545,37.51837017],[126.92581986,37.51841753]]]}},{"type":"Feature","id":"seoul-building-498461","properties":{"id":"seoul-building-498461","sourceId":"1998193503144461711900000000","pnu":"1156011000100480005","name":"알라딘세차장","address":"서울특별시 영등포구 여의도동","useName":"제2종근린생활시설","floors":1.0,"height":4.95,"heightSource":"measured","heightRaw":4.95,"sourceDate":"2026-09-09"},"geometry":{"type":"Polygon","coordinates":[[[126.92738937,37.51775191],[126.92726739,37.51768156],[126.9272102,37.5177445],[126.92731195,37.51780331],[126.92732766,37.51781251],[126.92733683,37.5178035],[126.92738937,37.51775191]]]}},{"type":"Feature","id":"seoul-building-498463","properties":{"id":"seoul-building-498463","sourceId":"1998193504384461805400000000","pnu":"1156011000100480005","name":"서울특별시 영등포구 여의도동","address":"서울특별시 영등포구 여의도동","useName":"","floors":0.0,"height":0,"heightSource":"unknown","heightRaw":0.0,"sourceDate":"2026-09-09"},"geometry":{"type":"Polygon","coordinates":[[[126.92730867,37.51780358],[126.92727566,37.51778464],[126.92725856,37.51780355],[126.92724486,37.51781876],[126.92734999,37.51787866],[126.92738068,37.51784453],[126.92730867,37.51780358]]]}},{"type":"Feature","id":"seoul-building-498470","properties":{"id":"seoul-building-498470","sourceId":"1978193373314457221200000000","pnu":"1156013200113670001","name":"서울특별시 영등포구 신길동","address":"서울특별시 영등포구 신길동","useName":"제2종근린생활시설","floors":5.0,"height":17.0,"heightSource":"estimated","heightRaw":0.0,"sourceDate":"2026-09-09"},"geometry":{"type":"Polygon","coordinates":[[[126.92589846,37.51379153],[126.92589089,37.51378224],[126.9259443,37.51375497],[126.92580726,37.51359749],[126.92577535,37.5136144],[126.92576461,37.5136016],[126.92573236,37.51361789],[126.92574388,37.5136324],[126.92573822,37.51363519],[126.92579584,37.51370181],[126.92576823,37.51371702],[126.92582856,37.51378689],[126.9258573,37.51377123],[126.9258747,37.51379359],[126.925879,37.51379134],[126.92588442,37.51379836],[126.92589846,37.51379153]]]}},{"type":"Feature","id":"seoul-building-498477","properties":{"id":"seoul-building-498477","sourceId":"0000193163734454625200000000","pnu":"1156013200112670000","name":"서울특별시 영등포구 신길동","address":"서울특별시 영등포구 신길동","useName":"","floors":0.0,"height":0,"heightSource":"unknown","heightRaw":0.0,"sourceDate":"2026-09-09"},"geometry":{"type":"Polygon","coordinates":[[[126.92348556,37.51137785],[126.92346739,37.51133666],[126.92344658,37.51134214],[126.92346599,37.51138342],[126.92348556,37.51137785]]]}},{"type":"Feature","id":"seoul-building-498509","properties":{"id":"seoul-building-498509","sourceId":"0000193321364457316900000000","pnu":"1156013200113540000","name":"서울특별시 영등포구 신길동","address":"서울특별시 영등포구 신길동","useName":"","floors":0.0,"height":0,"heightSource":"unknown","heightRaw":0.0,"sourceDate":"2026-09-09"},"geometry":{"type":"Polygon","coordinates":[[[126.92528904,37.51377295],[126.92523169,37.51377567],[126.92523169,37.51377624],[126.92520839,37.51377794],[126.92520895,37.51378281],[126.92520861,37.51378281],[126.92519992,37.51378348],[126.9252019,37.51380028],[126.92529264,37.5137933],[126.92529108,37.51377285],[126.92528904,37.51377295]]]}},{"type":"Feature","id":"seoul-building-498515","properties":{"id":"seoul-building-498515","sourceId":"1983193395604456290800000000","pnu":"1156013200113730000","name":"서울특별시 영등포구 신길동","address":"서울특별시 영등포구 신길동","useName":"","floors":0.0,"height":0,"heightSource":"unknown","heightRaw":0.0,"sourceDate":"2026-09-09"},"geometry":{"type":"Polygon","coordinates":[[[126.92611486,37.51284524],[126.92606374,37.51284125],[126.92605862,37.51287909],[126.92611246,37.51288291],[126.92611486,37.51284524]]]}},{"type":"Feature","id":"seoul-building-498518","properties":{"id":"seoul-building-498518","sourceId":"0000193323404461799700000000","pnu":"1156011000100470000","name":"서울특별시 영등포구 여의도동","address":"서울특별시 영등포구 여의도동","useName":"","floors":0.0,"height":0,"heightSource":"unknown","heightRaw":0.0,"sourceDate":"2026-09-09"},"geometry":{"type":"Polygon","coordinates":[[[126.92528106,37.51780772],[126.92527495,37.51780573],[126.92526059,37.51780572],[126.92524689,37.51780977],[126.92523987,37.51782382],[126.92524223,37.51783247],[126.92524494,37.51783752],[126.92525127,37.51784266],[126.92525998,37.51784564],[126.92526925,37.51784591],[126.92527899,37.51784286],[126.92529065,37.51783079],[126.92528998,37.51782124],[126.92528784,37.51781466],[126.92528513,37.51781042],[126.92528106,37.51780772]]]}},{"type":"Feature","id":"seoul-building-498521","properties":{"id":"seoul-building-498521","sourceId":"0000193645884462162800000000","pnu":"1156011000100460000","name":"서울특별시 영등포구 여의도동","address":"서울특별시 영등포구 여의도동","useName":"","floors":0.0,"height":0,"heightSource":"unknown","heightRaw":0.0,"sourceDate":"2026-09-09"},"geometry":{"type":"Polygon","coordinates":[[[126.92891642,37.51820312],[126.92895208,37.51816507],[126.9289557,37.51816125],[126.92897885,37.51817414],[126.92899751,37.51815275],[126.92890684,37.51809747],[126.92883788,37.51816932],[126.92890865,37.51821135],[126.92891642,37.51820312]]]}},{"type":"Feature","id":"seoul-building-498522","properties":{"id":"seoul-building-498522","sourceId":"2008193441224462637200000000","pnu":"1156011000100470000","name":"서울특별시 영등포구 여의도동","address":"서울특별시 영등포구 여의도동","useName":"","floors":0.0,"height":0,"heightSource":"unknown","heightRaw":0.0,"sourceDate":"2026-09-09"},"geometry":{"type":"Polygon","coordinates":[[[126.92672442,37.51861917],[126.92677583,37.51856388],[126.92682238,37.51850174],[126.92665315,37.51839559],[126.92662269,37.51842809],[126.92659534,37.51840735],[126.92644689,37.5185616],[126.92646768,37.51857603],[126.92646033,37.51858251],[126.92645162,37.51857656],[126.92637123,37.51865922],[126.92655312,37.51877439],[126.92663667,37.51870642],[126.92672442,37.51861917]]]}},{"type":"Feature","id":"seoul-building-498523","properties":{"id":"seoul-building-498523","sourceId":"2003193529744461372100000000","pnu":"1156011000100480000","name":"서울특별시 영등포구 여의도동","address":"서울특별시 영등포구 여의도동","useName":"","floors":0.0,"height":0,"heightSource":"unknown","heightRaw":0.0,"sourceDate":"2026-09-09"},"geometry":{"type":"Polygon","coordinates":[[[126.92739245,37.51744824],[126.92738911,37.51745166],[126.92740357,37.51745919],[126.92739293,37.51747468],[126.92762252,37.51761565],[126.92763283,37.51760502],[126.92764063,37.5176098],[126.9278064,37.51743853],[126.9277969,37.51743266],[126.92780822,37.51742087],[126.92759571,37.51726621],[126.92758767,37.51727315],[126.92756912,37.51727007],[126.92739245,37.51744824]]]}},{"type":"Feature","id":"seoul-building-498538","properties":{"id":"seoul-building-498538","sourceId":"0000193044234463304100000000","pnu":"1156011000100380003","name":"서울특별시 영등포구 여의도동","address":"서울특별시 영등포구 여의도동","useName":"","floors":0.0,"height":0,"heightSource":"unknown","heightRaw":0.0,"sourceDate":"2026-09-09"},"geometry":{"type":"Polygon","coordinates":[[[126.92214073,37.51916787],[126.92211802,37.51915074],[126.92207207,37.51918939],[126.92209477,37.51920651],[126.92214073,37.51916787]]]}},{"type":"Feature","id":"seoul-building-498539","properties":{"id":"seoul-building-498539","sourceId":"0000192863264459937000000000","pnu":"1156013200100180001","name":"서울특별시 영등포구 신길동","address":"서울특별시 영등포구 신길동","useName":"","floors":0.0,"height":0,"heightSource":"unknown","heightRaw":0.0,"sourceDate":"2026-09-09"},"geometry":{"type":"Polygon","coordinates":[[[126.92009417,37.51614666],[126.92007113,37.51611889],[126.92003095,37.51613887],[126.9200549,37.5161688],[126.92009417,37.51614666]]]}},{"type":"Feature","id":"seoul-building-498542","properties":{"id":"seoul-building-498542","sourceId":"2007193465024457277600000000","pnu":"1156013200114370000","name":"서울특별시 영등포구 신길동","address":"서울특별시 영등포구 신길동","useName":"","floors":0.0,"height":0,"heightSource":"unknown","heightRaw":0.0,"sourceDate":"2026-09-09"},"geometry":{"type":"Polygon","coordinates":[[[126.92692867,37.51378793],[126.92692987,37.51371892],[126.92680251,37.51371983],[126.92682439,37.51378543],[126.92692867,37.51378793]]]}},{"type":"Feature","id":"seoul-building-498545","properties":{"id":"seoul-building-498545","sourceId":"0000193451954463891500000000","pnu":"1156011000100360000","name":"서울특별시 영등포구 여의도동","address":"서울특별시 영등포구 여의도동","useName":"","floors":0.0,"height":0,"heightSource":"unknown","heightRaw":0.0,"sourceDate":"2026-09-09"},"geometry":{"type":"Polygon","coordinates":[[[126.92675457,37.51971499],[126.92670369,37.51968369],[126.92668127,37.51970683],[126.92673215,37.51973804],[126.92675457,37.51971499]]]}},{"type":"Feature","id":"seoul-building-498581","properties":{"id":"seoul-building-498581","sourceId":"2001193661944463245600000000","pnu":"1156011000100460000","name":"서울특별시 영등포구 여의도동","address":"서울특별시 영등포구 여의도동","useName":"","floors":0.0,"height":0,"heightSource":"unknown","heightRaw":0.0,"sourceDate":"2026-09-09"},"geometry":{"type":"Polygon","coordinates":[[[126.92936739,37.51937465],[126.92959202,37.51914439],[126.92954081,37.51911265],[126.92935455,37.51930094],[126.92859971,37.51883259],[126.92855827,37.51887383],[126.92936739,37.51937465]]]}},{"type":"Feature","id":"seoul-building-498584","properties":{"id":"seoul-building-498584","sourceId":"2003193504544461339500000000","pnu":"1156011000100480000","name":"서울특별시 영등포구 여의도동","address":"서울특별시 영등포구 여의도동","useName":"","floors":0.0,"height":0,"heightSource":"unknown","heightRaw":0.0,"sourceDate":"2026-09-09"},"geometry":{"type":"Polygon","coordinates":[[[126.92738911,37.51745166],[126.92739245,37.51744824],[126.92745874,37.5173784],[126.92738536,37.51734268],[126.92734767,37.51737139],[126.92730762,37.51738146],[126.92728238,37.51738198],[126.92725704,37.51737909],[126.92723873,37.5173725],[126.92720787,37.51735202],[126.9271584,37.51739119],[126.92724601,37.51744918],[126.9272383,37.51746989],[126.92738569,37.51747512],[126.92739701,37.51746071],[126.92738571,37.51745521],[126.92738911,37.51745166]]]}},{"type":"Feature","id":"seoul-building-498586","properties":{"id":"seoul-building-498586","sourceId":"1983193394984456385900000000","pnu":"1156013200113730000","name":"서울특별시 영등포구 신길동","address":"서울특별시 영등포구 신길동","useName":"제1종근린생활시설","floors":1.0,"height":4.2,"heightSource":"estimated","heightRaw":0.0,"sourceDate":"2026-09-09"},"geometry":{"type":"Polygon","coordinates":[[[126.92610822,37.51293039],[126.92605518,37.51292738],[126.9260522,37.51296558],[126.92610547,37.51296823],[126.92610822,37.51293039]]]}},{"type":"Feature","id":"seoul-building-498588","properties":{"id":"seoul-building-498588","sourceId":"1980193664764462845000000000","pnu":"1156011000100460000","name":"서울특별시 영등포구 여의도동","address":"서울특별시 영등포구 여의도동","useName":"","floors":0.0,"height":0,"heightSource":"unknown","heightRaw":0.0,"sourceDate":"2026-09-09"},"geometry":{"type":"Polygon","coordinates":[[[126.92959689,37.51890212],[126.92885369,37.5184355],[126.92865476,37.5186381],[126.92940191,37.51910355],[126.92959689,37.51890212]]]}},{"type":"Feature","id":"seoul-building-498627","properties":{"id":"seoul-building-498627","sourceId":"2008193385454462639400000000","pnu":"1156011000100470000","name":"서울특별시 영등포구 여의도동","address":"서울특별시 영등포구 여의도동","useName":"","floors":0.0,"height":0,"heightSource":"unknown","heightRaw":0.0,"sourceDate":"2026-09-09"},"geometry":{"type":"Polygon","coordinates":[[[126.92584245,37.51844823],[126.92584204,37.51844842],[126.92581986,37.51841753],[126.92571093,37.51845824],[126.92578649,37.51858227],[126.92580595,37.51857309],[126.92582696,37.51860725],[126.92584098,37.51860294],[126.92585588,37.5186452],[126.92574496,37.51870946],[126.92585389,37.51881963],[126.92596335,37.51874438],[126.92612009,37.5186761],[126.92627634,37.51864249],[126.92622896,37.51851028],[126.92608674,37.51854039],[126.9260594,37.51851181],[126.92606992,37.51850596],[126.9260479,37.5184681],[126.92606453,37.51846261],[126.92599088,37.51835337],[126.9258835,37.51838979],[126.92589459,37.51840933],[126.92590344,37.51842494],[126.92588279,37.5184329],[126.92584245,37.51844823]]]}},{"type":"Feature","id":"seoul-building-498703","properties":{"id":"seoul-building-498703","sourceId":"1976193335834458247600000000","pnu":"1156013200113430000","name":"서울특별시 영등포구 신길동","address":"서울특별시 영등포구 신길동","useName":"공동주택","floors":5.0,"height":15.75,"heightSource":"estimated","heightRaw":0.0,"sourceDate":"2026-09-09"},"geometry":{"type":"Polygon","coordinates":[[[126.92577034,37.51455108],[126.92572789,37.51446969],[126.92504956,37.51469776],[126.92509291,37.51478005],[126.92577034,37.51455108]]]}},{"type":"Feature","id":"seoul-building-498704","properties":{"id":"seoul-building-498704","sourceId":"1976193333434457983400000000","pnu":"1156013200113430000","name":"서울특별시 영등포구 신길동","address":"서울특별시 영등포구 신길동","useName":"공동주택","floors":5.0,"height":15.75,"heightSource":"estimated","heightRaw":0.0,"sourceDate":"2026-09-09"},"geometry":{"type":"Polygon","coordinates":[[[126.92565868,37.51434161],[126.92561409,37.51425887],[126.92510718,37.51443146],[126.92515165,37.51451493],[126.92565868,37.51434161]]]}},{"type":"Feature","id":"seoul-building-498759","properties":{"id":"seoul-building-498759","sourceId":"0000193305574457395200000000","pnu":"1156013200113540000","name":"서울특별시 영등포구 신길동","address":"서울특별시 영등포구 신길동","useName":"","floors":0.0,"height":0,"heightSource":"unknown","heightRaw":0.0,"sourceDate":"2026-09-09"},"geometry":{"type":"Polygon","coordinates":[[[126.9250987,37.51386653],[126.92509747,37.51384463],[126.92503741,37.51384685],[126.92503863,37.51386874],[126.9250987,37.51386653]]]}},{"type":"Feature","id":"seoul-building-498760","properties":{"id":"seoul-building-498760","sourceId":"0000193304704457271000000000","pnu":"1156013200113540000","name":"서울특별시 영등포구 신길동","address":"서울특별시 영등포구 신길동","useName":"","floors":0.0,"height":0,"heightSource":"unknown","heightRaw":0.0,"sourceDate":"2026-09-09"},"geometry":{"type":"Polygon","coordinates":[[[126.92509043,37.51376624],[126.92508657,37.51372287],[126.92507938,37.51372263],[126.92505007,37.51372882],[126.92501839,37.51374061],[126.92502041,37.51376061],[126.9250747,37.51375722],[126.92507492,37.5137665],[126.92509043,37.51376624]]]}},{"type":"Feature","id":"seoul-building-498761","properties":{"id":"seoul-building-498761","sourceId":"1961193321344457270000000000","pnu":"1156013200113540000","name":"서울특별시 영등포구 신길동","address":"서울특별시 영등포구 신길동","useName":"","floors":0.0,"height":0,"heightSource":"unknown","heightRaw":0.0,"sourceDate":"2026-09-09"},"geometry":{"type":"Polygon","coordinates":[[[126.92523169,37.51377567],[126.92528904,37.51377295],[126.92528213,37.5137102],[126.92520564,37.51371496],[126.92520856,37.51377755],[126.92523159,37.51377447],[126.92523169,37.51377567]]]}},{"type":"Feature","id":"seoul-building-498762","properties":{"id":"seoul-building-498762","sourceId":"1964193328974457257900000000","pnu":"1156013200113560000","name":"서울특별시 영등포구 신길동","address":"서울특별시 영등포구 신길동","useName":"단독주택","floors":1.0,"height":4.2,"heightSource":"estimated","heightRaw":0.0,"sourceDate":"2026-09-09"},"geometry":{"type":"Polygon","coordinates":[[[126.92536838,37.513711],[126.92536241,37.51369235],[126.92534726,37.5136954],[126.92528876,37.51370446],[126.92529843,37.51377384],[126.92535861,37.51376451],[126.92535715,37.5137601],[126.92538249,37.51375489],[126.92536838,37.513711]]]}},{"type":"Feature","id":"seoul-building-498781","properties":{"id":"seoul-building-498781","sourceId":"0000193004874458151400000000","pnu":"1156013200100120008","name":"서울특별시 영등포구 신길동","address":"서울특별시 영등포구 신길동","useName":"","floors":0.0,"height":0,"heightSource":"unknown","heightRaw":0.0,"sourceDate":"2026-09-09"},"geometry":{"type":"Polygon","coordinates":[[[126.92187992,37.51439297],[126.92184872,37.51437096],[126.92174979,37.51443892],[126.92143677,37.51469686],[126.92146017,37.51471895],[126.92187776,37.51439874],[126.92187992,37.51439297]]]}},{"type":"Feature","id":"seoul-building-498823","properties":{"id":"seoul-building-498823","sourceId":"1978193347434463946400000000","pnu":"1156011000100370001","name":"미성아파트","address":"서울특별시 영등포구 여의도동","useName":"공동주택","floors":13.0,"height":39.35,"heightSource":"estimated","heightRaw":0.0,"sourceDate":"2026-09-09"},"geometry":{"type":"Polygon","coordinates":[[[126.92515978,37.52020468],[126.92518174,37.52018369],[126.92519406,37.52019135],[126.92598862,37.51938898],[126.92597302,37.51937915],[126.92598774,37.51936429],[126.92589753,37.51930765],[126.92506878,37.52014452],[126.92515978,37.52020468]]]}},{"type":"Feature","id":"seoul-building-498877","properties":{"id":"seoul-building-498877","sourceId":"1978193373394457562700000000","pnu":"1156013200113670001","name":"서울특별시 영등포구 신길동","address":"서울특별시 영등포구 신길동","useName":"공동주택","floors":5.0,"height":15.75,"heightSource":"estimated","heightRaw":0.0,"sourceDate":"2026-09-09"},"geometry":{"type":"Polygon","coordinates":[[[126.92608308,37.51399698],[126.92604121,37.51389766],[126.92558683,37.51401919],[126.92562871,37.51411851],[126.92608308,37.51399698]]]}},{"type":"Feature","id":"seoul-building-498883","properties":{"id":"seoul-building-498883","sourceId":"1966193348674457217400000000","pnu":"1156013200113640000","name":"서울특별시 영등포구 신길동","address":"서울특별시 영등포구 신길동","useName":"단독주택","floors":1.0,"height":4.2,"heightSource":"estimated","heightRaw":0.0,"sourceDate":"2026-09-09"},"geometry":{"type":"Polygon","coordinates":[[[126.92561279,37.51374603],[126.92560977,37.51371368],[126.92556723,37.51372149],[126.92555325,37.51367337],[126.92559692,37.51366529],[126.92558757,37.51363311],[126.92550859,37.51364766],[126.92553247,37.51375715],[126.92561279,37.51374603]]]}},{"type":"Feature","id":"seoul-building-498891","properties":{"id":"seoul-building-498891","sourceId":"0000193037294463153400000000","pnu":"1156011000100380002","name":"서울특별시 영등포구 여의도동","address":"서울특별시 영등포구 여의도동","useName":"","floors":0.0,"height":0,"heightSource":"unknown","heightRaw":0.0,"sourceDate":"2026-09-09"},"geometry":{"type":"Polygon","coordinates":[[[126.9220973,37.51902953],[126.92208128,37.51900508],[126.9219588,37.519056],[126.92197482,37.51908045],[126.9220973,37.51902953]]]}},{"type":"Feature","id":"seoul-building-498892","properties":{"id":"seoul-building-498892","sourceId":"0000193060254463028100000000","pnu":"1156011000100020009","name":"서울특별시 영등포구 여의도동","address":"서울특별시 영등포구 여의도동","useName":"","floors":0.0,"height":0,"heightSource":"unknown","heightRaw":0.0,"sourceDate":"2026-09-09"},"geometry":{"type":"Polygon","coordinates":[[[126.92231629,37.51892722],[126.92230685,37.51891294],[126.92225944,37.51893282],[126.92226887,37.51894711],[126.92231629,37.51892722]]]}},{"type":"Feature","id":"seoul-building-498894","properties":{"id":"seoul-building-498894","sourceId":"0000193030344463189700000000","pnu":"1156011000100380002","name":"서울특별시 영등포구 여의도동","address":"서울특별시 영등포구 여의도동","useName":"","floors":0.0,"height":0,"heightSource":"unknown","heightRaw":0.0,"sourceDate":"2026-09-09"},"geometry":{"type":"Polygon","coordinates":[[[126.92197205,37.51908062],[126.92195866,37.51905729],[126.92192681,37.51907025],[126.9219402,37.51909358],[126.92197205,37.51908062]]]}},{"type":"Feature","id":"seoul-building-498919","properties":{"id":"seoul-building-498919","sourceId":"0000193337574457148000000000","pnu":"1156013200113600000","name":"서울특별시 영등포구 신길동","address":"서울특별시 영등포구 신길동","useName":"단독주택","floors":1.0,"height":4.2,"heightSource":"estimated","heightRaw":0.0,"sourceDate":"2026-09-09"},"geometry":{"type":"Polygon","coordinates":[[[126.92536264,37.51368325],[126.92537883,37.51367614],[126.92537963,37.51367632],[126.92553122,37.51363578],[126.92551284,37.5135964],[126.92550118,37.51359251],[126.92546658,37.51359538],[126.92534585,37.51362701],[126.92532762,37.51363763],[126.9253422,37.51365359],[126.92536264,37.51368325]]]}},{"type":"Feature","id":"seoul-building-498921","properties":{"id":"seoul-building-498921","sourceId":"1996193528044463126000000000","pnu":"1156011000100450002","name":"금투센터","address":"서울특별시 영등포구 여의도동","useName":"업무시설","floors":25.0,"height":91.0,"heightSource":"estimated","heightRaw":0.0,"sourceDate":"2026-09-09"},"geometry":{"type":"Polygon","coordinates":[[[126.92784106,37.51903333],[126.92750417,37.51882174],[126.92731756,37.51900984],[126.92765446,37.5192217],[126.92784106,37.51903333]]]}},{"type":"Feature","id":"seoul-building-498944","properties":{"id":"seoul-building-498944","sourceId":"0000193108664463853000000000","pnu":"1156011000100380000","name":"서울특별시 영등포구 여의도동","address":"서울특별시 영등포구 여의도동","useName":"","floors":0.0,"height":0,"heightSource":"unknown","heightRaw":0.0,"sourceDate":"2026-09-09"},"geometry":{"type":"Polygon","coordinates":[[[126.92288208,37.51967702],[126.92282364,37.5196367],[126.92278729,37.5196702],[126.92284573,37.51971051],[126.92288208,37.51967702]]]}},{"type":"Feature","id":"seoul-building-498945","properties":{"id":"seoul-building-498945","sourceId":"1978193229814462790900000000","pnu":"1156011000100380002","name":"서울특별시 영등포구 여의도동","address":"서울특별시 영등포구 여의도동","useName":"","floors":0.0,"height":0,"heightSource":"unknown","heightRaw":0.0,"sourceDate":"2026-09-09"},"geometry":{"type":"Polygon","coordinates":[[[126.92424037,37.51870463],[126.92421337,37.51868912],[126.92417226,37.51872802],[126.9241992,37.51874716],[126.92423214,37.51871313],[126.92424037,37.51870463]]]}},{"type":"Feature","id":"seoul-building-498996","properties":{"id":"seoul-building-498996","sourceId":"0000193075034463799500000000","pnu":"1156011000100380000","name":"서울특별시 영등포구 여의도동","address":"서울특별시 영등포구 여의도동","useName":"","floors":0.0,"height":0,"heightSource":"unknown","heightRaw":0.0,"sourceDate":"2026-09-09"},"geometry":{"type":"Polygon","coordinates":[[[126.92251088,37.51961055],[126.92245833,37.519577],[126.9223974,37.51963868],[126.92245113,37.5196738],[126.92251088,37.51961055]]]}},{"type":"Feature","id":"seoul-building-499011","properties":{"id":"seoul-building-499011","sourceId":"0000193056104463117700000000","pnu":"1156011000100380003","name":"서울특별시 영등포구 여의도동","address":"서울특별시 영등포구 여의도동","useName":"","floors":0.0,"height":0,"heightSource":"unknown","heightRaw":0.0,"sourceDate":"2026-09-09"},"geometry":{"type":"Polygon","coordinates":[[[126.92227511,37.51901037],[126.92226136,37.51898891],[126.92220658,37.51901117],[126.92222031,37.51903263],[126.92227511,37.51901037]]]}},{"type":"Feature","id":"seoul-building-499013","properties":{"id":"seoul-building-499013","sourceId":"0000193131644464056200000000","pnu":"1156011000100380000","name":"서울특별시 영등포구 여의도동","address":"서울특별시 영등포구 여의도동","useName":"","floors":0.0,"height":0,"heightSource":"unknown","heightRaw":0.0,"sourceDate":"2026-09-09"},"geometry":{"type":"Polygon","coordinates":[[[126.92315224,37.5198647],[126.92306893,37.51981463],[126.92303679,37.51984874],[126.9231194,37.51989936],[126.92315224,37.5198647]]]}},{"type":"Feature","id":"seoul-building-499087","properties":{"id":"seoul-building-499087","sourceId":"2023192857814453907900000000","pnu":"1156013200100920094","name":"서울특별시 영등포구 신길동","address":"서울특별시 영등포구 신길동","useName":"단독주택","floors":4.0,"height":14.1,"heightSource":"measured","heightRaw":14.1,"sourceDate":"2026-09-09"},"geometry":{"type":"Polygon","coordinates":[[[126.91999291,37.51078209],[126.92007858,37.51073751],[126.92005412,37.51070767],[126.92005323,37.51070659],[126.92005749,37.51070434],[126.92003755,37.51068003],[126.92004728,37.5106694],[126.91999666,37.51063907],[126.91993462,37.51070503],[126.9199835,37.51073421],[126.91996754,37.51075116],[126.91999291,37.51078209]]]}},{"type":"Feature","id":"seoul-building-499837","properties":{"id":"seoul-building-499837","sourceId":"2019193031874458902300000000","pnu":"1156013200100070035","name":"서울특별시 영등포구 신길동","address":"서울특별시 영등포구 신길동","useName":"단독주택","floors":4.0,"height":14.0,"heightSource":"measured","heightRaw":14.0,"sourceDate":"2026-09-09"},"geometry":{"type":"Polygon","coordinates":[[[126.92196266,37.51529367],[126.92205994,37.51525905],[126.92201382,37.51517681],[126.9220075,37.51517489],[126.92198774,37.51518192],[126.92195663,37.51512786],[126.92188413,37.51515366],[126.92196266,37.51529367]]]}},{"type":"Feature","id":"seoul-building-500191","properties":{"id":"seoul-building-500191","sourceId":"1985192876084456949600000000","pnu":"1156013200100950133","name":"서울특별시 영등포구 신길동","address":"서울특별시 영등포구 신길동","useName":"단독주택","floors":1.0,"height":4.2,"heightSource":"estimated","heightRaw":0.0,"sourceDate":"2026-09-09"},"geometry":{"type":"Polygon","coordinates":[[[126.92026541,37.51350449],[126.92022762,37.513404],[126.92014617,37.51341899],[126.92015834,37.51346109],[126.92020235,37.51345291],[126.92022524,37.51351401],[126.92026541,37.51350449]]]}},{"type":"Feature","id":"seoul-building-500216","properties":{"id":"seoul-building-500216","sourceId":"1992192865884459036800000000","pnu":"1156013200100640052","name":"서울특별시 영등포구 신길동","address":"서울특별시 영등포구 신길동","useName":"단독주택","floors":3.0,"height":9.1,"heightSource":"measured","heightRaw":9.1,"sourceDate":"2026-09-09"},"geometry":{"type":"Polygon","coordinates":[[[126.92015849,37.51534661],[126.92010629,37.51527621],[126.92002471,37.51531471],[126.92008627,37.51539044],[126.92013245,37.51536668],[126.92012872,37.515362],[126.92015849,37.51534661]]]}},{"type":"Feature","id":"seoul-building-500217","properties":{"id":"seoul-building-500217","sourceId":"1993193006244456282100000000","pnu":"1156013200100940034","name":"서울특별시 영등포구 신길동","address":"서울특별시 영등포구 신길동","useName":"단독주택","floors":3.0,"height":9.5,"heightSource":"measured","heightRaw":9.5,"sourceDate":"2026-09-09"},"geometry":{"type":"Polygon","coordinates":[[[126.92174431,37.51286091],[126.92172412,37.51281242],[126.92162173,37.51283947],[126.92164656,37.51289012],[126.92168604,37.51288258],[126.92170358,37.51287737],[126.92170155,37.51287295],[126.92173877,37.51286189],[126.92174431,37.51286091]]]}},{"type":"Feature","id":"seoul-building-500218","properties":{"id":"seoul-building-500218","sourceId":"1992192870984458810200000000","pnu":"1156013200100640041","name":"서울특별시 영등포구 신길동","address":"서울특별시 영등포구 신길동","useName":"단독주택","floors":2.0,"height":7.4,"heightSource":"estimated","heightRaw":0.0,"sourceDate":"2026-09-09"},"geometry":{"type":"Polygon","coordinates":[[[126.92020646,37.51511004],[126.92017868,37.5150738],[126.92008169,37.51512518],[126.92012608,37.5151827],[126.92021764,37.51513356],[126.92020149,37.51511247],[126.92020646,37.51511004]]]}},{"type":"Feature","id":"seoul-building-500269","properties":{"id":"seoul-building-500269","sourceId":"1992193021834453208300000000","pnu":"1156013200104560040","name":"서울특별시 영등포구 신길동","address":"서울특별시 영등포구 신길동","useName":"단독주택","floors":3.0,"height":10.6,"heightSource":"estimated","heightRaw":0.0,"sourceDate":"2026-09-09"},"geometry":{"type":"Polygon","coordinates":[[[126.92187781,37.51001616],[126.92183042,37.51001532],[126.92181062,37.51013595],[126.92190042,37.51014123],[126.92191612,37.51005592],[126.92190459,37.51004366],[126.92187745,37.51003076],[126.92187781,37.51001616]]]}},{"type":"Feature","id":"seoul-building-500270","properties":{"id":"seoul-building-500270","sourceId":"2008193100794456112300000000","pnu":"1156013200104490028","name":"윤석빌딩","address":"서울특별시 영등포구 신길동","useName":"교육연구시설","floors":6.0,"height":17.4,"heightSource":"measured","heightRaw":17.4,"sourceDate":"2026-09-09"},"geometry":{"type":"Polygon","coordinates":[[[126.92283345,37.51274494],[126.92278121,37.51262354],[126.92267271,37.51265365],[126.92272427,37.5127746],[126.92283345,37.51274494]]]}},{"type":"Feature","id":"seoul-building-500329","properties":{"id":"seoul-building-500329","sourceId":"1978192903034458384700000000","pnu":"1156013200100650063","name":"서울특별시 영등포구 신길동","address":"서울특별시 영등포구 신길동","useName":"단독주택","floors":2.0,"height":7.4,"heightSource":"estimated","heightRaw":0.0,"sourceDate":"2026-09-09"},"geometry":{"type":"Polygon","coordinates":[[[126.92058202,37.5147698],[126.92054468,37.51468085],[126.92049173,37.51469487],[126.92050064,37.51471605],[126.92047349,37.51472333],[126.92044698,37.51476259],[126.92046209,37.51480027],[126.92058202,37.5147698]]]}},{"type":"Feature","id":"seoul-building-500330","properties":{"id":"seoul-building-500330","sourceId":"0000193106894457917600000000","pnu":"1156013200100040035","name":"서울특별시 영등포구 신길동","address":"서울특별시 영등포구 신길동","useName":"","floors":0.0,"height":0,"heightSource":"unknown","heightRaw":0.0,"sourceDate":"2026-09-09"},"geometry":{"type":"Polygon","coordinates":[[[126.92284962,37.51431298],[126.92283662,37.51430639],[126.92278818,37.5143315],[126.92281667,37.51434539],[126.92284962,37.51431298]]]}},{"type":"Feature","id":"seoul-building-500351","properties":{"id":"seoul-building-500351","sourceId":"2002193083014453961900000000","pnu":"1156013200104540001","name":"서울특별시 영등포구 신길동","address":"서울특별시 영등포구 신길동","useName":"제2종근린생활시설","floors":5.0,"height":17.75,"heightSource":"measured","heightRaw":17.75,"sourceDate":"2026-09-09"},"geometry":{"type":"Polygon","coordinates":[[[126.92246016,37.51072585],[126.92250186,37.51083347],[126.92264776,37.51079758],[126.92260605,37.51068997],[126.92246016,37.51072585]]]}},{"type":"Feature","id":"seoul-building-500394","properties":{"id":"seoul-building-500394","sourceId":"1993193151204458713700000000","pnu":"1156013200100080025","name":"서울특별시 영등포구 신길동","address":"서울특별시 영등포구 신길동","useName":"단독주택","floors":3.0,"height":11.0,"heightSource":"measured","heightRaw":11.0,"sourceDate":"2026-09-09"},"geometry":{"type":"Polygon","coordinates":[[[126.92328427,37.51509811],[126.92334821,37.51505887],[126.92335161,37.51506166],[126.92335761,37.51506275],[126.92336303,37.51506257],[126.92336869,37.51506131],[126.92337197,37.51505762],[126.92337289,37.51505465],[126.92337277,37.51505014],[126.9233722,37.51504609],[126.92337017,37.5150433],[126.92339314,37.51503268],[126.92336885,37.51500437],[126.92335369,37.51500968],[126.92326784,37.51501512],[126.92327489,37.51508388],[126.92328427,37.51509811]]]}},{"type":"Feature","id":"seoul-building-500396","properties":{"id":"seoul-building-500396","sourceId":"2009193251964458142600000000","pnu":"1156013200100020004","name":"서울특별시 영등포구 신길동","address":"서울특별시 영등포구 신길동","useName":"공동주택","floors":5.0,"height":14.2,"heightSource":"measured","heightRaw":14.2,"sourceDate":"2026-09-09"},"geometry":{"type":"Polygon","coordinates":[[[126.92456866,37.51452815],[126.92453491,37.51446281],[126.92437255,37.51451082],[126.92437706,37.51451992],[126.92437231,37.51452235],[126.92438563,37.51454714],[126.9243768,37.51455046],[126.9243812,37.514562],[126.92437091,37.5145665],[126.92439553,37.51460228],[126.92447586,37.51457783],[126.9244683,37.51456034],[126.92456866,37.51452815]]]}},{"type":"Feature","id":"seoul-building-500434","properties":{"id":"seoul-building-500434","sourceId":"0000192984174456278900000000","pnu":"1156013200100940014","name":"서울특별시 영등포구 신길동","address":"서울특별시 영등포구 신길동","useName":"","floors":0.0,"height":0,"heightSource":"unknown","heightRaw":0.0,"sourceDate":"2026-09-09"},"geometry":{"type":"Polygon","coordinates":[[[126.92146878,37.51286575],[126.9214496,37.51281764],[126.92139846,37.51283058],[126.92141798,37.51287925],[126.92144468,37.51287248],[126.921469,37.51286631],[126.92146878,37.51286575]]]}},{"type":"Feature","id":"seoul-building-500445","properties":{"id":"seoul-building-500445","sourceId":"1965192879574457732900000000","pnu":"1156013200100970037","name":"서울특별시 영등포구 신길동","address":"서울특별시 영등포구 신길동","useName":"단독주택","floors":1.0,"height":4.2,"heightSource":"estimated","heightRaw":0.0,"sourceDate":"2026-09-09"},"geometry":{"type":"Polygon","coordinates":[[[126.92029252,37.51418152],[126.92027517,37.51411889],[126.92020558,37.51413678],[126.92022147,37.514194],[126.92029252,37.51418152]]]}},{"type":"Feature","id":"seoul-building-500449","properties":{"id":"seoul-building-500449","sourceId":"1984193087544458209400000000","pnu":"1156013200100040054","name":"서울특별시 영등포구 신길동","address":"서울특별시 영등포구 신길동","useName":"단독주택","floors":1.0,"height":4.2,"heightSource":"estimated","heightRaw":0.0,"sourceDate":"2026-09-09"},"geometry":{"type":"Polygon","coordinates":[[[126.92256894,37.5145574],[126.92259285,37.51462103],[126.92262951,37.51461232],[126.92262772,37.51460459],[126.92262765,37.51460428],[126.92261904,37.51456717],[126.92256894,37.5145574]]]}},{"type":"Feature","id":"seoul-building-500455","properties":{"id":"seoul-building-500455","sourceId":"1991192875014458894600000000","pnu":"1156013200100640038","name":"서울특별시 영등포구 신길동","address":"서울특별시 영등포구 신길동","useName":"단독주택","floors":2.0,"height":7.4,"heightSource":"estimated","heightRaw":0.0,"sourceDate":"2026-09-09"},"geometry":{"type":"Polygon","coordinates":[[[126.92026462,37.51521207],[126.92024914,37.51518702],[126.9202487,37.5151872],[126.92022644,37.51515114],[126.92017857,37.51516994],[126.92018207,37.51517544],[126.92012607,37.51519738],[126.9201682,37.5152576],[126.92026462,37.51521207]]]}},{"type":"Feature","id":"seoul-building-500456","properties":{"id":"seoul-building-500456","sourceId":"1994192879204457829400000000","pnu":"1156013200100970027","name":"서울특별시 영등포구 신길동","address":"서울특별시 영등포구 신길동","useName":"단독주택","floors":2.0,"height":7.4,"heightSource":"estimated","heightRaw":0.0,"sourceDate":"2026-09-09"},"geometry":{"type":"Polygon","coordinates":[[[126.92028813,37.51426576],[126.9202667,37.5142052],[126.92021743,37.51422157],[126.92020108,37.51422687],[126.92022217,37.51428185],[126.92028813,37.51426576]]]}},{"type":"Feature","id":"seoul-building-500457","properties":{"id":"seoul-building-500457","sourceId":"1993192906674458933300000000","pnu":"1156013200100640012","name":"서울특별시 영등포구 신길동","address":"서울특별시 영등포구 신길동","useName":"단독주택","floors":2.0,"height":7.7,"heightSource":"measured","heightRaw":7.7,"sourceDate":"2026-09-09"},"geometry":{"type":"Polygon","coordinates":[[[126.92060973,37.51520645],[126.92049278,37.51520061],[126.92048546,37.51526953],[126.92061067,37.51527808],[126.92062131,37.51527268],[126.92062237,37.51523267],[126.92061615,37.51523258],[126.92061662,37.51521294],[126.92061662,37.51521086],[126.92061436,37.51520762],[126.92060973,37.51520645]]]}},{"type":"Feature","id":"seoul-building-500458","properties":{"id":"seoul-building-500458","sourceId":"1991192872734458585100000000","pnu":"1156013200100640028","name":"서울특별시 영등포구 신길동","address":"서울특별시 영등포구 신길동","useName":"단독주택","floors":2.0,"height":7.4,"heightSource":"estimated","heightRaw":0.0,"sourceDate":"2026-09-09"},"geometry":{"type":"Polygon","coordinates":[[[126.92020784,37.51488623],[126.9201195,37.51488104],[126.92011218,37.5149623],[126.92022415,37.51496869],[126.92023068,37.51489292],[126.92020772,37.51489263],[126.92020784,37.51488623]]]}},{"type":"Feature","id":"seoul-building-500459","properties":{"id":"seoul-building-500459","sourceId":"1991192898304458642400000000","pnu":"1156013200100640025","name":"서울특별시 영등포구 신길동","address":"서울특별시 영등포구 신길동","useName":"단독주택","floors":2.0,"height":7.4,"heightSource":"estimated","heightRaw":0.0,"sourceDate":"2026-09-09"},"geometry":{"type":"Polygon","coordinates":[[[126.92047688,37.51493209],[126.92043831,37.51493035],[126.92043797,37.51493531],[126.92041014,37.51493529],[126.9204061,37.51501224],[126.92044116,37.51501343],[126.9204407,37.51502244],[126.92050698,37.51502455],[126.92051329,37.51493896],[126.92047654,37.51493723],[126.92047688,37.51493209]]]}},{"type":"Feature","id":"seoul-building-500460","properties":{"id":"seoul-building-500460","sourceId":"1991192964114456197400000000","pnu":"1156013200100940020","name":"서울특별시 영등포구 신길동","address":"서울특별시 영등포구 신길동","useName":"단독주택","floors":2.0,"height":7.4,"heightSource":"estimated","heightRaw":0.0,"sourceDate":"2026-09-09"},"geometry":{"type":"Polygon","coordinates":[[[126.92125676,37.51280552],[126.92121999,37.51271666],[126.92115278,37.51273427],[126.92118256,37.51280556],[126.9211917,37.51282737],[126.92119374,37.51282954],[126.92119769,37.51283107],[126.92120154,37.51283126],[126.92120561,37.51283117],[126.92120968,37.51283],[126.9212606,37.51281481],[126.92125676,37.51280552]]]}},{"type":"Feature","id":"seoul-building-500461","properties":{"id":"seoul-building-500461","sourceId":"1984193090274458259600000000","pnu":"1156013200100040052","name":"서울특별시 영등포구 신길동","address":"서울특별시 영등포구 신길동","useName":"단독주택","floors":1.0,"height":4.0,"heightSource":"measured","heightRaw":4.0,"sourceDate":"2026-09-09"},"geometry":{"type":"Polygon","coordinates":[[[126.92266535,37.51462676],[126.92263109,37.51461457],[126.92259273,37.51462518],[126.92258966,37.51463986],[126.92262201,37.51464403],[126.92266373,37.51465694],[126.92266535,37.51462676]]]}},{"type":"Feature","id":"seoul-building-500462","properties":{"id":"seoul-building-500462","sourceId":"1984193086774458146400000000","pnu":"1156013200100040054","name":"서울특별시 영등포구 신길동","address":"서울특별시 영등포구 신길동","useName":"단독주택","floors":1.0,"height":4.0,"heightSource":"measured","heightRaw":4.0,"sourceDate":"2026-09-09"},"geometry":{"type":"Polygon","coordinates":[[[126.92256894,37.5145574],[126.92261734,37.51456618],[126.92264916,37.51453016],[126.92260971,37.51450806],[126.92258869,37.5144902],[126.92253515,37.51453035],[126.92256645,37.51455695],[126.92256894,37.5145574]]]}},{"type":"Feature","id":"seoul-building-500464","properties":{"id":"seoul-building-500464","sourceId":"1994192907464458760100000000","pnu":"1156013200100640020","name":"서울특별시 영등포구 신길동","address":"서울특별시 영등포구 신길동","useName":"단독주택","floors":2.0,"height":7.7,"heightSource":"measured","heightRaw":7.7,"sourceDate":"2026-09-09"},"geometry":{"type":"Polygon","coordinates":[[[126.92061895,37.51504896],[126.92050742,37.51504582],[126.92050531,37.51511772],[126.92062362,37.51511996],[126.92061895,37.51504896]]]}},{"type":"Feature","id":"seoul-building-500619","properties":{"id":"seoul-building-500619","sourceId":"0000192873924454647500000000","pnu":"1156013200100910012","name":"서울특별시 영등포구 신길동","address":"서울특별시 영등포구 신길동","useName":"","floors":0.0,"height":0,"heightSource":"unknown","heightRaw":0.0,"sourceDate":"2026-09-09"},"geometry":{"type":"Polygon","coordinates":[[[126.92022565,37.51137444],[126.92022363,37.51136444],[126.92015903,37.51137612],[126.92016274,37.51139333],[126.92018344,37.51139082],[126.92018017,37.51138216],[126.92022565,37.51137444]]]}},{"type":"Feature","id":"seoul-building-500623","properties":{"id":"seoul-building-500623","sourceId":"1993192920304458777200000000","pnu":"1156013200100640014","name":"서울특별시 영등포구 신길동","address":"서울특별시 영등포구 신길동","useName":"단독주택","floors":2.0,"height":7.7,"heightSource":"measured","heightRaw":7.7,"sourceDate":"2026-09-09"},"geometry":{"type":"Polygon","coordinates":[[[126.92077049,37.51507041],[126.92066192,37.51506025],[126.920652,37.51513169],[126.92072812,37.51513832],[126.92076626,37.51511168],[126.92077049,37.51507041]]]}},{"type":"Feature","id":"seoul-building-500624","properties":{"id":"seoul-building-500624","sourceId":"1991192973524456166700000000","pnu":"1156013200100940019","name":"서울특별시 영등포구 신길동","address":"서울특별시 영등포구 신길동","useName":"단독주택","floors":2.0,"height":7.4,"heightSource":"estimated","heightRaw":0.0,"sourceDate":"2026-09-09"},"geometry":{"type":"Polygon","coordinates":[[[126.92139275,37.51277733],[126.92135314,37.51268747],[126.9212908,37.51270491],[126.92128832,37.51269932],[126.92123435,37.51271433],[126.92127193,37.51279986],[126.92127678,37.5128041],[126.92128131,37.51280554],[126.92128255,37.51280599],[126.92128719,37.51280582],[126.92128877,37.51280555],[126.92129194,37.5128051],[126.92129714,37.51280402],[126.92139275,37.51277733]]]}},{"type":"Feature","id":"seoul-building-500625","properties":{"id":"seoul-building-500625","sourceId":"1993192906614458847100000000","pnu":"1156013200100640021","name":"서울특별시 영등포구 신길동","address":"서울특별시 영등포구 신길동","useName":"단독주택","floors":2.0,"height":7.7,"heightSource":"measured","heightRaw":7.7,"sourceDate":"2026-09-09"},"geometry":{"type":"Polygon","coordinates":[[[126.92061038,37.51512914],[126.92049658,37.51512789],[126.9204955,37.51519412],[126.92061359,37.51519537],[126.92061038,37.51512914]]]}},{"type":"Feature","id":"seoul-building-500771","properties":{"id":"seoul-building-500771","sourceId":"1995192875594458030200000000","pnu":"1156013200100970054","name":"서울특별시 영등포구 신길동","address":"서울특별시 영등포구 신길동","useName":"단독주택","floors":2.0,"height":7.4,"heightSource":"estimated","heightRaw":0.0,"sourceDate":"2026-09-09"},"geometry":{"type":"Polygon","coordinates":[[[126.92019696,37.51447645],[126.92021577,37.51444465],[126.92022685,37.51444881],[126.92023344,37.51442728],[126.92024033,37.51442881],[126.92025598,37.51439413],[126.92019526,37.51437715],[126.92015535,37.51446741],[126.92019696,37.51447645]]]}},{"type":"Feature","id":"seoul-building-500772","properties":{"id":"seoul-building-500772","sourceId":"1978192951274458150600000000","pnu":"1156013200100650101","name":"서울특별시 영등포구 신길동","address":"서울특별시 영등포구 신길동","useName":"단독주택","floors":2.0,"height":7.4,"heightSource":"estimated","heightRaw":0.0,"sourceDate":"2026-09-09"},"geometry":{"type":"Polygon","coordinates":[[[126.9211426,37.51456322],[126.92111214,37.51448688],[126.92105082,37.5145018],[126.92104134,37.51447719],[126.92098183,37.51449166],[126.92102142,37.51459494],[126.9211426,37.51456322]]]}},{"type":"Feature","id":"seoul-building-500779","properties":{"id":"seoul-building-500779","sourceId":"2009192875124458258300000000","pnu":"1156013200100650045","name":"서울특별시 영등포구 신길동","address":"서울특별시 영등포구 신길동","useName":"단독주택","floors":3.0,"height":10.4,"heightSource":"measured","heightRaw":10.4,"sourceDate":"2026-09-09"},"geometry":{"type":"Polygon","coordinates":[[[126.92018593,37.51470141],[126.92022281,37.51467477],[126.92023241,37.51468253],[126.92029298,37.51463482],[126.92019274,37.51455375],[126.92011573,37.51462484],[126.92013619,37.51464786],[126.92012645,37.51465894],[126.92018293,37.51470119],[126.92018455,37.51470241],[126.92018593,37.51470141]]]}},{"type":"Feature","id":"seoul-building-500828","properties":{"id":"seoul-building-500828","sourceId":"1991192882034458794700000000","pnu":"1156013200100640034","name":"서울특별시 영등포구 신길동","address":"서울특별시 영등포구 신길동","useName":"단독주택","floors":2.0,"height":7.4,"heightSource":"estimated","heightRaw":0.0,"sourceDate":"2026-09-09"},"geometry":{"type":"Polygon","coordinates":[[[126.92030953,37.51508741],[126.92022357,37.51508555],[126.92022274,37.51512438],[126.92023019,37.51513916],[126.92032679,37.51514526],[126.92032819,37.51509075],[126.92030942,37.51509047],[126.92030953,37.51508741]]]}},{"type":"Feature","id":"seoul-building-500830","properties":{"id":"seoul-building-500830","sourceId":"1991192862154458581000000000","pnu":"1156013200100640029","name":"서울특별시 영등포구 신길동","address":"서울특별시 영등포구 신길동","useName":"단독주택","floors":2.0,"height":7.4,"heightSource":"estimated","heightRaw":0.0,"sourceDate":"2026-09-09"},"geometry":{"type":"Polygon","coordinates":[[[126.92010842,37.51488184],[126.91999916,37.5148769],[126.91999149,37.51496006],[126.92010584,37.51496671],[126.92010842,37.51488184]]]}},{"type":"Feature","id":"seoul-building-500831","properties":{"id":"seoul-building-500831","sourceId":"1993192909154458163700000000","pnu":"1156013200100650066","name":"서울특별시 영등포구 신길동","address":"서울특별시 영등포구 신길동","useName":"단독주택","floors":3.0,"height":10.6,"heightSource":"estimated","heightRaw":0.0,"sourceDate":"2026-09-09"},"geometry":{"type":"Polygon","coordinates":[[[126.92063693,37.5145081],[126.9205968,37.51449474],[126.92050561,37.51451756],[126.92053832,37.51460021],[126.92065338,37.51457695],[126.92065587,37.51457515],[126.92065734,37.51457209],[126.92065214,37.51457064],[126.92065384,37.51456677],[126.92065883,37.51455461],[126.92063693,37.5145081]]]}},{"type":"Feature","id":"seoul-building-500834","properties":{"id":"seoul-building-500834","sourceId":"1993192860634457912500000000","pnu":"1156013200100970017","name":"서울특별시 영등포구 신길동","address":"서울특별시 영등포구 신길동","useName":"단독주택","floors":2.0,"height":7.4,"heightSource":"estimated","heightRaw":0.0,"sourceDate":"2026-09-09"},"geometry":{"type":"Polygon","coordinates":[[[126.92009507,37.5143569],[126.92008356,37.51432383],[126.92009047,37.5143223],[126.92007953,37.51428734],[126.92005286,37.51426461],[126.91996619,37.51428834],[126.91999384,37.51435224],[126.92000673,37.51434873],[126.92001937,37.51437784],[126.92009507,37.5143569]]]}},{"type":"Feature","id":"seoul-building-500888","properties":{"id":"seoul-building-500888","sourceId":"1974192952424456226300000000","pnu":"1156013200100950127","name":"서울특별시 영등포구 신길동","address":"서울특별시 영등포구 신길동","useName":"단독주택","floors":2.0,"height":7.4,"heightSource":"estimated","heightRaw":0.0,"sourceDate":"2026-09-09"},"geometry":{"type":"Polygon","coordinates":[[[126.92116741,37.51280555],[126.92113649,37.51273237],[126.92104168,37.51275899],[126.92103739,37.51274942],[126.92097302,37.5127675],[126.92098994,37.51280553],[126.92102041,37.51287268],[126.92117666,37.51282754],[126.92116741,37.51280555]]]}},{"type":"Feature","id":"seoul-building-500940","properties":{"id":"seoul-building-500940","sourceId":"1991192879504458976800000000","pnu":"1156013200100640037","name":"서울특별시 영등포구 신길동","address":"서울특별시 영등포구 신길동","useName":"단독주택","floors":2.0,"height":7.4,"heightSource":"estimated","heightRaw":0.0,"sourceDate":"2026-09-09"},"geometry":{"type":"Polygon","coordinates":[[[126.92031351,37.51529112],[126.920262,37.51522532],[126.92018233,37.51526698],[126.92022897,37.51533044],[126.92031351,37.51529112]]]}},{"type":"Feature","id":"seoul-building-500941","properties":{"id":"seoul-building-500941","sourceId":"0000193015054456222100000000","pnu":"1156013200100940037","name":"서울특별시 영등포구 신길동","address":"서울특별시 영등포구 신길동","useName":"","floors":0.0,"height":0,"heightSource":"unknown","heightRaw":0.0,"sourceDate":"2026-09-09"},"geometry":{"type":"Polygon","coordinates":[[[126.92184413,37.51280402],[126.92181592,37.51274778],[126.92171805,37.51277899],[126.92173035,37.51280404],[126.92175281,37.51284947],[126.9217975,37.51283553],[126.92179469,37.51282796],[126.92184967,37.51281493],[126.92184413,37.51280402]]]}},{"type":"Feature","id":"seoul-building-500943","properties":{"id":"seoul-building-500943","sourceId":"1978192903324458055200000000","pnu":"1156013200100650067","name":"서울특별시 영등포구 신길동","address":"서울특별시 영등포구 신길동","useName":"단독주택","floors":2.0,"height":7.4,"heightSource":"estimated","heightRaw":0.0,"sourceDate":"2026-09-09"},"geometry":{"type":"Polygon","coordinates":[[[126.92058158,37.51443743],[126.92056421,37.51438687],[126.920447,37.5144158],[126.92048094,37.51451124],[126.92057814,37.51448923],[126.92056178,37.51444174],[126.92058158,37.51443743]]]}},{"type":"Feature","id":"seoul-building-500978","properties":{"id":"seoul-building-500978","sourceId":"1963192976804456513600000000","pnu":"1156013200100710030","name":"서울특별시 영등포구 신길동","address":"서울특별시 영등포구 신길동","useName":"단독주택","floors":1.0,"height":4.2,"heightSource":"estimated","heightRaw":0.0,"sourceDate":"2026-09-09"},"geometry":{"type":"Polygon","coordinates":[[[126.92140216,37.51308664],[126.92137001,37.51299589],[126.92133426,37.51300389],[126.92135061,37.51305039],[126.92129031,37.51306386],[126.92130283,37.51310559],[126.92140216,37.51308664]]]}},{"type":"Feature","id":"seoul-building-500979","properties":{"id":"seoul-building-500979","sourceId":"1985192990154456108400000000","pnu":"1156013200100940018","name":"서울특별시 영등포구 신길동","address":"서울특별시 영등포구 신길동","useName":"단독주택","floors":1.0,"height":4.2,"heightSource":"estimated","heightRaw":0.0,"sourceDate":"2026-09-09"},"geometry":{"type":"Polygon","coordinates":[[[126.92153836,37.51273454],[126.92149842,37.51264567],[126.9214647,37.51265529],[126.92150476,37.51274415],[126.92153836,37.51273454]]]}},{"type":"Feature","id":"seoul-building-501058","properties":{"id":"seoul-building-501058","sourceId":"0000193059964453486200000000","pnu":"1156013200104540011","name":"서울특별시 영등포구 신길동","address":"서울특별시 영등포구 신길동","useName":"","floors":0.0,"height":0,"heightSource":"unknown","heightRaw":0.0,"sourceDate":"2026-09-09"},"geometry":{"type":"Polygon","coordinates":[[[126.92232004,37.5103483],[126.92230753,37.51030936],[126.92226657,37.51031799],[126.92228045,37.51035629],[126.92232004,37.5103483]]]}},{"type":"Feature","id":"seoul-building-501071","properties":{"id":"seoul-building-501071","sourceId":"0000193228714455632200000000","pnu":"1156013200113260000","name":"서울특별시 영등포구 신길동","address":"서울특별시 영등포구 신길동","useName":"","floors":0.0,"height":0,"heightSource":"unknown","heightRaw":0.0,"sourceDate":"2026-09-09"},"geometry":{"type":"Polygon","coordinates":[[[126.92413138,37.51229338],[126.92423514,37.51226323],[126.92423932,37.51227071],[126.92428649,37.51225934],[126.92424918,37.51224486],[126.92411975,37.51227964],[126.92412686,37.51229469],[126.92413138,37.51229338]]]}},{"type":"Feature","id":"seoul-building-501072","properties":{"id":"seoul-building-501072","sourceId":"0000193157914455008500000000","pnu":"1156013200112810000","name":"서울특별시 영등포구 신길동","address":"서울특별시 영등포구 신길동","useName":"","floors":0.0,"height":0,"heightSource":"unknown","heightRaw":0.0,"sourceDate":"2026-09-09"},"geometry":{"type":"Polygon","coordinates":[[[126.92341725,37.51171159],[126.92340924,37.51169204],[126.92338288,37.51169896],[126.92339089,37.51171815],[126.92341725,37.51171159]]]}},{"type":"Feature","id":"seoul-building-501122","properties":{"id":"seoul-building-501122","sourceId":"0000193113514458873600000000","pnu":"1156013200100080014","name":"서울특별시 영등포구 신길동","address":"서울특별시 영등포구 신길동","useName":"","floors":0.0,"height":0,"heightSource":"unknown","heightRaw":0.0,"sourceDate":"2026-09-09"},"geometry":{"type":"Polygon","coordinates":[[[126.922888,37.51520289],[126.92292516,37.51518581],[126.92291115,37.51516635],[126.9228626,37.51518956],[126.92287747,37.51520772],[126.922888,37.51520289]]]}},{"type":"Feature","id":"seoul-building-501148","properties":{"id":"seoul-building-501148","sourceId":"1965192900764454663300000000","pnu":"1156013200100880029","name":"서울특별시 영등포구 신길동","address":"서울특별시 영등포구 신길동","useName":"단독주택","floors":1.0,"height":4.2,"heightSource":"estimated","heightRaw":0.0,"sourceDate":"2026-09-09"},"geometry":{"type":"Polygon","coordinates":[[[126.92053377,37.51144002],[126.92051556,37.51133279],[126.92043898,37.51134157],[126.92044269,37.51136193],[126.92047979,37.51135934],[126.92048528,37.51140935],[126.92045056,37.51141041],[126.92045233,37.51144672],[126.92053377,37.51144002]]]}},{"type":"Feature","id":"seoul-building-501149","properties":{"id":"seoul-building-501149","sourceId":"1965192903084454781300000000","pnu":"1156013200100880028","name":"서울특별시 영등포구 신길동","address":"서울특별시 영등포구 신길동","useName":"단독주택","floors":1.0,"height":4.2,"heightSource":"estimated","heightRaw":0.0,"sourceDate":"2026-09-09"},"geometry":{"type":"Polygon","coordinates":[[[126.92057598,37.51153638],[126.92056398,37.51144123],[126.9205193,37.5114448],[126.92052188,37.51146526],[126.92045469,37.51147062],[126.92046411,37.51154532],[126.92057598,37.51153638]]]}},{"type":"Feature","id":"seoul-building-501160","properties":{"id":"seoul-building-501160","sourceId":"0000193245844456558900000000","pnu":"1156013200113710000","name":"서울특별시 영등포구 신길동","address":"서울특별시 영등포구 신길동","useName":"","floors":0.0,"height":0,"heightSource":"unknown","heightRaw":0.0,"sourceDate":"2026-09-09"},"geometry":{"type":"Polygon","coordinates":[[[126.92488783,37.51309756],[126.92482877,37.51289786],[126.92389079,37.51311634],[126.92394452,37.51330365],[126.92488783,37.51309756]]]}},{"type":"Feature","id":"seoul-building-501179","properties":{"id":"seoul-building-501179","sourceId":"1995193089914457198500000000","pnu":"1156013200100700001","name":"서울특별시 영등포구 신길동","address":"서울특별시 영등포구 신길동","useName":"","floors":0.0,"height":0,"heightSource":"unknown","heightRaw":0.0,"sourceDate":"2026-09-09"},"geometry":{"type":"Polygon","coordinates":[[[126.92257777,37.51378264],[126.92270964,37.51369388],[126.92276888,37.51360004],[126.92266863,37.51355936],[126.92257819,37.51369497],[126.92251827,37.51366952],[126.92247252,37.51373815],[126.92257777,37.51378264]]]}},{"type":"Feature","id":"seoul-building-501203","properties":{"id":"seoul-building-501203","sourceId":"2004193036074454856200000000","pnu":"1156013200104520008","name":"신성빌리지","address":"서울특별시 영등포구 신길동","useName":"제2종근린생활시설","floors":6.0,"height":19.04,"heightSource":"measured","heightRaw":19.04,"sourceDate":"2026-09-09"},"geometry":{"type":"Polygon","coordinates":[[[126.92211733,37.51159211],[126.92206891,37.51148549],[126.92197297,37.51150984],[126.92199351,37.51155211],[126.92194158,37.51156812],[126.9219303,37.5116456],[126.92211733,37.51159211]]]}},{"type":"Feature","id":"seoul-building-501204","properties":{"id":"seoul-building-501204","sourceId":"2010192988634457973600000000","pnu":"1156013200100650096","name":"서울특별시 영등포구 신길동","address":"서울특별시 영등포구 신길동","useName":"단독주택","floors":3.0,"height":9.7,"heightSource":"measured","heightRaw":9.7,"sourceDate":"2026-09-09"},"geometry":{"type":"Polygon","coordinates":[[[126.92154085,37.51444416],[126.92152985,37.51441133],[126.92155844,37.51440524],[126.92152364,37.5143014],[126.9213982,37.51433313],[126.92144232,37.51444136],[126.92149679,37.51442991],[126.92150233,37.51445419],[126.92154085,37.51444416]]]}},{"type":"Feature","id":"seoul-building-501213","properties":{"id":"seoul-building-501213","sourceId":"1992192919904454023700000000","pnu":"1156013200100880041","name":"서울특별시 영등포구 신길동","address":"서울특별시 영등포구 신길동","useName":"단독주택","floors":2.0,"height":7.4,"heightSource":"estimated","heightRaw":0.0,"sourceDate":"2026-09-09"},"geometry":{"type":"Polygon","coordinates":[[[126.92075997,37.51078937],[126.92069654,37.51076869],[126.92065649,37.51078398],[126.92066138,37.5108566],[126.92076545,37.51085217],[126.92075997,37.51078937]]]}},{"type":"Feature","id":"seoul-building-501228","properties":{"id":"seoul-building-501228","sourceId":"1991192890564455033100000000","pnu":"1156013200100910005","name":"서울특별시 영등포구 신길동","address":"서울특별시 영등포구 신길동","useName":"단독주택","floors":3.0,"height":10.6,"heightSource":"estimated","heightRaw":0.0,"sourceDate":"2026-09-09"},"geometry":{"type":"Polygon","coordinates":[[[126.92044553,37.51173712],[126.92042197,37.51166332],[126.92030816,37.5116864],[126.92034346,37.5117967],[126.9204033,37.51178458],[126.92039574,37.51176115],[126.92042664,37.51175485],[126.92042246,37.51174179],[126.92044553,37.51173712]]]}},{"type":"Feature","id":"seoul-building-501229","properties":{"id":"seoul-building-501229","sourceId":"1989192893094455222600000000","pnu":"1156013200100910004","name":"서울특별시 영등포구 신길동","address":"서울특별시 영등포구 신길동","useName":"단독주택","floors":2.0,"height":7.4,"heightSource":"estimated","heightRaw":0.0,"sourceDate":"2026-09-09"},"geometry":{"type":"Polygon","coordinates":[[[126.92036775,37.51193646],[126.9204173,37.51192721],[126.92042091,37.51193505],[126.9204673,37.51192148],[126.92044813,37.51186713],[126.92042697,37.51187189],[126.92041987,37.5118518],[126.92034384,37.51186886],[126.92036775,37.51193646]]]}},{"type":"Feature","id":"seoul-building-501245","properties":{"id":"seoul-building-501245","sourceId":"0000193234264457704700000000","pnu":"1156013200100020033","name":"서울특별시 영등포구 신길동","address":"서울특별시 영등포구 신길동","useName":"","floors":0.0,"height":0,"heightSource":"unknown","heightRaw":0.0,"sourceDate":"2026-09-09"},"geometry":{"type":"Polygon","coordinates":[[[126.9242976,37.51413649],[126.92428811,37.51411459],[126.92422668,37.51413086],[126.92424022,37.51416122],[126.92424985,37.51415854],[126.92424635,37.51415061],[126.9242976,37.51413649]]]}},{"type":"Feature","id":"seoul-building-501280","properties":{"id":"seoul-building-501280","sourceId":"1969192906414453440500000000","pnu":"1156013200100890046","name":"서울특별시 영등포구 신길동","address":"서울특별시 영등포구 신길동","useName":"단독주택","floors":1.0,"height":4.2,"heightSource":"estimated","heightRaw":0.0,"sourceDate":"2026-09-09"},"geometry":{"type":"Polygon","coordinates":[[[126.92063256,37.5103014],[126.92060863,37.51025805],[126.92057989,37.5102719],[126.92055792,37.51024101],[126.92052438,37.5102515],[126.9204894,37.51027715],[126.92053084,37.51034242],[126.92063256,37.5103014]]]}},{"type":"Feature","id":"seoul-building-501287","properties":{"id":"seoul-building-501287","sourceId":"1993192960844454787800000000","pnu":"1156013200100890113","name":"서울특별시 영등포구 신길동","address":"서울특별시 영등포구 신길동","useName":"단독주택","floors":2.0,"height":6.5,"heightSource":"measured","heightRaw":6.5,"sourceDate":"2026-09-09"},"geometry":{"type":"Polygon","coordinates":[[[126.92122189,37.51156085],[126.9212178,37.51146841],[126.92120682,37.51146867],[126.92120573,37.51144398],[126.9211227,37.51144636],[126.92112778,37.51156349],[126.92122189,37.51156085]]]}},{"type":"Feature","id":"seoul-building-501294","properties":{"id":"seoul-building-501294","sourceId":"1987192952644453746500000000","pnu":"1156013200100890001","name":"서울특별시 영등포구 신길동","address":"서울특별시 영등포구 신길동","useName":"제1종근린생활시설","floors":4.0,"height":13.8,"heightSource":"estimated","heightRaw":0.0,"sourceDate":"2026-09-09"},"geometry":{"type":"Polygon","coordinates":[[[126.92115423,37.51060097],[126.92112324,37.51049976],[126.92105468,37.51051306],[126.92105716,37.51052125],[126.9210153,37.51052943],[126.92102206,37.51055142],[126.92101086,37.51055358],[126.92101819,37.51057782],[126.92101423,37.51057863],[126.92103046,37.51063153],[126.92109381,37.51061922],[126.9210919,37.51061301],[126.92115423,37.51060097]]]}},{"type":"Feature","id":"seoul-building-501325","properties":{"id":"seoul-building-501325","sourceId":"2003193017444457497800000000","pnu":"1156013200100660009","name":"서울특별시 영등포구 신길동","address":"서울특별시 영등포구 신길동","useName":"공동주택","floors":5.0,"height":14.3,"heightSource":"measured","heightRaw":14.3,"sourceDate":"2026-09-09"},"geometry":{"type":"Polygon","coordinates":[[[126.92188822,37.51402897],[126.92182846,37.51384287],[126.92172664,37.51386632],[126.92179464,37.51405396],[126.92188822,37.51402897]]]}},{"type":"Feature","id":"seoul-building-501332","properties":{"id":"seoul-building-501332","sourceId":"2001193097174453501600000000","pnu":"1156013200112400000","name":"서울특별시 영등포구 신길동","address":"서울특별시 영등포구 신길동","useName":"공동주택","floors":4.0,"height":13.5,"heightSource":"measured","heightRaw":13.5,"sourceDate":"2026-09-09"},"geometry":{"type":"Polygon","coordinates":[[[126.92282051,37.51037124],[126.92278623,37.51028039],[126.92260871,37.5103228],[126.92264267,37.51041364],[126.92282051,37.51037124]]]}},{"type":"Feature","id":"seoul-building-501339","properties":{"id":"seoul-building-501339","sourceId":"0000193150354453786100000000","pnu":"1156013200111960000","name":"서울특별시 영등포구 신길동","address":"서울특별시 영등포구 신길동","useName":"","floors":0.0,"height":0,"heightSource":"unknown","heightRaw":0.0,"sourceDate":"2026-09-09"},"geometry":{"type":"Polygon","coordinates":[[[126.92334146,37.51061025],[126.92333153,37.51058591],[126.92328864,37.51059814],[126.92330141,37.51062112],[126.92334146,37.51061025]]]}},{"type":"Feature","id":"seoul-building-501377","properties":{"id":"seoul-building-501377","sourceId":"2003192986244454118800000000","pnu":"1156013200104650001","name":"서울특별시 영등포구 신길동","address":"서울특별시 영등포구 신길동","useName":"","floors":0.0,"height":0,"heightSource":"unknown","heightRaw":0.0,"sourceDate":"2026-09-09"},"geometry":{"type":"Polygon","coordinates":[[[126.92152766,37.51091269],[126.92152577,37.51088962],[126.92139173,37.51089169],[126.92139182,37.51091476],[126.92152766,37.51091269]]]}},{"type":"Feature","id":"seoul-building-501389","properties":{"id":"seoul-building-501389","sourceId":"0000193057914457565700000000","pnu":"1156013200100690039","name":"서울특별시 영등포구 신길동","address":"서울특별시 영등포구 신길동","useName":"","floors":0.0,"height":0,"heightSource":"unknown","heightRaw":0.0,"sourceDate":"2026-09-09"},"geometry":{"type":"Polygon","coordinates":[[[126.9224937,37.5139226],[126.92236927,37.51382323],[126.92230528,37.5139068],[126.92214828,37.5140113],[126.92207865,37.51408],[126.92207878,37.51416442],[126.92208858,37.5142084],[126.9224937,37.5139226]]]}},{"type":"Feature","id":"seoul-building-501391","properties":{"id":"seoul-building-501391","sourceId":"2008192965564458227500000000","pnu":"1156013200100650103","name":"서울특별시 영등포구 신길동","address":"서울특별시 영등포구 신길동","useName":"공동주택","floors":5.0,"height":14.4,"heightSource":"measured","heightRaw":14.4,"sourceDate":"2026-09-09"},"geometry":{"type":"Polygon","coordinates":[[[126.92130514,37.51462234],[126.92127886,37.51455141],[126.92125567,37.51455689],[126.92125228,37.51454824],[126.92120737,37.51455947],[126.92120398,37.51455082],[126.92114164,37.51456645],[126.92118361,37.51467307],[126.92125183,37.51465699],[126.92124641,37.5146423],[126.92125897,37.51463933],[126.92125683,37.51463365],[126.92130514,37.51462234]]]}},{"type":"Feature","id":"seoul-building-501405","properties":{"id":"seoul-building-501405","sourceId":"1992192992974453138600000000","pnu":"1156013200104560028","name":"서울특별시 영등포구 신길동","address":"서울특별시 영등포구 신길동","useName":"단독주택","floors":2.0,"height":7.4,"heightSource":"estimated","heightRaw":0.0,"sourceDate":"2026-09-09"},"geometry":{"type":"Polygon","coordinates":[[[126.92162459,37.51003352],[126.92160979,37.51002486],[126.92160718,37.51002775],[126.92157689,37.51000989],[126.92157746,37.51000043],[126.92156854,37.50999357],[126.92152884,37.5099867],[126.92153236,37.509974],[126.9214739,37.50996386],[126.92146152,37.51000909],[126.9214734,37.51001153],[126.92146579,37.51003495],[126.92152426,37.51004688],[126.92152278,37.51005517],[126.9216189,37.51006578],[126.92162459,37.51003352]]]}},{"type":"Feature","id":"seoul-building-501436","properties":{"id":"seoul-building-501436","sourceId":"2008193256784457728300000000","pnu":"1156013200100020038","name":"서울특별시 영등포구 신길동","address":"서울특별시 영등포구 신길동","useName":"공동주택","floors":5.0,"height":14.55,"heightSource":"measured","heightRaw":14.55,"sourceDate":"2026-09-09"},"geometry":{"type":"Polygon","coordinates":[[[126.92463484,37.51419348],[126.92458293,37.51407757],[126.9244243,37.51411793],[126.92437283,37.51413096],[126.92438976,37.51416485],[126.924428,37.51415424],[126.92446275,37.51423706],[126.92463484,37.51419348]]]}},{"type":"Feature","id":"seoul-building-501438","properties":{"id":"seoul-building-501438","sourceId":"2002193022054459419700000000","pnu":"1156013200100070041","name":"마루빌","address":"서울특별시 영등포구 신길동","useName":"공동주택","floors":4.0,"height":12.35,"heightSource":"measured","heightRaw":12.35,"sourceDate":"2026-09-09"},"geometry":{"type":"Polygon","coordinates":[[[126.92198356,37.51567318],[126.9219437,37.51560045],[126.92173346,37.5156832],[126.92177919,37.51575711],[126.92198356,37.51567318]]]}},{"type":"Feature","id":"seoul-building-501462","properties":{"id":"seoul-building-501462","sourceId":"1989192869764453207300000000","pnu":"1156013200101200085","name":"서울특별시 영등포구 신길동","address":"서울특별시 영등포구 신길동","useName":"단독주택","floors":2.0,"height":7.4,"heightSource":"estimated","heightRaw":0.0,"sourceDate":"2026-09-09"},"geometry":{"type":"Polygon","coordinates":[[[126.92017589,37.51004646],[126.9201274,37.51001742],[126.9200658,37.51008261],[126.9201625,37.51013992],[126.92022064,37.51008551],[126.92016853,37.5100543],[126.92017589,37.51004646]]]}},{"type":"Feature","id":"seoul-building-501463","properties":{"id":"seoul-building-501463","sourceId":"1980192877734453133500000000","pnu":"1156013200101200059","name":"서울특별시 영등포구 신길동","address":"서울특별시 영등포구 신길동","useName":"단독주택","floors":2.0,"height":7.4,"heightSource":"estimated","heightRaw":0.0,"sourceDate":"2026-09-09"},"geometry":{"type":"Polygon","coordinates":[[[126.92030781,37.5100079],[126.92022553,37.5099555],[126.92019847,37.50998251],[126.92019055,37.5099789],[126.92016643,37.51001213],[126.92018112,37.51002133],[126.92017195,37.51003078],[126.92023766,37.51007254],[126.92030781,37.5100079]]]}},{"type":"Feature","id":"seoul-building-501470","properties":{"id":"seoul-building-501470","sourceId":"1978193190984463190700000000","pnu":"1156011000100380002","name":"서울특별시 영등포구 여의도동","address":"서울특별시 영등포구 여의도동","useName":"","floors":0.0,"height":0,"heightSource":"unknown","heightRaw":0.0,"sourceDate":"2026-09-09"},"geometry":{"type":"Polygon","coordinates":[[[126.92393309,37.51902224],[126.92395144,37.51900324],[126.92392167,37.51898338],[126.92392677,37.51897807],[126.92386799,37.51893884],[126.92362158,37.5191952],[126.92361468,37.51919024],[126.92359047,37.5192147],[126.92363273,37.51924088],[126.92365798,37.51921324],[126.92365075,37.51920783],[126.92387326,37.51898011],[126.92393309,37.51902224]]]}},{"type":"Feature","id":"seoul-building-501477","properties":{"id":"seoul-building-501477","sourceId":"0000193261354454978200000000","pnu":"1156013200112960000","name":"서울특별시 영등포구 신길동","address":"서울특별시 영등포구 신길동","useName":"","floors":0.0,"height":0,"heightSource":"unknown","heightRaw":0.0,"sourceDate":"2026-09-09"},"geometry":{"type":"Polygon","coordinates":[[[126.92471326,37.51190047],[126.92452225,37.51142831],[126.92442699,37.51145231],[126.92461551,37.51192726],[126.9247136,37.51190128],[126.92471326,37.51190047]]]}},{"type":"Feature","id":"seoul-building-501483","properties":{"id":"seoul-building-501483","sourceId":"1978193276414457265000000000","pnu":"1156013200113670001","name":"서울특별시 영등포구 신길동","address":"서울특별시 영등포구 신길동","useName":"공동주택","floors":3.0,"height":9.85,"heightSource":"estimated","heightRaw":0.0,"sourceDate":"2026-09-09"},"geometry":{"type":"Polygon","coordinates":[[[126.92481744,37.51380571],[126.92479793,37.51374749],[126.92478922,37.5137501],[126.92477241,37.51370828],[126.92478316,37.51370549],[126.92475992,37.51364755],[126.92475098,37.51364952],[126.9247441,37.51362979],[126.92465292,37.51364982],[126.92472838,37.51385151],[126.92481832,37.51382841],[126.92481122,37.51380705],[126.92481744,37.51380571]]]}},{"type":"Feature","id":"seoul-building-501488","properties":{"id":"seoul-building-501488","sourceId":"1978193125044454285800000000","pnu":"1156013200112740000","name":"서울특별시 영등포구 신길동","address":"서울특별시 영등포구 신길동","useName":"단독주택","floors":2.0,"height":7.4,"heightSource":"estimated","heightRaw":0.0,"sourceDate":"2026-09-09"},"geometry":{"type":"Polygon","coordinates":[[[126.92312347,37.51107971],[126.92308014,37.51097814],[126.92302177,37.51099396],[126.9230265,37.51100613],[126.9229533,37.51102437],[126.92296086,37.51104347],[126.92293529,37.51104985],[126.92296406,37.51112276],[126.92312347,37.51107971]]]}},{"type":"Feature","id":"seoul-building-501501","properties":{"id":"seoul-building-501501","sourceId":"1990193005934454144600000000","pnu":"1156013200104650003","name":"서울특별시 영등포구 신길동","address":"서울특별시 영등포구 신길동","useName":"단독주택","floors":2.0,"height":7.4,"heightSource":"estimated","heightRaw":0.0,"sourceDate":"2026-09-09"},"geometry":{"type":"Polygon","coordinates":[[[126.92172925,37.51087053],[126.92162949,37.51086983],[126.92162862,37.51094966],[126.92164683,37.51094976],[126.92164657,37.5109731],[126.9216546,37.51098085],[126.92167609,37.51098123],[126.92167585,37.51098852],[126.92172799,37.51098955],[126.92172925,37.51087053]]]}},{"type":"Feature","id":"seoul-building-501530","properties":{"id":"seoul-building-501530","sourceId":"2001193257994458335600000000","pnu":"1156013200100010008","name":"서울특별시 영등포구 신길동","address":"서울특별시 영등포구 신길동","useName":"공동주택","floors":5.0,"height":14.4,"heightSource":"measured","heightRaw":14.4,"sourceDate":"2026-09-09"},"geometry":{"type":"Polygon","coordinates":[[[126.92463825,37.51462839],[126.92460094,37.51461404],[126.9243779,37.51470986],[126.9244425,37.51480117],[126.92468094,37.51469347],[126.92463825,37.51462839]]]}},{"type":"Feature","id":"seoul-building-501532","properties":{"id":"seoul-building-501532","sourceId":"0000193202174454924000000000","pnu":"1156013200112880000","name":"서울특별시 영등포구 신길동","address":"서울특별시 영등포구 신길동","useName":"","floors":0.0,"height":0,"heightSource":"unknown","heightRaw":0.0,"sourceDate":"2026-09-09"},"geometry":{"type":"Polygon","coordinates":[[[126.92428627,37.51157485],[126.9242505,37.5114949],[126.92351523,37.51168481],[126.92354534,37.51176412],[126.92428627,37.51157485]]]}},{"type":"Feature","id":"seoul-building-501533","properties":{"id":"seoul-building-501533","sourceId":"0000193210034455163500000000","pnu":"1156013200112880000","name":"서울특별시 영등포구 신길동","address":"서울특별시 영등포구 신길동","useName":"","floors":0.0,"height":0,"heightSource":"unknown","heightRaw":0.0,"sourceDate":"2026-09-09"},"geometry":{"type":"Polygon","coordinates":[[[126.92437586,37.51178997],[126.9243446,37.51171346],[126.92360685,37.51189886],[126.92363312,37.51197753],[126.92437586,37.51178997]]]}},{"type":"Feature","id":"seoul-building-501540","properties":{"id":"seoul-building-501540","sourceId":"2004193024924457326700000000","pnu":"1156013200100660023","name":"서울특별시 영등포구 신길동","address":"서울특별시 영등포구 신길동","useName":"공동주택","floors":4.0,"height":11.7,"heightSource":"measured","heightRaw":11.7,"sourceDate":"2026-09-09"},"geometry":{"type":"Polygon","coordinates":[[[126.92197713,37.51384901],[126.92194014,37.5137433],[126.92191536,37.51374878],[126.92190149,37.51370904],[126.92181347,37.51372862],[126.92186433,37.51387408],[126.92197713,37.51384901]]]}},{"type":"Feature","id":"seoul-building-501541","properties":{"id":"seoul-building-501541","sourceId":"2009193124734456029600000000","pnu":"1156013200104490040","name":"서울특별시 영등포구 신길동","address":"서울특별시 영등포구 신길동","useName":"제2종근린생활시설","floors":5.0,"height":16.1,"heightSource":"measured","heightRaw":16.1,"sourceDate":"2026-09-09"},"geometry":{"type":"Polygon","coordinates":[[[126.92308972,37.51266573],[126.92305183,37.51255794],[126.92298305,37.51257322],[126.92298947,37.51259142],[126.92295893,37.51259825],[126.92299039,37.51268783],[126.92308972,37.51266573]]]}},{"type":"Feature","id":"seoul-building-501551","properties":{"id":"seoul-building-501551","sourceId":"2004193031074457524500000000","pnu":"1156013200100660023","name":"서울특별시 영등포구 신길동","address":"서울특별시 영등포구 신길동","useName":"공동주택","floors":4.0,"height":11.7,"heightSource":"measured","heightRaw":11.7,"sourceDate":"2026-09-09"},"geometry":{"type":"Polygon","coordinates":[[[126.92203483,37.51401131],[126.922015,37.51394138],[126.92195255,37.51395332],[126.92194318,37.51392205],[126.92194873,37.51392098],[126.92194084,37.51389421],[126.92189457,37.51390499],[126.92194161,37.51403305],[126.92203483,37.51401131]]]}},{"type":"Feature","id":"seoul-building-501564","properties":{"id":"seoul-building-501564","sourceId":"2009193184014456063100000000","pnu":"1156013200113220000","name":"보성오피스텔","address":"서울특별시 영등포구 신길동","useName":"업무시설","floors":6.0,"height":18.3,"heightSource":"measured","heightRaw":18.3,"sourceDate":"2026-09-09"},"geometry":{"type":"Polygon","coordinates":[[[126.92376128,37.51269364],[126.92372341,37.51260048],[126.92362205,37.51262965],[126.92364681,37.51269056],[126.92368447,37.51268085],[126.92369647,37.51271034],[126.92376128,37.51269364]]]}},{"type":"Feature","id":"seoul-building-501570","properties":{"id":"seoul-building-501570","sourceId":"2009193244304458608400000000","pnu":"1156013200100010011","name":"서울특별시 영등포구 신길동","address":"서울특별시 영등포구 신길동","useName":"공동주택","floors":5.0,"height":13.3,"heightSource":"measured","heightRaw":13.3,"sourceDate":"2026-09-09"},"geometry":{"type":"Polygon","coordinates":[[[126.92445113,37.51499012],[126.92437897,37.51487708],[126.92429603,37.51490866],[126.92437011,37.51502187],[126.92445113,37.51499012]]]}},{"type":"Feature","id":"seoul-building-501571","properties":{"id":"seoul-building-501571","sourceId":"0000193217674455403700000000","pnu":"1156013200112880000","name":"서울특별시 영등포구 신길동","address":"서울특별시 영등포구 신길동","useName":"","floors":0.0,"height":0,"heightSource":"unknown","heightRaw":0.0,"sourceDate":"2026-09-09"},"geometry":{"type":"Polygon","coordinates":[[[126.92446115,37.51200726],[126.92442742,37.51192723],[126.92368965,37.51211695],[126.92371943,37.51219626],[126.92446115,37.51200726]]]}},{"type":"Feature","id":"seoul-building-501578","properties":{"id":"seoul-building-501578","sourceId":"1978192950684464188700000000","pnu":"1156011000100280000","name":"서울특별시 영등포구 여의도동","address":"서울특별시 영등포구 여의도동","useName":"공동주택","floors":12.0,"height":36.4,"heightSource":"estimated","heightRaw":0.0,"sourceDate":"2026-09-09"},"geometry":{"type":"Polygon","coordinates":[[[126.92126589,37.52015754],[126.92134482,37.52007723],[126.92094102,37.51982521],[126.92093185,37.51983449],[126.92083565,37.51977441],[126.9207677,37.51984843],[126.9207599,37.51984393],[126.92073634,37.51986797],[126.9207559,37.51988014],[126.92075986,37.51987618],[126.92082961,37.5199183],[126.9208227,37.5199256],[126.92085369,37.51994435],[126.92086432,37.51993463],[126.92095318,37.51998992],[126.92094502,37.51999821],[126.92102077,37.52004538],[126.92102779,37.52003827],[126.92111868,37.52009194],[126.92110804,37.52010346],[126.92113833,37.52012132],[126.92114637,37.5201125],[126.92123534,37.52016752],[126.92122945,37.52017355],[126.9212498,37.52018609],[126.92127279,37.52016259],[126.92126589,37.52015754]]]}},{"type":"Feature","id":"seoul-building-501582","properties":{"id":"seoul-building-501582","sourceId":"1978193208574463063700000000","pnu":"1156011000100380002","name":"서울특별시 영등포구 여의도동","address":"서울특별시 영등포구 여의도동","useName":"","floors":0.0,"height":0,"heightSource":"unknown","heightRaw":0.0,"sourceDate":"2026-09-09"},"geometry":{"type":"Polygon","coordinates":[[[126.92400972,37.51894307],[126.9239792,37.51892341],[126.92392677,37.51897807],[126.92392167,37.51898338],[126.92395144,37.51900324],[126.92400972,37.51894307]]]}},{"type":"Feature","id":"seoul-building-501646","properties":{"id":"seoul-building-501646","sourceId":"1992193102534458953400000000","pnu":"1156013200100080001","name":"서울특별시 영등포구 신길동","address":"서울특별시 영등포구 신길동","useName":"공동주택","floors":3.0,"height":9.85,"heightSource":"estimated","heightRaw":0.0,"sourceDate":"2026-09-09"},"geometry":{"type":"Polygon","coordinates":[[[126.92284271,37.5152964],[126.92280907,37.51522989],[126.92279978,37.51523358],[126.92278092,37.51520347],[126.92276724,37.51519256],[126.92269686,37.51521846],[126.92275988,37.51532689],[126.92284271,37.5152964]]]}},{"type":"Feature","id":"seoul-building-501647","properties":{"id":"seoul-building-501647","sourceId":"2004193100354453624100000000","pnu":"1156013200112410000","name":"서울특별시 영등포구 신길동","address":"서울특별시 영등포구 신길동","useName":"공동주택","floors":5.0,"height":13.0,"heightSource":"measured","heightRaw":13.0,"sourceDate":"2026-09-09"},"geometry":{"type":"Polygon","coordinates":[[[126.92286112,37.51047641],[126.92282841,37.51039151],[126.92264219,37.51043716],[126.9226697,37.51052367],[126.92286112,37.51047641]]]}},{"type":"Feature","id":"seoul-building-501658","properties":{"id":"seoul-building-501658","sourceId":"0000193117294457145900000000","pnu":"1156013200100690039","name":"서울특별시 영등포구 신길동","address":"서울특별시 영등포구 신길동","useName":"","floors":0.0,"height":0,"heightSource":"unknown","heightRaw":0.0,"sourceDate":"2026-09-09"},"geometry":{"type":"Polygon","coordinates":[[[126.92297416,37.51362775],[126.92295631,37.51360683],[126.92291681,37.51362834],[126.92290357,37.51363554],[126.92291679,37.51365312],[126.92291724,37.51365375],[126.92297416,37.51362775]]]}},{"type":"Feature","id":"seoul-building-501678","properties":{"id":"seoul-building-501678","sourceId":"0000193143794456963200000000","pnu":"1156013200100700034","name":"서울특별시 영등포구 신길동","address":"서울특별시 영등포구 신길동","useName":"","floors":0.0,"height":0,"heightSource":"unknown","heightRaw":0.0,"sourceDate":"2026-09-09"},"geometry":{"type":"Polygon","coordinates":[[[126.92325319,37.51341682],[126.92323896,37.51338645],[126.92319936,37.51339822],[126.92321085,37.51344842],[126.92322987,37.51354312],[126.92327762,37.51353478],[126.92325319,37.51341682]]]}},{"type":"Feature","id":"seoul-building-501693","properties":{"id":"seoul-building-501693","sourceId":"1985193010654458986000000000","pnu":"1156013200100070058","name":"서울특별시 영등포구 신길동","address":"서울특별시 영등포구 신길동","useName":"단독주택","floors":1.0,"height":4.2,"heightSource":"estimated","heightRaw":0.0,"sourceDate":"2026-09-09"},"geometry":{"type":"Polygon","coordinates":[[[126.92167758,37.51529575],[126.92169454,37.51532275],[126.92169798,37.51532808],[126.92178081,37.51529498],[126.92174795,37.51524261],[126.9217114,37.51525718],[126.92172394,37.51527719],[126.92167758,37.51529575]]]}},{"type":"Feature","id":"seoul-building-501706","properties":{"id":"seoul-building-501706","sourceId":"1987193198824457892600000000","pnu":"1156013200100020003","name":"삼두아파트","address":"서울특별시 영등포구 신길동","useName":"공동주택","floors":10.0,"height":30.5,"heightSource":"estimated","heightRaw":0.0,"sourceDate":"2026-09-09"},"geometry":{"type":"Polygon","coordinates":[[[126.92405842,37.51463892],[126.92379083,37.51394399],[126.92372057,37.5139607],[126.92371335,37.5139415],[126.92365927,37.51395354],[126.92392967,37.51466848],[126.92405842,37.51463892]]]}},{"type":"Feature","id":"seoul-building-501721","properties":{"id":"seoul-building-501721","sourceId":"2002193078754453770400000000","pnu":"1156013200104540003","name":"이레아키빌","address":"서울특별시 영등포구 신길동","useName":"공동주택","floors":5.0,"height":13.8,"heightSource":"measured","heightRaw":13.8,"sourceDate":"2026-09-09"},"geometry":{"type":"Polygon","coordinates":[[[126.92261222,37.51065176],[126.92254634,37.5104917],[126.92240016,37.51053089],[126.92246244,37.51068257],[126.92261222,37.51065176]]]}},{"type":"Feature","id":"seoul-building-501723","properties":{"id":"seoul-building-501723","sourceId":"2003193071694453519600000000","pnu":"1156013200104540004","name":"서울특별시 영등포구 신길동","address":"서울특별시 영등포구 신길동","useName":"공동주택","floors":6.0,"height":18.15,"heightSource":"measured","heightRaw":18.15,"sourceDate":"2026-09-09"},"geometry":{"type":"Polygon","coordinates":[[[126.92252649,37.51043114],[126.92246333,37.51025828],[126.92233741,37.51028343],[126.92235478,37.51033525],[126.92233962,37.51034038],[126.92238417,37.51046745],[126.92252649,37.51043114]]]}},{"type":"Feature","id":"seoul-building-501724","properties":{"id":"seoul-building-501724","sourceId":"2009193141134454197400000000","pnu":"1156013200112700000","name":"만민베스트빌","address":"서울특별시 영등포구 신길동","useName":"공동주택","floors":5.0,"height":14.4,"heightSource":"measured","heightRaw":14.4,"sourceDate":"2026-09-09"},"geometry":{"type":"Polygon","coordinates":[[[126.9233216,37.51100146],[126.92328189,37.51090385],[126.92309861,37.51094869],[126.92314115,37.51104368],[126.9233216,37.51100146]]]}},{"type":"Feature","id":"seoul-building-501725","properties":{"id":"seoul-building-501725","sourceId":"2008192999464457918800000000","pnu":"1156013200100650095","name":"제선주택10차","address":"서울특별시 영등포구 신길동","useName":"공동주택","floors":5.0,"height":14.5,"heightSource":"measured","heightRaw":14.5,"sourceDate":"2026-09-09"},"geometry":{"type":"Polygon","coordinates":[[[126.9216663,37.51434257],[126.92164221,37.51426936],[126.92154129,37.51429042],[126.92157971,37.51439339],[126.92161019,37.51438577],[126.92160758,37.51437287],[126.92164779,37.51436294],[126.92164518,37.51435497],[126.92166268,37.51435132],[126.92166021,37.51434384],[126.9216663,37.51434257]]]}},{"type":"Feature","id":"seoul-building-501749","properties":{"id":"seoul-building-501749","sourceId":"1994193175994458257600000000","pnu":"1156013200100040077","name":"서울특별시 영등포구 신길동","address":"서울특별시 영등포구 신길동","useName":"단독주택","floors":4.0,"height":13.8,"heightSource":"estimated","heightRaw":0.0,"sourceDate":"2026-09-09"},"geometry":{"type":"Polygon","coordinates":[[[126.92368237,37.51459471],[126.92364008,37.51458756],[126.92357718,37.5145923],[126.92351068,37.51458586],[126.92349748,37.51466082],[126.92369778,37.5146832],[126.92370652,37.51464987],[126.92368684,37.51464653],[126.92369468,37.5146176],[126.92367704,37.51461461],[126.92368237,37.51459471]]]}},{"type":"Feature","id":"seoul-building-501780","properties":{"id":"seoul-building-501780","sourceId":"2002193266884457522300000000","pnu":"1156013200114050000","name":"서울특별시 영등포구 신길동","address":"서울특별시 영등포구 신길동","useName":"공동주택","floors":4.0,"height":13.1,"heightSource":"measured","heightRaw":13.1,"sourceDate":"2026-09-09"},"geometry":{"type":"Polygon","coordinates":[[[126.92470242,37.51402711],[126.92465719,37.51389336],[126.92455797,37.51391475],[126.92460365,37.51404867],[126.92470242,37.51402711]]]}},{"type":"Feature","id":"seoul-building-501784","properties":{"id":"seoul-building-501784","sourceId":"2002193054194454520100000000","pnu":"1156013200104530007","name":"서울특별시 영등포구 신길동","address":"서울특별시 영등포구 신길동","useName":"공동주택","floors":5.0,"height":13.71,"heightSource":"measured","heightRaw":13.71,"sourceDate":"2026-09-09"},"geometry":{"type":"Polygon","coordinates":[[[126.92231407,37.51131497],[126.92226285,37.51118348],[126.92214078,37.51121377],[126.92219199,37.51134526],[126.92231407,37.51131497]]]}},{"type":"Feature","id":"seoul-building-501788","properties":{"id":"seoul-building-501788","sourceId":"1994193119244458274200000000","pnu":"1156013200100040004","name":"서울특별시 영등포구 신길동","address":"서울특별시 영등포구 신길동","useName":"공동주택","floors":3.0,"height":10.2,"heightSource":"measured","heightRaw":10.2,"sourceDate":"2026-09-09"},"geometry":{"type":"Polygon","coordinates":[[[126.92294656,37.51473155],[126.9229486,37.51472173],[126.92299395,37.51472753],[126.92300911,37.51461697],[126.9230186,37.51461779],[126.92302442,37.51457518],[126.92292738,37.51456673],[126.92292418,37.51459043],[126.92291943,37.51459007],[126.92291681,37.51460926],[126.92290325,37.51470341],[126.92290768,37.51470386],[126.92290437,37.51472639],[126.9229167,37.51472756],[126.92294656,37.51473155]]]}},{"type":"Feature","id":"seoul-building-501817","properties":{"id":"seoul-building-501817","sourceId":"1995192964464453181200000000","pnu":"1156013200104640016","name":"서울특별시 영등포구 신길동","address":"서울특별시 영등포구 신길동","useName":"단독주택","floors":3.0,"height":9.0,"heightSource":"measured","heightRaw":9.0,"sourceDate":"2026-09-09"},"geometry":{"type":"Polygon","coordinates":[[[126.92125526,37.51003386],[126.92116377,37.51002947],[126.92116473,37.51008308],[126.92123734,37.51008421],[126.92126981,37.51007045],[126.92127188,37.51004234],[126.92125469,37.51004152],[126.92125526,37.51003386]]]}},{"type":"Feature","id":"seoul-building-501818","properties":{"id":"seoul-building-501818","sourceId":"1991193180134458841200000000","pnu":"1156013200100090017","name":"서울특별시 영등포구 신길동","address":"서울특별시 영등포구 신길동","useName":"단독주택","floors":2.0,"height":7.4,"heightSource":"estimated","heightRaw":0.0,"sourceDate":"2026-09-09"},"geometry":{"type":"Polygon","coordinates":[[[126.92370622,37.5151702],[126.92367245,37.51511584],[126.92357989,37.51515741],[126.92359717,37.51517805],[126.92366174,37.5151926],[126.92370622,37.5151702]]]}},{"type":"Feature","id":"seoul-building-501838","properties":{"id":"seoul-building-501838","sourceId":"2008193263214457873600000000","pnu":"1156013200100020052","name":"한가람빌라","address":"서울특별시 영등포구 신길동","useName":"공동주택","floors":5.0,"height":14.1,"heightSource":"measured","heightRaw":14.1,"sourceDate":"2026-09-09"},"geometry":{"type":"Polygon","coordinates":[[[126.92468709,37.5143119],[126.92463911,37.51422204],[126.92449078,37.51426231],[126.92453672,37.51435298],[126.92468709,37.5143119]]]}},{"type":"Feature","id":"seoul-building-501843","properties":{"id":"seoul-building-501843","sourceId":"2008193267724458040200000000","pnu":"1156013200100020001","name":"한가람빌라","address":"서울특별시 영등포구 신길동","useName":"공동주택","floors":5.0,"height":14.0,"heightSource":"measured","heightRaw":14.0,"sourceDate":"2026-09-09"},"geometry":{"type":"Polygon","coordinates":[[[126.92471973,37.51446536],[126.92467254,37.51437388],[126.92456064,37.51441012],[126.9246024,37.51449997],[126.92471973,37.51446536]]]}},{"type":"Feature","id":"seoul-building-501927","properties":{"id":"seoul-building-501927","sourceId":"1978193002414463853800000000","pnu":"1156011000100380001","name":"서울특별시 영등포구 여의도동","address":"서울특별시 영등포구 여의도동","useName":"공동주택","floors":14.0,"height":42.3,"heightSource":"estimated","heightRaw":0.0,"sourceDate":"2026-09-09"},"geometry":{"type":"Polygon","coordinates":[[[126.92192036,37.51976397],[126.9213583,37.51941806],[126.92128152,37.51950054],[126.92127824,37.51949882],[126.92125344,37.51952142],[126.92191611,37.51993498],[126.92193921,37.51991138],[126.92193085,37.51990714],[126.92200468,37.51983097],[126.92191119,37.51977342],[126.92192036,37.51976397]]]}},{"type":"Feature","id":"seoul-building-501944","properties":{"id":"seoul-building-501944","sourceId":"2003192880044454966200000000","pnu":"1156013200100910047","name":"행복맨션1동","address":"서울특별시 영등포구 신길동","useName":"공동주택","floors":5.0,"height":14.7,"heightSource":"measured","heightRaw":14.7,"sourceDate":"2026-09-09"},"geometry":{"type":"Polygon","coordinates":[[[126.92040881,37.5116077],[126.92038061,37.51153677],[126.92013669,37.51159815],[126.92020896,37.51181759],[126.92032469,37.5117883],[126.92027384,37.51164176],[126.92040881,37.5116077]]]}},{"type":"Feature","id":"seoul-building-501980","properties":{"id":"seoul-building-501980","sourceId":"2002192919524454988300000000","pnu":"1156013200100880021","name":"서울특별시 영등포구 신길동","address":"서울특별시 영등포구 신길동","useName":"단독주택","floors":3.0,"height":8.0,"heightSource":"measured","heightRaw":8.0,"sourceDate":"2026-09-09"},"geometry":{"type":"Polygon","coordinates":[[[126.92074552,37.51172623],[126.92074375,37.51169632],[126.92078537,37.51169436],[126.92078224,37.51164931],[126.92062909,37.51165633],[126.92063367,37.51172057],[126.92069984,37.511718],[126.92070039,37.51172791],[126.92074552,37.51172623]]]}},{"type":"Feature","id":"seoul-building-501981","properties":{"id":"seoul-building-501981","sourceId":"1990193135884459024800000000","pnu":"1156013200100090061","name":"서울특별시 영등포구 신길동","address":"서울특별시 영등포구 신길동","useName":"단독주택","floors":2.0,"height":6.7,"heightSource":"measured","heightRaw":6.7,"sourceDate":"2026-09-09"},"geometry":{"type":"Polygon","coordinates":[[[126.92310277,37.51538515],[126.92317588,37.51534528],[126.92318503,37.51535583],[126.92323144,37.51532892],[126.92320556,37.51530079],[126.92321247,37.51529674],[126.92318106,37.51526248],[126.92313975,37.51528651],[126.92313432,37.51528056],[126.92308509,37.51530918],[126.92309119,37.51531585],[126.92307002,37.51533034],[126.92308279,37.51534639],[126.92307453,37.51535062],[126.92310277,37.51538515]]]}},{"type":"Feature","id":"seoul-building-501982","properties":{"id":"seoul-building-501982","sourceId":"1990193140334459114000000000","pnu":"1156013200100090065","name":"서울특별시 영등포구 신길동","address":"서울특별시 영등포구 신길동","useName":"단독주택","floors":2.0,"height":7.4,"heightSource":"estimated","heightRaw":0.0,"sourceDate":"2026-09-09"},"geometry":{"type":"Polygon","coordinates":[[[126.92328905,37.51539833],[126.92324375,37.51534055],[126.9231135,37.5154038],[126.92312332,37.51541958],[126.92311653,37.51542219],[126.92314589,37.51546951],[126.92328905,37.51539833]]]}},{"type":"Feature","id":"seoul-building-501992","properties":{"id":"seoul-building-501992","sourceId":"1992192920094455364500000000","pnu":"1156013200100880009","name":"서울특별시 영등포구 신길동","address":"서울특별시 영등포구 신길동","useName":"단독주택","floors":2.0,"height":7.4,"heightSource":"estimated","heightRaw":0.0,"sourceDate":"2026-09-09"},"geometry":{"type":"Polygon","coordinates":[[[126.92077187,37.51205241],[126.92075181,37.51197834],[126.92064853,37.51199646],[126.92066632,37.51206883],[126.92077187,37.51205241]]]}},{"type":"Feature","id":"seoul-building-502001","properties":{"id":"seoul-building-502001","sourceId":"1966192886044457844800000000","pnu":"1156013200100970032","name":"서울특별시 영등포구 신길동","address":"서울특별시 영등포구 신길동","useName":"단독주택","floors":3.0,"height":10.6,"heightSource":"estimated","heightRaw":0.0,"sourceDate":"2026-09-09"},"geometry":{"type":"Polygon","coordinates":[[[126.92039166,37.51423619],[126.92029273,37.51419189],[126.92027439,37.51420962],[126.92029277,37.51426685],[126.92026456,37.51430107],[126.92032652,37.51432859],[126.92039166,37.51423619]]]}},{"type":"Feature","id":"seoul-building-502032","properties":{"id":"seoul-building-502032","sourceId":"2002193055474458630800000000","pnu":"1156013200100050001","name":"서울특별시 영등포구 신길동","address":"서울특별시 영등포구 신길동","useName":"공동주택","floors":5.0,"height":13.5,"heightSource":"measured","heightRaw":13.5,"sourceDate":"2026-09-09"},"geometry":{"type":"Polygon","coordinates":[[[126.92233171,37.51494773],[126.92230653,37.51489266],[126.9221857,37.51492123],[126.92220559,37.51494179],[126.92217901,37.51494709],[126.92218813,37.51497304],[126.92215352,37.51498437],[126.92215293,37.51500392],[126.92217822,37.51504737],[126.92228662,37.51501203],[126.92228157,37.51496517],[126.92233171,37.51494773]]]}},{"type":"Feature","id":"seoul-building-502069","properties":{"id":"seoul-building-502069","sourceId":"1988193047054453804300000000","pnu":"1156013200104540015","name":"서울특별시 영등포구 신길동","address":"서울특별시 영등포구 신길동","useName":"단독주택","floors":2.0,"height":7.4,"heightSource":"estimated","heightRaw":0.0,"sourceDate":"2026-09-09"},"geometry":{"type":"Polygon","coordinates":[[[126.92222474,37.5106397],[126.92220332,37.51057212],[126.92207005,37.51059897],[126.92209147,37.51066655],[126.92222474,37.5106397]]]}},{"type":"Feature","id":"seoul-building-502070","properties":{"id":"seoul-building-502070","sourceId":"0000192958864454114000000000","pnu":"1156013200104650010","name":"서울특별시 영등포구 신길동","address":"서울특별시 영등포구 신길동","useName":"","floors":0.0,"height":0,"heightSource":"unknown","heightRaw":0.0,"sourceDate":"2026-09-09"},"geometry":{"type":"Polygon","coordinates":[[[126.92118083,37.51091373],[126.92118244,37.51088211],[126.92111807,37.51088188],[126.92111668,37.51091315],[126.92118083,37.51091373]]]}},{"type":"Feature","id":"seoul-building-502089","properties":{"id":"seoul-building-502089","sourceId":"1992192858794456612600000000","pnu":"1156013200100950298","name":"서울특별시 영등포구 신길동","address":"서울특별시 영등포구 신길동","useName":"공동주택","floors":3.0,"height":12.0,"heightSource":"measured","heightRaw":12.0,"sourceDate":"2026-09-09"},"geometry":{"type":"Polygon","coordinates":[[[126.92006946,37.5131281],[126.9200521,37.51307367],[126.91998648,37.51308704],[126.91998771,37.5130911],[126.91994903,37.51309891],[126.91996718,37.51315145],[126.91996254,37.51315244],[126.91996311,37.51315415],[126.91996231,37.51315686],[126.91996208,37.51316028],[126.91996174,37.51316388],[126.91996174,37.51316713],[126.91996377,37.51317046],[126.91996704,37.51317407],[126.91996976,37.5131766],[126.91997575,37.51317759],[126.91996466,37.51317911],[126.91997887,37.51322228],[126.92007854,37.51320199],[126.920064,37.51315656],[126.92007101,37.51315513],[126.9200629,37.51312944],[126.92006946,37.5131281]]]}},{"type":"Feature","id":"seoul-building-502090","properties":{"id":"seoul-building-502090","sourceId":"1980193146804454397800000000","pnu":"1156013200112690000","name":"서울특별시 영등포구 신길동","address":"서울특별시 영등포구 신길동","useName":"단독주택","floors":2.0,"height":7.4,"heightSource":"estimated","heightRaw":0.0,"sourceDate":"2026-09-09"},"geometry":{"type":"Polygon","coordinates":[[[126.92339823,37.51117333],[126.92337262,37.51111033],[126.92333901,37.51111905],[126.92332942,37.51109534],[126.92324072,37.51111817],[126.92323384,37.51110123],[126.92316268,37.51111965],[126.92320488,37.5112232],[126.92339823,37.51117333]]]}},{"type":"Feature","id":"seoul-building-502111","properties":{"id":"seoul-building-502111","sourceId":"0000193175584458071600000000","pnu":"1156013200100030003","name":"서울특별시 영등포구 신길동","address":"서울특별시 영등포구 신길동","useName":"","floors":0.0,"height":0,"heightSource":"unknown","heightRaw":0.0,"sourceDate":"2026-09-09"},"geometry":{"type":"Polygon","coordinates":[[[126.92363283,37.51448908],[126.92361546,37.51443627],[126.92355843,37.51445714],[126.92356429,37.5144793],[126.9235719,37.51448039],[126.92358322,37.51448201],[126.92363283,37.51448908]]]}},{"type":"Feature","id":"seoul-building-502112","properties":{"id":"seoul-building-502112","sourceId":"1967193134264454457700000000","pnu":"1156013200112750000","name":"서울특별시 영등포구 신길동","address":"서울특별시 영등포구 신길동","useName":"단독주택","floors":2.0,"height":7.4,"heightSource":"estimated","heightRaw":0.0,"sourceDate":"2026-09-09"},"geometry":{"type":"Polygon","coordinates":[[[126.92319333,37.51123869],[126.92316535,37.51115407],[126.92312395,37.51116278],[126.92312688,37.51117171],[126.92307167,37.51118338],[126.92309671,37.51125899],[126.92319333,37.51123869]]]}},{"type":"Feature","id":"seoul-building-502113","properties":{"id":"seoul-building-502113","sourceId":"1990193021984459285700000000","pnu":"1156013200100070042","name":"서울특별시 영등포구 신길동","address":"서울특별시 영등포구 신길동","useName":"단독주택","floors":2.0,"height":7.4,"heightSource":"estimated","heightRaw":0.0,"sourceDate":"2026-09-09"},"geometry":{"type":"Polygon","coordinates":[[[126.92193388,37.51558233],[126.92188431,37.51550085],[126.92183576,37.51551965],[126.92182944,37.51550937],[126.92178304,37.51552736],[126.92183894,37.51561903],[126.92193388,37.51558233]]]}},{"type":"Feature","id":"seoul-building-502114","properties":{"id":"seoul-building-502114","sourceId":"1990193032444459120500000000","pnu":"1156013200100070038","name":"서울특별시 영등포구 신길동","address":"서울특별시 영등포구 신길동","useName":"단독주택","floors":2.0,"height":7.4,"heightSource":"estimated","heightRaw":0.0,"sourceDate":"2026-09-09"},"geometry":{"type":"Polygon","coordinates":[[[126.92204512,37.51542517],[126.92200131,37.51535333],[126.9219522,37.51537232],[126.92195434,37.51537602],[126.92191372,37.51539167],[126.92192998,37.51541835],[126.92192081,37.51542185],[126.92194622,37.5154635],[126.92204512,37.51542517]]]}},{"type":"Feature","id":"seoul-building-502115","properties":{"id":"seoul-building-502115","sourceId":"1989193009054459262700000000","pnu":"1156013200100070046","name":"서울특별시 영등포구 신길동","address":"서울특별시 영등포구 신길동","useName":"단독주택","floors":2.0,"height":7.4,"heightSource":"estimated","heightRaw":0.0,"sourceDate":"2026-09-09"},"geometry":{"type":"Polygon","coordinates":[[[126.92167416,37.51559288],[126.92174092,37.51556832],[126.92174341,37.51557256],[126.92178527,37.51555709],[126.92173921,37.51547777],[126.92168874,37.51549639],[126.92169202,37.51550198],[126.92164551,37.51551907],[126.92166131,37.51554629],[126.92164955,37.5155506],[126.92167416,37.51559288]]]}},{"type":"Feature","id":"seoul-building-502116","properties":{"id":"seoul-building-502116","sourceId":"0000193129684456993500000000","pnu":"1156013200100700034","name":"서울특별시 영등포구 신길동","address":"서울특별시 영등포구 신길동","useName":"","floors":0.0,"height":0,"heightSource":"unknown","heightRaw":0.0,"sourceDate":"2026-09-09"},"geometry":{"type":"Polygon","coordinates":[[[126.92314802,37.51347679],[126.92310728,37.51343346],[126.92299862,37.51349816],[126.92305072,37.51355352],[126.92315386,37.51349178],[126.92315914,37.51348863],[126.92314802,37.51347679]]]}},{"type":"Feature","id":"seoul-building-502117","properties":{"id":"seoul-building-502117","sourceId":"1985193125554458719000000000","pnu":"1156013200100080018","name":"서울특별시 영등포구 신길동","address":"서울특별시 영등포구 신길동","useName":"단독주택","floors":1.0,"height":4.2,"heightSource":"estimated","heightRaw":0.0,"sourceDate":"2026-09-09"},"geometry":{"type":"Polygon","coordinates":[[[126.92308317,37.51508087],[126.92304106,37.51500434],[126.92297511,37.51500601],[126.92302705,37.51510029],[126.92308317,37.51508087]]]}},{"type":"Feature","id":"seoul-building-502135","properties":{"id":"seoul-building-502135","sourceId":"1997192936874454357700000000","pnu":"1156013200100890104","name":"서울특별시 영등포구 신길동","address":"서울특별시 영등포구 신길동","useName":"단독주택","floors":2.0,"height":7.0,"heightSource":"measured","heightRaw":7.0,"sourceDate":"2026-09-09"},"geometry":{"type":"Polygon","coordinates":[[[126.92094282,37.51115197],[126.92094041,37.51107944],[126.92085615,37.51108119],[126.920865,37.51115778],[126.92094282,37.51115197]]]}},{"type":"Feature","id":"seoul-building-502136","properties":{"id":"seoul-building-502136","sourceId":"1990192921054454363200000000","pnu":"1156013200100880033","name":"서울특별시 영등포구 신길동","address":"서울특별시 영등포구 신길동","useName":"단독주택","floors":2.0,"height":7.4,"heightSource":"estimated","heightRaw":0.0,"sourceDate":"2026-09-09"},"geometry":{"type":"Polygon","coordinates":[[[126.92077916,37.51115483],[126.92077639,37.51108888],[126.92073138,37.51109002],[126.92073087,37.51108396],[126.92066544,37.51108404],[126.92067294,37.51116135],[126.92077916,37.51115483]]]}},{"type":"Feature","id":"seoul-building-502143","properties":{"id":"seoul-building-502143","sourceId":"1995193125244459261600000000","pnu":"1156013200100090058","name":"서울특별시 영등포구 신길동","address":"서울특별시 영등포구 신길동","useName":"제2종근린생활시설","floors":2.0,"height":7.4,"heightSource":"estimated","heightRaw":0.0,"sourceDate":"2026-09-09"},"geometry":{"type":"Polygon","coordinates":[[[126.92308591,37.51551118],[126.92308558,37.51551068],[126.92303835,37.51544367],[126.92292416,37.51549513],[126.92301949,37.51563196],[126.92312111,37.51558581],[126.92309661,37.51554426],[126.92310645,37.5155403],[126.92308591,37.51551118]]]}},{"type":"Feature","id":"seoul-building-502146","properties":{"id":"seoul-building-502146","sourceId":"0000193150854458022400000000","pnu":"1156013200100030020","name":"서울특별시 영등포구 신길동","address":"서울특별시 영등포구 신길동","useName":"","floors":0.0,"height":0,"heightSource":"unknown","heightRaw":0.0,"sourceDate":"2026-09-09"},"geometry":{"type":"Polygon","coordinates":[[[126.92336537,37.51443034],[126.92332334,37.51438977],[126.92325792,37.51442595],[126.92334307,37.51444511],[126.92336537,37.51443034]]]}},{"type":"Feature","id":"seoul-building-502153","properties":{"id":"seoul-building-502153","sourceId":"1997193112304458618300000000","pnu":"1156013200100080011","name":"서울특별시 영등포구 신길동","address":"서울특별시 영등포구 신길동","useName":"단독주택","floors":2.0,"height":7.2,"heightSource":"measured","heightRaw":7.2,"sourceDate":"2026-09-09"},"geometry":{"type":"Polygon","coordinates":[[[126.92291674,37.5150112],[126.92295261,37.51500293],[126.92291675,37.51490029],[126.9229137,37.51489136],[126.92290431,37.51489343],[126.92290262,37.51488856],[126.92282139,37.51490662],[126.92283108,37.51493447],[126.92281072,37.51493905],[126.92284016,37.51501286],[126.92285996,37.51501026],[126.92286266,37.51502369],[126.92291674,37.5150112]]]}},{"type":"Feature","id":"seoul-building-502158","properties":{"id":"seoul-building-502158","sourceId":"2008192867904456524000000000","pnu":"1156013200100950182","name":"서울특별시 영등포구 신길동","address":"서울특별시 영등포구 신길동","useName":"제1종근린생활시설","floors":3.0,"height":9.8,"heightSource":"measured","heightRaw":9.8,"sourceDate":"2026-09-09"},"geometry":{"type":"Polygon","coordinates":[[[126.92017818,37.51310249],[126.9201465,37.51301327],[126.92005971,37.51303448],[126.92008835,37.51312279],[126.92017818,37.51310249]]]}},{"type":"Feature","id":"seoul-building-502181","properties":{"id":"seoul-building-502181","sourceId":"1990192987554456566200000000","pnu":"1156013200100710033","name":"서울특별시 영등포구 신길동","address":"서울특별시 영등포구 신길동","useName":"단독주택","floors":2.0,"height":7.4,"heightSource":"estimated","heightRaw":0.0,"sourceDate":"2026-09-09"},"geometry":{"type":"Polygon","coordinates":[[[126.92153772,37.51313737],[126.92151009,37.513055],[126.92140567,37.51307728],[126.9214333,37.51315965],[126.92153772,37.51313737]]]}},{"type":"Feature","id":"seoul-building-502182","properties":{"id":"seoul-building-502182","sourceId":"1994192940914456430000000000","pnu":"1156013200100950122","name":"서울특별시 영등포구 신길동","address":"서울특별시 영등포구 신길동","useName":"단독주택","floors":2.0,"height":7.4,"heightSource":"estimated","heightRaw":0.0,"sourceDate":"2026-09-09"},"geometry":{"type":"Polygon","coordinates":[[[126.9210094,37.51301151],[126.92097295,37.5129304],[126.92087916,37.51295709],[126.92091549,37.51303821],[126.9210094,37.51301151]]]}},{"type":"Feature","id":"seoul-building-502183","properties":{"id":"seoul-building-502183","sourceId":"1989192941864456554200000000","pnu":"1156013200100950219","name":"서울특별시 영등포구 신길동","address":"서울특별시 영등포구 신길동","useName":"단독주택","floors":2.0,"height":7.4,"heightSource":"estimated","heightRaw":0.0,"sourceDate":"2026-09-09"},"geometry":{"type":"Polygon","coordinates":[[[126.92101452,37.5130854],[126.9209967,37.51303935],[126.92089341,37.51306099],[126.92092543,37.51315742],[126.92100462,37.5131408],[126.92098828,37.51309178],[126.92101452,37.5130854]]]}},{"type":"Feature","id":"seoul-building-502185","properties":{"id":"seoul-building-502185","sourceId":"1990192874424456387400000000","pnu":"1156013200100950185","name":"서울특별시 영등포구 신길동","address":"서울특별시 영등포구 신길동","useName":"단독주택","floors":2.0,"height":7.4,"heightSource":"estimated","heightRaw":0.0,"sourceDate":"2026-09-09"},"geometry":{"type":"Polygon","coordinates":[[[126.92025137,37.51297857],[126.9202259,37.51290043],[126.92019886,37.51290609],[126.9201957,37.51289645],[126.9201345,37.51290911],[126.92016302,37.5129968],[126.92025137,37.51297857]]]}},{"type":"Feature","id":"seoul-building-502187","properties":{"id":"seoul-building-502187","sourceId":"1990192865604456409700000000","pnu":"1156013200100950178","name":"서울특별시 영등포구 신길동","address":"서울특별시 영등포구 신길동","useName":"단독주택","floors":2.0,"height":7.4,"heightSource":"estimated","heightRaw":0.0,"sourceDate":"2026-09-09"},"geometry":{"type":"Polygon","coordinates":[[[126.92015352,37.51299913],[126.92012025,37.51290243],[126.9200604,37.51291555],[126.92006615,37.51293222],[126.92003719,37.51293851],[126.92004655,37.51296572],[126.92003738,37.5129677],[126.92005712,37.51302483],[126.92015352,37.51299913]]]}},{"type":"Feature","id":"seoul-building-502189","properties":{"id":"seoul-building-502189","sourceId":"1987192933174456004200000000","pnu":"1156013200100950207","name":"서울특별시 영등포구 신길동","address":"서울특별시 영등포구 신길동","useName":"단독주택","floors":2.0,"height":7.4,"heightSource":"estimated","heightRaw":0.0,"sourceDate":"2026-09-09"},"geometry":{"type":"Polygon","coordinates":[[[126.92092521,37.51261528],[126.92089475,37.51254256],[126.92084203,37.51255658],[126.92084778,37.51257055],[126.9207868,37.51258672],[126.92081511,37.51265468],[126.92089794,37.51263275],[126.9208941,37.51262356],[126.92092521,37.51261528]]]}},{"type":"Feature","id":"seoul-building-502232","properties":{"id":"seoul-building-502232","sourceId":"1989192872324456057300000000","pnu":"1156013200100950156","name":"서울특별시 영등포구 신길동","address":"서울특별시 영등포구 신길동","useName":"단독주택","floors":2.0,"height":7.4,"heightSource":"estimated","heightRaw":0.0,"sourceDate":"2026-09-09"},"geometry":{"type":"Polygon","coordinates":[[[126.92022864,37.51266789],[126.92020835,37.51260182],[126.92015744,37.51261171],[126.92015947,37.51261829],[126.92010833,37.51262816],[126.92012862,37.51269431],[126.92022864,37.51266789]]]}},{"type":"Feature","id":"seoul-building-502243","properties":{"id":"seoul-building-502243","sourceId":"1989192912684455900100000000","pnu":"1156013200100950216","name":"서울특별시 영등포구 신길동","address":"서울특별시 영등포구 신길동","useName":"단독주택","floors":2.0,"height":7.4,"heightSource":"estimated","heightRaw":0.0,"sourceDate":"2026-09-09"},"geometry":{"type":"Polygon","coordinates":[[[126.92069908,37.5125326],[126.92066975,37.51246762],[126.92062336,37.51248092],[126.92061016,37.51245172],[126.92055619,37.51246718],[126.92059861,37.51256136],[126.92069908,37.5125326]]]}},{"type":"Feature","id":"seoul-building-502244","properties":{"id":"seoul-building-502244","sourceId":"1991192858584456084300000000","pnu":"1156013200100950162","name":"서울특별시 영등포구 신길동","address":"서울특별시 영등포구 신길동","useName":"단독주택","floors":2.0,"height":7.4,"heightSource":"estimated","heightRaw":0.0,"sourceDate":"2026-09-09"},"geometry":{"type":"Polygon","coordinates":[[[126.92008371,37.51270302],[126.92007053,37.51265516],[126.92005763,37.51265741],[126.92004738,37.51262055],[126.91994771,37.51263796],[126.91997103,37.51272267],[126.92008371,37.51270302]]]}},{"type":"Feature","id":"seoul-building-502245","properties":{"id":"seoul-building-502245","sourceId":"1986192993184455989200000000","pnu":"1156013200100940024","name":"서울특별시 영등포구 신길동","address":"서울특별시 영등포구 신길동","useName":"단독주택","floors":2.0,"height":7.4,"heightSource":"estimated","heightRaw":0.0,"sourceDate":"2026-09-09"},"geometry":{"type":"Polygon","coordinates":[[[126.92160104,37.51261385],[126.92158028,37.51256599],[126.9215727,37.51256815],[126.92156198,37.51254327],[126.92154807,37.51253912],[126.92151866,37.51254712],[126.92151764,37.51254486],[126.92147352,37.51255682],[126.92150906,37.5126391],[126.92160104,37.51261385]]]}},{"type":"Feature","id":"seoul-building-502246","properties":{"id":"seoul-building-502246","sourceId":"1967192991084456648900000000","pnu":"1156013200100710009","name":"서울특별시 영등포구 신길동","address":"서울특별시 영등포구 신길동","useName":"단독주택","floors":2.0,"height":7.4,"heightSource":"estimated","heightRaw":0.0,"sourceDate":"2026-09-09"},"geometry":{"type":"Polygon","coordinates":[[[126.92158437,37.5131993],[126.9215669,37.51314018],[126.92143872,37.51316451],[126.92145642,37.51322354],[126.92158437,37.5131993]]]}},{"type":"Feature","id":"seoul-building-502247","properties":{"id":"seoul-building-502247","sourceId":"1985193164674457864300000000","pnu":"1156013200100030028","name":"서울특별시 영등포구 신길동","address":"서울특별시 영등포구 신길동","useName":"단독주택","floors":1.0,"height":4.2,"heightSource":"estimated","heightRaw":0.0,"sourceDate":"2026-09-09"},"geometry":{"type":"Polygon","coordinates":[[[126.92352831,37.51428226],[126.92348549,37.51423583],[126.92341951,37.51427435],[126.92342039,37.5142753],[126.92346233,37.51432077],[126.92352831,37.51428226]]]}},{"type":"Feature","id":"seoul-building-502252","properties":{"id":"seoul-building-502252","sourceId":"1971193204644458857300000000","pnu":"1156013200100010025","name":"서울특별시 영등포구 신길동","address":"서울특별시 영등포구 신길동","useName":"단독주택","floors":1.0,"height":4.2,"heightSource":"estimated","heightRaw":0.0,"sourceDate":"2026-09-09"},"geometry":{"type":"Polygon","coordinates":[[[126.92389754,37.5152297],[126.92394778,37.51521063],[126.92394948,37.51521315],[126.92399327,37.51519822],[126.92394811,37.51511431],[126.9238792,37.51513779],[126.92388699,37.5151523],[126.92385881,37.51516192],[126.92387575,37.51519337],[126.92389754,37.5152297]]]}},{"type":"Feature","id":"seoul-building-502283","properties":{"id":"seoul-building-502283","sourceId":"1993192925194456316400000000","pnu":"1156013200100950167","name":"서울특별시 영등포구 신길동","address":"서울특별시 영등포구 신길동","useName":"단독주택","floors":3.0,"height":9.1,"heightSource":"measured","heightRaw":9.1,"sourceDate":"2026-09-09"},"geometry":{"type":"Polygon","coordinates":[[[126.92077037,37.51293531],[126.92083747,37.51291337],[126.92079119,37.51282333],[126.92077908,37.51282881],[126.92077784,37.5128271],[126.92072014,37.51284544],[126.92072059,37.51284751],[126.92069445,37.51285579],[126.92072458,37.51291572],[126.92073081,37.5129132],[126.92074345,37.51293331],[126.92076631,37.51292647],[126.92077037,37.51293531]]]}},{"type":"Feature","id":"seoul-building-502290","properties":{"id":"seoul-building-502290","sourceId":"0000193277334455310200000000","pnu":"1156013200112970000","name":"서울특별시 영등포구 신길동","address":"서울특별시 영등포구 신길동","useName":"","floors":0.0,"height":0,"heightSource":"unknown","heightRaw":0.0,"sourceDate":"2026-09-09"},"geometry":{"type":"Polygon","coordinates":[[[126.92487404,37.51196184],[126.92486817,37.51194652],[126.92485924,37.51194867],[126.92483656,37.5118891],[126.92476472,37.51190644],[126.92478063,37.51194836],[126.92460018,37.51199185],[126.92462217,37.51204962],[126.92487537,37.51198851],[126.92486589,37.51196372],[126.92487404,37.51196184]]]}},{"type":"Feature","id":"seoul-building-502292","properties":{"id":"seoul-building-502292","sourceId":"1960193142014457924800000000","pnu":"1156013200100030008","name":"서울특별시 영등포구 신길동","address":"서울특별시 영등포구 신길동","useName":"단독주택","floors":1.0,"height":4.2,"heightSource":"estimated","heightRaw":0.0,"sourceDate":"2026-09-09"},"geometry":{"type":"Polygon","coordinates":[[[126.92326412,37.51433522],[126.92322903,37.51429589],[126.92317047,37.51433048],[126.92320651,37.51436924],[126.92326412,37.51433522]]]}},{"type":"Feature","id":"seoul-building-502293","properties":{"id":"seoul-building-502293","sourceId":"0000193141084458001200000000","pnu":"1156013200100030012","name":"서울특별시 영등포구 신길동","address":"서울특별시 영등포구 신길동","useName":"","floors":0.0,"height":0,"heightSource":"unknown","heightRaw":0.0,"sourceDate":"2026-09-09"},"geometry":{"type":"Polygon","coordinates":[[[126.92325136,37.51442396],[126.92320628,37.51437267],[126.92316645,37.51439489],[126.92318192,37.51441238],[126.92324683,37.51442603],[126.92325136,37.51442396]]]}},{"type":"Feature","id":"seoul-building-502294","properties":{"id":"seoul-building-502294","sourceId":"1985193159464457795300000000","pnu":"1156013200100030015","name":"서울특별시 영등포구 신길동","address":"서울특별시 영등포구 신길동","useName":"단독주택","floors":1.0,"height":4.2,"heightSource":"estimated","heightRaw":0.0,"sourceDate":"2026-09-09"},"geometry":{"type":"Polygon","coordinates":[[[126.92346603,37.51421741],[126.92342728,37.51417657],[126.92336401,37.51421464],[126.92340277,37.51425549],[126.92346603,37.51421741]]]}},{"type":"Feature","id":"seoul-building-502295","properties":{"id":"seoul-building-502295","sourceId":"1959193146774457973500000000","pnu":"1156013200100030012","name":"서울특별시 영등포구 신길동","address":"서울특별시 영등포구 신길동","useName":"단독주택","floors":1.0,"height":4.2,"heightSource":"estimated","heightRaw":0.0,"sourceDate":"2026-09-09"},"geometry":{"type":"Polygon","coordinates":[[[126.92332221,37.5143859],[126.92327623,37.51433469],[126.92322009,37.51436934],[126.92326686,37.5144173],[126.92332221,37.5143859]]]}},{"type":"Feature","id":"seoul-building-502296","properties":{"id":"seoul-building-502296","sourceId":"1992193042834458671400000000","pnu":"1156013200100070053","name":"서울특별시 영등포구 신길동","address":"서울특별시 영등포구 신길동","useName":"단독주택","floors":3.0,"height":9.1,"heightSource":"measured","heightRaw":9.1,"sourceDate":"2026-09-09"},"geometry":{"type":"Polygon","coordinates":[[[126.92215187,37.5150451],[126.92215247,37.51500816],[126.92214693,37.51500815],[126.92214742,37.51497914],[126.92214254,37.51497914],[126.92214279,37.51496337],[126.92211904,37.51495714],[126.92207017,37.51495737],[126.9220439,37.51498646],[126.92204355,37.51500196],[126.92203393,37.51500186],[126.92203309,37.51504366],[126.92215187,37.5150451]]]}},{"type":"Feature","id":"seoul-building-502297","properties":{"id":"seoul-building-502297","sourceId":"1958193147404457885500000000","pnu":"1156013200100030009","name":"서울특별시 영등포구 신길동","address":"서울특별시 영등포구 신길동","useName":"단독주택","floors":1.0,"height":4.2,"heightSource":"estimated","heightRaw":0.0,"sourceDate":"2026-09-09"},"geometry":{"type":"Polygon","coordinates":[[[126.92332724,37.51429963],[126.92329177,37.51425978],[126.92322986,37.51429488],[126.92323023,37.5142953],[126.92326533,37.51433464],[126.92332724,37.51429963]]]}},{"type":"Feature","id":"seoul-building-502298","properties":{"id":"seoul-building-502298","sourceId":"1985193003844459903700000000","pnu":"1156013200100100025","name":"서울특별시 영등포구 신길동","address":"서울특별시 영등포구 신길동","useName":"단독주택","floors":1.0,"height":4.2,"heightSource":"estimated","heightRaw":0.0,"sourceDate":"2026-09-09"},"geometry":{"type":"Polygon","coordinates":[[[126.9217134,37.51614234],[126.92168498,37.51606357],[126.92158892,37.51608549],[126.92160719,37.51613632],[126.9216446,37.5161677],[126.9217134,37.51614234]]]}},{"type":"Feature","id":"seoul-building-502299","properties":{"id":"seoul-building-502299","sourceId":"1961193154304457971600000000","pnu":"1156013200100030020","name":"서울특별시 영등포구 신길동","address":"서울특별시 영등포구 신길동","useName":"단독주택","floors":1.0,"height":4.2,"heightSource":"estimated","heightRaw":0.0,"sourceDate":"2026-09-09"},"geometry":{"type":"Polygon","coordinates":[[[126.92342625,37.51440732],[126.92333925,37.51431257],[126.9232856,37.51434398],[126.92337713,37.51443774],[126.92342625,37.51440732]]]}},{"type":"Feature","id":"seoul-building-502301","properties":{"id":"seoul-building-502301","sourceId":"0000193082044458724000000000","pnu":"1156013200100080005","name":"서울특별시 영등포구 신길동","address":"서울특별시 영등포구 신길동","useName":"","floors":0.0,"height":0,"heightSource":"unknown","heightRaw":0.0,"sourceDate":"2026-09-09"},"geometry":{"type":"Polygon","coordinates":[[[126.92257317,37.51506261],[126.92255816,37.51502774],[126.92250419,37.51504086],[126.92251863,37.51507745],[126.92257317,37.51506261]]]}},{"type":"Feature","id":"seoul-building-502350","properties":{"id":"seoul-building-502350","sourceId":"1993192874384456653600000000","pnu":"1156013200100950011","name":"서울특별시 영등포구 신길동","address":"서울특별시 영등포구 신길동","useName":"단독주택","floors":3.0,"height":10.3,"heightSource":"measured","heightRaw":10.3,"sourceDate":"2026-09-09"},"geometry":{"type":"Polygon","coordinates":[[[126.92030079,37.51320926],[126.92027351,37.51312292],[126.92008254,37.51316099],[126.92010993,37.5132476],[126.92030079,37.51320926]]]}},{"type":"Feature","id":"seoul-building-502351","properties":{"id":"seoul-building-502351","sourceId":"1992192908434455259600000000","pnu":"1156013200100880013","name":"서울특별시 영등포구 신길동","address":"서울특별시 영등포구 신길동","useName":"단독주택","floors":2.0,"height":7.4,"heightSource":"estimated","heightRaw":0.0,"sourceDate":"2026-09-09"},"geometry":{"type":"Polygon","coordinates":[[[126.92063725,37.51196474],[126.92060783,37.51187219],[126.92054923,37.51188395],[126.92055227,37.5118936],[126.92052014,37.51190006],[126.92054066,37.51196468],[126.9205324,37.51196639],[126.92053776,37.51198363],[126.92063725,37.51196474]]]}},{"type":"Feature","id":"seoul-building-502352","properties":{"id":"seoul-building-502352","sourceId":"0000192902384453623500000000","pnu":"1156013200100890211","name":"서울특별시 영등포구 신길동","address":"서울특별시 영등포구 신길동","useName":"","floors":0.0,"height":0,"heightSource":"unknown","heightRaw":0.0,"sourceDate":"2026-09-09"},"geometry":{"type":"Polygon","coordinates":[[[126.92054339,37.51045487],[126.9205278,37.51043008],[126.92051174,37.51043647],[126.92051467,37.51044097],[126.92047824,37.51045554],[126.92049348,37.51047988],[126.92054339,37.51045487]]]}},{"type":"Feature","id":"seoul-building-502354","properties":{"id":"seoul-building-502354","sourceId":"1992193058104459082700000000","pnu":"1156013200100070028","name":"서울특별시 영등포구 신길동","address":"서울특별시 영등포구 신길동","useName":"단독주택","floors":2.0,"height":7.4,"heightSource":"estimated","heightRaw":0.0,"sourceDate":"2026-09-09"},"geometry":{"type":"Polygon","coordinates":[[[126.9223319,37.51538446],[126.9222935,37.51532623],[126.92224801,37.5153453],[126.92224993,37.51534818],[126.92220252,37.51536807],[126.922239,37.51542332],[126.9223319,37.51538446]]]}},{"type":"Feature","id":"seoul-building-502360","properties":{"id":"seoul-building-502360","sourceId":"1994192949644456398300000000","pnu":"1156013200100950123","name":"서울특별시 영등포구 신길동","address":"서울특별시 영등포구 신길동","useName":"단독주택","floors":2.0,"height":7.4,"heightSource":"estimated","heightRaw":0.0,"sourceDate":"2026-09-09"},"geometry":{"type":"Polygon","coordinates":[[[126.92110885,37.51298212],[126.92107173,37.51290344],[126.92103371,37.51291611],[126.92103111,37.51291125],[126.92097759,37.51292743],[126.92101653,37.51300981],[126.92110885,37.51298212]]]}},{"type":"Feature","id":"seoul-building-502364","properties":{"id":"seoul-building-502364","sourceId":"1966192939914455879700000000","pnu":"1156013200100950206","name":"서울특별시 영등포구 신길동","address":"서울특별시 영등포구 신길동","useName":"단독주택","floors":2.0,"height":7.4,"heightSource":"estimated","heightRaw":0.0,"sourceDate":"2026-09-09"},"geometry":{"type":"Polygon","coordinates":[[[126.92099536,37.51249261],[126.92097843,37.51245575],[126.92095557,37.5124624],[126.92094847,37.51244708],[126.92087108,37.51247001],[126.92089974,37.51253247],[126.92099546,37.51250459],[126.9209906,37.51249405],[126.92099536,37.51249261]]]}},{"type":"Feature","id":"seoul-building-502370","properties":{"id":"seoul-building-502370","sourceId":"1970192866224457007100000000","pnu":"1156013200100950282","name":"서울특별시 영등포구 신길동","address":"서울특별시 영등포구 신길동","useName":"단독주택","floors":2.0,"height":7.4,"heightSource":"estimated","heightRaw":0.0,"sourceDate":"2026-09-09"},"geometry":{"type":"Polygon","coordinates":[[[126.92016225,37.51350045],[126.92015189,37.51346468],[126.92009543,37.513475],[126.9200818,37.51342814],[126.92003112,37.51343748],[126.92006209,37.51356635],[126.92017273,37.51354948],[126.92016654,37.51352434],[126.92016947,37.51351921],[126.92017175,37.51351479],[126.92017141,37.51351091],[126.9201695,37.51350749],[126.92016644,37.51350388],[126.92016225,37.51350045]]]}},{"type":"Feature","id":"seoul-building-502371","properties":{"id":"seoul-building-502371","sourceId":"1990192932934456618700000000","pnu":"1156013200100950218","name":"서울특별시 영등포구 신길동","address":"서울특별시 영등포구 신길동","useName":"단독주택","floors":2.0,"height":7.4,"heightSource":"estimated","heightRaw":0.0,"sourceDate":"2026-09-09"},"geometry":{"type":"Polygon","coordinates":[[[126.92092405,37.51318264],[126.92089574,37.51310253],[126.92087198,37.51310783],[126.92087041,37.51310332],[126.92078533,37.51312236],[126.9208178,37.5132142],[126.9208453,37.513208],[126.9208427,37.51320097],[126.92092405,37.51318264]]]}},{"type":"Feature","id":"seoul-building-502372","properties":{"id":"seoul-building-502372","sourceId":"0000192864714454087900000000","pnu":"1156013200100900008","name":"서울특별시 영등포구 신길동","address":"서울특별시 영등포구 신길동","useName":"","floors":0.0,"height":0,"heightSource":"unknown","heightRaw":0.0,"sourceDate":"2026-09-09"},"geometry":{"type":"Polygon","coordinates":[[[126.92013527,37.51091465],[126.92007963,37.51078883],[126.92004569,37.51080142],[126.92008518,37.51090236],[126.92003732,37.51091809],[126.92004792,37.51094522],[126.92013527,37.51091465]]]}},{"type":"Feature","id":"seoul-building-502374","properties":{"id":"seoul-building-502374","sourceId":"1991192975354456040500000000","pnu":"1156013200100940027","name":"서울특별시 영등포구 신길동","address":"서울특별시 영등포구 신길동","useName":"단독주택","floors":2.0,"height":7.4,"heightSource":"estimated","heightRaw":0.0,"sourceDate":"2026-09-09"},"geometry":{"type":"Polygon","coordinates":[[[126.92139638,37.51266506],[126.92137506,37.51260928],[126.92136544,37.51261161],[126.92135337,37.51257998],[126.92127452,37.51259912],[126.92130779,37.51268645],[126.92139638,37.51266506]]]}},{"type":"Feature","id":"seoul-building-502376","properties":{"id":"seoul-building-502376","sourceId":"1967192890394456208800000000","pnu":"1156013200100950150","name":"서울특별시 영등포구 신길동","address":"서울특별시 영등포구 신길동","useName":"단독주택","floors":2.0,"height":7.4,"heightSource":"estimated","heightRaw":0.0,"sourceDate":"2026-09-09"},"geometry":{"type":"Polygon","coordinates":[[[126.92044498,37.51280552],[126.92043483,37.51277686],[126.92041876,37.51278045],[126.92040816,37.51275045],[126.92037524,37.51275772],[126.92036667,37.51273312],[126.92031101,37.51274551],[126.92033198,37.51280554],[126.92034202,37.51283321],[126.92044622,37.5128093],[126.92044498,37.51280552]]]}},{"type":"Feature","id":"seoul-building-502423","properties":{"id":"seoul-building-502423","sourceId":"1992192863634456807800000000","pnu":"1156013200100950283","name":"서울특별시 영등포구 신길동","address":"서울특별시 영등포구 신길동","useName":"단독주택","floors":2.0,"height":7.4,"heightSource":"estimated","heightRaw":0.0,"sourceDate":"2026-09-09"},"geometry":{"type":"Polygon","coordinates":[[[126.92012631,37.51337726],[126.92009522,37.5132529],[126.92002622,37.51326385],[126.92003354,37.51329332],[126.920016,37.5132961],[126.92003976,37.51339109],[126.92012631,37.51337726]]]}},{"type":"Feature","id":"seoul-building-502424","properties":{"id":"seoul-building-502424","sourceId":"0000193216634455799900000000","pnu":"1156013200113310000","name":"서울특별시 영등포구 신길동","address":"서울특별시 영등포구 신길동","useName":"","floors":0.0,"height":0,"heightSource":"unknown","heightRaw":0.0,"sourceDate":"2026-09-09"},"geometry":{"type":"Polygon","coordinates":[[[126.92412021,37.51247836],[126.92406538,37.51234389],[126.92400689,37.51235908],[126.92406172,37.51249345],[126.92412021,37.51247836]]]}},{"type":"Feature","id":"seoul-building-502425","properties":{"id":"seoul-building-502425","sourceId":"1985193159114457905700000000","pnu":"1156013200100030029","name":"서울특별시 영등포구 신길동","address":"서울특별시 영등포구 신길동","useName":"단독주택","floors":1.0,"height":4.2,"heightSource":"estimated","heightRaw":0.0,"sourceDate":"2026-09-09"},"geometry":{"type":"Polygon","coordinates":[[[126.92346185,37.51432102],[126.92341991,37.51427554],[126.92336018,37.51430979],[126.92340153,37.51435568],[126.92346185,37.51432102]]]}},{"type":"Feature","id":"seoul-building-502426","properties":{"id":"seoul-building-502426","sourceId":"1985193154084457835700000000","pnu":"1156013200100030006","name":"서울특별시 영등포구 신길동","address":"서울특별시 영등포구 신길동","useName":"단독주택","floors":1.0,"height":4.2,"heightSource":"estimated","heightRaw":0.0,"sourceDate":"2026-09-09"},"geometry":{"type":"Polygon","coordinates":[[[126.92340435,37.51425746],[126.92336277,37.51421546],[126.92330573,37.51424569],[126.92334289,37.51429013],[126.92340435,37.51425746]]]}},{"type":"Feature","id":"seoul-building-502427","properties":{"id":"seoul-building-502427","sourceId":"0000193097714458214600000000","pnu":"1156013200100040030","name":"서울특별시 영등포구 신길동","address":"서울특별시 영등포구 신길동","useName":"","floors":0.0,"height":0,"heightSource":"unknown","heightRaw":0.0,"sourceDate":"2026-09-09"},"geometry":{"type":"Polygon","coordinates":[[[126.92275453,37.51457915],[126.92271835,37.51456066],[126.92267407,37.51461541],[126.92272191,37.5146195],[126.92275453,37.51457915]]]}},{"type":"Feature","id":"seoul-building-502476","properties":{"id":"seoul-building-502476","sourceId":"1997192946874458403300000000","pnu":"1156013200100650105","name":"서울특별시 영등포구 신길동","address":"서울특별시 영등포구 신길동","useName":"단독주택","floors":3.0,"height":10.95,"heightSource":"measured","heightRaw":10.95,"sourceDate":"2026-09-09"},"geometry":{"type":"Polygon","coordinates":[[[126.92107111,37.51477436],[126.92105003,37.51470326],[126.92094674,37.51472256],[126.92097672,37.5148253],[126.92105795,37.51481003],[126.9210486,37.51477858],[126.92107111,37.51477436]]]}},{"type":"Feature","id":"seoul-building-502477","properties":{"id":"seoul-building-502477","sourceId":"1991192891534453905100000000","pnu":"1156013200100890166","name":"서울특별시 영등포구 신길동","address":"서울특별시 영등포구 신길동","useName":"단독주택","floors":2.0,"height":7.4,"heightSource":"estimated","heightRaw":0.0,"sourceDate":"2026-09-09"},"geometry":{"type":"Polygon","coordinates":[[[126.92041675,37.51074392],[126.92038776,37.51066875],[126.92036581,37.51067442],[126.92036919,37.51068325],[126.92036285,37.51068451],[126.92038124,37.5107375],[126.92039018,37.51073561],[126.92039571,37.51074751],[126.92041675,37.51074392]]]}},{"type":"Feature","id":"seoul-building-502481","properties":{"id":"seoul-building-502481","sourceId":"1992192996224456093200000000","pnu":"1156013200100940023","name":"서울특별시 영등포구 신길동","address":"서울특별시 영등포구 신길동","useName":"단독주택","floors":2.0,"height":7.4,"heightSource":"estimated","heightRaw":0.0,"sourceDate":"2026-09-09"},"geometry":{"type":"Polygon","coordinates":[[[126.92162946,37.51269423],[126.9216008,37.51262889],[126.92150633,37.51265505],[126.92154221,37.51273463],[126.92161983,37.51271234],[126.92162946,37.51269423]]]}},{"type":"Feature","id":"seoul-building-502482","properties":{"id":"seoul-building-502482","sourceId":"1985193164224457973200000000","pnu":"1156013200100030019","name":"서울특별시 영등포구 신길동","address":"서울특별시 영등포구 신길동","useName":"단독주택","floors":1.0,"height":4.2,"heightSource":"estimated","heightRaw":0.0,"sourceDate":"2026-09-09"},"geometry":{"type":"Polygon","coordinates":[[[126.92351586,37.51437989],[126.92347891,37.51433951],[126.92342142,37.5143729],[126.92345836,37.51441329],[126.92351586,37.51437989]]]}},{"type":"Feature","id":"seoul-building-502483","properties":{"id":"seoul-building-502483","sourceId":"0000193169674457934200000000","pnu":"1156013200100030024","name":"서울특별시 영등포구 신길동","address":"서울특별시 영등포구 신길동","useName":"","floors":0.0,"height":0,"heightSource":"unknown","heightRaw":0.0,"sourceDate":"2026-09-09"},"geometry":{"type":"Polygon","coordinates":[[[126.92357856,37.51434515],[126.92354263,37.51430395],[126.9234822,37.51433743],[126.92351812,37.51437854],[126.92357856,37.51434515]]]}},{"type":"Feature","id":"seoul-building-502484","properties":{"id":"seoul-building-502484","sourceId":"1990193004874459165600000000","pnu":"1156013200100070045","name":"서울특별시 영등포구 신길동","address":"서울특별시 영등포구 신길동","useName":"단독주택","floors":2.0,"height":7.4,"heightSource":"estimated","heightRaw":0.0,"sourceDate":"2026-09-09"},"geometry":{"type":"Polygon","coordinates":[[[126.92173481,37.51546344],[126.92168942,37.5153907],[126.92163838,37.51541103],[126.92164414,37.51542023],[126.92160205,37.51543687],[126.92161921,37.51546436],[126.92160575,37.51546966],[126.92162822,37.51550572],[126.92173481,37.51546344]]]}},{"type":"Feature","id":"seoul-building-502485","properties":{"id":"seoul-building-502485","sourceId":"0000193108524458257700000000","pnu":"1156013200100040030","name":"서울특별시 영등포구 신길동","address":"서울특별시 영등포구 신길동","useName":"","floors":0.0,"height":0,"heightSource":"unknown","heightRaw":0.0,"sourceDate":"2026-09-09"},"geometry":{"type":"Polygon","coordinates":[[[126.92286534,37.51461256],[126.92281988,37.51460713],[126.92281146,37.51465199],[126.92285693,37.51465743],[126.92286534,37.51461256]]]}},{"type":"Feature","id":"seoul-building-502573","properties":{"id":"seoul-building-502573","sourceId":"1989192878934454751100000000","pnu":"1156013200100910012","name":"서울특별시 영등포구 신길동","address":"서울특별시 영등포구 신길동","useName":"단독주택","floors":2.0,"height":7.4,"heightSource":"estimated","heightRaw":0.0,"sourceDate":"2026-09-09"},"geometry":{"type":"Polygon","coordinates":[[[126.92031752,37.51151871],[126.92028628,37.51142824],[126.92025902,37.51143416],[126.92024684,37.51139893],[126.92017557,37.51141455],[126.92021898,37.51154036],[126.92031752,37.51151871]]]}},{"type":"Feature","id":"seoul-building-502604","properties":{"id":"seoul-building-502604","sourceId":"1992193011314456133900000000","pnu":"1156013200100940017","name":"서울특별시 영등포구 신길동","address":"서울특별시 영등포구 신길동","useName":"단독주택","floors":2.0,"height":7.4,"heightSource":"estimated","heightRaw":0.0,"sourceDate":"2026-09-09"},"geometry":{"type":"Polygon","coordinates":[[[126.9218088,37.51274282],[126.92177144,37.51266378],[126.92167289,37.51269327],[126.92171025,37.5127724],[126.9218088,37.51274282]]]}},{"type":"Feature","id":"seoul-building-502621","properties":{"id":"seoul-building-502621","sourceId":"2000192909554453523800000000","pnu":"1156013200100890045","name":"서울특별시 영등포구 신길동","address":"서울특별시 영등포구 신길동","useName":"단독주택","floors":2.0,"height":6.7,"heightSource":"measured","heightRaw":6.7,"sourceDate":"2026-09-09"},"geometry":{"type":"Polygon","coordinates":[[[126.92065714,37.5103762],[126.92062316,37.51031851],[126.92052845,37.51035431],[126.92056085,37.51041271],[126.92065714,37.5103762]]]}},{"type":"Feature","id":"seoul-building-502622","properties":{"id":"seoul-building-502622","sourceId":"1991193085354453278600000000","pnu":"1156013200112380000","name":"서울특별시 영등포구 신길동","address":"서울특별시 영등포구 신길동","useName":"단독주택","floors":2.0,"height":7.4,"heightSource":"estimated","heightRaw":0.0,"sourceDate":"2026-09-09"},"geometry":{"type":"Polygon","coordinates":[[[126.9226463,37.51018002],[126.92261326,37.51008314],[126.92253044,37.51010741],[126.92253416,37.51012543],[126.92251696,37.51013254],[126.9225455,37.51020518],[126.9226463,37.51018002]]]}},{"type":"Feature","id":"seoul-building-502623","properties":{"id":"seoul-building-502623","sourceId":"1993193111844459307700000000","pnu":"1156013200100090054","name":"서울특별시 영등포구 신길동","address":"서울특별시 영등포구 신길동","useName":"단독주택","floors":2.0,"height":7.4,"heightSource":"estimated","heightRaw":0.0,"sourceDate":"2026-09-09"},"geometry":{"type":"Polygon","coordinates":[[[126.92283546,37.51562374],[126.922859,37.51561348],[126.9228634,37.51561979],[126.92291682,37.51559658],[126.92294352,37.51558497],[126.92291676,37.51554378],[126.92290614,37.51552746],[126.92280508,37.51557687],[126.92283546,37.51562374]]]}},{"type":"Feature","id":"seoul-building-502624","properties":{"id":"seoul-building-502624","sourceId":"1993193107834459238600000000","pnu":"1156013200100090127","name":"서울특별시 영등포구 신길동","address":"서울특별시 영등포구 신길동","useName":"단독주택","floors":2.0,"height":6.5,"heightSource":"measured","heightRaw":6.5,"sourceDate":"2026-09-09"},"geometry":{"type":"Polygon","coordinates":[[[126.92279413,37.51556245],[126.92282242,37.51554994],[126.92282716,37.5155567],[126.92286213,37.51554132],[126.92285874,37.51553654],[126.92289739,37.51551619],[126.92286311,37.51546517],[126.92275855,37.5155161],[126.92279413,37.51556245]]]}},{"type":"Feature","id":"seoul-building-502627","properties":{"id":"seoul-building-502627","sourceId":"1985193124564458637200000000","pnu":"1156013200100040045","name":"서울특별시 영등포구 신길동","address":"서울특별시 영등포구 신길동","useName":"단독주택","floors":1.0,"height":4.2,"heightSource":"estimated","heightRaw":0.0,"sourceDate":"2026-09-09"},"geometry":{"type":"Polygon","coordinates":[[[126.92310696,37.51495733],[126.92293695,37.51494084],[126.9229551,37.51500131],[126.92309185,37.51500239],[126.92310696,37.51495733]]]}},{"type":"Feature","id":"seoul-building-502673","properties":{"id":"seoul-building-502673","sourceId":"1993193070594454027900000000","pnu":"1156013200104540026","name":"서울특별시 영등포구 신길동","address":"서울특별시 영등포구 신길동","useName":"단독주택","floors":3.0,"height":10.64,"heightSource":"measured","heightRaw":10.64,"sourceDate":"2026-09-09"},"geometry":{"type":"Polygon","coordinates":[[[126.9224842,37.51085233],[126.92244867,37.51076248],[126.92234164,37.51079106],[126.92237853,37.51087884],[126.9224842,37.51085233]]]}},{"type":"Feature","id":"seoul-building-502674","properties":{"id":"seoul-building-502674","sourceId":"1990193109944458168400000000","pnu":"1156013200100040061","name":"서울특별시 영등포구 신길동","address":"서울특별시 영등포구 신길동","useName":"단독주택","floors":2.0,"height":7.4,"heightSource":"estimated","heightRaw":0.0,"sourceDate":"2026-09-09"},"geometry":{"type":"Polygon","coordinates":[[[126.9228744,37.51460788],[126.92291679,37.51452034],[126.92291985,37.51451438],[126.9229168,37.51451339],[126.92285551,37.51449705],[126.92285098,37.51450768],[126.92283684,37.51450488],[126.92281667,37.51454315],[126.922804,37.51453927],[126.92278428,37.51458025],[126.9228744,37.51460788]]]}},{"type":"Feature","id":"seoul-building-502694","properties":{"id":"seoul-building-502694","sourceId":"1991192868304454717700000000","pnu":"1156013200100910017","name":"서울특별시 영등포구 신길동","address":"서울특별시 영등포구 신길동","useName":"단독주택","floors":2.0,"height":7.4,"heightSource":"estimated","heightRaw":0.0,"sourceDate":"2026-09-09"},"geometry":{"type":"Polygon","coordinates":[[[126.92018501,37.51147277],[126.92015027,37.51138102],[126.92010196,37.51139063],[126.92010929,37.51141406],[126.92006438,37.51142304],[126.92008613,37.51149243],[126.92018501,37.51147277]]]}},{"type":"Feature","id":"seoul-building-502706","properties":{"id":"seoul-building-502706","sourceId":"0000192866724453903100000000","pnu":"1156013200100890036","name":"서울특별시 영등포구 신길동","address":"서울특별시 영등포구 신길동","useName":"","floors":0.0,"height":0,"heightSource":"unknown","heightRaw":0.0,"sourceDate":"2026-09-09"},"geometry":{"type":"Polygon","coordinates":[[[126.92014835,37.51074653],[126.92011405,37.51065767],[126.92006517,37.51066962],[126.92010445,37.51075722],[126.92014835,37.51074653]]]}},{"type":"Feature","id":"seoul-building-502707","properties":{"id":"seoul-building-502707","sourceId":"0000192889404453833400000000","pnu":"1156013200100890013","name":"서울특별시 영등포구 신길동","address":"서울특별시 영등포구 신길동","useName":"","floors":0.0,"height":0,"heightSource":"unknown","heightRaw":0.0,"sourceDate":"2026-09-09"},"geometry":{"type":"Polygon","coordinates":[[[126.92036598,37.51061405],[126.92036134,37.51061072],[126.92034334,37.51062772],[126.92036129,37.51067397],[126.92038674,37.51066768],[126.92036598,37.51061405]]]}},{"type":"Feature","id":"seoul-building-502708","properties":{"id":"seoul-building-502708","sourceId":"0000192896024453874000000000","pnu":"1156013200100890013","name":"서울특별시 영등포구 신길동","address":"서울특별시 영등포구 신길동","useName":"","floors":0.0,"height":0,"heightSource":"unknown","heightRaw":0.0,"sourceDate":"2026-09-09"},"geometry":{"type":"Polygon","coordinates":[[[126.92045985,37.51062853],[126.92044096,37.51061618],[126.92037715,37.51063397],[126.92042466,37.51074843],[126.92050171,37.51072505],[126.92049169,37.51070197],[126.9204629,37.51063555],[126.92045985,37.51062853]]]}},{"type":"Feature","id":"seoul-building-502709","properties":{"id":"seoul-building-502709","sourceId":"1991192935094455766600000000","pnu":"1156013200100950210","name":"서울특별시 영등포구 신길동","address":"서울특별시 영등포구 신길동","useName":"단독주택","floors":2.0,"height":7.4,"heightSource":"estimated","heightRaw":0.0,"sourceDate":"2026-09-09"},"geometry":{"type":"Polygon","coordinates":[[[126.92095473,37.51240762],[126.92092188,37.51234804],[126.92089191,37.51234315],[126.9208746,37.51235017],[126.92086523,37.5123353],[126.92080661,37.51235878],[126.92085312,37.51244324],[126.92095473,37.51240762]]]}},{"type":"Feature","id":"seoul-building-502711","properties":{"id":"seoul-building-502711","sourceId":"1990192859324455562900000000","pnu":"1156013200100910031","name":"서울특별시 영등포구 신길동","address":"서울특별시 영등포구 신길동","useName":"단독주택","floors":2.0,"height":7.4,"heightSource":"estimated","heightRaw":0.0,"sourceDate":"2026-09-09"},"geometry":{"type":"Polygon","coordinates":[[[126.92001078,37.51225184],[126.9200359,37.51224618],[126.9200377,37.51225132],[126.92009166,37.51223927],[126.92005795,37.51214302],[126.91999663,37.51215658],[126.91999832,37.51216154],[126.91995759,37.51217062],[126.91996763,37.51219937],[126.91995575,37.51220197],[126.91997289,37.51225091],[126.92000774,37.51224319],[126.92001078,37.51225184]]]}},{"type":"Feature","id":"seoul-building-502758","properties":{"id":"seoul-building-502758","sourceId":"1995192932244458338400000000","pnu":"1156013200100650097","name":"서울특별시 영등포구 신길동","address":"서울특별시 영등포구 신길동","useName":"단독주택","floors":3.0,"height":10.2,"heightSource":"measured","heightRaw":10.2,"sourceDate":"2026-09-09"},"geometry":{"type":"Polygon","coordinates":[[[126.92091846,37.51472885],[126.92088925,37.51464945],[126.92076988,37.51467911],[126.9208,37.5147577],[126.92091846,37.51472885]]]}},{"type":"Feature","id":"seoul-building-502760","properties":{"id":"seoul-building-502760","sourceId":"1997192917664458013200000000","pnu":"1156013200100650077","name":"서울특별시 영등포구 신길동","address":"서울특별시 영등포구 신길동","useName":"단독주택","floors":4.0,"height":10.95,"heightSource":"measured","heightRaw":10.95,"sourceDate":"2026-09-09"},"geometry":{"type":"Polygon","coordinates":[[[126.92075486,37.51444195],[126.9207226,37.51435472],[126.92060041,37.51438338],[126.92062264,37.51444322],[126.92064086,37.51443855],[126.92065382,37.51446694],[126.92065858,37.51446559],[126.92066289,37.51446559],[126.92066583,37.51446514],[126.92066877,37.5144637],[126.92067102,37.51446199],[126.92067498,37.51446074],[126.92075486,37.51444195]]]}},{"type":"Feature","id":"seoul-building-502776","properties":{"id":"seoul-building-502776","sourceId":"1998192862414455259200000000","pnu":"1156013200100910033","name":"서울특별시 영등포구 신길동","address":"서울특별시 영등포구 신길동","useName":"제2종근린생활시설","floors":3.0,"height":10.6,"heightSource":"estimated","heightRaw":0.0,"sourceDate":"2026-09-09"},"geometry":{"type":"Polygon","coordinates":[[[126.92006817,37.51190039],[126.92005515,37.51189948],[126.92004226,37.51189974],[126.92003073,37.51190027],[126.92002066,37.51190072],[126.92001455,37.51190098],[126.92000572,37.51190134],[126.91999316,37.51190439],[126.92001437,37.51196252],[126.9201361,37.51194422],[126.92013102,37.51193512],[126.92012729,37.51193025],[126.92011994,37.51192376],[126.92011056,37.511917],[126.9201013,37.51191059],[126.92009157,37.51190554],[126.92008072,37.51190175],[126.92006817,37.51190039]]]}},{"type":"Feature","id":"seoul-building-502777","properties":{"id":"seoul-building-502777","sourceId":"1988192886814455359700000000","pnu":"1156013200100910035","name":"서울특별시 영등포구 신길동","address":"서울특별시 영등포구 신길동","useName":"단독주택","floors":2.0,"height":7.4,"heightSource":"estimated","heightRaw":0.0,"sourceDate":"2026-09-09"},"geometry":{"type":"Polygon","coordinates":[[[126.92039342,37.51204575],[126.92039726,37.51204487],[126.92036896,37.51196628],[126.92030821,37.5119802],[126.92031136,37.51198876],[126.92028432,37.51199496],[126.92027639,37.51200694],[126.92027887,37.51202172],[126.92027389,37.51202226],[126.92029001,37.51206939],[126.92039342,37.51204575]]]}},{"type":"Feature","id":"seoul-building-502779","properties":{"id":"seoul-building-502779","sourceId":"1988192870384455545500000000","pnu":"1156013200100910019","name":"서울특별시 영등포구 신길동","address":"서울특별시 영등포구 신길동","useName":"단독주택","floors":2.0,"height":7.4,"heightSource":"estimated","heightRaw":0.0,"sourceDate":"2026-09-09"},"geometry":{"type":"Polygon","coordinates":[[[126.92022653,37.51220197],[126.9202059,37.51213781],[126.92007218,37.5121651],[126.92009653,37.5122409],[126.92015388,37.51222922],[126.92015016,37.51221751],[126.92022653,37.51220197]]]}},{"type":"Feature","id":"seoul-building-502794","properties":{"id":"seoul-building-502794","sourceId":"1991193082114454388500000000","pnu":"1156013200104530009","name":"서울특별시 영등포구 신길동","address":"서울특별시 영등포구 신길동","useName":"단독주택","floors":2.0,"height":7.4,"heightSource":"estimated","heightRaw":0.0,"sourceDate":"2026-09-09"},"geometry":{"type":"Polygon","coordinates":[[[126.92248148,37.51119462],[126.92259314,37.51116451],[126.92259946,37.51117731],[126.92263012,37.51116769],[126.92259638,37.51109451],[126.92245609,37.51113559],[126.92248148,37.51119462]]]}},{"type":"Feature","id":"seoul-building-502795","properties":{"id":"seoul-building-502795","sourceId":"1976193231344457532400000000","pnu":"1156013200100020024","name":"서울특별시 영등포구 신길동","address":"서울특별시 영등포구 신길동","useName":"단독주택","floors":1.0,"height":4.2,"heightSource":"estimated","heightRaw":0.0,"sourceDate":"2026-09-09"},"geometry":{"type":"Polygon","coordinates":[[[126.92429919,37.51400882],[126.92426975,37.5139315],[126.9242633,37.51393249],[126.92425834,37.51391311],[126.92418854,37.51393145],[126.92419407,37.51394478],[126.92417121,37.51395072],[126.92418802,37.51399136],[126.92415985,37.51399882],[126.92417779,37.51404208],[126.92429919,37.51400882]]]}},{"type":"Feature","id":"seoul-building-502799","properties":{"id":"seoul-building-502799","sourceId":"1988193262664457396100000000","pnu":"1156013200114070000","name":"서울특별시 영등포구 신길동","address":"서울특별시 영등포구 신길동","useName":"단독주택","floors":2.0,"height":7.4,"heightSource":"estimated","heightRaw":0.0,"sourceDate":"2026-09-09"},"geometry":{"type":"Polygon","coordinates":[[[126.92464635,37.51387732],[126.9246213,37.51381306],[126.9245791,37.51382348],[126.92457617,37.5138161],[126.92451915,37.5138302],[126.92454837,37.51390501],[126.92464329,37.51388191],[126.92464239,37.5138783],[126.92464635,37.51387732]]]}},{"type":"Feature","id":"seoul-building-502806","properties":{"id":"seoul-building-502806","sourceId":"1991192971964455883700000000","pnu":"1156013200100940002","name":"서울특별시 영등포구 신길동","address":"서울특별시 영등포구 신길동","useName":"단독주택","floors":2.0,"height":7.4,"heightSource":"estimated","heightRaw":0.0,"sourceDate":"2026-09-09"},"geometry":{"type":"Polygon","coordinates":[[[126.92135898,37.51251944],[126.92134408,37.51247915],[126.9213382,37.5124796],[126.92132557,37.51244715],[126.9212871,37.51245551],[126.92128462,37.51244821],[126.9212362,37.51245962],[126.92126632,37.51254118],[126.92135898,37.51251944]]]}},{"type":"Feature","id":"seoul-building-502824","properties":{"id":"seoul-building-502824","sourceId":"1989193053684458990400000000","pnu":"1156013200100070029","name":"서울특별시 영등포구 신길동","address":"서울특별시 영등포구 신길동","useName":"단독주택","floors":2.0,"height":7.4,"heightSource":"estimated","heightRaw":0.0,"sourceDate":"2026-09-09"},"geometry":{"type":"Polygon","coordinates":[[[126.92229103,37.51531578],[126.92223626,37.51523366],[126.92214279,37.51526964],[126.92216481,37.51530578],[126.92217092,37.51530344],[126.92219971,37.51535094],[126.92229103,37.51531578]]]}},{"type":"Feature","id":"seoul-building-502825","properties":{"id":"seoul-building-502825","sourceId":"1992193003314456208000000000","pnu":"1156013200100940016","name":"서울특별시 영등포구 신길동","address":"서울특별시 영등포구 신길동","useName":"단독주택","floors":3.0,"height":9.8,"heightSource":"measured","heightRaw":9.8,"sourceDate":"2026-09-09"},"geometry":{"type":"Polygon","coordinates":[[[126.92171282,37.51280403],[126.9216951,37.51276356],[126.9216839,37.51276662],[126.92166991,37.51273463],[126.92158969,37.51275457],[126.92160921,37.51280405],[126.92162252,37.51283496],[126.9217153,37.51280953],[126.92171282,37.51280403]]]}},{"type":"Feature","id":"seoul-building-502826","properties":{"id":"seoul-building-502826","sourceId":"1992193008474456045500000000","pnu":"1156013200100940011","name":"서울특별시 영등포구 신길동","address":"서울특별시 영등포구 신길동","useName":"단독주택","floors":2.0,"height":7.4,"heightSource":"estimated","heightRaw":0.0,"sourceDate":"2026-09-09"},"geometry":{"type":"Polygon","coordinates":[[[126.92177518,37.5126599],[126.92174234,37.51258681],[126.9216576,37.51261091],[126.92166223,37.51261965],[126.92164435,37.51262568],[126.92167279,37.51268904],[126.92177518,37.5126599]]]}},{"type":"Feature","id":"seoul-building-502827","properties":{"id":"seoul-building-502827","sourceId":"1992193029254456322500000000","pnu":"1156013200104690006","name":"서울특별시 영등포구 신길동","address":"서울특별시 영등포구 신길동","useName":"단독주택","floors":2.0,"height":7.4,"heightSource":"estimated","heightRaw":0.0,"sourceDate":"2026-09-09"},"geometry":{"type":"Polygon","coordinates":[[[126.92201538,37.51291937],[126.92197498,37.51283177],[126.92187339,37.51285522],[126.92191062,37.51294499],[126.92201538,37.51291937]]]}},{"type":"Feature","id":"seoul-building-502828","properties":{"id":"seoul-building-502828","sourceId":"1985193162994458045600000000","pnu":"1156013200100030018","name":"서울특별시 영등포구 신길동","address":"서울특별시 영등포구 신길동","useName":"단독주택","floors":1.0,"height":4.2,"heightSource":"estimated","heightRaw":0.0,"sourceDate":"2026-09-09"},"geometry":{"type":"Polygon","coordinates":[[[126.92349172,37.51442367],[126.92342669,37.51441318],[126.92341522,37.51445822],[126.92348478,37.51447034],[126.92349172,37.51442367]]]}},{"type":"Feature","id":"seoul-building-502829","properties":{"id":"seoul-building-502829","sourceId":"1989193013324459351400000000","pnu":"1156013200100070047","name":"서울특별시 영등포구 신길동","address":"서울특별시 영등포구 신길동","useName":"단독주택","floors":2.0,"height":7.4,"heightSource":"estimated","heightRaw":0.0,"sourceDate":"2026-09-09"},"geometry":{"type":"Polygon","coordinates":[[[126.9218335,37.51562984],[126.92179285,37.51556106],[126.92174498,37.51557905],[126.92174702,37.51558247],[126.9216901,37.51560379],[126.92171053,37.5156384],[126.92170295,37.51564128],[126.92172113,37.51567193],[126.9218335,37.51562984]]]}},{"type":"Feature","id":"seoul-building-502830","properties":{"id":"seoul-building-502830","sourceId":"1990193036954459214000000000","pnu":"1156013200100070037","name":"서울특별시 영등포구 신길동","address":"서울특별시 영등포구 신길동","useName":"단독주택","floors":2.0,"height":7.4,"heightSource":"estimated","heightRaw":0.0,"sourceDate":"2026-09-09"},"geometry":{"type":"Polygon","coordinates":[[[126.92209604,37.51550883],[126.9220537,37.51543815],[126.9220038,37.51545948],[126.92200414,37.51545993],[126.92196442,37.51547684],[126.92198136,37.5155019],[126.92197027,37.51550667],[126.92199714,37.5155466],[126.92209604,37.51550883]]]}},{"type":"Feature","id":"seoul-building-502832","properties":{"id":"seoul-building-502832","sourceId":"1992193047494458869000000000","pnu":"1156013200100070030","name":"서울특별시 영등포구 신길동","address":"서울특별시 영등포구 신길동","useName":"단독주택","floors":2.0,"height":7.4,"heightSource":"estimated","heightRaw":0.0,"sourceDate":"2026-09-09"},"geometry":{"type":"Polygon","coordinates":[[[126.92212698,37.51524485],[126.92214757,37.51523684],[126.92214904,37.51523937],[126.92222271,37.51521067],[126.92216636,37.51511865],[126.9220721,37.51515534],[126.92212698,37.51524485]]]}},{"type":"Feature","id":"seoul-building-502833","properties":{"id":"seoul-building-502833","sourceId":"0000193172004458017800000000","pnu":"1156013200100030003","name":"서울특별시 영등포구 신길동","address":"서울특별시 영등포구 신길동","useName":"단독주택","floors":1.0,"height":4.2,"heightSource":"estimated","heightRaw":0.0,"sourceDate":"2026-09-09"},"geometry":{"type":"Polygon","coordinates":[[[126.92361231,37.51442348],[126.92359132,37.51436084],[126.92349082,37.51441926],[126.92353456,37.51446785],[126.92361231,37.51442348]]]}},{"type":"Feature","id":"seoul-building-502834","properties":{"id":"seoul-building-502834","sourceId":"1990193017254459171400000000","pnu":"1156013200100070043","name":"서울특별시 영등포구 신길동","address":"서울특별시 영등포구 신길동","useName":"단독주택","floors":2.0,"height":7.4,"heightSource":"estimated","heightRaw":0.0,"sourceDate":"2026-09-09"},"geometry":{"type":"Polygon","coordinates":[[[126.92188117,37.51547309],[126.92185509,37.51542713],[126.92184898,37.51542937],[126.92183137,37.51539819],[126.92173088,37.51543515],[126.92177412,37.51551149],[126.92188117,37.51547309]]]}},{"type":"Feature","id":"seoul-building-502854","properties":{"id":"seoul-building-502854","sourceId":"1990192921304455707500000000","pnu":"1156013200100950211","name":"서울특별시 영등포구 신길동","address":"서울특별시 영등포구 신길동","useName":"단독주택","floors":2.0,"height":7.4,"heightSource":"estimated","heightRaw":0.0,"sourceDate":"2026-09-09"},"geometry":{"type":"Polygon","coordinates":[[[126.9208013,37.51235833],[126.92078269,37.51230154],[126.92075611,37.51230235],[126.92072636,37.51230863],[126.92071439,37.51228718],[126.92069517,37.51228464],[126.92064957,37.51229714],[126.9206868,37.51238348],[126.9208013,37.51235833]]]}},{"type":"Feature","id":"seoul-building-502861","properties":{"id":"seoul-building-502861","sourceId":"1993192916954455227800000000","pnu":"1156013200100880012","name":"서울특별시 영등포구 신길동","address":"서울특별시 영등포구 신길동","useName":"단독주택","floors":3.0,"height":10.15,"heightSource":"measured","heightRaw":10.15,"sourceDate":"2026-09-09"},"geometry":{"type":"Polygon","coordinates":[[[126.92073411,37.51192516],[126.92071281,37.51185361],[126.92061654,37.51187499],[126.92063907,37.51195321],[126.92066396,37.51194854],[126.92066103,37.5119389],[126.92073411,37.51192516]]]}},{"type":"Feature","id":"seoul-building-502862","properties":{"id":"seoul-building-502862","sourceId":"1997192928724455896600000000","pnu":"1156013200100950208","name":"서울특별시 영등포구 신길동","address":"서울특별시 영등포구 신길동","useName":"단독주택","floors":4.0,"height":11.8,"heightSource":"measured","heightRaw":11.8,"sourceDate":"2026-09-09"},"geometry":{"type":"Polygon","coordinates":[[[126.92087578,37.51251714],[126.9208522,37.51245945],[126.92073747,37.51248983],[126.92076297,37.51254805],[126.92087578,37.51251714]]]}},{"type":"Feature","id":"seoul-building-502871","properties":{"id":"seoul-building-502871","sourceId":"1995192919154458537100000000","pnu":"1156013200100650001","name":"서울특별시 영등포구 신길동","address":"서울특별시 영등포구 신길동","useName":"단독주택","floors":3.0,"height":10.2,"heightSource":"measured","heightRaw":10.2,"sourceDate":"2026-09-09"},"geometry":{"type":"Polygon","coordinates":[[[126.92065593,37.51493411],[126.92078242,37.51490833],[126.92075773,37.51483182],[126.92069256,37.51484511],[126.92068975,37.51483628],[126.92061576,37.51485137],[126.92063065,37.51488787],[126.92061492,37.51489191],[126.9206297,37.51492832],[126.92065199,37.51492329],[126.92065593,37.51493411]]]}},{"type":"Feature","id":"seoul-building-502872","properties":{"id":"seoul-building-502872","sourceId":"1993192943524457939700000000","pnu":"1156013200100650075","name":"서울특별시 영등포구 신길동","address":"서울특별시 영등포구 신길동","useName":"단독주택","floors":3.0,"height":10.6,"heightSource":"estimated","heightRaw":0.0,"sourceDate":"2026-09-09"},"geometry":{"type":"Polygon","coordinates":[[[126.92098736,37.51440084],[126.920979,37.51438579],[126.9210127,37.51439924],[126.92102606,37.51437798],[126.9210099,37.51437185],[126.92104926,37.51436178],[126.92101621,37.51428004],[126.92089514,37.51431104],[126.92093327,37.51441135],[126.92098736,37.51440084]]]}},{"type":"Feature","id":"seoul-building-502873","properties":{"id":"seoul-building-502873","sourceId":"1991192929604455336500000000","pnu":"1156013200100880010","name":"서울특별시 영등포구 신길동","address":"서울특별시 영등포구 신길동","useName":"단독주택","floors":2.0,"height":7.4,"heightSource":"estimated","heightRaw":0.0,"sourceDate":"2026-09-09"},"geometry":{"type":"Polygon","coordinates":[[[126.92087833,37.51202617],[126.92084991,37.51195182],[126.92075838,37.51197086],[126.92078273,37.51204584],[126.92087833,37.51202617]]]}},{"type":"Feature","id":"seoul-building-502874","properties":{"id":"seoul-building-502874","sourceId":"1993192924174455108300000000","pnu":"1156013200100880004","name":"서울특별시 영등포구 신길동","address":"서울특별시 영등포구 신길동","useName":"단독주택","floors":2.0,"height":7.5,"heightSource":"measured","heightRaw":7.5,"sourceDate":"2026-09-09"},"geometry":{"type":"Polygon","coordinates":[[[126.92081261,37.51181998],[126.92079006,37.5117496],[126.92070092,37.51176657],[126.92072064,37.51183641],[126.92081261,37.51181998]]]}},{"type":"Feature","id":"seoul-building-502875","properties":{"id":"seoul-building-502875","sourceId":"1994192981594455877700000000","pnu":"1156013200100940021","name":"서울특별시 영등포구 신길동","address":"서울특별시 영등포구 신길동","useName":"단독주택","floors":3.0,"height":9.1,"heightSource":"measured","heightRaw":9.1,"sourceDate":"2026-09-09"},"geometry":{"type":"Polygon","coordinates":[[[126.92147042,37.51247762],[126.92134603,37.51245465],[126.92136984,37.5125198],[126.92144994,37.51250112],[126.92146962,37.51249933],[126.92147652,37.51249654],[126.92147042,37.51247762]]]}},{"type":"Feature","id":"seoul-building-502876","properties":{"id":"seoul-building-502876","sourceId":"1986193013134457798400000000","pnu":"1156013200100650088","name":"서울특별시 영등포구 신길동","address":"서울특별시 영등포구 신길동","useName":"공동주택","floors":2.0,"height":6.9,"heightSource":"estimated","heightRaw":0.0,"sourceDate":"2026-09-09"},"geometry":{"type":"Polygon","coordinates":[[[126.92183212,37.51424112],[126.92180054,37.5141583],[126.92172677,37.51417645],[126.9217279,37.51418294],[126.92168886,37.51419237],[126.92172225,37.51427988],[126.92177871,37.51426622],[126.92177442,37.51425505],[126.92183212,37.51424112]]]}},{"type":"Feature","id":"seoul-building-502877","properties":{"id":"seoul-building-502877","sourceId":"1991193044644459137400000000","pnu":"1156013200100070033","name":"서울특별시 영등포구 신길동","address":"서울특별시 영등포구 신길동","useName":"단독주택","floors":2.0,"height":7.4,"heightSource":"estimated","heightRaw":0.0,"sourceDate":"2026-09-09"},"geometry":{"type":"Polygon","coordinates":[[[126.92216605,37.51541075],[126.92214167,37.5153664],[126.92204367,37.51540275],[126.92209845,37.51548396],[126.92214597,37.51546741],[126.92214202,37.51546029],[126.92218083,37.5154468],[126.92216186,37.51541219],[126.92216605,37.51541075]]]}},{"type":"Feature","id":"seoul-building-502878","properties":{"id":"seoul-building-502878","sourceId":"1991193062044459170000000000","pnu":"1156013200100070074","name":"서울특별시 영등포구 신길동","address":"서울특별시 영등포구 신길동","useName":"단독주택","floors":2.0,"height":7.4,"heightSource":"estimated","heightRaw":0.0,"sourceDate":"2026-09-09"},"geometry":{"type":"Polygon","coordinates":[[[126.92238114,37.51547117],[126.9223311,37.51539581],[126.92228968,37.51541326],[126.92229352,37.51541912],[126.92224282,37.51543999],[126.92228789,37.51550949],[126.92238114,37.51547117]]]}},{"type":"Feature","id":"seoul-building-502879","properties":{"id":"seoul-building-502879","sourceId":"1985193099444454425000000000","pnu":"1156013200104530001","name":"서울특별시 영등포구 신길동","address":"서울특별시 영등포구 신길동","useName":"단독주택","floors":2.0,"height":7.4,"heightSource":"estimated","heightRaw":0.0,"sourceDate":"2026-09-09"},"geometry":{"type":"Polygon","coordinates":[[[126.92283789,37.51117548],[126.9228107,37.51111339],[126.92269824,37.51114458],[126.92269542,37.51113746],[126.92263987,37.51115085],[126.9226763,37.51124701],[126.92281365,37.51121124],[126.92280733,37.5111979],[126.92282951,37.51119125],[126.9228242,37.51117926],[126.92283789,37.51117548]]]}},{"type":"Feature","id":"seoul-building-502880","properties":{"id":"seoul-building-502880","sourceId":"1966193065024459234900000000","pnu":"1156013200100070027","name":"서울특별시 영등포구 신길동","address":"서울특별시 영등포구 신길동","useName":"단독주택","floors":3.0,"height":10.6,"heightSource":"estimated","heightRaw":0.0,"sourceDate":"2026-09-09"},"geometry":{"type":"Polygon","coordinates":[[[126.92240656,37.51550083],[126.92238668,37.51547306],[126.92228165,37.51552057],[126.92230504,37.51555113],[126.92239173,37.51551334],[126.92240656,37.51550083]]]}},{"type":"Feature","id":"seoul-building-502883","properties":{"id":"seoul-building-502883","sourceId":"0000193150604456928900000000","pnu":"1156013200100700051","name":"서울특별시 영등포구 신길동","address":"서울특별시 영등포구 신길동","useName":"","floors":0.0,"height":0,"heightSource":"unknown","heightRaw":0.0,"sourceDate":"2026-09-09"},"geometry":{"type":"Polygon","coordinates":[[[126.92335847,37.51343095],[126.92335352,37.51341689],[126.92328021,37.51343387],[126.92328539,37.51345423],[126.92331514,37.51345209],[126.92331142,37.51344137],[126.92335847,37.51343095]]]}},{"type":"Feature","id":"seoul-building-502884","properties":{"id":"seoul-building-502884","sourceId":"1966192965094456450200000000","pnu":"1156013200100950013","name":"서울특별시 영등포구 신길동","address":"서울특별시 영등포구 신길동","useName":"제2종근린생활시설","floors":1.0,"height":4.2,"heightSource":"estimated","heightRaw":0.0,"sourceDate":"2026-09-09"},"geometry":{"type":"Polygon","coordinates":[[[126.92130282,37.5129999],[126.9212833,37.51295547],[126.92113814,37.51299286],[126.92114525,37.51301034],[126.92113506,37.51301295],[126.92115176,37.51304981],[126.92127531,37.51301872],[126.92130282,37.5129999]]]}},{"type":"Feature","id":"seoul-building-502888","properties":{"id":"seoul-building-502888","sourceId":"0000193138914456994900000000","pnu":"1156013200100700034","name":"서울특별시 영등포구 신길동","address":"서울특별시 영등포구 신길동","useName":"","floors":0.0,"height":0,"heightSource":"unknown","heightRaw":0.0,"sourceDate":"2026-09-09"},"geometry":{"type":"Polygon","coordinates":[[[126.92322389,37.5135287],[126.9232061,37.51344679],[126.92314648,37.51345513],[126.92315399,37.5134744],[126.92315984,37.51348939],[126.92316522,37.51350317],[126.92314135,37.51350748],[126.92315036,37.51353866],[126.92322389,37.5135287]]]}},{"type":"Feature","id":"seoul-building-502900","properties":{"id":"seoul-building-502900","sourceId":"1992192865944458738700000000","pnu":"1156013200100640042","name":"서울특별시 영등포구 신길동","address":"서울특별시 영등포구 신길동","useName":"단독주택","floors":2.0,"height":7.4,"heightSource":"estimated","heightRaw":0.0,"sourceDate":"2026-09-09"},"geometry":{"type":"Polygon","coordinates":[[[126.92016567,37.51507172],[126.92013292,37.51502962],[126.92012624,37.51503295],[126.92010952,37.5150115],[126.92002374,37.51505387],[126.92007332,37.51511743],[126.92016567,37.51507172]]]}},{"type":"Feature","id":"seoul-building-502901","properties":{"id":"seoul-building-502901","sourceId":"1994192897314458742500000000","pnu":"1156013200100640024","name":"서울특별시 영등포구 신길동","address":"서울특별시 영등포구 신길동","useName":"단독주택","floors":3.0,"height":7.6,"heightSource":"measured","heightRaw":7.6,"sourceDate":"2026-09-09"},"geometry":{"type":"Polygon","coordinates":[[[126.92049859,37.51504608],[126.92041388,37.5150299],[126.92039652,37.51508765],[126.92048699,37.51510492],[126.92049859,37.51504608]]]}},{"type":"Feature","id":"seoul-building-502902","properties":{"id":"seoul-building-502902","sourceId":"1964192867134454456600000000","pnu":"1156013200100900020","name":"서울특별시 영등포구 신길동","address":"서울특별시 영등포구 신길동","useName":"단독주택","floors":1.0,"height":4.2,"heightSource":"estimated","heightRaw":0.0,"sourceDate":"2026-09-09"},"geometry":{"type":"Polygon","coordinates":[[[126.92013932,37.51124659],[126.92013505,37.51122414],[126.92012803,37.51122494],[126.92012275,37.51119737],[126.92014514,37.51119459],[126.92014246,37.51116378],[126.92007923,37.51117355],[126.9200943,37.51125204],[126.92013932,37.51124659]]]}},{"type":"Feature","id":"seoul-building-502904","properties":{"id":"seoul-building-502904","sourceId":"1970193132524456275700000000","pnu":"1156013200104490005","name":"서울특별시 영등포구 신길동","address":"서울특별시 영등포구 신길동","useName":"단독주택","floors":1.0,"height":4.2,"heightSource":"estimated","heightRaw":0.0,"sourceDate":"2026-09-09"},"geometry":{"type":"Polygon","coordinates":[[[126.9231571,37.51280453],[126.92314707,37.51277361],[126.92309661,37.51278404],[126.92310315,37.51280404],[126.92310575,37.51281035],[126.92303436,37.51282896],[126.92306199,37.51290934],[126.92318882,37.51287699],[126.9231571,37.51280453]]]}},{"type":"Feature","id":"seoul-building-502905","properties":{"id":"seoul-building-502905","sourceId":"1957193133444457943300000000","pnu":"1156013200100030013","name":"서울특별시 영등포구 신길동","address":"서울특별시 영등포구 신길동","useName":"단독주택","floors":1.0,"height":4.2,"heightSource":"estimated","heightRaw":0.0,"sourceDate":"2026-09-09"},"geometry":{"type":"Polygon","coordinates":[[[126.92311982,37.51430815],[126.92306854,37.51433935],[126.9231229,37.51439126],[126.9231711,37.51435951],[126.92312118,37.51430756],[126.92311982,37.51430815]]]}},{"type":"Feature","id":"seoul-building-502906","properties":{"id":"seoul-building-502906","sourceId":"1961193149004457766100000000","pnu":"1156013200100030026","name":"서울특별시 영등포구 신길동","address":"서울특별시 영등포구 신길동","useName":"단독주택","floors":1.0,"height":4.2,"heightSource":"estimated","heightRaw":0.0,"sourceDate":"2026-09-09"},"geometry":{"type":"Polygon","coordinates":[[[126.92334694,37.51419382],[126.92330743,37.51415038],[126.92324663,37.51418556],[126.92328606,37.51422892],[126.92334694,37.51419382]]]}},{"type":"Feature","id":"seoul-building-502907","properties":{"id":"seoul-building-502907","sourceId":"0000193150654459246900000000","pnu":"1156013200100090028","name":"서울특별시 영등포구 신길동","address":"서울특별시 영등포구 신길동","useName":"","floors":0.0,"height":0,"heightSource":"unknown","heightRaw":0.0,"sourceDate":"2026-09-09"},"geometry":{"type":"Polygon","coordinates":[[[126.92334683,37.51552739],[126.92333057,37.5154999],[126.92327942,37.51551915],[126.92330145,37.51554881],[126.92334683,37.51552739]]]}},{"type":"Feature","id":"seoul-building-502908","properties":{"id":"seoul-building-502908","sourceId":"0000193129714459193400000000","pnu":"1156013200100090058","name":"서울특별시 영등포구 신길동","address":"서울특별시 영등포구 신길동","useName":"","floors":0.0,"height":0,"heightSource":"unknown","heightRaw":0.0,"sourceDate":"2026-09-09"},"geometry":{"type":"Polygon","coordinates":[[[126.92308558,37.51551068],[126.92308591,37.51551118],[126.92311023,37.51550138],[126.92306482,37.51543864],[126.9230449,37.51544664],[126.92308558,37.51551068]]]}},{"type":"Feature","id":"seoul-building-502909","properties":{"id":"seoul-building-502909","sourceId":"1984193093744458204700000000","pnu":"1156013200100040054","name":"서울특별시 영등포구 신길동","address":"서울특별시 영등포구 신길동","useName":"단독주택","floors":1.0,"height":4.0,"heightSource":"measured","heightRaw":4.0,"sourceDate":"2026-09-09"},"geometry":{"type":"Polygon","coordinates":[[[126.92271443,37.51456427],[126.92267623,37.51454487],[126.92262836,37.51460447],[126.92262832,37.51460473],[126.9226664,37.51462406],[126.92271443,37.51456427]]]}},{"type":"Feature","id":"seoul-building-502910","properties":{"id":"seoul-building-502910","sourceId":"1956193097404458711900000000","pnu":"1156013200100080009","name":"서울특별시 영등포구 신길동","address":"서울특별시 영등포구 신길동","useName":"단독주택","floors":1.0,"height":4.2,"heightSource":"estimated","heightRaw":0.0,"sourceDate":"2026-09-09"},"geometry":{"type":"Polygon","coordinates":[[[126.92272885,37.51499586],[126.92272854,37.51499513],[126.92266348,37.51501265],[126.92269655,37.51508809],[126.92276047,37.5150702],[126.92273128,37.51500157],[126.92272885,37.51499586]]]}},{"type":"Feature","id":"seoul-building-502911","properties":{"id":"seoul-building-502911","sourceId":"0000193129264457755600000000","pnu":"1156013200100030017","name":"서울특별시 영등포구 신길동","address":"서울특별시 영등포구 신길동","useName":"","floors":0.0,"height":0,"heightSource":"unknown","heightRaw":0.0,"sourceDate":"2026-09-09"},"geometry":{"type":"Polygon","coordinates":[[[126.92310884,37.51417639],[126.92309156,37.51415611],[126.92303757,37.51418589],[126.92305339,37.51420329],[126.92310884,37.51417639]]]}},{"type":"Feature","id":"seoul-building-502912","properties":{"id":"seoul-building-502912","sourceId":"0000193103484458682700000000","pnu":"1156013200100080044","name":"서울특별시 영등포구 신길동","address":"서울특별시 영등포구 신길동","useName":"","floors":0.0,"height":0,"heightSource":"unknown","heightRaw":0.0,"sourceDate":"2026-09-09"},"geometry":{"type":"Polygon","coordinates":[[[126.92282963,37.51503087],[126.92279982,37.51497706],[126.92273388,37.51499797],[126.92276026,37.51505371],[126.92282963,37.51503087]]]}},{"type":"Feature","id":"seoul-building-503003","properties":{"id":"seoul-building-503003","sourceId":"0000192987864455623800000000","pnu":"1156013200100890167","name":"서울특별시 영등포구 신길동","address":"서울특별시 영등포구 신길동","useName":"","floors":0.0,"height":0,"heightSource":"unknown","heightRaw":0.0,"sourceDate":"2026-09-09"},"geometry":{"type":"Polygon","coordinates":[[[126.92150095,37.51227644],[126.92149206,37.51223597],[126.92145292,37.51223992],[126.92145819,37.51227966],[126.92150095,37.51227644]]]}},{"type":"Feature","id":"seoul-building-503004","properties":{"id":"seoul-building-503004","sourceId":"2010192981364457696000000000","pnu":"1156013200100650092","name":"서울특별시 영등포구 신길동","address":"서울특별시 영등포구 신길동","useName":"제2종근린생활시설","floors":4.0,"height":11.85,"heightSource":"measured","heightRaw":11.85,"sourceDate":"2026-09-09"},"geometry":{"type":"Polygon","coordinates":[[[126.92146468,37.51416917],[126.92141573,37.51404939],[126.92136816,37.51406017],[126.92137525,37.51408006],[126.92135033,37.51408571],[126.92136254,37.51411992],[126.92134522,37.51412384],[126.92136916,37.51419083],[126.92146468,37.51416917]]]}},{"type":"Feature","id":"seoul-building-503009","properties":{"id":"seoul-building-503009","sourceId":"1991192883144458602900000000","pnu":"1156013200100640027","name":"서울특별시 영등포구 신길동","address":"서울특별시 영등포구 신길동","useName":"단독주택","floors":2.0,"height":7.4,"heightSource":"estimated","heightRaw":0.0,"sourceDate":"2026-09-09"},"geometry":{"type":"Polygon","coordinates":[[[126.92034042,37.51497958],[126.92034217,37.51492813],[126.92033459,37.51492804],[126.92033506,37.51491433],[126.92033371,37.51490731],[126.92033111,37.51490443],[126.92032681,37.5149018],[126.92024424,37.51490167],[126.92024183,37.51493761],[126.92023436,37.51493734],[126.92023364,37.51497725],[126.92034042,37.51497958]]]}},{"type":"Feature","id":"seoul-building-503011","properties":{"id":"seoul-building-503011","sourceId":"1995192896484456731900000000","pnu":"1156013200100950191","name":"서울특별시 영등포구 신길동","address":"서울특별시 영등포구 신길동","useName":"단독주택","floors":2.0,"height":6.6,"heightSource":"measured","heightRaw":6.6,"sourceDate":"2026-09-09"},"geometry":{"type":"Polygon","coordinates":[[[126.9204991,37.51328742],[126.92047407,37.51320685],[126.92038142,37.51322769],[126.92040126,37.51328366],[126.92040658,37.51328321],[126.92041357,37.51330421],[126.9204991,37.51328742]]]}},{"type":"Feature","id":"seoul-building-503013","properties":{"id":"seoul-building-503013","sourceId":"1994192878244456517800000000","pnu":"1156013200100950159","name":"서울특별시 영등포구 신길동","address":"서울특별시 영등포구 신길동","useName":"단독주택","floors":2.0,"height":7.6,"heightSource":"measured","heightRaw":7.6,"sourceDate":"2026-09-09"},"geometry":{"type":"Polygon","coordinates":[[[126.92029302,37.51307365],[126.92026922,37.51301255],[126.92017373,37.51303411],[126.92020011,37.51311296],[126.92029549,37.51309275],[126.92028929,37.51307446],[126.92029302,37.51307365]]]}},{"type":"Feature","id":"seoul-building-503015","properties":{"id":"seoul-building-503015","sourceId":"1991192983654456137300000000","pnu":"1156013200100940018","name":"서울특별시 영등포구 신길동","address":"서울특별시 영등포구 신길동","useName":"단독주택","floors":2.0,"height":7.4,"heightSource":"estimated","heightRaw":0.0,"sourceDate":"2026-09-09"},"geometry":{"type":"Polygon","coordinates":[[[126.92149322,37.51275072],[126.92145779,37.51266592],[126.92136287,37.51269108],[126.92139818,37.5127758],[126.92149322,37.51275072]]]}},{"type":"Feature","id":"seoul-building-503016","properties":{"id":"seoul-building-503016","sourceId":"1989192874994456145300000000","pnu":"1156013200100950157","name":"서울특별시 영등포구 신길동","address":"서울특별시 영등포구 신길동","useName":"단독주택","floors":2.0,"height":7.4,"heightSource":"estimated","heightRaw":0.0,"sourceDate":"2026-09-09"},"geometry":{"type":"Polygon","coordinates":[[[126.92017762,37.51277282],[126.92026508,37.51275288],[126.92023553,37.5126769],[126.92018439,37.51268948],[126.9201854,37.51269227],[126.92013121,37.51270575],[126.92015636,37.51277028],[126.92017514,37.51276597],[126.92017762,37.51277282]]]}},{"type":"Feature","id":"seoul-building-503075","properties":{"id":"seoul-building-503075","sourceId":"1996192932384457823900000000","pnu":"1156013200100650071","name":"서울특별시 영등포구 신길동","address":"서울특별시 영등포구 신길동","useName":"단독주택","floors":2.0,"height":6.5,"heightSource":"measured","heightRaw":6.5,"sourceDate":"2026-09-09"},"geometry":{"type":"Polygon","coordinates":[[[126.92091576,37.51428637],[126.92087358,37.51416984],[126.92077707,37.5141959],[126.92081834,37.51430874],[126.92091576,37.51428637]]]}},{"type":"Feature","id":"seoul-building-503076","properties":{"id":"seoul-building-503076","sourceId":"2004192967374456336200000000","pnu":"1156013200100950125","name":"서울특별시 영등포구 신길동","address":"서울특별시 영등포구 신길동","useName":"단독주택","floors":3.0,"height":8.9,"heightSource":"measured","heightRaw":8.9,"sourceDate":"2026-09-09"},"geometry":{"type":"Polygon","coordinates":[[[126.92129667,37.51292592],[126.92125954,37.51285211],[126.92119052,37.51287414],[126.92122811,37.51294787],[126.92129667,37.51292592]]]}},{"type":"Feature","id":"seoul-building-503077","properties":{"id":"seoul-building-503077","sourceId":"1961193104354457976800000000","pnu":"1156013200100040035","name":"서울특별시 영등포구 신길동","address":"서울특별시 영등포구 신길동","useName":"단독주택","floors":1.0,"height":4.2,"heightSource":"estimated","heightRaw":0.0,"sourceDate":"2026-09-09"},"geometry":{"type":"Polygon","coordinates":[[[126.92279262,37.51441494],[126.9228507,37.51436335],[126.92282221,37.51434306],[126.92278565,37.51437557],[126.92275784,37.51435573],[126.9227292,37.51438229],[126.92279262,37.51441494]]]}},{"type":"Feature","id":"seoul-building-503078","properties":{"id":"seoul-building-503078","sourceId":"1958193168274457765300000000","pnu":"1156013200100030004","name":"서울특별시 영등포구 신길동","address":"서울특별시 영등포구 신길동","useName":"단독주택","floors":1.0,"height":4.2,"heightSource":"estimated","heightRaw":0.0,"sourceDate":"2026-09-09"},"geometry":{"type":"Polygon","coordinates":[[[126.92355994,37.5141972],[126.92353012,37.51415123],[126.92346754,37.51418281],[126.92350165,37.51422626],[126.92355994,37.5141972]]]}},{"type":"Feature","id":"seoul-building-503094","properties":{"id":"seoul-building-503094","sourceId":"2004192908874457701100000000","pnu":"1156013200100650058","name":"서울특별시 영등포구 신길동","address":"서울특별시 영등포구 신길동","useName":"단독주택","floors":4.0,"height":11.8,"heightSource":"measured","heightRaw":11.8,"sourceDate":"2026-09-09"},"geometry":{"type":"Polygon","coordinates":[[[126.92067579,37.5141361],[126.92065288,37.51407977],[126.92048578,37.51412228],[126.92050845,37.51417888],[126.92067579,37.5141361]]]}},{"type":"Feature","id":"seoul-building-503129","properties":{"id":"seoul-building-503129","sourceId":"1991192876024454127400000000","pnu":"1156013200100900006","name":"서울특별시 영등포구 신길동","address":"서울특별시 영등포구 신길동","useName":"단독주택","floors":2.0,"height":7.4,"heightSource":"estimated","heightRaw":0.0,"sourceDate":"2026-09-09"},"geometry":{"type":"Polygon","coordinates":[[[126.92028095,37.51091601],[126.92025612,37.51086662],[126.92014433,37.51090213],[126.92016905,37.51095161],[126.92028095,37.51091601]]]}},{"type":"Feature","id":"seoul-building-503134","properties":{"id":"seoul-building-503134","sourceId":"1988193054944453890600000000","pnu":"1156013200104540020","name":"서울특별시 영등포구 신길동","address":"서울특별시 영등포구 신길동","useName":"단독주택","floors":2.0,"height":7.4,"heightSource":"estimated","heightRaw":0.0,"sourceDate":"2026-09-09"},"geometry":{"type":"Polygon","coordinates":[[[126.92229909,37.51070418],[126.9222816,37.51066182],[126.92217379,37.51069013],[126.92219127,37.51073239],[126.92229909,37.51070418]]]}},{"type":"Feature","id":"seoul-building-503135","properties":{"id":"seoul-building-503135","sourceId":"1988193065404453854800000000","pnu":"1156013200104540018","name":"서울특별시 영등포구 신길동","address":"서울특별시 영등포구 신길동","useName":"단독주택","floors":2.0,"height":7.4,"heightSource":"estimated","heightRaw":0.0,"sourceDate":"2026-09-09"},"geometry":{"type":"Polygon","coordinates":[[[126.9224163,37.51067641],[126.9223978,37.51062811],[126.92229349,37.51065354],[126.92231199,37.51070184],[126.9224163,37.51067641]]]}},{"type":"Feature","id":"seoul-building-503197","properties":{"id":"seoul-building-503197","sourceId":"0000192976854456429800000000","pnu":"1156013200100710030","name":"서울특별시 영등포구 신길동","address":"서울특별시 영등포구 신길동","useName":"","floors":0.0,"height":0,"heightSource":"unknown","heightRaw":0.0,"sourceDate":"2026-09-09"},"geometry":{"type":"Polygon","coordinates":[[[126.92137092,37.51299247],[126.92136393,37.51296679],[126.92132965,37.51297838],[126.92133743,37.51300055],[126.92137092,37.51299247]]]}},{"type":"Feature","id":"seoul-building-503204","properties":{"id":"seoul-building-503204","sourceId":"1967193129294456145000000000","pnu":"1156013200104490039","name":"서울특별시 영등포구 신길동","address":"서울특별시 영등포구 신길동","useName":"단독주택","floors":1.0,"height":4.2,"heightSource":"estimated","heightRaw":0.0,"sourceDate":"2026-09-09"},"geometry":{"type":"Polygon","coordinates":[[[126.92305647,37.5127686],[126.92314608,37.51274452],[126.92312295,37.51268999],[126.92305801,37.51270742],[126.92305372,37.51269706],[126.92300326,37.51271063],[126.92302436,37.51276047],[126.92305004,37.51275355],[126.92305647,37.5127686]]]}},{"type":"Feature","id":"seoul-building-503224","properties":{"id":"seoul-building-503224","sourceId":"0000193124084457157900000000","pnu":"1156013200100120008","name":"서울특별시 영등포구 신길동","address":"서울특별시 영등포구 신길동","useName":"","floors":0.0,"height":0,"heightSource":"unknown","heightRaw":0.0,"sourceDate":"2026-09-09"},"geometry":{"type":"Polygon","coordinates":[[[126.92310967,37.51362386],[126.92307883,37.51358663],[126.92301375,37.51362074],[126.92301059,37.51361705],[126.92292131,37.51365564],[126.92295803,37.51369486],[126.92310967,37.51362386]]]}},{"type":"Feature","id":"seoul-building-503225","properties":{"id":"seoul-building-503225","sourceId":"1967193067994457159000000000","pnu":"1156013200100690024","name":"서울특별시 영등포구 신길동","address":"서울특별시 영등포구 신길동","useName":"단독주택","floors":1.0,"height":4.0,"heightSource":"measured","heightRaw":4.0,"sourceDate":"2026-09-09"},"geometry":{"type":"Polygon","coordinates":[[[126.9224519,37.51365227],[126.92241328,37.51359088],[126.92231019,37.51363191],[126.92234881,37.51369337],[126.9224519,37.51365227]]]}},{"type":"Feature","id":"seoul-building-503229","properties":{"id":"seoul-building-503229","sourceId":"1996192943314458280500000000","pnu":"1156013200100650098","name":"서울특별시 영등포구 신길동","address":"서울특별시 영등포구 신길동","useName":"단독주택","floors":2.0,"height":8.0,"heightSource":"measured","heightRaw":8.0,"sourceDate":"2026-09-09"},"geometry":{"type":"Polygon","coordinates":[[[126.92104621,37.51468695],[126.92101125,37.51458854],[126.9208929,37.51461712],[126.92092786,37.514714],[126.92104621,37.51468695]]]}},{"type":"Feature","id":"seoul-building-503257","properties":{"id":"seoul-building-503257","sourceId":"0000193123224457093400000000","pnu":"1156013200100690039","name":"서울특별시 영등포구 신길동","address":"서울특별시 영등포구 신길동","useName":"","floors":0.0,"height":0,"heightSource":"unknown","heightRaw":0.0,"sourceDate":"2026-09-09"},"geometry":{"type":"Polygon","coordinates":[[[126.9230777,37.51358528],[126.92305499,37.51355724],[126.92301289,37.51357893],[126.92298317,37.51354243],[126.92294606,37.51356151],[126.92298581,37.51362496],[126.9230777,37.51358528]]]}},{"type":"Feature","id":"seoul-building-503260","properties":{"id":"seoul-building-503260","sourceId":"0000193062024457102200000000","pnu":"1156013200100690024","name":"서울특별시 영등포구 신길동","address":"서울특별시 영등포구 신길동","useName":"단독주택","floors":1.0,"height":4.2,"heightSource":"estimated","heightRaw":0.0,"sourceDate":"2026-09-09"},"geometry":{"type":"Polygon","coordinates":[[[126.92235625,37.51361166],[126.92231831,37.51355109],[126.92227078,37.51356998],[126.92230861,37.51363056],[126.92235625,37.51361166]]]}},{"type":"Feature","id":"seoul-building-503261","properties":{"id":"seoul-building-503261","sourceId":"1982193071794458557900000000","pnu":"1156013200100040017","name":"서울특별시 영등포구 신길동","address":"서울특별시 영등포구 신길동","useName":"단독주택","floors":1.0,"height":4.2,"heightSource":"estimated","heightRaw":0.0,"sourceDate":"2026-09-09"},"geometry":{"type":"Polygon","coordinates":[[[126.92245681,37.51492152],[126.92244384,37.51487384],[126.92238841,37.51488344],[126.92240138,37.51493113],[126.92245681,37.51492152]]]}},{"type":"Feature","id":"seoul-building-503262","properties":{"id":"seoul-building-503262","sourceId":"1971193057334457173300000000","pnu":"1156013200100690024","name":"서울특별시 영등포구 신길동","address":"서울특별시 영등포구 신길동","useName":"제2종근린생활시설","floors":2.0,"height":7.4,"heightSource":"estimated","heightRaw":0.0,"sourceDate":"2026-09-09"},"geometry":{"type":"Polygon","coordinates":[[[126.92234282,37.51369184],[126.92231628,37.5136466],[126.92228766,37.51365693],[126.92224555,37.51358266],[126.92218309,37.51360272],[126.92226157,37.51372216],[126.92234282,37.51369184]]]}},{"type":"Feature","id":"seoul-building-503263","properties":{"id":"seoul-building-503263","sourceId":"1961193007554456474200000000","pnu":"1156013200100710017","name":"서울특별시 영등포구 신길동","address":"서울특별시 영등포구 신길동","useName":"단독주택","floors":1.0,"height":4.2,"heightSource":"estimated","heightRaw":0.0,"sourceDate":"2026-09-09"},"geometry":{"type":"Polygon","coordinates":[[[126.92176641,37.51304337],[126.92175164,37.51300372],[126.92169699,37.51301666],[126.92168188,37.5129761],[126.92164046,37.51298589],[126.92167036,37.5130661],[126.92176641,37.51304337]]]}},{"type":"Feature","id":"seoul-building-503264","properties":{"id":"seoul-building-503264","sourceId":"0000192997414456504900000000","pnu":"1156013200100710019","name":"서울특별시 영등포구 신길동","address":"서울특별시 영등포구 신길동","useName":"단독주택","floors":1.0,"height":4.2,"heightSource":"estimated","heightRaw":0.0,"sourceDate":"2026-09-09"},"geometry":{"type":"Polygon","coordinates":[[[126.92165339,37.51307186],[126.92163782,37.51303031],[126.9215799,37.51304406],[126.92156387,37.51300116],[126.92152383,37.51301068],[126.92155541,37.51309513],[126.92165339,37.51307186]]]}},{"type":"Feature","id":"seoul-building-503268","properties":{"id":"seoul-building-503268","sourceId":"0000192866814456904300000000","pnu":"1156013200100950282","name":"서울특별시 영등포구 신길동","address":"서울특별시 영등포구 신길동","useName":"","floors":0.0,"height":0,"heightSource":"unknown","heightRaw":0.0,"sourceDate":"2026-09-09"},"geometry":{"type":"Polygon","coordinates":[[[126.9201344,37.51342223],[126.92012426,37.51339051],[126.92007651,37.51339949],[126.92008824,37.5134322],[126.9201344,37.51342223]]]}},{"type":"Feature","id":"seoul-building-503269","properties":{"id":"seoul-building-503269","sourceId":"0000192891964456154000000000","pnu":"1156013200100950150","name":"서울특별시 영등포구 신길동","address":"서울특별시 영등포구 신길동","useName":"","floors":0.0,"height":0,"heightSource":"unknown","heightRaw":0.0,"sourceDate":"2026-09-09"},"geometry":{"type":"Polygon","coordinates":[[[126.92041676,37.51274585],[126.9204056,37.51271665],[126.92036532,37.51272447],[126.92037626,37.51275394],[126.92041676,37.51274585]]]}},{"type":"Feature","id":"seoul-building-503270","properties":{"id":"seoul-building-503270","sourceId":"0000192912404455982900000000","pnu":"1156013200100950213","name":"서울특별시 영등포구 신길동","address":"서울특별시 영등포구 신길동","useName":"","floors":0.0,"height":0,"heightSource":"unknown","heightRaw":0.0,"sourceDate":"2026-09-09"},"geometry":{"type":"Polygon","coordinates":[[[126.92064598,37.51258771],[126.92063424,37.51256463],[126.92059871,37.51257452],[126.92061,37.51259795],[126.92064598,37.51258771]]]}},{"type":"Feature","id":"seoul-building-503271","properties":{"id":"seoul-building-503271","sourceId":"1985193033504456505200000000","pnu":"1156013200104690012","name":"서울특별시 영등포구 신길동","address":"서울특별시 영등포구 신길동","useName":"제1종근린생활시설","floors":1.0,"height":4.2,"heightSource":"estimated","heightRaw":0.0,"sourceDate":"2026-09-09"},"geometry":{"type":"Polygon","coordinates":[[[126.92204972,37.513075],[126.92202004,37.51300515],[126.92193394,37.51302925],[126.92196271,37.51310108],[126.92204972,37.513075]]]}},{"type":"Feature","id":"seoul-building-503295","properties":{"id":"seoul-building-503295","sourceId":"1988192931454453740900000000","pnu":"1156013200100890159","name":"서울특별시 영등포구 신길동","address":"서울특별시 영등포구 신길동","useName":"단독주택","floors":2.0,"height":7.4,"heightSource":"estimated","heightRaw":0.0,"sourceDate":"2026-09-09"},"geometry":{"type":"Polygon","coordinates":[[[126.9208992,37.51057738],[126.92087088,37.51051798],[126.92078059,37.5105454],[126.92080892,37.51060471],[126.9208992,37.51057738]]]}},{"type":"Feature","id":"seoul-building-503297","properties":{"id":"seoul-building-503297","sourceId":"2000193257124457223500000000","pnu":"1156013200114090000","name":"서울특별시 영등포구 신길동","address":"서울특별시 영등포구 신길동","useName":"단독주택","floors":1.0,"height":4.7,"heightSource":"measured","heightRaw":4.7,"sourceDate":"2026-09-09"},"geometry":{"type":"Polygon","coordinates":[[[126.92458611,37.51371987],[126.92457203,37.51366571],[126.92450471,37.51367684],[126.92450133,37.51366368],[126.92445506,37.5136751],[126.92448236,37.51374549],[126.92458611,37.51371987]]]}},{"type":"Feature","id":"seoul-building-503311","properties":{"id":"seoul-building-503311","sourceId":"1975192858584459094800000000","pnu":"1156013200100630035","name":"서울특별시 영등포구 신길동","address":"서울특별시 영등포구 신길동","useName":"단독주택","floors":3.0,"height":10.6,"heightSource":"estimated","heightRaw":0.0,"sourceDate":"2026-09-09"},"geometry":{"type":"Polygon","coordinates":[[[126.92002344,37.51543941],[126.92008874,37.515409],[126.92002255,37.51532615],[126.91992715,37.5153706],[126.91995504,37.51540874],[126.91997734,37.51539839],[126.92000557,37.51543678],[126.92001757,37.51543121],[126.92002344,37.51543941]]]}},{"type":"Feature","id":"seoul-building-503312","properties":{"id":"seoul-building-503312","sourceId":"1991192884394459052300000000","pnu":"1156013200100640036","name":"서울특별시 영등포구 신길동","address":"서울특별시 영등포구 신길동","useName":"단독주택","floors":2.0,"height":7.4,"heightSource":"estimated","heightRaw":0.0,"sourceDate":"2026-09-09"},"geometry":{"type":"Polygon","coordinates":[[[126.92037045,37.51535009],[126.92031803,37.51529266],[126.92023662,37.51534206],[126.92028308,37.51540067],[126.92037045,37.51535009]]]}},{"type":"Feature","id":"seoul-building-503314","properties":{"id":"seoul-building-503314","sourceId":"0000192990144456255300000000","pnu":"1156013200100940015","name":"서울특별시 영등포구 신길동","address":"서울특별시 영등포구 신길동","useName":"","floors":0.0,"height":0,"heightSource":"unknown","heightRaw":0.0,"sourceDate":"2026-09-09"},"geometry":{"type":"Polygon","coordinates":[[[126.92153806,37.51280409],[126.92153265,37.51279139],[126.92148513,37.51280406],[126.92144915,37.51281385],[126.92147025,37.51286324],[126.92155352,37.51284068],[126.92153806,37.51280409]]]}},{"type":"Feature","id":"seoul-building-503315","properties":{"id":"seoul-building-503315","sourceId":"1961193141094456182200000000","pnu":"1156013200104490038","name":"서울특별시 영등포구 신길동","address":"서울특별시 영등포구 신길동","useName":"단독주택","floors":2.0,"height":6.0,"heightSource":"measured","heightRaw":6.0,"sourceDate":"2026-09-09"},"geometry":{"type":"Polygon","coordinates":[[[126.92324336,37.5127434],[126.9231643,37.51273389],[126.923156,37.51277767],[126.92325971,37.51279017],[126.9232602,37.51275215],[126.92324176,37.51275187],[126.92324336,37.5127434]]]}},{"type":"Feature","id":"seoul-building-503316","properties":{"id":"seoul-building-503316","sourceId":"0000193076954458473600000000","pnu":"1156013200100040056","name":"서울특별시 영등포구 신길동","address":"서울특별시 영등포구 신길동","useName":"","floors":0.0,"height":0,"heightSource":"unknown","heightRaw":0.0,"sourceDate":"2026-09-09"},"geometry":{"type":"Polygon","coordinates":[[[126.9225002,37.51485171],[126.92249957,37.51480189],[126.92246665,37.51480268],[126.92245666,37.51484529],[126.9225002,37.51485171]]]}},{"type":"Feature","id":"seoul-building-503319","properties":{"id":"seoul-building-503319","sourceId":"0000193036604456301500000000","pnu":"1156013200104690005","name":"서울특별시 영등포구 신길동","address":"서울특별시 영등포구 신길동","useName":"단독주택","floors":1.0,"height":4.2,"heightSource":"estimated","heightRaw":0.0,"sourceDate":"2026-09-09"},"geometry":{"type":"Polygon","coordinates":[[[126.92207535,37.51290392],[126.92206271,37.51287517],[126.92204823,37.51287921],[126.92203435,37.51284758],[126.92204792,37.5128438],[126.9220363,37.51281758],[126.92198256,37.51283259],[126.9220207,37.5129192],[126.92207535,37.51290392]]]}},{"type":"Feature","id":"seoul-building-503337","properties":{"id":"seoul-building-503337","sourceId":"1959192976394456328500000000","pnu":"1156013200100940014","name":"서울특별시 영등포구 신길동","address":"서울특별시 영등포구 신길동","useName":"단독주택","floors":2.0,"height":7.4,"heightSource":"estimated","heightRaw":0.0,"sourceDate":"2026-09-09"},"geometry":{"type":"Polygon","coordinates":[[[126.92141227,37.5129288],[126.92137617,37.51283408],[126.92127922,37.51285735],[126.9213152,37.51295216],[126.92141227,37.5129288]]]}},{"type":"Feature","id":"seoul-building-503344","properties":{"id":"seoul-building-503344","sourceId":"1989192867784455450100000000","pnu":"1156013200100910041","name":"서울특별시 영등포구 신길동","address":"서울특별시 영등포구 신길동","useName":"단독주택","floors":2.0,"height":7.4,"heightSource":"estimated","heightRaw":0.0,"sourceDate":"2026-09-09"},"geometry":{"type":"Polygon","coordinates":[[[126.92019845,37.51211942],[126.92018459,37.51207743],[126.92016434,37.51208165],[126.92015543,37.51205434],[126.92004388,37.5120785],[126.92006654,37.51214699],[126.92019845,37.51211942]]]}},{"type":"Feature","id":"seoul-building-503345","properties":{"id":"seoul-building-503345","sourceId":"1990192895364455316500000000","pnu":"1156013200100910039","name":"서울특별시 영등포구 신길동","address":"서울특별시 영등포구 신길동","useName":"단독주택","floors":2.0,"height":7.4,"heightSource":"estimated","heightRaw":0.0,"sourceDate":"2026-09-09"},"geometry":{"type":"Polygon","coordinates":[[[126.920487,37.5120051],[126.92047234,37.511964],[126.9204668,37.51196527],[126.92045654,37.51193634],[126.92037519,37.51195457],[126.9204,37.51202468],[126.920487,37.5120051]]]}},{"type":"Feature","id":"seoul-building-503346","properties":{"id":"seoul-building-503346","sourceId":"1970192894354453771300000000","pnu":"1156013200100890013","name":"서울특별시 영등포구 신길동","address":"서울특별시 영등포구 신길동","useName":"단독주택","floors":1.0,"height":4.2,"heightSource":"estimated","heightRaw":0.0,"sourceDate":"2026-09-09"},"geometry":{"type":"Polygon","coordinates":[[[126.92045747,37.51062474],[126.92048408,37.51059574],[126.92040871,37.51054449],[126.92035637,37.51060313],[126.92038497,37.51062018],[126.92040751,37.5105957],[126.92045747,37.51062474]]]}},{"type":"Feature","id":"seoul-building-503369","properties":{"id":"seoul-building-503369","sourceId":"1983193042694456292600000000","pnu":"1156013200104690004","name":"서울특별시 영등포구 신길동","address":"서울특별시 영등포구 신길동","useName":"제1종근린생활시설","floors":1.0,"height":4.2,"heightSource":"estimated","heightRaw":0.0,"sourceDate":"2026-09-09"},"geometry":{"type":"Polygon","coordinates":[[[126.92212575,37.51283701],[126.92206855,37.51281048],[126.92204985,37.51284497],[126.9220793,37.51290662],[126.92214764,37.51289054],[126.92212575,37.51283701]]]}},{"type":"Feature","id":"seoul-building-503370","properties":{"id":"seoul-building-503370","sourceId":"0000193072994458417900000000","pnu":"1156013200100040051","name":"서울특별시 영등포구 신길동","address":"서울특별시 영등포구 신길동","useName":"","floors":0.0,"height":0,"heightSource":"unknown","heightRaw":0.0,"sourceDate":"2026-09-09"},"geometry":{"type":"Polygon","coordinates":[[[126.9224578,37.51472266],[126.92240498,37.51471893],[126.92242075,37.51478653],[126.92240884,37.5148267],[126.92245112,37.51484267],[126.92246203,37.51478916],[126.9224578,37.51472266]]]}},{"type":"Feature","id":"seoul-building-503378","properties":{"id":"seoul-building-503378","sourceId":"1993192921534458685700000000","pnu":"1156013200100640017","name":"서울특별시 영등포구 신길동","address":"서울특별시 영등포구 신길동","useName":"단독주택","floors":2.0,"height":7.7,"heightSource":"measured","heightRaw":7.7,"sourceDate":"2026-09-09"},"geometry":{"type":"Polygon","coordinates":[[[126.92077537,37.51505952],[126.92078495,37.51497762],[126.92073112,37.51497371],[126.92073031,37.51498056],[126.92066642,37.51497871],[126.92065797,37.51505088],[126.92077537,37.51505952]]]}},{"type":"Feature","id":"seoul-building-503379","properties":{"id":"seoul-building-503379","sourceId":"1991192889204459136700000000","pnu":"1156013200100640035","name":"서울특별시 영등포구 신길동","address":"서울특별시 영등포구 신길동","useName":"단독주택","floors":2.0,"height":7.4,"heightSource":"estimated","heightRaw":0.0,"sourceDate":"2026-09-09"},"geometry":{"type":"Polygon","coordinates":[[[126.92043599,37.51541113],[126.92038221,37.5153537],[126.92029065,37.51540815],[126.92031731,37.51543664],[126.92028822,37.51545392],[126.92032652,37.51549476],[126.92038821,37.51545813],[126.92038109,37.51545056],[126.92040305,37.51543751],[126.92039898,37.51543318],[126.92043599,37.51541113]]]}},{"type":"Feature","id":"seoul-building-503380","properties":{"id":"seoul-building-503380","sourceId":"1984193084544459475900000000","pnu":"1156013200100090109","name":"서울특별시 영등포구 신길동","address":"서울특별시 영등포구 신길동","useName":"단독주택","floors":1.0,"height":4.2,"heightSource":"estimated","heightRaw":0.0,"sourceDate":"2026-09-09"},"geometry":{"type":"Polygon","coordinates":[[[126.92260378,37.51575856],[126.92256958,37.51568807],[126.92252817,37.51570084],[126.92256237,37.51577132],[126.92260378,37.51575856]]]}},{"type":"Feature","id":"seoul-building-503381","properties":{"id":"seoul-building-503381","sourceId":"0000193074574458643300000000","pnu":"1156013200100040016","name":"서울특별시 영등포구 신길동","address":"서울특별시 영등포구 신길동","useName":"","floors":0.0,"height":0,"heightSource":"unknown","heightRaw":0.0,"sourceDate":"2026-09-09"},"geometry":{"type":"Polygon","coordinates":[[[126.92250898,37.51500868],[126.92248541,37.51494001],[126.92245091,37.5149435],[126.92244798,37.51493538],[126.92240023,37.51494599],[126.92242831,37.51502656],[126.92250898,37.51500868]]]}},{"type":"Feature","id":"seoul-building-503382","properties":{"id":"seoul-building-503382","sourceId":"0000193148494456857400000000","pnu":"1156013200100700051","name":"서울특별시 영등포구 신길동","address":"서울특별시 영등포구 신길동","useName":"","floors":0.0,"height":0,"heightSource":"unknown","heightRaw":0.0,"sourceDate":"2026-09-09"},"geometry":{"type":"Polygon","coordinates":[[[126.92334538,37.51341679],[126.92330578,37.51331009],[126.92324106,37.51332275],[126.92327353,37.51343062],[126.92334538,37.51341679]]]}},{"type":"Feature","id":"seoul-building-503436","properties":{"id":"seoul-building-503436","sourceId":"0000192996524456234000000000","pnu":"1156013200100940015","name":"서울특별시 영등포구 신길동","address":"서울특별시 영등포구 신길동","useName":"","floors":0.0,"height":0,"heightSource":"unknown","heightRaw":0.0,"sourceDate":"2026-09-09"},"geometry":{"type":"Polygon","coordinates":[[[126.9216085,37.51282312],[126.9216119,37.51282216],[126.92160378,37.51280405],[126.92159238,37.51277827],[126.92153547,37.51279436],[126.92153976,37.51280409],[126.92155386,37.51283762],[126.9216085,37.51282312]]]}},{"type":"Feature","id":"seoul-building-503437","properties":{"id":"seoul-building-503437","sourceId":"0000192994734456303000000000","pnu":"1156013200100940041","name":"서울특별시 영등포구 신길동","address":"서울특별시 영등포구 신길동","useName":"","floors":0.0,"height":0,"heightSource":"unknown","heightRaw":0.0,"sourceDate":"2026-09-09"},"geometry":{"type":"Polygon","coordinates":[[[126.92159385,37.51289207],[126.92157264,37.51283727],[126.92151177,37.51285345],[126.92153106,37.5128995],[126.92159385,37.51289207]]]}},{"type":"Feature","id":"seoul-building-503438","properties":{"id":"seoul-building-503438","sourceId":"0000193033714457461600000000","pnu":"1156013200100690037","name":"서울특별시 영등포구 신길동","address":"서울특별시 영등포구 신길동","useName":"","floors":0.0,"height":0,"heightSource":"unknown","heightRaw":0.0,"sourceDate":"2026-09-09"},"geometry":{"type":"Polygon","coordinates":[[[126.92202473,37.5139358],[126.92201674,37.51388624],[126.9219612,37.51389287],[126.92196963,37.51394297],[126.92202473,37.5139358]]]}},{"type":"Feature","id":"seoul-building-503439","properties":{"id":"seoul-building-503439","sourceId":"1960193045774458582300000000","pnu":"1156013200100050016","name":"서울특별시 영등포구 신길동","address":"서울특별시 영등포구 신길동","useName":"단독주택","floors":1.0,"height":4.2,"heightSource":"estimated","heightRaw":0.0,"sourceDate":"2026-09-09"},"geometry":{"type":"Polygon","coordinates":[[[126.92217915,37.51490672],[126.92211017,37.51489064],[126.92206612,37.51494052],[126.92216429,37.51495509],[126.92217915,37.51490672]]]}},{"type":"Feature","id":"seoul-building-503442","properties":{"id":"seoul-building-503442","sourceId":"0000192998554456269400000000","pnu":"1156013200100940015","name":"서울특별시 영등포구 신길동","address":"서울특별시 영등포구 신길동","useName":"","floors":0.0,"height":0,"heightSource":"unknown","heightRaw":0.0,"sourceDate":"2026-09-09"},"geometry":{"type":"Polygon","coordinates":[[[126.9216085,37.51282312],[126.92157366,37.51283466],[126.9215837,37.51285602],[126.92161889,37.51284667],[126.9216085,37.51282312]]]}},{"type":"Feature","id":"seoul-building-503443","properties":{"id":"seoul-building-503443","sourceId":"1968192948274455784500000000","pnu":"1156013200100940009","name":"서울특별시 영등포구 신길동","address":"서울특별시 영등포구 신길동","useName":"단독주택","floors":1.0,"height":4.2,"heightSource":"estimated","heightRaw":0.0,"sourceDate":"2026-09-09"},"geometry":{"type":"Polygon","coordinates":[[[126.92112245,37.51242179],[126.92110067,37.51237258],[126.92105114,37.51236732],[126.92102025,37.51237622],[126.92101077,37.5123554],[126.9209929,37.5123544],[126.92095603,37.51235924],[126.92094086,37.51236562],[126.92098962,37.51245918],[126.92112245,37.51242179]]]}},{"type":"Feature","id":"seoul-building-503448","properties":{"id":"seoul-building-503448","sourceId":"1970192996594456399700000000","pnu":"1156013200100710020","name":"서울특별시 영등포구 신길동","address":"서울특별시 영등포구 신길동","useName":"단독주택","floors":1.0,"height":4.2,"heightSource":"estimated","heightRaw":0.0,"sourceDate":"2026-09-09"},"geometry":{"type":"Polygon","coordinates":[[[126.92162678,37.51298102],[126.92159508,37.51289928],[126.92156012,37.5129079],[126.92157185,37.51293818],[126.92151732,37.51295157],[126.92153718,37.51300303],[126.92162678,37.51298102]]]}},{"type":"Feature","id":"seoul-building-503449","properties":{"id":"seoul-building-503449","sourceId":"0000192988614456310400000000","pnu":"1156013200100940014","name":"서울특별시 영등포구 신길동","address":"서울특별시 영등포구 신길동","useName":"","floors":0.0,"height":0,"heightSource":"unknown","heightRaw":0.0,"sourceDate":"2026-09-09"},"geometry":{"type":"Polygon","coordinates":[[[126.92152304,37.51288217],[126.92151176,37.51285522],[126.92146933,37.51286644],[126.92144512,37.51287285],[126.92144523,37.51287317],[126.92145369,37.51289754],[126.92152304,37.51288217]]]}},{"type":"Feature","id":"seoul-building-503451","properties":{"id":"seoul-building-503451","sourceId":"0000192968784456507500000000","pnu":"1156013200100650030","name":"서울특별시 영등포구 신길동","address":"서울특별시 영등포구 신길동","useName":"","floors":0.0,"height":0,"heightSource":"unknown","heightRaw":0.0,"sourceDate":"2026-09-09"},"geometry":{"type":"Polygon","coordinates":[[[126.92128531,37.51307747],[126.92126603,37.51302384],[126.92123322,37.51303176],[126.9212533,37.51308465],[126.92128531,37.51307747]]]}},{"type":"Feature","id":"seoul-building-503489","properties":{"id":"seoul-building-503489","sourceId":"1973192897544458274400000000","pnu":"1156013200100970061","name":"서울특별시 영등포구 신길동","address":"서울특별시 영등포구 신길동","useName":"단독주택","floors":2.0,"height":7.4,"heightSource":"estimated","heightRaw":0.0,"sourceDate":"2026-09-09"},"geometry":{"type":"Polygon","coordinates":[[[126.92048166,37.51469198],[126.92052462,37.51461398],[126.92048346,37.51459963],[126.92047405,37.51461674],[126.92044262,37.51460573],[126.92043911,37.51461221],[126.92041661,37.51460445],[126.92039439,37.51464489],[126.92038648,37.51464218],[126.92037401,37.51466478],[126.92042727,37.51468338],[126.92048166,37.51469198]]]}},{"type":"Feature","id":"seoul-building-503490","properties":{"id":"seoul-building-503490","sourceId":"0000193138874456110000000000","pnu":"1156013200104490038","name":"서울특별시 영등포구 신길동","address":"서울특별시 영등포구 신길동","useName":"","floors":0.0,"height":0,"heightSource":"unknown","heightRaw":0.0,"sourceDate":"2026-09-09"},"geometry":{"type":"Polygon","coordinates":[[[126.92321885,37.5127032],[126.92320791,37.51267661],[126.92314874,37.51269198],[126.92315878,37.51271794],[126.92321885,37.5127032]]]}},{"type":"Feature","id":"seoul-building-503494","properties":{"id":"seoul-building-503494","sourceId":"0000193134684456075900000000","pnu":"1156013200104490037","name":"서울특별시 영등포구 신길동","address":"서울특별시 영등포구 신길동","useName":"","floors":0.0,"height":0,"heightSource":"unknown","heightRaw":0.0,"sourceDate":"2026-09-09"},"geometry":{"type":"Polygon","coordinates":[[[126.92317726,37.51267371],[126.9231653,37.51264163],[126.92309459,37.51266051],[126.92310779,37.51269124],[126.92317726,37.51267371]]]}},{"type":"Feature","id":"seoul-building-503498","properties":{"id":"seoul-building-503498","sourceId":"1972192892074458369000000000","pnu":"1156013200100970060","name":"서울특별시 영등포구 신길동","address":"서울특별시 영등포구 신길동","useName":"단독주택","floors":2.0,"height":7.4,"heightSource":"estimated","heightRaw":0.0,"sourceDate":"2026-09-09"},"geometry":{"type":"Polygon","coordinates":[[[126.92044893,37.51473782],[126.92045518,37.51471016],[126.9203517,37.51469513],[126.92034795,37.51471171],[126.92033505,37.51470972],[126.92032618,37.51475269],[126.92042605,37.51476582],[126.92044893,37.51473782]]]}},{"type":"Feature","id":"seoul-building-503539","properties":{"id":"seoul-building-503539","sourceId":"1994192958694456369200000000","pnu":"1156013200100950124","name":"서울특별시 영등포구 신길동","address":"서울특별시 영등포구 신길동","useName":"단독주택","floors":2.0,"height":7.4,"heightSource":"estimated","heightRaw":0.0,"sourceDate":"2026-09-09"},"geometry":{"type":"Polygon","coordinates":[[[126.92121475,37.5129584],[126.9211757,37.51287467],[126.92113769,37.5128859],[126.9211352,37.51288122],[126.9210766,37.51289875],[126.92111767,37.51298708],[126.92121475,37.5129584]]]}},{"type":"Feature","id":"seoul-building-503541","properties":{"id":"seoul-building-503541","sourceId":"1990192890194458473800000000","pnu":"1156013200100970001","name":"서울특별시 영등포구 신길동","address":"서울특별시 영등포구 신길동","useName":"단독주택","floors":2.0,"height":7.4,"heightSource":"estimated","heightRaw":0.0,"sourceDate":"2026-09-09"},"geometry":{"type":"Polygon","coordinates":[[[126.92041202,37.51487447],[126.92042795,37.51478375],[126.92036575,37.51477686],[126.92036381,37.51478749],[126.92031993,37.5147826],[126.92030797,37.51486287],[126.92041202,37.51487447]]]}},{"type":"Feature","id":"seoul-building-503567","properties":{"id":"seoul-building-503567","sourceId":"1961193005584456388300000000","pnu":"1156013200100710018","name":"서울특별시 영등포구 신길동","address":"서울특별시 영등포구 신길동","useName":"단독주택","floors":1.0,"height":4.34,"heightSource":"measured","heightRaw":4.34,"sourceDate":"2026-09-09"},"geometry":{"type":"Polygon","coordinates":[[[126.92173155,37.51296334],[126.92171294,37.51291044],[126.92162006,37.51293119],[126.92163866,37.512984],[126.92173155,37.51296334]]]}},{"type":"Feature","id":"seoul-building-503568","properties":{"id":"seoul-building-503568","sourceId":"1965193039874458758100000000","pnu":"1156013200100070031","name":"서울특별시 영등포구 신길동","address":"서울특별시 영등포구 신길동","useName":"단독주택","floors":1.0,"height":4.2,"heightSource":"estimated","heightRaw":0.0,"sourceDate":"2026-09-09"},"geometry":{"type":"Polygon","coordinates":[[[126.92200605,37.51504592],[126.9219944,37.51503528],[126.92195875,37.51506012],[126.92201085,37.51514136],[126.92204463,37.5151382],[126.92203742,37.51511414],[126.92215924,37.51511161],[126.92216191,37.51505008],[126.92200605,37.51504592]]]}},{"type":"Feature","id":"seoul-building-503627","properties":{"id":"seoul-building-503627","sourceId":"1991192859844458667800000000","pnu":"1156013200100640043","name":"서울특별시 영등포구 신길동","address":"서울특별시 영등포구 신길동","useName":"단독주택","floors":2.0,"height":7.4,"heightSource":"estimated","heightRaw":0.0,"sourceDate":"2026-09-09"},"geometry":{"type":"Polygon","coordinates":[[[126.92006455,37.51497281],[126.91998718,37.51496744],[126.91996239,37.51498355],[126.9200121,37.51504567],[126.92009087,37.51500572],[126.92006455,37.51497281]]]}},{"type":"Feature","id":"seoul-building-503628","properties":{"id":"seoul-building-503628","sourceId":"2006192879944457943500000000","pnu":"1156013200100970033","name":"서울특별시 영등포구 신길동","address":"서울특별시 영등포구 신길동","useName":"단독주택","floors":4.0,"height":9.8,"heightSource":"measured","heightRaw":9.8,"sourceDate":"2026-09-09"},"geometry":{"type":"Polygon","coordinates":[[[126.92031397,37.5143248],[126.9202243,37.51429924],[126.92019233,37.51437012],[126.92028211,37.51439568],[126.92031397,37.5143248]]]}},{"type":"Feature","id":"seoul-building-503632","properties":{"id":"seoul-building-503632","sourceId":"1991192908264458664800000000","pnu":"1156013200100640019","name":"서울특별시 영등포구 신길동","address":"서울특별시 영등포구 신길동","useName":"단독주택","floors":2.0,"height":7.4,"heightSource":"estimated","heightRaw":0.0,"sourceDate":"2026-09-09"},"geometry":{"type":"Polygon","coordinates":[[[126.92058239,37.51495487],[126.92052154,37.51495113],[126.92051557,37.51503519],[126.92063037,37.51504032],[126.92062875,37.51496508],[126.92061021,37.51496137],[126.92058193,37.51495973],[126.92058239,37.51495487]]]}},{"type":"Feature","id":"seoul-building-503633","properties":{"id":"seoul-building-503633","sourceId":"1985192877234454354700000000","pnu":"1156013200100900035","name":"서울특별시 영등포구 신길동","address":"서울특별시 영등포구 신길동","useName":"단독주택","floors":1.0,"height":4.2,"heightSource":"estimated","heightRaw":0.0,"sourceDate":"2026-09-09"},"geometry":{"type":"Polygon","coordinates":[[[126.92030276,37.51113794],[126.92029647,37.51110379],[126.92027565,37.5111062],[126.92027284,37.51109134],[126.92023675,37.51109555],[126.92022514,37.51106148],[126.92016179,37.51107522],[126.92018974,37.51116129],[126.92030276,37.51113794]]]}},{"type":"Feature","id":"seoul-building-503637","properties":{"id":"seoul-building-503637","sourceId":"0000193222834455934600000000","pnu":"1156013200113300000","name":"서울특별시 영등포구 신길동","address":"서울특별시 영등포구 신길동","useName":"","floors":0.0,"height":0,"heightSource":"unknown","heightRaw":0.0,"sourceDate":"2026-09-09"},"geometry":{"type":"Polygon","coordinates":[[[126.92418233,37.51257913],[126.92414836,37.51248688],[126.92408717,37.51249942],[126.92411513,37.51259206],[126.92418233,37.51257913]]]}},{"type":"Feature","id":"seoul-building-503638","properties":{"id":"seoul-building-503638","sourceId":"1960193118554458734500000000","pnu":"1156013200100080012","name":"서울특별시 영등포구 신길동","address":"서울특별시 영등포구 신길동","useName":"단독주택","floors":1.0,"height":4.2,"heightSource":"estimated","heightRaw":0.0,"sourceDate":"2026-09-09"},"geometry":{"type":"Polygon","coordinates":[[[126.92301992,37.51509722],[126.92297454,37.51501367],[126.92291683,37.51503354],[126.92287417,37.51504775],[126.92289619,37.51508948],[126.92291678,37.51508256],[126.92295073,37.51507087],[126.92297364,37.51511314],[126.92301992,37.51509722]]]}},{"type":"Feature","id":"seoul-building-503639","properties":{"id":"seoul-building-503639","sourceId":"1985193129084457888600000000","pnu":"1156013200100030036","name":"서울특별시 영등포구 신길동","address":"서울특별시 영등포구 신길동","useName":"단독주택","floors":1.0,"height":4.2,"heightSource":"estimated","heightRaw":0.0,"sourceDate":"2026-09-09"},"geometry":{"type":"Polygon","coordinates":[[[126.92311982,37.51430815],[126.92307423,37.51426056],[126.92302285,37.5142917],[126.92306854,37.51433935],[126.92311982,37.51430815]]]}},{"type":"Feature","id":"seoul-building-503640","properties":{"id":"seoul-building-503640","sourceId":"1985193136864457858900000000","pnu":"1156013200100030021","name":"서울특별시 영등포구 신길동","address":"서울특별시 영등포구 신길동","useName":"단독주택","floors":2.0,"height":7.4,"heightSource":"estimated","heightRaw":0.0,"sourceDate":"2026-09-09"},"geometry":{"type":"Polygon","coordinates":[[[126.92320601,37.51427866],[126.92316818,37.51423656],[126.92311285,37.51426773],[126.92314991,37.51430992],[126.92320601,37.51427866]]]}},{"type":"Feature","id":"seoul-building-503641","properties":{"id":"seoul-building-503641","sourceId":"1985193142164457819300000000","pnu":"1156013200100030022","name":"서울특별시 영등포구 신길동","address":"서울특별시 영등포구 신길동","useName":"단독주택","floors":1.0,"height":4.2,"heightSource":"estimated","heightRaw":0.0,"sourceDate":"2026-09-09"},"geometry":{"type":"Polygon","coordinates":[[[126.92327101,37.51424197],[126.92322966,37.51419555],[126.92316831,37.51423542],[126.92316913,37.51423635],[126.92320667,37.51427829],[126.92327101,37.51424197]]]}},{"type":"Feature","id":"seoul-building-503642","properties":{"id":"seoul-building-503642","sourceId":"0000193165704459174200000000","pnu":"1156013200100090024","name":"서울특별시 영등포구 신길동","address":"서울특별시 영등포구 신길동","useName":"단독주택","floors":1.0,"height":4.2,"heightSource":"estimated","heightRaw":0.0,"sourceDate":"2026-09-09"},"geometry":{"type":"Polygon","coordinates":[[[126.92344407,37.51546871],[126.92342821,37.51547834],[126.92343679,37.51549114],[126.92353818,37.51544786],[126.92351344,37.51542667],[126.92344407,37.51546871]]]}},{"type":"Feature","id":"seoul-building-503643","properties":{"id":"seoul-building-503643","sourceId":"1985193159714457582400000000","pnu":"1156013200100030005","name":"서울특별시 영등포구 신길동","address":"서울특별시 영등포구 신길동","useName":"단독주택","floors":1.0,"height":4.2,"heightSource":"estimated","heightRaw":0.0,"sourceDate":"2026-09-09"},"geometry":{"type":"Polygon","coordinates":[[[126.92349837,37.51401272],[126.92345668,37.51396782],[126.92333852,37.51403775],[126.92337524,37.51408021],[126.92349837,37.51401272]]]}},{"type":"Feature","id":"seoul-building-503644","properties":{"id":"seoul-building-503644","sourceId":"1985193144004457699000000000","pnu":"1156013200100030011","name":"서울특별시 영등포구 신길동","address":"서울특별시 영등포구 신길동","useName":"단독주택","floors":1.0,"height":4.2,"heightSource":"estimated","heightRaw":0.0,"sourceDate":"2026-09-09"},"geometry":{"type":"Polygon","coordinates":[[[126.92328929,37.51413149],[126.92328865,37.51413078],[126.9232508,37.51409086],[126.92319116,37.51412686],[126.92322957,37.51416743],[126.92328929,37.51413149]]]}},{"type":"Feature","id":"seoul-building-503684","properties":{"id":"seoul-building-503684","sourceId":"1985193149054457651500000000","pnu":"1156013200100030034","name":"서울특별시 영등포구 신길동","address":"서울특별시 영등포구 신길동","useName":"단독주택","floors":1.0,"height":4.2,"heightSource":"estimated","heightRaw":0.0,"sourceDate":"2026-09-09"},"geometry":{"type":"Polygon","coordinates":[[[126.92328865,37.51413078],[126.92328929,37.51413149],[126.92335282,37.51409778],[126.9233056,37.51404143],[126.92324211,37.51407509],[126.92328865,37.51413078]]]}},{"type":"Feature","id":"seoul-building-503685","properties":{"id":"seoul-building-503685","sourceId":"1959193124794457838700000000","pnu":"1156013200100030030","name":"서울특별시 영등포구 신길동","address":"서울특별시 영등포구 신길동","useName":"단독주택","floors":1.0,"height":4.2,"heightSource":"estimated","heightRaw":0.0,"sourceDate":"2026-09-09"},"geometry":{"type":"Polygon","coordinates":[[[126.92307067,37.51425653],[126.92303746,37.51421587],[126.9229734,37.51425448],[126.92301046,37.51429343],[126.92307067,37.51425653]]]}},{"type":"Feature","id":"seoul-building-503686","properties":{"id":"seoul-building-503686","sourceId":"1958193119734457878700000000","pnu":"1156013200100030032","name":"서울특별시 영등포구 신길동","address":"서울특별시 영등포구 신길동","useName":"단독주택","floors":1.0,"height":4.2,"heightSource":"estimated","heightRaw":0.0,"sourceDate":"2026-09-09"},"geometry":{"type":"Polygon","coordinates":[[[126.92292063,37.51428679],[126.92295692,37.51432621],[126.92301046,37.51429507],[126.92297419,37.51425558],[126.92292063,37.51428679]]]}},{"type":"Feature","id":"seoul-building-503687","properties":{"id":"seoul-building-503687","sourceId":"1960193137244457752100000000","pnu":"1156013200100030010","name":"서울특별시 영등포구 신길동","address":"서울특별시 영등포구 신길동","useName":"단독주택","floors":1.0,"height":4.2,"heightSource":"estimated","heightRaw":0.0,"sourceDate":"2026-09-09"},"geometry":{"type":"Polygon","coordinates":[[[126.92321406,37.51417905],[126.92317803,37.51413848],[126.92311348,37.51417502],[126.92312922,37.51419278],[126.92314933,37.51421549],[126.92321406,37.51417905]]]}},{"type":"Feature","id":"seoul-building-503688","properties":{"id":"seoul-building-503688","sourceId":"1985193131724457789700000000","pnu":"1156013200100030017","name":"서울특별시 영등포구 신길동","address":"서울특별시 영등포구 신길동","useName":"단독주택","floors":1.0,"height":4.2,"heightSource":"estimated","heightRaw":0.0,"sourceDate":"2026-09-09"},"geometry":{"type":"Polygon","coordinates":[[[126.9231482,37.51421603],[126.92311319,37.51417523],[126.92305433,37.5142057],[126.92308946,37.51424645],[126.9231482,37.51421603]]]}},{"type":"Feature","id":"seoul-building-503689","properties":{"id":"seoul-building-503689","sourceId":"1985193100424458372200000000","pnu":"1156013200100040048","name":"서울특별시 영등포구 신길동","address":"서울특별시 영등포구 신길동","useName":"단독주택","floors":1.0,"height":4.2,"heightSource":"estimated","heightRaw":0.0,"sourceDate":"2026-09-09"},"geometry":{"type":"Polygon","coordinates":[[[126.92279202,37.51475794],[126.9227907,37.51471135],[126.92270134,37.51471292],[126.92270265,37.5147595],[126.92279202,37.51475794]]]}},{"type":"Feature","id":"seoul-building-503690","properties":{"id":"seoul-building-503690","sourceId":"1984193088974458297200000000","pnu":"1156013200100040052","name":"서울특별시 영등포구 신길동","address":"서울특별시 영등포구 신길동","useName":"단독주택","floors":1.0,"height":4.0,"heightSource":"measured","heightRaw":4.0,"sourceDate":"2026-09-09"},"geometry":{"type":"Polygon","coordinates":[[[126.92264685,37.51468134],[126.92264508,37.51465188],[126.92258773,37.51465409],[126.92258939,37.51468356],[126.92264685,37.51468134]]]}},{"type":"Feature","id":"seoul-building-503691","properties":{"id":"seoul-building-503691","sourceId":"0000193087684458711200000000","pnu":"1156013200100080009","name":"서울특별시 영등포구 신길동","address":"서울특별시 영등포구 신길동","useName":"","floors":0.0,"height":0,"heightSource":"unknown","heightRaw":0.0,"sourceDate":"2026-09-09"},"geometry":{"type":"Polygon","coordinates":[[[126.92259419,37.51506439],[126.9226277,37.51505425],[126.92261823,37.51501893],[126.92257377,37.51502665],[126.92259194,37.51506504],[126.92259419,37.51506439]]]}},{"type":"Feature","id":"seoul-building-503692","properties":{"id":"seoul-building-503692","sourceId":"0000193111074457911800000000","pnu":"1156013200100040034","name":"서울특별시 영등포구 신길동","address":"서울특별시 영등포구 신길동","useName":"","floors":0.0,"height":0,"heightSource":"unknown","heightRaw":0.0,"sourceDate":"2026-09-09"},"geometry":{"type":"Polygon","coordinates":[[[126.92290674,37.51431437],[126.92287204,37.51428633],[126.9228468,37.51430613],[126.92285584,37.51431344],[126.92282958,37.51433405],[126.92285523,37.51435479],[126.92290674,37.51431437]]]}},{"type":"Feature","id":"seoul-building-503693","properties":{"id":"seoul-building-503693","sourceId":"0000193134744457716700000000","pnu":"1156013200100030010","name":"서울특별시 영등포구 신길동","address":"서울특별시 영등포구 신길동","useName":"","floors":0.0,"height":0,"heightSource":"unknown","heightRaw":0.0,"sourceDate":"2026-09-09"},"geometry":{"type":"Polygon","coordinates":[[[126.92317308,37.51413692],[126.92315749,37.51411898],[126.9230974,37.51415218],[126.92311604,37.51417121],[126.92317308,37.51413692]]]}},{"type":"Feature","id":"seoul-building-503694","properties":{"id":"seoul-building-503694","sourceId":"0000193122444457806300000000","pnu":"1156013200100030030","name":"서울특별시 영등포구 신길동","address":"서울특별시 영등포구 신길동","useName":"","floors":0.0,"height":0,"heightSource":"unknown","heightRaw":0.0,"sourceDate":"2026-09-09"},"geometry":{"type":"Polygon","coordinates":[[[126.92303295,37.51421831],[126.92301622,37.51420019],[126.92295964,37.51423187],[126.92297794,37.51425152],[126.92303295,37.51421831]]]}},{"type":"Feature","id":"seoul-building-503695","properties":{"id":"seoul-building-503695","sourceId":"0000193116044457865500000000","pnu":"1156013200100030032","name":"서울특별시 영등포구 신길동","address":"서울특별시 영등포구 신길동","useName":"","floors":0.0,"height":0,"heightSource":"unknown","heightRaw":0.0,"sourceDate":"2026-09-09"},"geometry":{"type":"Polygon","coordinates":[[[126.92292063,37.51428679],[126.92297077,37.51425647],[126.9229527,37.5142361],[126.92287664,37.51428551],[126.92290839,37.51431086],[126.9229379,37.51432773],[126.9229448,37.51432106],[126.92291577,37.51428969],[126.92292063,37.51428679]]]}},{"type":"Feature","id":"seoul-building-503696","properties":{"id":"seoul-building-503696","sourceId":"0000193141564457667000000000","pnu":"1156013200100030011","name":"서울특별시 영등포구 신길동","address":"서울특별시 영등포구 신길동","useName":"","floors":0.0,"height":0,"heightSource":"unknown","heightRaw":0.0,"sourceDate":"2026-09-09"},"geometry":{"type":"Polygon","coordinates":[[[126.92324923,37.5140914],[126.92323466,37.51407653],[126.92317592,37.51410937],[126.92319083,37.51412398],[126.92324923,37.5140914]]]}},{"type":"Feature","id":"seoul-building-503699","properties":{"id":"seoul-building-503699","sourceId":"1991192860474458948100000000","pnu":"1156013200100640051","name":"서울특별시 영등포구 신길동","address":"서울특별시 영등포구 신길동","useName":"단독주택","floors":2.0,"height":7.4,"heightSource":"estimated","heightRaw":0.0,"sourceDate":"2026-09-09"},"geometry":{"type":"Polygon","coordinates":[[[126.92006202,37.51521707],[126.92004575,37.51519607],[126.91996698,37.5152362],[126.92001036,37.5152902],[126.9200063,37.51529226],[126.92002063,37.51531056],[126.92006116,37.51529041],[126.92005708,37.51528527],[126.92009614,37.51526593],[126.92005908,37.51521851],[126.92006202,37.51521707]]]}},{"type":"Feature","id":"seoul-building-503700","properties":{"id":"seoul-building-503700","sourceId":"1985193162414457684700000000","pnu":"1156013200100030025","name":"서울특별시 영등포구 신길동","address":"서울특별시 영등포구 신길동","useName":"단독주택","floors":1.0,"height":4.2,"heightSource":"estimated","heightRaw":0.0,"sourceDate":"2026-09-09"},"geometry":{"type":"Polygon","coordinates":[[[126.92351995,37.5141468],[126.92344302,37.51405125],[126.92337376,37.5140867],[126.92346075,37.51418335],[126.92351995,37.5141468]]]}},{"type":"Feature","id":"seoul-building-503701","properties":{"id":"seoul-building-503701","sourceId":"1984193099974458268200000000","pnu":"1156013200100040030","name":"서울특별시 영등포구 신길동","address":"서울특별시 영등포구 신길동","useName":"단독주택","floors":1.0,"height":4.2,"heightSource":"estimated","heightRaw":0.0,"sourceDate":"2026-09-09"},"geometry":{"type":"Polygon","coordinates":[[[126.92281081,37.51462712],[126.92267214,37.51461964],[126.92266928,37.51465334],[126.92280749,37.51466613],[126.92281081,37.51462712]]]}},{"type":"Feature","id":"seoul-building-503702","properties":{"id":"seoul-building-503702","sourceId":"1984193078164459621700000000","pnu":"1156013200100100028","name":"서울특별시 영등포구 신길동","address":"서울특별시 영등포구 신길동","useName":"단독주택","floors":1.0,"height":4.2,"heightSource":"estimated","heightRaw":0.0,"sourceDate":"2026-09-09"},"geometry":{"type":"Polygon","coordinates":[[[126.92255487,37.51582325],[126.92241714,37.51587078],[126.9224326,37.51589891],[126.92257031,37.51585116],[126.92255487,37.51582325]]]}},{"type":"Feature","id":"seoul-building-503703","properties":{"id":"seoul-building-503703","sourceId":"0000193083984458440700000000","pnu":"1156013200100040056","name":"서울특별시 영등포구 신길동","address":"서울특별시 영등포구 신길동","useName":"","floors":0.0,"height":0,"heightSource":"unknown","heightRaw":0.0,"sourceDate":"2026-09-09"},"geometry":{"type":"Polygon","coordinates":[[[126.92264917,37.51485226],[126.92265198,37.51476145],[126.92255447,37.51475958],[126.92255438,37.51473678],[126.92246491,37.51473753],[126.92246496,37.51479907],[126.92250343,37.51479901],[126.92250348,37.51485253],[126.92264917,37.51485226]]]}},{"type":"Feature","id":"seoul-building-503704","properties":{"id":"seoul-building-503704","sourceId":"1985193091574458358400000000","pnu":"1156013200100040049","name":"서울특별시 영등포구 신길동","address":"서울특별시 영등포구 신길동","useName":"단독주택","floors":1.0,"height":4.2,"heightSource":"estimated","heightRaw":0.0,"sourceDate":"2026-09-09"},"geometry":{"type":"Polygon","coordinates":[[[126.92270109,37.51475148],[126.92270057,37.51469129],[126.92259074,37.51469572],[126.92259215,37.51475321],[126.92270109,37.51475148]]]}},{"type":"Feature","id":"seoul-building-503705","properties":{"id":"seoul-building-503705","sourceId":"1984193100874458327200000000","pnu":"1156013200100040052","name":"서울특별시 영등포구 신길동","address":"서울특별시 영등포구 신길동","useName":"단독주택","floors":1.0,"height":4.0,"heightSource":"measured","heightRaw":4.0,"sourceDate":"2026-09-09"},"geometry":{"type":"Polygon","coordinates":[[[126.92279773,37.51470622],[126.92279718,37.51468009],[126.92270171,37.51468625],[126.92270406,37.51470751],[126.92279773,37.51470622]]]}},{"type":"Feature","id":"seoul-building-503731","properties":{"id":"seoul-building-503731","sourceId":"1966192917894456051600000000","pnu":"1156013200100950213","name":"서울특별시 영등포구 신길동","address":"서울특별시 영등포구 신길동","useName":"창고시설","floors":1.0,"height":4.2,"heightSource":"estimated","heightRaw":0.0,"sourceDate":"2026-09-09"},"geometry":{"type":"Polygon","coordinates":[[[126.92075044,37.51263724],[126.92073103,37.51259119],[126.92068351,37.51260386],[126.92068633,37.51261044],[126.92066642,37.51261583],[126.92065581,37.51259069],[126.92060762,37.51260372],[126.92064902,37.51270168],[126.92076058,37.51267167],[126.92074648,37.51263832],[126.92075044,37.51263724]]]}},{"type":"Feature","id":"seoul-building-503734","properties":{"id":"seoul-building-503734","sourceId":"0000193132194457078100000000","pnu":"1156013200100690039","name":"서울특별시 영등포구 신길동","address":"서울특별시 영등포구 신길동","useName":"","floors":0.0,"height":0,"heightSource":"unknown","heightRaw":0.0,"sourceDate":"2026-09-09"},"geometry":{"type":"Polygon","coordinates":[[[126.92315733,37.51358696],[126.92310727,37.51352628],[126.92305726,37.51355229],[126.92310708,37.51361314],[126.92315733,37.51358696]]]}},{"type":"Feature","id":"seoul-building-503737","properties":{"id":"seoul-building-503737","sourceId":"1964192985484456451700000000","pnu":"1156013200100710031","name":"서울특별시 영등포구 신길동","address":"서울특별시 영등포구 신길동","useName":"단독주택","floors":2.0,"height":5.5,"heightSource":"measured","heightRaw":5.5,"sourceDate":"2026-09-09"},"geometry":{"type":"Polygon","coordinates":[[[126.9215221,37.51303158],[126.92148646,37.51293966],[126.92144086,37.51295179],[126.92144628,37.51296495],[126.92137217,37.51298454],[126.92140252,37.51306151],[126.9215221,37.51303158]]]}},{"type":"Feature","id":"seoul-building-503740","properties":{"id":"seoul-building-503740","sourceId":"2021193000204453394300000000","pnu":"1156013200104650028","name":"포레스트 힐","address":"서울특별시 영등포구 신길동","useName":"공동주택","floors":6.0,"height":17.5,"heightSource":"measured","heightRaw":17.5,"sourceDate":"2026-09-09"},"geometry":{"type":"Polygon","coordinates":[[[126.92151155,37.51030031],[126.92171379,37.51030784],[126.92171669,37.51025834],[126.92172234,37.51025855],[126.92172583,37.51019915],[126.92153263,37.51019196],[126.92151726,37.51020311],[126.92151155,37.51030031]]]}},{"type":"Feature","id":"seoul-building-503759","properties":{"id":"seoul-building-503759","sourceId":"0000193289084457361000000000","pnu":"1156013200113540000","name":"서울특별시 영등포구 신길동","address":"서울특별시 영등포구 신길동","useName":"","floors":0.0,"height":0,"heightSource":"unknown","heightRaw":0.0,"sourceDate":"2026-09-09"},"geometry":{"type":"Polygon","coordinates":[[[126.92491646,37.51387236],[126.92490864,37.51377594],[126.92484552,37.51377852],[126.9248492,37.51383582],[126.9248527,37.51383546],[126.92486036,37.51387989],[126.92489905,37.51387559],[126.92489894,37.51387334],[126.92491646,37.51387236]]]}},{"type":"Feature","id":"seoul-building-503786","properties":{"id":"seoul-building-503786","sourceId":"2021193037194456392900000000","pnu":"1156013200104690003","name":"팰리시티","address":"서울특별시 영등포구 신길동","useName":"단독주택","floors":3.0,"height":8.91,"heightSource":"measured","heightRaw":8.91,"sourceDate":"2026-09-09"},"geometry":{"type":"Polygon","coordinates":[[[126.92216662,37.51294315],[126.92214865,37.5128986],[126.92190032,37.51296006],[126.92191774,37.51300471],[126.92216662,37.51294315]]]}},{"type":"Feature","id":"seoul-building-503803","properties":{"id":"seoul-building-503803","sourceId":"0000192983354453520900000000","pnu":"1156013200104640006","name":"서울특별시 영등포구 신길동","address":"서울특별시 영등포구 신길동","useName":"","floors":0.0,"height":0,"heightSource":"unknown","heightRaw":0.0,"sourceDate":"2026-09-09"},"geometry":{"type":"Polygon","coordinates":[[[126.92146629,37.51040437],[126.92145415,37.51031619],[126.92138673,37.51032344],[126.92140168,37.51041139],[126.92146629,37.51040437]]]}},{"type":"Feature","id":"seoul-building-503804","properties":{"id":"seoul-building-503804","sourceId":"1992192917644454467100000000","pnu":"1156013200100880032","name":"서울특별시 영등포구 신길동","address":"서울특별시 영등포구 신길동","useName":"단독주택","floors":3.0,"height":10.6,"heightSource":"estimated","heightRaw":0.0,"sourceDate":"2026-09-09"},"geometry":{"type":"Polygon","coordinates":[[[126.9207312,37.51125688],[126.92073066,37.51123545],[126.92076244,37.51123493],[126.92076114,37.5111851],[126.92072099,37.51118571],[126.92072066,37.51117544],[126.92061332,37.51117725],[126.92061538,37.51125609],[126.92069241,37.51125479],[126.92069252,37.5112575],[126.9207312,37.51125688]]]}},{"type":"Feature","id":"seoul-building-503806","properties":{"id":"seoul-building-503806","sourceId":"1993193151734454523400000000","pnu":"1156013200112680000","name":"서울특별시 영등포구 신길동","address":"서울특별시 영등포구 신길동","useName":"단독주택","floors":3.0,"height":10.5,"heightSource":"measured","heightRaw":10.5,"sourceDate":"2026-09-09"},"geometry":{"type":"Polygon","coordinates":[[[126.9234326,37.51129904],[126.92339436,37.51119747],[126.92322862,37.511237],[126.92326697,37.51133866],[126.9234326,37.51129904]]]}},{"type":"Feature","id":"seoul-building-503807","properties":{"id":"seoul-building-503807","sourceId":"1976193124624458543300000000","pnu":"1156013200100040011","name":"서울특별시 영등포구 신길동","address":"서울특별시 영등포구 신길동","useName":"단독주택","floors":2.0,"height":6.9,"heightSource":"measured","heightRaw":6.9,"sourceDate":"2026-09-09"},"geometry":{"type":"Polygon","coordinates":[[[126.92309843,37.51487365],[126.92295322,37.51485382],[126.92294196,37.51490589],[126.92308729,37.51492571],[126.92309843,37.51487365]]]}},{"type":"Feature","id":"seoul-building-503808","properties":{"id":"seoul-building-503808","sourceId":"1977193225684457860300000000","pnu":"1156013200100020039","name":"서울특별시 영등포구 신길동","address":"서울특별시 영등포구 신길동","useName":"단독주택","floors":2.0,"height":7.4,"heightSource":"estimated","heightRaw":0.0,"sourceDate":"2026-09-09"},"geometry":{"type":"Polygon","coordinates":[[[126.92423613,37.51429665],[126.92421571,37.51424915],[126.92419647,37.51425437],[126.92418372,37.51422455],[126.92409672,37.51424828],[126.92412989,37.5143256],[126.92423613,37.51429665]]]}},{"type":"Feature","id":"seoul-building-503809","properties":{"id":"seoul-building-503809","sourceId":"1992193240404457519300000000","pnu":"1156013200100020015","name":"서울특별시 영등포구 신길동","address":"서울특별시 영등포구 신길동","useName":"단독주택","floors":2.0,"height":7.4,"heightSource":"estimated","heightRaw":0.0,"sourceDate":"2026-09-09"},"geometry":{"type":"Polygon","coordinates":[[[126.92438404,37.51399681],[126.92435211,37.51391966],[126.92427743,37.51393925],[126.92430936,37.5140164],[126.92438404,37.51399681]]]}},{"type":"Feature","id":"seoul-building-503810","properties":{"id":"seoul-building-503810","sourceId":"2008193251314457999400000000","pnu":"1156013200100020006","name":"빌라드림 비동","address":"서울특별시 영등포구 신길동","useName":"공동주택","floors":5.0,"height":14.2,"heightSource":"measured","heightRaw":14.2,"sourceDate":"2026-09-09"},"geometry":{"type":"Polygon","coordinates":[[[126.92452036,37.5144182],[126.92447983,37.5143442],[126.92438162,37.51437378],[126.92443108,37.51445824],[126.92451311,37.51443171],[126.92452036,37.5144182]]]}},{"type":"Feature","id":"seoul-building-503815","properties":{"id":"seoul-building-503815","sourceId":"1998193024134453556900000000","pnu":"1156013200104650024","name":"서울특별시 영등포구 신길동","address":"서울특별시 영등포구 신길동","useName":"단독주택","floors":3.0,"height":9.4,"heightSource":"measured","heightRaw":9.4,"sourceDate":"2026-09-09"},"geometry":{"type":"Polygon","coordinates":[[[126.92188673,37.51035801],[126.92180711,37.51035507],[126.92180342,37.51041958],[126.92198652,37.51043358],[126.9219886,37.51039565],[126.92198011,37.51039528],[126.92198046,37.51038969],[126.92193612,37.51038813],[126.92193727,37.51036831],[126.92188627,37.51036638],[126.92188673,37.51035801]]]}},{"type":"Feature","id":"seoul-building-503816","properties":{"id":"seoul-building-503816","sourceId":"2006193106304453321700000000","pnu":"1156013200112330000","name":"서울특별시 영등포구 신길동","address":"서울특별시 영등포구 신길동","useName":"단독주택","floors":3.0,"height":7.0,"heightSource":"measured","heightRaw":7.0,"sourceDate":"2026-09-09"},"geometry":{"type":"Polygon","coordinates":[[[126.92288537,37.51021469],[126.92286066,37.51015384],[126.92283758,37.51015951],[126.9228263,37.51013022],[126.92275514,37.51014757],[126.92279033,37.51023904],[126.92288537,37.51021469]]]}},{"type":"Feature","id":"seoul-building-503826","properties":{"id":"seoul-building-503826","sourceId":"1994192940594453702000000000","pnu":"1156013200100890006","name":"서울특별시 영등포구 신길동","address":"서울특별시 영등포구 신길동","useName":"단독주택","floors":2.0,"height":7.6,"heightSource":"measured","heightRaw":7.6,"sourceDate":"2026-09-09"},"geometry":{"type":"Polygon","coordinates":[[[126.92099312,37.51054347],[126.92097679,37.51047849],[126.92088753,37.51049601],[126.92091527,37.51057559],[126.92098733,37.51056086],[126.92099312,37.51054347]]]}},{"type":"Feature","id":"seoul-building-503855","properties":{"id":"seoul-building-503855","sourceId":"1988192972784454799900000000","pnu":"1156013200100890111","name":"서울특별시 영등포구 신길동","address":"서울특별시 영등포구 신길동","useName":"단독주택","floors":2.0,"height":7.4,"heightSource":"estimated","heightRaw":0.0,"sourceDate":"2026-09-09"},"geometry":{"type":"Polygon","coordinates":[[[126.92135536,37.51154932],[126.9213482,37.51147661],[126.92125737,37.51148222],[126.92126441,37.51155503],[126.92135536,37.51154932]]]}},{"type":"Feature","id":"seoul-building-503888","properties":{"id":"seoul-building-503888","sourceId":"1996193270984457664100000000","pnu":"1156013200114040000","name":"서울특별시 영등포구 신길동","address":"서울특별시 영등포구 신길동","useName":"단독주택","floors":2.0,"height":7.6,"heightSource":"measured","heightRaw":7.6,"sourceDate":"2026-09-09"},"geometry":{"type":"Polygon","coordinates":[[[126.92473954,37.51411408],[126.92471665,37.5140537],[126.9246129,37.51407868],[126.92464054,37.51414546],[126.92471295,37.5141264],[126.92471103,37.51412199],[126.92473954,37.51411408]]]}},{"type":"Feature","id":"seoul-building-503889","properties":{"id":"seoul-building-503889","sourceId":"1991193222374457766800000000","pnu":"1156013200100020036","name":"서울특별시 영등포구 신길동","address":"서울특별시 영등포구 신길동","useName":"단독주택","floors":2.0,"height":7.4,"heightSource":"estimated","heightRaw":0.0,"sourceDate":"2026-09-09"},"geometry":{"type":"Polygon","coordinates":[[[126.92419539,37.51420815],[126.92417959,37.51416543],[126.92417258,37.51416714],[126.92416366,37.51414316],[126.92413368,37.51415026],[126.92413234,37.51414684],[126.92405845,37.5141658],[126.92408869,37.51424088],[126.92418101,37.51421931],[126.92417831,37.5142121],[126.92419539,37.51420815]]]}},{"type":"Feature","id":"seoul-building-503890","properties":{"id":"seoul-building-503890","sourceId":"1994193116404458469300000000","pnu":"1156013200100040004","name":"서울특별시 영등포구 신길동","address":"서울특별시 영등포구 신길동","useName":"공동주택","floors":2.0,"height":10.2,"heightSource":"measured","heightRaw":10.2,"sourceDate":"2026-09-09"},"geometry":{"type":"Polygon","coordinates":[[[126.92294483,37.51487165],[126.9229512,37.51482994],[126.92298513,37.51483321],[126.92299311,37.51478041],[126.92291676,37.51477469],[126.92290523,37.51477387],[126.92289838,37.51483234],[126.92285755,37.51482934],[126.92285355,37.51486438],[126.92291678,37.51486902],[126.92294483,37.51487165]]]}},{"type":"Feature","id":"seoul-building-503891","properties":{"id":"seoul-building-503891","sourceId":"1992193259824457303800000000","pnu":"1156013200114080000","name":"서울특별시 영등포구 신길동","address":"서울특별시 영등포구 신길동","useName":"단독주택","floors":2.0,"height":7.4,"heightSource":"estimated","heightRaw":0.0,"sourceDate":"2026-09-09"},"geometry":{"type":"Polygon","coordinates":[[[126.92461532,37.51380044],[126.92459931,37.51374862],[126.92459173,37.51375006],[126.92458384,37.51372483],[126.9244853,37.51374865],[126.92449996,37.51379127],[126.92450358,37.51379047],[126.92451474,37.51382218],[126.92458602,37.51380683],[126.92458568,37.51380629],[126.92461532,37.51380044]]]}},{"type":"Feature","id":"seoul-building-503892","properties":{"id":"seoul-building-503892","sourceId":"1993193247414457272400000000","pnu":"1156013200100020011","name":"서울특별시 영등포구 신길동","address":"서울특별시 영등포구 신길동","useName":"단독주택","floors":2.0,"height":7.4,"heightSource":"measured","heightRaw":7.4,"sourceDate":"2026-09-09"},"geometry":{"type":"Polygon","coordinates":[[[126.92437508,37.51380092],[126.92443448,37.51378357],[126.92443606,37.51378709],[126.92448448,37.51377288],[126.92448189,37.51376721],[126.9244837,37.51376667],[126.92444566,37.51368402],[126.92439667,37.51369831],[126.92439927,37.51370363],[126.92435322,37.51371793],[126.92435627,37.51372415],[126.92433499,37.5137308],[126.9243465,37.5137636],[126.92435125,37.5137655],[126.92436671,37.51379912],[126.92437338,37.51379714],[126.92437508,37.51380092]]]}},{"type":"Feature","id":"seoul-building-503893","properties":{"id":"seoul-building-503893","sourceId":"1994193148114458603500000000","pnu":"1156013200100040063","name":"서울특별시 영등포구 신길동","address":"서울특별시 영등포구 신길동","useName":"단독주택","floors":2.0,"height":6.1,"heightSource":"measured","heightRaw":6.1,"sourceDate":"2026-09-09"},"geometry":{"type":"Polygon","coordinates":[[[126.92337115,37.51496959],[126.92336115,37.51490562],[126.92318945,37.5149092],[126.9232406,37.51499555],[126.92337115,37.51496959]]]}},{"type":"Feature","id":"seoul-building-503903","properties":{"id":"seoul-building-503903","sourceId":"0000192980594453167100000000","pnu":"1156013200104700004","name":"서울특별시 영등포구 신길동","address":"서울특별시 영등포구 신길동","useName":"","floors":0.0,"height":0,"heightSource":"unknown","heightRaw":0.0,"sourceDate":"2026-09-09"},"geometry":{"type":"Polygon","coordinates":[[[126.92137051,37.5100005],[126.92137048,37.51000086],[126.92137028,37.51004006],[126.92136553,37.51004051],[126.92137272,37.51008475],[126.92143109,37.51008398],[126.9214141,37.51000054],[126.92137051,37.5100005]]]}},{"type":"Feature","id":"seoul-building-503906","properties":{"id":"seoul-building-503906","sourceId":"1989192939884453406300000000","pnu":"1156013200100890188","name":"서울특별시 영등포구 신길동","address":"서울특별시 영등포구 신길동","useName":"단독주택","floors":2.0,"height":7.4,"heightSource":"estimated","heightRaw":0.0,"sourceDate":"2026-09-09"},"geometry":{"type":"Polygon","coordinates":[[[126.92100429,37.51024515],[126.92097354,37.51023108],[126.92086563,37.51023876],[126.92087123,37.51028904],[126.9210116,37.51027912],[126.92100429,37.51024515]]]}},{"type":"Feature","id":"seoul-building-503907","properties":{"id":"seoul-building-503907","sourceId":"1992193237454457425100000000","pnu":"1156013200100020014","name":"서울특별시 영등포구 신길동","address":"서울특별시 영등포구 신길동","useName":"단독주택","floors":2.0,"height":7.4,"heightSource":"estimated","heightRaw":0.0,"sourceDate":"2026-09-09"},"geometry":{"type":"Polygon","coordinates":[[[126.92434804,37.51391191],[126.9243169,37.51383611],[126.92424698,37.51385427],[126.92427812,37.51393006],[126.92434804,37.51391191]]]}},{"type":"Feature","id":"seoul-building-503909","properties":{"id":"seoul-building-503909","sourceId":"1990193172254458936000000000","pnu":"1156013200100090021","name":"서울특별시 영등포구 신길동","address":"서울특별시 영등포구 신길동","useName":"단독주택","floors":2.0,"height":7.4,"heightSource":"estimated","heightRaw":0.0,"sourceDate":"2026-09-09"},"geometry":{"type":"Polygon","coordinates":[[[126.92363806,37.51523602],[126.92358821,37.51520463],[126.92358424,37.5152085],[126.923531,37.51517495],[126.9235036,37.5152025],[126.92349614,37.51519772],[126.92346195,37.51523211],[126.9235977,37.5153178],[126.92362684,37.51528856],[126.92363009,37.51528529],[126.92362797,37.51528397],[126.9236189,37.51527826],[126.92363288,37.51526423],[126.92363838,37.51525872],[126.92363928,37.51525782],[126.92362515,37.51524898],[126.92363806,37.51523602]]]}},{"type":"Feature","id":"seoul-building-503932","properties":{"id":"seoul-building-503932","sourceId":"1990193108954453902600000000","pnu":"1156013200112430000","name":"서울특별시 영등포구 신길동","address":"서울특별시 영등포구 신길동","useName":"단독주택","floors":4.0,"height":13.8,"heightSource":"estimated","heightRaw":0.0,"sourceDate":"2026-09-09"},"geometry":{"type":"Polygon","coordinates":[[[126.92291681,37.51065466],[126.92291297,37.51064502],[126.92274497,37.51068789],[126.92277125,37.51075341],[126.92280494,37.51076703],[126.92291684,37.51073882],[126.9229475,37.51073109],[126.92291681,37.51065466]]]}},{"type":"Feature","id":"seoul-building-503933","properties":{"id":"seoul-building-503933","sourceId":"1994193250974457371500000000","pnu":"1156013200100020010","name":"서울특별시 영등포구 신길동","address":"서울특별시 영등포구 신길동","useName":"단독주택","floors":2.0,"height":7.4,"heightSource":"estimated","heightRaw":0.0,"sourceDate":"2026-09-09"},"geometry":{"type":"Polygon","coordinates":[[[126.92440373,37.51387915],[126.9244621,37.5138654],[126.92446492,37.51387288],[126.92447013,37.51387162],[126.92447137,37.51387523],[126.92452183,37.51386139],[126.92448877,37.51378478],[126.92437698,37.51381534],[126.92440373,37.51387915]]]}},{"type":"Feature","id":"seoul-building-503934","properties":{"id":"seoul-building-503934","sourceId":"1991193160654458847500000000","pnu":"1156013200100090019","name":"서울특별시 영등포구 신길동","address":"서울특별시 영등포구 신길동","useName":"단독주택","floors":3.0,"height":9.4,"heightSource":"measured","heightRaw":9.4,"sourceDate":"2026-09-09"},"geometry":{"type":"Polygon","coordinates":[[[126.92349211,37.5151578],[126.92343559,37.51512001],[126.92341047,37.51513405],[126.92340505,37.51512792],[126.92336146,37.515168],[126.92338553,37.51518459],[126.9234364,37.51521083],[126.92349211,37.5151578]]]}},{"type":"Feature","id":"seoul-building-503935","properties":{"id":"seoul-building-503935","sourceId":"1992193253994457473900000000","pnu":"1156013200100020009","name":"서울특별시 영등포구 신길동","address":"서울특별시 영등포구 신길동","useName":"단독주택","floors":2.0,"height":7.4,"heightSource":"estimated","heightRaw":0.0,"sourceDate":"2026-09-09"},"geometry":{"type":"Polygon","coordinates":[[[126.92444095,37.51398044],[126.92455635,37.51395421],[126.9245268,37.51387175],[126.92447849,37.5138828],[126.92447962,37.51388569],[126.92441207,37.51390195],[126.92441455,37.51391033],[126.92442155,37.51392169],[126.92443586,37.5139763],[126.92443926,37.51397558],[126.92444095,37.51398044]]]}},{"type":"Feature","id":"seoul-building-503936","properties":{"id":"seoul-building-503936","sourceId":"1978193229694457975800000000","pnu":"1156013200100020035","name":"서울특별시 영등포구 신길동","address":"서울특별시 영등포구 신길동","useName":"단독주택","floors":2.0,"height":7.4,"heightSource":"estimated","heightRaw":0.0,"sourceDate":"2026-09-09"},"geometry":{"type":"Polygon","coordinates":[[[126.92428476,37.5144103],[126.92426456,37.51437199],[126.9242529,37.51437587],[126.9242275,37.51432756],[126.92421087,37.51433312],[126.92420342,37.51431888],[126.92413938,37.51434029],[126.92419164,37.5144398],[126.92428476,37.5144103]]]}},{"type":"Feature","id":"seoul-building-503980","properties":{"id":"seoul-building-503980","sourceId":"1987193268254458505300000000","pnu":"1156013200100010007","name":"서울특별시 영등포구 신길동","address":"서울특별시 영등포구 신길동","useName":"공동주택","floors":2.0,"height":6.9,"heightSource":"estimated","heightRaw":0.0,"sourceDate":"2026-09-09"},"geometry":{"type":"Polygon","coordinates":[[[126.92472619,37.51490163],[126.92467877,37.51482087],[126.92468828,37.51481727],[126.92466603,37.51477932],[126.92455774,37.51481971],[126.92458202,37.51486109],[126.92459062,37.51485784],[126.92463612,37.51493518],[126.92472619,37.51490163]]]}},{"type":"Feature","id":"seoul-building-504019","properties":{"id":"seoul-building-504019","sourceId":"0000193192884458801300000000","pnu":"1156013200100010024","name":"서울특별시 영등포구 신길동","address":"서울특별시 영등포구 신길동","useName":"단독주택","floors":1.0,"height":4.2,"heightSource":"estimated","heightRaw":0.0,"sourceDate":"2026-09-09"},"geometry":{"type":"Polygon","coordinates":[[[126.92384697,37.51513209],[126.92381344,37.51506665],[126.92378402,37.51507618],[126.92380186,37.51511097],[126.92372729,37.51513516],[126.92374298,37.51516581],[126.92384697,37.51513209]]]}},{"type":"Feature","id":"seoul-building-504024","properties":{"id":"seoul-building-504024","sourceId":"1991193217364457587000000000","pnu":"1156013200100020025","name":"서울특별시 영등포구 신길동","address":"서울특별시 영등포구 신길동","useName":"단독주택","floors":2.0,"height":7.4,"heightSource":"estimated","heightRaw":0.0,"sourceDate":"2026-09-09"},"geometry":{"type":"Polygon","coordinates":[[[126.92413684,37.51404223],[126.92412478,37.51400312],[126.92411992,37.51400411],[126.9241127,37.51398131],[126.92407842,37.51398967],[126.92407741,37.51398723],[126.9240007,37.51400593],[126.92402563,37.51407091],[126.92402687,37.51407109],[126.92402856,37.5140782],[126.92413751,37.51405088],[126.92413492,37.51404259],[126.92413684,37.51404223]]]}},{"type":"Feature","id":"seoul-building-504025","properties":{"id":"seoul-building-504025","sourceId":"2006193256514457585700000000","pnu":"1156013200100020007","name":"서울특별시 영등포구 신길동","address":"서울특별시 영등포구 신길동","useName":"단독주택","floors":3.0,"height":8.8,"heightSource":"measured","heightRaw":8.8,"sourceDate":"2026-09-09"},"geometry":{"type":"Polygon","coordinates":[[[126.92445589,37.51408641],[126.92447546,37.51408021],[126.92447592,37.51408048],[126.9245946,37.5140528],[126.92456222,37.51396503],[126.92450124,37.51397922],[126.92450485,37.51398923],[126.92444239,37.51400387],[126.92444217,37.51400342],[126.92442802,37.51400891],[126.92443457,37.51401945],[126.92444578,37.51401514],[126.92445232,37.51403767],[126.92443795,37.51404036],[126.92443862,37.51404153],[126.92443557,37.51404261],[126.92445092,37.51408497],[126.92445386,37.51408353],[126.92445589,37.51408641]]]}},{"type":"Feature","id":"seoul-building-504026","properties":{"id":"seoul-building-504026","sourceId":"2001193051624453393100000000","pnu":"1156013200104540010","name":"서울특별시 영등포구 신길동","address":"서울특별시 영등포구 신길동","useName":"공동주택","floors":4.0,"height":11.85,"heightSource":"measured","heightRaw":11.85,"sourceDate":"2026-09-09"},"geometry":{"type":"Polygon","coordinates":[[[126.922289,37.51029042],[126.92226966,37.51018238],[126.92214217,37.51019816],[126.92211001,37.51024157],[126.92212509,37.5103142],[126.922289,37.51029042]]]}},{"type":"Feature","id":"seoul-building-504027","properties":{"id":"seoul-building-504027","sourceId":"1992193147064458467500000000","pnu":"1156013200100040064","name":"서울특별시 영등포구 신길동","address":"서울특별시 영등포구 신길동","useName":"단독주택","floors":3.0,"height":9.4,"heightSource":"measured","heightRaw":9.4,"sourceDate":"2026-09-09"},"geometry":{"type":"Polygon","coordinates":[[[126.92330204,37.51486666],[126.92330272,37.51486278],[126.92333099,37.51486595],[126.92334827,37.51478569],[126.92328844,37.51477754],[126.92328685,37.51478528],[126.92321345,37.5147783],[126.9231998,37.51485523],[126.92330204,37.51486666]]]}},{"type":"Feature","id":"seoul-building-504043","properties":{"id":"seoul-building-504043","sourceId":"1990192961144454918100000000","pnu":"1156013200100890112","name":"서울특별시 영등포구 신길동","address":"서울특별시 영등포구 신길동","useName":"단독주택","floors":2.0,"height":7.4,"heightSource":"estimated","heightRaw":0.0,"sourceDate":"2026-09-09"},"geometry":{"type":"Polygon","coordinates":[[[126.92122925,37.51165204],[126.92122275,37.51158942],[126.92117559,37.51159254],[126.92117491,37.51158569],[126.9211222,37.51158926],[126.92112948,37.51165864],[126.92122925,37.51165204]]]}},{"type":"Feature","id":"seoul-building-504044","properties":{"id":"seoul-building-504044","sourceId":"1990192949234454178100000000","pnu":"1156013200100890009","name":"서울특별시 영등포구 신길동","address":"서울특별시 영등포구 신길동","useName":"단독주택","floors":2.0,"height":7.4,"heightSource":"estimated","heightRaw":0.0,"sourceDate":"2026-09-09"},"geometry":{"type":"Polygon","coordinates":[[[126.92111448,37.51097423],[126.92110909,37.51093729],[126.92108747,37.51093935],[126.92108457,37.51091988],[126.92097596,37.51092999],[126.92098076,37.51098937],[126.92106832,37.51098492],[126.92106754,37.51097862],[126.92111448,37.51097423]]]}},{"type":"Feature","id":"seoul-building-504045","properties":{"id":"seoul-building-504045","sourceId":"1989192960894454550100000000","pnu":"1156013200100890161","name":"서울특별시 영등포구 신길동","address":"서울특별시 영등포구 신길동","useName":"단독주택","floors":2.0,"height":7.4,"heightSource":"estimated","heightRaw":0.0,"sourceDate":"2026-09-09"},"geometry":{"type":"Polygon","coordinates":[[[126.92117458,37.5113563],[126.92117527,37.51135008],[126.92120931,37.51135272],[126.9212238,37.51123154],[126.92113638,37.51122491],[126.92112109,37.51135221],[126.92117458,37.5113563]]]}},{"type":"Feature","id":"seoul-building-504046","properties":{"id":"seoul-building-504046","sourceId":"1988192929324453540700000000","pnu":"1156013200100890061","name":"서울특별시 영등포구 신길동","address":"서울특별시 영등포구 신길동","useName":"단독주택","floors":2.0,"height":7.4,"heightSource":"estimated","heightRaw":0.0,"sourceDate":"2026-09-09"},"geometry":{"type":"Polygon","coordinates":[[[126.92089712,37.51039997],[126.9208774,37.51033454],[126.92073486,37.51036184],[126.92075458,37.51042726],[126.92089712,37.51039997]]]}},{"type":"Feature","id":"seoul-building-504047","properties":{"id":"seoul-building-504047","sourceId":"1960192984134454009800000000","pnu":"1156013200104650016","name":"서울특별시 영등포구 신길동","address":"서울특별시 영등포구 신길동","useName":"단독주택","floors":1.0,"height":4.2,"heightSource":"estimated","heightRaw":0.0,"sourceDate":"2026-09-09"},"geometry":{"type":"Polygon","coordinates":[[[126.92153506,37.51082161],[126.92150786,37.51075987],[126.92142743,37.51077559],[126.9214185,37.51075603],[126.92139815,37.51075304],[126.9213486,37.51076355],[126.92138232,37.51086457],[126.92153506,37.51082161]]]}},{"type":"Feature","id":"seoul-building-504068","properties":{"id":"seoul-building-504068","sourceId":"1965192953144453405400000000","pnu":"1156013200100890189","name":"서울특별시 영등포구 신길동","address":"서울특별시 영등포구 신길동","useName":"단독주택","floors":2.0,"height":5.6,"heightSource":"measured","heightRaw":5.6,"sourceDate":"2026-09-09"},"geometry":{"type":"Polygon","coordinates":[[[126.9210759,37.5102252],[126.92102942,37.51022282],[126.92102223,37.51028256],[126.92114562,37.5102921],[126.92115223,37.51023804],[126.92107521,37.51023421],[126.9210759,37.5102252]]]}},{"type":"Feature","id":"seoul-building-504119","properties":{"id":"seoul-building-504119","sourceId":"0000192891904453380000000000","pnu":"1156013200100890054","name":"서울특별시 영등포구 신길동","address":"서울특별시 영등포구 신길동","useName":"","floors":0.0,"height":0,"heightSource":"unknown","heightRaw":0.0,"sourceDate":"2026-09-09"},"geometry":{"type":"Polygon","coordinates":[[[126.92040003,37.51029187],[126.92045948,37.51023353],[126.92045757,37.51021902],[126.92044435,37.51020784],[126.92045193,37.51020226],[126.92040265,37.5101706],[126.920314,37.51025775],[126.92036429,37.51029031],[126.92037743,37.51027735],[126.92040003,37.51029187]]]}},{"type":"Feature","id":"seoul-building-504120","properties":{"id":"seoul-building-504120","sourceId":"1988192867024453755800000000","pnu":"1156013200100890038","name":"서울특별시 영등포구 신길동","address":"서울특별시 영등포구 신길동","useName":"단독주택","floors":2.0,"height":7.4,"heightSource":"estimated","heightRaw":0.0,"sourceDate":"2026-09-09"},"geometry":{"type":"Polygon","coordinates":[[[126.92019773,37.51056258],[126.92011987,37.51050738],[126.92009405,37.51053043],[126.92008987,37.51052746],[126.92005738,37.51055663],[126.92005433,37.51055437],[126.92002319,37.51058228],[126.92010841,37.51064262],[126.92019773,37.51056258]]]}},{"type":"Feature","id":"seoul-building-504121","properties":{"id":"seoul-building-504121","sourceId":"1989192902144453309400000000","pnu":"1156013200100890055","name":"서울특별시 영등포구 신길동","address":"서울특별시 영등포구 신길동","useName":"단독주택","floors":2.0,"height":7.4,"heightSource":"estimated","heightRaw":0.0,"sourceDate":"2026-09-09"},"geometry":{"type":"Polygon","coordinates":[[[126.92058958,37.51020136],[126.92056859,37.51015675],[126.92055773,37.51015998],[126.92053719,37.51011636],[126.92050133,37.51012706],[126.92049602,37.51011579],[126.92043312,37.51013458],[126.92047995,37.51023408],[126.92058958,37.51020136]]]}},{"type":"Feature","id":"seoul-building-504131","properties":{"id":"seoul-building-504131","sourceId":"1989192934234453614900000000","pnu":"1156013200100890060","name":"서울특별시 영등포구 신길동","address":"서울특별시 영등포구 신길동","useName":"단독주택","floors":2.0,"height":7.4,"heightSource":"estimated","heightRaw":0.0,"sourceDate":"2026-09-09"},"geometry":{"type":"Polygon","coordinates":[[[126.92096923,37.51045822],[126.92096552,37.51043696],[126.92095873,37.51043775],[126.92094704,37.5104019],[126.92094689,37.51040145],[126.92091099,37.51040884],[126.92077538,37.51043683],[126.92079399,37.51049423],[126.92096923,37.51045822]]]}},{"type":"Feature","id":"seoul-building-504142","properties":{"id":"seoul-building-504142","sourceId":"1989192915264453690200000000","pnu":"1156013200100890156","name":"서울특별시 영등포구 신길동","address":"서울특별시 영등포구 신길동","useName":"단독주택","floors":2.0,"height":7.4,"heightSource":"estimated","heightRaw":0.0,"sourceDate":"2026-09-09"},"geometry":{"type":"Polygon","coordinates":[[[126.92072043,37.51053275],[126.92069943,37.51049074],[126.92069389,37.51049254],[126.92068339,37.51047172],[126.92064244,37.51048467],[126.92064006,37.51047989],[126.92059516,37.5104941],[126.92062889,37.51056179],[126.92072043,37.51053275]]]}},{"type":"Feature","id":"seoul-building-504153","properties":{"id":"seoul-building-504153","sourceId":"2003192978494454983400000000","pnu":"1156013200100890108","name":"단독주택","address":"서울특별시 영등포구 신길동","useName":"단독주택","floors":3.0,"height":8.0,"heightSource":"measured","heightRaw":8.0,"sourceDate":"2026-09-09"},"geometry":{"type":"Polygon","coordinates":[[[126.92141378,37.51170181],[126.92139529,37.51164431],[126.92133624,37.51165572],[126.92134063,37.51167437],[126.9213292,37.51167797],[126.92134353,37.51171708],[126.92141378,37.51170181]]]}},{"type":"Feature","id":"seoul-building-504173","properties":{"id":"seoul-building-504173","sourceId":"1989192974434454895200000000","pnu":"1156013200100890110","name":"서울특별시 영등포구 신길동","address":"서울특별시 영등포구 신길동","useName":"단독주택","floors":2.0,"height":7.4,"heightSource":"estimated","heightRaw":0.0,"sourceDate":"2026-09-09"},"geometry":{"type":"Polygon","coordinates":[[[126.92138491,37.511628],[126.92137818,37.51156745],[126.92126507,37.51157539],[126.92127179,37.51163594],[126.92138491,37.511628]]]}},{"type":"Feature","id":"seoul-building-504174","properties":{"id":"seoul-building-504174","sourceId":"1990192968184454616600000000","pnu":"1156013200100890160","name":"서울특별시 영등포구 신길동","address":"서울특별시 영등포구 신길동","useName":"단독주택","floors":2.0,"height":7.4,"heightSource":"estimated","heightRaw":0.0,"sourceDate":"2026-09-09"},"geometry":{"type":"Polygon","coordinates":[[[126.92126774,37.51128752],[126.92122691,37.51128623],[126.92121616,37.51139993],[126.92129364,37.51140458],[126.92129809,37.51135755],[126.92128226,37.51135664],[126.92128558,37.51132051],[126.92128038,37.51132024],[126.92126774,37.51128752]]]}},{"type":"Feature","id":"seoul-building-504176","properties":{"id":"seoul-building-504176","sourceId":"0000192974654453190000000000","pnu":"1156013200104640015","name":"서울특별시 영등포구 신길동","address":"서울특별시 영등포구 신길동","useName":"","floors":0.0,"height":0,"heightSource":"unknown","heightRaw":0.0,"sourceDate":"2026-09-09"},"geometry":{"type":"Polygon","coordinates":[[[126.92136854,37.51008511],[126.92135942,37.51004249],[126.92129303,37.51004461],[126.92129524,37.5100875],[126.92136854,37.51008511]]]}},{"type":"Feature","id":"seoul-building-504198","properties":{"id":"seoul-building-504198","sourceId":"1994192938014453319000000000","pnu":"1156013200100890034","name":"서울특별시 영등포구 신길동","address":"서울특별시 영등포구 신길동","useName":"단독주택","floors":2.0,"height":7.4,"heightSource":"estimated","heightRaw":0.0,"sourceDate":"2026-09-09"},"geometry":{"type":"Polygon","coordinates":[[[126.92096435,37.51014818],[126.92091267,37.51014301],[126.92087512,37.5101392],[126.92087387,37.51014731],[126.92085306,37.5101454],[126.92084767,37.51021073],[126.92098746,37.51021811],[126.92098953,37.51019234],[126.92098151,37.51017999],[126.92096387,37.51017764],[126.92096435,37.51014818]]]}},{"type":"Feature","id":"seoul-building-504201","properties":{"id":"seoul-building-504201","sourceId":"1991193094144453247400000000","pnu":"1156013200112440000","name":"서울특별시 영등포구 신길동","address":"서울특별시 영등포구 신길동","useName":"단독주택","floors":2.0,"height":7.4,"heightSource":"estimated","heightRaw":0.0,"sourceDate":"2026-09-09"},"geometry":{"type":"Polygon","coordinates":[[[126.92268883,37.51006652],[126.92268261,37.51006634],[126.92261892,37.51008287],[126.92265603,37.51017381],[126.92274382,37.51015116],[126.92270749,37.51006996],[126.92270297,37.51006734],[126.92269539,37.51006662],[126.92268883,37.51006652]]]}},{"type":"Feature","id":"seoul-building-504202","properties":{"id":"seoul-building-504202","sourceId":"1997193068704454470200000000","pnu":"1156013200104530008","name":"서울특별시 영등포구 신길동","address":"서울특별시 영등포구 신길동","useName":"단독주택","floors":3.0,"height":10.66,"heightSource":"measured","heightRaw":10.66,"sourceDate":"2026-09-09"},"geometry":{"type":"Polygon","coordinates":[[[126.922484,37.51126373],[126.92243584,37.51114125],[126.92229928,37.51117531],[126.92234745,37.51129778],[126.922484,37.51126373]]]}},{"type":"Feature","id":"seoul-building-504203","properties":{"id":"seoul-building-504203","sourceId":"1991193103044453208200000000","pnu":"1156013200112360000","name":"서울특별시 영등포구 신길동","address":"서울특별시 영등포구 신길동","useName":"단독주택","floors":2.0,"height":7.4,"heightSource":"estimated","heightRaw":0.0,"sourceDate":"2026-09-09"},"geometry":{"type":"Polygon","coordinates":[[[126.92285076,37.51010528],[126.92283192,37.51005689],[126.92282128,37.51005949],[126.92281598,37.51004579],[126.92280591,37.51004831],[126.92280072,37.51003497],[126.92271542,37.510056],[126.92274464,37.51013143],[126.92285076,37.51010528]]]}},{"type":"Feature","id":"seoul-building-504204","properties":{"id":"seoul-building-504204","sourceId":"0000193186474458519400000000","pnu":"1156013200100080037","name":"서울특별시 영등포구 신길동","address":"서울특별시 영등포구 신길동","useName":"","floors":0.0,"height":0,"heightSource":"unknown","heightRaw":0.0,"sourceDate":"2026-09-09"},"geometry":{"type":"Polygon","coordinates":[[[126.92376361,37.51489913],[126.9237284,37.51482288],[126.92367601,37.51483825],[126.92371111,37.5149145],[126.92376361,37.51489913]]]}},{"type":"Feature","id":"seoul-building-504206","properties":{"id":"seoul-building-504206","sourceId":"1991193112944453175000000000","pnu":"1156013200112340000","name":"서울특별시 영등포구 신길동","address":"서울특별시 영등포구 신길동","useName":"단독주택","floors":2.0,"height":7.4,"heightSource":"estimated","heightRaw":0.0,"sourceDate":"2026-09-09"},"geometry":{"type":"Polygon","coordinates":[[[126.92295959,37.51007309],[126.92293579,37.51001964],[126.92291938,37.51002207],[126.92291679,37.5100181],[126.92291306,37.51001224],[126.92288398,37.51001952],[126.92288105,37.51001222],[126.92283082,37.51002489],[126.92286037,37.51009952],[126.92291683,37.51008522],[126.92295959,37.51007309]]]}},{"type":"Feature","id":"seoul-building-504265","properties":{"id":"seoul-building-504265","sourceId":"1991192938224453813200000000","pnu":"1156013200100890005","name":"서울특별시 영등포구 신길동","address":"서울특별시 영등포구 신길동","useName":"단독주택","floors":2.0,"height":7.4,"heightSource":"estimated","heightRaw":0.0,"sourceDate":"2026-09-09"},"geometry":{"type":"Polygon","coordinates":[[[126.92087672,37.51066368],[126.92094856,37.5106467],[126.92095239,37.5106558],[126.92099934,37.5106434],[126.9209734,37.51058121],[126.92082621,37.51061976],[126.92084392,37.51065735],[126.92087672,37.51066368]]]}},{"type":"Feature","id":"seoul-building-504269","properties":{"id":"seoul-building-504269","sourceId":"1992193228844457417900000000","pnu":"1156013200100020018","name":"서울특별시 영등포구 신길동","address":"서울특별시 영등포구 신길동","useName":"단독주택","floors":2.0,"height":7.4,"heightSource":"estimated","heightRaw":0.0,"sourceDate":"2026-09-09"},"geometry":{"type":"Polygon","coordinates":[[[126.92425734,37.5138986],[126.92422823,37.51382642],[126.92421194,37.51383055],[126.92421533,37.51383893],[126.92418546,37.51384657],[126.92418467,37.5138445],[126.92414213,37.51385537],[126.92416875,37.51392134],[126.92425734,37.5138986]]]}},{"type":"Feature","id":"seoul-building-504270","properties":{"id":"seoul-building-504270","sourceId":"2008193246444457880600000000","pnu":"1156013200100020040","name":"미래하우스","address":"서울특별시 영등포구 신길동","useName":"공동주택","floors":5.0,"height":13.6,"heightSource":"measured","heightRaw":13.6,"sourceDate":"2026-09-09"},"geometry":{"type":"Polygon","coordinates":[[[126.92436376,37.51436476],[126.92447272,37.51433239],[126.92447126,37.51432681],[126.92447329,37.51432645],[126.92442308,37.51421235],[126.92436764,37.5142279],[126.92437452,37.51424259],[126.92435721,37.51424781],[126.92436477,37.51426376],[126.92432381,37.51427608],[126.92434548,37.51432177],[126.92433937,37.51432366],[126.92435687,37.51436061],[126.92436117,37.51435935],[126.92436376,37.51436476]]]}},{"type":"Feature","id":"seoul-building-504271","properties":{"id":"seoul-building-504271","sourceId":"1991193219884457674800000000","pnu":"1156013200100020022","name":"서울특별시 영등포구 신길동","address":"서울특별시 영등포구 신길동","useName":"단독주택","floors":2.0,"height":7.4,"heightSource":"estimated","heightRaw":0.0,"sourceDate":"2026-09-09"},"geometry":{"type":"Polygon","coordinates":[[[126.92405133,37.5141558],[126.92416514,37.51413172],[126.924163,37.5141255],[126.92416866,37.51412434],[126.92415343,37.51407847],[126.92415027,37.51407909],[126.92414452,37.51406134],[126.92411488,37.51406745],[126.92411409,37.51406492],[126.92402946,37.5140847],[126.92404749,37.51414957],[126.92404953,37.51414922],[126.92405133,37.5141558]]]}},{"type":"Feature","id":"seoul-building-504272","properties":{"id":"seoul-building-504272","sourceId":"1991193215424457488500000000","pnu":"1156013200100020026","name":"서울특별시 영등포구 신길동","address":"서울특별시 영등포구 신길동","useName":"단독주택","floors":2.0,"height":7.4,"heightSource":"estimated","heightRaw":0.0,"sourceDate":"2026-09-09"},"geometry":{"type":"Polygon","coordinates":[[[126.92401282,37.51399125],[126.92411849,37.51396348],[126.92411556,37.51395654],[126.92412076,37.51395519],[126.92409323,37.51388886],[126.9240706,37.51389299],[126.92407072,37.51389344],[126.92402795,37.51390485],[126.92402761,37.51390386],[126.9239724,37.51391861],[126.92398628,37.51395132],[126.92398865,37.51395078],[126.92400433,37.51399043],[126.92401056,37.51398791],[126.92401282,37.51399125]]]}},{"type":"Feature","id":"seoul-building-504273","properties":{"id":"seoul-building-504273","sourceId":"1992193244094457618100000000","pnu":"1156013200100020016","name":"서울특별시 영등포구 신길동","address":"서울특별시 영등포구 신길동","useName":"단독주택","floors":2.0,"height":7.4,"heightSource":"estimated","heightRaw":0.0,"sourceDate":"2026-09-09"},"geometry":{"type":"Polygon","coordinates":[[[126.9244352,37.51408342],[126.92442221,37.51405233],[126.92441587,37.51405404],[126.92440561,37.51402259],[126.92439543,37.51402519],[126.92439396,37.51402168],[126.92438764,37.5140233],[126.92438108,37.51400762],[126.92431377,37.51402541],[126.92434763,37.51410661],[126.9244352,37.51408342]]]}},{"type":"Feature","id":"seoul-building-504274","properties":{"id":"seoul-building-504274","sourceId":"0000193114714457994400000000","pnu":"1156013200100040033","name":"서울특별시 영등포구 신길동","address":"서울특별시 영등포구 신길동","useName":"","floors":0.0,"height":0,"heightSource":"unknown","heightRaw":0.0,"sourceDate":"2026-09-09"},"geometry":{"type":"Polygon","coordinates":[[[126.92292999,37.51447054],[126.92299436,37.51435236],[126.92291962,37.51432645],[126.92290063,37.51431941],[126.92287819,37.51435742],[126.92287186,37.51435507],[126.92285667,37.51438083],[126.92284492,37.51437641],[126.92281942,37.51442252],[126.92284,37.51442885],[126.92283569,37.51443767],[126.92291959,37.51446674],[126.92292999,37.51447054]]]}},{"type":"Feature","id":"seoul-building-504275","properties":{"id":"seoul-building-504275","sourceId":"1991193154564458906900000000","pnu":"1156013200100090020","name":"서울특별시 영등포구 신길동","address":"서울특별시 영등포구 신길동","useName":"단독주택","floors":2.0,"height":7.4,"heightSource":"estimated","heightRaw":0.0,"sourceDate":"2026-09-09"},"geometry":{"type":"Polygon","coordinates":[[[126.92343334,37.51521768],[126.92334755,37.51516392],[126.9233309,37.51518005],[126.92331689,37.51517085],[126.9232862,37.51520074],[126.9233314,37.51524916],[126.92337435,37.51527748],[126.92343334,37.51521768]]]}},{"type":"Feature","id":"seoul-building-504286","properties":{"id":"seoul-building-504286","sourceId":"1990192948944454069400000000","pnu":"1156013200100890148","name":"서울특별시 영등포구 신길동","address":"서울특별시 영등포구 신길동","useName":"단독주택","floors":2.0,"height":7.4,"heightSource":"estimated","heightRaw":0.0,"sourceDate":"2026-09-09"},"geometry":{"type":"Polygon","coordinates":[[[126.92110565,37.51086232],[126.92110594,37.51080295],[126.92104328,37.51080633],[126.9210444,37.51082029],[126.92098071,37.51082368],[126.92098373,37.510859],[126.92096416,37.51086006],[126.92096807,37.5109071],[126.92108153,37.51090105],[126.92108145,37.51086222],[126.92110565,37.51086232]]]}},{"type":"Feature","id":"seoul-building-504288","properties":{"id":"seoul-building-504288","sourceId":"1990193116354453296300000000","pnu":"1156013200112320000","name":"서울특별시 영등포구 신길동","address":"서울특별시 영등포구 신길동","useName":"단독주택","floors":2.0,"height":7.4,"heightSource":"estimated","heightRaw":0.0,"sourceDate":"2026-09-09"},"geometry":{"type":"Polygon","coordinates":[[[126.92300394,37.51017918],[126.92298103,37.51012527],[126.92296203,37.51013039],[126.92295751,37.51011976],[126.92291678,37.51013073],[126.92291463,37.51013136],[126.9229126,37.5101264],[126.92286282,37.51013907],[126.92289115,37.51020919],[126.92291683,37.51020263],[126.92300394,37.51017918]]]}},{"type":"Feature","id":"seoul-building-504290","properties":{"id":"seoul-building-504290","sourceId":"2003193173894458144100000000","pnu":"1156013200100040078","name":"서울특별시 영등포구 신길동","address":"서울특별시 영등포구 신길동","useName":"단독주택","floors":3.0,"height":7.8,"heightSource":"measured","heightRaw":7.8,"sourceDate":"2026-09-09"},"geometry":{"type":"Polygon","coordinates":[[[126.92362102,37.51453321],[126.92362386,37.51451952],[126.92363958,37.51452151],[126.92364784,37.51451944],[126.92363519,37.51450087],[126.92358135,37.51449543],[126.92358334,37.51448298],[126.9235834,37.51448255],[126.92357202,37.51448137],[126.92352912,37.51447693],[126.92351206,37.51456179],[126.92363884,37.51457809],[126.92364714,37.51453656],[126.92362102,37.51453321]]]}},{"type":"Feature","id":"seoul-building-504295","properties":{"id":"seoul-building-504295","sourceId":"2020193116444454100500000000","pnu":"1156013200112790000","name":"디에스타운","address":"서울특별시 영등포구 신길동","useName":"공동주택","floors":5.0,"height":15.6,"heightSource":"measured","heightRaw":15.6,"sourceDate":"2026-09-09"},"geometry":{"type":"Polygon","coordinates":[[[126.92284474,37.51084746],[126.92282271,37.51088584],[126.92285463,37.51096544],[126.92304792,37.51091627],[126.92300408,37.51080692],[126.92284474,37.51084746]]]}},{"type":"Feature","id":"seoul-building-504296","properties":{"id":"seoul-building-504296","sourceId":"1982193282674455777000000000","pnu":"1156013200113000000","name":"서울특별시 영등포구 신길동","address":"서울특별시 영등포구 신길동","useName":"업무시설","floors":6.0,"height":22.6,"heightSource":"estimated","heightRaw":0.0,"sourceDate":"2026-09-09"},"geometry":{"type":"Polygon","coordinates":[[[126.92481971,37.51220097],[126.92486624,37.51230158],[126.92461151,37.51237632],[126.92470768,37.5125843],[126.92486203,37.51253902],[126.92498191,37.51232756],[126.92491099,37.51217418],[126.92481971,37.51220097]]]}},{"type":"Feature","id":"seoul-building-504298","properties":{"id":"seoul-building-504298","sourceId":"2019193234304456025300000000","pnu":"1156013200113170000","name":"네오마루","address":"서울특별시 영등포구 신길동","useName":"제1종근린생활시설","floors":3.0,"height":10.3,"heightSource":"measured","heightRaw":10.3,"sourceDate":"2026-09-09"},"geometry":{"type":"Polygon","coordinates":[[[126.92420325,37.51258688],[126.92424144,37.51267831],[126.92432295,37.51265668],[126.9242847,37.51256526],[126.92420325,37.51258688]]]}},{"type":"Feature","id":"seoul-building-504303","properties":{"id":"seoul-building-504303","sourceId":"1990192887214453983800000000","pnu":"1156013200100890015","name":"서울특별시 영등포구 신길동","address":"서울특별시 영등포구 신길동","useName":"단독주택","floors":2.0,"height":7.4,"heightSource":"estimated","heightRaw":0.0,"sourceDate":"2026-09-09"},"geometry":{"type":"Polygon","coordinates":[[[126.92040642,37.51077941],[126.92038882,37.51073678],[126.92034843,37.5107473],[126.92034685,37.51074342],[126.92027455,37.51076229],[126.92030129,37.51082709],[126.92038263,37.51080589],[126.92037508,37.51078759],[126.92040642,37.51077941]]]}},{"type":"Feature","id":"seoul-building-504304","properties":{"id":"seoul-building-504304","sourceId":"1990192885194453907900000000","pnu":"1156013200100890016","name":"서울특별시 영등포구 신길동","address":"서울특별시 영등포구 신길동","useName":"단독주택","floors":2.0,"height":7.4,"heightSource":"estimated","heightRaw":0.0,"sourceDate":"2026-09-09"},"geometry":{"type":"Polygon","coordinates":[[[126.92037446,37.51073263],[126.92035372,37.51066576],[126.92028719,37.51067896],[126.92029092,37.51069095],[126.92027326,37.51069445],[126.92027744,37.51070797],[126.92025605,37.51071219],[126.92026891,37.51075346],[126.92037446,37.51073263]]]}},{"type":"Feature","id":"seoul-building-504305","properties":{"id":"seoul-building-504305","sourceId":"1990192949964454897100000000","pnu":"1156013200100890088","name":"서울특별시 영등포구 신길동","address":"서울특별시 영등포구 신길동","useName":"단독주택","floors":3.0,"height":9.15,"heightSource":"measured","heightRaw":9.15,"sourceDate":"2026-09-09"},"geometry":{"type":"Polygon","coordinates":[[[126.92103504,37.51154721],[126.9209941,37.51154664],[126.92099173,37.51164991],[126.92111286,37.51165169],[126.92111416,37.51159682],[126.92109641,37.51159654],[126.92109653,37.51158879],[126.9210894,37.51158861],[126.92109023,37.51155275],[126.92103491,37.51155199],[126.92103504,37.51154721]]]}},{"type":"Feature","id":"seoul-building-504306","properties":{"id":"seoul-building-504306","sourceId":"1996192905294454468200000000","pnu":"1156013200100880042","name":"서울특별시 영등포구 신길동","address":"서울특별시 영등포구 신길동","useName":"단독주택","floors":3.0,"height":9.3,"heightSource":"measured","heightRaw":9.3,"sourceDate":"2026-09-09"},"geometry":{"type":"Polygon","coordinates":[[[126.92060237,37.51126068],[126.9205985,37.51117869],[126.92046718,37.51118265],[126.92046895,37.51121914],[126.92047721,37.51121897],[126.92047765,37.51122978],[126.92052244,37.51122846],[126.9205241,37.51126297],[126.92060237,37.51126068]]]}},{"type":"Feature","id":"seoul-building-504307","properties":{"id":"seoul-building-504307","sourceId":"1991192951224454388800000000","pnu":"1156013200100890007","name":"서울특별시 영등포구 신길동","address":"서울특별시 영등포구 신길동","useName":"단독주택","floors":2.0,"height":7.4,"heightSource":"estimated","heightRaw":0.0,"sourceDate":"2026-09-09"},"geometry":{"type":"Polygon","coordinates":[[[126.92112371,37.51112507],[126.92112497,37.51110552],[126.92106084,37.51110277],[126.92106004,37.51111439],[126.92099523,37.51111173],[126.92099086,37.51117858],[126.92112647,37.51118435],[126.92113049,37.51112534],[126.92112371,37.51112507]]]}},{"type":"Feature","id":"seoul-building-504308","properties":{"id":"seoul-building-504308","sourceId":"1994192878644454000200000000","pnu":"1156013200100890017","name":"서울특별시 영등포구 신길동","address":"서울특별시 영등포구 신길동","useName":"단독주택","floors":2.0,"height":7.4,"heightSource":"estimated","heightRaw":0.0,"sourceDate":"2026-09-09"},"geometry":{"type":"Polygon","coordinates":[[[126.92029688,37.51082907],[126.92024891,37.51073443],[126.92019832,37.51075071],[126.92020949,37.51078414],[126.92019724,37.51078683],[126.92022876,37.51085101],[126.92029688,37.51082907]]]}},{"type":"Feature","id":"seoul-building-504309","properties":{"id":"seoul-building-504309","sourceId":"0000192964454453118600000000","pnu":"1156013200104640019","name":"서울특별시 영등포구 신길동","address":"서울특별시 영등포구 신길동","useName":"단독주택","floors":1.0,"height":4.2,"heightSource":"estimated","heightRaw":0.0,"sourceDate":"2026-09-09"},"geometry":{"type":"Polygon","coordinates":[[[126.92126189,37.50997431],[126.92116869,37.50997118],[126.92116569,37.5100274],[126.92125889,37.51003062],[126.92126189,37.50997431]]]}},{"type":"Feature","id":"seoul-building-504310","properties":{"id":"seoul-building-504310","sourceId":"0000193044004456536000000000","pnu":"1156013200104690010","name":"서울특별시 영등포구 신길동","address":"서울특별시 영등포구 신길동","useName":"","floors":0.0,"height":0,"heightSource":"unknown","heightRaw":0.0,"sourceDate":"2026-09-09"},"geometry":{"type":"Polygon","coordinates":[[[126.9221533,37.51309732],[126.92213571,37.51304803],[126.92206703,37.51306384],[126.92208508,37.51311304],[126.9221533,37.51309732]]]}},{"type":"Feature","id":"seoul-building-504311","properties":{"id":"seoul-building-504311","sourceId":"1988193061614453769800000000","pnu":"1156013200104540012","name":"서울특별시 영등포구 신길동","address":"서울특별시 영등포구 신길동","useName":"단독주택","floors":2.0,"height":7.4,"heightSource":"estimated","heightRaw":0.0,"sourceDate":"2026-09-09"},"geometry":{"type":"Polygon","coordinates":[[[126.92239317,37.51061675],[126.92237086,37.51054033],[126.9222187,37.51056861],[126.92223234,37.51061529],[126.92227714,37.51060694],[126.92228593,37.51063668],[126.92239317,37.51061675]]]}},{"type":"Feature","id":"seoul-building-504313","properties":{"id":"seoul-building-504313","sourceId":"1961193192404458944700000000","pnu":"1156013200100010026","name":"서울특별시 영등포구 신길동","address":"서울특별시 영등포구 신길동","useName":"단독주택","floors":1.0,"height":4.2,"heightSource":"estimated","heightRaw":0.0,"sourceDate":"2026-09-09"},"geometry":{"type":"Polygon","coordinates":[[[126.92385205,37.51525246],[126.92384612,37.51521028],[126.92374138,37.51522018],[126.92374228,37.51530249],[126.92379917,37.51530225],[126.92379888,37.51525261],[126.92385205,37.51525246]]]}},{"type":"Feature","id":"seoul-building-504314","properties":{"id":"seoul-building-504314","sourceId":"0000193213314458795400000000","pnu":"1156013200100010018","name":"서울특별시 영등포구 신길동","address":"서울특별시 영등포구 신길동","useName":"단독주택","floors":1.0,"height":4.2,"heightSource":"estimated","heightRaw":0.0,"sourceDate":"2026-09-09"},"geometry":{"type":"Polygon","coordinates":[[[126.92400504,37.51507992],[126.92394886,37.51509938],[126.92394631,37.51510026],[126.92398662,37.51517416],[126.92410011,37.51513477],[126.9240598,37.51506095],[126.92400504,37.51507992]]]}},{"type":"Feature","id":"seoul-building-504317","properties":{"id":"seoul-building-504317","sourceId":"1977193161174458304300000000","pnu":"1156013200100040075","name":"서울특별시 영등포구 신길동","address":"서울특별시 영등포구 신길동","useName":"단독주택","floors":2.0,"height":7.4,"heightSource":"estimated","heightRaw":0.0,"sourceDate":"2026-09-09"},"geometry":{"type":"Polygon","coordinates":[[[126.92347219,37.5147281],[126.92349673,37.51462613],[126.92343565,37.51461753],[126.92343009,37.51464239],[126.92338372,37.51463587],[126.92336757,37.51471452],[126.92347219,37.5147281]]]}},{"type":"Feature","id":"seoul-building-504319","properties":{"id":"seoul-building-504319","sourceId":"1995193134624458817100000000","pnu":"1156013200100080022","name":"서울특별시 영등포구 신길동","address":"서울특별시 영등포구 신길동","useName":"단독주택","floors":2.0,"height":6.5,"heightSource":"measured","heightRaw":6.5,"sourceDate":"2026-09-09"},"geometry":{"type":"Polygon","coordinates":[[[126.92317057,37.51510958],[126.9230888,37.51510312],[126.92310197,37.51517485],[126.92310819,37.51517783],[126.9231857,37.5151495],[126.92317057,37.51510958]]]}},{"type":"Feature","id":"seoul-building-504396","properties":{"id":"seoul-building-504396","sourceId":"1977193147914458090500000000","pnu":"1156013200100040079","name":"서울특별시 영등포구 신길동","address":"서울특별시 영등포구 신길동","useName":"공동주택","floors":2.0,"height":6.9,"heightSource":"estimated","heightRaw":0.0,"sourceDate":"2026-09-09"},"geometry":{"type":"Polygon","coordinates":[[[126.92350461,37.51455378],[126.92352673,37.51448441],[126.92312187,37.51440288],[126.92309219,37.51444548],[126.92310158,37.51444963],[126.92307445,37.5145344],[126.92315057,37.51454418],[126.92316974,37.51448626],[126.92350461,37.51455378]]]}},{"type":"Feature","id":"seoul-building-504397","properties":{"id":"seoul-building-504397","sourceId":"1995193043704453905000000000","pnu":"1156013200104540021","name":"서울특별시 영등포구 신길동","address":"서울특별시 영등포구 신길동","useName":"단독주택","floors":3.0,"height":9.53,"heightSource":"measured","heightRaw":9.53,"sourceDate":"2026-09-09"},"geometry":{"type":"Polygon","coordinates":[[[126.92216619,37.51070949],[126.92215807,37.5106857],[126.92205376,37.51070816],[126.92206516,37.51073573],[126.92216619,37.51070949]]]}},{"type":"Feature","id":"seoul-building-504398","properties":{"id":"seoul-building-504398","sourceId":"2005193088534456164400000000","pnu":"1156013200104490027","name":"서울특별시 영등포구 신길동","address":"서울특별시 영등포구 신길동","useName":"공동주택","floors":5.0,"height":14.3,"heightSource":"measured","heightRaw":14.3,"sourceDate":"2026-09-09"},"geometry":{"type":"Polygon","coordinates":[[[126.9226824,37.51279259],[126.92264046,37.51266354],[126.92254225,37.51269168],[126.92259527,37.51283173],[126.92265545,37.51281906],[126.92264959,37.51280149],[126.9226824,37.51279259]]]}},{"type":"Feature","id":"seoul-building-504399","properties":{"id":"seoul-building-504399","sourceId":"2003192998214455741300000000","pnu":"1156013200100730003","name":"서울특별시 영등포구 신길동","address":"서울특별시 영등포구 신길동","useName":"단독주택","floors":4.0,"height":12.0,"heightSource":"measured","heightRaw":12.0,"sourceDate":"2026-09-09"},"geometry":{"type":"Polygon","coordinates":[[[126.92157871,37.5124457],[126.92169422,37.51242064],[126.92163849,37.51227905],[126.92162559,37.5122822],[126.9216213,37.51227156],[126.92152673,37.51228808],[126.92153405,37.51231448],[126.92150891,37.51234852],[126.92151285,37.51236042],[126.92151228,37.51236744],[126.92150775,37.51237213],[126.92150458,37.51237663],[126.92152737,37.51244287],[126.92157646,37.5124357],[126.92157871,37.5124457]]]}},{"type":"Feature","id":"seoul-building-504412","properties":{"id":"seoul-building-504412","sourceId":"1990192950234454476000000000","pnu":"1156013200100890128","name":"서울특별시 영등포구 신길동","address":"서울특별시 영등포구 신길동","useName":"단독주택","floors":2.0,"height":7.4,"heightSource":"estimated","heightRaw":0.0,"sourceDate":"2026-09-09"},"geometry":{"type":"Polygon","coordinates":[[[126.92109235,37.51125362],[126.92109293,37.5112429],[126.92110718,37.51124336],[126.92110741,37.51123876],[126.92111374,37.51123895],[126.92111593,37.5112011],[126.92099254,37.5111967],[126.92098977,37.51124607],[126.92109235,37.51125362]]]}},{"type":"Feature","id":"seoul-building-504415","properties":{"id":"seoul-building-504415","sourceId":"1960193192594458857300000000","pnu":"1156013200100010025","name":"서울특별시 영등포구 신길동","address":"서울특별시 영등포구 신길동","useName":"단독주택","floors":1.0,"height":4.2,"heightSource":"estimated","heightRaw":0.0,"sourceDate":"2026-09-09"},"geometry":{"type":"Polygon","coordinates":[[[126.92382939,37.51518021],[126.92381811,37.51514975],[126.92374807,37.51516628],[126.92375935,37.51519665],[126.92382939,37.51518021]]]}},{"type":"Feature","id":"seoul-building-504416","properties":{"id":"seoul-building-504416","sourceId":"1964193216464458871300000000","pnu":"1156013200100010092","name":"서울특별시 영등포구 신길동","address":"서울특별시 영등포구 신길동","useName":"단독주택","floors":1.0,"height":4.2,"heightSource":"estimated","heightRaw":0.0,"sourceDate":"2026-09-09"},"geometry":{"type":"Polygon","coordinates":[[[126.92413218,37.51518732],[126.92410418,37.51514027],[126.92398684,37.51517705],[126.9240197,37.5152359],[126.92413218,37.51518732]]]}},{"type":"Feature","id":"seoul-building-504424","properties":{"id":"seoul-building-504424","sourceId":"1985193286014458232600000000","pnu":"1156013200100010070","name":"서울특별시 영등포구 신길동","address":"서울특별시 영등포구 신길동","useName":"단독주택","floors":2.0,"height":7.4,"heightSource":"estimated","heightRaw":0.0,"sourceDate":"2026-09-09"},"geometry":{"type":"Polygon","coordinates":[[[126.92489955,37.51461459],[126.9248669,37.51457799],[126.92483159,37.51459797],[126.92481554,37.51458003],[126.92478713,37.51459569],[126.92484646,37.51465087],[126.92489955,37.51461459]]]}},{"type":"Feature","id":"seoul-building-504425","properties":{"id":"seoul-building-504425","sourceId":"1985193290494458299700000000","pnu":"1156013200100010069","name":"서울특별시 영등포구 신길동","address":"서울특별시 영등포구 신길동","useName":"단독주택","floors":2.0,"height":7.4,"heightSource":"estimated","heightRaw":0.0,"sourceDate":"2026-09-09"},"geometry":{"type":"Polygon","coordinates":[[[126.92489492,37.5147164],[126.9249539,37.51467112],[126.92491581,37.51463965],[126.92490257,37.51464892],[126.924882,37.51462999],[126.92484759,37.51465348],[126.92486217,37.51466701],[126.92484926,37.51467583],[126.9248878,37.51471162],[126.92488893,37.51471081],[126.92489492,37.5147164]]]}},{"type":"Feature","id":"seoul-building-504426","properties":{"id":"seoul-building-504426","sourceId":"0000193280014458501500000000","pnu":"1156013200100010006","name":"서울특별시 영등포구 신길동","address":"서울특별시 영등포구 신길동","useName":"단독주택","floors":2.0,"height":7.4,"heightSource":"estimated","heightRaw":0.0,"sourceDate":"2026-09-09"},"geometry":{"type":"Polygon","coordinates":[[[126.92484105,37.51485305],[126.92480153,37.51479031],[126.92471293,37.51482477],[126.92473099,37.51485424],[126.92471798,37.5148591],[126.92475118,37.51491588],[126.92484249,37.51488206],[126.92482702,37.51485872],[126.92484105,37.51485305]]]}},{"type":"Feature","id":"seoul-building-504479","properties":{"id":"seoul-building-504479","sourceId":"1988192922164453267200000000","pnu":"1156013200100890066","name":"서울특별시 영등포구 신길동","address":"서울특별시 영등포구 신길동","useName":"단독주택","floors":2.0,"height":7.4,"heightSource":"estimated","heightRaw":0.0,"sourceDate":"2026-09-09"},"geometry":{"type":"Polygon","coordinates":[[[126.92083181,37.51013493],[126.9208158,37.5100869],[126.92064079,37.51012391],[126.92066142,37.5101833],[126.9207939,37.51015401],[126.92079164,37.51014753],[126.92083181,37.51013493]]]}},{"type":"Feature","id":"seoul-building-504482","properties":{"id":"seoul-building-504482","sourceId":"1988192923184453342400000000","pnu":"1156013200100890065","name":"서울특별시 영등포구 신길동","address":"서울특별시 영등포구 신길동","useName":"단독주택","floors":2.0,"height":7.4,"heightSource":"estimated","heightRaw":0.0,"sourceDate":"2026-09-09"},"geometry":{"type":"Polygon","coordinates":[[[126.92083603,37.51020738],[126.92081934,37.51015907],[126.92065915,37.51019429],[126.92067741,37.51024719],[126.92083603,37.51020738]]]}},{"type":"Feature","id":"seoul-building-504489","properties":{"id":"seoul-building-504489","sourceId":"1988192884164453517600000000","pnu":"1156013200100890054","name":"서울특별시 영등포구 신길동","address":"서울특별시 영등포구 신길동","useName":"단독주택","floors":2.0,"height":7.4,"heightSource":"estimated","heightRaw":0.0,"sourceDate":"2026-09-09"},"geometry":{"type":"Polygon","coordinates":[[[126.92030929,37.51042255],[126.92037497,37.51035727],[126.92034784,37.51034004],[126.92035769,37.51033031],[126.92033994,37.51031904],[126.92034493,37.51031409],[126.92030605,37.51028928],[126.92028317,37.51031215],[126.92029199,37.51031774],[126.92023028,37.51037906],[126.92028114,37.51041145],[126.92028533,37.5104073],[126.92030929,37.51042255]]]}},{"type":"Feature","id":"seoul-building-504491","properties":{"id":"seoul-building-504491","sourceId":"1970192939774453519100000000","pnu":"1156013200100890059","name":"서울특별시 영등포구 신길동","address":"서울특별시 영등포구 신길동","useName":"단독주택","floors":1.0,"height":4.2,"heightSource":"estimated","heightRaw":0.0,"sourceDate":"2026-09-09"},"geometry":{"type":"Polygon","coordinates":[[[126.92098374,37.51039342],[126.9209594,37.51031502],[126.92088473,37.51032975],[126.92090894,37.51040809],[126.92094498,37.51040106],[126.92098374,37.51039342]]]}},{"type":"Feature","id":"seoul-building-504493","properties":{"id":"seoul-building-504493","sourceId":"1988193095904455807500000000","pnu":"1156013200104500007","name":"서울특별시 영등포구 신길동","address":"서울특별시 영등포구 신길동","useName":"단독주택","floors":2.0,"height":7.4,"heightSource":"estimated","heightRaw":0.0,"sourceDate":"2026-09-09"},"geometry":{"type":"Polygon","coordinates":[[[126.92277641,37.51244009],[126.92275059,37.51237025],[126.92269096,37.51238417],[126.92269367,37.51239156],[126.92262398,37.51241026],[126.9226277,37.51242288],[126.92262023,37.51242431],[126.92264042,37.51247712],[126.92277641,37.51244009]]]}},{"type":"Feature","id":"seoul-building-504494","properties":{"id":"seoul-building-504494","sourceId":"1968193087414459569300000000","pnu":"1156013200100090106","name":"서울특별시 영등포구 신길동","address":"서울특별시 영등포구 신길동","useName":"단독주택","floors":2.0,"height":7.4,"heightSource":"estimated","heightRaw":0.0,"sourceDate":"2026-09-09"},"geometry":{"type":"Polygon","coordinates":[[[126.92253989,37.51579641],[126.92255487,37.51582325],[126.92257099,37.5158508],[126.92266514,37.51581608],[126.92264899,37.51578841],[126.92261652,37.51580046],[126.92260861,37.51578685],[126.92258044,37.51579719],[126.92257287,37.51578421],[126.92253989,37.51579641]]]}},{"type":"Feature","id":"seoul-building-504495","properties":{"id":"seoul-building-504495","sourceId":"0000193119574459338400000000","pnu":"1156013200100090056","name":"서울특별시 영등포구 신길동","address":"서울특별시 영등포구 신길동","useName":"","floors":0.0,"height":0,"heightSource":"unknown","heightRaw":0.0,"sourceDate":"2026-09-09"},"geometry":{"type":"Polygon","coordinates":[[[126.92296687,37.51562065],[126.92298679,37.51560877],[126.92297492,37.51559696],[126.92296655,37.51560092],[126.92295649,37.51559298],[126.92293793,37.51560135],[126.92294708,37.51561379],[126.92295579,37.5156101],[126.92296687,37.51562065]]]}},{"type":"Feature","id":"seoul-building-504496","properties":{"id":"seoul-building-504496","sourceId":"1957193236614455899900000000","pnu":"1156013200113280000","name":"서울특별시 영등포구 신길동","address":"서울특별시 영등포구 신길동","useName":"단독주택","floors":1.0,"height":4.2,"heightSource":"estimated","heightRaw":0.0,"sourceDate":"2026-09-09"},"geometry":{"type":"Polygon","coordinates":[[[126.92433915,37.51253373],[126.92430811,37.51246343],[126.92424046,37.51247834],[126.92427395,37.51255909],[126.9243044,37.51255101],[126.9243017,37.51254281],[126.92433915,37.51253373]]]}},{"type":"Feature","id":"seoul-building-504648","properties":{"id":"seoul-building-504648","sourceId":"1989192908524454654000000000","pnu":"1156013200100880030","name":"서울특별시 영등포구 신길동","address":"서울특별시 영등포구 신길동","useName":"단독주택","floors":2.0,"height":7.4,"heightSource":"estimated","heightRaw":0.0,"sourceDate":"2026-09-09"},"geometry":{"type":"Polygon","coordinates":[[[126.92063986,37.51142027],[126.92063866,37.51138144],[126.92062825,37.5113817],[126.92062705,37.51134467],[126.92058565,37.51134554],[126.92058543,37.51133996],[126.9205239,37.51134126],[126.92052412,37.51134667],[126.92053342,37.51142813],[126.92063986,37.51142027]]]}},{"type":"Feature","id":"seoul-building-504649","properties":{"id":"seoul-building-504649","sourceId":"1990192939144454944100000000","pnu":"1156013200100890093","name":"서울특별시 영등포구 신길동","address":"서울특별시 영등포구 신길동","useName":"단독주택","floors":2.0,"height":7.4,"heightSource":"estimated","heightRaw":0.0,"sourceDate":"2026-09-09"},"geometry":{"type":"Polygon","coordinates":[[[126.92097993,37.51167783],[126.92098181,37.51161332],[126.92092796,37.51161229],[126.92092786,37.51161616],[126.92086971,37.51161504],[126.92086785,37.51167568],[126.92097993,37.51167783]]]}},{"type":"Feature","id":"seoul-building-504650","properties":{"id":"seoul-building-504650","sourceId":"1990192941134455117800000000","pnu":"1156013200100890118","name":"서울특별시 영등포구 신길동","address":"서울특별시 영등포구 신길동","useName":"단독주택","floors":3.0,"height":10.6,"heightSource":"estimated","heightRaw":0.0,"sourceDate":"2026-09-09"},"geometry":{"type":"Polygon","coordinates":[[[126.9210085,37.51182633],[126.9209907,37.51175866],[126.92089421,37.51177472],[126.92090119,37.51180148],[126.92088999,37.51180328],[126.92090081,37.51184437],[126.9210085,37.51182633]]]}},{"type":"Feature","id":"seoul-building-504658","properties":{"id":"seoul-building-504658","sourceId":"1989192919654454653200000000","pnu":"1156013200100880031","name":"서울특별시 영등포구 신길동","address":"서울특별시 영등포구 신길동","useName":"단독주택","floors":2.0,"height":7.4,"heightSource":"estimated","heightRaw":0.0,"sourceDate":"2026-09-09"},"geometry":{"type":"Polygon","coordinates":[[[126.92078668,37.51141767],[126.92078616,37.51137262],[126.92074985,37.51137304],[126.92074942,37.51135115],[126.92071097,37.51135157],[126.92070657,37.51133761],[126.92069369,37.51132922],[126.92063905,37.51133387],[126.92065173,37.51142902],[126.92078668,37.51141767]]]}},{"type":"Feature","id":"seoul-building-504682","properties":{"id":"seoul-building-504682","sourceId":"0000192959534454180500000000","pnu":"1156013200104650010","name":"서울특별시 영등포구 신길동","address":"서울특별시 영등포구 신길동","useName":"","floors":0.0,"height":0,"heightSource":"unknown","heightRaw":0.0,"sourceDate":"2026-09-09"},"geometry":{"type":"Polygon","coordinates":[[[126.92118176,37.51099491],[126.92118286,37.51091725],[126.92113694,37.51091685],[126.92113621,37.51096073],[126.92112694,37.51096064],[126.92112645,37.51099433],[126.92118176,37.51099491]]]}},{"type":"Feature","id":"seoul-building-504694","properties":{"id":"seoul-building-504694","sourceId":"1990192911154454362600000000","pnu":"1156013200100880034","name":"서울특별시 영등포구 신길동","address":"서울특별시 영등포구 신길동","useName":"단독주택","floors":2.0,"height":7.4,"heightSource":"estimated","heightRaw":0.0,"sourceDate":"2026-09-09"},"geometry":{"type":"Polygon","coordinates":[[[126.92066232,37.51115503],[126.92065772,37.51108405],[126.92055742,37.51108739],[126.92056176,37.51115893],[126.92066232,37.51115503]]]}},{"type":"Feature","id":"seoul-building-504695","properties":{"id":"seoul-building-504695","sourceId":"1990192937394454484000000000","pnu":"1156013200100890011","name":"서울특별시 영등포구 신길동","address":"서울특별시 영등포구 신길동","useName":"단독주택","floors":2.0,"height":7.4,"heightSource":"estimated","heightRaw":0.0,"sourceDate":"2026-09-09"},"geometry":{"type":"Polygon","coordinates":[[[126.92094946,37.51118099],[126.92086045,37.51117976],[126.92085938,37.51122706],[126.92086515,37.51122715],[126.92086408,37.51127274],[126.92088931,37.51127312],[126.92088907,37.51128673],[126.92094697,37.51128758],[126.92094946,37.51118099]]]}},{"type":"Feature","id":"seoul-building-504696","properties":{"id":"seoul-building-504696","sourceId":"1969192955904454279800000000","pnu":"1156013200100890008","name":"서울특별시 영등포구 신길동","address":"서울특별시 영등포구 신길동","useName":"","floors":0.0,"height":0,"heightSource":"unknown","heightRaw":0.0,"sourceDate":"2026-09-09"},"geometry":{"type":"Polygon","coordinates":[[[126.9211633,37.51101059],[126.92116306,37.51100653],[126.92107325,37.51100989],[126.92107836,37.51109603],[126.92113102,37.51109404],[126.92113209,37.511094],[126.92113042,37.51106615],[126.92116464,37.51106386],[126.9211633,37.51101059]]]}},{"type":"Feature","id":"seoul-building-504697","properties":{"id":"seoul-building-504697","sourceId":"1990192903604454247900000000","pnu":"1156013200100880036","name":"서울특별시 영등포구 신길동","address":"서울특별시 영등포구 신길동","useName":"단독주택","floors":2.0,"height":7.4,"heightSource":"estimated","heightRaw":0.0,"sourceDate":"2026-09-09"},"geometry":{"type":"Polygon","coordinates":[[[126.92057464,37.51105839],[126.92057168,37.51096946],[126.92051253,37.51097068],[126.92051296,37.51098545],[126.92047247,37.51098633],[126.92047324,37.51100912],[126.92046973,37.51100912],[126.92047137,37.51106048],[126.92057464,37.51105839]]]}},{"type":"Feature","id":"seoul-building-504698","properties":{"id":"seoul-building-504698","sourceId":"1996192885934454086600000000","pnu":"1156013200100900005","name":"서울특별시 영등포구 신길동","address":"서울특별시 영등포구 신길동","useName":"단독주택","floors":2.0,"height":7.85,"heightSource":"measured","heightRaw":7.85,"sourceDate":"2026-09-09"},"geometry":{"type":"Polygon","coordinates":[[[126.92037678,37.51088148],[126.92035919,37.51084002],[126.92027252,37.51086347],[126.92029023,37.51090484],[126.92037678,37.51088148]]]}},{"type":"Feature","id":"seoul-building-504700","properties":{"id":"seoul-building-504700","sourceId":"1970192967234454166900000000","pnu":"1156013200104650010","name":"서울특별시 영등포구 신길동","address":"서울특별시 영등포구 신길동","useName":"단독주택","floors":1.0,"height":4.2,"heightSource":"estimated","heightRaw":0.0,"sourceDate":"2026-09-09"},"geometry":{"type":"Polygon","coordinates":[[[126.92129559,37.5109493],[126.92129815,37.51088462],[126.92125097,37.51088531],[126.9212512,37.51089052],[126.92118571,37.51089247],[126.9211908,37.51100366],[126.92130119,37.51100039],[126.9213021,37.51094941],[126.92129559,37.5109493]]]}},{"type":"Feature","id":"seoul-building-504702","properties":{"id":"seoul-building-504702","sourceId":"1992192922274454884600000000","pnu":"1156013200100880025","name":"서울특별시 영등포구 신길동","address":"서울특별시 영등포구 신길동","useName":"단독주택","floors":2.0,"height":7.4,"heightSource":"estimated","heightRaw":0.0,"sourceDate":"2026-09-09"},"geometry":{"type":"Polygon","coordinates":[[[126.92079289,37.51162327],[126.92079284,37.51157949],[126.92077089,37.51158083],[126.9207681,37.51155127],[126.92068179,37.51155653],[126.92068872,37.51162952],[126.92079289,37.51162327]]]}},{"type":"Feature","id":"seoul-building-504703","properties":{"id":"seoul-building-504703","sourceId":"1983192935714454131800000000","pnu":"1156013200100890106","name":"서울특별시 영등포구 신길동","address":"서울특별시 영등포구 신길동","useName":"단독주택","floors":2.0,"height":7.4,"heightSource":"estimated","heightRaw":0.0,"sourceDate":"2026-09-09"},"geometry":{"type":"Polygon","coordinates":[[[126.92093103,37.51096726],[126.92093009,37.51088302],[126.92091403,37.51088319],[126.92091372,37.51085507],[126.92084778,37.51085557],[126.92084902,37.51096783],[126.92093103,37.51096726]]]}},{"type":"Feature","id":"seoul-building-504704","properties":{"id":"seoul-building-504704","sourceId":"1992192880744454206300000000","pnu":"1156013200100900018","name":"서울특별시 영등포구 신길동","address":"서울특별시 영등포구 신길동","useName":"단독주택","floors":2.0,"height":7.4,"heightSource":"estimated","heightRaw":0.0,"sourceDate":"2026-09-09"},"geometry":{"type":"Polygon","coordinates":[[[126.92024338,37.51103176],[126.92033752,37.51100065],[126.92029971,37.51092782],[126.92019098,37.5109637],[126.92021536,37.51101084],[126.92023007,37.51100598],[126.92024338,37.51103176]]]}},{"type":"Feature","id":"seoul-building-504705","properties":{"id":"seoul-building-504705","sourceId":"1996192868084454211800000000","pnu":"1156013200100900007","name":"서울특별시 영등포구 신길동","address":"서울특별시 영등포구 신길동","useName":"제1종근린생활시설","floors":3.0,"height":8.2,"heightSource":"measured","heightRaw":8.2,"sourceDate":"2026-09-09"},"geometry":{"type":"Polygon","coordinates":[[[126.92019103,37.51101992],[126.92013481,37.51092149],[126.92005606,37.51094703],[126.92010866,37.51104969],[126.92019103,37.51101992]]]}},{"type":"Feature","id":"seoul-building-504710","properties":{"id":"seoul-building-504710","sourceId":"1995193021894456101000000000","pnu":"1156013200104680008","name":"서울특별시 영등포구 신길동","address":"서울특별시 영등포구 신길동","useName":"단독주택","floors":3.0,"height":10.2,"heightSource":"measured","heightRaw":10.2,"sourceDate":"2026-09-09"},"geometry":{"type":"Polygon","coordinates":[[[126.92193627,37.51274615],[126.9218759,37.512606],[126.92178041,37.51263639],[126.9218154,37.51270552],[126.9218189,37.51270435],[126.92185333,37.51277276],[126.92193627,37.51274615]]]}},{"type":"Feature","id":"seoul-building-504735","properties":{"id":"seoul-building-504735","sourceId":"2003192969694455008200000000","pnu":"1156013200100890107","name":"단독주택","address":"서울특별시 영등포구 신길동","useName":"단독주택","floors":3.0,"height":8.0,"heightSource":"measured","heightRaw":8.0,"sourceDate":"2026-09-09"},"geometry":{"type":"Polygon","coordinates":[[[126.92131593,37.51171823],[126.92130149,37.51167849],[126.92125907,37.51169008],[126.92125354,37.5116717],[126.92122854,37.51167754],[126.92124986,37.51173468],[126.92131593,37.51171823]]]}},{"type":"Feature","id":"seoul-building-504740","properties":{"id":"seoul-building-504740","sourceId":"1990193043054454033700000000","pnu":"1156013200104540023","name":"서울특별시 영등포구 신길동","address":"서울특별시 영등포구 신길동","useName":"단독주택","floors":2.0,"height":7.4,"heightSource":"estimated","heightRaw":0.0,"sourceDate":"2026-09-09"},"geometry":{"type":"Polygon","coordinates":[[[126.92216525,37.51084446],[126.92214462,37.51078066],[126.92205253,37.51080375],[126.92205613,37.51082484],[126.92203757,37.51083104],[126.92204997,37.51086808],[126.92216525,37.51084446]]]}},{"type":"Feature","id":"seoul-building-504741","properties":{"id":"seoul-building-504741","sourceId":"1992193055314454097900000000","pnu":"1156013200104540025","name":"서울특별시 영등포구 신길동","address":"서울특별시 영등포구 신길동","useName":"단독주택","floors":2.0,"height":7.4,"heightSource":"estimated","heightRaw":0.0,"sourceDate":"2026-09-09"},"geometry":{"type":"Polygon","coordinates":[[[126.92229472,37.51087806],[126.9222769,37.51083661],[126.9221805,37.51086303],[126.92221108,37.51093387],[126.92229345,37.51090744],[126.92228228,37.51088148],[126.92229472,37.51087806]]]}},{"type":"Feature","id":"seoul-building-504742","properties":{"id":"seoul-building-504742","sourceId":"1991193152104459015000000000","pnu":"1156013200100090133","name":"서울특별시 영등포구 신길동","address":"서울특별시 영등포구 신길동","useName":"단독주택","floors":3.0,"height":9.4,"heightSource":"measured","heightRaw":9.4,"sourceDate":"2026-09-09"},"geometry":{"type":"Polygon","coordinates":[[[126.92337004,37.51529287],[126.9233376,37.51526276],[126.92326958,37.51530921],[126.92333116,37.51536638],[126.9233881,37.5153274],[126.92335906,37.51530044],[126.92337004,37.51529287]]]}},{"type":"Feature","id":"seoul-building-504743","properties":{"id":"seoul-building-504743","sourceId":"1992193140664459224500000000","pnu":"1156013200100090063","name":"서울특별시 영등포구 신길동","address":"서울특별시 영등포구 신길동","useName":"단독주택","floors":2.0,"height":7.4,"heightSource":"estimated","heightRaw":0.0,"sourceDate":"2026-09-09"},"geometry":{"type":"Polygon","coordinates":[[[126.92326766,37.51551662],[126.92322169,37.515451],[126.92313671,37.51548878],[126.92317713,37.51555683],[126.92326766,37.51551662]]]}},{"type":"Feature","id":"seoul-building-504744","properties":{"id":"seoul-building-504744","sourceId":"1962193234634457639500000000","pnu":"1156013200100020023","name":"서울특별시 영등포구 신길동","address":"서울특별시 영등포구 신길동","useName":"단독주택","floors":1.0,"height":4.2,"heightSource":"estimated","heightRaw":0.0,"sourceDate":"2026-09-09"},"geometry":{"type":"Polygon","coordinates":[[[126.92433404,37.51409408],[126.92430224,37.5140136],[126.92425065,37.51402645],[126.92426137,37.51405358],[126.92421012,37.51406634],[126.92421508,37.51407896],[126.9241929,37.51408444],[126.92419516,37.51409012],[126.9241903,37.51409137],[126.92420496,37.51412859],[126.92428547,37.51410849],[126.92433466,37.51409557],[126.92433404,37.51409408]]]}},{"type":"Feature","id":"seoul-building-504745","properties":{"id":"seoul-building-504745","sourceId":"1994193109194458383200000000","pnu":"1156013200100040029","name":"서울특별시 영등포구 신길동","address":"서울특별시 영등포구 신길동","useName":"단독주택","floors":2.0,"height":7.5,"heightSource":"measured","heightRaw":7.5,"sourceDate":"2026-09-09"},"geometry":{"type":"Polygon","coordinates":[[[126.92288437,37.51481332],[126.92288111,37.51468141],[126.92280374,37.51468262],[126.9228057,37.51476164],[126.92281,37.51476155],[126.92281044,37.51477822],[126.92281948,37.51477805],[126.92282046,37.51481436],[126.92288437,37.51481332]]]}},{"type":"Feature","id":"seoul-building-504746","properties":{"id":"seoul-building-504746","sourceId":"1990193160214459112600000000","pnu":"1156013200100090024","name":"서울특별시 영등포구 신길동","address":"서울특별시 영등포구 신길동","useName":"단독주택","floors":2.0,"height":7.4,"heightSource":"estimated","heightRaw":0.0,"sourceDate":"2026-09-09"},"geometry":{"type":"Polygon","coordinates":[[[126.92344407,37.51546871],[126.92350145,37.51542694],[126.92340257,37.51533732],[126.92334212,37.51537963],[126.92344407,37.51546871]]]}},{"type":"Feature","id":"seoul-building-504772","properties":{"id":"seoul-building-504772","sourceId":"1989192917334453803500000000","pnu":"1156013200100890022","name":"서울특별시 영등포구 신길동","address":"서울특별시 영등포구 신길동","useName":"제1종근린생활시설","floors":4.0,"height":13.8,"heightSource":"estimated","heightRaw":0.0,"sourceDate":"2026-09-09"},"geometry":{"type":"Polygon","coordinates":[[[126.92073817,37.5106625],[126.9207195,37.51056194],[126.92063058,37.51057251],[126.92062062,37.51058025],[126.92063751,37.51065676],[126.92065841,37.51067353],[126.92073817,37.5106625]]]}},{"type":"Feature","id":"seoul-building-504799","properties":{"id":"seoul-building-504799","sourceId":"1988192950964454567700000000","pnu":"1156013200100890002","name":"서울특별시 영등포구 신길동","address":"서울특별시 영등포구 신길동","useName":"단독주택","floors":2.0,"height":7.4,"heightSource":"estimated","heightRaw":0.0,"sourceDate":"2026-09-09"},"geometry":{"type":"Polygon","coordinates":[[[126.92111326,37.51126841],[126.92100661,37.51126509],[126.92100452,37.51130861],[126.92101629,37.51130898],[126.92101478,37.51133943],[126.92105526,37.5113491],[126.92105503,37.51135342],[126.92110061,37.51135489],[126.92111326,37.51126841]]]}},{"type":"Feature","id":"seoul-building-504800","properties":{"id":"seoul-building-504800","sourceId":"1991192948444454726800000000","pnu":"1156013200100890091","name":"서울특별시 영등포구 신길동","address":"서울특별시 영등포구 신길동","useName":"단독주택","floors":2.0,"height":7.4,"heightSource":"estimated","heightRaw":0.0,"sourceDate":"2026-09-09"},"geometry":{"type":"Polygon","coordinates":[[[126.92103713,37.51149658],[126.92103758,37.51149036],[126.92107083,37.51149201],[126.92107393,37.51145372],[126.92106861,37.51145344],[126.92107079,37.51142497],[126.9210467,37.51142369],[126.92104876,37.51139829],[126.92100092,37.51139582],[126.92099313,37.51149439],[126.92103713,37.51149658]]]}},{"type":"Feature","id":"seoul-building-504801","properties":{"id":"seoul-building-504801","sourceId":"2009192919564454130000000000","pnu":"1156013200100880039","name":"서울특별시 영등포구 신길동","address":"서울특별시 영등포구 신길동","useName":"단독주택","floors":3.0,"height":9.1,"heightSource":"measured","heightRaw":9.1,"sourceDate":"2026-09-09"},"geometry":{"type":"Polygon","coordinates":[[[126.92077021,37.51094481],[126.92076629,37.51090741],[126.92076211,37.51090768],[126.92075841,37.51087263],[126.92069948,37.51087655],[126.92069892,37.51087169],[126.92064349,37.51087535],[126.92065167,37.51095275],[126.92077021,37.51094481]]]}},{"type":"Feature","id":"seoul-building-504802","properties":{"id":"seoul-building-504802","sourceId":"1987192936284454251700000000","pnu":"1156013200100890105","name":"서울특별시 영등포구 신길동","address":"서울특별시 영등포구 신길동","useName":"단독주택","floors":2.0,"height":7.4,"heightSource":"estimated","heightRaw":0.0,"sourceDate":"2026-09-09"},"geometry":{"type":"Polygon","coordinates":[[[126.92094236,37.51105917],[126.92093621,37.51097961],[126.92084572,37.51098405],[126.92085198,37.5110637],[126.92094236,37.51105917]]]}},{"type":"Feature","id":"seoul-building-504807","properties":{"id":"seoul-building-504807","sourceId":"1989192889704454281700000000","pnu":"1156013200100900004","name":"서울특별시 영등포구 신길동","address":"서울특별시 영등포구 신길동","useName":"단독주택","floors":2.0,"height":7.4,"heightSource":"estimated","heightRaw":0.0,"sourceDate":"2026-09-09"},"geometry":{"type":"Polygon","coordinates":[[[126.92041164,37.51107512],[126.92042935,37.51101621],[126.92037495,37.51100581],[126.92037155,37.51101707],[126.92035278,37.51101345],[126.92030955,37.5110364],[126.92029989,37.51107406],[126.92038527,37.51108799],[126.92041164,37.51107512]]]}},{"type":"Feature","id":"seoul-building-504808","properties":{"id":"seoul-building-504808","sourceId":"1989192922344454756100000000","pnu":"1156013200100880026","name":"서울특별시 영등포구 신길동","address":"서울특별시 영등포구 신길동","useName":"단독주택","floors":2.0,"height":7.4,"heightSource":"estimated","heightRaw":0.0,"sourceDate":"2026-09-09"},"geometry":{"type":"Polygon","coordinates":[[[126.92079732,37.51150769],[126.92079095,37.5114374],[126.92067456,37.51144417],[126.92068093,37.51151445],[126.92079732,37.51150769]]]}},{"type":"Feature","id":"seoul-building-504809","properties":{"id":"seoul-building-504809","sourceId":"1990192901934454367100000000","pnu":"1156013200100880035","name":"서울특별시 영등포구 신길동","address":"서울특별시 영등포구 신길동","useName":"단독주택","floors":2.0,"height":7.4,"heightSource":"estimated","heightRaw":0.0,"sourceDate":"2026-09-09"},"geometry":{"type":"Polygon","coordinates":[[[126.92055147,37.51115874],[126.92054984,37.51108738],[126.92048186,37.51108842],[126.92046635,37.51110129],[126.92046589,37.51111453],[126.92045503,37.51111426],[126.92045611,37.51116012],[126.92055147,37.51115874]]]}},{"type":"Feature","id":"seoul-building-504811","properties":{"id":"seoul-building-504811","sourceId":"1991193083264454488500000000","pnu":"1156013200104530010","name":"서울특별시 영등포구 신길동","address":"서울특별시 영등포구 신길동","useName":"단독주택","floors":2.0,"height":7.4,"heightSource":"estimated","heightRaw":0.0,"sourceDate":"2026-09-09"},"geometry":{"type":"Polygon","coordinates":[[[126.92262791,37.51122968],[126.92260704,37.51118128],[126.92248247,37.51121525],[126.922517,37.51129556],[126.92257187,37.51128055],[126.9225677,37.51127072],[126.92262132,37.51125607],[126.92261185,37.51123408],[126.92262791,37.51122968]]]}},{"type":"Feature","id":"seoul-building-504812","properties":{"id":"seoul-building-504812","sourceId":"0000193113454459417200000000","pnu":"1156013200100090100","name":"서울특별시 영등포구 신길동","address":"서울특별시 영등포구 신길동","useName":"","floors":0.0,"height":0,"heightSource":"unknown","heightRaw":0.0,"sourceDate":"2026-09-09"},"geometry":{"type":"Polygon","coordinates":[[[126.92295289,37.51569333],[126.92292861,37.51565648],[126.92291675,37.51566164],[126.92289808,37.51566847],[126.92287493,37.51562827],[126.92284099,37.51564068],[126.92284483,37.51564726],[126.92284501,37.51565454],[126.92288354,37.51572162],[126.92291681,37.51570875],[126.92295289,37.51569333]]]}},{"type":"Feature","id":"seoul-building-504813","properties":{"id":"seoul-building-504813","sourceId":"1960193139834458674900000000","pnu":"1156013200100080020","name":"서울특별시 영등포구 신길동","address":"서울특별시 영등포구 신길동","useName":"단독주택","floors":1.0,"height":4.2,"heightSource":"estimated","heightRaw":0.0,"sourceDate":"2026-09-09"},"geometry":{"type":"Polygon","coordinates":[[[126.92320149,37.5149621],[126.92317989,37.51495812],[126.92316646,37.51504542],[126.92321056,37.51504977],[126.9232182,37.51499941],[126.92320542,37.51499815],[126.92320917,37.51497355],[126.92320149,37.5149621]]]}},{"type":"Feature","id":"seoul-building-504814","properties":{"id":"seoul-building-504814","sourceId":"1985193182024458994700000000","pnu":"1156013200100090015","name":"서울특별시 영등포구 신길동","address":"서울특별시 영등포구 신길동","useName":"단독주택","floors":1.0,"height":4.2,"heightSource":"estimated","heightRaw":0.0,"sourceDate":"2026-09-09"},"geometry":{"type":"Polygon","coordinates":[[[126.92367061,37.5152642],[126.92363741,37.51526004],[126.92362295,37.51531165],[126.92371353,37.51532595],[126.92372183,37.51529235],[126.92366584,37.51528348],[126.92367061,37.5152642]]]}},{"type":"Feature","id":"seoul-building-504815","properties":{"id":"seoul-building-504815","sourceId":"1990193123524459096700000000","pnu":"1156013200100090060","name":"서울특별시 영등포구 신길동","address":"서울특별시 영등포구 신길동","useName":"단독주택","floors":3.0,"height":9.0,"heightSource":"measured","heightRaw":9.0,"sourceDate":"2026-09-09"},"geometry":{"type":"Polygon","coordinates":[[[126.92306734,37.51540927],[126.92301708,37.5153367],[126.92294715,37.51536738],[126.92299752,37.51544004],[126.92306734,37.51540927]]]}},{"type":"Feature","id":"seoul-building-504848","properties":{"id":"seoul-building-504848","sourceId":"1990192908064454138300000000","pnu":"1156013200100880040","name":"서울특별시 영등포구 신길동","address":"서울특별시 영등포구 신길동","useName":"단독주택","floors":2.0,"height":7.4,"heightSource":"estimated","heightRaw":0.0,"sourceDate":"2026-09-09"},"geometry":{"type":"Polygon","coordinates":[[[126.92064059,37.51094958],[126.92063739,37.51087291],[126.92058287,37.5108744],[126.9205832,37.51088153],[126.92052891,37.51088293],[126.92053012,37.51091077],[126.92050015,37.51091156],[126.92050213,37.5109595],[126.92060484,37.51095677],[126.9206045,37.51095056],[126.92064059,37.51094958]]]}},{"type":"Feature","id":"seoul-building-504850","properties":{"id":"seoul-building-504850","sourceId":"1990193052684453996700000000","pnu":"1156013200104540022","name":"서울특별시 영등포구 신길동","address":"서울특별시 영등포구 신길동","useName":"단독주택","floors":2.0,"height":7.4,"heightSource":"estimated","heightRaw":0.0,"sourceDate":"2026-09-09"},"geometry":{"type":"Polygon","coordinates":[[[126.92227002,37.51081885],[126.92224069,37.51074009],[126.92218797,37.51075257],[126.92219192,37.5107633],[126.92215232,37.51077264],[126.92216721,37.51081266],[126.92216291,37.51081365],[126.9221734,37.51084167],[126.92227002,37.51081885]]]}},{"type":"Feature","id":"seoul-building-504851","properties":{"id":"seoul-building-504851","sourceId":"0000193207294458934100000000","pnu":"1156013200100010029","name":"서울특별시 영등포구 신길동","address":"서울특별시 영등포구 신길동","useName":"","floors":0.0,"height":0,"heightSource":"unknown","heightRaw":0.0,"sourceDate":"2026-09-09"},"geometry":{"type":"Polygon","coordinates":[[[126.92401528,37.51523897],[126.92399519,37.51520129],[126.92389232,37.51524735],[126.92391728,37.51528278],[126.92401528,37.51523897]]]}},{"type":"Feature","id":"seoul-building-504852","properties":{"id":"seoul-building-504852","sourceId":"1974193237854457730600000000","pnu":"1156013200100020033","name":"서울특별시 영등포구 신길동","address":"서울특별시 영등포구 신길동","useName":"단독주택","floors":1.0,"height":4.2,"heightSource":"estimated","heightRaw":0.0,"sourceDate":"2026-09-09"},"geometry":{"type":"Polygon","coordinates":[[[126.92437077,37.51417546],[126.92433611,37.51409552],[126.92428713,37.514109],[126.92428753,37.51410993],[126.92429018,37.51411603],[126.92429966,37.51413793],[126.9242484,37.51415204],[126.9242519,37.51415997],[126.92424226,37.51416263],[126.92422486,37.51416743],[126.92424359,37.51421061],[126.92437077,37.51417546]]]}},{"type":"Feature","id":"seoul-building-504853","properties":{"id":"seoul-building-504853","sourceId":"0000193159034458597600000000","pnu":"1156013200100080053","name":"서울특별시 영등포구 신길동","address":"서울특별시 영등포구 신길동","useName":"","floors":0.0,"height":0,"heightSource":"unknown","heightRaw":0.0,"sourceDate":"2026-09-09"},"geometry":{"type":"Polygon","coordinates":[[[126.92341501,37.5148934],[126.92339861,37.51489123],[126.92337236,37.51489463],[126.92338742,37.51498582],[126.92345338,37.51497514],[126.92342913,37.51490377],[126.92341501,37.5148934]]]}},{"type":"Feature","id":"seoul-building-504896","properties":{"id":"seoul-building-504896","sourceId":"1997192862614454534100000000","pnu":"1156013200100900019","name":"서울특별시 영등포구 신길동","address":"서울특별시 영등포구 신길동","useName":"단독주택","floors":3.0,"height":10.5,"heightSource":"measured","heightRaw":10.5,"sourceDate":"2026-09-09"},"geometry":{"type":"Polygon","coordinates":[[[126.92012589,37.51132405],[126.9201448,37.51130632],[126.92012936,37.51125315],[126.9200909,37.51126024],[126.92007568,37.51120761],[126.91998213,37.51122485],[126.92001244,37.51132353],[126.92003654,37.51131995],[126.92004059,37.51133689],[126.92012589,37.51132405]]]}},{"type":"Feature","id":"seoul-building-504898","properties":{"id":"seoul-building-504898","sourceId":"1992192910834454043900000000","pnu":"1156013200100880043","name":"서울특별시 영등포구 신길동","address":"서울특별시 영등포구 신길동","useName":"단독주택","floors":2.0,"height":7.4,"heightSource":"estimated","heightRaw":0.0,"sourceDate":"2026-09-09"},"geometry":{"type":"Polygon","coordinates":[[[126.92065075,37.51085562],[126.92064889,37.51080255],[126.92061382,37.51080333],[126.92054728,37.51083915],[126.92054839,37.51085799],[126.92065075,37.51085562]]]}},{"type":"Feature","id":"seoul-building-504915","properties":{"id":"seoul-building-504915","sourceId":"1990192938894455027800000000","pnu":"1156013200100890071","name":"서울특별시 영등포구 신길동","address":"서울특별시 영등포구 신길동","useName":"단독주택","floors":2.0,"height":7.4,"heightSource":"estimated","heightRaw":0.0,"sourceDate":"2026-09-09"},"geometry":{"type":"Polygon","coordinates":[[[126.92098609,37.51173559],[126.92097019,37.51168881],[126.92093082,37.51169735],[126.92092755,37.5116877],[126.92086884,37.51170037],[126.92086735,37.51171487],[126.92087941,37.51175813],[126.92098609,37.51173559]]]}},{"type":"Feature","id":"seoul-building-504917","properties":{"id":"seoul-building-504917","sourceId":"1984193119384459386700000000","pnu":"1156013200100090056","name":"서울특별시 영등포구 신길동","address":"서울특별시 영등포구 신길동","useName":"단독주택","floors":2.0,"height":7.4,"heightSource":"estimated","heightRaw":0.0,"sourceDate":"2026-09-09"},"geometry":{"type":"Polygon","coordinates":[[[126.9230199,37.51566521],[126.9229989,37.51563357],[126.92297627,37.51564311],[126.92295515,37.5156113],[126.92294643,37.51561498],[126.92294022,37.51560569],[126.9229168,37.51561551],[126.92290537,37.51562035],[126.92291677,37.51563758],[126.9229292,37.5156563],[126.92295357,37.51569306],[126.9230199,37.51566521]]]}},{"type":"Feature","id":"seoul-building-504918","properties":{"id":"seoul-building-504918","sourceId":"1966193178364459082100000000","pnu":"1156013200100090014","name":"서울특별시 영등포구 신길동","address":"서울특별시 영등포구 신길동","useName":"단독주택","floors":2.0,"height":7.4,"heightSource":"estimated","heightRaw":0.0,"sourceDate":"2026-09-09"},"geometry":{"type":"Polygon","coordinates":[[[126.92366749,37.51532298],[126.92362203,37.5153125],[126.92361249,37.51534376],[126.92356028,37.51541176],[126.92359465,37.51542835],[126.92368484,37.51538994],[126.92369707,37.51537544],[126.92365467,37.51535802],[126.92366749,37.51532298]]]}},{"type":"Feature","id":"seoul-building-504919","properties":{"id":"seoul-building-504919","sourceId":"1993193001484459813900000000","pnu":"1156013200100100013","name":"서울특별시 영등포구 신길동","address":"서울특별시 영등포구 신길동","useName":"단독주택","floors":2.0,"height":7.8,"heightSource":"measured","heightRaw":7.8,"sourceDate":"2026-09-09"},"geometry":{"type":"Polygon","coordinates":[[[126.92161586,37.51606839],[126.92168148,37.51605537],[126.921663,37.51599589],[126.92156875,37.51601457],[126.92158476,37.51606603],[126.92161338,37.51606037],[126.92161586,37.51606839]]]}},{"type":"Feature","id":"seoul-building-504942","properties":{"id":"seoul-building-504942","sourceId":"1993192960894453316300000000","pnu":"1156013200104640011","name":"서울특별시 영등포구 신길동","address":"서울특별시 영등포구 신길동","useName":"단독주택","floors":2.0,"height":7.4,"heightSource":"estimated","heightRaw":0.0,"sourceDate":"2026-09-09"},"geometry":{"type":"Polygon","coordinates":[[[126.92124826,37.51023676],[126.92126658,37.51013802],[126.92118696,37.51012869],[126.92118571,37.51013526],[126.92112419,37.5101281],[126.92112225,37.51013855],[126.92109941,37.51013584],[126.92109123,37.51016719],[126.92107416,37.51016438],[126.92106325,37.51020618],[126.92124826,37.51023676]]]}},{"type":"Feature","id":"seoul-building-504980","properties":{"id":"seoul-building-504980","sourceId":"1996192956254458283000000000","pnu":"1156013200100650104","name":"서울특별시 영등포구 신길동","address":"서울특별시 영등포구 신길동","useName":"단독주택","floors":3.0,"height":10.5,"heightSource":"measured","heightRaw":10.5,"sourceDate":"2026-09-09"},"geometry":{"type":"Polygon","coordinates":[[[126.92118871,37.51470444],[126.92114178,37.51458385],[126.92104154,37.51460982],[126.92106184,37.51465966],[126.92105766,37.51466074],[126.92106736,37.51468922],[126.92108727,37.51468491],[126.92110046,37.51472348],[126.92118871,37.51470444]]]}},{"type":"Feature","id":"seoul-building-504996","properties":{"id":"seoul-building-504996","sourceId":"1989192929714453127000000000","pnu":"1156013200100890069","name":"서울특별시 영등포구 신길동","address":"서울특별시 영등포구 신길동","useName":"단독주택","floors":2.0,"height":7.4,"heightSource":"estimated","heightRaw":0.0,"sourceDate":"2026-09-09"},"geometry":{"type":"Polygon","coordinates":[[[126.92088591,37.50999595],[126.92087022,37.50996053],[126.92075414,37.50999306],[126.92078258,37.51005742],[126.92086664,37.51003377],[126.9208628,37.51002494],[126.92087061,37.51002269],[126.9208644,37.51000873],[126.9208747,37.51000594],[126.92087199,37.5099999],[126.92088591,37.50999595]]]}},{"type":"Feature","id":"seoul-building-504999","properties":{"id":"seoul-building-504999","sourceId":"1977193149894458368300000000","pnu":"1156013200100040073","name":"서울특별시 영등포구 신길동","address":"서울특별시 영등포구 신길동","useName":"단독주택","floors":2.0,"height":7.4,"heightSource":"estimated","heightRaw":0.0,"sourceDate":"2026-09-09"},"geometry":{"type":"Polygon","coordinates":[[[126.92334726,37.51477767],[126.92336613,37.51468803],[126.92331196,37.51468079],[126.92330559,37.51471051],[126.92325052,37.51470318],[126.92323778,37.514763],[126.92334726,37.51477767]]]}},{"type":"Feature","id":"seoul-building-505000","properties":{"id":"seoul-building-505000","sourceId":"1992193150804458250600000000","pnu":"1156013200100040074","name":"서울특별시 영등포구 신길동","address":"서울특별시 영등포구 신길동","useName":"단독주택","floors":2.0,"height":7.4,"heightSource":"estimated","heightRaw":0.0,"sourceDate":"2026-09-09"},"geometry":{"type":"Polygon","coordinates":[[[126.92336875,37.51467434],[126.92338659,37.51459056],[126.92328209,37.51457643],[126.92327573,37.51460625],[126.92325153,37.51460299],[126.92324004,37.51465704],[126.92336875,37.51467434]]]}},{"type":"Feature","id":"seoul-building-505002","properties":{"id":"seoul-building-505002","sourceId":"1997192950954453919000000000","pnu":"1156013200100890010","name":"서울특별시 영등포구 신길동","address":"서울특별시 영등포구 신길동","useName":"단독주택","floors":3.0,"height":9.5,"heightSource":"measured","heightRaw":9.5,"sourceDate":"2026-09-09"},"geometry":{"type":"Polygon","coordinates":[[[126.92112241,37.51074385],[126.92110733,37.51066879],[126.92099341,37.51069169],[126.9210164,37.51077451],[126.92111515,37.51075709],[126.92112241,37.51074385]]]}},{"type":"Feature","id":"seoul-building-505019","properties":{"id":"seoul-building-505019","sourceId":"1992192870454454815200000000","pnu":"1156013200100910011","name":"서울특별시 영등포구 신길동","address":"서울특별시 영등포구 신길동","useName":"단독주택","floors":2.0,"height":7.4,"heightSource":"estimated","heightRaw":0.0,"sourceDate":"2026-09-09"},"geometry":{"type":"Polygon","coordinates":[[[126.92021557,37.51155433],[126.92019076,37.51148367],[126.92014132,37.51149472],[126.92013873,37.51148715],[126.92008375,37.51149946],[126.92011115,37.5115775],[126.92021557,37.51155433]]]}},{"type":"Feature","id":"seoul-building-505020","properties":{"id":"seoul-building-505020","sourceId":"1990192926654455215100000000","pnu":"1156013200100880011","name":"서울특별시 영등포구 신길동","address":"서울특별시 영등포구 신길동","useName":"단독주택","floors":2.0,"height":7.4,"heightSource":"estimated","heightRaw":0.0,"sourceDate":"2026-09-09"},"geometry":{"type":"Polygon","coordinates":[[[126.92084723,37.51191605],[126.92083596,37.51187649],[126.92082861,37.51187784],[126.92082072,37.51185035],[126.92078893,37.5118561],[126.92078611,37.51184654],[126.92072582,37.51185749],[126.92074768,37.51193409],[126.92084723,37.51191605]]]}},{"type":"Feature","id":"seoul-building-505021","properties":{"id":"seoul-building-505021","sourceId":"1991192914604455134900000000","pnu":"1156013200100880016","name":"서울특별시 영등포구 신길동","address":"서울특별시 영등포구 신길동","useName":"단독주택","floors":2.0,"height":7.4,"heightSource":"estimated","heightRaw":0.0,"sourceDate":"2026-09-09"},"geometry":{"type":"Polygon","coordinates":[[[126.9207083,37.51184676],[126.92069456,37.51178557],[126.92067895,37.51178772],[126.92067569,37.51177331],[126.92058983,37.5117855],[126.92060671,37.51186111],[126.9207083,37.51184676]]]}},{"type":"Feature","id":"seoul-building-505024","properties":{"id":"seoul-building-505024","sourceId":"1990192910154455384600000000","pnu":"1156013200100880008","name":"서울특별시 영등포구 신길동","address":"서울특별시 영등포구 신길동","useName":"단독주택","floors":2.0,"height":7.4,"heightSource":"estimated","heightRaw":0.0,"sourceDate":"2026-09-09"},"geometry":{"type":"Polygon","coordinates":[[[126.92065286,37.51206729],[126.92062966,37.51199415],[126.92059154,37.51200179],[126.92059298,37.51200607],[126.92054965,37.5120147],[126.92055799,37.51204092],[126.92054385,37.5120437],[126.92055738,37.51208651],[126.92065286,37.51206729]]]}},{"type":"Feature","id":"seoul-building-505025","properties":{"id":"seoul-building-505025","sourceId":"1991192906124455150000000000","pnu":"1156013200100880015","name":"서울특별시 영등포구 신길동","address":"서울특별시 영등포구 신길동","useName":"단독주택","floors":2.0,"height":7.4,"heightSource":"estimated","heightRaw":0.0,"sourceDate":"2026-09-09"},"geometry":{"type":"Polygon","coordinates":[[[126.92060151,37.51186236],[126.92058135,37.51178342],[126.92052094,37.51179311],[126.92052398,37.5118052],[126.92050237,37.51180869],[126.92051938,37.51187555],[126.92060151,37.51186236]]]}},{"type":"Feature","id":"seoul-building-505026","properties":{"id":"seoul-building-505026","sourceId":"2006192905664455012800000000","pnu":"1156013200100880022","name":"서울특별시 영등포구 신길동","address":"서울특별시 영등포구 신길동","useName":"단독주택","floors":3.0,"height":9.1,"heightSource":"measured","heightRaw":9.1,"sourceDate":"2026-09-09"},"geometry":{"type":"Polygon","coordinates":[[[126.92061452,37.51173695],[126.9205947,37.51165882],[126.92047954,37.51167731],[126.92049926,37.51175544],[126.92061452,37.51173695]]]}},{"type":"Feature","id":"seoul-building-505027","properties":{"id":"seoul-building-505027","sourceId":"1989192891584453495400000000","pnu":"1156013200100890030","name":"서울특별시 영등포구 신길동","address":"서울특별시 영등포구 신길동","useName":"단독주택","floors":2.0,"height":7.4,"heightSource":"estimated","heightRaw":0.0,"sourceDate":"2026-09-09"},"geometry":{"type":"Polygon","coordinates":[[[126.92042167,37.51036081],[126.92038384,37.51030745],[126.92035566,37.51032022],[126.92039768,37.51037296],[126.92042167,37.51036081]]]}},{"type":"Feature","id":"seoul-building-505028","properties":{"id":"seoul-building-505028","sourceId":"1988192943214455210800000000","pnu":"1156013200100890117","name":"서울특별시 영등포구 신길동","address":"서울특별시 영등포구 신길동","useName":"단독주택","floors":3.0,"height":10.6,"heightSource":"estimated","heightRaw":0.0,"sourceDate":"2026-09-09"},"geometry":{"type":"Polygon","coordinates":[[[126.92103296,37.51190807],[126.92101052,37.51184192],[126.92091017,37.51186357],[126.9209325,37.51192971],[126.92103296,37.51190807]]]}},{"type":"Feature","id":"seoul-building-505057","properties":{"id":"seoul-building-505057","sourceId":"0000193132964454371400000000","pnu":"1156013200112750000","name":"서울특별시 영등포구 신길동","address":"서울특별시 영등포구 신길동","useName":"","floors":0.0,"height":0,"heightSource":"unknown","heightRaw":0.0,"sourceDate":"2026-09-09"},"geometry":{"type":"Polygon","coordinates":[[[126.92315439,37.51114884],[126.92313713,37.51110062],[126.9230826,37.51111311],[126.92309997,37.51116133],[126.92315439,37.51114884]]]}},{"type":"Feature","id":"seoul-building-505058","properties":{"id":"seoul-building-505058","sourceId":"1983193058354454347000000000","pnu":"1156013200104530004","name":"서울특별시 영등포구 신길동","address":"서울특별시 영등포구 신길동","useName":"단독주택","floors":2.0,"height":6.9,"heightSource":"measured","heightRaw":6.9,"sourceDate":"2026-09-09"},"geometry":{"type":"Polygon","coordinates":[[[126.92236854,37.51113661],[126.92232364,37.51103585],[126.92221151,37.51106749],[126.92222404,37.51109561],[126.92218059,37.51110792],[126.92221072,37.51117552],[126.92236854,37.51113661]]]}},{"type":"Feature","id":"seoul-building-505059","properties":{"id":"seoul-building-505059","sourceId":"0000193197754458986100000000","pnu":"1156013200100010032","name":"서울특별시 영등포구 신길동","address":"서울특별시 영등포구 신길동","useName":"","floors":0.0,"height":0,"heightSource":"unknown","heightRaw":0.0,"sourceDate":"2026-09-09"},"geometry":{"type":"Polygon","coordinates":[[[126.92390665,37.51528367],[126.92389061,37.51526123],[126.92380678,37.51527217],[126.92380503,37.51532983],[126.92390665,37.51528367]]]}},{"type":"Feature","id":"seoul-building-505060","properties":{"id":"seoul-building-505060","sourceId":"1992192998874459739800000000","pnu":"1156013200100100014","name":"서울특별시 영등포구 신길동","address":"서울특별시 영등포구 신길동","useName":"단독주택","floors":2.0,"height":7.4,"heightSource":"estimated","heightRaw":0.0,"sourceDate":"2026-09-09"},"geometry":{"type":"Polygon","coordinates":[[[126.92165328,37.51598517],[126.92162326,37.5159228],[126.92155639,37.51594329],[126.9215411,37.51595482],[126.92157057,37.51601043],[126.92165328,37.51598517]]]}},{"type":"Feature","id":"seoul-building-505061","properties":{"id":"seoul-building-505061","sourceId":"1963193135534458735800000000","pnu":"1156013200100080021","name":"서울특별시 영등포구 신길동","address":"서울특별시 영등포구 신길동","useName":"단독주택","floors":2.0,"height":5.5,"heightSource":"measured","heightRaw":5.5,"sourceDate":"2026-09-09"},"geometry":{"type":"Polygon","coordinates":[[[126.92312252,37.51509387],[126.92313533,37.51506928],[126.92318915,37.51508697],[126.92320354,37.51505914],[126.92311783,37.51503097],[126.92309063,37.51508339],[126.92312252,37.51509387]]]}},{"type":"Feature","id":"seoul-building-505064","properties":{"id":"seoul-building-505064","sourceId":"0000192947384454991300000000","pnu":"1156013200100890119","name":"서울특별시 영등포구 신길동","address":"서울특별시 영등포구 신길동","useName":"","floors":0.0,"height":0,"heightSource":"unknown","heightRaw":0.0,"sourceDate":"2026-09-09"},"geometry":{"type":"Polygon","coordinates":[[[126.92105255,37.51167427],[126.92098763,37.51167144],[126.9209859,37.51170297],[126.92105116,37.51170364],[126.92105255,37.51167427]]]}},{"type":"Feature","id":"seoul-building-505080","properties":{"id":"seoul-building-505080","sourceId":"1989192939104454692700000000","pnu":"1156013200100890096","name":"서울특별시 영등포구 신길동","address":"서울특별시 영등포구 신길동","useName":"단독주택","floors":2.0,"height":7.4,"heightSource":"estimated","heightRaw":0.0,"sourceDate":"2026-09-09"},"geometry":{"type":"Polygon","coordinates":[[[126.92098378,37.51145095],[126.92098567,37.51138491],[126.92093522,37.51138397],[126.92093499,37.51139172],[126.92086339,37.51139033],[126.92086175,37.51144871],[126.92098378,37.51145095]]]}},{"type":"Feature","id":"seoul-building-505081","properties":{"id":"seoul-building-505081","sourceId":"1992192922054454235800000000","pnu":"1156013200100880038","name":"서울특별시 영등포구 신길동","address":"서울특별시 영등포구 신길동","useName":"단독주택","floors":2.0,"height":7.4,"heightSource":"estimated","heightRaw":0.0,"sourceDate":"2026-09-09"},"geometry":{"type":"Polygon","coordinates":[[[126.92077871,37.511045],[126.9207746,37.51096508],[126.92068626,37.51096989],[126.92069307,37.51104963],[126.92077871,37.511045]]]}},{"type":"Feature","id":"seoul-building-505082","properties":{"id":"seoul-building-505082","sourceId":"1991192900824453972800000000","pnu":"1156013200100890163","name":"서울특별시 영등포구 신길동","address":"서울특별시 영등포구 신길동","useName":"단독주택","floors":2.0,"height":7.4,"heightSource":"estimated","heightRaw":0.0,"sourceDate":"2026-09-09"},"geometry":{"type":"Polygon","coordinates":[[[126.92053213,37.51072867],[126.92052094,37.51072362],[126.9204362,37.510747],[126.92045075,37.51078458],[126.92043627,37.51078817],[126.92044868,37.51081701],[126.92055661,37.51078933],[126.92053213,37.51072867]]]}},{"type":"Feature","id":"seoul-building-505085","properties":{"id":"seoul-building-505085","sourceId":"1993193065074453943500000000","pnu":"1156013200104540029","name":"서울특별시 영등포구 신길동","address":"서울특별시 영등포구 신길동","useName":"단독주택","floors":2.0,"height":7.75,"heightSource":"measured","heightRaw":7.75,"sourceDate":"2026-09-09"},"geometry":{"type":"Polygon","coordinates":[[[126.92244313,37.51075581],[126.92242239,37.51069264],[126.92225778,37.51073514],[126.92227954,37.51079651],[126.92244313,37.51075581]]]}},{"type":"Feature","id":"seoul-building-505103","properties":{"id":"seoul-building-505103","sourceId":"1993193097874455913100000000","pnu":"1156013200104500009","name":"서울특별시 영등포구 신길동","address":"서울특별시 영등포구 신길동","useName":"단독주택","floors":3.0,"height":10.6,"heightSource":"estimated","heightRaw":0.0,"sourceDate":"2026-09-09"},"geometry":{"type":"Polygon","coordinates":[[[126.92279791,37.51254354],[126.92276859,37.5124627],[126.92263983,37.51249812],[126.92267369,37.51257608],[126.92279791,37.51254354]]]}},{"type":"Feature","id":"seoul-building-505116","properties":{"id":"seoul-building-505116","sourceId":"1991192889424454761300000000","pnu":"1156013200100910013","name":"서울특별시 영등포구 신길동","address":"서울특별시 영등포구 신길동","useName":"단독주택","floors":2.0,"height":7.4,"heightSource":"estimated","heightRaw":0.0,"sourceDate":"2026-09-09"},"geometry":{"type":"Polygon","coordinates":[[[126.92041876,37.51150481],[126.92039678,37.5114402],[126.92036125,37.51144792],[126.92035945,37.51144269],[126.92030922,37.51145356],[126.92033312,37.51152341],[126.92041876,37.51150481]]]}},{"type":"Feature","id":"seoul-building-505117","properties":{"id":"seoul-building-505117","sourceId":"1967192911294453624800000000","pnu":"1156013200100890157","name":"서울특별시 영등포구 신길동","address":"서울특별시 영등포구 신길동","useName":"단독주택","floors":1.0,"height":4.2,"heightSource":"estimated","heightRaw":0.0,"sourceDate":"2026-09-09"},"geometry":{"type":"Polygon","coordinates":[[[126.9206912,37.51046371],[126.92067529,37.51043126],[126.92060514,37.51045302],[126.92058064,37.51041174],[126.920545,37.51042514],[126.92058247,37.5104976],[126.9206912,37.51046371]]]}},{"type":"Feature","id":"seoul-building-505119","properties":{"id":"seoul-building-505119","sourceId":"2004192860024456187000000000","pnu":"1156013200100950161","name":"서울특별시 영등포구 신길동","address":"서울특별시 영등포구 신길동","useName":"단독주택","floors":3.0,"height":8.9,"heightSource":"measured","heightRaw":8.9,"sourceDate":"2026-09-09"},"geometry":{"type":"Polygon","coordinates":[[[126.92006653,37.51279166],[126.92005088,37.51272858],[126.91999239,37.51273782],[126.9200085,37.51280081],[126.92006653,37.51279166]]]}},{"type":"Feature","id":"seoul-building-505121","properties":{"id":"seoul-building-505121","sourceId":"1992193083214459382100000000","pnu":"1156013200100090048","name":"서울특별시 영등포구 신길동","address":"서울특별시 영등포구 신길동","useName":"단독주택","floors":3.0,"height":9.4,"heightSource":"measured","heightRaw":9.4,"sourceDate":"2026-09-09"},"geometry":{"type":"Polygon","coordinates":[[[126.92264598,37.51564154],[126.92261617,37.51559008],[126.92245617,37.51564881],[126.92248598,37.51570027],[126.92264598,37.51564154]]]}},{"type":"Feature","id":"seoul-building-505122","properties":{"id":"seoul-building-505122","sourceId":"1991193064884459629300000000","pnu":"1156013200100100029","name":"서울특별시 영등포구 신길동","address":"서울특별시 영등포구 신길동","useName":"단독주택","floors":2.0,"height":7.4,"heightSource":"estimated","heightRaw":0.0,"sourceDate":"2026-09-09"},"geometry":{"type":"Polygon","coordinates":[[[126.92241915,37.51589169],[126.9223714,37.51580669],[126.92226741,37.51584375],[126.92231652,37.51592911],[126.92241915,37.51589169]]]}},{"type":"Feature","id":"seoul-building-505124","properties":{"id":"seoul-building-505124","sourceId":"1993193074914459552100000000","pnu":"1156013200100100024","name":"서울특별시 영등포구 신길동","address":"서울특별시 영등포구 신길동","useName":"단독주택","floors":3.0,"height":9.4,"heightSource":"measured","heightRaw":9.4,"sourceDate":"2026-09-09"},"geometry":{"type":"Polygon","coordinates":[[[126.92253989,37.51579641],[126.92252561,37.51576643],[126.92249234,37.51577641],[126.92247292,37.51574477],[126.92237199,37.51578029],[126.92239129,37.515815],[126.92239627,37.51581329],[126.92241467,37.51585231],[126.92254825,37.51581215],[126.92253989,37.51579641]]]}},{"type":"Feature","id":"seoul-building-505152","properties":{"id":"seoul-building-505152","sourceId":"1985193134684458657400000000","pnu":"1156013200100080018","name":"서울특별시 영등포구 신길동","address":"서울특별시 영등포구 신길동","useName":"","floors":0.0,"height":0,"heightSource":"unknown","heightRaw":0.0,"sourceDate":"2026-09-09"},"geometry":{"type":"Polygon","coordinates":[[[126.92317514,37.51496461],[126.9231083,37.51495573],[126.92310785,37.51495722],[126.92310016,37.51498307],[126.92308991,37.51501744],[126.92316138,37.51503082],[126.92317514,37.51496461]]]}},{"type":"Feature","id":"seoul-building-505153","properties":{"id":"seoul-building-505153","sourceId":"1990193050294459256900000000","pnu":"1156013200100070032","name":"서울특별시 영등포구 신길동","address":"서울특별시 영등포구 신길동","useName":"단독주택","floors":2.0,"height":7.4,"heightSource":"estimated","heightRaw":0.0,"sourceDate":"2026-09-09"},"geometry":{"type":"Polygon","coordinates":[[[126.92225866,37.51555614],[126.92223326,37.51551215],[126.92222012,37.51551692],[126.92219528,37.51547393],[126.92216563,37.51548472],[126.92216225,37.51547886],[126.92210363,37.51550036],[126.92215727,37.51559329],[126.92225866,37.51555614]]]}},{"type":"Feature","id":"seoul-building-505179","properties":{"id":"seoul-building-505179","sourceId":"1991192890994454159000000000","pnu":"1156013200100900016","name":"서울특별시 영등포구 신길동","address":"서울특별시 영등포구 신길동","useName":"단독주택","floors":2.0,"height":7.4,"heightSource":"estimated","heightRaw":0.0,"sourceDate":"2026-09-09"},"geometry":{"type":"Polygon","coordinates":[[[126.92044687,37.51091973],[126.92042688,37.51088971],[126.92040538,37.51089979],[126.92040177,37.51089492],[126.92038457,37.51090301],[126.9203831,37.51090067],[126.92030977,37.51093071],[126.9203476,37.5109893],[126.92043778,37.51095243],[126.92042988,37.51094242],[126.92044685,37.51093396],[126.92044687,37.51091973]]]}},{"type":"Feature","id":"seoul-building-505202","properties":{"id":"seoul-building-505202","sourceId":"1994192911914454760000000000","pnu":"1156013200100880027","name":"서울특별시 영등포구 신길동","address":"서울특별시 영등포구 신길동","useName":"단독주택","floors":3.0,"height":10.6,"heightSource":"estimated","heightRaw":0.0,"sourceDate":"2026-09-09"},"geometry":{"type":"Polygon","coordinates":[[[126.92065854,37.51151552],[126.92065274,37.51143902],[126.92057525,37.511445],[126.92058445,37.51151934],[126.92065854,37.51151552]]]}},{"type":"Feature","id":"seoul-building-505204","properties":{"id":"seoul-building-505204","sourceId":"1975193095454458471700000000","pnu":"1156013200100040019","name":"서울특별시 영등포구 신길동","address":"서울특별시 영등포구 신길동","useName":"단독주택","floors":2.0,"height":6.5,"heightSource":"measured","heightRaw":6.5,"sourceDate":"2026-09-09"},"geometry":{"type":"Polygon","coordinates":[[[126.92273164,37.51484538],[126.92273066,37.5148079],[126.92270035,37.5148086],[126.92270013,37.5148013],[126.92265206,37.51480226],[126.92265337,37.51484668],[126.92273164,37.51484538]]]}},{"type":"Feature","id":"seoul-building-505205","properties":{"id":"seoul-building-505205","sourceId":"1985193183964458917900000000","pnu":"1156013200100090016","name":"서울특별시 영등포구 신길동","address":"서울특별시 영등포구 신길동","useName":"단독주택","floors":1.0,"height":4.2,"heightSource":"estimated","heightRaw":0.0,"sourceDate":"2026-09-09"},"geometry":{"type":"Polygon","coordinates":[[[126.92372422,37.51526589],[126.92372344,37.51518945],[126.92365925,37.51519449],[126.92365376,37.51525846],[126.92372422,37.51526589]]]}},{"type":"Feature","id":"seoul-building-505206","properties":{"id":"seoul-building-505206","sourceId":"1967193103964459435000000000","pnu":"1156013200100090101","name":"서울특별시 영등포구 신길동","address":"서울특별시 영등포구 신길동","useName":"공동주택","floors":2.0,"height":6.9,"heightSource":"estimated","heightRaw":0.0,"sourceDate":"2026-09-09"},"geometry":{"type":"Polygon","coordinates":[[[126.92288354,37.51572396],[126.92281004,37.51559687],[126.92270253,37.51564465],[126.92272263,37.51567881],[126.92277265,37.51566019],[126.92278281,37.51567759],[126.92269704,37.5157096],[126.92273983,37.51578315],[126.92288354,37.51572396]]]}},{"type":"Feature","id":"seoul-building-505207","properties":{"id":"seoul-building-505207","sourceId":"1993193069194459465300000000","pnu":"1156013200100100032","name":"서울특별시 영등포구 신길동","address":"서울특별시 영등포구 신길동","useName":"단독주택","floors":2.0,"height":7.4,"heightSource":"estimated","heightRaw":0.0,"sourceDate":"2026-09-09"},"geometry":{"type":"Polygon","coordinates":[[[126.9224649,37.51573495],[126.92244672,37.51570493],[126.92243439,37.51570799],[126.92241102,37.51566914],[126.92232513,37.51570206],[126.92236544,37.51576984],[126.9224649,37.51573495]]]}},{"type":"Feature","id":"seoul-building-505208","properties":{"id":"seoul-building-505208","sourceId":"1993193064314459375300000000","pnu":"1156013200100100033","name":"서울특별시 영등포구 신길동","address":"서울특별시 영등포구 신길동","useName":"단독주택","floors":2.0,"height":7.4,"heightSource":"estimated","heightRaw":0.0,"sourceDate":"2026-09-09"},"geometry":{"type":"Polygon","coordinates":[[[126.92240074,37.51565453],[126.9223602,37.51558819],[126.92227294,37.51562345],[126.92231553,37.5156898],[126.92240074,37.51565453]]]}},{"type":"Feature","id":"seoul-building-505273","properties":{"id":"seoul-building-505273","sourceId":"0000193277474458398700000000","pnu":"1156013200100010006","name":"서울특별시 영등포구 신길동","address":"서울특별시 영등포구 신길동","useName":"","floors":0.0,"height":0,"heightSource":"unknown","heightRaw":0.0,"sourceDate":"2026-09-09"},"geometry":{"type":"Polygon","coordinates":[[[126.92479215,37.51477499],[126.92476608,37.51472434],[126.92470486,37.51474673],[126.9247349,37.51479703],[126.92479215,37.51477499]]]}},{"type":"Feature","id":"seoul-building-505274","properties":{"id":"seoul-building-505274","sourceId":"0000193286294458349900000000","pnu":"1156013200100010004","name":"서울특별시 영등포구 신길동","address":"서울특별시 영등포구 신길동","useName":"","floors":0.0,"height":0,"heightSource":"unknown","heightRaw":0.0,"sourceDate":"2026-09-09"},"geometry":{"type":"Polygon","coordinates":[[[126.924907,37.51473686],[126.92484531,37.51467448],[126.92479495,37.51469724],[126.92484556,37.51475665],[126.924907,37.51473686]]]}},{"type":"Feature","id":"seoul-building-505285","properties":{"id":"seoul-building-505285","sourceId":"1993192947274453263700000000","pnu":"1156013200100890199","name":"서울특별시 영등포구 신길동","address":"서울특별시 영등포구 신길동","useName":"단독주택","floors":2.0,"height":7.4,"heightSource":"estimated","heightRaw":0.0,"sourceDate":"2026-09-09"},"geometry":{"type":"Polygon","coordinates":[[[126.92107466,37.51012068],[126.92104247,37.51007408],[126.92099721,37.51008864],[126.92100196,37.51009784],[126.92095669,37.51011781],[126.92099982,37.51019082],[126.92104836,37.51017265],[126.92107466,37.51012068]]]}},{"type":"Feature","id":"seoul-building-505300","properties":{"id":"seoul-building-505300","sourceId":"1988192939264454859000000000","pnu":"1156013200100890098","name":"서울특별시 영등포구 신길동","address":"서울특별시 영등포구 신길동","useName":"단독주택","floors":2.0,"height":7.4,"heightSource":"estimated","heightRaw":0.0,"sourceDate":"2026-09-09"},"geometry":{"type":"Polygon","coordinates":[[[126.92098466,37.51159584],[126.92098438,37.51154132],[126.92086968,37.5115417],[126.92086997,37.51159621],[126.92098466,37.51159584]]]}},{"type":"Feature","id":"seoul-building-505387","properties":{"id":"seoul-building-505387","sourceId":"2000192976414453394100000000","pnu":"1156013200104640003","name":"서울특별시 영등포구 신길동","address":"서울특별시 영등포구 신길동","useName":"단독주택","floors":3.0,"height":7.9,"heightSource":"measured","heightRaw":7.9,"sourceDate":"2026-09-09"},"geometry":{"type":"Polygon","coordinates":[[[126.92142932,37.51026995],[126.92141581,37.51019326],[126.92127227,37.51020416],[126.92127609,37.51023407],[126.92127213,37.51023443],[126.92128099,37.51030553],[126.92141685,37.51029598],[126.92141595,37.51028625],[126.92142025,37.51028256],[126.9214206,37.51028021],[126.92142037,37.51027715],[126.92142037,37.51027598],[126.92142128,37.51027391],[126.92140963,37.51027057],[126.92142932,37.51026995]]]}},{"type":"Feature","id":"seoul-building-505455","properties":{"id":"seoul-building-505455","sourceId":"1995193004984453230700000000","pnu":"1156013200104560031","name":"서울특별시 영등포구 신길동","address":"서울특별시 영등포구 신길동","useName":"단독주택","floors":3.0,"height":7.2,"heightSource":"measured","heightRaw":7.2,"sourceDate":"2026-09-09"},"geometry":{"type":"Polygon","coordinates":[[[126.92171137,37.51006921],[126.92166828,37.51006765],[126.92166874,37.51006035],[126.92162825,37.51005897],[126.92162779,37.51006771],[126.92162474,37.51006753],[126.92162093,37.51013762],[126.92171278,37.51014093],[126.92172398,37.51012832],[126.92172642,37.51008075],[126.92171137,37.51006921]]]}},{"type":"Feature","id":"seoul-building-505587","properties":{"id":"seoul-building-505587","sourceId":"1989192996544453542600000000","pnu":"1156013200104650026","name":"서울특별시 영등포구 신길동","address":"서울특별시 영등포구 신길동","useName":"단독주택","floors":3.0,"height":9.7,"heightSource":"measured","heightRaw":9.7,"sourceDate":"2026-09-09"},"geometry":{"type":"Polygon","coordinates":[[[126.92163399,37.51041695],[126.92163745,37.51035045],[126.9215878,37.5103488],[126.92158746,37.51035403],[126.92151621,37.51035164],[126.92151297,37.5104129],[126.92163399,37.51041695]]]}},{"type":"Feature","id":"seoul-building-505629","properties":{"id":"seoul-building-505629","sourceId":"2022193232694458659600000000","pnu":"1156013200100010014","name":"신비빌 대방A","address":"서울특별시 영등포구 신길동","useName":"공동주택","floors":5.0,"height":16.4,"heightSource":"measured","heightRaw":16.4,"sourceDate":"2026-09-09"},"geometry":{"type":"Polygon","coordinates":[[[126.9242294,37.51507369],[126.92426802,37.51505672],[126.92426885,37.51505791],[126.92433323,37.51502961],[126.92425481,37.5149164],[126.92415181,37.51496168],[126.9242294,37.51507369]]]}},{"type":"Feature","id":"seoul-building-505683","properties":{"id":"seoul-building-505683","sourceId":"1989193007874453544900000000","pnu":"1156013200104650025","name":"서울특별시 영등포구 신길동","address":"서울특별시 영등포구 신길동","useName":"단독주택","floors":2.0,"height":7.4,"heightSource":"estimated","heightRaw":0.0,"sourceDate":"2026-09-09"},"geometry":{"type":"Polygon","coordinates":[[[126.92176032,37.51042856],[126.92176593,37.51035964],[126.92172714,37.51035763],[126.92172863,37.51033871],[126.92166213,37.51033525],[126.92165961,37.5103657],[126.92164943,37.51036523],[126.92164473,37.51042254],[126.92176032,37.51042856]]]}},{"type":"Feature","id":"seoul-building-505978","properties":{"id":"seoul-building-505978","sourceId":"0000193290984458451100000000","pnu":"1156013200100010004","name":"서울특별시 영등포구 신길동","address":"서울특별시 영등포구 신길동","useName":"단독주택","floors":2.0,"height":7.4,"heightSource":"estimated","heightRaw":0.0,"sourceDate":"2026-09-09"},"geometry":{"type":"Polygon","coordinates":[[[126.92490608,37.51486075],[126.9249475,37.51484366],[126.92494558,37.5148405],[126.92498055,37.51482611],[126.92494248,37.51477004],[126.92492845,37.51477526],[126.92491423,37.51475101],[126.92482608,37.51478375],[126.92487102,37.51486046],[126.92489885,37.51485011],[126.92490608,37.51486075]]]}},{"type":"Feature","id":"seoul-building-505982","properties":{"id":"seoul-building-505982","sourceId":"1985192976244453275800000000","pnu":"1156013200104640013","name":"서울특별시 영등포구 신길동","address":"서울특별시 영등포구 신길동","useName":"단독주택","floors":2.0,"height":7.4,"heightSource":"estimated","heightRaw":0.0,"sourceDate":"2026-09-09"},"geometry":{"type":"Polygon","coordinates":[[[126.92138224,37.51017883],[126.92138236,37.51017009],[126.92141821,37.51017029],[126.92141872,37.51012317],[126.92139168,37.51012306],[126.92139181,37.51011009],[126.92134295,37.51010978],[126.92134295,37.51010582],[126.92128493,37.51010551],[126.92128467,37.51014425],[126.92128093,37.51014416],[126.92128011,37.51017209],[126.92131302,37.51017274],[126.92133304,37.51017852],[126.92138224,37.51017883]]]}},{"type":"Feature","id":"seoul-building-506036","properties":{"id":"seoul-building-506036","sourceId":"1993192950994453485600000000","pnu":"1156013200100890033","name":"서울특별시 영등포구 신길동","address":"서울특별시 영등포구 신길동","useName":"단독주택","floors":2.0,"height":7.4,"heightSource":"estimated","heightRaw":0.0,"sourceDate":"2026-09-09"},"geometry":{"type":"Polygon","coordinates":[[[126.92109805,37.51036262],[126.92109885,37.51034541],[126.92110699,37.51034559],[126.92110884,37.51030397],[126.92101825,37.51030129],[126.92101559,37.51036022],[126.92109805,37.51036262]]]}},{"type":"Feature","id":"seoul-building-506044","properties":{"id":"seoul-building-506044","sourceId":"1994192942594453160700000000","pnu":"1156013200100890193","name":"서울특별시 영등포구 신길동","address":"서울특별시 영등포구 신길동","useName":"단독주택","floors":3.0,"height":10.6,"heightSource":"estimated","heightRaw":0.0,"sourceDate":"2026-09-09"},"geometry":{"type":"Polygon","coordinates":[[[126.9210383,37.51005849],[126.9209763,37.50997024],[126.9209255,37.50999291],[126.92093589,37.51000769],[126.9209059,37.5100211],[126.92092882,37.51005382],[126.92090993,37.51006228],[126.9209385,37.51010302],[126.9210383,37.51005849]]]}},{"type":"Feature","id":"seoul-building-506076","properties":{"id":"seoul-building-506076","sourceId":"1990193170294458366300000000","pnu":"1156013200100040010","name":"서울특별시 영등포구 신길동","address":"서울특별시 영등포구 신길동","useName":"단독주택","floors":2.0,"height":7.4,"heightSource":"estimated","heightRaw":0.0,"sourceDate":"2026-09-09"},"geometry":{"type":"Polygon","coordinates":[[[126.92357756,37.51477575],[126.9235837,37.51474142],[126.92359558,37.51474278],[126.92360274,37.51470269],[126.92355343,37.51469707],[126.92355434,37.51469221],[126.92349123,37.51468496],[126.92347701,37.51476433],[126.92357756,37.51477575]]]}},{"type":"Feature","id":"seoul-building-506092","properties":{"id":"seoul-building-506092","sourceId":"1994192960824454029500000000","pnu":"1156013200104650013","name":"서울특별시 영등포구 신길동","address":"서울특별시 영등포구 신길동","useName":"단독주택","floors":2.0,"height":7.6,"heightSource":"measured","heightRaw":7.6,"sourceDate":"2026-09-09"},"geometry":{"type":"Polygon","coordinates":[[[126.92122001,37.5108597],[126.92122005,37.51081761],[126.9212136,37.51081761],[126.92121353,37.51078005],[126.92116874,37.5107801],[126.92116863,37.51078343],[126.92112644,37.51078305],[126.92112534,37.51086053],[126.92122001,37.5108597]]]}},{"type":"Feature","id":"seoul-building-506114","properties":{"id":"seoul-building-506114","sourceId":"0000192973964453534300000000","pnu":"1156013200104640007","name":"서울특별시 영등포구 신길동","address":"서울특별시 영등포구 신길동","useName":"","floors":0.0,"height":0,"heightSource":"unknown","heightRaw":0.0,"sourceDate":"2026-09-09"},"geometry":{"type":"Polygon","coordinates":[[[126.92136786,37.51041524],[126.92136229,37.51033126],[126.92127565,37.5103349],[126.92127843,37.51037806],[126.92127504,37.51037814],[126.92127771,37.51041905],[126.92136786,37.51041524]]]}},{"type":"Feature","id":"seoul-building-506115","properties":{"id":"seoul-building-506115","sourceId":"1991192981344453619500000000","pnu":"1156013200104640005","name":"서울특별시 영등포구 신길동","address":"서울특별시 영등포구 신길동","useName":"단독주택","floors":2.0,"height":7.4,"heightSource":"estimated","heightRaw":0.0,"sourceDate":"2026-09-09"},"geometry":{"type":"Polygon","coordinates":[[[126.9214478,37.51044007],[126.92142735,37.51041321],[126.92139544,37.51042868],[126.9213872,37.51041786],[126.92135302,37.51043442],[126.9214,37.51049977],[126.92142456,37.51048862],[126.9214478,37.51044007]]]}},{"type":"Feature","id":"seoul-building-506150","properties":{"id":"seoul-building-506150","sourceId":"1991193208984458713800000000","pnu":"1156013200100010019","name":"서울특별시 영등포구 신길동","address":"서울특별시 영등포구 신길동","useName":"단독주택","floors":2.0,"height":7.4,"heightSource":"estimated","heightRaw":0.0,"sourceDate":"2026-09-09"},"geometry":{"type":"Polygon","coordinates":[[[126.92400504,37.51507992],[126.92400368,37.51507767],[126.92403446,37.5150658],[126.92402724,37.51505381],[126.92403742,37.51504985],[126.92400027,37.51498856],[126.92390737,37.51502437],[126.92392713,37.515057],[126.92392396,37.51505825],[126.92394886,37.51509938],[126.92400504,37.51507992]]]}},{"type":"Feature","id":"seoul-building-506180","properties":{"id":"seoul-building-506180","sourceId":"1993192949714453601200000000","pnu":"1156013200100890004","name":"서울특별시 영등포구 신길동","address":"서울특별시 영등포구 신길동","useName":"단독주택","floors":2.0,"height":7.4,"heightSource":"estimated","heightRaw":0.0,"sourceDate":"2026-09-09"},"geometry":{"type":"Polygon","coordinates":[[[126.92112193,37.51045183],[126.92109949,37.51037406],[126.92101431,37.51038977],[126.92101634,37.51039662],[126.92098059,37.51040317],[126.92098837,37.51043012],[126.92098316,37.5104311],[126.92099129,37.51045922],[126.92098846,37.51045968],[126.92100142,37.51050465],[126.92106771,37.51049244],[126.92105937,37.51046332],[126.92112193,37.51045183]]]}},{"type":"Feature","id":"seoul-building-506186","properties":{"id":"seoul-building-506186","sourceId":"1996193222744458722800000000","pnu":"1156013200100010015","name":"서울특별시 영등포구 신길동","address":"서울특별시 영등포구 신길동","useName":"단독주택","floors":2.0,"height":7.6,"heightSource":"measured","heightRaw":7.6,"sourceDate":"2026-09-09"},"geometry":{"type":"Polygon","coordinates":[[[126.92417465,37.51502138],[126.9241488,37.51497767],[126.92411236,37.51499134],[126.92411462,37.51499503],[126.92405103,37.51501851],[126.92411426,37.51512676],[126.92419641,37.51509636],[126.92418353,37.51507437],[126.92420062,37.51506807],[126.92419972,37.51506654],[126.9241733,37.51502192],[126.92417465,37.51502138]]]}},{"type":"Feature","id":"seoul-building-506187","properties":{"id":"seoul-building-506187","sourceId":"1992193159334458436500000000","pnu":"1156013200100040072","name":"서울특별시 영등포구 신길동","address":"서울특별시 영등포구 신길동","useName":"단독주택","floors":3.0,"height":9.8,"heightSource":"measured","heightRaw":9.8,"sourceDate":"2026-09-09"},"geometry":{"type":"Polygon","coordinates":[[[126.92345101,37.51486387],[126.92347433,37.51473648],[126.92337028,37.51472443],[126.92336163,37.51477173],[126.92337204,37.51477291],[126.92336033,37.5148311],[126.92335173,37.51482993],[126.9233473,37.51485182],[126.92345101,37.51486387]]]}},{"type":"Feature","id":"seoul-building-506188","properties":{"id":"seoul-building-506188","sourceId":"1993193131324458328600000000","pnu":"1156013200100040071","name":"서울특별시 영등포구 신길동","address":"서울특별시 영등포구 신길동","useName":"단독주택","floors":3.0,"height":10.2,"heightSource":"measured","heightRaw":10.2,"sourceDate":"2026-09-09"},"geometry":{"type":"Polygon","coordinates":[[[126.92317477,37.51467033],[126.92303,37.51465357],[126.92301805,37.5147225],[126.92316214,37.51473898],[126.92317477,37.51467033]]]}},{"type":"Feature","id":"seoul-building-506199","properties":{"id":"seoul-building-506199","sourceId":"1993193014004453183300000000","pnu":"1156013200104560044","name":"서울특별시 영등포구 신길동","address":"서울특별시 영등포구 신길동","useName":"단독주택","floors":2.0,"height":7.6,"heightSource":"measured","heightRaw":7.6,"sourceDate":"2026-09-09"},"geometry":{"type":"Polygon","coordinates":[[[126.92177415,37.51012253],[126.92177574,37.51011172],[126.92180039,37.51011398],[126.92181466,37.51001496],[126.92181498,37.51001272],[126.9218015,37.51001128],[126.92174871,37.51000565],[126.92174144,37.5100306],[126.92173794,37.51003051],[126.9217362,37.51007241],[126.92173992,37.51008295],[126.92175018,37.51011098],[126.92175583,37.51011486],[126.92177415,37.51012253]]]}},{"type":"Feature","id":"seoul-building-506200","properties":{"id":"seoul-building-506200","sourceId":"1991193180464458426200000000","pnu":"1156013200100040009","name":"서울특별시 영등포구 신길동","address":"서울특별시 영등포구 신길동","useName":"단독주택","floors":2.0,"height":7.4,"heightSource":"estimated","heightRaw":0.0,"sourceDate":"2026-09-09"},"geometry":{"type":"Polygon","coordinates":[[[126.92371404,37.51481908],[126.92371284,37.51476935],[126.92369904,37.51476961],[126.92369829,37.51473662],[126.92363619,37.51473758],[126.92363629,37.51474407],[126.9235915,37.51474467],[126.92359161,37.51474764],[126.92359372,37.51478513],[126.92360074,37.51478486],[126.92360453,37.5148355],[126.92365407,37.5148331],[126.92365374,37.51482878],[126.92367681,37.51482771],[126.92367964,37.51482636],[126.92368157,37.5148242],[126.92368168,37.51482276],[126.92368169,37.51481951],[126.92371404,37.51481908]]]}},{"type":"Feature","id":"seoul-building-506266","properties":{"id":"seoul-building-506266","sourceId":"1988193277624457846700000000","pnu":"1156013200114020000","name":"서울특별시 영등포구 신길동","address":"서울특별시 영등포구 신길동","useName":"단독주택","floors":2.0,"height":7.4,"heightSource":"estimated","heightRaw":0.0,"sourceDate":"2026-09-09"},"geometry":{"type":"Polygon","coordinates":[[[126.92481515,37.51428523],[126.92479676,37.51424413],[126.92479133,37.51424566],[126.92477756,37.51421474],[126.92468965,37.51423964],[126.92472181,37.51431165],[126.92481515,37.51428523]]]}},{"type":"Feature","id":"seoul-building-506289","properties":{"id":"seoul-building-506289","sourceId":"1983192966824453718600000000","pnu":"1156013200104640001","name":"서울특별시 영등포구 신길동","address":"서울특별시 영등포구 신길동","useName":"단독주택","floors":2.0,"height":7.4,"heightSource":"estimated","heightRaw":0.0,"sourceDate":"2026-09-09"},"geometry":{"type":"Polygon","coordinates":[[[126.92130232,37.51056953],[126.92129149,37.51053826],[126.9212829,37.51054015],[126.92127647,37.51052158],[126.92126979,37.51052302],[126.92125784,37.51048832],[126.92121112,37.51049865],[126.92121428,37.51050785],[126.92118373,37.51051458],[126.92120989,37.51058992],[126.92130232,37.51056953]]]}},{"type":"Feature","id":"seoul-building-506291","properties":{"id":"seoul-building-506291","sourceId":"1990192964024454310500000000","pnu":"1156013200100890162","name":"서울특별시 영등포구 신길동","address":"서울특별시 영등포구 신길동","useName":"단독주택","floors":2.0,"height":7.4,"heightSource":"estimated","heightRaw":0.0,"sourceDate":"2026-09-09"},"geometry":{"type":"Polygon","coordinates":[[[126.92130159,37.51106563],[126.92129623,37.51100301],[126.92116482,37.51101014],[126.9211665,37.51106474],[126.92113224,37.51106707],[126.92113918,37.51117157],[126.92120625,37.51116801],[126.92119977,37.51109232],[126.92128347,37.51108778],[126.92128169,37.5110667],[126.92130159,37.51106563]]]}},{"type":"Feature","id":"seoul-building-506297","properties":{"id":"seoul-building-506297","sourceId":"1990193277854458281700000000","pnu":"1156013200100010005","name":"서울특별시 영등포구 신길동","address":"서울특별시 영등포구 신길동","useName":"단독주택","floors":3.0,"height":9.3,"heightSource":"measured","heightRaw":9.3,"sourceDate":"2026-09-09"},"geometry":{"type":"Polygon","coordinates":[[[126.92484339,37.51466618],[126.92481459,37.51462409],[126.92479728,37.51463165],[126.9247739,37.51459748],[126.92473373,37.51461485],[126.92472932,37.51460845],[126.92466946,37.51463445],[126.92472593,37.5147171],[126.92484339,37.51466618]]]}},{"type":"Feature","id":"seoul-building-506298","properties":{"id":"seoul-building-506298","sourceId":"1987193277164458181400000000","pnu":"1156013200100010071","name":"서울특별시 영등포구 신길동","address":"서울특별시 영등포구 신길동","useName":"단독주택","floors":2.0,"height":7.4,"heightSource":"estimated","heightRaw":0.0,"sourceDate":"2026-09-09"},"geometry":{"type":"Polygon","coordinates":[[[126.92468442,37.51460562],[126.92470864,37.51459474],[126.9247144,37.51460285],[126.92476905,37.51458144],[126.92477436,37.5145901],[126.92482438,37.51456914],[126.92478993,37.51451713],[126.92466148,37.5145711],[126.92468442,37.51460562]]]}},{"type":"Feature","id":"seoul-building-506304","properties":{"id":"seoul-building-506304","sourceId":"1983192889734453259700000000","pnu":"1156013200100890056","name":"서울특별시 영등포구 신길동","address":"서울특별시 영등포구 신길동","useName":"단독주택","floors":2.0,"height":7.4,"heightSource":"estimated","heightRaw":0.0,"sourceDate":"2026-09-09"},"geometry":{"type":"Polygon","coordinates":[[[126.92037685,37.51018076],[126.92043822,37.51011809],[126.92036442,37.51007227],[126.92029783,37.51014025],[126.92033525,37.51016352],[126.92034057,37.51015812],[126.92037685,37.51018076]]]}},{"type":"Feature","id":"seoul-building-506306","properties":{"id":"seoul-building-506306","sourceId":"1993193132614458232700000000","pnu":"1156013200100040070","name":"서울특별시 영등포구 신길동","address":"서울특별시 영등포구 신길동","useName":"단독주택","floors":2.0,"height":7.6,"heightSource":"measured","heightRaw":7.6,"sourceDate":"2026-09-09"},"geometry":{"type":"Polygon","coordinates":[[[126.92319221,37.51464656],[126.92319768,37.51461052],[126.92316713,37.51460744],[126.92316966,37.51458014],[126.92304592,37.51456799],[126.92303442,37.51463672],[126.92311914,37.5146457],[126.9231196,37.51463957],[126.92319221,37.51464656]]]}},{"type":"Feature","id":"seoul-building-506307","properties":{"id":"seoul-building-506307","sourceId":"1991193202694458626800000000","pnu":"1156013200100010021","name":"서울특별시 영등포구 신길동","address":"서울특별시 영등포구 신길동","useName":"단독주택","floors":3.0,"height":9.4,"heightSource":"measured","heightRaw":9.4,"sourceDate":"2026-09-09"},"geometry":{"type":"Polygon","coordinates":[[[126.92390228,37.51502103],[126.92398659,37.51498378],[126.92398433,37.51497945],[126.9239884,37.51497819],[126.92395757,37.51493231],[126.92394886,37.51493609],[126.9239265,37.51490292],[126.92383721,37.51494116],[126.92384218,37.51494846],[126.92381695,37.51495953],[126.92383739,37.51499306],[126.92384202,37.51499108],[126.92386043,37.51501758],[126.92389065,37.51500426],[126.92390228,37.51502103]]]}},{"type":"Feature","id":"seoul-building-506308","properties":{"id":"seoul-building-506308","sourceId":"1991193169054458475300000000","pnu":"1156013200100040083","name":"서울특별시 영등포구 신길동","address":"서울특별시 영등포구 신길동","useName":"단독주택","floors":3.0,"height":9.4,"heightSource":"measured","heightRaw":9.4,"sourceDate":"2026-09-09"},"geometry":{"type":"Polygon","coordinates":[[[126.92352642,37.51489257],[126.92353222,37.51486717],[126.92356264,37.51487151],[126.92356639,37.5148553],[126.9235907,37.51485883],[126.92359854,37.51482441],[126.92358565,37.51482251],[126.9235927,37.51479179],[126.92358671,37.51478557],[126.9235262,37.51478004],[126.92352643,37.51477742],[126.92347542,37.51477072],[126.9234536,37.5148754],[126.9234994,37.51488048],[126.92349792,37.5148894],[126.92352642,37.51489257]]]}},{"type":"Feature","id":"seoul-building-506337","properties":{"id":"seoul-building-506337","sourceId":"1991193274654457756500000000","pnu":"1156013200114030000","name":"서울특별시 영등포구 신길동","address":"서울특별시 영등포구 신길동","useName":"단독주택","floors":2.0,"height":7.4,"heightSource":"estimated","heightRaw":0.0,"sourceDate":"2026-09-09"},"geometry":{"type":"Polygon","coordinates":[[[126.92468672,37.51422874],[126.92476965,37.51420906],[126.92476694,37.51420167],[126.92477837,37.51419862],[126.92475276,37.51413409],[126.92465568,37.51415997],[126.92468152,37.51422477],[126.92468469,37.51422396],[126.92468672,37.51422874]]]}},{"type":"Feature","id":"seoul-building-506355","properties":{"id":"seoul-building-506355","sourceId":"1991193200564458754900000000","pnu":"1156013200100010022","name":"서울특별시 영등포구 신길동","address":"서울특별시 영등포구 신길동","useName":"단독주택","floors":2.0,"height":7.4,"heightSource":"estimated","heightRaw":0.0,"sourceDate":"2026-09-09"},"geometry":{"type":"Polygon","coordinates":[[[126.92394325,37.51511386],[126.92389685,37.51502094],[126.92383892,37.51503919],[126.92384219,37.5150464],[126.9238164,37.51505377],[126.92384878,37.51512587],[126.92387536,37.51513535],[126.92394325,37.51511386]]]}},{"type":"Feature","id":"seoul-building-506357","properties":{"id":"seoul-building-506357","sourceId":"1988192974794453669300000000","pnu":"1156013200104640002","name":"서울특별시 영등포구 신길동","address":"서울특별시 영등포구 신길동","useName":"단독주택","floors":2.0,"height":7.4,"heightSource":"estimated","heightRaw":0.0,"sourceDate":"2026-09-09"},"geometry":{"type":"Polygon","coordinates":[[[126.92139682,37.51051662],[126.92134216,37.5104409],[126.92126011,37.51047841],[126.92127988,37.51050591],[126.92128565,37.51050321],[126.92132292,37.51055531],[126.92139682,37.51051662]]]}},{"type":"Feature","id":"seoul-building-506370","properties":{"id":"seoul-building-506370","sourceId":"1991192860804453125400000000","pnu":"1156013200101200086","name":"서울특별시 영등포구 신길동","address":"서울특별시 영등포구 신길동","useName":"단독주택","floors":2.0,"height":7.4,"heightSource":"estimated","heightRaw":0.0,"sourceDate":"2026-09-09"},"geometry":{"type":"Polygon","coordinates":[[[126.92012005,37.51001363],[126.92008332,37.50998802],[126.9200789,37.50999198],[126.92000781,37.50994805],[126.91996591,37.50999568],[126.92006424,37.51006433],[126.92012005,37.51001363]]]}},{"type":"Feature","id":"seoul-building-506373","properties":{"id":"seoul-building-506373","sourceId":"1993193129414458462300000000","pnu":"1156013200100040066","name":"서울특별시 영등포구 신길동","address":"서울특별시 영등포구 신길동","useName":"단독주택","floors":2.0,"height":7.4,"heightSource":"estimated","heightRaw":0.0,"sourceDate":"2026-09-09"},"geometry":{"type":"Polygon","coordinates":[[[126.92309065,37.51484995],[126.92309156,37.51484328],[126.92314562,37.51484934],[126.92315507,37.51479619],[126.92300793,37.5147797],[126.92299949,37.51484214],[126.92309065,37.51484995]]]}},{"type":"Feature","id":"seoul-building-506403","properties":{"id":"seoul-building-506403","sourceId":"1991192993854453230200000000","pnu":"1156013200104560075","name":"서울특별시 영등포구 신길동","address":"서울특별시 영등포구 신길동","useName":"단독주택","floors":2.0,"height":7.4,"heightSource":"estimated","heightRaw":0.0,"sourceDate":"2026-09-09"},"geometry":{"type":"Polygon","coordinates":[[[126.92153968,37.51006612],[126.92147838,37.510065],[126.92147732,37.51010383],[126.92151993,37.51013674],[126.92161075,37.51013852],[126.92161262,37.51007986],[126.92157824,37.51007921],[126.92157836,37.51007353],[126.92153968,37.51006612]]]}},{"type":"Feature","id":"seoul-building-506577","properties":{"id":"seoul-building-506577","sourceId":"1987192964574453567400000000","pnu":"1156013200104640008","name":"서울특별시 영등포구 신길동","address":"서울특별시 영등포구 신길동","useName":"단독주택","floors":2.0,"height":7.4,"heightSource":"estimated","heightRaw":0.0,"sourceDate":"2026-09-09"},"geometry":{"type":"Polygon","coordinates":[[[126.92126819,37.51043932],[126.92125187,37.51036245],[126.921159,37.510375],[126.9211734,37.51044241],[126.92121017,37.51043747],[126.92121219,37.51044694],[126.92126819,37.51043932]]]}},{"type":"Feature","id":"seoul-building-506578","properties":{"id":"seoul-building-506578","sourceId":"1995192918954453166100000000","pnu":"1156013200100890068","name":"서울특별시 영등포구 신길동","address":"서울특별시 영등포구 신길동","useName":"단독주택","floors":3.0,"height":7.7,"heightSource":"measured","heightRaw":7.7,"sourceDate":"2026-09-09"},"geometry":{"type":"Polygon","coordinates":[[[126.92067658,37.51007852],[126.92076776,37.51006066],[126.9207504,37.51000442],[126.92062154,37.51003353],[126.92063474,37.51007075],[126.92067071,37.51006257],[126.92067658,37.51007852]]]}},{"type":"Feature","id":"seoul-building-506889","properties":{"id":"seoul-building-506889","sourceId":"1960192885054456923300000000","pnu":"1156013200100950001","name":"서울특별시 영등포구 신길동","address":"서울특별시 영등포구 신길동","useName":"숙박시설","floors":1.0,"height":4.0,"heightSource":"measured","heightRaw":4.0,"sourceDate":"2026-09-09"},"geometry":{"type":"Polygon","coordinates":[[[126.92039509,37.51346259],[126.9203573,37.51335796],[126.92022763,37.51339589],[126.92026746,37.51349782],[126.92039509,37.51346259]]]}},{"type":"Feature","id":"seoul-building-506890","properties":{"id":"seoul-building-506890","sourceId":"0000193160424456801800000000","pnu":"1156013200100700031","name":"서울특별시 영등포구 신길동","address":"서울특별시 영등포구 신길동","useName":"제1종근린생활시설","floors":1.0,"height":4.2,"heightSource":"estimated","heightRaw":0.0,"sourceDate":"2026-09-09"},"geometry":{"type":"Polygon","coordinates":[[[126.92355717,37.51336493],[126.92350143,37.51322641],[126.92329857,37.51327819],[126.9233473,37.51341346],[126.92355717,37.51336493]]]}},{"type":"Feature","id":"seoul-building-506945","properties":{"id":"seoul-building-506945","sourceId":"1960193072594458287900000000","pnu":"1156013200100050013","name":"서울특별시 영등포구 신길동","address":"서울특별시 영등포구 신길동","useName":"","floors":0.0,"height":0,"heightSource":"unknown","heightRaw":0.0,"sourceDate":"2026-09-09"},"geometry":{"type":"Polygon","coordinates":[[[126.92248499,37.51468439],[126.92244266,37.51460525],[126.92237893,37.51464999],[126.92241473,37.51470326],[126.92248499,37.51468439]]]}},{"type":"Feature","id":"seoul-building-506948","properties":{"id":"seoul-building-506948","sourceId":"1985192987214455689300000000","pnu":"1156013200100890167","name":"서울특별시 영등포구 신길동","address":"서울특별시 영등포구 신길동","useName":"단독주택","floors":1.0,"height":4.2,"heightSource":"estimated","heightRaw":0.0,"sourceDate":"2026-09-09"},"geometry":{"type":"Polygon","coordinates":[[[126.9215102,37.51229889],[126.92150864,37.51228302],[126.92143477,37.51229081],[126.92143844,37.51234488],[126.92144906,37.51235768],[126.92147723,37.51235581],[126.9215102,37.51229889]]]}},{"type":"Feature","id":"seoul-building-507047","properties":{"id":"seoul-building-507047","sourceId":"0000192900374457627200000000","pnu":"1156013200100650080","name":"서울특별시 영등포구 신길동","address":"서울특별시 영등포구 신길동","useName":"","floors":0.0,"height":0,"heightSource":"unknown","heightRaw":0.0,"sourceDate":"2026-09-09"},"geometry":{"type":"Polygon","coordinates":[[[126.92052822,37.51409609],[126.92049754,37.51401434],[126.92044267,37.5140254],[126.92047018,37.51411209],[126.92052822,37.51409609]]]}},{"type":"Feature","id":"seoul-building-507048","properties":{"id":"seoul-building-507048","sourceId":"1975192857354459448600000000","pnu":"1156013200100630002","name":"서울특별시 영등포구 신길동","address":"서울특별시 영등포구 신길동","useName":"단독주택","floors":2.0,"height":7.4,"heightSource":"estimated","heightRaw":0.0,"sourceDate":"2026-09-09"},"geometry":{"type":"Polygon","coordinates":[[[126.92011423,37.51568933],[126.92009819,37.51567345],[126.92007818,37.51565362],[126.92004412,37.51566711],[126.92001892,37.51564286],[126.92000998,37.5156488],[126.9199945,37.51563374],[126.91988765,37.51570269],[126.91996855,37.51578275],[126.92011423,37.51568933]]]}},{"type":"Feature","id":"seoul-building-507084","properties":{"id":"seoul-building-507084","sourceId":"0000192895564456863800000000","pnu":"1156013200100950189","name":"서울특별시 영등포구 신길동","address":"서울특별시 영등포구 신길동","useName":"","floors":0.0,"height":0,"heightSource":"unknown","heightRaw":0.0,"sourceDate":"2026-09-09"},"geometry":{"type":"Polygon","coordinates":[[[126.920467,37.51342088],[126.92044036,37.51332017],[126.92039556,37.51332915],[126.92042045,37.51342819],[126.920467,37.51342088]]]}},{"type":"Feature","id":"seoul-building-507085","properties":{"id":"seoul-building-507085","sourceId":"1963193123794456379700000000","pnu":"1156013200104490011","name":"서울특별시 영등포구 신길동","address":"서울특별시 영등포구 신길동","useName":"","floors":0.0,"height":0,"heightSource":"unknown","heightRaw":0.0,"sourceDate":"2026-09-09"},"geometry":{"type":"Polygon","coordinates":[[[126.9230712,37.51298453],[126.92303218,37.51287818],[126.92302356,37.5128802],[126.92295468,37.51289624],[126.92295541,37.51289825],[126.92299348,37.5130025],[126.9230712,37.51298453]]]}},{"type":"Feature","id":"seoul-building-507206","properties":{"id":"seoul-building-507206","sourceId":"2018192889214456339200000000","pnu":"1156013200100950140","name":"KD 빌라","address":"서울특별시 영등포구 신길동","useName":"공동주택","floors":5.0,"height":14.0,"heightSource":"measured","heightRaw":14.0,"sourceDate":"2026-09-09"},"geometry":{"type":"Polygon","coordinates":[[[126.92029328,37.51298544],[126.92046523,37.51294699],[126.92041999,37.51281861],[126.92025567,37.51285536],[126.92028905,37.51295042],[126.92028167,37.51295249],[126.92029328,37.51298544]]]}},{"type":"Feature","id":"seoul-building-507222","properties":{"id":"seoul-building-507222","sourceId":"0000193083564462938500000000","pnu":"1156011000100380002","name":"서울특별시 영등포구 여의도동","address":"서울특별시 영등포구 여의도동","useName":"","floors":0.0,"height":0,"heightSource":"unknown","heightRaw":0.0,"sourceDate":"2026-09-09"},"geometry":{"type":"Polygon","coordinates":[[[126.92262286,37.51886532],[126.92256853,37.51879284],[126.92248886,37.51882739],[126.92250049,37.5188437],[126.92249234,37.51884739],[126.9225261,37.51890616],[126.92262286,37.51886532]]]}},{"type":"Feature","id":"seoul-building-507223","properties":{"id":"seoul-building-507223","sourceId":"0000193030984463404900000000","pnu":"1156011000100380003","name":"서울특별시 영등포구 여의도동","address":"서울특별시 영등포구 여의도동","useName":"","floors":0.0,"height":0,"heightSource":"unknown","heightRaw":0.0,"sourceDate":"2026-09-09"},"geometry":{"type":"Polygon","coordinates":[[[126.9220295,37.51924569],[126.92197252,37.5192088],[126.92188375,37.51929434],[126.92193903,37.51932951],[126.9220295,37.51924569]]]}},{"type":"Feature","id":"seoul-building-507383","properties":{"id":"seoul-building-507383","sourceId":"0000192862114457655500000000","pnu":"1156013200100960011","name":"미주약국","address":"서울특별시 영등포구 신길동","useName":"제1종근린생활시설","floors":3.0,"height":8.45,"heightSource":"measured","heightRaw":8.45,"sourceDate":"2026-09-09"},"geometry":{"type":"Polygon","coordinates":[[[126.92013561,37.51409852],[126.92011248,37.51404067],[126.919968,37.51407724],[126.91999135,37.5141351],[126.92013561,37.51409852]]]}},{"type":"Feature","id":"seoul-building-507444","properties":{"id":"seoul-building-507444","sourceId":"1965193020454457208800000000","pnu":"1156013200100660013","name":"서울특별시 영등포구 신길동","address":"서울특별시 영등포구 신길동","useName":"제2종근린생활시설","floors":2.0,"height":7.4,"heightSource":"estimated","heightRaw":0.0,"sourceDate":"2026-09-09"},"geometry":{"type":"Polygon","coordinates":[[[126.92190407,37.51369218],[126.92189008,37.51365442],[126.92178362,37.5136794],[126.92179737,37.51371968],[126.92190407,37.51369218]]]}},{"type":"Feature","id":"seoul-building-507599","properties":{"id":"seoul-building-507599","sourceId":"0000192903314456006600000000","pnu":"1156013200100950214","name":"서울특별시 영등포구 신길동","address":"서울특별시 영등포구 신길동","useName":"","floors":0.0,"height":0,"heightSource":"unknown","heightRaw":0.0,"sourceDate":"2026-09-09"},"geometry":{"type":"Polygon","coordinates":[[[126.92056894,37.51260081],[126.92056047,37.51258188],[126.92046996,37.51260407],[126.9204782,37.51262309],[126.92056894,37.51260081]]]}},{"type":"Feature","id":"seoul-building-507602","properties":{"id":"seoul-building-507602","sourceId":"1962192964674456560700000000","pnu":"1156013200100650030","name":"서울특별시 영등포구 신길동","address":"서울특별시 영등포구 신길동","useName":"단독주택","floors":2.0,"height":7.4,"heightSource":"estimated","heightRaw":0.0,"sourceDate":"2026-09-09"},"geometry":{"type":"Polygon","coordinates":[[[126.92130326,37.51312208],[126.921286,37.51307972],[126.92121902,37.51309716],[126.921196,37.51304092],[126.92114215,37.51305278],[126.92117812,37.51315606],[126.92130326,37.51312208]]]}},{"type":"Feature","id":"seoul-building-507779","properties":{"id":"seoul-building-507779","sourceId":"1996193109364464009900000000","pnu":"1156011000100380000","name":"서울윤중초등학교","address":"서울특별시 영등포구 여의도동","useName":"교육연구시설","floors":6.0,"height":20.2,"heightSource":"estimated","heightRaw":0.0,"sourceDate":"2026-09-09"},"geometry":{"type":"Polygon","coordinates":[[[126.92251088,37.51961055],[126.92245113,37.5196738],[126.92244963,37.51967539],[126.92255917,37.51974195],[126.92255883,37.51974349],[126.92261399,37.51977749],[126.92263981,37.51975093],[126.9226926,37.51978358],[126.92270166,37.5197743],[126.92285756,37.51987054],[126.92285405,37.51987459],[126.9229168,37.51990995],[126.92293692,37.51992204],[126.92291676,37.5199432],[126.92290227,37.51995877],[126.92291674,37.51996743],[126.92298773,37.52000965],[126.9229849,37.52001388],[126.92309625,37.52008162],[126.92313045,37.52004839],[126.92314616,37.52005877],[126.92317956,37.52002626],[126.92315741,37.52001174],[126.92321221,37.51995817],[126.92306498,37.51986666],[126.92303644,37.51984892],[126.9229166,37.51977444],[126.92256332,37.519555],[126.92251088,37.51961055]]]}},{"type":"Feature","id":"seoul-building-507790","properties":{"id":"seoul-building-507790","sourceId":"1974193032294456051100000000","pnu":"1156013200104680002","name":"서울특별시 영등포구 신길동","address":"서울특별시 영등포구 신길동","useName":"제2종근린생활시설","floors":2.0,"height":7.2,"heightSource":"measured","heightRaw":7.2,"sourceDate":"2026-09-09"},"geometry":{"type":"Polygon","coordinates":[[[126.92205387,37.51266514],[126.92202206,37.51258907],[126.92190156,37.5126235],[126.92193485,37.5126974],[126.92205387,37.51266514]]]}},{"type":"Feature","id":"seoul-building-507804","properties":{"id":"seoul-building-507804","sourceId":"0000192871454456265600000000","pnu":"1156013200100950187","name":"서울특별시 영등포구 신길동","address":"서울특별시 영등포구 신길동","useName":"","floors":0.0,"height":0,"heightSource":"unknown","heightRaw":0.0,"sourceDate":"2026-09-09"},"geometry":{"type":"Polygon","coordinates":[[[126.92012793,37.51281387],[126.92013356,37.51283388],[126.9201434,37.51283217],[126.92015305,37.51286651],[126.92018397,37.51286157],[126.92017136,37.51280849],[126.92012793,37.51281387]]]}},{"type":"Feature","id":"seoul-building-507805","properties":{"id":"seoul-building-507805","sourceId":"0000193006694458986700000000","pnu":"1156013200100070068","name":"서울특별시 영등포구 신길동","address":"서울특별시 영등포구 신길동","useName":"","floors":0.0,"height":0,"heightSource":"unknown","heightRaw":0.0,"sourceDate":"2026-09-09"},"geometry":{"type":"Polygon","coordinates":[[[126.92169454,37.51532275],[126.92167758,37.51529575],[126.92167651,37.5152942],[126.9217228,37.51527567],[126.92171026,37.51525566],[126.92174036,37.5152437],[126.92172613,37.5152299],[126.92164189,37.51530859],[126.92164319,37.51531046],[126.92166244,37.51533645],[126.92169454,37.51532275]]]}},{"type":"Feature","id":"seoul-building-507806","properties":{"id":"seoul-building-507806","sourceId":"1967193063704457293100000000","pnu":"1156013200100690024","name":"서울특별시 영등포구 신길동","address":"서울특별시 영등포구 신길동","useName":"제1종근린생활시설","floors":1.0,"height":4.0,"heightSource":"measured","heightRaw":4.0,"sourceDate":"2026-09-09"},"geometry":{"type":"Polygon","coordinates":[[[126.92239731,37.51372754],[126.92236881,37.51371204],[126.92235991,37.51370211],[126.92232445,37.5137322],[126.92226636,37.51379919],[126.92231577,37.51382058],[126.92239731,37.51372754]]]}},{"type":"Feature","id":"seoul-building-507892","properties":{"id":"seoul-building-507892","sourceId":"0000192887364457590700000000","pnu":"1156013200100650046","name":"서울특별시 영등포구 신길동","address":"서울특별시 영등포구 신길동","useName":"제1종근린생활시설","floors":1.0,"height":4.2,"heightSource":"estimated","heightRaw":0.0,"sourceDate":"2026-09-09"},"geometry":{"type":"Polygon","coordinates":[[[126.92028374,37.51410142],[126.92038829,37.51406788],[126.92039055,37.51407185],[126.92044339,37.51405441],[126.92042386,37.5140216],[126.92039437,37.51399202],[126.92039393,37.51396301],[126.92036905,37.51396273],[126.92024006,37.51400048],[126.92028374,37.51410142]]]}},{"type":"Feature","id":"seoul-building-507906","properties":{"id":"seoul-building-507906","sourceId":"0000193186614456153100000000","pnu":"1156013200113200000","name":"서울특별시 영등포구 신길동","address":"서울특별시 영등포구 신길동","useName":"","floors":0.0,"height":0,"heightSource":"unknown","heightRaw":0.0,"sourceDate":"2026-09-09"},"geometry":{"type":"Polygon","coordinates":[[[126.92378741,37.51274664],[126.92376891,37.5126987],[126.92365883,37.51272962],[126.92367566,37.51277259],[126.92378741,37.51274664]]]}},{"type":"Feature","id":"seoul-building-507907","properties":{"id":"seoul-building-507907","sourceId":"0000193183344456830800000000","pnu":"1156013200100120007","name":"서울특별시 영등포구 신길동","address":"서울특별시 영등포구 신길동","useName":"","floors":0.0,"height":0,"heightSource":"unknown","heightRaw":0.0,"sourceDate":"2026-09-09"},"geometry":{"type":"Polygon","coordinates":[[[126.92378237,37.51336869],[126.92374173,37.51327883],[126.92359261,37.51332667],[126.92362397,37.51341417],[126.92378237,37.51336869]]]}},{"type":"Feature","id":"seoul-building-507909","properties":{"id":"seoul-building-507909","sourceId":"1980192905324456716000000000","pnu":"1156013200100950190","name":"서울특별시 영등포구 신길동","address":"서울특별시 영등포구 신길동","useName":"제2종근린생활시설","floors":3.0,"height":8.4,"heightSource":"measured","heightRaw":8.4,"sourceDate":"2026-09-09"},"geometry":{"type":"Polygon","coordinates":[[[126.92060271,37.51328028],[126.92056866,37.51318358],[126.92049003,37.51320128],[126.92049127,37.51320425],[126.9204829,37.51320641],[126.9205104,37.51329788],[126.92060271,37.51328028]]]}},{"type":"Feature","id":"seoul-building-507972","properties":{"id":"seoul-building-507972","sourceId":"1973192863734456285300000000","pnu":"1156013200100950187","name":"서울특별시 영등포구 신길동","address":"서울특별시 영등포구 신길동","useName":"단독주택","floors":1.0,"height":4.2,"heightSource":"estimated","heightRaw":0.0,"sourceDate":"2026-09-09"},"geometry":{"type":"Polygon","coordinates":[[[126.92015305,37.51286651],[126.9201434,37.51283217],[126.92013356,37.51283388],[126.92012793,37.51281387],[126.92011989,37.51281531],[126.9201191,37.5128126],[126.91999184,37.51282945],[126.92001314,37.51289758],[126.92015467,37.51287245],[126.92015305,37.51286651]]]}},{"type":"Feature","id":"seoul-building-507973","properties":{"id":"seoul-building-507973","sourceId":"0000193070174457213200000000","pnu":"1156013200100690040","name":"서울특별시 영등포구 신길동","address":"서울특별시 영등포구 신길동","useName":"","floors":0.0,"height":0,"heightSource":"unknown","heightRaw":0.0,"sourceDate":"2026-09-09"},"geometry":{"type":"Polygon","coordinates":[[[126.92235991,37.51370211],[126.92236881,37.51371204],[126.92239731,37.51372754],[126.92239968,37.51372882],[126.92246287,37.51365471],[126.92245642,37.51365128],[126.92235277,37.51369411],[126.92235991,37.51370211]]]}},{"type":"Feature","id":"seoul-building-508003","properties":{"id":"seoul-building-508003","sourceId":"2009193040914454593900000000","pnu":"1156013200104530006","name":"서울특별시 영등포구 신길동","address":"서울특별시 영등포구 신길동","useName":"제2종근린생활시설","floors":5.0,"height":13.6,"heightSource":"measured","heightRaw":13.6,"sourceDate":"2026-09-09"},"geometry":{"type":"Polygon","coordinates":[[[126.92216108,37.51137813],[126.92209779,37.51122699],[126.92202391,37.51124838],[126.92206001,37.51133769],[126.92198873,37.51136053],[126.92201287,37.51141668],[126.92216108,37.51137813]]]}},{"type":"Feature","id":"seoul-building-508042","properties":{"id":"seoul-building-508042","sourceId":"1971192977414455612400000000","pnu":"1156013200100730013","name":"서울특별시 영등포구 신길동","address":"서울특별시 영등포구 신길동","useName":"단독주택","floors":2.0,"height":7.4,"heightSource":"estimated","heightRaw":0.0,"sourceDate":"2026-09-09"},"geometry":{"type":"Polygon","coordinates":[[[126.92141123,37.51219204],[126.92134879,37.51219859],[126.92135081,37.5122112],[126.92131801,37.5122146],[126.92131857,37.51221758],[126.92128915,37.51222059],[126.92128543,37.51222098],[126.92129801,37.51229766],[126.92142641,37.51228423],[126.92141123,37.51219204]]]}},{"type":"Feature","id":"seoul-building-508077","properties":{"id":"seoul-building-508077","sourceId":"0000192897474457532700000000","pnu":"1156013200100650080","name":"서울특별시 영등포구 신길동","address":"서울특별시 영등포구 신길동","useName":"","floors":0.0,"height":0,"heightSource":"unknown","heightRaw":0.0,"sourceDate":"2026-09-09"},"geometry":{"type":"Polygon","coordinates":[[[126.92050872,37.51398169],[126.920485,37.51393671],[126.92040094,37.51396098],[126.92040136,37.51398999],[126.92043086,37.51401958],[126.92049116,37.51399663],[126.92048981,37.51399114],[126.92050872,37.51398169]]]}},{"type":"Feature","id":"seoul-building-508085","properties":{"id":"seoul-building-508085","sourceId":"2002192970474457739600000000","pnu":"1156013200100650091","name":"서울특별시 영등포구 신길동","address":"서울특별시 영등포구 신길동","useName":"공동주택","floors":4.0,"height":11.8,"heightSource":"measured","heightRaw":11.8,"sourceDate":"2026-09-09"},"geometry":{"type":"Polygon","coordinates":[[[126.92135076,37.51420665],[126.92130292,37.5140893],[126.92125019,37.51410179],[126.92125696,37.51411991],[126.92120503,37.51413213],[126.92124215,37.51423226],[126.92135076,37.51420665]]]}},{"type":"Feature","id":"seoul-building-508099","properties":{"id":"seoul-building-508099","sourceId":"0000193008734454804400000000","pnu":"1156013200104660006","name":"서울특별시 영등포구 신길동","address":"서울특별시 영등포구 신길동","useName":"","floors":0.0,"height":0,"heightSource":"unknown","heightRaw":0.0,"sourceDate":"2026-09-09"},"geometry":{"type":"Polygon","coordinates":[[[126.92168903,37.51148872],[126.9216911,37.51150378],[126.92168454,37.51150432],[126.92169139,37.51155469],[126.92174263,37.51154895],[126.92173241,37.51148425],[126.92168903,37.51148872]]]}},{"type":"Feature","id":"seoul-building-508101","properties":{"id":"seoul-building-508101","sourceId":"0000193002114454732900000000","pnu":"1156013200104660006","name":"서울특별시 영등포구 신길동","address":"서울특별시 영등포구 신길동","useName":"","floors":0.0,"height":0,"heightSource":"unknown","heightRaw":0.0,"sourceDate":"2026-09-09"},"geometry":{"type":"Polygon","coordinates":[[[126.92167791,37.51146305],[126.9216759,37.51144429],[126.92160068,37.51144496],[126.92160541,37.51147011],[126.92167791,37.51146305]]]}},{"type":"Feature","id":"seoul-building-508139","properties":{"id":"seoul-building-508139","sourceId":"1988192857564453356700000000","pnu":"1156013200101200077","name":"서울특별시 영등포구 신길동","address":"서울특별시 영등포구 신길동","useName":"제1종근린생활시설","floors":3.0,"height":10.6,"heightSource":"estimated","heightRaw":0.0,"sourceDate":"2026-09-09"},"geometry":{"type":"Polygon","coordinates":[[[126.92006905,37.51021272],[126.91999095,37.510166],[126.91993853,37.51021471],[126.92002082,37.51026396],[126.92006905,37.51021272]]]}},{"type":"Feature","id":"seoul-building-508166","properties":{"id":"seoul-building-508166","sourceId":"0000192901084453850900000000","pnu":"1156013200100890013","name":"서울특별시 영등포구 신길동","address":"서울특별시 영등포구 신길동","useName":"","floors":0.0,"height":0,"heightSource":"unknown","heightRaw":0.0,"sourceDate":"2026-09-09"},"geometry":{"type":"Polygon","coordinates":[[[126.92049561,37.51068398],[126.92053298,37.51064688],[126.92052688,37.51063679],[126.92048796,37.5106482],[126.92048051,37.51063207],[126.92046377,37.51063521],[126.92049255,37.51070163],[126.92050929,37.51069273],[126.92049561,37.51068398]]]}},{"type":"Feature","id":"seoul-building-508167","properties":{"id":"seoul-building-508167","sourceId":"0000192908234453901600000000","pnu":"1156013200100890013","name":"서울특별시 영등포구 신길동","address":"서울특별시 영등포구 신길동","useName":"공동주택","floors":1.0,"height":3.95,"heightSource":"estimated","heightRaw":0.0,"sourceDate":"2026-09-09"},"geometry":{"type":"Polygon","coordinates":[[[126.92065785,37.51071688],[126.92054517,37.51063869],[126.92049908,37.51068435],[126.92051276,37.51069309],[126.92054576,37.5107142],[126.920541,37.51072527],[126.92055942,37.51074006],[126.920555,37.51074961],[126.92058687,37.5107745],[126.92065785,37.51071688]]]}},{"type":"Feature","id":"seoul-building-508211","properties":{"id":"seoul-building-508211","sourceId":"0000192977344455542200000000","pnu":"1156013200100730013","name":"서울특별시 영등포구 신길동","address":"서울특별시 영등포구 신길동","useName":"","floors":0.0,"height":0,"heightSource":"unknown","heightRaw":0.0,"sourceDate":"2026-09-09"},"geometry":{"type":"Polygon","coordinates":[[[126.92141123,37.51219204],[126.92140132,37.51215167],[126.9213382,37.51216001],[126.92134191,37.51218326],[126.92131114,37.51218532],[126.92131338,37.51220649],[126.92128635,37.51220963],[126.92128915,37.51222059],[126.92131857,37.51221758],[126.92131801,37.5122146],[126.92135081,37.5122112],[126.92134879,37.51219859],[126.92141123,37.51219204]]]}},{"type":"Feature","id":"seoul-building-508252","properties":{"id":"seoul-building-508252","sourceId":"1986193245194456001800000000","pnu":"1156013200113150000","name":"서울특별시 영등포구 신길동","address":"서울특별시 영등포구 신길동","useName":"제1종근린생활시설","floors":4.0,"height":13.8,"heightSource":"estimated","heightRaw":0.0,"sourceDate":"2026-09-09"},"geometry":{"type":"Polygon","coordinates":[[[126.92445599,37.51263949],[126.92441967,37.5125373],[126.92431661,37.51256336],[126.92435225,37.51266312],[126.92445599,37.51263949]]]}},{"type":"Feature","id":"seoul-building-508303","properties":{"id":"seoul-building-508303","sourceId":"1994193010054455498300000000","pnu":"1156013200104670003","name":"서울특별시 영등포구 신길동","address":"서울특별시 영등포구 신길동","useName":"제2종근린생활시설","floors":6.0,"height":18.9,"heightSource":"measured","heightRaw":18.9,"sourceDate":"2026-09-09"},"geometry":{"type":"Polygon","coordinates":[[[126.92163979,37.51222184],[126.92179988,37.5121805],[126.92180868,37.51220141],[126.92186423,37.51218577],[126.92182542,37.512096],[126.9217638,37.51207326],[126.9216337,37.51210489],[126.92162612,37.51210497],[126.9216199,37.51210515],[126.92161469,37.51210514],[126.92161062,37.51210604],[126.92160564,37.51210802],[126.92160157,37.51210991],[126.92159501,37.51211153],[126.92163979,37.51222184]]]}},{"type":"Feature","id":"seoul-building-508361","properties":{"id":"seoul-building-508361","sourceId":"2001192990624454872400000000","pnu":"1156013200104660003","name":"사회복지법인 대길사회복지재단","address":"서울특별시 영등포구 신길동","useName":"노유자시설","floors":4.0,"height":14.7,"heightSource":"measured","heightRaw":14.7,"sourceDate":"2026-09-09"},"geometry":{"type":"Polygon","coordinates":[[[126.92162467,37.51164762],[126.92158298,37.51149677],[126.9215487,37.51150314],[126.92154691,37.51149188],[126.9214856,37.51149832],[126.92146864,37.51149156],[126.92145258,37.51148812],[126.92141672,37.5114908],[126.92141986,37.51151702],[126.92139554,37.51152205],[126.92144638,37.51168318],[126.92162467,37.51164762]]]}},{"type":"Feature","id":"seoul-building-508372","properties":{"id":"seoul-building-508372","sourceId":"1967192923174456688300000000","pnu":"1156013200100950148","name":"서울특별시 영등포구 신길동","address":"서울특별시 영등포구 신길동","useName":"단독주택","floors":2.0,"height":7.4,"heightSource":"estimated","heightRaw":0.0,"sourceDate":"2026-09-09"},"geometry":{"type":"Polygon","coordinates":[[[126.92082003,37.51324717],[126.92078156,37.51315137],[126.92073608,37.51316089],[126.92073789,37.51316594],[126.92066831,37.51318058],[126.92070439,37.51328368],[126.92075486,37.51327245],[126.92076131,37.5132666],[126.92075679,37.51326344],[126.92079118,37.51325725],[126.92082003,37.51324717]]]}},{"type":"Feature","id":"seoul-building-508373","properties":{"id":"seoul-building-508373","sourceId":"1960193178384456201500000000","pnu":"1156013200113210000","name":"서울특별시 영등포구 신길동","address":"서울특별시 영등포구 신길동","useName":"제1종근린생활시설","floors":1.0,"height":4.0,"heightSource":"measured","heightRaw":4.0,"sourceDate":"2026-09-09"},"geometry":{"type":"Polygon","coordinates":[[[126.92368669,37.51280415],[126.92364619,37.51270168],[126.92356268,37.51272514],[126.92359258,37.51280409],[126.92361255,37.5128569],[126.92369955,37.51283596],[126.92368669,37.51280415]]]}},{"type":"Feature","id":"seoul-building-508399","properties":{"id":"seoul-building-508399","sourceId":"1989192883614455248700000000","pnu":"1156013200100910040","name":"서울특별시 영등포구 신길동","address":"서울특별시 영등포구 신길동","useName":"제1종근린생활시설","floors":3.0,"height":10.6,"heightSource":"estimated","heightRaw":0.0,"sourceDate":"2026-09-09"},"geometry":{"type":"Polygon","coordinates":[[[126.92036147,37.51194118],[126.92033813,37.51187053],[126.92027149,37.51188454],[126.9202339,37.51192343],[126.92024664,37.51196534],[126.92036147,37.51194118]]]}},{"type":"Feature","id":"seoul-building-508431","properties":{"id":"seoul-building-508431","sourceId":"2023192882404454463000000000","pnu":"1156013200100900028","name":"서울특별시 영등포구 신길동","address":"서울특별시 영등포구 신길동","useName":"공동주택","floors":5.0,"height":14.9,"heightSource":"measured","heightRaw":14.9,"sourceDate":"2026-09-09"},"geometry":{"type":"Polygon","coordinates":[[[126.92018188,37.51116714],[126.92019443,37.51122026],[126.92018777,37.51122126],[126.92020242,37.51128325],[126.92038582,37.51125573],[126.92037682,37.51121766],[126.92038349,37.51121665],[126.92037846,37.5111954],[126.9203818,37.5111949],[126.92037111,37.51114971],[126.92035419,37.51114587],[126.92033965,37.51114805],[126.9203386,37.51114362],[126.92018188,37.51116714]]]}},{"type":"Feature","id":"seoul-building-508436","properties":{"id":"seoul-building-508436","sourceId":"2019192958534456823900000000","pnu":"1156013200100650031","name":"여의도M타워","address":"서울특별시 영등포구 신길동","useName":"업무시설","floors":13.0,"height":44.2,"heightSource":"measured","heightRaw":44.2,"sourceDate":"2026-09-09"},"geometry":{"type":"Polygon","coordinates":[[[126.92110658,37.51342752],[126.92122448,37.51340205],[126.92121773,37.51337886],[126.92122493,37.5133773],[126.92120984,37.51333459],[126.92120491,37.5133357],[126.92119182,37.51329726],[126.92119876,37.51329549],[126.92118477,37.51325332],[126.92117499,37.51325535],[126.92117543,37.51325338],[126.92105653,37.51327872],[126.92110658,37.51342752]]]}},{"type":"Feature","id":"seoul-building-508454","properties":{"id":"seoul-building-508454","sourceId":"1988192872924455633600000000","pnu":"1156013200100910036","name":"서울특별시 영등포구 신길동","address":"서울특별시 영등포구 신길동","useName":"단독주택","floors":3.0,"height":10.6,"heightSource":"estimated","heightRaw":0.0,"sourceDate":"2026-09-09"},"geometry":{"type":"Polygon","coordinates":[[[126.920241,37.51226099],[126.92023188,37.51222206],[126.92018324,37.51222779],[126.92018515,37.51223644],[126.92018073,37.5122413],[126.92010471,37.51225738],[126.92012162,37.51230839],[126.92021744,37.51228818],[126.920241,37.51226099]]]}},{"type":"Feature","id":"seoul-building-508457","properties":{"id":"seoul-building-508457","sourceId":"1957193159794456297800000000","pnu":"1156013200104490001","name":"서울특별시 영등포구 신길동","address":"서울특별시 영등포구 신길동","useName":"제1종근린생활시설","floors":2.0,"height":7.4,"heightSource":"estimated","heightRaw":0.0,"sourceDate":"2026-09-09"},"geometry":{"type":"Polygon","coordinates":[[[126.92352509,37.51287964],[126.92349734,37.51281078],[126.92331349,37.51285706],[126.9233407,37.51292098],[126.92352509,37.51287964]]]}},{"type":"Feature","id":"seoul-building-508477","properties":{"id":"seoul-building-508477","sourceId":"1996193235694458460800000000","pnu":"1156013200100010012","name":"서울특별시 영등포구 신길동","address":"서울특별시 영등포구 신길동","useName":"제2종근린생활시설","floors":4.0,"height":11.7,"heightSource":"measured","heightRaw":11.7,"sourceDate":"2026-09-09"},"geometry":{"type":"Polygon","coordinates":[[[126.92436498,37.51484536],[126.92429834,37.51474332],[126.92427322,37.51475376],[126.92427153,37.51475115],[126.92418689,37.51478632],[126.92425951,37.5148916],[126.92436498,37.51484536]]]}},{"type":"Feature","id":"seoul-building-508478","properties":{"id":"seoul-building-508478","sourceId":"1977193072414455338800000000","pnu":"1156013200104510005","name":"서울특별시 영등포구 신길동","address":"서울특별시 영등포구 신길동","useName":"의료시설","floors":3.0,"height":10.6,"heightSource":"estimated","heightRaw":0.0,"sourceDate":"2026-09-09"},"geometry":{"type":"Polygon","coordinates":[[[126.92244857,37.51205524],[126.92255595,37.51202792],[126.9225591,37.51204126],[126.92260458,37.51203435],[126.9225985,37.51200894],[126.92283167,37.51194755],[126.92283923,37.51197143],[126.9228864,37.51196452],[126.92281971,37.51180131],[126.92233887,37.51193263],[126.92233538,37.5119229],[126.92194709,37.51202338],[126.92199143,37.51212855],[126.92228593,37.5120527],[126.92237237,37.51224665],[126.92251256,37.51220449],[126.92244857,37.51205524]]]}},{"type":"Feature","id":"seoul-building-508480","properties":{"id":"seoul-building-508480","sourceId":"2002193014504454640300000000","pnu":"1156013200104660007","name":"서울특별시 영등포구 신길동","address":"서울특별시 영등포구 신길동","useName":"제2종근린생활시설","floors":6.0,"height":16.94,"heightSource":"measured","heightRaw":16.94,"sourceDate":"2026-09-09"},"geometry":{"type":"Polygon","coordinates":[[[126.92186854,37.51131982],[126.92170081,37.51130817],[126.92168825,37.51142493],[126.92185586,37.51143658],[126.92186854,37.51131982]]]}},{"type":"Feature","id":"seoul-building-508481","properties":{"id":"seoul-building-508481","sourceId":"2009193009244455170600000000","pnu":"1156013200104660013","name":"서울특별시 영등포구 신길동","address":"서울특별시 영등포구 신길동","useName":"제2종근린생활시설","floors":6.0,"height":19.7,"heightSource":"measured","heightRaw":19.7,"sourceDate":"2026-09-09"},"geometry":{"type":"Polygon","coordinates":[[[126.92181647,37.51179398],[126.9217992,37.51175657],[126.92161477,37.51180917],[126.92166881,37.51195057],[126.92175503,37.51192324],[126.92179239,37.51188434],[126.92180646,37.51184588],[126.92178592,37.51180514],[126.92181647,37.51179398]]]}},{"type":"Feature","id":"seoul-building-508526","properties":{"id":"seoul-building-508526","sourceId":"2010193027854462796500000000","pnu":"1156011000100040009","name":"여의도샛강생태공원 방문자센터","address":"서울특별시 영등포구 여의도동","useName":"제1종근린생활시설","floors":2.0,"height":8.75,"heightSource":"measured","heightRaw":8.75,"sourceDate":"2026-09-09"},"geometry":{"type":"Polygon","coordinates":[[[126.92211227,37.5186433],[126.92209841,37.51862137],[126.92210318,37.51861946],[126.92207967,37.51858224],[126.9220107,37.51860989],[126.9220125,37.51861274],[126.92195102,37.51863738],[126.92194106,37.51861937],[126.92172749,37.51870454],[126.92178521,37.51879636],[126.92175091,37.51881004],[126.92178588,37.51886657],[126.92209709,37.51874181],[126.92206518,37.51869132],[126.92210967,37.51867349],[126.92209498,37.51865023],[126.92211227,37.5186433]]]}},{"type":"Feature","id":"seoul-building-508528","properties":{"id":"seoul-building-508528","sourceId":"1985192994074456763700000000","pnu":"1156013200100650015","name":"서울특별시 영등포구 신길동","address":"서울특별시 영등포구 신길동","useName":"제1종근린생활시설","floors":1.0,"height":4.0,"heightSource":"measured","heightRaw":4.0,"sourceDate":"2026-09-09"},"geometry":{"type":"Polygon","coordinates":[[[126.92163083,37.51333214],[126.92159126,37.51320859],[126.92149125,37.51322879],[126.92149542,37.51324204],[126.92146012,37.51324922],[126.92149529,37.51335944],[126.92163083,37.51333214]]]}},{"type":"Feature","id":"seoul-building-508530","properties":{"id":"seoul-building-508530","sourceId":"0000193195454456768100000000","pnu":"1156013200100120007","name":"서울특별시 영등포구 신길동","address":"서울특별시 영등포구 신길동","useName":"","floors":0.0,"height":0,"heightSource":"unknown","heightRaw":0.0,"sourceDate":"2026-09-09"},"geometry":{"type":"Polygon","coordinates":[[[126.9238748,37.51334208],[126.92382957,37.51322501],[126.92377142,37.51323957],[126.92381654,37.51335664],[126.9238748,37.51334208]]]}},{"type":"Feature","id":"seoul-building-508531","properties":{"id":"seoul-building-508531","sourceId":"0000192980414459238800000000","pnu":"1156013200100070004","name":"서울특별시 영등포구 신길동","address":"서울특별시 영등포구 신길동","useName":"","floors":0.0,"height":0,"heightSource":"unknown","heightRaw":0.0,"sourceDate":"2026-09-09"},"geometry":{"type":"Polygon","coordinates":[[[126.9214314,37.51550706],[126.92140552,37.51548386],[126.92134541,37.51552545],[126.9213695,37.51554629],[126.9214314,37.51550706]]]}},{"type":"Feature","id":"seoul-building-508561","properties":{"id":"seoul-building-508561","sourceId":"2005193042044454368500000000","pnu":"1156013200104530005","name":"서울특별시 영등포구 신길동","address":"서울특별시 영등포구 신길동","useName":"제2종근린생활시설","floors":4.0,"height":13.7,"heightSource":"measured","heightRaw":13.7,"sourceDate":"2026-09-09"},"geometry":{"type":"Polygon","coordinates":[[[126.92218351,37.51117135],[126.92213513,37.511044],[126.9220437,37.51106963],[126.92200657,37.51109771],[126.92200699,37.51112583],[126.92203757,37.51120631],[126.92218351,37.51117135]]]}},{"type":"Feature","id":"seoul-building-508676","properties":{"id":"seoul-building-508676","sourceId":"1991192943704455633700000000","pnu":"1156013200100890102","name":"서울특별시 영등포구 신길동","address":"서울특별시 영등포구 신길동","useName":"제1종근린생활시설","floors":4.0,"height":13.8,"heightSource":"estimated","heightRaw":0.0,"sourceDate":"2026-09-09"},"geometry":{"type":"Polygon","coordinates":[[[126.92094216,37.51231652],[126.92105168,37.51228866],[126.92104852,37.51228064],[126.9210561,37.51227876],[126.92104798,37.51225956],[126.92105295,37.5122583],[126.92103513,37.51221648],[126.92088828,37.51225089],[126.92090508,37.51229658],[126.92091967,37.51230146],[126.92093437,37.51229759],[126.92094216,37.51231652]]]}},{"type":"Feature","id":"seoul-building-508677","properties":{"id":"seoul-building-508677","sourceId":"1993193130784455373300000000","pnu":"1156013200104510001","name":"서울특별시 영등포구 신길동","address":"서울특별시 영등포구 신길동","useName":"제1종근린생활시설","floors":4.0,"height":12.6,"heightSource":"measured","heightRaw":12.6,"sourceDate":"2026-09-09"},"geometry":{"type":"Polygon","coordinates":[[[126.92317035,37.51202174],[126.92315794,37.51198966],[126.92312072,37.51199874],[126.92311711,37.51198954],[126.92301529,37.51201416],[126.92304214,37.512085],[126.92314565,37.51205975],[126.92317035,37.51202174]]]}},{"type":"Feature","id":"seoul-building-508682","properties":{"id":"seoul-building-508682","sourceId":"2008192865304455828800000000","pnu":"1156013200100950154","name":"1","address":"서울특별시 영등포구 신길동","useName":"단독주택","floors":4.0,"height":11.75,"heightSource":"measured","heightRaw":11.75,"sourceDate":"2026-09-09"},"geometry":{"type":"Polygon","coordinates":[[[126.92016573,37.51247754],[126.92013167,37.5123794],[126.92001118,37.51240735],[126.920051,37.51250523],[126.92016573,37.51247754]]]}},{"type":"Feature","id":"seoul-building-508683","properties":{"id":"seoul-building-508683","sourceId":"0000193204074454209000000000","pnu":"1156013200112660000","name":"서울특별시 영등포구 신길동","address":"서울특별시 영등포구 신길동","useName":"","floors":0.0,"height":0,"heightSource":"unknown","heightRaw":0.0,"sourceDate":"2026-09-09"},"geometry":{"type":"Polygon","coordinates":[[[126.92387505,37.510971],[126.9238948,37.51101894],[126.92397118,37.51099908],[126.92395064,37.5109515],[126.92387505,37.510971]]]}},{"type":"Feature","id":"seoul-building-508704","properties":{"id":"seoul-building-508704","sourceId":"0000193226324454244700000000","pnu":"1156013200112600000","name":"서울특별시 영등포구 신길동","address":"서울특별시 영등포구 신길동","useName":"","floors":0.0,"height":0,"heightSource":"unknown","heightRaw":0.0,"sourceDate":"2026-09-09"},"geometry":{"type":"Polygon","coordinates":[[[126.92420458,37.5110432],[126.92418428,37.51098308],[126.92414446,37.5109919],[126.92416521,37.511052],[126.92420458,37.5110432]]]}},{"type":"Feature","id":"seoul-building-508717","properties":{"id":"seoul-building-508717","sourceId":"1967193237294455690500000000","pnu":"1156013200113260000","name":"서울특별시 영등포구 신길동","address":"서울특별시 영등포구 신길동","useName":"제1종근린생활시설","floors":2.0,"height":7.4,"heightSource":"estimated","heightRaw":0.0,"sourceDate":"2026-09-09"},"geometry":{"type":"Polygon","coordinates":[[[126.92431973,37.51226818],[126.92429542,37.51225826],[126.92428592,37.51226055],[126.92423874,37.51227192],[126.92428058,37.51238467],[126.92435639,37.51236687],[126.92431973,37.51226818]]]}},{"type":"Feature","id":"seoul-building-508720","properties":{"id":"seoul-building-508720","sourceId":"1991193020204455692100000000","pnu":"1156013200100730012","name":"서울특별시 영등포구 신길동","address":"서울특별시 영등포구 신길동","useName":"제2종근린생활시설","floors":4.0,"height":12.0,"heightSource":"measured","heightRaw":12.0,"sourceDate":"2026-09-09"},"geometry":{"type":"Polygon","coordinates":[[[126.92192776,37.51234277],[126.9218798,37.51222777],[126.92176236,37.51225922],[126.92179995,37.51234187],[126.92175865,37.51235401],[126.92178427,37.51240961],[126.92190284,37.51237843],[126.92192776,37.51234277]]]}},{"type":"Feature","id":"seoul-building-508721","properties":{"id":"seoul-building-508721","sourceId":"1970193038134459739900000000","pnu":"1156013200100100015","name":"서울특별시 영등포구 신길동","address":"서울특별시 영등포구 신길동","useName":"","floors":0.0,"height":0,"heightSource":"unknown","heightRaw":0.0,"sourceDate":"2026-09-09"},"geometry":{"type":"Polygon","coordinates":[[[126.92225123,37.51595384],[126.92219772,37.51585488],[126.92183019,37.51598086],[126.92188336,37.51607947],[126.92225123,37.51595384]]]}},{"type":"Feature","id":"seoul-building-508722","properties":{"id":"seoul-building-508722","sourceId":"1987193075604457041400000000","pnu":"1156013200100690006","name":"서울특별시 영등포구 신길동","address":"서울특별시 영등포구 신길동","useName":"제2종근린생활시설","floors":4.0,"height":13.8,"heightSource":"estimated","heightRaw":0.0,"sourceDate":"2026-09-09"},"geometry":{"type":"Polygon","coordinates":[[[126.92252413,37.51358258],[126.92251545,37.51356014],[126.9225366,37.51355493],[126.92252826,37.51353357],[126.92254591,37.51352934],[126.92252132,37.51346581],[126.92237864,37.51350509],[126.92239398,37.51355069],[126.9224229,37.51358035],[126.92242709,37.51357918],[126.92244097,37.51361054],[126.92251179,37.51359374],[126.92252413,37.51358258]]]}},{"type":"Feature","id":"seoul-building-508723","properties":{"id":"seoul-building-508723","sourceId":"1995193124284458866300000000","pnu":"1156013200100080015","name":"서울특별시 영등포구 신길동","address":"서울특별시 영등포구 신길동","useName":"제1종근린생활시설","floors":4.0,"height":10.8,"heightSource":"measured","heightRaw":10.8,"sourceDate":"2026-09-09"},"geometry":{"type":"Polygon","coordinates":[[[126.92306465,37.51516708],[126.9230347,37.51513201],[126.92295277,37.51517196],[126.92299174,37.51522902],[126.92308079,37.51519034],[126.92306465,37.51516708]]]}},{"type":"Feature","id":"seoul-building-508724","properties":{"id":"seoul-building-508724","sourceId":"2002193054704456044200000000","pnu":"1156013200104500016","name":"서울특별시 영등포구 신길동","address":"서울특별시 영등포구 신길동","useName":"제1종근린생활시설","floors":5.0,"height":16.92,"heightSource":"measured","heightRaw":16.92,"sourceDate":"2026-09-09"},"geometry":{"type":"Polygon","coordinates":[[[126.92221809,37.5126812],[126.92229943,37.51266206],[126.92227248,37.51258915],[126.92216239,37.51261503],[126.92218722,37.51268045],[126.92221606,37.51267615],[126.92221809,37.5126812]]]}},{"type":"Feature","id":"seoul-building-508768","properties":{"id":"seoul-building-508768","sourceId":"1968192913754456976900000000","pnu":"1156013200100970040","name":"서울특별시 영등포구 신길동","address":"서울특별시 영등포구 신길동","useName":"제1종근린생활시설","floors":3.0,"height":10.6,"heightSource":"estimated","heightRaw":0.0,"sourceDate":"2026-09-09"},"geometry":{"type":"Polygon","coordinates":[[[126.92069283,37.51353001],[126.92064512,37.51339321],[126.92059942,37.51340399],[126.92060322,37.51354977],[126.92069283,37.51353001]]]}},{"type":"Feature","id":"seoul-building-508770","properties":{"id":"seoul-building-508770","sourceId":"1991193080144458239900000000","pnu":"1156013200100040038","name":"서울특별시 영등포구 신길동","address":"서울특별시 영등포구 신길동","useName":"단독주택","floors":2.0,"height":7.4,"heightSource":"estimated","heightRaw":0.0,"sourceDate":"2026-09-09"},"geometry":{"type":"Polygon","coordinates":[[[126.92258277,37.51463643],[126.92254383,37.51455919],[126.92248238,37.51458185],[126.9224895,37.51459411],[126.92245227,37.51460805],[126.92248263,37.51466835],[126.92258277,37.51463643]]]}},{"type":"Feature","id":"seoul-building-508771","properties":{"id":"seoul-building-508771","sourceId":"1957193241694455843000000000","pnu":"1156013200113280000","name":"서울특별시 영등포구 신길동","address":"서울특별시 영등포구 신길동","useName":"제2종근린생활시설","floors":2.0,"height":8.0,"heightSource":"measured","heightRaw":8.0,"sourceDate":"2026-09-09"},"geometry":{"type":"Polygon","coordinates":[[[126.92430643,37.51242424],[126.92430668,37.5124248],[126.92432224,37.5124593],[126.92430811,37.51246343],[126.92433915,37.51253373],[126.92440816,37.51251413],[126.92434813,37.51237839],[126.92428453,37.51239656],[126.92429683,37.51242387],[126.9243052,37.51242153],[126.92430643,37.51242424]]]}},{"type":"Feature","id":"seoul-building-508777","properties":{"id":"seoul-building-508777","sourceId":"1971192859074457164700000000","pnu":"1156013200100960020","name":"서울특별시 영등포구 신길동","address":"서울특별시 영등포구 신길동","useName":"제1종근린생활시설","floors":5.0,"height":17.0,"heightSource":"estimated","heightRaw":0.0,"sourceDate":"2026-09-09"},"geometry":{"type":"Polygon","coordinates":[[[126.92006951,37.51360735],[126.92005753,37.51358986],[126.91993682,37.5136096],[126.91997722,37.51370378],[126.92009817,37.51367945],[126.92006951,37.51360735]]]}},{"type":"Feature","id":"seoul-building-508787","properties":{"id":"seoul-building-508787","sourceId":"1991193212734457392500000000","pnu":"1156013200100020027","name":"서울특별시 영등포구 신길동","address":"서울특별시 영등포구 신길동","useName":"단독주택","floors":2.0,"height":7.4,"heightSource":"estimated","heightRaw":0.0,"sourceDate":"2026-09-09"},"geometry":{"type":"Polygon","coordinates":[[[126.9239844,37.51390635],[126.92408781,37.51388336],[126.92408566,37.51387705],[126.92408883,37.51387624],[126.92407597,37.51384434],[126.92408027,37.51384326],[126.92406357,37.51380207],[126.92399841,37.51381473],[126.92399694,37.51380996],[126.92394796,37.51381947],[126.92395878,37.5138548],[126.92395696,37.51385921],[126.92397298,37.51390473],[126.92398372,37.51390311],[126.9239844,37.51390635]]]}},{"type":"Feature","id":"seoul-building-508788","properties":{"id":"seoul-building-508788","sourceId":"1985193039134456615800000000","pnu":"1156013200100690009","name":"서울특별시 영등포구 신길동","address":"서울특별시 영등포구 신길동","useName":"제2종근린생활시설","floors":4.0,"height":13.8,"heightSource":"estimated","heightRaw":0.0,"sourceDate":"2026-09-09"},"geometry":{"type":"Polygon","coordinates":[[[126.92216012,37.51317607],[126.9221397,37.51311894],[126.92206458,37.51313592],[126.92204789,37.51308905],[126.921967,37.51310919],[126.92200297,37.51321139],[126.92216012,37.51317607]]]}},{"type":"Feature","id":"seoul-building-508789","properties":{"id":"seoul-building-508789","sourceId":"2002193114164456093300000000","pnu":"1156013200104490029","name":"서울특별시 영등포구 신길동","address":"서울특별시 영등포구 신길동","useName":"제1종근린생활시설","floors":5.0,"height":15.5,"heightSource":"measured","heightRaw":15.5,"sourceDate":"2026-09-09"},"geometry":{"type":"Polygon","coordinates":[[[126.92298864,37.51273738],[126.92293766,37.51259733],[126.92281932,37.51262933],[126.92287053,37.5127656],[126.92298864,37.51273738]]]}},{"type":"Feature","id":"seoul-building-508791","properties":{"id":"seoul-building-508791","sourceId":"1987193207284458395300000000","pnu":"1156013200100020003","name":"삼두아파트","address":"서울특별시 영등포구 신길동","useName":"제2종근린생활시설","floors":2.0,"height":7.4,"heightSource":"estimated","heightRaw":0.0,"sourceDate":"2026-09-09"},"geometry":{"type":"Polygon","coordinates":[[[126.92409734,37.51473743],[126.92408042,37.51469128],[126.92382982,37.51474968],[126.92386209,37.51483449],[126.92409734,37.51473743]]]}},{"type":"Feature","id":"seoul-building-508857","properties":{"id":"seoul-building-508857","sourceId":"1983192963364457414000000000","pnu":"1156013200100650052","name":"서울특별시 영등포구 신길동","address":"서울특별시 영등포구 신길동","useName":"제2종근린생활시설","floors":4.0,"height":13.8,"heightSource":"estimated","heightRaw":0.0,"sourceDate":"2026-09-09"},"geometry":{"type":"Polygon","coordinates":[[[126.92115702,37.51396658],[126.92129279,37.51393397],[126.92128568,37.51391522],[126.92130741,37.51391001],[126.92130414,37.51390118],[126.92130029,37.51390162],[126.92125111,37.51377527],[126.92108446,37.51381669],[126.92113431,37.51394512],[126.9211497,37.51394225],[126.92115702,37.51396658]]]}},{"type":"Feature","id":"seoul-building-508862","properties":{"id":"seoul-building-508862","sourceId":"1993193041204459310200000000","pnu":"1156013200100070036","name":"서울특별시 영등포구 신길동","address":"서울특별시 영등포구 신길동","useName":"단독주택","floors":3.0,"height":10.2,"heightSource":"measured","heightRaw":10.2,"sourceDate":"2026-09-09"},"geometry":{"type":"Polygon","coordinates":[[[126.92214754,37.51559572],[126.92210576,37.51552803],[126.922003,37.5155667],[126.92203304,37.51561736],[126.92207139,37.5156254],[126.92214754,37.51559572]]]}},{"type":"Feature","id":"seoul-building-508893","properties":{"id":"seoul-building-508893","sourceId":"0000193029944455963100000000","pnu":"1156013200104680002","name":"서울특별시 영등포구 신길동","address":"서울특별시 영등포구 신길동","useName":"","floors":0.0,"height":0,"heightSource":"unknown","heightRaw":0.0,"sourceDate":"2026-09-09"},"geometry":{"type":"Polygon","coordinates":[[[126.92202681,37.51258214],[126.92199635,37.51250959],[126.92190177,37.51253466],[126.92191113,37.51255701],[126.92187549,37.51256654],[126.92189648,37.51261665],[126.92202681,37.51258214]]]}},{"type":"Feature","id":"seoul-building-508898","properties":{"id":"seoul-building-508898","sourceId":"1996193095724459247800000000","pnu":"1156013200100090053","name":"서울특별시 영등포구 신길동","address":"서울특별시 영등포구 신길동","useName":"제1종근린생활시설","floors":4.0,"height":12.2,"heightSource":"measured","heightRaw":12.2,"sourceDate":"2026-09-09"},"geometry":{"type":"Polygon","coordinates":[[[126.92277841,37.51555946],[126.92270556,37.51545328],[126.92260486,37.51548312],[126.92268516,37.51560003],[126.92277841,37.51555946]]]}},{"type":"Feature","id":"seoul-building-508955","properties":{"id":"seoul-building-508955","sourceId":"1987193046804455808300000000","pnu":"1156013200104500017","name":"서울특별시 영등포구 신길동","address":"서울특별시 영등포구 신길동","useName":"제2종근린생활시설","floors":4.0,"height":13.8,"heightSource":"estimated","heightRaw":0.0,"sourceDate":"2026-09-09"},"geometry":{"type":"Polygon","coordinates":[[[126.92222818,37.512441],[126.92219637,37.5123615],[126.92209047,37.51238865],[126.92206147,37.51243467],[126.92208256,37.51248712],[126.92220023,37.51245711],[126.92220442,37.5124472],[126.92222818,37.512441]]]}},{"type":"Feature","id":"seoul-building-508964","properties":{"id":"seoul-building-508964","sourceId":"1991193188834458696000000000","pnu":"1156013200100010023","name":"서울특별시 영등포구 신길동","address":"서울특별시 영등포구 신길동","useName":"단독주택","floors":3.0,"height":9.4,"heightSource":"measured","heightRaw":9.4,"sourceDate":"2026-09-09"},"geometry":{"type":"Polygon","coordinates":[[[126.92381821,37.51505269],[126.92377531,37.51496707],[126.92369475,37.51499621],[126.92369746,37.51500089],[126.92367924,37.51500575],[126.92368872,37.51502846],[126.92368453,37.51502954],[126.92371287,37.51508614],[126.92381821,37.51505269]]]}},{"type":"Feature","id":"seoul-building-508968","properties":{"id":"seoul-building-508968","sourceId":"2000193116324454875100000000","pnu":"1156013200104520001","name":"서울특별시 영등포구 신길동","address":"서울특별시 영등포구 신길동","useName":"제1종근린생활시설","floors":4.0,"height":15.8,"heightSource":"measured","heightRaw":15.8,"sourceDate":"2026-09-09"},"geometry":{"type":"Polygon","coordinates":[[[126.92300282,37.5116024],[126.92297563,37.51153706],[126.9229168,37.51155089],[126.92285706,37.51156662],[126.9228847,37.51163322],[126.92291672,37.51162469],[126.92300282,37.5116024]]]}},{"type":"Feature","id":"seoul-building-508974","properties":{"id":"seoul-building-508974","sourceId":"1991193174684458768000000000","pnu":"1156013200100090078","name":"서울특별시 영등포구 신길동","address":"서울특별시 영등포구 신길동","useName":"단독주택","floors":2.0,"height":7.4,"heightSource":"estimated","heightRaw":0.0,"sourceDate":"2026-09-09"},"geometry":{"type":"Polygon","coordinates":[[[126.92367235,37.51510323],[126.9236135,37.51502544],[126.92350237,37.51507888],[126.92354867,37.51515099],[126.92356529,37.51515731],[126.92367235,37.51510323]]]}},{"type":"Feature","id":"seoul-building-509032","properties":{"id":"seoul-building-509032","sourceId":"1995192914954455499700000000","pnu":"1156013200100880007","name":"서울특별시 영등포구 신길동","address":"서울특별시 영등포구 신길동","useName":"단독주택","floors":5.0,"height":16.2,"heightSource":"measured","heightRaw":16.2,"sourceDate":"2026-09-09"},"geometry":{"type":"Polygon","coordinates":[[[126.92072957,37.51215997],[126.92070667,37.51209814],[126.92057147,37.51213472],[126.92059572,37.51219177],[126.92072957,37.51215997]]]}},{"type":"Feature","id":"seoul-building-509056","properties":{"id":"seoul-building-509056","sourceId":"1987192889694455532400000000","pnu":"1156013200100910003","name":"서울특별시 영등포구 신길동","address":"서울특별시 영등포구 신길동","useName":"단독주택","floors":3.0,"height":10.6,"heightSource":"estimated","heightRaw":0.0,"sourceDate":"2026-09-09"},"geometry":{"type":"Polygon","coordinates":[[[126.9204389,37.51223825],[126.92038183,37.51209126],[126.92029348,37.51210958],[126.92034941,37.51226017],[126.9204389,37.51223825]]]}},{"type":"Feature","id":"seoul-building-509071","properties":{"id":"seoul-building-509071","sourceId":"1992193052174453593500000000","pnu":"1156013200104540011","name":"영등포소방서(신길119안전센터)","address":"서울특별시 영등포구 신길동","useName":"제1종근린생활시설","floors":2.0,"height":10.9,"heightSource":"measured","heightRaw":10.9,"sourceDate":"2026-09-09"},"geometry":{"type":"Polygon","coordinates":[[[126.92230145,37.51050353],[126.92227349,37.51041215],[126.92227665,37.51041359],[126.92228232,37.51040566],[126.92228232,37.51039927],[126.92227939,37.51039053],[126.92227284,37.5103862],[126.92226469,37.51038781],[126.92224553,37.51032851],[126.9221074,37.5103568],[126.9221632,37.51053046],[126.92230145,37.51050353]]]}},{"type":"Feature","id":"seoul-building-509079","properties":{"id":"seoul-building-509079","sourceId":"1993192905854456072300000000","pnu":"1156013200100950214","name":"서울특별시 영등포구 신길동","address":"서울특별시 영등포구 신길동","useName":"단독주택","floors":5.0,"height":15.5,"heightSource":"measured","heightRaw":15.5,"sourceDate":"2026-09-09"},"geometry":{"type":"Polygon","coordinates":[[[126.92061385,37.5127004],[126.9205773,37.51260415],[126.92048046,37.51262688],[126.92050628,37.51269672],[126.92054698,37.51271657],[126.92061385,37.5127004]]]}},{"type":"Feature","id":"seoul-building-509095","properties":{"id":"seoul-building-509095","sourceId":"1998193224244458511800000000","pnu":"1156013200100010013","name":"서울특별시 영등포구 신길동","address":"서울특별시 영등포구 신길동","useName":"제1종근린생활시설","floors":4.0,"height":12.3,"heightSource":"measured","heightRaw":12.3,"sourceDate":"2026-09-09"},"geometry":{"type":"Polygon","coordinates":[[[126.92420799,37.51483706],[126.92420505,37.51483453],[126.92420358,37.51483228],[126.92419656,37.51483516],[126.92416946,37.5147927],[126.92406196,37.51483985],[126.9241243,37.51493143],[126.9242301,37.51488591],[126.92420809,37.51484886],[126.92420956,37.51484481],[126.92420979,37.51484238],[126.92420799,37.51483706]]]}},{"type":"Feature","id":"seoul-building-509096","properties":{"id":"seoul-building-509096","sourceId":"1983193204554456026200000000","pnu":"1156013200113290000","name":"서울특별시 영등포구 신길동","address":"서울특별시 영등포구 신길동","useName":"교육연구시설","floors":5.0,"height":21.1,"heightSource":"measured","heightRaw":21.1,"sourceDate":"2026-09-09"},"geometry":{"type":"Polygon","coordinates":[[[126.92379324,37.51258999],[126.92375554,37.51260002],[126.92374536,37.51260273],[126.92378993,37.51272025],[126.92380237,37.51271845],[126.92380733,37.51273927],[126.9238123,37.51273846],[126.92382406,37.51274242],[126.92384081,37.51273812],[126.92384647,37.51272749],[126.92383925,37.51271189],[126.92409981,37.51264403],[126.92410423,37.5126389],[126.92408854,37.51259979],[126.92409861,37.51259727],[126.9240923,37.5125815],[126.924082,37.51258294],[126.92407691,37.51257059],[126.92408054,37.51256969],[126.92408416,37.51256248],[126.92406555,37.51251418],[126.92405606,37.51251147],[126.92402291,37.51251893],[126.92401895,37.51252559],[126.92402074,37.51252956],[126.92379324,37.51258999]]]}},{"type":"Feature","id":"seoul-building-509102","properties":{"id":"seoul-building-509102","sourceId":"1988192897254453150900000000","pnu":"1156013200100890086","name":"서울특별시 영등포구 신길동","address":"서울특별시 영등포구 신길동","useName":"제1종근린생활시설","floors":3.0,"height":10.6,"heightSource":"estimated","heightRaw":0.0,"sourceDate":"2026-09-09"},"geometry":{"type":"Polygon","coordinates":[[[126.920449,37.51008621],[126.92047356,37.51005928],[126.9204807,37.51006343],[126.92051839,37.5100221],[126.92050519,37.50999524],[126.92048744,37.50998424],[126.92044187,37.50998169],[126.92038197,37.51004751],[126.920449,37.51008621]]]}},{"type":"Feature","id":"seoul-building-509115","properties":{"id":"seoul-building-509115","sourceId":"1967193229734455725600000000","pnu":"1156013200113260000","name":"서울특별시 영등포구 신길동","address":"서울특별시 영등포구 신길동","useName":"단독주택","floors":2.0,"height":7.4,"heightSource":"estimated","heightRaw":0.0,"sourceDate":"2026-09-09"},"geometry":{"type":"Polygon","coordinates":[[[126.92428916,37.51241504],[126.92423456,37.51226444],[126.92413058,37.51229411],[126.9241308,37.51229459],[126.92419435,37.51243903],[126.92428916,37.51241504]]]}},{"type":"Feature","id":"seoul-building-509116","properties":{"id":"seoul-building-509116","sourceId":"0000193121884456906200000000","pnu":"1156013200100700001","name":"서울특별시 영등포구 신길동","address":"서울특별시 영등포구 신길동","useName":"","floors":0.0,"height":0,"heightSource":"unknown","heightRaw":0.0,"sourceDate":"2026-09-09"},"geometry":{"type":"Polygon","coordinates":[[[126.92306637,37.51340444],[126.92305307,37.51336371],[126.92295272,37.51338283],[126.92294537,37.51338616],[126.92293869,37.51339237],[126.92293506,37.51339985],[126.92293313,37.51340471],[126.92293392,37.51341066],[126.9229373,37.51341859],[126.92294645,37.51342734],[126.92291985,37.51344516],[126.92293357,37.51345828],[126.92295024,37.5134742],[126.92295522,37.51347897],[126.92306637,37.51340444]]]}},{"type":"Feature","id":"seoul-building-509117","properties":{"id":"seoul-building-509117","sourceId":"1980193156424454726000000000","pnu":"1156013200112670000","name":"서울특별시 영등포구 신길동","address":"서울특별시 영등포구 신길동","useName":"단독주택","floors":2.0,"height":7.4,"heightSource":"estimated","heightRaw":0.0,"sourceDate":"2026-09-09"},"geometry":{"type":"Polygon","coordinates":[[[126.92348885,37.51147432],[126.92345648,37.51138897],[126.92335398,37.51141296],[126.92335037,37.51140332],[126.92328102,37.51141958],[126.92331655,37.51151583],[126.92348885,37.51147432]]]}},{"type":"Feature","id":"seoul-building-509123","properties":{"id":"seoul-building-509123","sourceId":"1970193011694454946600000000","pnu":"1156013200104660004","name":"서울특별시 영등포구 신길동","address":"서울특별시 영등포구 신길동","useName":"단독주택","floors":2.0,"height":7.7,"heightSource":"measured","heightRaw":7.7,"sourceDate":"2026-09-09"},"geometry":{"type":"Polygon","coordinates":[[[126.92184856,37.51160163],[126.9216486,37.51158484],[126.92164438,37.51161655],[126.92164891,37.51161692],[126.92164515,37.51164575],[126.92165182,37.51164629],[126.92165043,37.51167053],[126.92166389,37.51167099],[126.92166228,37.5117],[126.92183362,37.51171435],[126.92184856,37.51160163]]]}},{"type":"Feature","id":"seoul-building-509127","properties":{"id":"seoul-building-509127","sourceId":"1994192914844456349200000000","pnu":"1156013200100950144","name":"서울특별시 영등포구 신길동","address":"서울특별시 영등포구 신길동","useName":"제2종근린생활시설","floors":5.0,"height":14.5,"heightSource":"measured","heightRaw":14.5,"sourceDate":"2026-09-09"},"geometry":{"type":"Polygon","coordinates":[[[126.92071157,37.51292599],[126.9206777,37.5128637],[126.92058661,37.51289689],[126.92062274,37.51295899],[126.92071157,37.51292599]]]}},{"type":"Feature","id":"seoul-building-509157","properties":{"id":"seoul-building-509157","sourceId":"1984193056724455526200000000","pnu":"1156013200104510002","name":"서울특별시 영등포구 신길동","address":"서울특별시 영등포구 신길동","useName":"","floors":0.0,"height":0,"heightSource":"unknown","heightRaw":0.0,"sourceDate":"2026-09-09"},"geometry":{"type":"Polygon","coordinates":[[[126.92234279,37.51219843],[126.92230307,37.51210812],[126.92216809,37.51214002],[126.92220894,37.51223591],[126.92234279,37.51219843]]]}},{"type":"Feature","id":"seoul-building-509161","properties":{"id":"seoul-building-509161","sourceId":"1988192873394453442400000000","pnu":"1156013200100890042","name":"서울특별시 영등포구 신길동","address":"서울특별시 영등포구 신길동","useName":"제1종근린생활시설","floors":3.0,"height":10.6,"heightSource":"estimated","heightRaw":0.0,"sourceDate":"2026-09-09"},"geometry":{"type":"Polygon","coordinates":[[[126.9202529,37.51027636],[126.92018938,37.51023469],[126.92011409,37.51030754],[126.92017772,37.51034921],[126.9202529,37.51027636]]]}},{"type":"Feature","id":"seoul-building-509174","properties":{"id":"seoul-building-509174","sourceId":"1990192914744456223300000000","pnu":"1156013200100950168","name":"서울특별시 영등포구 신길동","address":"서울특별시 영등포구 신길동","useName":"단독주택","floors":3.0,"height":10.6,"heightSource":"estimated","heightRaw":0.0,"sourceDate":"2026-09-09"},"geometry":{"type":"Polygon","coordinates":[[[126.92074744,37.51279924],[126.92071979,37.51274291],[126.92058005,37.51278426],[126.92056114,37.51280551],[126.92055366,37.51281406],[126.92057319,37.51285372],[126.92072719,37.51280553],[126.92074744,37.51279924]]]}},{"type":"Feature","id":"seoul-building-509175","properties":{"id":"seoul-building-509175","sourceId":"1986192897404455771900000000","pnu":"1156013200100950201","name":"서울특별시 영등포구 신길동","address":"서울특별시 영등포구 신길동","useName":"제1종근린생활시설","floors":3.0,"height":10.6,"heightSource":"estimated","heightRaw":0.0,"sourceDate":"2026-09-09"},"geometry":{"type":"Polygon","coordinates":[[[126.9205247,37.51240175],[126.92049491,37.51233893],[126.92039839,37.5123676],[126.92038491,37.51239282],[126.92040635,37.51244203],[126.92051542,37.51241174],[126.92051293,37.51240606],[126.9205247,37.51240175]]]}},{"type":"Feature","id":"seoul-building-509176","properties":{"id":"seoul-building-509176","sourceId":"1971193144654456303000000000","pnu":"1156013200104490002","name":"서울특별시 영등포구 신길동","address":"서울특별시 영등포구 신길동","useName":"제2종근린생활시설","floors":3.0,"height":10.6,"heightSource":"estimated","heightRaw":0.0,"sourceDate":"2026-09-09"},"geometry":{"type":"Polygon","coordinates":[[[126.92324691,37.51280413],[126.92323594,37.51280232],[126.92322406,37.51280403],[126.92316942,37.5128113],[126.92322189,37.51294558],[126.9233288,37.51292456],[126.92331415,37.51287752],[126.92330364,37.5128667],[126.92328073,37.51280884],[126.92324691,37.51280413]]]}},{"type":"Feature","id":"seoul-building-509195","properties":{"id":"seoul-building-509195","sourceId":"2000193024804453408800000000","pnu":"1156013200104650019","name":"서울특별시 영등포구 신길동","address":"서울특별시 영등포구 신길동","useName":"제2종근린생활시설","floors":4.0,"height":12.8,"heightSource":"measured","heightRaw":12.8,"sourceDate":"2026-09-09"},"geometry":{"type":"Polygon","coordinates":[[[126.92197658,37.51020688],[126.92183386,37.51019543],[126.9218326,37.5102057],[126.92179019,37.51020234],[126.92177639,37.51031108],[126.92200314,37.51032925],[126.92201569,37.51022601],[126.92197464,37.51022274],[126.92197658,37.51020688]]]}},{"type":"Feature","id":"seoul-building-509196","properties":{"id":"seoul-building-509196","sourceId":"1992193018044454509700000000","pnu":"1156013200104660009","name":"서울특별시 영등포구 신길동","address":"서울특별시 영등포구 신길동","useName":"제1종근린생활시설","floors":4.0,"height":13.8,"heightSource":"estimated","heightRaw":0.0,"sourceDate":"2026-09-09"},"geometry":{"type":"Polygon","coordinates":[[[126.92189205,37.51122748],[126.92175327,37.51121775],[126.92174631,37.51128225],[126.92188259,37.51129162],[126.92189205,37.51122748]]]}},{"type":"Feature","id":"seoul-building-509207","properties":{"id":"seoul-building-509207","sourceId":"0000193254944455413000000000","pnu":"1156013200111980000","name":"서울특별시 영등포구 신길동","address":"서울특별시 영등포구 신길동","useName":"","floors":0.0,"height":0,"heightSource":"unknown","heightRaw":0.0,"sourceDate":"2026-09-09"},"geometry":{"type":"Polygon","coordinates":[[[126.92452159,37.51207658],[126.92450782,37.51205252],[126.9244732,37.51206448],[126.92448516,37.51208764],[126.92452159,37.51207658]]]}},{"type":"Feature","id":"seoul-building-509213","properties":{"id":"seoul-building-509213","sourceId":"1993193032864455117800000000","pnu":"1156013200104520009","name":"서울특별시 영등포구 신길동","address":"서울특별시 영등포구 신길동","useName":"제2종근린생활시설","floors":5.0,"height":15.9,"heightSource":"measured","heightRaw":15.9,"sourceDate":"2026-09-09"},"geometry":{"type":"Polygon","coordinates":[[[126.92210157,37.51183471],[126.9220772,37.51177271],[126.92198692,37.51179526],[126.92194778,37.51169568],[126.92192255,37.51170197],[126.92190871,37.51184242],[126.92196128,37.51186967],[126.92210157,37.51183471]]]}},{"type":"Feature","id":"seoul-building-509259","properties":{"id":"seoul-building-509259","sourceId":"1999193074794456477200000000","pnu":"1156013200104490022","name":"신성빌딩","address":"서울특별시 영등포구 신길동","useName":"제2종근린생활시설","floors":9.0,"height":35.4,"heightSource":"measured","heightRaw":35.4,"sourceDate":"2026-09-09"},"geometry":{"type":"Polygon","coordinates":[[[126.92260351,37.51306924],[126.92255557,37.51293947],[126.92250341,37.51294781],[126.92250668,37.51296052],[126.92244423,37.5129721],[126.92242832,37.5129365],[126.92235105,37.51295447],[126.92237338,37.51301953],[126.92232054,37.51303103],[126.92235574,37.51311962],[126.92260351,37.51306924]]]}},{"type":"Feature","id":"seoul-building-509281","properties":{"id":"seoul-building-509281","sourceId":"2003192943574457607600000000","pnu":"1156013200100650051","name":"서울특별시 영등포구 신길동","address":"서울특별시 영등포구 신길동","useName":"단독주택","floors":4.0,"height":12.05,"heightSource":"measured","heightRaw":12.05,"sourceDate":"2026-09-09"},"geometry":{"type":"Polygon","coordinates":[[[126.9210635,37.51405834],[126.9210468,37.51401481],[126.9210356,37.51401741],[126.92102793,37.51399542],[126.92088798,37.51402938],[126.92090906,37.51409607],[126.9210635,37.51405834]]]}},{"type":"Feature","id":"seoul-building-509298","properties":{"id":"seoul-building-509298","sourceId":"0000193158534454007000000000","pnu":"1156013200112660000","name":"서울특별시 영등포구 신길동","address":"서울특별시 영등포구 신길동","useName":"","floors":0.0,"height":0,"heightSource":"unknown","heightRaw":0.0,"sourceDate":"2026-09-09"},"geometry":{"type":"Polygon","coordinates":[[[126.92345006,37.51081963],[126.92341921,37.51073807],[126.92335419,37.51075433],[126.92339615,37.51086699],[126.92346211,37.51085153],[126.92345006,37.51081963]]]}},{"type":"Feature","id":"seoul-building-509299","properties":{"id":"seoul-building-509299","sourceId":"1990192859314455042200000000","pnu":"1156013200100910028","name":"서울특별시 영등포구 신길동","address":"서울특별시 영등포구 신길동","useName":"제1종근린생활시설","floors":4.0,"height":13.8,"heightSource":"estimated","heightRaw":0.0,"sourceDate":"2026-09-09"},"geometry":{"type":"Polygon","coordinates":[[[126.92009305,37.51178661],[126.92004884,37.51167017],[126.92000789,37.51167861],[126.92000281,37.51166302],[126.91995394,37.51166975],[126.92000051,37.51180421],[126.92009305,37.51178661]]]}},{"type":"Feature","id":"seoul-building-509312","properties":{"id":"seoul-building-509312","sourceId":"2008193182534453321200000000","pnu":"1156013200111960000","name":"공군호텔","address":"서울특별시 영등포구 신길동","useName":"교육연구시설","floors":7.0,"height":37.35,"heightSource":"measured","heightRaw":37.35,"sourceDate":"2026-09-09"},"geometry":{"type":"Polygon","coordinates":[[[126.92352413,37.51027105],[126.92363715,37.5102423],[126.92373329,37.51047175],[126.92405923,37.51038537],[126.92387304,37.51006747],[126.92378684,37.50986234],[126.92351146,37.5099319],[126.92352579,37.50996318],[126.92350748,37.50996849],[126.9235541,37.51005024],[126.92345964,37.51007432],[126.92341042,37.50997004],[126.92329494,37.50998727],[126.92336212,37.51009093],[126.92332388,37.51010667],[126.92335559,37.51017354],[126.92339633,37.51015573],[126.92350778,37.51054206],[126.92358879,37.51052725],[126.92352413,37.51027105]]]}},{"type":"Feature","id":"seoul-building-509342","properties":{"id":"seoul-building-509342","sourceId":"0000193173834453954000000000","pnu":"1156013200112660000","name":"서울특별시 영등포구 신길동","address":"서울특별시 영등포구 신길동","useName":"","floors":0.0,"height":0,"heightSource":"unknown","heightRaw":0.0,"sourceDate":"2026-09-09"},"geometry":{"type":"Polygon","coordinates":[[[126.92373753,37.51075476],[126.92370749,37.51068518],[126.92369611,37.51065886],[126.92341881,37.51073482],[126.92341953,37.51073673],[126.9234504,37.51081828],[126.92346314,37.51085188],[126.92374609,37.51077459],[126.92373753,37.51075476]]]}},{"type":"Feature","id":"seoul-building-509365","properties":{"id":"seoul-building-509365","sourceId":"0000193162854458671100000000","pnu":"1156013200100080030","name":"서울특별시 영등포구 신길동","address":"서울특별시 영등포구 신길동","useName":"","floors":0.0,"height":0,"heightSource":"unknown","heightRaw":0.0,"sourceDate":"2026-09-09"},"geometry":{"type":"Polygon","coordinates":[[[126.9234737,37.5150203],[126.92346163,37.51498056],[126.92343108,37.51498639],[126.92344529,37.51503298],[126.9234737,37.5150203]]]}},{"type":"Feature","id":"seoul-building-509366","properties":{"id":"seoul-building-509366","sourceId":"1966193208764455804600000000","pnu":"1156013200113310000","name":"서울특별시 영등포구 신길동","address":"서울특별시 영등포구 신길동","useName":"숙박시설","floors":3.0,"height":10.6,"heightSource":"estimated","heightRaw":0.0,"sourceDate":"2026-09-09"},"geometry":{"type":"Polygon","coordinates":[[[126.92405199,37.51249579],[126.92398758,37.51232924],[126.92392547,37.51234452],[126.92392355,37.51233974],[126.92389629,37.51234648],[126.92396262,37.51251781],[126.92405199,37.51249579]]]}},{"type":"Feature","id":"seoul-building-509367","properties":{"id":"seoul-building-509367","sourceId":"0000193188074453908600000000","pnu":"1156013200112660000","name":"서울특별시 영등포구 신길동","address":"서울특별시 영등포구 신길동","useName":"","floors":0.0,"height":0,"heightSource":"unknown","heightRaw":0.0,"sourceDate":"2026-09-09"},"geometry":{"type":"Polygon","coordinates":[[[126.92370749,37.51068518],[126.92373753,37.51075476],[126.92377587,37.51074352],[126.92374902,37.51067521],[126.92370749,37.51068518]]]}},{"type":"Feature","id":"seoul-building-509374","properties":{"id":"seoul-building-509374","sourceId":"1987193214124458592800000000","pnu":"1156013200100010020","name":"서울특별시 영등포구 신길동","address":"서울특별시 영등포구 신길동","useName":"단독주택","floors":2.0,"height":7.4,"heightSource":"estimated","heightRaw":0.0,"sourceDate":"2026-09-09"},"geometry":{"type":"Polygon","coordinates":[[[126.92404516,37.51500589],[126.92409461,37.51498529],[126.92409732,37.51498944],[126.9241178,37.51498089],[126.92410865,37.51496692],[126.92410379,37.51496899],[126.92402631,37.51485928],[126.92395264,37.5148923],[126.92403204,37.51500363],[126.92404098,37.51499949],[126.92404516,37.51500589]]]}},{"type":"Feature","id":"seoul-building-509381","properties":{"id":"seoul-building-509381","sourceId":"0000193192354454634500000000","pnu":"1156013200112660000","name":"서울특별시 영등포구 신길동","address":"서울특별시 영등포구 신길동","useName":"","floors":0.0,"height":0,"heightSource":"unknown","heightRaw":0.0,"sourceDate":"2026-09-09"},"geometry":{"type":"Polygon","coordinates":[[[126.92381323,37.51137614],[126.92380172,37.51135018],[126.92376631,37.51136052],[126.92377917,37.51138711],[126.92381323,37.51137614]]]}},{"type":"Feature","id":"seoul-building-509389","properties":{"id":"seoul-building-509389","sourceId":"1992192864124453279400000000","pnu":"1156013200101200004","name":"서울특별시 영등포구 신길동","address":"서울특별시 영등포구 신길동","useName":"제1종근린생활시설","floors":3.0,"height":10.6,"heightSource":"estimated","heightRaw":0.0,"sourceDate":"2026-09-09"},"geometry":{"type":"Polygon","coordinates":[[[126.92015395,37.51014808],[126.92005641,37.51008558],[126.92000636,37.51013519],[126.92002648,37.51014809],[126.92002986,37.51016169],[126.92009825,37.51020454],[126.92015395,37.51014808]]]}},{"type":"Feature","id":"seoul-building-509459","properties":{"id":"seoul-building-509459","sourceId":"2009193194914454238900000000","pnu":"1156013200112660000","name":"서울특별시 영등포구 신길동","address":"서울특별시 영등포구 신길동","useName":"교정및군사시설","floors":3.0,"height":11.7,"heightSource":"measured","heightRaw":11.7,"sourceDate":"2026-09-09"},"geometry":{"type":"Polygon","coordinates":[[[126.9238948,37.51101894],[126.92387505,37.510971],[126.92382756,37.51085564],[126.92369643,37.51088988],[126.92381107,37.51116836],[126.9239422,37.51113412],[126.9238948,37.51101894]]]}},{"type":"Feature","id":"seoul-building-509460","properties":{"id":"seoul-building-509460","sourceId":"1984193042934455582300000000","pnu":"1156013200104510002","name":"성애병원 4동","address":"서울특별시 영등포구 신길동","useName":"의료시설","floors":6.0,"height":23.6,"heightSource":"measured","heightRaw":23.6,"sourceDate":"2026-09-09"},"geometry":{"type":"Polygon","coordinates":[[[126.92202621,37.51229364],[126.92205982,37.51228528],[126.92206275,37.51229231],[126.92218132,37.51226049],[126.92217929,37.51225571],[126.92220995,37.51224735],[126.92216616,37.51214371],[126.92198853,37.51219153],[126.92202621,37.51229364]]]}},{"type":"Feature","id":"seoul-building-509480","properties":{"id":"seoul-building-509480","sourceId":"1991193016614454799000000000","pnu":"1156013200104660005","name":"서울특별시 영등포구 신길동","address":"서울특별시 영등포구 신길동","useName":"제1종근린생활시설","floors":3.0,"height":10.6,"heightSource":"estimated","heightRaw":0.0,"sourceDate":"2026-09-09"},"geometry":{"type":"Polygon","coordinates":[[[126.92186226,37.51148073],[126.92174837,37.51146912],[126.92174954,37.51154499],[126.92176298,37.51155716],[126.92184951,37.51155992],[126.92186226,37.51148073]]]}},{"type":"Feature","id":"seoul-building-509481","properties":{"id":"seoul-building-509481","sourceId":"1971193135604456369900000000","pnu":"1156013200104490006","name":"서울특별시 영등포구 신길동","address":"서울특별시 영등포구 신길동","useName":"제1종근린생활시설","floors":3.0,"height":10.6,"heightSource":"estimated","heightRaw":0.0,"sourceDate":"2026-09-09"},"geometry":{"type":"Polygon","coordinates":[[[126.92322019,37.51294666],[126.92319299,37.5128842],[126.92307566,37.51291395],[126.92309823,37.51298037],[126.92322019,37.51294666]]]}},{"type":"Feature","id":"seoul-building-509482","properties":{"id":"seoul-building-509482","sourceId":"1978193074914459312000000000","pnu":"1156013200100090129","name":"서울특별시 영등포구 신길동","address":"서울특별시 영등포구 신길동","useName":"단독주택","floors":3.0,"height":10.6,"heightSource":"estimated","heightRaw":0.0,"sourceDate":"2026-09-09"},"geometry":{"type":"Polygon","coordinates":[[[126.92242927,37.5156287],[126.92250339,37.51559937],[126.92250791,37.51560406],[126.92252002,37.51559659],[126.92248057,37.51553311],[126.92240702,37.51556579],[126.92240149,37.5155857],[126.92242927,37.5156287]]]}},{"type":"Feature","id":"seoul-building-509483","properties":{"id":"seoul-building-509483","sourceId":"1978193082774459271200000000","pnu":"1156013200100090130","name":"서울특별시 영등포구 신길동","address":"서울특별시 영등포구 신길동","useName":"단독주택","floors":3.0,"height":10.6,"heightSource":"estimated","heightRaw":0.0,"sourceDate":"2026-09-09"},"geometry":{"type":"Polygon","coordinates":[[[126.92251901,37.51558758],[126.92257186,37.51556815],[126.92257479,37.51557329],[126.92260806,37.51556106],[126.92257452,37.51550968],[126.92255043,37.51550633],[126.92248661,37.51553188],[126.92251901,37.51558758]]]}},{"type":"Feature","id":"seoul-building-509498","properties":{"id":"seoul-building-509498","sourceId":"1992193177264454328600000000","pnu":"1156013200112660000","name":"서울특별시 영등포구 신길동","address":"서울특별시 영등포구 신길동","useName":"교정및군사시설","floors":6.0,"height":20.2,"heightSource":"estimated","heightRaw":0.0,"sourceDate":"2026-09-09"},"geometry":{"type":"Polygon","coordinates":[[[126.92378336,37.51127971],[126.92361333,37.51086568],[126.92345584,37.51090522],[126.92362599,37.51132007],[126.92378336,37.51127971]]]}},{"type":"Feature","id":"seoul-building-509532","properties":{"id":"seoul-building-509532","sourceId":"2001192947954455378400000000","pnu":"1156013200100890116","name":"서울특별시 영등포구 신길동","address":"서울특별시 영등포구 신길동","useName":"공동주택","floors":5.0,"height":14.9,"heightSource":"measured","heightRaw":14.9,"sourceDate":"2026-09-09"},"geometry":{"type":"Polygon","coordinates":[[[126.92110483,37.51208075],[126.92105891,37.51196386],[126.92100947,37.51197635],[126.92101455,37.5119878],[126.92098841,37.51199526],[126.92098356,37.51198453],[126.92094159,37.51199658],[126.92099078,37.51210509],[126.92110483,37.51208075]]]}},{"type":"Feature","id":"seoul-building-509544","properties":{"id":"seoul-building-509544","sourceId":"1976193142364455751600000000","pnu":"1156013200104500038","name":"서울특별시 영등포구 신길동","address":"서울특별시 영등포구 신길동","useName":"제1종근린생활시설","floors":3.0,"height":10.6,"heightSource":"estimated","heightRaw":0.0,"sourceDate":"2026-09-09"},"geometry":{"type":"Polygon","coordinates":[[[126.92332597,37.5123772],[126.92329291,37.5122932],[126.92317299,37.51232313],[126.92317535,37.51232962],[126.92311234,37.51234507],[126.92315532,37.51245511],[126.92330771,37.51241836],[126.92332597,37.5123772]]]}},{"type":"Feature","id":"seoul-building-509551","properties":{"id":"seoul-building-509551","sourceId":"1991192884484456058300000000","pnu":"1156013200100950151","name":"서울특별시 영등포구 신길동","address":"서울특별시 영등포구 신길동","useName":"제1종근린생활시설","floors":3.0,"height":10.6,"heightSource":"estimated","heightRaw":0.0,"sourceDate":"2026-09-09"},"geometry":{"type":"Polygon","coordinates":[[[126.92025902,37.51270521],[126.92032668,37.5126903],[126.92032273,37.51267876],[126.92038857,37.51266447],[126.92036512,37.51259589],[126.92023604,37.51262392],[126.92023761,37.51262843],[126.92022766,37.51263059],[126.92024829,37.51269097],[126.92025112,37.51269007],[126.92025902,37.51270521]]]}},{"type":"Feature","id":"seoul-building-509556","properties":{"id":"seoul-building-509556","sourceId":"0000193189944456673100000000","pnu":"1156013200100700025","name":"서울특별시 영등포구 신길동","address":"서울특별시 영등포구 신길동","useName":"단독주택","floors":3.0,"height":10.6,"heightSource":"estimated","heightRaw":0.0,"sourceDate":"2026-09-09"},"geometry":{"type":"Polygon","coordinates":[[[126.92392443,37.51326445],[126.9238723,37.51312566],[126.92357045,37.51319907],[126.92359685,37.51326928],[126.92382743,37.51321429],[126.92385473,37.51328098],[126.92392443,37.51326445]]]}},{"type":"Feature","id":"seoul-building-509571","properties":{"id":"seoul-building-509571","sourceId":"0000192874404457639500000000","pnu":"1156013200100960001","name":"서울특별시 영등포구 신길동","address":"서울특별시 영등포구 신길동","useName":"제1종근린생활시설","floors":3.0,"height":10.6,"heightSource":"estimated","heightRaw":0.0,"sourceDate":"2026-09-09"},"geometry":{"type":"Polygon","coordinates":[[[126.92027212,37.51411547],[126.92023016,37.51399651],[126.92011499,37.51402193],[126.92015177,37.51411926],[126.92012223,37.51413203],[126.92014335,37.51416304],[126.9201713,37.5141509],[126.92016441,37.51413936],[126.92027212,37.51411547]]]}},{"type":"Feature","id":"seoul-building-509574","properties":{"id":"seoul-building-509574","sourceId":"1985193125094457925500000000","pnu":"1156013200100030037","name":"서울특별시 영등포구 신길동","address":"서울특별시 영등포구 신길동","useName":"단독주택","floors":1.0,"height":4.2,"heightSource":"estimated","heightRaw":0.0,"sourceDate":"2026-09-09"},"geometry":{"type":"Polygon","coordinates":[[[126.9230855,37.51435799],[126.92301826,37.51429343],[126.92296405,37.51433115],[126.9230649,37.51436798],[126.9230855,37.51435799]]]}},{"type":"Feature","id":"seoul-building-509610","properties":{"id":"seoul-building-509610","sourceId":"1993193004834455938100000000","pnu":"1156013200100940022","name":"서울특별시 영등포구 신길동","address":"서울특별시 영등포구 신길동","useName":"단독주택","floors":4.0,"height":11.7,"heightSource":"measured","heightRaw":11.7,"sourceDate":"2026-09-09"},"geometry":{"type":"Polygon","coordinates":[[[126.92173072,37.51255869],[126.92170398,37.51249524],[126.9216146,37.51252303],[126.92160814,37.51253627],[126.92162754,37.51258592],[126.92173072,37.51255869]]]}},{"type":"Feature","id":"seoul-building-509614","properties":{"id":"seoul-building-509614","sourceId":"1960192903004456989500000000","pnu":"1156013200100960015","name":"서울특별시 영등포구 신길동","address":"서울특별시 영등포구 신길동","useName":"제2종근린생활시설","floors":3.0,"height":10.6,"heightSource":"estimated","heightRaw":0.0,"sourceDate":"2026-09-09"},"geometry":{"type":"Polygon","coordinates":[[[126.92059827,37.51342912],[126.9205845,37.51339866],[126.92053483,37.51341286],[126.92053324,37.51340935],[126.92040924,37.51343683],[126.92045638,37.51357976],[126.92060209,37.51354905],[126.92059827,37.51342912]]]}},{"type":"Feature","id":"seoul-building-509617","properties":{"id":"seoul-building-509617","sourceId":"1964193187864456215500000000","pnu":"1156013200113200000","name":"서울특별시 영등포구 신길동","address":"서울특별시 영등포구 신길동","useName":"제2종근린생활시설","floors":2.0,"height":7.4,"heightSource":"estimated","heightRaw":0.0,"sourceDate":"2026-09-09"},"geometry":{"type":"Polygon","coordinates":[[[126.92379663,37.51280386],[126.92377716,37.51275106],[126.92367543,37.51277376],[126.92368782,37.51280406],[126.9237009,37.51283614],[126.92379934,37.51281062],[126.92379663,37.51280386]]]}},{"type":"Feature","id":"seoul-building-509672","properties":{"id":"seoul-building-509672","sourceId":"2006192994974455202500000000","pnu":"1156013200104660001","name":"서울특별시 영등포구 신길동","address":"서울특별시 영등포구 신길동","useName":"제2종근린생활시설","floors":4.0,"height":13.8,"heightSource":"measured","heightRaw":13.8,"sourceDate":"2026-09-09"},"geometry":{"type":"Polygon","coordinates":[[[126.92163498,37.51195685],[126.92156741,37.51178517],[126.92152227,37.51179243],[126.92152002,37.51178063],[126.92148359,37.51179016],[126.92149792,37.51182044],[126.92148763,37.51182178],[126.92154866,37.51197743],[126.92163498,37.51195685]]]}},{"type":"Feature","id":"seoul-building-509683","properties":{"id":"seoul-building-509683","sourceId":"0000193114584455646900000000","pnu":"1156013200104500025","name":"서울특별시 영등포구 신길동","address":"서울특별시 영등포구 신길동","useName":"","floors":0.0,"height":0,"heightSource":"unknown","heightRaw":0.0,"sourceDate":"2026-09-09"},"geometry":{"type":"Polygon","coordinates":[[[126.92310298,37.51231218],[126.92303732,37.51214816],[126.9229166,37.51217844],[126.92273117,37.51222653],[126.92277053,37.51233675],[126.92276114,37.51234088],[126.92279475,37.5124274],[126.92291682,37.5123973],[126.92291807,37.51239694],[126.92291683,37.51239387],[126.92290431,37.51236242],[126.92291686,37.51235928],[126.92310298,37.51231218]]]}},{"type":"Feature","id":"seoul-building-509690","properties":{"id":"seoul-building-509690","sourceId":"1956193264814455969600000000","pnu":"1156013200112990000","name":"서울특별시 영등포구 신길동","address":"서울특별시 영등포구 신길동","useName":"제2종근린생활시설","floors":2.0,"height":4.75,"heightSource":"measured","heightRaw":4.75,"sourceDate":"2026-09-09"},"geometry":{"type":"Polygon","coordinates":[[[126.9246982,37.51259738],[126.92465847,37.51250942],[126.92451988,37.51254564],[126.92455643,37.51263441],[126.9246982,37.51259738]]]}},{"type":"Feature","id":"seoul-building-509707","properties":{"id":"seoul-building-509707","sourceId":"1956193091364458751500000000","pnu":"1156013200100080009","name":"서울특별시 영등포구 신길동","address":"서울특별시 영등포구 신길동","useName":"","floors":0.0,"height":0,"heightSource":"unknown","heightRaw":0.0,"sourceDate":"2026-09-09"},"geometry":{"type":"Polygon","coordinates":[[[126.92259419,37.51506439],[126.92261474,37.51511146],[126.9226936,37.51508962],[126.92267261,37.51504275],[126.92259419,37.51506439]]]}},{"type":"Feature","id":"seoul-building-509789","properties":{"id":"seoul-building-509789","sourceId":"1960193066944458311600000000","pnu":"1156013200100050013","name":"서울특별시 영등포구 신길동","address":"서울특별시 영등포구 신길동","useName":"제1종근린생활시설","floors":1.0,"height":4.2,"heightSource":"estimated","heightRaw":0.0,"sourceDate":"2026-09-09"},"geometry":{"type":"Polygon","coordinates":[[[126.92240117,37.51468695],[126.92237859,37.51465233],[126.92234271,37.5146742],[126.92234346,37.51470664],[126.92240117,37.51468695]]]}},{"type":"Feature","id":"seoul-building-509805","properties":{"id":"seoul-building-509805","sourceId":"1992193134164454583800000000","pnu":"1156013200112760000","name":"서울특별시 영등포구 신길동","address":"서울특별시 영등포구 신길동","useName":"제1종근린생활시설","floors":5.0,"height":17.0,"heightSource":"estimated","heightRaw":0.0,"sourceDate":"2026-09-09"},"geometry":{"type":"Polygon","coordinates":[[[126.92322159,37.51135737],[126.92318302,37.51124977],[126.92304851,37.51128293],[126.92306103,37.51131528],[126.92305005,37.51131951],[126.9230787,37.51139485],[126.92322159,37.51135737]]]}},{"type":"Feature","id":"seoul-building-509844","properties":{"id":"seoul-building-509844","sourceId":"1962192889044457053300000000","pnu":"1156013200100960023","name":"서울특별시 영등포구 신길동","address":"서울특별시 영등포구 신길동","useName":"제2종근린생활시설","floors":2.0,"height":7.4,"heightSource":"estimated","heightRaw":0.0,"sourceDate":"2026-09-09"},"geometry":{"type":"Polygon","coordinates":[[[126.92041575,37.51359694],[126.92038829,37.51347024],[126.9203015,37.51349433],[126.92031471,37.51352831],[126.92029659,37.51353271],[126.92032965,37.51361725],[126.92041575,37.51359694]]]}},{"type":"Feature","id":"seoul-building-509899","properties":{"id":"seoul-building-509899","sourceId":"0000193224614464002600000000","pnu":"1156011000100370000","name":"서울특별시 영등포구 여의도동","address":"서울특별시 영등포구 여의도동","useName":"공동주택","floors":2.0,"height":6.9,"heightSource":"estimated","heightRaw":0.0,"sourceDate":"2026-09-09"},"geometry":{"type":"Polygon","coordinates":[[[126.92421913,37.51981186],[126.92412065,37.51975468],[126.9240731,37.51980709],[126.92417168,37.51986382],[126.92421913,37.51981186]]]}},{"type":"Feature","id":"seoul-building-509906","properties":{"id":"seoul-building-509906","sourceId":"0000193264404464002200000000","pnu":"1156011000100370002","name":"서울특별시 영등포구 여의도동","address":"서울특별시 영등포구 여의도동","useName":"","floors":0.0,"height":0,"heightSource":"unknown","heightRaw":0.0,"sourceDate":"2026-09-09"},"geometry":{"type":"Polygon","coordinates":[[[126.92462726,37.51981168],[126.92458498,37.51978678],[126.92456505,37.51980731],[126.92460824,37.51983158],[126.92462726,37.51981168]]]}},{"type":"Feature","id":"seoul-building-509943","properties":{"id":"seoul-building-509943","sourceId":"0000193154174455238200000000","pnu":"1156013200112830000","name":"서울특별시 영등포구 신길동","address":"서울특별시 영등포구 신길동","useName":"","floors":0.0,"height":0,"heightSource":"unknown","heightRaw":0.0,"sourceDate":"2026-09-09"},"geometry":{"type":"Polygon","coordinates":[[[126.92340264,37.51194521],[126.92336766,37.51186536],[126.92331007,37.51188145],[126.92335173,37.51195942],[126.92340264,37.51194521]]]}},{"type":"Feature","id":"seoul-building-509944","properties":{"id":"seoul-building-509944","sourceId":"1959193225994456064400000000","pnu":"1156013200113300000","name":"서울특별시 영등포구 신길동","address":"서울특별시 영등포구 신길동","useName":"제1종근린생활시설","floors":2.0,"height":7.4,"heightSource":"estimated","heightRaw":0.0,"sourceDate":"2026-09-09"},"geometry":{"type":"Polygon","coordinates":[[[126.92423886,37.51271107],[126.92418595,37.51258048],[126.92410098,37.51260241],[126.92414994,37.51273264],[126.92423886,37.51271107]]]}},{"type":"Feature","id":"seoul-building-509960","properties":{"id":"seoul-building-509960","sourceId":"0000193153234463291200000000","pnu":"1156011000100380002","name":"서울특별시 영등포구 여의도동","address":"서울특별시 영등포구 여의도동","useName":"","floors":0.0,"height":0,"heightSource":"unknown","heightRaw":0.0,"sourceDate":"2026-09-09"},"geometry":{"type":"Polygon","coordinates":[[[126.92363273,37.51924088],[126.92359047,37.5192147],[126.92317851,37.51895947],[126.92304365,37.51909013],[126.92349922,37.51937784],[126.92363273,37.51924088]]]}},{"type":"Feature","id":"seoul-building-509970","properties":{"id":"seoul-building-509970","sourceId":"1985193068004458394800000000","pnu":"1156013200100040018","name":"서울특별시 영등포구 신길동","address":"서울특별시 영등포구 신길동","useName":"제1종근린생활시설","floors":1.0,"height":4.2,"heightSource":"estimated","heightRaw":0.0,"sourceDate":"2026-09-09"},"geometry":{"type":"Polygon","coordinates":[[[126.92241509,37.51479057],[126.92239809,37.51471334],[126.92234469,37.51472006],[126.92236181,37.51479801],[126.92241509,37.51479057]]]}},{"type":"Feature","id":"seoul-building-510009","properties":{"id":"seoul-building-510009","sourceId":"0000193132844456827900000000","pnu":"1156013200100700048","name":"서울특별시 영등포구 신길동","address":"서울특별시 영등포구 신길동","useName":"","floors":0.0,"height":0,"heightSource":"unknown","heightRaw":0.0,"sourceDate":"2026-09-09"},"geometry":{"type":"Polygon","coordinates":[[[126.92316207,37.51336973],[126.92313703,37.51329772],[126.92307729,37.51331516],[126.92307993,37.51338742],[126.92316207,37.51336973]]]}},{"type":"Feature","id":"seoul-building-510010","properties":{"id":"seoul-building-510010","sourceId":"0000193140894456818600000000","pnu":"1156013200100700046","name":"서울특별시 영등포구 신길동","address":"서울특별시 영등포구 신길동","useName":"","floors":0.0,"height":0,"heightSource":"unknown","heightRaw":0.0,"sourceDate":"2026-09-09"},"geometry":{"type":"Polygon","coordinates":[[[126.92323756,37.51332317],[126.92322315,37.51327866],[126.92315151,37.51329332],[126.92319631,37.51339696],[126.92325582,37.51337961],[126.92323756,37.51332317]]]}},{"type":"Feature","id":"seoul-building-510017","properties":{"id":"seoul-building-510017","sourceId":"1961193025294457170900000000","pnu":"1156013200100660013","name":"서울특별시 영등포구 신길동","address":"서울특별시 영등포구 신길동","useName":"제1종근린생활시설","floors":2.0,"height":7.4,"heightSource":"estimated","heightRaw":0.0,"sourceDate":"2026-09-09"},"geometry":{"type":"Polygon","coordinates":[[[126.92198965,37.51372792],[126.92193551,37.51358562],[126.92178062,37.5136229],[126.92179924,37.51367202],[126.92189574,37.51365172],[126.92190352,37.51367506],[126.92191031,37.51367363],[126.92193523,37.51374086],[126.92198965,37.51372792]]]}},{"type":"Feature","id":"seoul-building-510018","properties":{"id":"seoul-building-510018","sourceId":"1981193044484456453200000000","pnu":"1156013200104690002","name":"서울특별시 영등포구 신길동","address":"서울특별시 영등포구 신길동","useName":"제1종근린생활시설","floors":2.0,"height":7.4,"heightSource":"estimated","heightRaw":0.0,"sourceDate":"2026-09-09"},"geometry":{"type":"Polygon","coordinates":[[[126.92219863,37.51301563],[126.92217731,37.51296111],[126.92203317,37.51299606],[126.92205393,37.51305104],[126.92219863,37.51301563]]]}},{"type":"Feature","id":"seoul-building-510019","properties":{"id":"seoul-building-510019","sourceId":"1967193057734457043100000000","pnu":"1156013200100690024","name":"서울특별시 영등포구 신길동","address":"서울특별시 영등포구 신길동","useName":"단독주택","floors":1.0,"height":4.0,"heightSource":"measured","heightRaw":4.0,"sourceDate":"2026-09-09"},"geometry":{"type":"Polygon","coordinates":[[[126.9223776,37.51352716],[126.92235638,37.51348822],[126.92215941,37.51353684],[126.92218864,37.51359164],[126.9223776,37.51352716]]]}},{"type":"Feature","id":"seoul-building-510037","properties":{"id":"seoul-building-510037","sourceId":"1980192895384456561900000000","pnu":"1156013200100950121","name":"서울특별시 영등포구 신길동","address":"서울특별시 영등포구 신길동","useName":"제2종근린생활시설","floors":4.0,"height":12.2,"heightSource":"measured","heightRaw":12.2,"sourceDate":"2026-09-09"},"geometry":{"type":"Polygon","coordinates":[[[126.92036846,37.51317579],[126.92053523,37.51313941],[126.92049666,37.5130282],[126.920329,37.51306503],[126.92033711,37.51308882],[126.92032739,37.51309097],[126.92034971,37.51315586],[126.9203608,37.51315344],[126.92036846,37.51317579]]]}},{"type":"Feature","id":"seoul-building-510038","properties":{"id":"seoul-building-510038","sourceId":"1975192861264455662600000000","pnu":"1156013200100910018","name":"서울특별시 영등포구 신길동","address":"서울특별시 영등포구 신길동","useName":"제2종근린생활시설","floors":4.0,"height":11.2,"heightSource":"measured","heightRaw":11.2,"sourceDate":"2026-09-09"},"geometry":{"type":"Polygon","coordinates":[[[126.9201132,37.51230344],[126.92010261,37.51226243],[126.91997908,37.51227686],[126.91998808,37.51232498],[126.9201132,37.51230344]]]}},{"type":"Feature","id":"seoul-building-510051","properties":{"id":"seoul-building-510051","sourceId":"1995193026464455860300000000","pnu":"1156013200104680003","name":"서울특별시 영등포구 신길동","address":"서울특별시 영등포구 신길동","useName":"제1종근린생활시설","floors":3.0,"height":10.6,"heightSource":"estimated","heightRaw":0.0,"sourceDate":"2026-09-09"},"geometry":{"type":"Polygon","coordinates":[[[126.92187679,37.51251509],[126.92196651,37.51249038],[126.9219673,37.51249218],[126.9219854,37.51248733],[126.9219713,37.51245173],[126.92191986,37.51243151],[126.92184485,37.51245227],[126.92187114,37.51251284],[126.92187679,37.51251509]]]}},{"type":"Feature","id":"seoul-building-510052","properties":{"id":"seoul-building-510052","sourceId":"1991193145914458934800000000","pnu":"1156013200100090067","name":"서울특별시 영등포구 신길동","address":"서울특별시 영등포구 신길동","useName":"단독주택","floors":2.0,"height":7.4,"heightSource":"estimated","heightRaw":0.0,"sourceDate":"2026-09-09"},"geometry":{"type":"Polygon","coordinates":[[[126.9233306,37.51525168],[126.92327083,37.51518938],[126.92323416,37.5152117],[126.92323032,37.51520764],[126.92318912,37.51523266],[126.92325613,37.51529632],[126.92330174,37.51527148],[126.92329891,37.51526824],[126.9233306,37.51525168]]]}},{"type":"Feature","id":"seoul-building-510105","properties":{"id":"seoul-building-510105","sourceId":"1978192940494457462700000000","pnu":"1156013200100650082","name":"서울특별시 영등포구 신길동","address":"서울특별시 영등포구 신길동","useName":"제2종근린생활시설","floors":3.0,"height":10.6,"heightSource":"estimated","heightRaw":0.0,"sourceDate":"2026-09-09"},"geometry":{"type":"Polygon","coordinates":[[[126.92104122,37.51394696],[126.92099971,37.5138416],[126.92083577,37.51388249],[126.92087751,37.51398802],[126.92104122,37.51394696]]]}},{"type":"Feature","id":"seoul-building-510175","properties":{"id":"seoul-building-510175","sourceId":"1995193143564458762000000000","pnu":"1156013200100080024","name":"서울특별시 영등포구 신길동","address":"서울특별시 영등포구 신길동","useName":"단독주택","floors":3.0,"height":7.8,"heightSource":"measured","heightRaw":7.8,"sourceDate":"2026-09-09"},"geometry":{"type":"Polygon","coordinates":[[[126.92327125,37.5151027],[126.92325853,37.51503999],[126.92322856,37.51504249],[126.92319467,37.5151086],[126.92320574,37.5151351],[126.92327125,37.5151027]]]}},{"type":"Feature","id":"seoul-building-510213","properties":{"id":"seoul-building-510213","sourceId":"1974193085154455463300000000","pnu":"1156013200104510002","name":"서울특별시 영등포구 신길동","address":"서울특별시 영등포구 신길동","useName":"단독주택","floors":2.0,"height":7.4,"heightSource":"estimated","heightRaw":0.0,"sourceDate":"2026-09-09"},"geometry":{"type":"Polygon","coordinates":[[[126.92269121,37.51211899],[126.92263885,37.51200551],[126.92260636,37.51201595],[126.92261077,37.51203326],[126.92256053,37.51204701],[126.92255579,37.51203583],[126.9224569,37.51206289],[126.92252483,37.51222061],[126.922664,37.5121825],[126.92264821,37.51213158],[126.92269121,37.51211899]]]}},{"type":"Feature","id":"seoul-building-510214","properties":{"id":"seoul-building-510214","sourceId":"0000193023504454270100000000","pnu":"1156013200104700004","name":"서울특별시 영등포구 신길동","address":"서울특별시 영등포구 신길동","useName":"","floors":0.0,"height":0,"heightSource":"unknown","heightRaw":0.0,"sourceDate":"2026-09-09"},"geometry":{"type":"Polygon","coordinates":[[[126.92191917,37.51102991],[126.9218537,37.51101311],[126.92184268,37.51105013],[126.9219094,37.51106279],[126.92191917,37.51102991]]]}},{"type":"Feature","id":"seoul-building-510221","properties":{"id":"seoul-building-510221","sourceId":"1991193123354455096100000000","pnu":"1156013200104510019","name":"서울특별시 영등포구 신길동","address":"서울특별시 영등포구 신길동","useName":"단독주택","floors":2.0,"height":7.4,"heightSource":"estimated","heightRaw":0.0,"sourceDate":"2026-09-09"},"geometry":{"type":"Polygon","coordinates":[[[126.92308755,37.51180103],[126.92306115,37.51173398],[126.92293071,37.5117666],[126.9229571,37.51183365],[126.92308755,37.51180103]]]}},{"type":"Feature","id":"seoul-building-510222","properties":{"id":"seoul-building-510222","sourceId":"0000193050324456515200000000","pnu":"1156013200104690010","name":"서울특별시 영등포구 신길동","address":"서울특별시 영등포구 신길동","useName":"","floors":0.0,"height":0,"heightSource":"unknown","heightRaw":0.0,"sourceDate":"2026-09-09"},"geometry":{"type":"Polygon","coordinates":[[[126.92222684,37.51308088],[126.92220461,37.51302519],[126.92213741,37.51304253],[126.92215805,37.51309841],[126.92222684,37.51308088]]]}},{"type":"Feature","id":"seoul-building-510224","properties":{"id":"seoul-building-510224","sourceId":"0000193160004454119400000000","pnu":"1156013200112660000","name":"서울특별시 영등포구 신길동","address":"서울특별시 영등포구 신길동","useName":"","floors":0.0,"height":0,"heightSource":"unknown","heightRaw":0.0,"sourceDate":"2026-09-09"},"geometry":{"type":"Polygon","coordinates":[[[126.92345165,37.51091233],[126.92344263,37.51088539],[126.92339704,37.51089689],[126.92340583,37.51092212],[126.92345165,37.51091233]]]}},{"type":"Feature","id":"seoul-building-510225","properties":{"id":"seoul-building-510225","sourceId":"0000193200784454458500000000","pnu":"1156013200112660000","name":"서울특별시 영등포구 신길동","address":"서울특별시 영등포구 신길동","useName":"","floors":0.0,"height":0,"heightSource":"unknown","heightRaw":0.0,"sourceDate":"2026-09-09"},"geometry":{"type":"Polygon","coordinates":[[[126.92394913,37.51121008],[126.92393762,37.51118304],[126.92382347,37.51120775],[126.92383543,37.51123776],[126.92394913,37.51121008]]]}},{"type":"Feature","id":"seoul-building-510240","properties":{"id":"seoul-building-510240","sourceId":"1988192929814455470300000000","pnu":"1156013200100880003","name":"서울특별시 영등포구 신길동","address":"서울특별시 영등포구 신길동","useName":"제1종근린생활시설","floors":3.0,"height":10.6,"heightSource":"estimated","heightRaw":0.0,"sourceDate":"2026-09-09"},"geometry":{"type":"Polygon","coordinates":[[[126.92089895,37.51209421],[126.9208914,37.51207168],[126.92074467,37.51210268],[126.92076801,37.51217026],[126.92085162,37.51215176],[126.92089895,37.51209421]]]}},{"type":"Feature","id":"seoul-building-510295","properties":{"id":"seoul-building-510295","sourceId":"1966192876124457115700000000","pnu":"1156013200100960024","name":"서울특별시 영등포구 신길동","address":"서울특별시 영등포구 신길동","useName":"제2종근린생활시설","floors":2.0,"height":7.4,"heightSource":"estimated","heightRaw":0.0,"sourceDate":"2026-09-09"},"geometry":{"type":"Polygon","coordinates":[[[126.92032547,37.51361526],[126.92029433,37.51353028],[126.9201915,37.51355427],[126.92020019,37.51357778],[126.92008286,37.51360483],[126.92010576,37.5136663],[126.92032547,37.51361526]]]}},{"type":"Feature","id":"seoul-building-510296","properties":{"id":"seoul-building-510296","sourceId":"1985193000794459091900000000","pnu":"1156013200100070064","name":"서울특별시 영등포구 신길동","address":"서울특별시 영등포구 신길동","useName":"단독주택","floors":2.0,"height":7.4,"heightSource":"estimated","heightRaw":0.0,"sourceDate":"2026-09-09"},"geometry":{"type":"Polygon","coordinates":[[[126.92164319,37.51531046],[126.92161086,37.51533866],[126.92162397,37.51534822],[126.92154541,37.51540331],[126.92157263,37.51544378],[126.92168807,37.51538476],[126.92164319,37.51531046]]]}},{"type":"Feature","id":"seoul-building-510297","properties":{"id":"seoul-building-510297","sourceId":"0000193145844456771000000000","pnu":"1156013200100700051","name":"서울특별시 영등포구 신길동","address":"서울특별시 영등포구 신길동","useName":"","floors":0.0,"height":0,"heightSource":"unknown","heightRaw":0.0,"sourceDate":"2026-09-09"},"geometry":{"type":"Polygon","coordinates":[[[126.92330178,37.51330623],[126.92328418,37.51326369],[126.92322381,37.51327856],[126.92323813,37.51332302],[126.92330178,37.51330623]]]}},{"type":"Feature","id":"seoul-building-510314","properties":{"id":"seoul-building-510314","sourceId":"1992192879224455939100000000","pnu":"1156013200100950152","name":"서울특별시 영등포구 신길동","address":"서울특별시 영등포구 신길동","useName":"제2종근린생활시설","floors":4.0,"height":12.9,"heightSource":"measured","heightRaw":12.9,"sourceDate":"2026-09-09"},"geometry":{"type":"Polygon","coordinates":[[[126.92023019,37.51259401],[126.92034977,37.51256579],[126.92032056,37.51248567],[126.9201185,37.51253347],[126.92013328,37.51257313],[126.92020602,37.51255588],[126.92021832,37.51258886],[126.92022793,37.51258662],[126.92023019,37.51259401]]]}},{"type":"Feature","id":"seoul-building-510372","properties":{"id":"seoul-building-510372","sourceId":"1991192877814455800600000000","pnu":"1156013200100950153","name":"서울특별시 영등포구 신길동","address":"서울특별시 영등포구 신길동","useName":"제1종근린생활시설","floors":4.0,"height":13.8,"heightSource":"estimated","heightRaw":0.0,"sourceDate":"2026-09-09"},"geometry":{"type":"Polygon","coordinates":[[[126.9202917,37.51238807],[126.92023382,37.51235803],[126.92015644,37.51237825],[126.92018982,37.51247963],[126.92030918,37.5124471],[126.92030343,37.51243385],[126.92031044,37.51243178],[126.9202917,37.51238807]]]}},{"type":"Feature","id":"seoul-building-510373","properties":{"id":"seoul-building-510373","sourceId":"1997192900614455907600000000","pnu":"1156013200100950200","name":"서울특별시 영등포구 신길동","address":"서울특별시 영등포구 신길동","useName":"제2종근린생활시설","floors":4.0,"height":13.0,"heightSource":"measured","heightRaw":13.0,"sourceDate":"2026-09-09"},"geometry":{"type":"Polygon","coordinates":[[[126.92056052,37.51254053],[126.92053018,37.51246329],[126.92050585,37.51246985],[126.92050258,37.51246219],[126.9204184,37.51248493],[126.92045168,37.5125682],[126.92056052,37.51254053]]]}},{"type":"Feature","id":"seoul-building-510417","properties":{"id":"seoul-building-510417","sourceId":"1991192988864455506500000000","pnu":"1156013200100890167","name":"서울특별시 영등포구 신길동","address":"서울특별시 영등포구 신길동","useName":"단독주택","floors":3.0,"height":10.6,"heightSource":"estimated","heightRaw":0.0,"sourceDate":"2026-09-09"},"geometry":{"type":"Polygon","coordinates":[[[126.92144594,37.51220702],[126.92150093,37.51219066],[126.92150578,37.51220112],[126.92157186,37.51218143],[126.92153913,37.51211176],[126.9214499,37.51210566],[126.921406,37.51211834],[126.92144594,37.51220702]]]}},{"type":"Feature","id":"seoul-building-510418","properties":{"id":"seoul-building-510418","sourceId":"1988193113744458928300000000","pnu":"1156013200100080014","name":"서울특별시 영등포구 신길동","address":"서울특별시 영등포구 신길동","useName":"단독주택","floors":3.0,"height":10.6,"heightSource":"estimated","heightRaw":0.0,"sourceDate":"2026-09-09"},"geometry":{"type":"Polygon","coordinates":[[[126.92292516,37.51518581],[126.92291678,37.51518987],[126.922888,37.51520289],[126.92287747,37.51520772],[126.92282783,37.51523026],[126.92285696,37.5152929],[126.92291682,37.51526357],[126.92297194,37.51523648],[126.9229307,37.51518312],[126.92292516,37.51518581]]]}},{"type":"Feature","id":"seoul-building-510425","properties":{"id":"seoul-building-510425","sourceId":"1969193115974459141600000000","pnu":"1156013200100090059","name":"서울특별시 영등포구 신길동","address":"서울특별시 영등포구 신길동","useName":"단독주택","floors":3.0,"height":10.6,"heightSource":"estimated","heightRaw":0.0,"sourceDate":"2026-09-09"},"geometry":{"type":"Polygon","coordinates":[[[126.92299512,37.51545887],[126.92292781,37.51536241],[126.92291683,37.51536727],[126.92285006,37.51539741],[126.92291297,37.51549476],[126.92291681,37.51549323],[126.92299512,37.51545887]]]}},{"type":"Feature","id":"seoul-building-510426","properties":{"id":"seoul-building-510426","sourceId":"1997193050804455949500000000","pnu":"1156013200104500034","name":"서울특별시 영등포구 신길동","address":"서울특별시 영등포구 신길동","useName":"제1종근린생활시설","floors":3.0,"height":8.7,"heightSource":"measured","heightRaw":8.7,"sourceDate":"2026-09-09"},"geometry":{"type":"Polygon","coordinates":[[[126.92226424,37.5125677],[126.92223671,37.51250101],[126.9221092,37.51253931],[126.92213866,37.51260186],[126.92226424,37.5125677]]]}},{"type":"Feature","id":"seoul-building-510434","properties":{"id":"seoul-building-510434","sourceId":"1995193102404457004400000000","pnu":"1156013200100700001","name":"서울특별시 영등포구 신길동","address":"서울특별시 영등포구 신길동","useName":"위험물저장및처리시설","floors":3.0,"height":11.35,"heightSource":"measured","heightRaw":11.35,"sourceDate":"2026-09-09"},"geometry":{"type":"Polygon","coordinates":[[[126.9229175,37.51350202],[126.9229492,37.51347447],[126.92293253,37.51345856],[126.92291685,37.51347229],[126.92290519,37.51348246],[126.92287759,37.51348875],[126.92284905,37.51340952],[126.92267392,37.5134496],[126.92266305,37.51345689],[126.92261343,37.5135347],[126.92276641,37.5135968],[126.92286259,37.51354857],[126.92291682,37.51350255],[126.9229175,37.51350202]]]}},{"type":"Feature","id":"seoul-building-510435","properties":{"id":"seoul-building-510435","sourceId":"0000193232354453692700000000","pnu":"1156013200112560000","name":"서울특별시 영등포구 신길동","address":"서울특별시 영등포구 신길동","useName":"","floors":0.0,"height":0,"heightSource":"unknown","heightRaw":0.0,"sourceDate":"2026-09-09"},"geometry":{"type":"Polygon","coordinates":[[[126.92429005,37.51051977],[126.92428147,37.5105003],[126.92420364,37.51052044],[126.92419526,37.51052656],[126.92420011,37.51053926],[126.92429005,37.51051977]]]}},{"type":"Feature","id":"seoul-building-510494","properties":{"id":"seoul-building-510494","sourceId":"1994192952824457760100000000","pnu":"1156013200100650073","name":"서울특별시 영등포구 신길동","address":"서울특별시 영등포구 신길동","useName":"단독주택","floors":4.0,"height":13.8,"heightSource":"estimated","heightRaw":0.0,"sourceDate":"2026-09-09"},"geometry":{"type":"Polygon","coordinates":[[[126.92112166,37.51414226],[126.92108197,37.51412962],[126.92104532,37.51413617],[126.92104464,37.51413419],[126.92100753,37.51414173],[126.92104611,37.51424141],[126.92114816,37.51421904],[126.92112166,37.51414226]]]}},{"type":"Feature","id":"seoul-building-510535","properties":{"id":"seoul-building-510535","sourceId":"1970193013584459771100000000","pnu":"1156013200100100015","name":"서울특별시 영등포구 신길동","address":"서울특별시 영등포구 신길동","useName":"제2종근린생활시설","floors":3.0,"height":9.7,"heightSource":"measured","heightRaw":9.7,"sourceDate":"2026-09-09"},"geometry":{"type":"Polygon","coordinates":[[[126.92187207,37.51606811],[126.92178064,37.51588469],[126.92165142,37.51592444],[126.92175031,37.51610678],[126.92187207,37.51606811]]]}},{"type":"Feature","id":"seoul-building-510541","properties":{"id":"seoul-building-510541","sourceId":"1985193052684456600500000000","pnu":"1156013200104690001","name":"서울특별시 영등포구 신길동","address":"서울특별시 영등포구 신길동","useName":"제1종근린생활시설","floors":3.0,"height":10.6,"heightSource":"estimated","heightRaw":0.0,"sourceDate":"2026-09-09"},"geometry":{"type":"Polygon","coordinates":[[[126.92225604,37.51316334],[126.92223293,37.51309639],[126.92215973,37.51311418],[126.92218567,37.51318186],[126.92225604,37.51316334]]]}},{"type":"Feature","id":"seoul-building-510542","properties":{"id":"seoul-building-510542","sourceId":"1987193104004459161200000000","pnu":"1156013200100090128","name":"서울특별시 영등포구 신길동","address":"서울특별시 영등포구 신길동","useName":"제2종근린생활시설","floors":2.0,"height":7.4,"heightSource":"estimated","heightRaw":0.0,"sourceDate":"2026-09-09"},"geometry":{"type":"Polygon","coordinates":[[[126.92285668,37.51545003],[126.92281975,37.51539523],[126.92271643,37.51544535],[126.92274963,37.51549583],[126.92285668,37.51545003]]]}},{"type":"Feature","id":"seoul-building-510552","properties":{"id":"seoul-building-510552","sourceId":"1992193088184458877400000000","pnu":"1156013200100080004","name":"서울특별시 영등포구 신길동","address":"서울특별시 영등포구 신길동","useName":"단독주택","floors":3.0,"height":10.6,"heightSource":"estimated","heightRaw":0.0,"sourceDate":"2026-09-09"},"geometry":{"type":"Polygon","coordinates":[[[126.92269203,37.51518981],[126.92266278,37.51514149],[126.92254839,37.5151772],[126.92253174,37.51520205],[126.92255036,37.5152427],[126.92269203,37.51518981]]]}},{"type":"Feature","id":"seoul-building-511802","properties":{"id":"seoul-building-511802","sourceId":"2008193179454455880200000000","pnu":"1156013200113290000","name":"서울특별시 영등포구 신길동","address":"서울특별시 영등포구 신길동","useName":"교육연구시설","floors":3.0,"height":14.1,"heightSource":"measured","heightRaw":14.1,"sourceDate":"2026-09-09"},"geometry":{"type":"Polygon","coordinates":[[[126.92373918,37.51256506],[126.92377833,37.51255372],[126.92382087,37.51254141],[126.92375418,37.51238621],[126.9234994,37.51245183],[126.92346712,37.51249325],[126.92350581,37.51258797],[126.92372417,37.51253135],[126.92373918,37.51256506]]]}},{"type":"Feature","id":"seoul-building-511803","properties":{"id":"seoul-building-511803","sourceId":"0000193224104455844700000000","pnu":"1156013200113310000","name":"서울특별시 영등포구 신길동","address":"서울특별시 영등포구 신길동","useName":"","floors":0.0,"height":0,"heightSource":"unknown","heightRaw":0.0,"sourceDate":"2026-09-09"},"geometry":{"type":"Polygon","coordinates":[[[126.92417489,37.51244704],[126.92418021,37.51244562],[126.92417647,37.51243713],[126.92411538,37.51245249],[126.92412937,37.51248431],[126.92414726,37.51248045],[126.92414397,37.51247188],[126.92417974,37.51246335],[126.92417489,37.51244704]]]}},{"type":"Feature","id":"seoul-building-511806","properties":{"id":"seoul-building-511806","sourceId":"0000193254854462628100000000","pnu":"1156011000100380002","name":"서울특별시 영등포구 여의도동","address":"서울특별시 영등포구 여의도동","useName":"","floors":0.0,"height":0,"heightSource":"unknown","heightRaw":0.0,"sourceDate":"2026-09-09"},"geometry":{"type":"Polygon","coordinates":[[[126.92437729,37.51856309],[126.92452662,37.51865653],[126.92460181,37.51857648],[126.92444998,37.51848691],[126.92437729,37.51856309]]]}},{"type":"Feature","id":"seoul-building-511988","properties":{"id":"seoul-building-511988","sourceId":"2008193010234457291000000000","pnu":"1156013200100660024","name":"루첸티","address":"서울특별시 영등포구 신길동","useName":"업무시설","floors":15.0,"height":52.03,"heightSource":"measured","heightRaw":52.03,"sourceDate":"2026-09-09"},"geometry":{"type":"Polygon","coordinates":[[[126.92180161,37.51378167],[126.92177318,37.5137093],[126.92175587,37.51371452],[126.92173194,37.51366396],[126.92164528,37.51368841],[126.92171059,37.51385838],[126.92179997,37.51383654],[126.92178305,37.51378959],[126.92180161,37.51378167]]]}},{"type":"Feature","id":"seoul-building-512002","properties":{"id":"seoul-building-512002","sourceId":"2008193190394455975900000000","pnu":"1156013200113290000","name":"서울특별시 영등포구 신길동","address":"서울특별시 영등포구 신길동","useName":"","floors":0.0,"height":0,"heightSource":"unknown","heightRaw":0.0,"sourceDate":"2026-09-09"},"geometry":{"type":"Polygon","coordinates":[[[126.92379324,37.51258999],[126.92377833,37.51255372],[126.92373918,37.51256506],[126.92375554,37.51260002],[126.92379324,37.51258999]]]}},{"type":"Feature","id":"seoul-building-512003","properties":{"id":"seoul-building-512003","sourceId":"1970193230854455891000000000","pnu":"1156013200113280000","name":"서울특별시 영등포구 신길동","address":"서울특별시 영등포구 신길동","useName":"제1종근린생활시설","floors":3.0,"height":10.6,"heightSource":"estimated","heightRaw":0.0,"sourceDate":"2026-09-09"},"geometry":{"type":"Polygon","coordinates":[[[126.92427395,37.51255909],[126.92424046,37.51247834],[126.92432011,37.51245731],[126.92430668,37.5124248],[126.92430643,37.51242424],[126.92420011,37.51245228],[126.9241957,37.51244155],[126.92418021,37.51244562],[126.92417489,37.51244704],[126.92418255,37.5124656],[126.92414759,37.51247513],[126.92415123,37.51248375],[126.92415921,37.51250263],[126.92419364,37.51258409],[126.92427532,37.51256243],[126.92427395,37.51255909]]]}},{"type":"Feature","id":"seoul-building-512004","properties":{"id":"seoul-building-512004","sourceId":"1978193219484463078900000000","pnu":"1156011000100380002","name":"윤중중학교","address":"서울특별시 영등포구 여의도동","useName":"교육연구시설","floors":5.0,"height":19.4,"heightSource":"measured","heightRaw":19.4,"sourceDate":"2026-09-09"},"geometry":{"type":"Polygon","coordinates":[[[126.92452662,37.51865653],[126.92437729,37.51856309],[126.92424037,37.51870463],[126.92423214,37.51871313],[126.9241992,37.51874716],[126.92400972,37.51894307],[126.92395144,37.51900324],[126.92393309,37.51902224],[126.92391913,37.51903672],[126.92390138,37.5190258],[126.92370355,37.5192303],[126.92371893,37.51923977],[126.92370885,37.51925021],[126.92371529,37.51925409],[126.92370363,37.51926616],[126.92384166,37.51935103],[126.92384993,37.51934248],[126.92385953,37.51934834],[126.923872,37.51933538],[126.92388646,37.51934422],[126.92407398,37.51915044],[126.92406008,37.51914187],[126.92406948,37.51913214],[126.92406541,37.51912962],[126.92417038,37.51902112],[126.92412233,37.51899162],[126.92413649,37.51897685],[126.92413988,37.51897884],[126.92428743,37.51882432],[126.92433344,37.5188521],[126.92452662,37.51865653]]]}},{"type":"Feature","id":"seoul-building-513808","properties":{"id":"seoul-building-513808","sourceId":"1965192902594454910100000000","pnu":"1156013200100880023","name":"서울특별시 영등포구 신길동","address":"서울특별시 영등포구 신길동","useName":"단독주택","floors":1.0,"height":4.2,"heightSource":"estimated","heightRaw":0.0,"sourceDate":"2026-09-09"},"geometry":{"type":"Polygon","coordinates":[[[126.92058577,37.51165323],[126.92056971,37.51155438],[126.92044482,37.51156556],[126.92045964,37.51167117],[126.92057898,37.51166053],[126.92057785,37.51165404],[126.92058577,37.51165323]],[[126.92049683,37.51158325],[126.92055203,37.51157996],[126.92055549,37.51162663],[126.92050108,37.51162984],[126.92049683,37.51158325]]]}},{"type":"Feature","id":"seoul-building-514064","properties":{"id":"seoul-building-514064","sourceId":"1987193236834458178100000000","pnu":"1156013200100020005","name":"서울특별시 영등포구 신길동","address":"서울특별시 영등포구 신길동","useName":"단독주택","floors":4.0,"height":13.8,"heightSource":"estimated","heightRaw":0.0,"sourceDate":"2026-09-09"},"geometry":{"type":"Polygon","coordinates":[[[126.92436191,37.51462966],[126.9243531,37.51450026],[126.92420402,37.51450675],[126.92420814,37.51457081],[126.92428906,37.51463286],[126.92436191,37.51462966]]]}},{"type":"Feature","id":"seoul-building-514065","properties":{"id":"seoul-building-514065","sourceId":"1996193176354458584400000000","pnu":"1156013200100080033","name":"서울특별시 영등포구 신길동","address":"서울특별시 영등포구 신길동","useName":"단독주택","floors":3.0,"height":9.05,"heightSource":"measured","heightRaw":9.05,"sourceDate":"2026-09-09"},"geometry":{"type":"Polygon","coordinates":[[[126.92370545,37.51491792],[126.92367496,37.51487123],[126.92352176,37.51491626],[126.92353281,37.51495006],[126.92351753,37.51495591],[126.92353142,37.51497898],[126.92355506,37.51498566],[126.92370545,37.51491792]]]}},{"type":"Feature","id":"seoul-building-514277","properties":{"id":"seoul-building-514277","sourceId":"2000193092034459471400000000","pnu":"1156013200100090102","name":"율산경로당","address":"서울특별시 영등포구 신길동","useName":"노유자시설","floors":3.0,"height":10.5,"heightSource":"measured","heightRaw":10.5,"sourceDate":"2026-09-09"},"geometry":{"type":"Polygon","coordinates":[[[126.92272219,37.5157717],[126.92265637,37.51565903],[126.92258327,37.51568628],[126.92260383,37.51571026],[126.9225915,37.51571476],[126.92262548,37.51577407],[126.9226532,37.51576643],[126.92266664,37.51578689],[126.92272219,37.5157717]]]}},{"type":"Feature","id":"seoul-building-514279","properties":{"id":"seoul-building-514279","sourceId":"1988192943024455973900000000","pnu":"1156013200100950101","name":"서울특별시 영등포구 신길동","address":"서울특별시 영등포구 신길동","useName":"단독주택","floors":3.0,"height":9.18,"heightSource":"measured","heightRaw":9.18,"sourceDate":"2026-09-09"},"geometry":{"type":"Polygon","coordinates":[[[126.92104196,37.51259067],[126.92102313,37.51254209],[126.92101419,37.51254605],[126.92100933,37.5125392],[126.9209591,37.51255367],[126.92094714,37.51252737],[126.92089995,37.51254076],[126.92093584,37.51262087],[126.92104196,37.51259067]]]}},{"type":"Feature","id":"seoul-building-514405","properties":{"id":"seoul-building-514405","sourceId":"2003192985104454411500000000","pnu":"1156013200104650001","name":"신길종합사회복지관","address":"서울특별시 영등포구 신길동","useName":"노유자시설","floors":4.0,"height":22.1,"heightSource":"measured","heightRaw":22.1,"sourceDate":"2026-09-09"},"geometry":{"type":"Polygon","coordinates":[[[126.92152192,37.51093801],[126.92152161,37.51091413],[126.92134437,37.51091753],[126.92135319,37.51124253],[126.9212948,37.51126484],[126.92129149,37.51128727],[126.92129645,37.51130773],[126.92131193,37.51132522],[126.92136249,37.51133291],[126.9213649,37.51140193],[126.9215349,37.51139826],[126.92154761,37.51135961],[126.92159776,37.51120034],[126.92153228,37.51119462],[126.92153122,37.51112903],[126.92154895,37.51094749],[126.92152192,37.51093801]]]}},{"type":"Feature","id":"seoul-building-514573","properties":{"id":"seoul-building-514573","sourceId":"1985192926314455814500000000","pnu":"1156013200100950209","name":"서울특별시 영등포구 신길동","address":"서울특별시 영등포구 신길동","useName":"단독주택","floors":2.0,"height":7.4,"heightSource":"estimated","heightRaw":0.0,"sourceDate":"2026-09-09"},"geometry":{"type":"Polygon","coordinates":[[[126.9208409,37.51244494],[126.92081156,37.5123805],[126.9207688,37.51239281],[126.92077049,37.5123966],[126.92073824,37.51240586],[126.9207475,37.51242623],[126.92071729,37.51243495],[126.92073557,37.51247532],[126.9208409,37.51244494]]]}},{"type":"Feature","id":"seoul-building-514582","properties":{"id":"seoul-building-514582","sourceId":"1995193123544454457000000000","pnu":"1156013200112780000","name":"서울특별시 영등포구 신길동","address":"서울특별시 영등포구 신길동","useName":"단독주택","floors":3.0,"height":11.3,"heightSource":"measured","heightRaw":11.3,"sourceDate":"2026-09-09"},"geometry":{"type":"Polygon","coordinates":[[[126.92307603,37.51123249],[126.9230406,37.51115741],[126.92295076,37.5111843],[126.92297715,37.51125639],[126.92307603,37.51123249]]]}},{"type":"Feature","id":"seoul-building-515756","properties":{"id":"seoul-building-515756","sourceId":"2018193104864453754000000000","pnu":"1156013200112420000","name":"서울특별시 영등포구 신길동","address":"서울특별시 영등포구 신길동","useName":"단독주택","floors":5.0,"height":14.1,"heightSource":"measured","heightRaw":14.1,"sourceDate":"2026-09-09"},"geometry":{"type":"Polygon","coordinates":[[[126.92273816,37.51063958],[126.92290844,37.51059633],[126.9228922,37.51055573],[126.92287652,37.51055971],[126.92287233,37.51055058],[126.92288834,37.51054611],[126.9228721,37.51050551],[126.92279504,37.51052595],[126.92280144,37.51053953],[126.92275012,37.51055257],[126.92274386,37.51053809],[126.92268274,37.51055373],[126.92269991,37.51059407],[126.92272663,37.51058686],[126.92273115,37.51059698],[126.9227215,37.51059909],[126.92273816,37.51063958]]]}},{"type":"Feature","id":"seoul-building-515830","properties":{"id":"seoul-building-515830","sourceId":"2018192866844458420500000000","pnu":"1156013200100970064","name":"서울특별시 영등포구 신길동","address":"서울특별시 영등포구 신길동","useName":"단독주택","floors":3.0,"height":9.7,"heightSource":"measured","heightRaw":9.7,"sourceDate":"2026-09-09"},"geometry":{"type":"Polygon","coordinates":[[[126.92005206,37.51482903],[126.92014083,37.51483832],[126.92015878,37.51473118],[126.92011965,37.51472635],[126.92012112,37.51471731],[126.92007181,37.51471223],[126.92006375,37.51475592],[126.9200605,37.51475559],[126.92005702,37.51478502],[126.92005913,37.51478524],[126.92005206,37.51482903]]]}},{"type":"Feature","id":"seoul-building-516093","properties":{"id":"seoul-building-516093","sourceId":"2018192871094459138800000000","pnu":"1156013200100640053","name":"신우빌","address":"서울특별시 영등포구 신길동","useName":"단독주택","floors":3.0,"height":10.5,"heightSource":"measured","heightRaw":10.5,"sourceDate":"2026-09-09"},"geometry":{"type":"Polygon","coordinates":[[[126.92014399,37.51547143],[126.92020908,37.51543796],[126.92016008,37.51537749],[126.92009455,37.51541042],[126.92014399,37.51547143]]]}},{"type":"Feature","id":"seoul-building-516219","properties":{"id":"seoul-building-516219","sourceId":"2018193045564457406000000000","pnu":"1156013200100690015","name":"드림하우스","address":"서울특별시 영등포구 신길동","useName":"제2종근린생활시설","floors":5.0,"height":16.05,"heightSource":"measured","heightRaw":16.05,"sourceDate":"2026-09-09"},"geometry":{"type":"Polygon","coordinates":[[[126.92210894,37.51395395],[126.92216134,37.513938],[126.92215569,37.51392622],[126.92217154,37.5139214],[126.92216872,37.51391551],[126.92220411,37.51390474],[126.92215248,37.51379705],[126.92214524,37.51379925],[126.92213383,37.51377543],[126.92206102,37.51379757],[126.9220873,37.5138481],[126.92206168,37.51385539],[126.92210894,37.51395395]]]}},{"type":"Feature","id":"seoul-building-516614","properties":{"id":"seoul-building-516614","sourceId":"1990193256674458547700000000","pnu":"1156013200100010010","name":"밤동산작은도서관","address":"서울특별시 영등포구 신길동","useName":"제1종근린생활시설","floors":3.0,"height":9.4,"heightSource":"measured","heightRaw":9.4,"sourceDate":"2026-09-09"},"geometry":{"type":"Polygon","coordinates":[[[126.92452171,37.5148244],[126.92443811,37.51486147],[126.92443691,37.51485979],[126.92443061,37.51486262],[126.92443375,37.51486706],[126.92443404,37.51486915],[126.92443492,37.51487192],[126.9244361,37.51487418],[126.92443758,37.51487621],[126.92443987,37.5148785],[126.92444372,37.51488114],[126.92444672,37.51488537],[126.92444791,37.51488484],[126.92450265,37.51496209],[126.92454869,37.51494139],[126.92455239,37.51494661],[126.92455831,37.51494395],[126.92455983,37.51494611],[126.92459633,37.5149297],[126.92452171,37.5148244]]]}},{"type":"Feature","id":"seoul-building-518692","properties":{"id":"seoul-building-518692","sourceId":"2016193121984455200100000000","pnu":"1156013200104510020","name":"더하룸","address":"서울특별시 영등포구 신길동","useName":"단독주택","floors":4.0,"height":11.55,"heightSource":"measured","heightRaw":11.55,"sourceDate":"2026-09-09"},"geometry":{"type":"Polygon","coordinates":[[[126.92290952,37.51193226],[126.92309778,37.51188356],[126.92308565,37.51185383],[126.9230935,37.5118518],[126.92308152,37.51182241],[126.92288541,37.51187313],[126.92290952,37.51193226]]]}},{"type":"Feature","id":"seoul-building-518708","properties":{"id":"seoul-building-518708","sourceId":"2010192870994459297800000000","pnu":"1156013200100630033","name":"주원주택","address":"서울특별시 영등포구 신길동","useName":"공동주택","floors":5.0,"height":15.0,"heightSource":"measured","heightRaw":15.0,"sourceDate":"2026-09-09"},"geometry":{"type":"Polygon","coordinates":[[[126.92021849,37.51557449],[126.92016047,37.51551174],[126.92008125,37.51555559],[126.92014472,37.51562652],[126.92021849,37.51557449]]]}},{"type":"Feature","id":"seoul-building-518722","properties":{"id":"seoul-building-518722","sourceId":"2007193154684457725000000000","pnu":"1156013200100030016","name":"서울특별시 영등포구 신길동","address":"서울특별시 영등포구 신길동","useName":"단독주택","floors":2.0,"height":6.65,"heightSource":"measured","heightRaw":6.65,"sourceDate":"2026-09-09"},"geometry":{"type":"Polygon","coordinates":[[[126.92341391,37.51415533],[126.92337278,37.51411142],[126.92330786,37.51415009],[126.92334945,37.51419395],[126.92341391,37.51415533]]]}},{"type":"Feature","id":"seoul-building-518737","properties":{"id":"seoul-building-518737","sourceId":"1966192907014456826300000000","pnu":"1156013200100950188","name":"서울특별시 영등포구 신길동","address":"서울특별시 영등포구 신길동","useName":"제2종근린생활시설","floors":2.0,"height":7.4,"heightSource":"estimated","heightRaw":0.0,"sourceDate":"2026-09-09"},"geometry":{"type":"Polygon","coordinates":[[[126.92050136,37.51333649],[126.9205235,37.51339845],[126.9205252,37.51339806],[126.92063338,37.51337354],[126.92060691,37.51330436],[126.92055631,37.51331583],[126.92055547,37.51331345],[126.92055709,37.51331307],[126.92055042,37.51329439],[126.92057266,37.51328917],[126.92057398,37.51329286],[126.92058295,37.51329082],[126.92058319,37.51329148],[126.92060222,37.51328716],[126.92059805,37.51327546],[126.92049345,37.5132987],[126.92050297,37.51332534],[126.92054458,37.51331591],[126.92054544,37.5133183],[126.92050681,37.51332705],[126.92050952,37.51333464],[126.92050136,37.51333649]]]}},{"type":"Feature","id":"seoul-building-518753","properties":{"id":"seoul-building-518753","sourceId":"2013192976604456745700000000","pnu":"1156013200100650021","name":"프리가","address":"서울특별시 영등포구 신길동","useName":"공동주택","floors":14.0,"height":42.6,"heightSource":"measured","heightRaw":42.6,"sourceDate":"2026-09-09"},"geometry":{"type":"Polygon","coordinates":[[[126.92127069,37.51339141],[126.92147012,37.51334275],[126.9213823,37.51310999],[126.92129875,37.51312917],[126.92133591,37.51322485],[126.92121873,37.51325439],[126.92127069,37.51339106],[126.92127069,37.51339141]]]}},{"type":"Feature","id":"seoul-building-518772","properties":{"id":"seoul-building-518772","sourceId":"2010192905744458495700000000","pnu":"1156013200100650062","name":"그린아트빌","address":"서울특별시 영등포구 신길동","useName":"단독주택","floors":3.0,"height":10.1,"heightSource":"measured","heightRaw":10.1,"sourceDate":"2026-09-09"},"geometry":{"type":"Polygon","coordinates":[[[126.92061033,37.51485001],[126.92058415,37.51478638],[126.92048222,37.51480785],[126.920461,37.51486793],[126.92060088,37.51490443],[126.92061244,37.51487921],[126.92061033,37.51485001]]]}},{"type":"Feature","id":"seoul-building-518773","properties":{"id":"seoul-building-518773","sourceId":"2010192914804458433700000000","pnu":"1156013200100650064","name":"서울특별시 영등포구 신길동","address":"서울특별시 영등포구 신길동","useName":"단독주택","floors":3.0,"height":10.55,"heightSource":"measured","heightRaw":10.55,"sourceDate":"2026-09-09"},"geometry":{"type":"Polygon","coordinates":[[[126.92072812,37.5148136],[126.92071289,37.51477386],[126.92068392,37.51478096],[126.92066599,37.51473418],[126.92057729,37.51475574],[126.92061034,37.51484217],[126.92072812,37.5148136]]]}},{"type":"Feature","id":"seoul-building-518774","properties":{"id":"seoul-building-518774","sourceId":"2010192928294457653200000000","pnu":"1156013200100650084","name":"서울특별시 영등포구 신길동","address":"서울특별시 영등포구 신길동","useName":"단독주택","floors":3.0,"height":10.5,"heightSource":"measured","heightRaw":10.5,"sourceDate":"2026-09-09"},"geometry":{"type":"Polygon","coordinates":[[[126.92074362,37.51414066],[126.92078955,37.51412766],[126.92079179,37.51413268],[126.92083846,37.51412268],[126.92083427,37.51411026],[126.92088605,37.51409916],[126.92086199,37.51403296],[126.92071554,37.51406675],[126.92074362,37.51414066]]]}},{"type":"Feature","id":"seoul-building-518776","properties":{"id":"seoul-building-518776","sourceId":"2010192980324455271800000000","pnu":"1156013200100890070","name":"서울특별시 영등포구 신길동","address":"서울특별시 영등포구 신길동","useName":"제2종근린생활시설","floors":4.0,"height":16.3,"heightSource":"measured","heightRaw":16.3,"sourceDate":"2026-09-09"},"geometry":{"type":"Polygon","coordinates":[[[126.92148939,37.51198297],[126.92146129,37.51190853],[126.92145508,37.51190925],[126.9214544,37.51190537],[126.92143369,37.51190995],[126.92142727,37.51189175],[126.92138621,37.51190091],[126.92137289,37.51186315],[126.92130286,37.51187644],[126.92135091,37.51201369],[126.92148939,37.51198297]]]}},{"type":"Feature","id":"seoul-building-518783","properties":{"id":"seoul-building-518783","sourceId":"2009193130464455753600000000","pnu":"1156013200104500037","name":"서울특별시 영등포구 신길동","address":"서울특별시 영등포구 신길동","useName":"공동주택","floors":4.0,"height":10.5,"heightSource":"measured","heightRaw":10.5,"sourceDate":"2026-09-09"},"geometry":{"type":"Polygon","coordinates":[[[126.92313657,37.51242897],[126.92310477,37.51232813],[126.92303599,37.51234178],[126.92305267,37.51239513],[126.923083,37.51238902],[126.92310388,37.51243526],[126.92313657,37.51242897]]]}},{"type":"Feature","id":"seoul-building-518785","properties":{"id":"seoul-building-518785","sourceId":"2010193114934453458400000000","pnu":"1156013200112310000","name":"두성빌딩","address":"서울특별시 영등포구 신길동","useName":"제2종근린생활시설","floors":4.0,"height":13.25,"heightSource":"measured","heightRaw":13.25,"sourceDate":"2026-09-09"},"geometry":{"type":"Polygon","coordinates":[[[126.92301737,37.5103237],[126.92299705,37.51028134],[126.92299411,37.51028224],[126.92298136,37.51025556],[126.92296631,37.51025952],[126.92296157,37.51024815],[126.92291688,37.51025993],[126.92282049,37.51028537],[126.92285218,37.51037279],[126.92291678,37.51035427],[126.92301737,37.5103237]]]}},{"type":"Feature","id":"seoul-building-518810","properties":{"id":"seoul-building-518810","sourceId":"2015193091324458558600000000","pnu":"1156013200100040015","name":"여의나루빌","address":"서울특별시 영등포구 신길동","useName":"공동주택","floors":5.0,"height":15.9,"heightSource":"measured","heightRaw":15.9,"sourceDate":"2026-09-09"},"geometry":{"type":"Polygon","coordinates":[[[126.9225207,37.51495546],[126.92252301,37.5149557],[126.92271147,37.51493704],[126.92271169,37.51492469],[126.92275036,37.51492048],[126.92274864,37.51490923],[126.92279968,37.51490209],[126.92279348,37.51484731],[126.92275279,37.51485036],[126.92275405,37.51486332],[126.92271977,37.51486757],[126.92271762,37.51485348],[126.9226798,37.51485608],[126.92268048,37.51487138],[126.92259178,37.51487999],[126.92258946,37.51486484],[126.92255177,37.51486956],[126.92255223,37.51488223],[126.92250957,37.51488643],[126.92249666,37.51488768],[126.92250529,37.51494417],[126.92251978,37.51494276],[126.9225207,37.51495546]]]}},{"type":"Feature","id":"seoul-building-518814","properties":{"id":"seoul-building-518814","sourceId":"2015192864114455342400000000","pnu":"1156013200100910042","name":"서울특별시 영등포구 신길동","address":"서울특별시 영등포구 신길동","useName":"단독주택","floors":3.0,"height":11.85,"heightSource":"measured","heightRaw":11.85,"sourceDate":"2026-09-09"},"geometry":{"type":"Polygon","coordinates":[[[126.92002436,37.51204563],[126.9201475,37.51202194],[126.92012895,37.51196155],[126.9200058,37.51198524],[126.92002436,37.51204563]]]}},{"type":"Feature","id":"seoul-building-518820","properties":{"id":"seoul-building-518820","sourceId":"2011193258334455795100000000","pnu":"1156013200113110000","name":"서울특별시 영등포구 신길동","address":"서울특별시 영등포구 신길동","useName":"제2종근린생활시설","floors":0.0,"height":0,"heightSource":"unknown","heightRaw":0.0,"sourceDate":"2026-09-09"},"geometry":{"type":"Polygon","coordinates":[[[126.92461551,37.51245201],[126.9245912,37.51239325],[126.92456408,37.51240037],[126.9245555,37.51237963],[126.92458263,37.51237251],[126.92457083,37.512344],[126.92445475,37.51237446],[126.92446655,37.51240298],[126.92448608,37.51239786],[126.92449465,37.51241859],[126.92447512,37.51242372],[126.92449944,37.51248248],[126.92461551,37.51245201]]]}},{"type":"Feature","id":"seoul-building-518841","properties":{"id":"seoul-building-518841","sourceId":"2010193076464456221700000000","pnu":"1156013200104490026","name":"토포스","address":"서울특별시 영등포구 신길동","useName":"제2종근린생활시설","floors":6.0,"height":17.6,"heightSource":"measured","heightRaw":17.6,"sourceDate":"2026-09-09"},"geometry":{"type":"Polygon","coordinates":[[[126.92243015,37.5128845],[126.92243707,37.51290182],[126.92258268,37.51286334],[126.92251828,37.51269113],[126.92237164,37.51273599],[126.92243015,37.5128845]]]}},{"type":"Feature","id":"seoul-building-518870","properties":{"id":"seoul-building-518870","sourceId":"1991192911244454243300000000","pnu":"1156013200100880037","name":"서울특별시 영등포구 신길동","address":"서울특별시 영등포구 신길동","useName":"단독주택","floors":3.0,"height":9.3,"heightSource":"measured","heightRaw":9.3,"sourceDate":"2026-09-09"},"geometry":{"type":"Polygon","coordinates":[[[126.92056728,37.51105756],[126.92058707,37.51105756],[126.92058707,37.51105576],[126.92059725,37.51105574],[126.92059726,37.51105372],[126.92064957,37.5110537],[126.92064953,37.51101405],[126.92066084,37.51101404],[126.92066081,37.51097553],[126.92056722,37.51097647],[126.92056728,37.51105756]]]}},{"type":"Feature","id":"seoul-building-518921","properties":{"id":"seoul-building-518921","sourceId":"1982192882114453351800000000","pnu":"1156013200100890052","name":"서울특별시 영등포구 신길동","address":"서울특별시 영등포구 신길동","useName":"단독주택","floors":3.0,"height":8.7,"heightSource":"measured","heightRaw":8.7,"sourceDate":"2026-09-09"},"geometry":{"type":"Polygon","coordinates":[[[126.9202327,37.51025674],[126.9202628,37.51027828],[126.92028848,37.51025548],[126.92028035,37.51025057],[126.92030226,37.51023113],[126.92030964,37.51023671],[126.92035037,37.51019925],[126.92028549,37.51015161],[126.9202205,37.51020927],[126.92027553,37.51025046],[126.92026932,37.51025631],[126.92024999,37.51024247],[126.9202327,37.51025674]]]}},{"type":"Feature","id":"seoul-building-518993","properties":{"id":"seoul-building-518993","sourceId":"2014193019564454405200000000","pnu":"1156013200104660010","name":"아모르빌딩","address":"서울특별시 영등포구 신길동","useName":"단독주택","floors":4.0,"height":14.25,"heightSource":"measured","heightRaw":14.25,"sourceDate":"2026-09-09"},"geometry":{"type":"Polygon","coordinates":[[[126.92180871,37.51111615],[126.92180437,37.51114296],[126.92178372,37.51113942],[126.92178024,37.51114079],[126.92177565,37.5111426],[126.92177357,37.51114499],[126.92177237,37.51115045],[126.92177061,37.5111613],[126.92176052,37.51116026],[126.92175586,37.51118486],[126.92178345,37.51118769],[126.92178299,37.51119056],[126.92188862,37.51120029],[126.9219007,37.51112558],[126.92180871,37.51111615]]]}},{"type":"Feature","id":"seoul-building-519058","properties":{"id":"seoul-building-519058","sourceId":"2005193055644458486500000000","pnu":"1156013200100050010","name":"서울특별시 영등포구 신길동","address":"서울특별시 영등포구 신길동","useName":"공동주택","floors":5.0,"height":12.7,"heightSource":"measured","heightRaw":12.7,"sourceDate":"2026-09-09"},"geometry":{"type":"Polygon","coordinates":[[[126.92218484,37.51488558],[126.9222109,37.51488493],[126.92230415,37.51485769],[126.92226344,37.51476606],[126.92217214,37.51485628],[126.92218484,37.51488558]]]}},{"type":"Feature","id":"seoul-building-519071","properties":{"id":"seoul-building-519071","sourceId":"1972192863054457743500000000","pnu":"1156013200100970021","name":"서울특별시 영등포구 신길동","address":"서울특별시 영등포구 신길동","useName":"단독주택","floors":3.0,"height":8.15,"heightSource":"measured","heightRaw":8.15,"sourceDate":"2026-09-09"},"geometry":{"type":"Polygon","coordinates":[[[126.92001852,37.51419801],[126.92007608,37.5141822],[126.92008679,37.51420689],[126.92012442,37.51419654],[126.92011298,37.51417014],[126.9201087,37.51417132],[126.92008951,37.51412703],[126.91999862,37.51415202],[126.92001852,37.51419801]]]}},{"type":"Feature","id":"seoul-building-519105","properties":{"id":"seoul-building-519105","sourceId":"2011192979754458077400000000","pnu":"1156013200100650054","name":"서울특별시 영등포구 신길동","address":"서울특별시 영등포구 신길동","useName":"공동주택","floors":5.0,"height":16.1,"heightSource":"measured","heightRaw":16.1,"sourceDate":"2026-09-09"},"geometry":{"type":"Polygon","coordinates":[[[126.92144571,37.5145057],[126.92142869,37.51445898],[126.92142543,37.51445973],[126.92141724,37.51443724],[126.9214205,37.51443648],[126.92140756,37.51440101],[126.9213185,37.51442161],[126.92136234,37.51454187],[126.92141338,37.51453007],[126.9214077,37.51451449],[126.92144571,37.5145057]]]}},{"type":"Feature","id":"seoul-building-519126","properties":{"id":"seoul-building-519126","sourceId":"1997192910884454904000000000","pnu":"1156013200100880024","name":"서울특별시 영등포구 신길동","address":"서울특별시 영등포구 신길동","useName":"단독주택","floors":3.0,"height":8.5,"heightSource":"measured","heightRaw":8.5,"sourceDate":"2026-09-09"},"geometry":{"type":"Polygon","coordinates":[[[126.92056479,37.51164724],[126.92065627,37.51164329],[126.92065166,37.51157581],[126.92058729,37.51157859],[126.9205863,37.51156421],[126.9205592,37.51156538],[126.92056479,37.51164724]]]}},{"type":"Feature","id":"seoul-building-519161","properties":{"id":"seoul-building-519161","sourceId":"2011193025214457746000000000","pnu":"1156013200100660021","name":"서울특별시 영등포구 신길동","address":"서울특별시 영등포구 신길동","useName":"제2종근린생활시설","floors":5.0,"height":15.05,"heightSource":"measured","heightRaw":15.05,"sourceDate":"2026-09-09"},"geometry":{"type":"Polygon","coordinates":[[[126.92187367,37.51420951],[126.921905,37.51419915],[126.921966,37.51416163],[126.92194627,37.5141238],[126.92183447,37.51416079],[126.92184412,37.5141793],[126.92184415,37.51421458],[126.92184643,37.51422],[126.9218714,37.51421999],[126.92187367,37.51421456],[126.92187367,37.51420951]]]}},{"type":"Feature","id":"seoul-building-519199","properties":{"id":"seoul-building-519199","sourceId":"2015192890394457716200000000","pnu":"1156013200100970038","name":"서울특별시 영등포구 신길동","address":"서울특별시 영등포구 신길동","useName":"단독주택","floors":3.0,"height":9.35,"heightSource":"measured","heightRaw":9.35,"sourceDate":"2026-09-09"},"geometry":{"type":"Polygon","coordinates":[[[126.92035885,37.51408959],[126.92029918,37.51410593],[126.92031388,37.51415728],[126.92032097,37.5141615],[126.92032066,37.51416183],[126.92032096,37.51416242],[126.92032148,37.51416337],[126.92032224,37.51416456],[126.92032291,37.5141655],[126.92032362,37.51416639],[126.92032438,37.51416726],[126.92032499,37.51416791],[126.92032567,37.51416857],[126.92032635,37.5141692],[126.92032704,37.51416978],[126.92032774,37.51417035],[126.92032861,37.51417098],[126.9203297,37.51417172],[126.92033041,37.51417216],[126.92033159,37.51417284],[126.92033277,37.51417345],[126.92033402,37.51417403],[126.92033467,37.51417432],[126.92033532,37.51417457],[126.92033594,37.51417481],[126.92033681,37.51417511],[126.92033779,37.51417543],[126.92033825,37.51417556],[126.92033874,37.5141757],[126.92033935,37.51417586],[126.92034005,37.51417603],[126.92034086,37.51417621],[126.9203421,37.51417645],[126.92034344,37.51417665],[126.92034477,37.5141768],[126.92034605,37.5141769],[126.92035008,37.51417261],[126.92040086,37.51420277],[126.92045393,37.51414607],[126.92035885,37.51408959]]]}},{"type":"Feature","id":"seoul-building-519205","properties":{"id":"seoul-building-519205","sourceId":"2015193099884458103300000000","pnu":"1156013200100040031","name":"서울특별시 영등포구 신길동","address":"서울특별시 영등포구 신길동","useName":"공동주택","floors":5.0,"height":12.01,"heightSource":"measured","heightRaw":12.014,"sourceDate":"2026-09-09"},"geometry":{"type":"Polygon","coordinates":[[[126.92270975,37.51451795],[126.92278642,37.51455623],[126.92280289,37.5145353],[126.92281167,37.51451828],[126.9228101,37.51451594],[126.92282723,37.51449451],[126.92271541,37.5144389],[126.92269608,37.51444145],[126.92266182,37.51446519],[126.92264732,37.5144836],[126.92271155,37.51451566],[126.92270975,37.51451795]]]}},{"type":"Feature","id":"seoul-building-519206","properties":{"id":"seoul-building-519206","sourceId":"2015192988794459827100000000","pnu":"1156013200100100012","name":"서울특별시 영등포구 신길동","address":"서울특별시 영등포구 신길동","useName":"단독주택","floors":3.0,"height":9.0,"heightSource":"measured","heightRaw":9.0,"sourceDate":"2026-09-09"},"geometry":{"type":"Polygon","coordinates":[[[126.92147955,37.51610519],[126.92153812,37.51609072],[126.92152883,37.51606623],[126.92153284,37.51606524],[126.92150425,37.51599047],[126.92141727,37.51601075],[126.92143318,37.51605311],[126.92144641,37.51604948],[126.92145378,37.51607018],[126.92145972,37.51606885],[126.92146504,37.51608199],[126.92147033,37.51608114],[126.92147974,37.51610508],[126.92147955,37.51610519]]]}},{"type":"Feature","id":"seoul-building-519207","properties":{"id":"seoul-building-519207","sourceId":"2015192887574454658100000000","pnu":"1156013200100910014","name":"서울특별시 영등포구 신길동","address":"서울특별시 영등포구 신길동","useName":"단독주택","floors":4.0,"height":11.2,"heightSource":"measured","heightRaw":11.2,"sourceDate":"2026-09-09"},"geometry":{"type":"Polygon","coordinates":[[[126.92029806,37.51143156],[126.92040827,37.51140956],[126.92038714,37.51134358],[126.92027745,37.51136518],[126.92029771,37.51143042],[126.92029806,37.51143156]]]}},{"type":"Feature","id":"seoul-building-519208","properties":{"id":"seoul-building-519208","sourceId":"2015192867954457939100000000","pnu":"1156013200100970029","name":"A동","address":"서울특별시 영등포구 신길동","useName":"단독주택","floors":3.0,"height":10.6,"heightSource":"estimated","heightRaw":0.0,"sourceDate":"2026-09-09"},"geometry":{"type":"Polygon","coordinates":[[[126.9200831,37.51437457],[126.92013437,37.51437573],[126.92014141,37.51436609],[126.92014325,37.51434766],[126.92014827,37.51434697],[126.92015033,37.51433242],[126.92015424,37.51433142],[126.92015864,37.51431737],[126.92015832,37.51431355],[126.92013293,37.51431207],[126.92013179,37.51431609],[126.92008861,37.51431435],[126.9200831,37.51437457]]]}},{"type":"Feature","id":"seoul-building-519259","properties":{"id":"seoul-building-519259","sourceId":"2015193015264454176000000000","pnu":"1156013200104650021","name":"서울특별시 영등포구 신길동","address":"서울특별시 영등포구 신길동","useName":"단독주택","floors":6.0,"height":18.9,"heightSource":"measured","heightRaw":18.9,"sourceDate":"2026-09-09"},"geometry":{"type":"Polygon","coordinates":[[[126.92174166,37.51100914],[126.92184177,37.51100782],[126.92184221,37.51096313],[126.92183656,37.51096314],[126.92183651,37.51094602],[126.92182293,37.51094604],[126.92182151,37.51089362],[126.92174137,37.51089336],[126.92174244,37.51100871],[126.92174166,37.51100914]]]}},{"type":"Feature","id":"seoul-building-519266","properties":{"id":"seoul-building-519266","sourceId":"2013192877564459233300000000","pnu":"1156013200100640003","name":"서울특별시 영등포구 신길동","address":"서울특별시 영등포구 신길동","useName":"단독주택","floors":4.0,"height":11.9,"heightSource":"measured","heightRaw":11.9,"sourceDate":"2026-09-09"},"geometry":{"type":"Polygon","coordinates":[[[126.92016449,37.51549451],[126.92021481,37.51555764],[126.92028643,37.51552143],[126.92024945,37.51547503],[126.92023894,37.51548034],[126.92022562,37.51546361],[126.92016449,37.51549451]]]}},{"type":"Feature","id":"seoul-building-519291","properties":{"id":"seoul-building-519291","sourceId":"2011192974274457904600000000","pnu":"1156013200100650089","name":"서울특별시 영등포구 신길동","address":"서울특별시 영등포구 신길동","useName":"단독주택","floors":3.0,"height":10.5,"heightSource":"measured","heightRaw":10.5,"sourceDate":"2026-09-09"},"geometry":{"type":"Polygon","coordinates":[[[126.92135404,37.51425802],[126.92130203,37.51427066],[126.92130106,37.51426811],[126.92125328,37.51427971],[126.92127497,37.51433637],[126.9212876,37.51436936],[126.92138739,37.51434512],[126.92135404,37.51425802]]]}},{"type":"Feature","id":"seoul-building-519292","properties":{"id":"seoul-building-519292","sourceId":"2011193092654453383900000000","pnu":"1156013200112390000","name":"서울특별시 영등포구 신길동","address":"서울특별시 영등포구 신길동","useName":"공동주택","floors":5.0,"height":13.2,"heightSource":"measured","heightRaw":13.2,"sourceDate":"2026-09-09"},"geometry":{"type":"Polygon","coordinates":[[[126.92258987,37.51030038],[126.92276703,37.51025378],[126.92273707,37.51018152],[126.92255993,37.51022812],[126.92258987,37.51030038]]]}},{"type":"Feature","id":"seoul-building-519378","properties":{"id":"seoul-building-519378","sourceId":"2014192942714457807100000000","pnu":"1156013200100650072","name":"서울특별시 영등포구 신길동","address":"서울특별시 영등포구 신길동","useName":"단독주택","floors":3.0,"height":10.15,"heightSource":"measured","heightRaw":10.15,"sourceDate":"2026-09-09"},"geometry":{"type":"Polygon","coordinates":[[[126.92090399,37.51418227],[126.92092994,37.51425414],[126.92091147,37.51425837],[126.92092163,37.51428652],[126.92102761,37.51426223],[126.920999,37.514183],[126.92099683,37.5141835],[126.92098932,37.51416272],[126.92090399,37.51418227]]]}},{"type":"Feature","id":"seoul-building-519402","properties":{"id":"seoul-building-519402","sourceId":"1984193033974456129900000000","pnu":"1156013200104680001","name":"서울특별시 영등포구 신길동","address":"서울특별시 영등포구 신길동","useName":"단독주택","floors":4.0,"height":11.0,"heightSource":"measured","heightRaw":11.0,"sourceDate":"2026-09-09"},"geometry":{"type":"Polygon","coordinates":[[[126.92195789,37.51275441],[126.92203041,37.51273293],[126.92205318,37.51269486],[126.92204395,37.51267509],[126.92194536,37.51270429],[126.92195127,37.51271696],[126.92194172,37.51271978],[126.92195789,37.51275441]]]}},{"type":"Feature","id":"seoul-building-519442","properties":{"id":"seoul-building-519442","sourceId":"2008192920494457862900000000","pnu":"1156013200100650004","name":"서울특별시 영등포구 신길동","address":"서울특별시 영등포구 신길동","useName":"공동주택","floors":4.0,"height":10.55,"heightSource":"measured","heightRaw":10.55,"sourceDate":"2026-09-09"},"geometry":{"type":"Polygon","coordinates":[[[126.92064325,37.51423185],[126.92068268,37.51433739],[126.92078264,37.51431369],[126.92075386,37.51423666],[126.92073976,37.51423999],[126.92072976,37.51421322],[126.92070374,37.5142194],[126.92070321,37.51421797],[126.92064325,37.51423185]]]}},{"type":"Feature","id":"seoul-building-519443","properties":{"id":"seoul-building-519443","sourceId":"2013192910144457892400000000","pnu":"1156013200100650069","name":"서울특별시 영등포구 신길동","address":"서울특별시 영등포구 신길동","useName":"단독주택","floors":4.0,"height":10.9,"heightSource":"measured","heightRaw":10.9,"sourceDate":"2026-09-09"},"geometry":{"type":"Polygon","coordinates":[[[126.92052765,37.51426087],[126.92056503,37.51436472],[126.92066201,37.51434256],[126.92062463,37.51423872],[126.92052765,37.51426087]]]}},{"type":"Feature","id":"seoul-building-519444","properties":{"id":"seoul-building-519444","sourceId":"2011192867454454007200000000","pnu":"1156013200100890018","name":"서울특별시 영등포구 신길동","address":"서울특별시 영등포구 신길동","useName":"제2종근린생활시설","floors":2.0,"height":6.9,"heightSource":"measured","heightRaw":6.9,"sourceDate":"2026-09-09"},"geometry":{"type":"Polygon","coordinates":[[[126.92007685,37.51079196],[126.92009288,37.51082691],[126.92015432,37.51080904],[126.92013829,37.51077408],[126.92007685,37.51079196]]]}},{"type":"Feature","id":"seoul-building-519471","properties":{"id":"seoul-building-519471","sourceId":"1994192963554455876000000000","pnu":"1156013200100940005","name":"서울특별시 영등포구 신길동","address":"서울특별시 영등포구 신길동","useName":"단독주택","floors":3.0,"height":10.3,"heightSource":"measured","heightRaw":10.3,"sourceDate":"2026-09-09"},"geometry":{"type":"Polygon","coordinates":[[[126.92125728,37.51252766],[126.92122378,37.51243699],[126.92120636,37.51244032],[126.92120253,37.51242752],[126.9211446,37.51243847],[126.92118487,37.51254509],[126.92125728,37.51252766]]]}},{"type":"Feature","id":"seoul-building-519537","properties":{"id":"seoul-building-519537","sourceId":"2016192878604458698500000000","pnu":"1156013200100640011","name":"서울특별시 영등포구 신길동","address":"서울특별시 영등포구 신길동","useName":"단독주택","floors":4.0,"height":11.2,"heightSource":"measured","heightRaw":11.2,"sourceDate":"2026-09-09"},"geometry":{"type":"Polygon","coordinates":[[[126.92032675,37.51499444],[126.92013587,37.51498628],[126.92013285,37.51503104],[126.92017126,37.51503268],[126.92016948,37.51505899],[126.92020251,37.51506041],[126.92020192,37.5150694],[126.92032136,37.51507451],[126.92032675,37.51499444]]]}},{"type":"Feature","id":"seoul-building-519545","properties":{"id":"seoul-building-519545","sourceId":"2016193066224453345900000000","pnu":"1156013200104540008","name":"서울특별시 영등포구 신길동","address":"서울특별시 영등포구 신길동","useName":"단독주택","floors":3.0,"height":9.0,"heightSource":"measured","heightRaw":9.0,"sourceDate":"2026-09-09"},"geometry":{"type":"Polygon","coordinates":[[[126.92231078,37.51026259],[126.92244749,37.51022602],[126.92241792,37.51015587],[126.92240802,37.5101515],[126.92228553,37.51018427],[126.92229543,37.51020776],[126.92229221,37.51020862],[126.92229761,37.51022144],[126.92229385,37.51022244],[126.92231078,37.51026259]]]}},{"type":"Feature","id":"seoul-building-519554","properties":{"id":"seoul-building-519554","sourceId":"1996193229824457321900000000","pnu":"1156013200100020013","name":"서울특별시 영등포구 신길동","address":"서울특별시 영등포구 신길동","useName":"단독주택","floors":4.0,"height":13.8,"heightSource":"estimated","heightRaw":0.0,"sourceDate":"2026-09-09"},"geometry":{"type":"Polygon","coordinates":[[[126.92414067,37.51384303],[126.92417088,37.51383323],[126.9241728,37.51383701],[126.92423571,37.51381651],[126.92424147,37.51382751],[126.92430596,37.51381025],[126.92427425,37.51373337],[126.9241317,37.51377148],[126.92411584,37.51379472],[126.92414067,37.51384303]]]}},{"type":"Feature","id":"seoul-building-519569","properties":{"id":"seoul-building-519569","sourceId":"2013193043124454135600000000","pnu":"1156013200104540024","name":"서울특별시 영등포구 신길동","address":"서울특별시 영등포구 신길동","useName":"공동주택","floors":5.0,"height":14.6,"heightSource":"measured","heightRaw":14.6,"sourceDate":"2026-09-09"},"geometry":{"type":"Polygon","coordinates":[[[126.92204586,37.51096415],[126.9221798,37.51092836],[126.92215584,37.51087071],[126.92206038,37.51089588],[126.92206181,37.5108993],[126.92202637,37.51090864],[126.92203525,37.51093003],[126.92203204,37.51093088],[126.92204586,37.51096415]]]}},{"type":"Feature","id":"seoul-building-519602","properties":{"id":"seoul-building-519602","sourceId":"2016192930124457973800000000","pnu":"1156013200100650076","name":"서울특별시 영등포구 신길동","address":"서울특별시 영등포구 신길동","useName":"단독주택","floors":3.0,"height":10.25,"heightSource":"measured","heightRaw":10.25,"sourceDate":"2026-09-09"},"geometry":{"type":"Polygon","coordinates":[[[126.9208051,37.51442586],[126.9208924,37.51440525],[126.92086075,37.51432015],[126.92074742,37.51434691],[126.92077586,37.51442336],[126.92080188,37.51441721],[126.9208051,37.51442586]]]}},{"type":"Feature","id":"seoul-building-519676","properties":{"id":"seoul-building-519676","sourceId":"2016193059664458798300000000","pnu":"1156013200100070049","name":"현대힐타운","address":"서울특별시 영등포구 신길동","useName":"공동주택","floors":5.0,"height":13.9,"heightSource":"measured","heightRaw":13.9,"sourceDate":"2026-09-09"},"geometry":{"type":"Polygon","coordinates":[[[126.92226055,37.51522216],[126.92238642,37.51517436],[126.92236391,37.51513749],[126.92237358,37.51513374],[126.9223424,37.51508371],[126.92236528,37.51507484],[126.92233193,37.51501813],[126.9222419,37.515053],[126.9222379,37.51504954],[126.92217127,37.51507535],[126.92225998,37.5152226],[126.92226055,37.51522216]]]}},{"type":"Feature","id":"seoul-building-519692","properties":{"id":"seoul-building-519692","sourceId":"2021192882784458894000000000","pnu":"1156013200100640032","name":"서울특별시 영등포구 신길동","address":"서울특별시 영등포구 신길동","useName":"제2종근린생활시설","floors":4.0,"height":13.75,"heightSource":"measured","heightRaw":13.75,"sourceDate":"2026-09-09"},"geometry":{"type":"Polygon","coordinates":[[[126.92031449,37.51517138],[126.92023802,37.5151659],[126.92029273,37.51526281],[126.92030377,37.51526361],[126.92031449,37.51517138]]]}},{"type":"Feature","id":"seoul-building-519717","properties":{"id":"seoul-building-519717","sourceId":"1985193707294463504200000000","pnu":"1156011000100460001","name":"서울특별시 영등포구 여의도동","address":"서울특별시 영등포구 여의도동","useName":"제1종근린생활시설","floors":10.0,"height":33.2,"heightSource":"measured","heightRaw":33.2,"sourceDate":"2026-09-09"},"geometry":{"type":"Polygon","coordinates":[[[126.92945349,37.51942308],[126.9295732,37.51948634],[126.92959196,37.51946382],[126.92963815,37.51948822],[126.92967066,37.51944918],[126.92969754,37.51946337],[126.92971567,37.51944161],[126.92966571,37.5194152],[126.92967134,37.51940845],[126.92966379,37.51940446],[126.92966942,37.51939771],[126.92966188,37.51939372],[126.92970144,37.51934623],[126.92969326,37.51934219],[126.92974329,37.51928212],[126.92974454,37.51928062],[126.92962482,37.51921737],[126.92945349,37.51942308]]]}},{"type":"Feature","id":"seoul-building-519728","properties":{"id":"seoul-building-519728","sourceId":"2013193017834456382100000000","pnu":"1156013200100710011","name":"백년주택","address":"서울특별시 영등포구 신길동","useName":"공동주택","floors":5.0,"height":14.6,"heightSource":"measured","heightRaw":14.6,"sourceDate":"2026-09-09"},"geometry":{"type":"Polygon","coordinates":[[[126.92182032,37.51302421],[126.92189254,37.51299388],[126.92180303,37.51285603],[126.9217657,37.51287162],[126.92176855,37.5128775],[126.92175419,37.51288138],[126.9217578,37.512887],[126.92173969,37.51289439],[126.92181936,37.51302178],[126.92182032,37.51302421]]]}},{"type":"Feature","id":"seoul-building-519792","properties":{"id":"seoul-building-519792","sourceId":"2017192858854454362800000000","pnu":"1156013200100900022","name":"서울특별시 영등포구 신길동","address":"서울특별시 영등포구 신길동","useName":"단독주택","floors":3.0,"height":8.85,"heightSource":"measured","heightRaw":8.85,"sourceDate":"2026-09-09"},"geometry":{"type":"Polygon","coordinates":[[[126.91993575,37.51115979],[126.91996942,37.51115356],[126.91997081,37.51115533],[126.92004377,37.51114174],[126.92004708,37.51115316],[126.92010474,37.51114144],[126.92010284,37.51113486],[126.92011378,37.51113258],[126.92010051,37.51108674],[126.92008473,37.51108836],[126.92008219,37.51107958],[126.919914,37.51111048],[126.91992254,37.51113998],[126.91992794,37.51113899],[126.91993574,37.51115747],[126.91993575,37.51115979]]]}},{"type":"Feature","id":"seoul-building-519793","properties":{"id":"seoul-building-519793","sourceId":"2017192876804456798200000000","pnu":"1156013200100950010","name":"현스빌","address":"서울특별시 영등포구 신길동","useName":"공동주택","floors":6.0,"height":18.6,"heightSource":"measured","heightRaw":18.6,"sourceDate":"2026-09-09"},"geometry":{"type":"Polygon","coordinates":[[[126.92013571,37.51339046],[126.92018635,37.51338242],[126.92017904,37.51335511],[126.92020393,37.51335088],[126.92020688,37.51336189],[126.92029814,37.51334639],[126.9202952,37.51333538],[126.92033723,37.51332825],[126.92031731,37.51325379],[126.92019119,37.5132752],[126.92018939,37.51327274],[126.92010807,37.51328655],[126.92013585,37.51339035],[126.92013571,37.51339046]]]}},{"type":"Feature","id":"seoul-building-519853","properties":{"id":"seoul-building-519853","sourceId":"2017192898004459035500000000","pnu":"1156013200100640002","name":"K.S빌리지","address":"서울특별시 영등포구 신길동","useName":"단독주택","floors":3.0,"height":9.0,"heightSource":"measured","heightRaw":9.0,"sourceDate":"2026-09-09"},"geometry":{"type":"Polygon","coordinates":[[[126.92043846,37.51539088],[126.92051875,37.5153466],[126.92051426,37.51534197],[126.92053892,37.51532869],[126.92054369,37.51530197],[126.92051124,37.51529773],[126.92049706,37.51530705],[126.92048732,37.51529625],[126.92047355,37.51530414],[126.92045747,37.51528483],[126.92042817,37.5153007],[126.92043279,37.51530582],[126.92042094,37.5153126],[126.92040121,37.51528997],[126.92036858,37.51531259],[126.92043796,37.51538951],[126.92043846,37.51539088]]]}},{"type":"Feature","id":"seoul-building-519858","properties":{"id":"seoul-building-519858","sourceId":"2017192911024458291400000000","pnu":"1156013200100650065","name":"서울특별시 영등포구 신길동","address":"서울특별시 영등포구 신길동","useName":"단독주택","floors":3.0,"height":9.0,"heightSource":"measured","heightRaw":9.0,"sourceDate":"2026-09-09"},"geometry":{"type":"Polygon","coordinates":[[[126.92055731,37.51471547],[126.92068268,37.5146857],[126.92065182,37.51460544],[126.92052636,37.51463784],[126.92055524,37.51471528],[126.92055731,37.51471547]]]}},{"type":"Feature","id":"seoul-building-519895","properties":{"id":"seoul-building-519895","sourceId":"2013192926784460175000000000","pnu":"1156013200100160009","name":"르네상스 타워","address":"서울특별시 영등포구 신길동","useName":"공동주택","floors":6.0,"height":21.1,"heightSource":"measured","heightRaw":21.1,"sourceDate":"2026-09-09"},"geometry":{"type":"Polygon","coordinates":[[[126.92084693,37.51626704],[126.92072034,37.51630784],[126.92072631,37.5163196],[126.92067304,37.51633676],[126.92066162,37.5163478],[126.92065666,37.51635963],[126.92065604,37.51636902],[126.92066015,37.51638032],[126.92068356,37.51642643],[126.92072451,37.51641323],[126.92073842,37.51644062],[126.92090936,37.51638554],[126.92089187,37.51635112],[126.92088994,37.51635174],[126.92088299,37.51633805],[126.92088256,37.51633818],[126.92087601,37.5163253],[126.92087645,37.51632517],[126.92084693,37.51626704]]]}},{"type":"Feature","id":"seoul-building-519982","properties":{"id":"seoul-building-519982","sourceId":"2017192984904457847700000000","pnu":"1156013200100650090","name":"신길동 다중주택","address":"서울특별시 영등포구 신길동","useName":"단독주택","floors":3.0,"height":9.2,"heightSource":"measured","heightRaw":9.2,"sourceDate":"2026-09-09"},"geometry":{"type":"Polygon","coordinates":[[[126.92141121,37.51432505],[126.92150574,37.51430304],[126.9214704,37.51419845],[126.92137421,37.51422135],[126.92141121,37.51432505]]]}},{"type":"Feature","id":"seoul-building-520030","properties":{"id":"seoul-building-520030","sourceId":"2016193023224458961100000000","pnu":"1156013200100070039","name":"더 행복한집3","address":"서울특별시 영등포구 신길동","useName":"공동주택","floors":5.0,"height":15.5,"heightSource":"measured","heightRaw":15.5,"sourceDate":"2026-09-09"},"geometry":{"type":"Polygon","coordinates":[[[126.92187245,37.51536357],[126.92196637,37.51533036],[126.92186703,37.51516256],[126.92182713,37.51517639],[126.92183118,37.51518342],[126.92179502,37.51519769],[126.92178807,37.51521666],[126.92187236,37.51536355],[126.92187245,37.51536357]]]}},{"type":"Feature","id":"seoul-building-520056","properties":{"id":"seoul-building-520056","sourceId":"2012193062184456251900000000","pnu":"1156013200104490025","name":"서울특별시 영등포구 신길동","address":"서울특별시 영등포구 신길동","useName":"제2종근린생활시설","floors":6.0,"height":17.9,"heightSource":"measured","heightRaw":17.9,"sourceDate":"2026-09-09"},"geometry":{"type":"Polygon","coordinates":[[[126.9223519,37.51274993],[126.92230366,37.51276222],[126.92230023,37.51275368],[126.92227771,37.51275942],[126.92227669,37.51275685],[126.92224666,37.51276449],[126.92225043,37.51277389],[126.92223328,37.51277825],[126.92228435,37.51290551],[126.92233581,37.51289241],[126.92233067,37.51287959],[126.92234568,37.51287577],[126.92235081,37.51288858],[126.92240228,37.51287548],[126.9223519,37.51274993]]]}},{"type":"Feature","id":"seoul-building-520058","properties":{"id":"seoul-building-520058","sourceId":"2018192876864458416300000000","pnu":"1156013200100970062","name":"서울특별시 영등포구 신길동","address":"서울특별시 영등포구 신길동","useName":"단독주택","floors":5.0,"height":15.6,"heightSource":"measured","heightRaw":15.6,"sourceDate":"2026-09-09"},"geometry":{"type":"Polygon","coordinates":[[[126.92015818,37.51483024],[126.9202497,37.51484157],[126.92027541,37.5147099],[126.92021516,37.51470244],[126.92021134,37.51472202],[126.92018005,37.51471815],[126.92015818,37.51483024]]]}},{"type":"Feature","id":"seoul-building-520086","properties":{"id":"seoul-building-520086","sourceId":"2016193140244454040800000000","pnu":"1156013200112720000","name":"서울특별시 영등포구 신길동","address":"서울특별시 영등포구 신길동","useName":"단독주택","floors":3.0,"height":10.35,"heightSource":"measured","heightRaw":10.35,"sourceDate":"2026-09-09"},"geometry":{"type":"Polygon","coordinates":[[[126.92317684,37.51089759],[126.92326942,37.51087381],[126.92322594,37.51076816],[126.92313293,37.51079205],[126.92317577,37.51089787],[126.92317684,37.51089759]]]}},{"type":"Feature","id":"seoul-building-520109","properties":{"id":"seoul-building-520109","sourceId":"2018192863894459194600000000","pnu":"1156013200100630034","name":"공감VILLAGE","address":"서울특별시 영등포구 신길동","useName":"단독주택","floors":3.0,"height":10.5,"heightSource":"measured","heightRaw":10.5,"sourceDate":"2026-09-09"},"geometry":{"type":"Polygon","coordinates":[[[126.92005574,37.51552699],[126.92013686,37.5154875],[126.92008453,37.51542112],[126.9200037,37.51546259],[126.92005574,37.51552699]]]}},{"type":"Feature","id":"seoul-building-520119","properties":{"id":"seoul-building-520119","sourceId":"0000192975324455123100000000","pnu":"1156013200100890120","name":"서울특별시 영등포구 신길동","address":"서울특별시 영등포구 신길동","useName":"단독주택","floors":2.0,"height":6.96,"heightSource":"measured","heightRaw":6.96,"sourceDate":"2026-09-09"},"geometry":{"type":"Polygon","coordinates":[[[126.92127488,37.51186796],[126.92133637,37.51185337],[126.92133105,37.51183914],[126.9214101,37.51182039],[126.92140134,37.51179695],[126.92141028,37.51179483],[126.92139713,37.51175967],[126.92135501,37.51176941],[126.92135213,37.51176169],[126.92127384,37.51178026],[126.92127278,37.51177743],[126.92126648,37.51177892],[126.92126695,37.5117819],[126.92126334,37.51178276],[126.92127648,37.51181792],[126.92128603,37.51181593],[126.92129455,37.51183869],[126.92126668,37.5118453],[126.92127488,37.51186796]]]}},{"type":"Feature","id":"seoul-building-520121","properties":{"id":"seoul-building-520121","sourceId":"2012192963804460025400000000","pnu":"1156013200149420000","name":"여의도리버뷰","address":"서울특별시 영등포구 신길동","useName":"공동주택","floors":6.0,"height":20.9,"heightSource":"measured","heightRaw":20.9,"sourceDate":"2026-09-09"},"geometry":{"type":"Polygon","coordinates":[[[126.92139772,37.51608533],[126.92124583,37.51613785],[126.92123696,37.5161211],[126.92122702,37.51612394],[126.92122463,37.51611964],[126.92116803,37.51613889],[126.92117008,37.51614367],[126.92113031,37.51615741],[126.92114109,37.51617876],[126.92092072,37.51625521],[126.9209838,37.51637059],[126.92148851,37.51619592],[126.92146406,37.51615196],[126.92145421,37.51615535],[126.921441,37.51613097],[126.92142541,37.51613623],[126.92139772,37.51608533]]]}},{"type":"Feature","id":"seoul-building-520167","properties":{"id":"seoul-building-520167","sourceId":"2018192927604458191500000000","pnu":"1156013200100650099","name":"서울특별시 영등포구 신길동","address":"서울특별시 영등포구 신길동","useName":"제2종근린생활시설","floors":5.0,"height":15.95,"heightSource":"measured","heightRaw":15.95,"sourceDate":"2026-09-09"},"geometry":{"type":"Polygon","coordinates":[[[126.92077512,37.51463804],[126.92086768,37.5146142],[126.92082622,37.51450181],[126.92073798,37.51452459],[126.92071762,37.51455132],[126.92074304,37.51461956],[126.92076478,37.5146133],[126.92077512,37.51463804]]]}},{"type":"Feature","id":"seoul-building-520213","properties":{"id":"seoul-building-520213","sourceId":"1998193551214462896000000000","pnu":"1156011000100450021","name":"ABL타워","address":"서울특별시 영등포구 여의도동","useName":"업무시설","floors":23.0,"height":106.8,"heightSource":"measured","heightRaw":106.8,"sourceDate":"2026-09-09"},"geometry":{"type":"Polygon","coordinates":[[[126.92791634,37.51873586],[126.92768097,37.51858759],[126.92752642,37.51874319],[126.92791644,37.51898714],[126.92800326,37.51904144],[126.92815657,37.51888611],[126.92791634,37.51873586]]]}},{"type":"Feature","id":"seoul-building-520215","properties":{"id":"seoul-building-520215","sourceId":"2015192867904457867300000000","pnu":"1156013200100970029","name":"B동","address":"서울특별시 영등포구 신길동","useName":"단독주택","floors":3.0,"height":10.6,"heightSource":"estimated","heightRaw":0.0,"sourceDate":"2026-09-09"},"geometry":{"type":"Polygon","coordinates":[[[126.920092,37.51431146],[126.9201641,37.51429011],[126.92014321,37.51424535],[126.92006881,37.51426693],[126.920092,37.51431146]]]}},{"type":"Feature","id":"seoul-building-520218","properties":{"id":"seoul-building-520218","sourceId":"1960193003184454794200000000","pnu":"1156013200104660006","name":"서울특별시 영등포구 신길동","address":"서울특별시 영등포구 신길동","useName":"단독주택","floors":1.0,"height":4.2,"heightSource":"estimated","heightRaw":0.0,"sourceDate":"2026-09-09"},"geometry":{"type":"Polygon","coordinates":[[[126.92169139,37.51155469],[126.92168454,37.51150432],[126.9216911,37.51150378],[126.92168903,37.51148872],[126.92168538,37.51146232],[126.92167791,37.51146305],[126.92160541,37.51147011],[126.92161933,37.51156094],[126.92169139,37.51155469]]]}},{"type":"Feature","id":"seoul-building-520233","properties":{"id":"seoul-building-520233","sourceId":"2015192879164453763300000000","pnu":"1156013200100890019","name":"서울특별시 영등포구 신길동","address":"서울특별시 영등포구 신길동","useName":"공동주택","floors":5.0,"height":13.24,"heightSource":"measured","heightRaw":13.24,"sourceDate":"2026-09-09"},"geometry":{"type":"Polygon","coordinates":[[[126.92021541,37.5106759],[126.92035302,37.51053848],[126.92035154,37.51053051],[126.92028168,37.51048612],[126.92013963,37.51062775],[126.92021541,37.5106759]]]}},{"type":"Feature","id":"seoul-building-520275","properties":{"id":"seoul-building-520275","sourceId":"2016192896784455456500000000","pnu":"1156013200100910001","name":"서울특별시 영등포구 신길동","address":"서울특별시 영등포구 신길동","useName":"단독주택","floors":3.0,"height":9.0,"heightSource":"measured","heightRaw":9.0,"sourceDate":"2026-09-09"},"geometry":{"type":"Polygon","coordinates":[[[126.9204271,37.51217984],[126.92050381,37.51216429],[126.92046551,37.51203402],[126.92038811,37.51204933],[126.9204271,37.51217984]]]}},{"type":"Feature","id":"seoul-building-520277","properties":{"id":"seoul-building-520277","sourceId":"2016192890964458021500000000","pnu":"1156013200100650112","name":"서울특별시 영등포구 신길동","address":"서울특별시 영등포구 신길동","useName":"단독주택","floors":3.0,"height":10.8,"heightSource":"measured","heightRaw":10.8,"sourceDate":"2026-09-09"},"geometry":{"type":"Polygon","coordinates":[[[126.9203283,37.51447222],[126.92043668,37.51445368],[126.92040925,37.51435193],[126.92037713,37.51435742],[126.92035676,37.51438983],[126.92033819,37.51438277],[126.92032224,37.51440459],[126.92033253,37.51444022],[126.92032034,37.51444271],[126.92032827,37.51447063],[126.9203283,37.51447222]]]}},{"type":"Feature","id":"seoul-building-520329","properties":{"id":"seoul-building-520329","sourceId":"2016192883944458199800000000","pnu":"1156013200100650109","name":"아르떼","address":"서울특별시 영등포구 신길동","useName":"단독주택","floors":3.0,"height":9.0,"heightSource":"measured","heightRaw":9.0,"sourceDate":"2026-09-09"},"geometry":{"type":"Polygon","coordinates":[[[126.92022761,37.51456248],[126.92028367,37.51460892],[126.92027388,37.51461641],[126.92031375,37.51464962],[126.92033609,37.51463251],[126.92034106,37.51463683],[126.92038332,37.51460275],[126.92026224,37.51450408],[126.92021997,37.51453553],[126.92024034,37.51455274],[126.92022877,37.51456149],[126.92022761,37.51456248]]]}},{"type":"Feature","id":"seoul-building-520344","properties":{"id":"seoul-building-520344","sourceId":"1992192943454456789400000000","pnu":"1156013200100650033","name":"어울림병원","address":"서울특별시 영등포구 신길동","useName":"의료시설","floors":8.0,"height":28.8,"heightSource":"measured","heightRaw":28.8,"sourceDate":"2026-09-09"},"geometry":{"type":"Polygon","coordinates":[[[126.92110755,37.51326152],[126.92109616,37.5132306],[126.92102726,37.51324669],[126.92101564,37.51321388],[126.92101451,37.51321082],[126.92085555,37.51324612],[126.92091691,37.51341465],[126.9210727,37.51337925],[126.92107315,37.51337727],[126.92103816,37.51327772],[126.92110755,37.51326152]]]}},{"type":"Feature","id":"seoul-building-520354","properties":{"id":"seoul-building-520354","sourceId":"2017193154344456137700000000","pnu":"1156013200104490003","name":"소소방","address":"서울특별시 영등포구 신길동","useName":"공동주택","floors":7.0,"height":18.0,"heightSource":"measured","heightRaw":18.0,"sourceDate":"2026-09-09"},"geometry":{"type":"Polygon","coordinates":[[[126.92335194,37.51282049],[126.92340876,37.51280625],[126.92339541,37.51277833],[126.9234538,37.51276195],[126.9233974,37.51263539],[126.92325624,37.51267777],[126.92329716,37.51276898],[126.9233021,37.51276946],[126.9233011,37.51276496],[126.9233241,37.51275842],[126.92335194,37.51282049]]]}},{"type":"Feature","id":"seoul-building-520392","properties":{"id":"seoul-building-520392","sourceId":"2016192906864455752300000000","pnu":"1156013200100950203","name":"서울특별시 영등포구 신길동","address":"서울특별시 영등포구 신길동","useName":"단독주택","floors":3.0,"height":10.25,"heightSource":"measured","heightRaw":10.25,"sourceDate":"2026-09-09"},"geometry":{"type":"Polygon","coordinates":[[[126.9205289,37.51242981],[126.92062464,37.51240766],[126.92059052,37.51231706],[126.92049498,37.51233859],[126.9205289,37.51242981]]]}},{"type":"Feature","id":"seoul-building-520396","properties":{"id":"seoul-building-520396","sourceId":"2017193571634463913800000000","pnu":"1156011000100450001","name":"SK증권빌딩","address":"서울특별시 영등포구 여의도동","useName":"업무시설","floors":15.0,"height":66.8,"heightSource":"measured","heightRaw":66.8,"sourceDate":"2026-09-09"},"geometry":{"type":"Polygon","coordinates":[[[126.92768333,37.51981551],[126.92803308,37.52004839],[126.92845879,37.5196425],[126.92811331,37.51941716],[126.92768333,37.51981551]]]}},{"type":"Feature","id":"seoul-building-520437","properties":{"id":"seoul-building-520437","sourceId":"2016193015524455931000000000","pnu":"1156013200104680004","name":"서울특별시 영등포구 신길동","address":"서울특별시 영등포구 신길동","useName":"단독주택","floors":3.0,"height":8.75,"heightSource":"measured","heightRaw":8.75,"sourceDate":"2026-09-09"},"geometry":{"type":"Polygon","coordinates":[[[126.92176913,37.51260776],[126.92181364,37.51259453],[126.92181661,37.51259509],[126.92186142,37.51258229],[126.92184002,37.51254263],[126.92184372,37.51253893],[126.92181443,37.51247647],[126.92180551,37.51246325],[126.9217165,37.51248972],[126.92176913,37.51260776]]]}},{"type":"Feature","id":"seoul-building-520480","properties":{"id":"seoul-building-520480","sourceId":"1999193617124463351000000000","pnu":"1156011000100450005","name":"메종리브르오피스텔","address":"서울특별시 영등포구 여의도동","useName":"업무시설","floors":14.0,"height":51.6,"heightSource":"measured","heightRaw":51.6,"sourceDate":"2026-09-09"},"geometry":{"type":"Polygon","coordinates":[[[126.92870616,37.51941335],[126.9287219,37.51939769],[126.92873875,37.51940842],[126.92884212,37.51930549],[126.92882494,37.51929566],[126.92884079,37.5192781],[126.92879919,37.51925438],[126.92880915,37.51924845],[126.92850254,37.51906004],[126.92849586,37.51906688],[126.92845245,37.51903946],[126.92843977,37.51905225],[126.92842869,37.51904522],[126.92832362,37.51915093],[126.92833933,37.51916094],[126.92832789,37.51917228],[126.92870616,37.51941335]]]}},{"type":"Feature","id":"seoul-building-520490","properties":{"id":"seoul-building-520490","sourceId":"2011192955554457908700000000","pnu":"1156013200100650074","name":"서울특별시 영등포구 신길동","address":"서울특별시 영등포구 신길동","useName":"단독주택","floors":3.0,"height":10.75,"heightSource":"measured","heightRaw":10.75,"sourceDate":"2026-09-09"},"geometry":{"type":"Polygon","coordinates":[[[126.92114461,37.51426761],[126.92104603,37.51429071],[126.92107393,37.51436665],[126.92114406,37.5143503],[126.92114246,37.51434593],[126.92117094,37.51433929],[126.92114461,37.51426761]]]}},{"type":"Feature","id":"seoul-building-520491","properties":{"id":"seoul-building-520491","sourceId":"2012192990504457650100000000","pnu":"1156013200100650093","name":"창운","address":"서울특별시 영등포구 신길동","useName":"단독주택","floors":3.0,"height":7.9,"heightSource":"measured","heightRaw":7.9,"sourceDate":"2026-09-09"},"geometry":{"type":"Polygon","coordinates":[[[126.92151844,37.51402915],[126.92143006,37.51405098],[126.9214655,37.51414201],[126.92157978,37.51411378],[126.92154903,37.51403478],[126.92152313,37.51404118],[126.92151844,37.51402915]]]}},{"type":"Feature","id":"seoul-building-520492","properties":{"id":"seoul-building-520492","sourceId":"2012192994734457782800000000","pnu":"1156013200100650094","name":"서울특별시 영등포구 신길동","address":"서울특별시 영등포구 신길동","useName":"단독주택","floors":3.0,"height":9.2,"heightSource":"measured","heightRaw":9.2,"sourceDate":"2026-09-09"},"geometry":{"type":"Polygon","coordinates":[[[126.92159545,37.51414835],[126.92148267,37.51417258],[126.92151279,37.51426154],[126.92156202,37.51425082],[126.92156088,37.51424746],[126.92161343,37.51423617],[126.92160635,37.51421524],[126.9216173,37.51421288],[126.92159545,37.51414835]]]}},{"type":"Feature","id":"seoul-building-520493","properties":{"id":"seoul-building-520493","sourceId":"2011192976634455719100000000","pnu":"1156013200100730014","name":"서울특별시 영등포구 신길동","address":"서울특별시 영등포구 신길동","useName":"단독주택","floors":3.0,"height":10.5,"heightSource":"measured","heightRaw":10.5,"sourceDate":"2026-09-09"},"geometry":{"type":"Polygon","coordinates":[[[126.92140007,37.51229243],[126.92128223,37.51230049],[126.92129157,37.51238717],[126.92134372,37.5123836],[126.92134459,37.51239173],[126.9213718,37.51238987],[126.92137296,37.5124007],[126.9214115,37.51239807],[126.92140007,37.51229243]]]}},{"type":"Feature","id":"seoul-building-520548","properties":{"id":"seoul-building-520548","sourceId":"2013193138254454763600000000","pnu":"1156013200112770000","name":"백년주택","address":"서울특별시 영등포구 신길동","useName":"공동주택","floors":5.0,"height":20.9,"heightSource":"measured","heightRaw":20.9,"sourceDate":"2026-09-09"},"geometry":{"type":"Polygon","coordinates":[[[126.92329378,37.51150945],[126.92325352,37.51141007],[126.92306204,37.51145929],[126.9231023,37.51155867],[126.92329378,37.51150945]]]}},{"type":"Feature","id":"seoul-building-520549","properties":{"id":"seoul-building-520549","sourceId":"2011193253354455622700000000","pnu":"1156013200113090000","name":"서울특별시 영등포구 신길동","address":"서울특별시 영등포구 신길동","useName":"단독주택","floors":3.0,"height":10.5,"heightSource":"measured","heightRaw":10.5,"sourceDate":"2026-09-09"},"geometry":{"type":"Polygon","coordinates":[[[126.92451866,37.51224547],[126.92451647,37.51224597],[126.92449694,37.51219181],[126.92446295,37.51219959],[126.92446546,37.51220657],[126.92442707,37.51221536],[126.92442239,37.5122221],[126.92442806,37.51223783],[126.92442586,37.51223832],[126.92445609,37.51232219],[126.92453945,37.51230313],[126.92451866,37.51224547]]]}},{"type":"Feature","id":"seoul-building-520591","properties":{"id":"seoul-building-520591","sourceId":"2012192925244453419300000000","pnu":"1156013200100890063","name":"서울특별시 영등포구 신길동","address":"서울특별시 영등포구 신길동","useName":"단독주택","floors":4.0,"height":10.9,"heightSource":"measured","heightRaw":10.9,"sourceDate":"2026-09-09"},"geometry":{"type":"Polygon","coordinates":[[[126.92069232,37.51025244],[126.92071447,37.51031852],[126.92084761,37.5102902],[126.92082577,37.51022485],[126.92069232,37.51025244]]]}},{"type":"Feature","id":"seoul-building-520605","properties":{"id":"seoul-building-520605","sourceId":"1966192883094456229100000000","pnu":"1156013200100950158","name":"서울특별시 영등포구 신길동","address":"서울특별시 영등포구 신길동","useName":"단독주택","floors":1.0,"height":4.2,"heightSource":"estimated","heightRaw":0.0,"sourceDate":"2026-09-09"},"geometry":{"type":"Polygon","coordinates":[[[126.92033028,37.51280554],[126.92029983,37.51272776],[126.92026125,37.51273738],[126.92028798,37.5128056],[126.9202899,37.51281038],[126.92023197,37.51282358],[126.92024494,37.51285954],[126.92034179,37.51283735],[126.92033028,37.51280554]]]}},{"type":"Feature","id":"seoul-building-520615","properties":{"id":"seoul-building-520615","sourceId":"2011192936654458491700000000","pnu":"1156013200100650055","name":".","address":"서울특별시 영등포구 신길동","useName":"공동주택","floors":5.0,"height":16.25,"heightSource":"measured","heightRaw":16.25,"sourceDate":"2026-09-09"},"geometry":{"type":"Polygon","coordinates":[[[126.92095897,37.51486156],[126.92092782,37.51478184],[126.92082829,37.51480652],[126.92086546,37.51490166],[126.92088234,37.51490406],[126.92091999,37.51489472],[126.92091798,37.51488958],[126.92093413,37.51488558],[126.92092776,37.51486929],[126.92095897,37.51486156]]]}},{"type":"Feature","id":"seoul-building-520616","properties":{"id":"seoul-building-520616","sourceId":"2012192961924458091800000000","pnu":"1156013200100650102","name":"서울특별시 영등포구 신길동","address":"서울특별시 영등포구 신길동","useName":"단독주택","floors":3.0,"height":9.2,"heightSource":"measured","heightRaw":9.2,"sourceDate":"2026-09-09"},"geometry":{"type":"Polygon","coordinates":[[[126.92120978,37.51442876],[126.92111981,37.51445038],[126.92113027,37.51447801],[126.92111727,37.51448113],[126.92112217,37.51449408],[126.92113517,37.51449096],[126.92115186,37.514535],[126.92124074,37.51451364],[126.92122896,37.51448256],[126.92123656,37.51448073],[126.92122805,37.51445828],[126.92122155,37.51445985],[126.92120978,37.51442876]]]}},{"type":"Feature","id":"seoul-building-520617","properties":{"id":"seoul-building-520617","sourceId":"2011193263874455597100000000","pnu":"1156013200113090002","name":"서울특별시 영등포구 신길동","address":"서울특별시 영등포구 신길동","useName":"단독주택","floors":3.0,"height":10.5,"heightSource":"measured","heightRaw":10.5,"sourceDate":"2026-09-09"},"geometry":{"type":"Polygon","coordinates":[[[126.92463261,37.5121842],[126.92462941,37.51217195],[126.92461726,37.51217397],[126.92461381,37.51216078],[126.92456981,37.51216808],[126.92457326,37.51218127],[126.92454192,37.51218646],[126.92454783,37.51220907],[126.9245561,37.5122077],[126.92456387,37.51223737],[126.92455204,37.51223932],[126.92455524,37.51225157],[126.92456707,37.51224961],[126.92457187,37.51226798],[126.92455532,37.51227073],[126.92455851,37.51228296],[126.92457507,37.51228022],[126.9245827,37.51230942],[126.92464714,37.51229873],[126.9246395,37.51226953],[126.92464213,37.5122691],[126.92464102,37.51226486],[126.92465317,37.51226284],[126.92464997,37.5122506],[126.92463782,37.51225262],[126.92462046,37.51218623],[126.92463261,37.5121842]]]}},{"type":"Feature","id":"seoul-building-520697","properties":{"id":"seoul-building-520697","sourceId":"2013192900064457912600000000","pnu":"1156013200100650068","name":"서울특별시 영등포구 신길동","address":"서울특별시 영등포구 신길동","useName":"단독주택","floors":4.0,"height":13.4,"heightSource":"measured","heightRaw":13.4,"sourceDate":"2026-09-09"},"geometry":{"type":"Polygon","coordinates":[[[126.92046263,37.51438298],[126.92048814,37.51437701],[126.92049113,37.51438185],[126.92051205,37.51437697],[126.92051016,37.51437187],[126.92054717,37.51436321],[126.92050695,37.5142541],[126.92041536,37.51427554],[126.92043083,37.51431752],[126.92042672,37.5143204],[126.92044362,37.51436658],[126.92045507,37.51436344],[126.92046263,37.51438298]]]}},{"type":"Feature","id":"seoul-building-520734","properties":{"id":"seoul-building-520734","sourceId":"1981193025034454143700000000","pnu":"1156013200104650022","name":"서울특별시 영등포구 신길동","address":"서울특별시 영등포구 신길동","useName":"제2종근린생활시설","floors":2.0,"height":7.4,"heightSource":"estimated","heightRaw":0.0,"sourceDate":"2026-09-09"},"geometry":{"type":"Polygon","coordinates":[[[126.921943,37.5108481],[126.92187152,37.51084175],[126.92185887,37.51093175],[126.92186553,37.51094599],[126.9218561,37.51098896],[126.92186933,37.51099077],[126.92188321,37.51101655],[126.92191771,37.51101874],[126.921943,37.5108481]]]}},{"type":"Feature","id":"seoul-building-520791","properties":{"id":"seoul-building-520791","sourceId":"2020193073214454259300000000","pnu":"1156013200104530002","name":"진영파인빌","address":"서울특별시 영등포구 신길동","useName":"공동주택","floors":5.0,"height":15.6,"heightSource":"measured","heightRaw":15.6,"sourceDate":"2026-09-09"},"geometry":{"type":"Polygon","coordinates":[[[126.92233417,37.51098226],[126.9223899,37.51111866],[126.92255144,37.51107677],[126.92249571,37.51094038],[126.92233417,37.51098226]]]}},{"type":"Feature","id":"seoul-building-520792","properties":{"id":"seoul-building-520792","sourceId":"2020193091244454202200000000","pnu":"1156013200104530002","name":"진영파인빌","address":"서울특별시 영등포구 신길동","useName":"공동주택","floors":5.0,"height":15.6,"heightSource":"measured","heightRaw":15.6,"sourceDate":"2026-09-09"},"geometry":{"type":"Polygon","coordinates":[[[126.92253915,37.51092912],[126.92259479,37.51106554],[126.92275633,37.51102366],[126.92271135,37.51091358],[126.92266414,37.51089671],[126.92253915,37.51092912]]]}},{"type":"Feature","id":"seoul-building-520838","properties":{"id":"seoul-building-520838","sourceId":"2018193038384459044400000000","pnu":"1156013200100070034","name":"지엔빌 더드망","address":"서울특별시 영등포구 신길동","useName":"단독주택","floors":3.0,"height":10.5,"heightSource":"measured","heightRaw":10.5,"sourceDate":"2026-09-09"},"geometry":{"type":"Polygon","coordinates":[[[126.92202681,37.51539934],[126.92206032,37.51538831],[126.92205459,37.51537881],[126.92211528,37.51535564],[126.92210246,37.51533252],[126.92209268,37.51533626],[126.92206292,37.51528567],[126.9219788,37.51531784],[126.92202681,37.51539934]]]}},{"type":"Feature","id":"seoul-building-520845","properties":{"id":"seoul-building-520845","sourceId":"2018193096054456415300000000","pnu":"1156013200104490020","name":"콘펠리체","address":"서울특별시 영등포구 신길동","useName":"업무시설","floors":14.0,"height":50.5,"heightSource":"measured","heightRaw":50.5,"sourceDate":"2026-09-09"},"geometry":{"type":"Polygon","coordinates":[[[126.9225953,37.5130557],[126.92269923,37.51304217],[126.92270115,37.51303554],[126.92282497,37.51302079],[126.92281208,37.51296732],[126.9227942,37.51296957],[126.92279103,37.51295355],[126.92282454,37.51294933],[126.92281155,37.51288666],[126.92272885,37.51289798],[126.92272962,37.5129066],[126.92256817,37.51292685],[126.9225953,37.5130557]]]}},{"type":"Feature","id":"seoul-building-520850","properties":{"id":"seoul-building-520850","sourceId":"2017192950544456550500000000","pnu":"1156013200100650032","name":"해피하우스","address":"서울특별시 영등포구 신길동","useName":"공동주택","floors":5.0,"height":13.8,"heightSource":"measured","heightRaw":13.8,"sourceDate":"2026-09-09"},"geometry":{"type":"Polygon","coordinates":[[[126.9210282,37.51317565],[126.92111537,37.51315233],[126.92107625,37.51306422],[126.92110186,37.51305805],[126.92108267,37.51301253],[126.92106552,37.51301711],[126.92106263,37.51301028],[126.92102479,37.51302041],[126.92102551,37.51302212],[126.92100125,37.51302861],[126.9210032,37.51304846],[126.92101756,37.51308251],[126.92102077,37.51308165],[126.92102355,37.51308822],[126.92100211,37.51309396],[126.92101363,37.51312129],[126.92100613,37.5131233],[126.9210282,37.51317565]]]}},{"type":"Feature","id":"seoul-building-520893","properties":{"id":"seoul-building-520893","sourceId":"2019193031564453207200000000","pnu":"1156013200104560002","name":"가온빌","address":"서울특별시 영등포구 신길동","useName":"공동주택","floors":5.0,"height":16.38,"heightSource":"measured","heightRaw":16.38,"sourceDate":"2026-09-09"},"geometry":{"type":"Polygon","coordinates":[[[126.92191649,37.51014332],[126.92195018,37.5101459],[126.92195097,37.51014288],[126.9219962,37.51014704],[126.92201183,37.51014004],[126.9220285,37.51002155],[126.92193436,37.51001298],[126.92193071,37.51003961],[126.92193361,37.51003993],[126.92192709,37.51008751],[126.92192384,37.51008697],[126.92191649,37.51014332]]]}},{"type":"Feature","id":"seoul-building-520906","properties":{"id":"seoul-building-520906","sourceId":"2019193010334456616900000000","pnu":"1156013200100650010","name":"도노펠리체","address":"서울특별시 영등포구 신길동","useName":"업무시설","floors":11.0,"height":50.9,"heightSource":"measured","heightRaw":50.9,"sourceDate":"2026-09-09"},"geometry":{"type":"Polygon","coordinates":[[[126.92168853,37.5132634],[126.92178763,37.51323351],[126.92177522,37.51320739],[126.92180166,37.51319941],[126.92176808,37.51312558],[126.92183404,37.51310355],[126.9218266,37.51308943],[126.92184215,37.51308424],[126.92182267,37.51304698],[126.92164553,37.51310611],[126.92165347,37.51312301],[126.92162299,37.51313318],[126.92165971,37.51320561],[126.92167008,37.51320249],[126.92167518,37.51321271],[126.92166571,37.51321556],[126.92168853,37.5132634]]]}},{"type":"Feature","id":"seoul-building-520925","properties":{"id":"seoul-building-520925","sourceId":"2019192963384456059400000000","pnu":"1156013200100940003","name":"라움","address":"서울특별시 영등포구 신길동","useName":"단독주택","floors":3.0,"height":8.96,"heightSource":"measured","heightRaw":8.96,"sourceDate":"2026-09-09"},"geometry":{"type":"Polygon","coordinates":[[[126.92114803,37.51270083],[126.92127676,37.5126686],[126.9212492,37.51259979],[126.92112048,37.51263293],[126.92114803,37.51270083]]]}},{"type":"Feature","id":"seoul-building-520974","properties":{"id":"seoul-building-520974","sourceId":"2017193007934453804100000000","pnu":"1156013200104650007","name":"대한예수교장로회 대길교회","address":"서울특별시 영등포구 신길동","useName":"종교시설","floors":5.0,"height":27.7,"heightSource":"measured","heightRaw":27.7,"sourceDate":"2026-09-09"},"geometry":{"type":"Polygon","coordinates":[[[126.92168154,37.51073596],[126.9217373,37.51073997],[126.92173099,37.5107956],[126.92183294,37.51080294],[126.92183624,37.51071361],[126.92185374,37.51053905],[126.92186491,37.51050057],[126.92186717,37.51048062],[126.92176372,37.51047155],[126.92176646,37.51048243],[126.92170619,37.5104781],[126.92170574,37.5105222],[126.92153515,37.51051184],[126.92152848,37.51053318],[126.92151495,37.51053221],[126.92150817,37.51061224],[126.92152168,37.51061321],[126.9215111,37.51068662],[126.92168324,37.51070081],[126.92168154,37.51073596]]]}},{"type":"Feature","id":"seoul-building-521025","properties":{"id":"seoul-building-521025","sourceId":"2020193514854463577300000000","pnu":"1156011000100450000","name":"KB국민은행 신관","address":"서울특별시 영등포구 여의도동","useName":"업무시설","floors":25.0,"height":117.54,"heightSource":"measured","heightRaw":117.54,"sourceDate":"2026-09-09"},"geometry":{"type":"Polygon","coordinates":[[[126.92698131,37.51950743],[126.92745941,37.51979567],[126.92788127,37.51935904],[126.92739455,37.5190561],[126.92698131,37.51950743]]]}},{"type":"Feature","id":"seoul-building-521029","properties":{"id":"seoul-building-521029","sourceId":"2019192863754453566000000000","pnu":"1156013200100890083","name":"서울특별시 영등포구 신길동","address":"서울특별시 영등포구 신길동","useName":"단독주택","floors":3.0,"height":10.23,"heightSource":"measured","heightRaw":10.23,"sourceDate":"2026-09-09"},"geometry":{"type":"Polygon","coordinates":[[[126.92008148,37.51046683],[126.9201541,37.51039405],[126.92007913,37.51034657],[126.92006075,37.5103454],[126.91999453,37.51041178],[126.92008148,37.51046683]]]}},{"type":"Feature","id":"seoul-building-521031","properties":{"id":"seoul-building-521031","sourceId":"2019192903324453692300000000","pnu":"1156013200100890158","name":"서울특별시 영등포구 신길동","address":"서울특별시 영등포구 신길동","useName":"단독주택","floors":4.0,"height":12.6,"heightSource":"measured","heightRaw":12.6,"sourceDate":"2026-09-09"},"geometry":{"type":"Polygon","coordinates":[[[126.9205144,37.51057914],[126.92059761,37.51054113],[126.92053641,37.51045609],[126.92044142,37.51049947],[126.92046944,37.51053839],[126.92048513,37.51053122],[126.92049622,37.51054663],[126.92049257,37.51054881],[126.9205144,37.51057914]]]}},{"type":"Feature","id":"seoul-building-521179","properties":{"id":"seoul-building-521179","sourceId":"1969193448744455042600000000","pnu":"1159010800103440002","name":"서울특별시 동작구 대방동","address":"서울특별시 동작구 대방동","useName":"제2종근린생활시설","floors":1.0,"height":5.0,"heightSource":"measured","heightRaw":5.0,"sourceDate":"2026-09-09"},"geometry":{"type":"Polygon","coordinates":[[[126.92677664,37.51174919],[126.92676676,37.51172722],[126.92675848,37.51170863],[126.9267385,37.51171312],[126.92673251,37.51170073],[126.92671837,37.51170439],[126.92671712,37.51170157],[126.92667381,37.51171505],[126.92666253,37.51169196],[126.92661622,37.51170685],[126.92663807,37.51176318],[126.92662905,37.5117643],[126.92664034,37.51178881],[126.92677664,37.51174919]]]}},{"type":"Feature","id":"seoul-building-521198","properties":{"id":"seoul-building-521198","sourceId":"1984193599714457212400000000","pnu":"1159010800101010010","name":"서울특별시 동작구 대방동","address":"서울특별시 동작구 대방동","useName":"단독주택","floors":2.0,"height":7.4,"heightSource":"estimated","heightRaw":0.0,"sourceDate":"2026-09-09"},"geometry":{"type":"Polygon","coordinates":[[[126.92837087,37.51364538],[126.92833002,37.51366647],[126.92838846,37.5137445],[126.92846113,37.51371103],[126.92843448,37.51367047],[126.92842617,37.51367497],[126.92841187,37.51365836],[126.92838923,37.51366904],[126.92837087,37.51364538]]]}},{"type":"Feature","id":"seoul-building-521244","properties":{"id":"seoul-building-521244","sourceId":"0000193712974457695100000000","pnu":"1159010800105050000","name":"서울특별시 동작구 대방동","address":"서울특별시 동작구 대방동","useName":"","floors":0.0,"height":0,"heightSource":"unknown","heightRaw":0.0,"sourceDate":"2026-09-09"},"geometry":{"type":"Polygon","coordinates":[[[126.92965437,37.51415436],[126.92969078,37.51415636],[126.9296963,37.51410483],[126.92966237,37.51410228],[126.92965437,37.51415436]]]}},{"type":"Feature","id":"seoul-building-521512","properties":{"id":"seoul-building-521512","sourceId":"1966193430314455010100000000","pnu":"1159010800103440007","name":"서울특별시 동작구 대방동","address":"서울특별시 동작구 대방동","useName":"단독주택","floors":2.0,"height":7.4,"heightSource":"estimated","heightRaw":0.0,"sourceDate":"2026-09-09"},"geometry":{"type":"Polygon","coordinates":[[[126.92652844,37.51164035],[126.92647505,37.51165553],[126.92647611,37.51166398],[126.92639091,37.51168757],[126.92642722,37.5117715],[126.92656953,37.51173526],[126.92652844,37.51164035]]]}},{"type":"Feature","id":"seoul-building-521808","properties":{"id":"seoul-building-521808","sourceId":"0000193712634456449900000000","pnu":"1159010800105080000","name":"서울특별시 동작구 대방동","address":"서울특별시 동작구 대방동","useName":"","floors":0.0,"height":0,"heightSource":"unknown","heightRaw":0.0,"sourceDate":"2026-09-09"},"geometry":{"type":"Polygon","coordinates":[[[126.92965141,37.51298869],[126.92965137,37.51302473],[126.92969414,37.51302701],[126.92969576,37.51299153],[126.92965141,37.51298869]]]}},{"type":"Feature","id":"seoul-building-521821","properties":{"id":"seoul-building-521821","sourceId":"1985193606564457472200000000","pnu":"1159010800100990005","name":"서울특별시 동작구 대방동","address":"서울특별시 동작구 대방동","useName":"단독주택","floors":1.0,"height":4.2,"heightSource":"estimated","heightRaw":0.0,"sourceDate":"2026-09-09"},"geometry":{"type":"Polygon","coordinates":[[[126.92845655,37.51386955],[126.92839961,37.513914],[126.9284872,37.51397769],[126.92854996,37.51396139],[126.92845655,37.51386955]]]}},{"type":"Feature","id":"seoul-building-521975","properties":{"id":"seoul-building-521975","sourceId":"0000193686974454236200000000","pnu":"1159010800100230176","name":"서울특별시 동작구 대방동","address":"서울특별시 동작구 대방동","useName":"","floors":0.0,"height":0,"heightSource":"unknown","heightRaw":0.0,"sourceDate":"2026-09-09"},"geometry":{"type":"Polygon","coordinates":[[[126.92938607,37.51098465],[126.92934964,37.51101109],[126.9293832,37.51104152],[126.92941998,37.51101535],[126.92938607,37.51098465]]]}},{"type":"Feature","id":"seoul-building-522424","properties":{"id":"seoul-building-522424","sourceId":"1999193688774457778600000000","pnu":"1159010800105050000","name":"서울특별시 동작구 대방동","address":"서울특별시 동작구 대방동","useName":"","floors":0.0,"height":0,"heightSource":"unknown","heightRaw":0.0,"sourceDate":"2026-09-09"},"geometry":{"type":"Polygon","coordinates":[[[126.92938496,37.51422657],[126.9294173,37.51422659],[126.92941766,37.5142173],[126.92943481,37.51421759],[126.92943642,37.51419057],[126.92937087,37.51418461],[126.92936871,37.51421446],[126.92938568,37.51421531],[126.92938496,37.51422657]]]}},{"type":"Feature","id":"seoul-building-522432","properties":{"id":"seoul-building-522432","sourceId":"0000193597464455635200000000","pnu":"1159010800105080000","name":"서울특별시 동작구 대방동","address":"서울특별시 동작구 대방동","useName":"","floors":0.0,"height":0,"heightSource":"unknown","heightRaw":0.0,"sourceDate":"2026-09-09"},"geometry":{"type":"Polygon","coordinates":[[[126.92835525,37.51224965],[126.92834019,37.51228371],[126.92838666,37.51229585],[126.92840278,37.51226347],[126.92835525,37.51224965]]]}},{"type":"Feature","id":"seoul-building-522503","properties":{"id":"seoul-building-522503","sourceId":"0000193704074457568600000000","pnu":"1159010800105050000","name":"서울특별시 동작구 대방동","address":"서울특별시 동작구 대방동","useName":"","floors":0.0,"height":0,"heightSource":"unknown","heightRaw":0.0,"sourceDate":"2026-09-09"},"geometry":{"type":"Polygon","coordinates":[[[126.92952357,37.51399127],[126.92952056,37.51399435],[126.92951612,37.51402561],[126.92951806,37.51403067],[126.92952123,37.51403377],[126.9296308,37.5140406],[126.92963278,37.514004],[126.92962872,37.51399696],[126.92952357,37.51399127]]]}},{"type":"Feature","id":"seoul-building-522638","properties":{"id":"seoul-building-522638","sourceId":"1988193549514454859600000000","pnu":"1159010800103490005","name":"서울특별시 동작구 대방동","address":"서울특별시 동작구 대방동","useName":"단독주택","floors":3.0,"height":9.2,"heightSource":"measured","heightRaw":9.2,"sourceDate":"2026-09-09"},"geometry":{"type":"Polygon","coordinates":[[[126.92776532,37.51151526],[126.92775801,37.51157664],[126.92778911,37.51157975],[126.92778447,37.51162846],[126.92787619,37.51163978],[126.92789802,37.51153082],[126.92776532,37.51151526]]]}},{"type":"Feature","id":"seoul-building-522652","properties":{"id":"seoul-building-522652","sourceId":"2003193637134455166500000000","pnu":"1159010800105080000","name":"대방1차e-편한세상","address":"서울특별시 동작구 대방동","useName":"공동주택","floors":24.0,"height":65.34,"heightSource":"measured","heightRaw":65.34,"sourceDate":"2026-09-09"},"geometry":{"type":"Polygon","coordinates":[[[126.92882718,37.51162036],[126.92882487,37.51163781],[126.9288171,37.51163753],[126.92879829,37.51170312],[126.9287755,37.51169973],[126.92876806,37.51172366],[126.9287495,37.51172223],[126.92873939,37.51175546],[126.92878357,37.51176252],[126.92874278,37.51191765],[126.92869684,37.51190974],[126.92868744,37.5119452],[126.92870935,37.51194916],[126.92870296,37.51197534],[126.92872717,37.51197846],[126.92870961,37.51204658],[126.92871597,37.51204743],[126.92871331,37.51206094],[126.92883276,37.51208186],[126.92894575,37.5116438],[126.92882718,37.51162036]]]}},{"type":"Feature","id":"seoul-building-522689","properties":{"id":"seoul-building-522689","sourceId":"2003193627604454677700000000","pnu":"1159010800105080000","name":"대방1차e-편한세상","address":"서울특별시 동작구 대방동","useName":"공동주택","floors":23.0,"height":62.54,"heightSource":"measured","heightRaw":62.54,"sourceDate":"2026-09-09"},"geometry":{"type":"Polygon","coordinates":[[[126.92845175,37.51131069],[126.92842939,37.51140444],[126.92844672,37.5114067],[126.92844565,37.51141431],[126.92852888,37.51142449],[126.92852444,37.51144504],[126.92855342,37.51145069],[126.92855128,37.51146758],[126.92859633,37.51147521],[126.92860485,37.51143862],[126.92868667,37.51145106],[126.92869005,37.51143304],[126.92870312,37.51143558],[126.92870151,37.5114536],[126.92880011,37.51146886],[126.92879497,37.51149223],[126.92882642,37.51149732],[126.92882304,37.51151392],[126.92886598,37.51152043],[126.92887255,37.51148439],[126.92895632,37.51149683],[126.92895702,37.51149148],[126.92897806,37.51149319],[126.9290027,37.51140395],[126.92845175,37.51131069]]]}},{"type":"Feature","id":"seoul-building-522755","properties":{"id":"seoul-building-522755","sourceId":"0000193545334455908300000000","pnu":"1159010800103400004","name":"서울특별시 동작구 대방동","address":"서울특별시 동작구 대방동","useName":"","floors":0.0,"height":0,"heightSource":"unknown","heightRaw":0.0,"sourceDate":"2026-09-09"},"geometry":{"type":"Polygon","coordinates":[[[126.92783006,37.51254412],[126.92783787,37.51251711],[126.92773291,37.51249338],[126.92772405,37.51252013],[126.92783006,37.51254412]]]}},{"type":"Feature","id":"seoul-building-523079","properties":{"id":"seoul-building-523079","sourceId":"0000193486554457447100000000","pnu":"1159010800105100000","name":"서울특별시 동작구 대방동","address":"서울특별시 동작구 대방동","useName":"","floors":0.0,"height":0,"heightSource":"unknown","heightRaw":0.0,"sourceDate":"2026-09-09"},"geometry":{"type":"Polygon","coordinates":[[[126.92710964,37.51388337],[126.92710607,37.51392391],[126.92712286,37.51392364],[126.92712184,37.51388366],[126.92710964,37.51388337]]]}},{"type":"Feature","id":"seoul-building-523102","properties":{"id":"seoul-building-523102","sourceId":"0000193600614453354500000000","pnu":"1159010800100230176","name":"서울특별시 동작구 대방동","address":"서울특별시 동작구 대방동","useName":"","floors":0.0,"height":0,"heightSource":"unknown","heightRaw":0.0,"sourceDate":"2026-09-09"},"geometry":{"type":"Polygon","coordinates":[[[126.9284127,37.51019004],[126.92837486,37.51021425],[126.9284047,37.51024607],[126.92844271,37.51022216],[126.9284127,37.51019004]]]}},{"type":"Feature","id":"seoul-building-523172","properties":{"id":"seoul-building-523172","sourceId":"1983193559644454614800000000","pnu":"1159010800103490015","name":"에이동","address":"서울특별시 동작구 대방동","useName":"단독주택","floors":2.0,"height":7.4,"heightSource":"estimated","heightRaw":0.0,"sourceDate":"2026-09-09"},"geometry":{"type":"Polygon","coordinates":[[[126.92790196,37.5112991],[126.92789573,37.51133823],[126.92788354,37.51133766],[126.92787607,37.51138975],[126.92792077,37.51139625],[126.92794798,37.51140049],[126.92794798,37.51140246],[126.9279911,37.51140952],[126.92800816,37.51131155],[126.9279207,37.51130136],[126.92790196,37.5112991]]]}},{"type":"Feature","id":"seoul-building-523489","properties":{"id":"seoul-building-523489","sourceId":"1987193542934454617900000000","pnu":"1159010800103490016","name":"서울특별시 동작구 대방동","address":"서울특별시 동작구 대방동","useName":"공동주택","floors":2.0,"height":6.9,"heightSource":"estimated","heightRaw":0.0,"sourceDate":"2026-09-09"},"geometry":{"type":"Polygon","coordinates":[[[126.92766496,37.5113105],[126.92765393,37.51137779],[126.92784124,37.51140324],[126.92785421,37.51133032],[126.92777222,37.51131957],[126.92777133,37.51132802],[126.927742,37.51132603],[126.92774447,37.5113204],[126.92766496,37.5113105]]]}},{"type":"Feature","id":"seoul-building-523517","properties":{"id":"seoul-building-523517","sourceId":"0000193475584455659700000000","pnu":"1159010800103400004","name":"서울특별시 동작구 대방동","address":"서울특별시 동작구 대방동","useName":"","floors":0.0,"height":0,"heightSource":"unknown","heightRaw":0.0,"sourceDate":"2026-09-09"},"geometry":{"type":"Polygon","coordinates":[[[126.92703736,37.51224547],[126.926888,37.51227493],[126.92690174,37.51230621],[126.92696786,37.51229188],[126.92699042,37.51235046],[126.92706502,37.51233474],[126.92703736,37.51224547]]]}},{"type":"Feature","id":"seoul-building-523659","properties":{"id":"seoul-building-523659","sourceId":"2008193415274454722400000000","pnu":"1159010800103440022","name":"대방동","address":"서울특별시 동작구 대방동","useName":"단독주택","floors":4.0,"height":10.2,"heightSource":"measured","heightRaw":10.2,"sourceDate":"2026-09-09"},"geometry":{"type":"Polygon","coordinates":[[[126.92635602,37.51138684],[126.92625225,37.51141353],[126.92625243,37.51141606],[126.92623351,37.51142506],[126.92623633,37.51143407],[126.92622821,37.5114366],[126.9262557,37.51150194],[126.92630502,37.51149127],[126.92631014,37.51150479],[126.92639428,37.51148119],[126.92635602,37.51138684]]]}},{"type":"Feature","id":"seoul-building-523737","properties":{"id":"seoul-building-523737","sourceId":"0000193477474456149900000000","pnu":"1159010800101170007","name":"서울특별시 동작구 대방동","address":"서울특별시 동작구 대방동","useName":"","floors":0.0,"height":0,"heightSource":"unknown","heightRaw":0.0,"sourceDate":"2026-09-09"},"geometry":{"type":"Polygon","coordinates":[[[126.92699891,37.51272383],[126.92699447,37.51274296],[126.92702839,37.51274805],[126.92703212,37.51272863],[126.92699891,37.51272383]]]}},{"type":"Feature","id":"seoul-building-523968","properties":{"id":"seoul-building-523968","sourceId":"0000193549824453972000000000","pnu":"1159010800104660005","name":"서울특별시 동작구 대방동","address":"서울특별시 동작구 대방동","useName":"","floors":0.0,"height":0,"heightSource":"unknown","heightRaw":0.0,"sourceDate":"2026-09-09"},"geometry":{"type":"Polygon","coordinates":[[[126.92783537,37.51071088],[126.92778701,37.51082572],[126.92783454,37.51083589],[126.92787919,37.51072132],[126.92783537,37.51071088]]]}},{"type":"Feature","id":"seoul-building-524068","properties":{"id":"seoul-building-524068","sourceId":"2006193406624455104100000000","pnu":"1159010800105120000","name":"대방동경남아너스빌","address":"서울특별시 동작구 대방동","useName":"공동주택","floors":0.0,"height":0,"heightSource":"unknown","heightRaw":0.0,"sourceDate":"2026-09-09"},"geometry":{"type":"Polygon","coordinates":[[[126.92625425,37.51171845],[126.92611972,37.51175441],[126.92615605,37.51184425],[126.9262368,37.51185782],[126.92630238,37.5118435],[126.92625425,37.51171845]]]}},{"type":"Feature","id":"seoul-building-524069","properties":{"id":"seoul-building-524069","sourceId":"1989193445794454782300000000","pnu":"1159010800103440014","name":"서울특별시 동작구 대방동","address":"서울특별시 동작구 대방동","useName":"단독주택","floors":2.0,"height":7.4,"heightSource":"estimated","heightRaw":0.0,"sourceDate":"2026-09-09"},"geometry":{"type":"Polygon","coordinates":[[[126.92668203,37.5114518],[126.9265947,37.51147624],[126.92662767,37.51155567],[126.92671976,37.51152813],[126.92670196,37.51148532],[126.92669683,37.51148644],[126.92668203,37.5114518]]]}},{"type":"Feature","id":"seoul-building-524543","properties":{"id":"seoul-building-524543","sourceId":"2007193408674454566200000000","pnu":"1159010800103440027","name":"서울특별시 동작구 대방동","address":"서울특별시 동작구 대방동","useName":"단독주택","floors":4.0,"height":13.8,"heightSource":"estimated","heightRaw":0.0,"sourceDate":"2026-09-09"},"geometry":{"type":"Polygon","coordinates":[[[126.92626231,37.51125641],[126.92617481,37.51127776],[126.92621148,37.51136113],[126.92629881,37.51133865],[126.92626231,37.51125641]]]}},{"type":"Feature","id":"seoul-building-524745","properties":{"id":"seoul-building-524745","sourceId":"2007193578294454857700000000","pnu":"1159010800103490001","name":"해태해오름1차","address":"서울특별시 동작구 대방동","useName":"공동주택","floors":5.0,"height":14.4,"heightSource":"measured","heightRaw":14.4,"sourceDate":"2026-09-09"},"geometry":{"type":"Polygon","coordinates":[[[126.92808291,37.51163702],[126.92812542,37.51164105],[126.92812537,37.51164737],[126.92820565,37.5116541],[126.92821524,37.51158912],[126.92820316,37.51158802],[126.92820701,37.51156635],[126.92821833,37.51156725],[126.92822279,37.51153334],[126.92821919,37.51153294],[126.92822429,37.51150356],[126.92815055,37.5114965],[126.92815135,37.5114917],[126.92810953,37.51148737],[126.92808291,37.51163702]]]}},{"type":"Feature","id":"seoul-building-524820","properties":{"id":"seoul-building-524820","sourceId":"1988193551284454747500000000","pnu":"1159010800103490022","name":"서울특별시 동작구 대방동","address":"서울특별시 동작구 대방동","useName":"단독주택","floors":2.0,"height":7.4,"heightSource":"estimated","heightRaw":0.0,"sourceDate":"2026-09-09"},"geometry":{"type":"Polygon","coordinates":[[[126.92777547,37.51142769],[126.92776286,37.51149949],[126.92792083,37.51151816],[126.92792331,37.51151845],[126.92793628,37.51144581],[126.92792073,37.51144412],[126.92777547,37.51142769]]]}},{"type":"Feature","id":"seoul-building-525046","properties":{"id":"seoul-building-525046","sourceId":"0000193587344457803400000000","pnu":"1159010800105040000","name":"서울특별시 동작구 대방동","address":"서울특별시 동작구 대방동","useName":"","floors":0.0,"height":0,"heightSource":"unknown","heightRaw":0.0,"sourceDate":"2026-09-09"},"geometry":{"type":"Polygon","coordinates":[[[126.92822311,37.51420953],[126.9282192,37.51423516],[126.92828706,37.51424308],[126.92829044,37.51421831],[126.92822311,37.51420953]]]}},{"type":"Feature","id":"seoul-building-525224","properties":{"id":"seoul-building-525224","sourceId":"0000193423514455114400000000","pnu":"1159010800103440009","name":"서울특별시 동작구 대방동","address":"서울특별시 동작구 대방동","useName":"","floors":0.0,"height":0,"heightSource":"unknown","heightRaw":0.0,"sourceDate":"2026-09-09"},"geometry":{"type":"Polygon","coordinates":[[[126.92641004,37.5118157],[126.92640563,37.51180584],[126.92643233,37.51179572],[126.92643128,37.51178586],[126.92638055,37.51179907],[126.92639024,37.51182132],[126.92641004,37.5118157]]]}},{"type":"Feature","id":"seoul-building-525338","properties":{"id":"seoul-building-525338","sourceId":"0000193506634455963600000000","pnu":"1159010800103400004","name":"서울특별시 동작구 대방동","address":"서울특별시 동작구 대방동","useName":"","floors":0.0,"height":0,"heightSource":"unknown","heightRaw":0.0,"sourceDate":"2026-09-09"},"geometry":{"type":"Polygon","coordinates":[[[126.92728126,37.51260687],[126.9273696,37.51262663],[126.92740681,37.51252613],[126.92731387,37.51251369],[126.92728126,37.51260687]]]}},{"type":"Feature","id":"seoul-building-525395","properties":{"id":"seoul-building-525395","sourceId":"0000193422624455508400000000","pnu":"1159010800103410002","name":"서울특별시 동작구 대방동","address":"서울특별시 동작구 대방동","useName":"","floors":0.0,"height":0,"heightSource":"unknown","heightRaw":0.0,"sourceDate":"2026-09-09"},"geometry":{"type":"Polygon","coordinates":[[[126.92640229,37.51214568],[126.92637913,37.51215073],[126.92638547,37.5121696],[126.92640828,37.51216399],[126.92640229,37.51214568]]]}},{"type":"Feature","id":"seoul-building-525827","properties":{"id":"seoul-building-525827","sourceId":"0000193532344456155500000000","pnu":"1159010800103400004","name":"서울특별시 동작구 대방동","address":"서울특별시 동작구 대방동","useName":"","floors":0.0,"height":0,"heightSource":"unknown","heightRaw":0.0,"sourceDate":"2026-09-09"},"geometry":{"type":"Polygon","coordinates":[[[126.92737881,37.51261086],[126.92732812,37.51275387],[126.92761455,37.51280923],[126.92789284,37.51287304],[126.9279143,37.51280942],[126.92792068,37.51279028],[126.92794017,37.51273312],[126.92792073,37.51272889],[126.92737881,37.51261086]]]}},{"type":"Feature","id":"seoul-building-525899","properties":{"id":"seoul-building-525899","sourceId":"1989193437364454803500000000","pnu":"1159010800103440019","name":"서울특별시 동작구 대방동","address":"서울특별시 동작구 대방동","useName":"단독주택","floors":2.0,"height":7.4,"heightSource":"estimated","heightRaw":0.0,"sourceDate":"2026-09-09"},"geometry":{"type":"Polygon","coordinates":[[[126.92657226,37.51146384],[126.9265042,37.51148519],[126.92654988,37.51158123],[126.92661777,37.51155988],[126.92657226,37.51146384]]]}},{"type":"Feature","id":"seoul-building-526234","properties":{"id":"seoul-building-526234","sourceId":"1997193642784457648900000000","pnu":"1159010800105040000","name":"한국개나리아파트","address":"서울특별시 동작구 대방동","useName":"공동주택","floors":1.0,"height":3.95,"heightSource":"estimated","heightRaw":0.0,"sourceDate":"2026-09-09"},"geometry":{"type":"Polygon","coordinates":[[[126.92882223,37.51405588],[126.92881017,37.5141043],[126.92894022,37.51412184],[126.9289507,37.51406779],[126.92882223,37.51405588]]]}},{"type":"Feature","id":"seoul-building-526330","properties":{"id":"seoul-building-526330","sourceId":"1977193406314454452000000000","pnu":"1159010800103440033","name":"서울특별시 동작구 대방동","address":"서울특별시 동작구 대방동","useName":"단독주택","floors":2.0,"height":7.4,"heightSource":"estimated","heightRaw":0.0,"sourceDate":"2026-09-09"},"geometry":{"type":"Polygon","coordinates":[[[126.92624439,37.51114209],[126.92617775,37.51115753],[126.92618127,37.51116964],[126.92613797,37.51118173],[126.92616758,37.51126452],[126.92628336,37.51123953],[126.92624439,37.51114209]]]}},{"type":"Feature","id":"seoul-building-526335","properties":{"id":"seoul-building-526335","sourceId":"1990193630874457495800000000","pnu":"1159010800100990002","name":"서울특별시 동작구 대방동","address":"서울특별시 동작구 대방동","useName":"단독주택","floors":3.0,"height":10.6,"heightSource":"estimated","heightRaw":0.0,"sourceDate":"2026-09-09"},"geometry":{"type":"Polygon","coordinates":[[[126.9288151,37.51392017],[126.92867266,37.51392176],[126.92867474,37.51395612],[126.92868464,37.51395585],[126.92868568,37.51397865],[126.9288161,37.51398014],[126.9288151,37.51392017]]]}},{"type":"Feature","id":"seoul-building-526409","properties":{"id":"seoul-building-526409","sourceId":"0000193563664457230700000000","pnu":"1159010800101010014","name":"서울특별시 동작구 대방동","address":"서울특별시 동작구 대방동","useName":"","floors":0.0,"height":0,"heightSource":"unknown","heightRaw":0.0,"sourceDate":"2026-09-09"},"geometry":{"type":"Polygon","coordinates":[[[126.92799686,37.51368991],[126.92797813,37.5136899],[126.92797721,37.51373017],[126.92799752,37.51373018],[126.92799686,37.51368991]]]}},{"type":"Feature","id":"seoul-building-526425","properties":{"id":"seoul-building-526425","sourceId":"1991193587534457210800000000","pnu":"1159010800101010011","name":"서울특별시 동작구 대방동","address":"서울특별시 동작구 대방동","useName":"단독주택","floors":2.0,"height":7.4,"heightSource":"estimated","heightRaw":0.0,"sourceDate":"2026-09-09"},"geometry":{"type":"Polygon","coordinates":[[[126.92825141,37.51363207],[126.92819342,37.51366188],[126.92822325,37.51370526],[126.92823049,37.51370245],[126.92826809,37.51375315],[126.92832131,37.51372841],[126.92825141,37.51363207]]]}},{"type":"Feature","id":"seoul-building-526454","properties":{"id":"seoul-building-526454","sourceId":"1997193401184454291500000000","pnu":"1159010800103440035","name":"서울특별시 동작구 대방동","address":"서울특별시 동작구 대방동","useName":"제1종근린생활시설","floors":4.0,"height":12.6,"heightSource":"measured","heightRaw":12.6,"sourceDate":"2026-09-09"},"geometry":{"type":"Polygon","coordinates":[[[126.92612647,37.51100264],[126.92611569,37.51100432],[126.9260996,37.51100853],[126.92608847,37.51101726],[126.92608422,37.51102515],[126.92608173,37.51103162],[126.92608155,37.51103641],[126.92611416,37.51112202],[126.92619017,37.5111046],[126.92619246,37.51111615],[126.92623011,37.51110547],[126.92619715,37.51101338],[126.92612647,37.51100264]]]}},{"type":"Feature","id":"seoul-building-526556","properties":{"id":"seoul-building-526556","sourceId":"1994193441444454925200000000","pnu":"1159010800103440004","name":"서울특별시 동작구 대방동","address":"서울특별시 동작구 대방동","useName":"단독주택","floors":2.0,"height":8.2,"heightSource":"measured","heightRaw":8.2,"sourceDate":"2026-09-09"},"geometry":{"type":"Polygon","coordinates":[[[126.92662412,37.51157762],[126.92655198,37.51159644],[126.92658954,37.51168684],[126.92666255,37.51166719],[126.92662412,37.51157762]]]}},{"type":"Feature","id":"seoul-building-526625","properties":{"id":"seoul-building-526625","sourceId":"1997193573164454223800000000","pnu":"1159010800103510008","name":"서울특별시 동작구 대방동","address":"서울특별시 동작구 대방동","useName":"제2종근린생활시설","floors":5.0,"height":18.05,"heightSource":"measured","heightRaw":18.05,"sourceDate":"2026-09-09"},"geometry":{"type":"Polygon","coordinates":[[[126.92802321,37.51091625],[126.92800932,37.51103505],[126.92802257,37.51103591],[126.92801953,37.51106914],[126.92805063,37.51107281],[126.92804993,37.51107675],[126.92813403,37.51108723],[126.92813404,37.511083],[126.92816761,37.511085],[126.92818789,37.51093436],[126.92802321,37.51091625]]]}},{"type":"Feature","id":"seoul-building-526871","properties":{"id":"seoul-building-526871","sourceId":"0000193620464457508500000000","pnu":"1159010800100990003","name":"서울특별시 동작구 대방동","address":"서울특별시 동작구 대방동","useName":"","floors":0.0,"height":0,"heightSource":"unknown","heightRaw":0.0,"sourceDate":"2026-09-09"},"geometry":{"type":"Polygon","coordinates":[[[126.92863747,37.51393161],[126.92858123,37.5139648],[126.92859236,37.51397607],[126.92867896,37.51397809],[126.92863747,37.51393161]]]}},{"type":"Feature","id":"seoul-building-527106","properties":{"id":"seoul-building-527106","sourceId":"0000193526444457425500000000","pnu":"1159010800105100000","name":"대방동신일해피트리","address":"서울특별시 동작구 대방동","useName":"공동주택","floors":1.0,"height":3.0,"heightSource":"measured","heightRaw":3.0,"sourceDate":"2026-09-09"},"geometry":{"type":"Polygon","coordinates":[[[126.92760791,37.51383074],[126.92752502,37.51383126],[126.92752141,37.51390559],[126.92752901,37.5139053],[126.92752985,37.5139436],[126.92758854,37.51394307],[126.92758908,37.51393462],[126.92760922,37.51393436],[126.92760791,37.51383074]]]}},{"type":"Feature","id":"seoul-building-527147","properties":{"id":"seoul-building-527147","sourceId":"0000193658894454775900000000","pnu":"1159010800105080000","name":"서울특별시 동작구 대방동","address":"서울특별시 동작구 대방동","useName":"","floors":0.0,"height":0,"heightSource":"unknown","heightRaw":0.0,"sourceDate":"2026-09-09"},"geometry":{"type":"Polygon","coordinates":[[[126.92906288,37.51148958],[126.92905953,37.51149324],[126.92905811,37.5115045],[126.92905952,37.51150675],[126.92906234,37.51150844],[126.92907083,37.51150872],[126.92907401,37.51150479],[126.9290749,37.5114924],[126.92907296,37.51149015],[126.92906288,37.51148958]]]}},{"type":"Feature","id":"seoul-building-527347","properties":{"id":"seoul-building-527347","sourceId":"0000193550634455280700000000","pnu":"1159010800103460067","name":"서울특별시 동작구 대방동","address":"서울특별시 동작구 대방동","useName":"","floors":0.0,"height":0,"heightSource":"unknown","heightRaw":0.0,"sourceDate":"2026-09-09"},"geometry":{"type":"Polygon","coordinates":[[[126.92775485,37.51192493],[126.92773554,37.51196771],[126.92790412,37.51198527],[126.92790537,37.51197936],[126.92792109,37.51197965],[126.92793259,37.51197995],[126.92793616,37.51193208],[126.92792114,37.5119315],[126.92775485,37.51192493]]]}},{"type":"Feature","id":"seoul-building-527416","properties":{"id":"seoul-building-527416","sourceId":"2003193689954454916500000000","pnu":"1159010800105080000","name":"대방1차e-편한세상","address":"서울특별시 동작구 대방동","useName":"공동주택","floors":22.0,"height":59.74,"heightSource":"measured","heightRaw":59.74,"sourceDate":"2026-09-09"},"geometry":{"type":"Polygon","coordinates":[[[126.92915972,37.51150597],[126.92913736,37.51159915],[126.92915432,37.51160057],[126.92915325,37.51160648],[126.92923295,37.51161921],[126.92923152,37.5116375],[126.92926334,37.51164371],[126.92926119,37.5116623],[126.9293059,37.5116688],[126.9293146,37.51163332],[126.92939553,37.51164378],[126.92939677,37.51164041],[126.92940331,37.51164098],[126.92939867,37.51168687],[126.92941581,37.51168857],[126.92941527,37.51169223],[126.92949285,37.51170691],[126.92949141,37.51172916],[126.92952534,37.51173622],[126.92952232,37.51175058],[126.92956702,37.51175651],[126.92957431,37.5117202],[126.92965753,37.51173236],[126.92965966,37.51172729],[126.92967486,37.51172899],[126.92970481,37.51163919],[126.92942615,37.5115934],[126.92943996,37.51155118],[126.92915972,37.51150597]]]}},{"type":"Feature","id":"seoul-building-527418","properties":{"id":"seoul-building-527418","sourceId":"1985193588274454274100000000","pnu":"1159010800103510001","name":"서울특별시 동작구 대방동","address":"서울특별시 동작구 대방동","useName":"단독주택","floors":1.0,"height":4.2,"heightSource":"estimated","heightRaw":0.0,"sourceDate":"2026-09-09"},"geometry":{"type":"Polygon","coordinates":[[[126.92820056,37.51100504],[126.92819363,37.51104559],[126.92826096,37.51105436],[126.92825791,37.51109546],[126.92831782,37.51109832],[126.92832197,37.51101863],[126.92820056,37.51100504]]]}},{"type":"Feature","id":"seoul-building-527625","properties":{"id":"seoul-building-527625","sourceId":"2003193714364455334100000000","pnu":"1159010800105080000","name":"대방1차e-편한세상","address":"서울특별시 동작구 대방동","useName":"공동주택","floors":23.0,"height":41.74,"heightSource":"measured","heightRaw":41.74,"sourceDate":"2026-09-09"},"geometry":{"type":"Polygon","coordinates":[[[126.92971422,37.51177519],[126.92971245,37.51178898],[126.92970502,37.51178841],[126.92968976,37.51185317],[126.92966254,37.51184892],[126.92965387,37.51187511],[126.92963477,37.51187285],[126.92962343,37.51190944],[126.92966991,37.51191735],[126.92965269,37.51199083],[126.92963325,37.51198969],[126.92963147,37.51200152],[126.9296214,37.51200094],[126.9296065,37.5120671],[126.92957892,37.51206455],[126.92957343,37.51208793],[126.92955205,37.5120865],[126.92954212,37.51212226],[126.9295893,37.51212764],[126.92957139,37.51219266],[126.92958093,37.5121938],[126.92957826,37.51221041],[126.9296956,37.51222821],[126.92975094,37.51201454],[126.92977409,37.51201652],[126.92982926,37.51179384],[126.92971422,37.51177519]]]}},{"type":"Feature","id":"seoul-building-527804","properties":{"id":"seoul-building-527804","sourceId":"2005193541024457671400000000","pnu":"1159010800105100000","name":"대방동신일해피트리","address":"서울특별시 동작구 대방동","useName":"공동주택","floors":7.0,"height":24.3,"heightSource":"measured","heightRaw":24.3,"sourceDate":"2026-09-09"},"geometry":{"type":"Polygon","coordinates":[[[126.92757746,37.51406949],[126.92757421,37.51414297],[126.92761114,37.51414328],[126.92761115,37.51413568],[126.92769616,37.51413545],[126.92769545,37.5141453],[126.92776295,37.51414647],[126.92776314,37.51413718],[126.92784886,37.51413779],[126.92784885,37.51414877],[126.92788437,37.51414936],[126.92788674,37.5140739],[126.92782171,37.5140733],[126.92782346,37.5140809],[126.92779359,37.5140806],[126.92779378,37.51407328],[126.92766954,37.51407095],[126.92767024,37.514078],[126.92764143,37.51407854],[126.92764108,37.51407037],[126.92757746,37.51406949]]]}},{"type":"Feature","id":"seoul-building-527936","properties":{"id":"seoul-building-527936","sourceId":"0000193445644455172400000000","pnu":"1159010800103440001","name":"서울특별시 동작구 대방동","address":"서울특별시 동작구 대방동","useName":"","floors":0.0,"height":0,"heightSource":"unknown","heightRaw":0.0,"sourceDate":"2026-09-09"},"geometry":{"type":"Polygon","coordinates":[[[126.92667171,37.51188174],[126.92667455,37.5118685],[126.92668462,37.51186823],[126.92668889,37.5118398],[126.92663076,37.5118285],[126.92662083,37.5118713],[126.92667171,37.51188174]]]}},{"type":"Feature","id":"seoul-building-528435","properties":{"id":"seoul-building-528435","sourceId":"0000193588294454153600000000","pnu":"1159010800104660005","name":"서울특별시 동작구 대방동","address":"서울특별시 동작구 대방동","useName":"","floors":0.0,"height":0,"heightSource":"unknown","heightRaw":0.0,"sourceDate":"2026-09-09"},"geometry":{"type":"Polygon","coordinates":[[[126.92825476,37.5108826],[126.92822221,37.5109037],[126.92825735,37.51094539],[126.92823666,37.51096312],[126.92826455,37.51099072],[126.92832008,37.51095331],[126.92825476,37.5108826]]]}},{"type":"Feature","id":"seoul-building-528613","properties":{"id":"seoul-building-528613","sourceId":"1997193616654457619600000000","pnu":"1159010800105040000","name":"한국개나리아파트","address":"서울특별시 동작구 대방동","useName":"공동주택","floors":1.0,"height":3.95,"heightSource":"estimated","heightRaw":0.0,"sourceDate":"2026-09-09"},"geometry":{"type":"Polygon","coordinates":[[[126.92856278,37.51404278],[126.92855975,37.51407516],[126.92860905,37.51407941],[126.92861438,37.51404732],[126.92856278,37.51404278]]]}},{"type":"Feature","id":"seoul-building-528849","properties":{"id":"seoul-building-528849","sourceId":"0000193457514455037200000000","pnu":"1159010800103440002","name":"서울특별시 동작구 대방동","address":"서울특별시 동작구 대방동","useName":"","floors":0.0,"height":0,"heightSource":"unknown","heightRaw":0.0,"sourceDate":"2026-09-09"},"geometry":{"type":"Polygon","coordinates":[[[126.92677664,37.51174919],[126.9268104,37.51173879],[126.92680194,37.51171767],[126.92676676,37.51172722],[126.92677664,37.51174919]]]}},{"type":"Feature","id":"seoul-building-528994","properties":{"id":"seoul-building-528994","sourceId":"0000193422634455084600000000","pnu":"1159010800103440007","name":"서울특별시 동작구 대방동","address":"서울특별시 동작구 대방동","useName":"","floors":0.0,"height":0,"heightSource":"unknown","heightRaw":0.0,"sourceDate":"2026-09-09"},"geometry":{"type":"Polygon","coordinates":[[[126.92641028,37.51175825],[126.92636837,37.51176893],[126.92637896,37.51179428],[126.92642067,37.5117805],[126.92641028,37.51175825]]]}},{"type":"Feature","id":"seoul-building-529015","properties":{"id":"seoul-building-529015","sourceId":"2018193520204454141100000000","pnu":"1159010800103510011","name":"숙원홈","address":"서울특별시 동작구 대방동","useName":"공동주택","floors":6.0,"height":17.9,"heightSource":"measured","heightRaw":17.9,"sourceDate":"2026-09-09"},"geometry":{"type":"Polygon","coordinates":[[[126.9274216,37.51098881],[126.92753889,37.51100769],[126.92757547,37.5108635],[126.92745817,37.51084462],[126.9274216,37.51098881]]]}},{"type":"Feature","id":"seoul-building-529436","properties":{"id":"seoul-building-529436","sourceId":"0000193560184453901600000000","pnu":"1159010800103500001","name":"서울특별시 동작구 대방동","address":"서울특별시 동작구 대방동","useName":"","floors":0.0,"height":0,"heightSource":"unknown","heightRaw":0.0,"sourceDate":"2026-09-09"},"geometry":{"type":"Polygon","coordinates":[[[126.92792325,37.51066363],[126.92792006,37.51066982],[126.92789049,37.51073259],[126.92791981,37.51074106],[126.92797935,37.51075827],[126.92801088,37.51068845],[126.92792325,37.51066363]]]}},{"type":"Feature","id":"seoul-building-529611","properties":{"id":"seoul-building-529611","sourceId":"1981193375704455354800000000","pnu":"1159010800103410001","name":"서울특별시 동작구 대방동","address":"서울특별시 동작구 대방동","useName":"","floors":0.0,"height":0,"heightSource":"unknown","heightRaw":0.0,"sourceDate":"2026-09-09"},"geometry":{"type":"Polygon","coordinates":[[[126.92584525,37.51195078],[126.92581298,37.51205662],[126.92587231,37.51210256],[126.92591593,37.51196292],[126.92584525,37.51195078]]]}},{"type":"Feature","id":"seoul-building-530118","properties":{"id":"seoul-building-530118","sourceId":"0000193370314453326500000000","pnu":"1159010800103530015","name":"서울특별시 동작구 대방동","address":"서울특별시 동작구 대방동","useName":"단독주택","floors":1.0,"height":4.2,"heightSource":"estimated","heightRaw":0.0,"sourceDate":"2026-09-09"},"geometry":{"type":"Polygon","coordinates":[[[126.92581682,37.51013861],[126.92573778,37.51017826],[126.92578492,37.51024361],[126.92587384,37.51020312],[126.92581682,37.51013861]]]}},{"type":"Feature","id":"seoul-building-530330","properties":{"id":"seoul-building-530330","sourceId":"0000193493794456061400000000","pnu":"1159010800103400004","name":"서울특별시 동작구 대방동","address":"서울특별시 동작구 대방동","useName":"","floors":0.0,"height":0,"heightSource":"unknown","heightRaw":0.0,"sourceDate":"2026-09-09"},"geometry":{"type":"Polygon","coordinates":[[[126.92728126,37.51260687],[126.92706835,37.51255944],[126.92702651,37.51268611],[126.92732688,37.51275302],[126.92737085,37.51262691],[126.9273696,37.51262663],[126.92728126,37.51260687]]]}},{"type":"Feature","id":"seoul-building-531066","properties":{"id":"seoul-building-531066","sourceId":"0000193634084456093100000000","pnu":"1159010800103390027","name":"서울특별시 동작구 대방동","address":"서울특별시 동작구 대방동","useName":"","floors":0.0,"height":0,"heightSource":"unknown","heightRaw":0.0,"sourceDate":"2026-09-09"},"geometry":{"type":"Polygon","coordinates":[[[126.92889329,37.51272385],[126.92889225,37.51270499],[126.92888861,37.51263375],[126.92884142,37.51263315],[126.92884089,37.5126278],[126.92868007,37.51263333],[126.9286819,37.51274174],[126.92887826,37.51274074],[126.92887809,37.51272468],[126.92889329,37.51272385]]]}},{"type":"Feature","id":"seoul-building-531204","properties":{"id":"seoul-building-531204","sourceId":"1992193536264454785500000000","pnu":"1159010800103490008","name":"서울특별시 동작구 대방동","address":"서울특별시 동작구 대방동","useName":"공동주택","floors":3.0,"height":9.85,"heightSource":"estimated","heightRaw":0.0,"sourceDate":"2026-09-09"},"geometry":{"type":"Polygon","coordinates":[[[126.92767845,37.51142145],[126.9276781,37.51142793],[126.92762897,37.51142282],[126.92760552,37.51155007],[126.92762849,37.51155347],[126.92762563,37.51158275],[126.92763481,37.51158445],[126.92763251,37.51158979],[126.92772282,37.51160168],[126.92775356,37.5114305],[126.92767845,37.51142145]]]}},{"type":"Feature","id":"seoul-building-531828","properties":{"id":"seoul-building-531828","sourceId":"0000193648354457937400000000","pnu":"1159010800105040000","name":"서울특별시 동작구 대방동","address":"서울특별시 동작구 대방동","useName":"","floors":0.0,"height":0,"heightSource":"unknown","heightRaw":0.0,"sourceDate":"2026-09-09"},"geometry":{"type":"Polygon","coordinates":[[[126.92891581,37.51432849],[126.92890871,37.5143575],[126.92897321,37.51436541],[126.92898331,37.51434008],[126.92891581,37.51432849]]]}},{"type":"Feature","id":"seoul-building-532006","properties":{"id":"seoul-building-532006","sourceId":"1967193557364457186500000000","pnu":"1159010800100980007","name":"서울특별시 동작구 대방동","address":"서울특별시 동작구 대방동","useName":"단독주택","floors":1.0,"height":4.2,"heightSource":"estimated","heightRaw":0.0,"sourceDate":"2026-09-09"},"geometry":{"type":"Polygon","coordinates":[[[126.92790664,37.51360426],[126.92788106,37.51373348],[126.92792065,37.51373717],[126.92792399,37.51373745],[126.92795276,37.51360992],[126.92792059,37.51360596],[126.92790664,37.51360426]]]}},{"type":"Feature","id":"seoul-building-532079","properties":{"id":"seoul-building-532079","sourceId":"0000193476664456424500000000","pnu":"1159010800101180005","name":"서울특별시 동작구 대방동","address":"서울특별시 동작구 대방동","useName":"","floors":0.0,"height":0,"heightSource":"unknown","heightRaw":0.0,"sourceDate":"2026-09-09"},"geometry":{"type":"Polygon","coordinates":[[[126.92692356,37.51296029],[126.92692089,37.51297155],[126.92708451,37.51300628],[126.92708735,37.51299502],[126.92692356,37.51296029]]]}},{"type":"Feature","id":"seoul-building-532146","properties":{"id":"seoul-building-532146","sourceId":"0000193567384453798200000000","pnu":"1159010800103500001","name":"서울특별시 동작구 대방동","address":"서울특별시 동작구 대방동","useName":"","floors":0.0,"height":0,"heightSource":"unknown","heightRaw":0.0,"sourceDate":"2026-09-09"},"geometry":{"type":"Polygon","coordinates":[[[126.92800163,37.51057272],[126.92798783,37.51057806],[126.92796569,37.51062816],[126.92807948,37.5106609],[126.92810108,37.51061502],[126.92800163,37.51057272]]]}},{"type":"Feature","id":"seoul-building-532229","properties":{"id":"seoul-building-532229","sourceId":"0000193483414455770800000000","pnu":"1159010800103400004","name":"서울특별시 동작구 대방동","address":"서울특별시 동작구 대방동","useName":"","floors":0.0,"height":0,"heightSource":"unknown","heightRaw":0.0,"sourceDate":"2026-09-09"},"geometry":{"type":"Polygon","coordinates":[[[126.92714155,37.51233141],[126.92699483,37.51236735],[126.92701298,37.51241607],[126.92699301,37.51242169],[126.92700252,37.51244732],[126.92702285,37.51244227],[126.9270262,37.51245466],[126.92717309,37.51241815],[126.92714155,37.51233141]]]}},{"type":"Feature","id":"seoul-building-532416","properties":{"id":"seoul-building-532416","sourceId":"2005193512224457187000000000","pnu":"1159010800105100000","name":"대방동신일해피트리","address":"서울특별시 동작구 대방동","useName":"공동주택","floors":19.0,"height":53.1,"heightSource":"measured","heightRaw":53.1,"sourceDate":"2026-09-09"},"geometry":{"type":"Polygon","coordinates":[[[126.92710566,37.5136094],[126.92710503,37.51371837],[126.92713048,37.51371838],[126.92713083,37.51372401],[126.92716088,37.51372347],[126.92716124,37.51371756],[126.92718651,37.51371813],[126.92718668,37.51372461],[126.92722715,37.51372379],[126.92722681,37.5137176],[126.92725138,37.51371733],[126.92725137,37.51372352],[126.92728141,37.51372382],[126.92728123,37.51372073],[126.92733249,37.51372104],[126.92733231,37.51372413],[126.92735846,37.51372415],[126.92735883,37.51372021],[126.92738428,37.51372051],[126.92738462,37.51372839],[126.9274258,37.51372757],[126.92742563,37.51372053],[126.9274509,37.51372027],[126.92745125,37.51372731],[126.92748005,37.51372733],[126.92747988,37.51372423],[126.92753078,37.51372342],[126.92753078,37.51372736],[126.92755871,37.51372765],[126.92755906,37.51372315],[126.92758328,37.51372261],[126.92758344,37.51373077],[126.92762516,37.51372967],[126.92762463,37.51372404],[126.92764883,37.51372433],[126.92764901,37.5137294],[126.92767905,37.51372999],[126.92767905,37.51372717],[126.92770575,37.51372663],[126.9277085,37.51361992],[126.92762049,37.51361761],[126.92762101,37.5136283],[126.92759202,37.51362857],[126.9275915,37.51362069],[126.92722126,37.51361341],[126.9272216,37.5136213],[126.92719314,37.51362213],[126.92719298,37.51361312],[126.92710566,37.5136094]]]}},{"type":"Feature","id":"seoul-building-532937","properties":{"id":"seoul-building-532937","sourceId":"2018193594544456125100000000","pnu":"1159010800103390012","name":"서울특별시 동작구 대방동","address":"서울특별시 동작구 대방동","useName":"단독주택","floors":5.0,"height":14.9,"heightSource":"measured","heightRaw":14.9,"sourceDate":"2026-09-09"},"geometry":{"type":"Polygon","coordinates":[[[126.92831039,37.51266246],[126.92829915,37.51268215],[126.92828679,37.51267767],[126.92827976,37.51268998],[126.92827153,37.51268699],[126.92825209,37.51272102],[126.92838234,37.51276821],[126.92841675,37.51270793],[126.92839359,37.51269953],[126.92839453,37.51269789],[126.92838346,37.51269389],[126.92838574,37.51268987],[126.92836723,37.51268107],[126.92834349,37.51267248],[126.92834255,37.51267412],[126.92831039,37.51266246]]]}},{"type":"Feature","id":"seoul-building-533389","properties":{"id":"seoul-building-533389","sourceId":"2003193570754455458100000000","pnu":"1159010800105080000","name":"대방1차e-편한세상","address":"서울특별시 동작구 대방동","useName":"공동주택","floors":2.0,"height":6.55,"heightSource":"measured","heightRaw":6.55,"sourceDate":"2026-09-09"},"geometry":{"type":"Polygon","coordinates":[[[126.92797282,37.51203572],[126.92793454,37.51214437],[126.92817256,37.51218958],[126.92819971,37.5120823],[126.92797282,37.51203572]]]}},{"type":"Feature","id":"seoul-building-533582","properties":{"id":"seoul-building-533582","sourceId":"2003193671114455582400000000","pnu":"1159010800105080000","name":"대방1차e-편한세상","address":"서울특별시 동작구 대방동","useName":"공동주택","floors":22.0,"height":59.74,"heightSource":"measured","heightRaw":59.74,"sourceDate":"2026-09-09"},"geometry":{"type":"Polygon","coordinates":[[[126.92894087,37.51212612],[126.92891834,37.5122193],[126.92893459,37.51222157],[126.9289337,37.51222776],[126.9290141,37.51224216],[126.92900506,37.51228016],[126.92904941,37.51228414],[126.92905296,37.51226697],[126.92908548,37.5122712],[126.92909008,37.51225375],[126.92917403,37.51226732],[126.92917598,37.51226112],[126.92920513,37.51226481],[126.92920389,37.51227437],[126.92928676,37.51228766],[126.92927806,37.51232482],[126.92932295,37.51233076],[126.92932579,37.51231584],[126.92935477,37.5123198],[126.92935939,37.51230179],[126.92944386,37.51231535],[126.92944563,37.51230775],[126.92946842,37.51231058],[126.92949237,37.51221543],[126.92894087,37.51212612]]]}},{"type":"Feature","id":"seoul-building-533857","properties":{"id":"seoul-building-533857","sourceId":"0000193613644457454000000000","pnu":"1159010800100990004","name":"서울특별시 동작구 대방동","address":"서울특별시 동작구 대방동","useName":"","floors":0.0,"height":0,"heightSource":"unknown","heightRaw":0.0,"sourceDate":"2026-09-09"},"geometry":{"type":"Polygon","coordinates":[[[126.92854016,37.51385862],[126.92849312,37.51389267],[126.92856657,37.5139645],[126.92861149,37.513933],[126.92854016,37.51385862]]]}},{"type":"Feature","id":"seoul-building-533908","properties":{"id":"seoul-building-533908","sourceId":"2003193590174455275000000000","pnu":"1159010800105080000","name":"대방1차e-편한세상","address":"서울특별시 동작구 대방동","useName":"공동주택","floors":20.0,"height":54.14,"heightSource":"measured","heightRaw":54.14,"sourceDate":"2026-09-09"},"geometry":{"type":"Polygon","coordinates":[[[126.92802761,37.51184935],[126.9280049,37.51194226],[126.92801745,37.51194339],[126.92801656,37.51194874],[126.92809802,37.51196033],[126.92809074,37.51199806],[126.9281335,37.51200765],[126.92813758,37.51199132],[126.92817151,37.51199669],[126.92817612,37.51197642],[126.928262,37.51198999],[126.92826359,37.51198633],[126.92829116,37.51198917],[126.92829062,37.51199423],[126.92837068,37.51200864],[126.92836322,37.5120444],[126.92840739,37.51205146],[126.92841077,37.51203738],[126.92844664,37.5120422],[126.92845037,37.51202389],[126.92853078,37.51203465],[126.92853183,37.51202817],[126.92855057,37.51202959],[126.92857964,37.51193979],[126.92802761,37.51184935]]]}},{"type":"Feature","id":"seoul-building-534376","properties":{"id":"seoul-building-534376","sourceId":"2003193683804455887600000000","pnu":"1159010800105080000","name":"대방1차e-편한세상","address":"서울특별시 동작구 대방동","useName":"공동주택","floors":1.0,"height":3.46,"heightSource":"measured","heightRaw":3.46,"sourceDate":"2026-09-09"},"geometry":{"type":"Polygon","coordinates":[[[126.92929525,37.51245942],[126.92927384,37.51249826],[126.92939981,37.51254283],[126.92942069,37.51250341],[126.92929525,37.51245942]]]}},{"type":"Feature","id":"seoul-building-534475","properties":{"id":"seoul-building-534475","sourceId":"1991193595294457344900000000","pnu":"1159010800101010007","name":"우리맨션(OUR MANSION)","address":"서울특별시 동작구 대방동","useName":"단독주택","floors":2.0,"height":7.4,"heightSource":"estimated","heightRaw":0.0,"sourceDate":"2026-09-09"},"geometry":{"type":"Polygon","coordinates":[[[126.92834851,37.51375348],[126.9282822,37.51378357],[126.92832032,37.51383765],[126.92831343,37.51384159],[126.92833708,37.51387286],[126.92840922,37.51384024],[126.92834851,37.51375348]]]}},{"type":"Feature","id":"seoul-building-534682","properties":{"id":"seoul-building-534682","sourceId":"0000193522284456581100000000","pnu":"1159010800101060011","name":"서울특별시 동작구 대방동","address":"서울특별시 동작구 대방동","useName":"","floors":0.0,"height":0,"heightSource":"unknown","heightRaw":0.0,"sourceDate":"2026-09-09"},"geometry":{"type":"Polygon","coordinates":[[[126.92749726,37.51311324],[126.92749389,37.51312563],[126.92753983,37.5131372],[126.92754532,37.51312201],[126.92749726,37.51311324]]]}},{"type":"Feature","id":"seoul-building-534794","properties":{"id":"seoul-building-534794","sourceId":"0000193388234454491300000000","pnu":"1159010800105120000","name":"서울특별시 동작구 대방동","address":"서울특별시 동작구 대방동","useName":"","floors":0.0,"height":0,"heightSource":"unknown","heightRaw":0.0,"sourceDate":"2026-09-09"},"geometry":{"type":"Polygon","coordinates":[[[126.92602305,37.51121572],[126.92597267,37.51122723],[126.92598978,37.5112661],[126.92603751,37.51125487],[126.92602305,37.51121572]]]}},{"type":"Feature","id":"seoul-building-534877","properties":{"id":"seoul-building-534877","sourceId":"1994193577894457212600000000","pnu":"1159010800101010013","name":"서울특별시 동작구 대방동","address":"서울특별시 동작구 대방동","useName":"단독주택","floors":3.0,"height":9.1,"heightSource":"measured","heightRaw":9.1,"sourceDate":"2026-09-09"},"geometry":{"type":"Polygon","coordinates":[[[126.92817735,37.51364441],[126.92812236,37.51367085],[126.92812977,37.51367958],[126.9281006,37.51369448],[126.92810907,37.51370603],[126.92808519,37.51371841],[126.92810408,37.51374376],[126.9282107,37.5136923],[126.92817735,37.51364441]]]}},{"type":"Feature","id":"seoul-building-535202","properties":{"id":"seoul-building-535202","sourceId":"1997193511834454068500000000","pnu":"1159010800103510004","name":"서울특별시 동작구 대방동","address":"서울특별시 동작구 대방동","useName":"제1종근린생활시설","floors":4.0,"height":10.0,"heightSource":"measured","heightRaw":10.0,"sourceDate":"2026-09-09"},"geometry":{"type":"Polygon","coordinates":[[[126.92739239,37.51080971],[126.92739045,37.51081646],[126.92738497,37.51081589],[126.9273499,37.51089219],[126.92737393,37.51090065],[126.92737694,37.51089558],[126.92742446,37.51090686],[126.92745882,37.51083481],[126.92742118,37.5108269],[126.92742402,37.51082014],[126.92739239,37.51080971]]]}},{"type":"Feature","id":"seoul-building-535612","properties":{"id":"seoul-building-535612","sourceId":"0000193466014454714000000000","pnu":"1159010800103450001","name":"서울특별시 동작구 대방동","address":"서울특별시 동작구 대방동","useName":"","floors":0.0,"height":0,"heightSource":"unknown","heightRaw":0.0,"sourceDate":"2026-09-09"},"geometry":{"type":"Polygon","coordinates":[[[126.92689607,37.51141589],[126.92684958,37.51143388],[126.92687641,37.51146826],[126.92691937,37.51145082],[126.92689607,37.51141589]]]}},{"type":"Feature","id":"seoul-building-535635","properties":{"id":"seoul-building-535635","sourceId":"1981193383404455314600000000","pnu":"1159010800103410001","name":"서울특별시 동작구 대방동","address":"서울특별시 동작구 대방동","useName":"제1종근린생활시설","floors":1.0,"height":4.2,"heightSource":"estimated","heightRaw":0.0,"sourceDate":"2026-09-09"},"geometry":{"type":"Polygon","coordinates":[[[126.92578347,37.51186457],[126.92567741,37.5118907],[126.92570263,37.51195604],[126.92580533,37.51193386],[126.92591965,37.51195589],[126.92587372,37.51210452],[126.92596189,37.51212345],[126.92606565,37.51210802],[126.92610288,37.51199457],[126.9261361,37.51199966],[126.9261506,37.51198841],[126.92616318,37.5119535],[126.92617326,37.51195408],[126.9261761,37.51194253],[126.92578347,37.51186457]]]}},{"type":"Feature","id":"seoul-building-535818","properties":{"id":"seoul-building-535818","sourceId":"0000193686684457675600000000","pnu":"1159010800105050000","name":"서울특별시 동작구 대방동","address":"서울특별시 동작구 대방동","useName":"","floors":0.0,"height":0,"heightSource":"unknown","heightRaw":0.0,"sourceDate":"2026-09-09"},"geometry":{"type":"Polygon","coordinates":[[[126.9293471,37.51408436],[126.92934387,37.51413757],[126.92941014,37.5141379],[126.92941479,37.51408862],[126.9293471,37.51408436]]]}},{"type":"Feature","id":"seoul-building-535836","properties":{"id":"seoul-building-535836","sourceId":"2008193417314454541900000000","pnu":"1159010800103440026","name":"서울특별시 동작구 대방동","address":"서울특별시 동작구 대방동","useName":"단독주택","floors":3.0,"height":11.7,"heightSource":"measured","heightRaw":11.7,"sourceDate":"2026-09-09"},"geometry":{"type":"Polygon","coordinates":[[[126.92636078,37.51122551],[126.92627327,37.51124797],[126.92631841,37.51135584],[126.92637445,37.51133955],[126.92636263,37.51131251],[126.92638951,37.51130323],[126.92637894,37.51126605],[126.92637966,37.51126437],[126.92636078,37.51122551]]]}},{"type":"Feature","id":"seoul-building-535894","properties":{"id":"seoul-building-535894","sourceId":"1983193426784454298200000000","pnu":"1159010800103440020","name":"서울특별시 동작구 대방동","address":"서울특별시 동작구 대방동","useName":"단독주택","floors":2.0,"height":7.4,"heightSource":"estimated","heightRaw":0.0,"sourceDate":"2026-09-09"},"geometry":{"type":"Polygon","coordinates":[[[126.92637527,37.51103236],[126.92637011,37.5110698],[126.92637966,37.5110715],[126.92637787,37.51109628],[126.92643018,37.5111042],[126.92653165,37.51107526],[126.92652071,37.51104681],[126.92637527,37.51103236]]]}},{"type":"Feature","id":"seoul-building-535967","properties":{"id":"seoul-building-535967","sourceId":"1983193592314455793500000000","pnu":"1159010800103400011","name":"서울특별시 동작구 대방동","address":"서울특별시 동작구 대방동","useName":"제1종근린생활시설","floors":3.0,"height":10.6,"heightSource":"estimated","heightRaw":0.0,"sourceDate":"2026-09-09"},"geometry":{"type":"Polygon","coordinates":[[[126.92826131,37.51234618],[126.92824112,37.51238502],[126.92822858,37.51238135],[126.9282153,37.51240359],[126.92820417,37.51240161],[126.92819461,37.51241793],[126.92831032,37.51246277],[126.92831422,37.51245714],[126.9283856,37.51248196],[126.92841214,37.5124372],[126.92839575,37.51239749],[126.92826131,37.51234618]]]}},{"type":"Feature","id":"seoul-building-535973","properties":{"id":"seoul-building-535973","sourceId":"1998193598924457497600000000","pnu":"1159010800100990007","name":"서울특별시 동작구 대방동","address":"서울특별시 동작구 대방동","useName":"단독주택","floors":1.0,"height":4.5,"heightSource":"measured","heightRaw":4.5,"sourceDate":"2026-09-09"},"geometry":{"type":"Polygon","coordinates":[[[126.92839024,37.51391231],[126.92834994,37.51391341],[126.92834953,37.51397761],[126.92843878,37.51397681],[126.92843687,37.51394585],[126.92839109,37.51394582],[126.92839024,37.51391231]]]}},{"type":"Feature","id":"seoul-building-536181","properties":{"id":"seoul-building-536181","sourceId":"0000193447464455966600000000","pnu":"1159010800103400006","name":"서울특별시 동작구 대방동","address":"서울특별시 동작구 대방동","useName":"","floors":0.0,"height":0,"heightSource":"unknown","heightRaw":0.0,"sourceDate":"2026-09-09"},"geometry":{"type":"Polygon","coordinates":[[[126.92666505,37.51254313],[126.92663922,37.51257099],[126.92668355,37.51259636],[126.92670991,37.51257329],[126.92666505,37.51254313]]]}},{"type":"Feature","id":"seoul-building-536290","properties":{"id":"seoul-building-536290","sourceId":"0000193417684454277300000000","pnu":"1159010800103440020","name":"서울특별시 동작구 대방동","address":"서울특별시 동작구 대방동","useName":"","floors":0.0,"height":0,"heightSource":"unknown","heightRaw":0.0,"sourceDate":"2026-09-09"},"geometry":{"type":"Polygon","coordinates":[[[126.92631379,37.51102331],[126.92632929,37.51107738],[126.9263604,37.51106811],[126.9263569,37.51102784],[126.92631379,37.51102331]]]}},{"type":"Feature","id":"seoul-building-536500","properties":{"id":"seoul-building-536500","sourceId":"2006193365074455091200000000","pnu":"1159010800105120000","name":"대방동경남아너스빌","address":"서울특별시 동작구 대방동","useName":"공동주택","floors":1.0,"height":2.8,"heightSource":"measured","heightRaw":2.8,"sourceDate":"2026-09-09"},"geometry":{"type":"Polygon","coordinates":[[[126.92577722,37.51175674],[126.9256959,37.51177892],[126.92570225,37.51179977],[126.92576993,37.51179418],[126.92578443,37.51178856],[126.92577826,37.51177109],[126.92578198,37.51176969],[126.92577722,37.51175674]]]}},{"type":"Feature","id":"seoul-building-536573","properties":{"id":"seoul-building-536573","sourceId":"2002193497404454900600000000","pnu":"1159010800103450001","name":"서울특별시 동작구 대방동","address":"서울특별시 동작구 대방동","useName":"교육연구시설","floors":5.0,"height":28.4,"heightSource":"measured","heightRaw":28.4,"sourceDate":"2026-09-09"},"geometry":{"type":"Polygon","coordinates":[[[126.92709393,37.51114262],[126.92686002,37.51123877],[126.92692513,37.51134806],[126.9269816,37.51144072],[126.92701725,37.5114889],[126.92702925,37.5115058],[126.92704566,37.51153509],[126.92705959,37.511561],[126.9270693,37.51158381],[126.92707193,37.51159762],[126.92707298,37.51161339],[126.92707596,37.51163056],[126.92707683,37.51164323],[126.92707771,37.51165506],[126.92707857,37.51167899],[126.92707642,37.51169673],[126.92709904,37.51170125],[126.92705653,37.5117947],[126.92703296,37.51185972],[126.9270524,37.51186508],[126.9270421,37.51191041],[126.92709122,37.51192057],[126.92707545,37.51198223],[126.927138,37.51199015],[126.92713781,37.51199466],[126.92747549,37.51205399],[126.92752851,37.511862],[126.92751862,37.51186058],[126.92752716,37.51181301],[126.9275162,37.51181131],[126.92752701,37.51177245],[126.92754239,37.511775],[126.92756847,37.51166295],[126.92752876,37.51160353],[126.92750915,37.51160069],[126.92740221,37.51144014],[126.92719537,37.51114437],[126.92711846,37.51117445],[126.92709393,37.51114262]]]}},{"type":"Feature","id":"seoul-building-536618","properties":{"id":"seoul-building-536618","sourceId":"0000193461534456072200000000","pnu":"1159010800101170007","name":"서울특별시 동작구 대방동","address":"서울특별시 동작구 대방동","useName":"","floors":0.0,"height":0,"heightSource":"unknown","heightRaw":0.0,"sourceDate":"2026-09-09"},"geometry":{"type":"Polygon","coordinates":[[[126.92682171,37.51265755],[126.92681922,37.51266965],[126.92684643,37.51267304],[126.92684751,37.51266291],[126.92682171,37.51265755]]]}},{"type":"Feature","id":"seoul-building-536651","properties":{"id":"seoul-building-536651","sourceId":"1993193716824453834400000000","pnu":"1159010800105030000","name":"대방주공영구임대아파트","address":"서울특별시 동작구 대방동","useName":"공동주택","floors":15.0,"height":41.3,"heightSource":"measured","heightRaw":41.3,"sourceDate":"2026-09-09"},"geometry":{"type":"Polygon","coordinates":[[[126.92969754,37.5107134],[126.9297025,37.51070918],[126.92972617,37.51072665],[126.92977808,37.5107647],[126.92977401,37.51077144],[126.92978779,37.51078356],[126.92979433,37.51077991],[126.92984431,37.5108157],[126.92984996,37.51081598],[126.92994069,37.51074227],[126.92959898,37.51048331],[126.9295086,37.51055561],[126.92950842,37.51055927],[126.92955768,37.51059929],[126.9295545,37.51060435],[126.92956492,37.51061393],[126.92957464,37.51061084],[126.92965093,37.51066945],[126.92964721,37.51067198],[126.92969754,37.5107134]]]}},{"type":"Feature","id":"seoul-building-536871","properties":{"id":"seoul-building-536871","sourceId":"2001193666024457421200000000","pnu":"1159010800100990001","name":"효성아파트","address":"서울특별시 동작구 대방동","useName":"공동주택","floors":6.0,"height":16.0,"heightSource":"measured","heightRaw":16.0,"sourceDate":"2026-09-09"},"geometry":{"type":"Polygon","coordinates":[[[126.92905893,37.51379868],[126.92903278,37.51379979],[126.92904964,37.51390707],[126.92903567,37.51390988],[126.92904571,37.51394649],[126.92930555,37.51392131],[126.92930063,37.51388498],[126.92905893,37.51379868]]]}},{"type":"Feature","id":"seoul-building-537107","properties":{"id":"seoul-building-537107","sourceId":"0000193541874453978800000000","pnu":"1159010800103510016","name":"서울특별시 동작구 대방동","address":"서울특별시 동작구 대방동","useName":"","floors":0.0,"height":0,"heightSource":"unknown","heightRaw":0.0,"sourceDate":"2026-09-09"},"geometry":{"type":"Polygon","coordinates":[[[126.92770403,37.51074176],[126.92770298,37.51074148],[126.92768648,37.51079385],[126.92778331,37.51081868],[126.92780245,37.51076745],[126.92774661,37.51075277],[126.92770403,37.51074176]]]}},{"type":"Feature","id":"seoul-building-537277","properties":{"id":"seoul-building-537277","sourceId":"1995193549514455127700000000","pnu":"1159010800103460017","name":"서울특별시 동작구 대방동","address":"서울특별시 동작구 대방동","useName":"교육연구시설","floors":6.0,"height":19.4,"heightSource":"measured","heightRaw":19.4,"sourceDate":"2026-09-09"},"geometry":{"type":"Polygon","coordinates":[[[126.92775983,37.51170672],[126.92774901,37.51175514],[126.92774406,37.51175401],[126.9277318,37.51181285],[126.92773588,37.51181285],[126.92772541,37.51185593],[126.92773459,37.51185762],[126.92773476,37.51186297],[126.92773529,37.51186888],[126.9277374,37.51187621],[126.92774075,37.51188325],[126.92774587,37.51189113],[126.9277501,37.51189705],[126.92774798,37.5119069],[126.92790135,37.5119253],[126.92792251,37.51180255],[126.92793228,37.51174456],[126.92792751,37.51174399],[126.92792912,37.5117302],[126.92792187,37.51172934],[126.92775983,37.51170672]]]}},{"type":"Feature","id":"seoul-building-537479","properties":{"id":"seoul-building-537479","sourceId":"1982193344024455334000000000","pnu":"1159010800103410004","name":"서울특별시 동작구 대방동","address":"서울특별시 동작구 대방동","useName":"교육연구시설","floors":6.0,"height":20.2,"heightSource":"estimated","heightRaw":0.0,"sourceDate":"2026-09-09"},"geometry":{"type":"Polygon","coordinates":[[[126.92564138,37.51202684],[126.92559821,37.51191582],[126.92536808,37.5119726],[126.92541125,37.51208363],[126.92564138,37.51202684]]]}},{"type":"Feature","id":"seoul-building-537523","properties":{"id":"seoul-building-537523","sourceId":"1993193714904453921200000000","pnu":"1159010800105030000","name":"서울특별시 동작구 대방동","address":"서울특별시 동작구 대방동","useName":"","floors":0.0,"height":0,"heightSource":"unknown","heightRaw":0.0,"sourceDate":"2026-09-09"},"geometry":{"type":"Polygon","coordinates":[[[126.92969754,37.5107134],[126.92967579,37.51073253],[126.92969928,37.51074972],[126.92972617,37.51072665],[126.9297025,37.51070918],[126.92969754,37.5107134]]]}},{"type":"Feature","id":"seoul-building-537860","properties":{"id":"seoul-building-537860","sourceId":"0000193459634457094900000000","pnu":"1159010800100880021","name":"서울특별시 동작구 대방동","address":"서울특별시 동작구 대방동","useName":"","floors":0.0,"height":0,"heightSource":"unknown","heightRaw":0.0,"sourceDate":"2026-09-09"},"geometry":{"type":"Polygon","coordinates":[[[126.92662574,37.5135252],[126.92662121,37.51364036],[126.92699358,37.51364763],[126.92699288,37.51362849],[126.92700915,37.51362765],[126.92700899,37.51360485],[126.92699804,37.5136054],[126.92699793,37.51353472],[126.92662574,37.5135252]]]}},{"type":"Feature","id":"seoul-building-537913","properties":{"id":"seoul-building-537913","sourceId":"1985193600364457414900000000","pnu":"1159010800100990008","name":"서울특별시 동작구 대방동","address":"서울특별시 동작구 대방동","useName":"단독주택","floors":1.0,"height":4.2,"heightSource":"estimated","heightRaw":0.0,"sourceDate":"2026-09-09"},"geometry":{"type":"Polygon","coordinates":[[[126.92842371,37.51384053],[126.92835527,37.51389145],[126.92838688,37.51391118],[126.92844703,37.5138611],[126.92842371,37.51384053]]]}},{"type":"Feature","id":"seoul-building-538086","properties":{"id":"seoul-building-538086","sourceId":"0000193540614453928100000000","pnu":"1159010800104660005","name":"서울특별시 동작구 대방동","address":"서울특별시 동작구 대방동","useName":"","floors":0.0,"height":0,"heightSource":"unknown","heightRaw":0.0,"sourceDate":"2026-09-09"},"geometry":{"type":"Polygon","coordinates":[[[126.92770403,37.51074176],[126.92774661,37.51075277],[126.92775547,37.510728],[126.92771307,37.51071586],[126.92770403,37.51074176]]]}},{"type":"Feature","id":"seoul-building-538493","properties":{"id":"seoul-building-538493","sourceId":"0000193710104457696200000000","pnu":"1159010800105050000","name":"서울특별시 동작구 대방동","address":"서울특별시 동작구 대방동","useName":"","floors":0.0,"height":0,"heightSource":"unknown","heightRaw":0.0,"sourceDate":"2026-09-09"},"geometry":{"type":"Polygon","coordinates":[[[126.92965437,37.51415436],[126.92965813,37.51410791],[126.92963268,37.51410705],[126.92962857,37.51415351],[126.92965437,37.51415436]]]}},{"type":"Feature","id":"seoul-building-538596","properties":{"id":"seoul-building-538596","sourceId":"0000193532344457385000000000","pnu":"1159010800105100000","name":"서울특별시 동작구 대방동","address":"서울특별시 동작구 대방동","useName":"","floors":0.0,"height":0,"heightSource":"unknown","heightRaw":0.0,"sourceDate":"2026-09-09"},"geometry":{"type":"Polygon","coordinates":[[[126.92760791,37.51383074],[126.92760982,37.51386903],[126.92765701,37.51386934],[126.92765758,37.51382965],[126.92760791,37.51382906],[126.92760791,37.51383074]]]}},{"type":"Feature","id":"seoul-building-538993","properties":{"id":"seoul-building-538993","sourceId":"1971193581544454323300000000","pnu":"1159010800103510001","name":"서울특별시 동작구 대방동","address":"서울특별시 동작구 대방동","useName":"단독주택","floors":1.0,"height":4.2,"heightSource":"estimated","heightRaw":0.0,"sourceDate":"2026-09-09"},"geometry":{"type":"Polygon","coordinates":[[[126.92818087,37.51108218],[126.92817909,37.51109739],[126.92820295,37.51109909],[126.9282065,37.5110853],[126.92818087,37.51108218]]]}},{"type":"Feature","id":"seoul-building-538998","properties":{"id":"seoul-building-538998","sourceId":"0000193568664453928300000000","pnu":"1159010800103500001","name":"서울특별시 동작구 대방동","address":"서울특별시 동작구 대방동","useName":"","floors":0.0,"height":0,"heightSource":"unknown","heightRaw":0.0,"sourceDate":"2026-09-09"},"geometry":{"type":"Polygon","coordinates":[[[126.92803597,37.51068987],[126.92799651,37.51075405],[126.9280578,37.51078111],[126.92809693,37.51071356],[126.92803597,37.51068987]]]}},{"type":"Feature","id":"seoul-building-539136","properties":{"id":"seoul-building-539136","sourceId":"1995193601124456044600000000","pnu":"1159010800103390011","name":"서울특별시 동작구 대방동","address":"서울특별시 동작구 대방동","useName":"단독주택","floors":2.0,"height":6.5,"heightSource":"measured","heightRaw":6.5,"sourceDate":"2026-09-09"},"geometry":{"type":"Polygon","coordinates":[[[126.92838868,37.51258953],[126.92836674,37.51261598],[126.92837186,37.51261993],[126.9283485,37.51264975],[126.92843594,37.51269458],[126.92847541,37.51263434],[126.92838868,37.51258953]]]}},{"type":"Feature","id":"seoul-building-539142","properties":{"id":"seoul-building-539142","sourceId":"1998193433024455214400000000","pnu":"1159010800103440010","name":"서울특별시 동작구 대방동","address":"서울특별시 동작구 대방동","useName":"단독주택","floors":3.0,"height":10.3,"heightSource":"measured","heightRaw":10.3,"sourceDate":"2026-09-09"},"geometry":{"type":"Polygon","coordinates":[[[126.92650225,37.51185629],[126.92643631,37.51187146],[126.92642924,37.51187484],[126.9264257,37.51187991],[126.92642499,37.51188384],[126.92642975,37.51189455],[126.92643999,37.51190412],[126.92645324,37.51191174],[126.9264686,37.51191906],[126.92657128,37.51193236],[126.92658901,37.51187184],[126.92650225,37.51185629]]]}},{"type":"Feature","id":"seoul-building-539616","properties":{"id":"seoul-building-539616","sourceId":"1991193584024457374300000000","pnu":"1159010800101010006","name":"서울특별시 동작구 대방동","address":"서울특별시 동작구 대방동","useName":"단독주택","floors":2.0,"height":7.4,"heightSource":"estimated","heightRaw":0.0,"sourceDate":"2026-09-09"},"geometry":{"type":"Polygon","coordinates":[[[126.92825056,37.51378524],[126.92822422,37.51379733],[126.92822158,37.51379395],[126.92817543,37.5138156],[126.92817172,37.51381138],[126.92812929,37.5138288],[126.9281554,37.51386627],[126.92822997,37.51388771],[126.92829715,37.51385538],[126.92829822,37.51385284],[126.92825056,37.51378524]]]}},{"type":"Feature","id":"seoul-building-539719","properties":{"id":"seoul-building-539719","sourceId":"1985193379744453295200000000","pnu":"1159010800103530015","name":"서울특별시 동작구 대방동","address":"서울특별시 동작구 대방동","useName":"","floors":0.0,"height":0,"heightSource":"unknown","heightRaw":0.0,"sourceDate":"2026-09-09"},"geometry":{"type":"Polygon","coordinates":[[[126.92592269,37.51012714],[126.92586803,37.51017103],[126.92589895,37.51020061],[126.92595412,37.51015165],[126.92592269,37.51012714]]]}},{"type":"Feature","id":"seoul-building-539792","properties":{"id":"seoul-building-539792","sourceId":"1983193561074454499600000000","pnu":"1159010800103490015","name":"비동","address":"서울특별시 동작구 대방동","useName":"단독주택","floors":2.0,"height":7.4,"heightSource":"estimated","heightRaw":0.0,"sourceDate":"2026-09-09"},"geometry":{"type":"Polygon","coordinates":[[[126.92790895,37.511209],[126.92789544,37.51127629],[126.92792054,37.51127968],[126.92801083,37.51129185],[126.92802522,37.51122118],[126.92792042,37.51121014],[126.92790895,37.511209]]]}},{"type":"Feature","id":"seoul-building-539800","properties":{"id":"seoul-building-539800","sourceId":"0000193434864454915300000000","pnu":"1159010800103440007","name":"서울특별시 동작구 대방동","address":"서울특별시 동작구 대방동","useName":"","floors":0.0,"height":0,"heightSource":"unknown","heightRaw":0.0,"sourceDate":"2026-09-09"},"geometry":{"type":"Polygon","coordinates":[[[126.92654809,37.51160826],[126.92651042,37.51162007],[126.92651732,37.5116378],[126.92655426,37.51162713],[126.92654809,37.51160826]]]}},{"type":"Feature","id":"seoul-building-539919","properties":{"id":"seoul-building-539919","sourceId":"1996193515564454443100000000","pnu":"1159010800103490018","name":"서울특별시 동작구 대방동","address":"서울특별시 동작구 대방동","useName":"단독주택","floors":3.0,"height":11.4,"heightSource":"measured","heightRaw":11.4,"sourceDate":"2026-09-09"},"geometry":{"type":"Polygon","coordinates":[[[126.92742881,37.5111538],[126.92740549,37.51115492],[126.92739664,37.51116533],[126.92739629,37.5111704],[126.9273961,37.51117518],[126.92739628,37.51118025],[126.92739628,37.51118166],[126.92736939,37.51119601],[126.92741069,37.511256],[126.92750669,37.51121834],[126.92751395,37.51120594],[126.9275207,37.51116457],[126.92742881,37.5111538]]]}},{"type":"Feature","id":"seoul-building-539963","properties":{"id":"seoul-building-539963","sourceId":"0000193565024454012200000000","pnu":"1159010800104660005","name":"서울특별시 동작구 대방동","address":"서울특별시 동작구 대방동","useName":"","floors":0.0,"height":0,"heightSource":"unknown","heightRaw":0.0,"sourceDate":"2026-09-09"},"geometry":{"type":"Polygon","coordinates":[[[126.92799507,37.51077405],[126.92796709,37.51083175],[126.92801479,37.51084923],[126.92804436,37.51078589],[126.92799507,37.51077405]]]}},{"type":"Feature","id":"seoul-building-540091","properties":{"id":"seoul-building-540091","sourceId":"0000193348374454872400000000","pnu":"1159010800105120000","name":"서울특별시 동작구 대방동","address":"서울특별시 동작구 대방동","useName":"","floors":0.0,"height":0,"heightSource":"unknown","heightRaw":0.0,"sourceDate":"2026-09-09"},"geometry":{"type":"Polygon","coordinates":[[[126.92555634,37.51155613],[126.92552964,37.51156117],[126.92551832,37.51158454],[126.92552783,37.51160341],[126.92555433,37.51161215],[126.92558209,37.51160428],[126.92559042,37.5115843],[126.92557983,37.51156402],[126.92555634,37.51155613]]]}},{"type":"Feature","id":"seoul-building-540272","properties":{"id":"seoul-building-540272","sourceId":"0000193526254455828300000000","pnu":"1159010800103400004","name":"서울특별시 동작구 대방동","address":"서울특별시 동작구 대방동","useName":"","floors":0.0,"height":0,"heightSource":"unknown","heightRaw":0.0,"sourceDate":"2026-09-09"},"geometry":{"type":"Polygon","coordinates":[[[126.92743516,37.51245492],[126.92767087,37.51250715],[126.9276978,37.51243902],[126.92745909,37.51238539],[126.92743516,37.51245492]]]}},{"type":"Feature","id":"seoul-building-540377","properties":{"id":"seoul-building-540377","sourceId":"2003193546934455484900000000","pnu":"1159010800103460019","name":"서울특별시 동작구 대방동","address":"서울특별시 동작구 대방동","useName":"노유자시설","floors":3.0,"height":9.1,"heightSource":"measured","heightRaw":9.1,"sourceDate":"2026-09-09"},"geometry":{"type":"Polygon","coordinates":[[[126.92774955,37.51209865],[126.92774778,37.5121054],[126.92771951,37.51210116],[126.92771136,37.51212227],[126.92772461,37.51212622],[126.9277253,37.51213326],[126.92772742,37.5121372],[126.92772919,37.51213918],[126.92773308,37.51214143],[126.92773182,37.51214959],[126.92787018,37.51218009],[126.92787978,37.51212829],[126.92774955,37.51209865]]]}},{"type":"Feature","id":"seoul-building-540466","properties":{"id":"seoul-building-540466","sourceId":"1969193608524455910200000000","pnu":"1159010800103390009","name":"서울특별시 동작구 대방동","address":"서울특별시 동작구 대방동","useName":"단독주택","floors":1.0,"height":4.2,"heightSource":"estimated","heightRaw":0.0,"sourceDate":"2026-09-09"},"geometry":{"type":"Polygon","coordinates":[[[126.92847201,37.51248032],[126.92845998,37.51250002],[126.92845273,37.51250002],[126.92843556,37.51252367],[126.92852337,37.51256228],[126.92855329,37.512515],[126.92847201,37.51248032]]]}},{"type":"Feature","id":"seoul-building-540491","properties":{"id":"seoul-building-540491","sourceId":"1999193708214457790800000000","pnu":"1159010800105050000","name":"서울특별시 동작구 대방동","address":"서울특별시 동작구 대방동","useName":"","floors":0.0,"height":0,"heightSource":"unknown","heightRaw":0.0,"sourceDate":"2026-09-09"},"geometry":{"type":"Polygon","coordinates":[[[126.92963963,37.51423206],[126.92965606,37.51423179],[126.92965892,37.51420364],[126.92958806,37.51419852],[126.92958625,37.51422894],[126.92960057,37.51422979],[126.92963733,37.51423206],[126.92963963,37.51423206]]]}},{"type":"Feature","id":"seoul-building-540842","properties":{"id":"seoul-building-540842","sourceId":"0000193557804454078000000000","pnu":"1159010800103510017","name":"서울특별시 동작구 대방동","address":"서울특별시 동작구 대방동","useName":"","floors":0.0,"height":0,"heightSource":"unknown","heightRaw":0.0,"sourceDate":"2026-09-09"},"geometry":{"type":"Polygon","coordinates":[[[126.92785205,37.51081703],[126.92783061,37.51088206],[126.9279186,37.51090324],[126.92799458,37.51092158],[126.92801955,37.51085909],[126.92791831,37.51083369],[126.92785205,37.51081703]]]}},{"type":"Feature","id":"seoul-building-540847","properties":{"id":"seoul-building-540847","sourceId":"0000193573684457858400000000","pnu":"1159010800100860002","name":"서울특별시 동작구 대방동","address":"서울특별시 동작구 대방동","useName":"","floors":0.0,"height":0,"heightSource":"unknown","heightRaw":0.0,"sourceDate":"2026-09-09"},"geometry":{"type":"Polygon","coordinates":[[[126.92806719,37.51426041],[126.92806486,37.51428518],[126.92813219,37.51429198],[126.92813575,37.51426637],[126.92806719,37.51426041]]]}},{"type":"Feature","id":"seoul-building-540945","properties":{"id":"seoul-building-540945","sourceId":"0000193507244455806900000000","pnu":"1159010800103400004","name":"서울특별시 동작구 대방동","address":"서울특별시 동작구 대방동","useName":"","floors":0.0,"height":0,"heightSource":"unknown","heightRaw":0.0,"sourceDate":"2026-09-09"},"geometry":{"type":"Polygon","coordinates":[[[126.92728663,37.51234642],[126.92724516,37.51246803],[126.92741213,37.51250812],[126.9274575,37.51238622],[126.92728663,37.51234642]]]}},{"type":"Feature","id":"seoul-building-540999","properties":{"id":"seoul-building-540999","sourceId":"2003193606624454946700000000","pnu":"1159010800105080000","name":"대방1차e-편한세상","address":"서울특별시 동작구 대방동","useName":"제2종근린생활시설","floors":4.0,"height":11.55,"heightSource":"measured","heightRaw":11.55,"sourceDate":"2026-09-09"},"geometry":{"type":"Polygon","coordinates":[[[126.92836878,37.51159193],[126.92834607,37.51167694],[126.92858056,37.51171426],[126.9286045,37.51162754],[126.92836878,37.51159193]]]}},{"type":"Feature","id":"seoul-building-541125","properties":{"id":"seoul-building-541125","sourceId":"1997193549544457160500000000","pnu":"1159010800100980008","name":"서울특별시 동작구 대방동","address":"서울특별시 동작구 대방동","useName":"단독주택","floors":3.0,"height":10.2,"heightSource":"measured","heightRaw":10.2,"sourceDate":"2026-09-09"},"geometry":{"type":"Polygon","coordinates":[[[126.92782889,37.51358732],[126.92782783,37.51359155],[126.92781598,37.51359125],[126.9278151,37.5135952],[126.92777021,37.51358897],[126.92775657,37.51362557],[126.92778604,37.51366473],[126.92779134,37.51366641],[126.92780034,37.51368106],[126.92781514,37.51371908],[126.92786515,37.51372672],[126.92788491,37.51359467],[126.92782889,37.51358732]]]}},{"type":"Feature","id":"seoul-building-541485","properties":{"id":"seoul-building-541485","sourceId":"1979193335004455136700000000","pnu":"1159010800103420005","name":"서울특별시 동작구 대방동","address":"서울특별시 동작구 대방동","useName":"제2종근린생활시설","floors":5.0,"height":17.0,"heightSource":"estimated","heightRaw":0.0,"sourceDate":"2026-09-09"},"geometry":{"type":"Polygon","coordinates":[[[126.92545557,37.51175371],[126.9253131,37.51179022],[126.92534923,37.51188964],[126.92549311,37.51185425],[126.92545557,37.51175371]]]}},{"type":"Feature","id":"seoul-building-541719","properties":{"id":"seoul-building-541719","sourceId":"1993193565644454839600000000","pnu":"1159010800103490010","name":"서울특별시 동작구 대방동","address":"서울특별시 동작구 대방동","useName":"공동주택","floors":4.0,"height":14.3,"heightSource":"measured","heightRaw":14.3,"sourceDate":"2026-09-09"},"geometry":{"type":"Polygon","coordinates":[[[126.92796649,37.51145878],[126.92796221,37.51149763],[126.9279622,37.51150214],[126.92796856,37.5115013],[126.92796145,37.51155311],[126.92795437,37.51155281],[126.92794854,37.51155929],[126.92794659,37.51156267],[126.92793752,37.51163389],[126.92794459,37.51163474],[126.92794458,37.511637],[126.92805485,37.51165143],[126.92808558,37.51147575],[126.92802956,37.51147065],[126.92802975,37.51146333],[126.92796649,37.51145878]]]}},{"type":"Feature","id":"seoul-building-541759","properties":{"id":"seoul-building-541759","sourceId":"1987193545724454498500000000","pnu":"1159010800103490019","name":"서울특별시 동작구 대방동","address":"서울특별시 동작구 대방동","useName":"공동주택","floors":2.0,"height":6.9,"heightSource":"estimated","heightRaw":0.0,"sourceDate":"2026-09-09"},"geometry":{"type":"Polygon","coordinates":[[[126.92773294,37.51118975],[126.92772547,37.51124014],[126.92771769,37.51123872],[126.92770934,37.51129053],[126.92784628,37.51130554],[126.92785711,37.51125233],[126.92785164,37.51125176],[126.92785716,37.51120278],[126.92773294,37.51118975]]]}},{"type":"Feature","id":"seoul-building-541776","properties":{"id":"seoul-building-541776","sourceId":"0000193602924455936300000000","pnu":"1159010800103390010","name":"서울특별시 동작구 대방동","address":"서울특별시 동작구 대방동","useName":"","floors":0.0,"height":0,"heightSource":"unknown","heightRaw":0.0,"sourceDate":"2026-09-09"},"geometry":{"type":"Polygon","coordinates":[[[126.92842478,37.51252986],[126.92841577,37.51254843],[126.92843731,37.51255943],[126.92845129,37.51254029],[126.92842478,37.51252986]]]}},{"type":"Feature","id":"seoul-building-541794","properties":{"id":"seoul-building-541794","sourceId":"1997193617464457754200000000","pnu":"1159010800105040000","name":"한국개나리아파트","address":"서울특별시 동작구 대방동","useName":"공동주택","floors":19.0,"height":54.1,"heightSource":"measured","heightRaw":54.1,"sourceDate":"2026-09-09"},"geometry":{"type":"Polygon","coordinates":[[[126.92824566,37.51410058],[126.92822986,37.51418476],[126.92844634,37.51421136],[126.92844881,37.51420264],[126.92853063,37.51421338],[126.92852745,37.51422098],[126.92892117,37.5142719],[126.92894016,37.51417533],[126.92858514,37.51412952],[126.92855351,37.51412555],[126.92855209,37.51413315],[126.92846215,37.51411818],[126.92845913,37.51412746],[126.92837325,37.51411672],[126.92837415,37.51410854],[126.92833969,37.51410487],[126.92833827,37.51411162],[126.92824566,37.51410058]]]}},{"type":"Feature","id":"seoul-building-541816","properties":{"id":"seoul-building-541816","sourceId":"0000193581284455813900000000","pnu":"1159010800103400011","name":"서울특별시 동작구 대방동","address":"서울특별시 동작구 대방동","useName":"","floors":0.0,"height":0,"heightSource":"unknown","heightRaw":0.0,"sourceDate":"2026-09-09"},"geometry":{"type":"Polygon","coordinates":[[[126.92818207,37.51241426],[126.92816225,37.51244072],[126.92819775,37.51245257],[126.92821157,37.51242752],[126.92818207,37.51241426]]]}},{"type":"Feature","id":"seoul-building-541847","properties":{"id":"seoul-building-541847","sourceId":"0000193553984457300200000000","pnu":"1159010800105100000","name":"서울특별시 동작구 대방동","address":"서울특별시 동작구 대방동","useName":"","floors":0.0,"height":0,"heightSource":"unknown","heightRaw":0.0,"sourceDate":"2026-09-09"},"geometry":{"type":"Polygon","coordinates":[[[126.9278851,37.51375573],[126.92787061,37.51375656],[126.92786933,37.51378894],[126.9278863,37.51378839],[126.9278851,37.51375573]]]}},{"type":"Feature","id":"seoul-building-541848","properties":{"id":"seoul-building-541848","sourceId":"0000193427394455146900000000","pnu":"1159010800103440009","name":"서울특별시 동작구 대방동","address":"서울특별시 동작구 대방동","useName":"","floors":0.0,"height":0,"heightSource":"unknown","heightRaw":0.0,"sourceDate":"2026-09-09"},"geometry":{"type":"Polygon","coordinates":[[[126.92641004,37.5118157],[126.92639024,37.51182132],[126.92641105,37.51186947],[126.92650527,37.51184222],[126.92648606,37.51179435],[126.92641004,37.5118157]]]}},{"type":"Feature","id":"seoul-building-541885","properties":{"id":"seoul-building-541885","sourceId":"1999193690214457864400000000","pnu":"1159010800105050000","name":"우정아파트","address":"서울특별시 동작구 대방동","useName":"공동주택","floors":23.0,"height":62.3,"heightSource":"measured","heightRaw":62.3,"sourceDate":"2026-09-09"},"geometry":{"type":"Polygon","coordinates":[[[126.92963963,37.51423206],[126.92963733,37.51423206],[126.92960057,37.51422979],[126.92960181,37.51423739],[126.92955038,37.51423259],[126.92954985,37.51423596],[126.92949983,37.5142334],[126.92949611,37.51424269],[126.92942455,37.51423364],[126.92942455,37.514228],[126.92938496,37.51422657],[126.92937984,37.51422628],[126.92937984,37.51423248],[126.92934466,37.51423049],[126.92934466,37.51423246],[126.92929571,37.51422821],[126.92922254,37.51422056],[126.92922343,37.51421324],[126.92922185,37.51421324],[126.92918226,37.51421124],[126.92917979,37.51421124],[126.92917978,37.51421969],[126.92909407,37.51421767],[126.92908496,37.51431001],[126.9294916,37.51433926],[126.92972701,37.5143546],[126.92973523,37.5142493],[126.92968751,37.5142473],[126.92968752,37.51424308],[126.92963909,37.51424164],[126.92963963,37.51423206]]]}},{"type":"Feature","id":"seoul-building-541894","properties":{"id":"seoul-building-541894","sourceId":"0000193540074453498800000000","pnu":"1159010800103500001","name":"서울특별시 동작구 대방동","address":"서울특별시 동작구 대방동","useName":"","floors":0.0,"height":0,"heightSource":"unknown","heightRaw":0.0,"sourceDate":"2026-09-09"},"geometry":{"type":"Polygon","coordinates":[[[126.92772918,37.51032198],[126.92769168,37.51034391],[126.92771782,37.51037208],[126.92775618,37.51035409],[126.92772918,37.51032198]]]}},{"type":"Feature","id":"seoul-building-541952","properties":{"id":"seoul-building-541952","sourceId":"1974193605744455979900000000","pnu":"1159010800103390010","name":"서울특별시 동작구 대방동","address":"서울특별시 동작구 대방동","useName":"단독주택","floors":1.0,"height":4.2,"heightSource":"estimated","heightRaw":0.0,"sourceDate":"2026-09-09"},"geometry":{"type":"Polygon","coordinates":[[[126.92845376,37.51254227],[126.92843023,37.51257491],[126.92840903,37.51256617],[126.9284069,37.5125718],[126.92839736,37.51257039],[126.92839134,37.51258277],[126.92849114,37.51262563],[126.92852407,37.51257467],[126.92845376,37.51254227]]]}},{"type":"Feature","id":"seoul-building-542044","properties":{"id":"seoul-building-542044","sourceId":"0000193622734456234300000000","pnu":"1159010800103390001","name":"서울특별시 동작구 대방동","address":"서울특별시 동작구 대방동","useName":"","floors":0.0,"height":0,"heightSource":"unknown","heightRaw":0.0,"sourceDate":"2026-09-09"},"geometry":{"type":"Polygon","coordinates":[[[126.92858996,37.51278871],[126.92858817,37.51280955],[126.92858638,37.51283207],[126.9287214,37.51283749],[126.92872566,37.51280934],[126.92872692,37.51279386],[126.92858996,37.51278871]]]}},{"type":"Feature","id":"seoul-building-542138","properties":{"id":"seoul-building-542138","sourceId":"0000193566294457282000000000","pnu":"1159010800101010014","name":"서울특별시 동작구 대방동","address":"서울특별시 동작구 대방동","useName":"","floors":0.0,"height":0,"heightSource":"unknown","heightRaw":0.0,"sourceDate":"2026-09-09"},"geometry":{"type":"Polygon","coordinates":[[[126.92798479,37.51374284],[126.92798512,37.5137741],[126.92800261,37.51377439],[126.92800226,37.51376819],[126.92805157,37.51376879],[126.9280523,37.51374316],[126.92798479,37.51374284]]]}},{"type":"Feature","id":"seoul-building-542518","properties":{"id":"seoul-building-542518","sourceId":"0000193573864457371200000000","pnu":"1159010800101010014","name":"서울특별시 동작구 대방동","address":"서울특별시 동작구 대방동","useName":"","floors":0.0,"height":0,"heightSource":"unknown","heightRaw":0.0,"sourceDate":"2026-09-09"},"geometry":{"type":"Polygon","coordinates":[[[126.92811059,37.51379163],[126.92807453,37.51379498],[126.92809442,37.513882],[126.928131,37.51387893],[126.92811059,37.51379163]]]}},{"type":"Feature","id":"seoul-building-543011","properties":{"id":"seoul-building-543011","sourceId":"1995193687474453445200000000","pnu":"1159010800105030000","name":"대방2단지주공아파트","address":"서울특별시 동작구 대방동","useName":"공동주택","floors":15.0,"height":41.3,"heightSource":"measured","heightRaw":41.3,"sourceDate":"2026-09-09"},"geometry":{"type":"Polygon","coordinates":[[[126.9293181,37.51016694],[126.92922383,37.51024177],[126.92924272,37.51025981],[126.92924661,37.51025644],[126.92933209,37.51032322],[126.92931033,37.51034601],[126.92933258,37.51036517],[126.92936211,37.51034463],[126.92944669,37.51041141],[126.92944404,37.51041649],[126.92946648,37.51043339],[126.9295602,37.5103563],[126.92945142,37.51027036],[126.92943993,37.51027992],[126.92941733,37.51026301],[126.92942652,37.51025345],[126.9293181,37.51016694]]]}},{"type":"Feature","id":"seoul-building-543013","properties":{"id":"seoul-building-543013","sourceId":"1988193580664457285700000000","pnu":"1159010800101010039","name":"서울특별시 동작구 대방동","address":"서울특별시 동작구 대방동","useName":"단독주택","floors":2.0,"height":7.4,"heightSource":"estimated","heightRaw":0.0,"sourceDate":"2026-09-09"},"geometry":{"type":"Polygon","coordinates":[[[126.92822129,37.51371173],[126.92819265,37.51372523],[126.92818947,37.51372072],[126.92815747,37.51373562],[126.92815499,37.51373196],[126.92810726,37.51375503],[126.92812827,37.51378207],[126.92811907,37.51378741],[126.92813796,37.51381136],[126.92823326,37.51376918],[126.92823555,37.51377256],[126.92825713,37.51376271],[126.92822129,37.51371173]]]}},{"type":"Feature","id":"seoul-building-543188","properties":{"id":"seoul-building-543188","sourceId":"0000193660174456167600000000","pnu":"1159010800103390027","name":"서울특별시 동작구 대방동","address":"서울특별시 동작구 대방동","useName":"","floors":0.0,"height":0,"heightSource":"unknown","heightRaw":0.0,"sourceDate":"2026-09-09"},"geometry":{"type":"Polygon","coordinates":[[[126.92889329,37.51272385],[126.92889329,37.51272469],[126.92887932,37.51272553],[126.92887964,37.51276833],[126.92887452,37.5127686],[126.92887484,37.51280324],[126.92929512,37.51279984],[126.92929252,37.51274352],[126.92927201,37.51274435],[126.92927203,37.51271648],[126.92923562,37.51271843],[126.92923547,37.51269872],[126.92912519,37.51269922],[126.929125,37.51270343],[126.92903859,37.51270563],[126.92903823,37.5127],[126.92892584,37.51270022],[126.92892583,37.51270444],[126.92889225,37.51270499],[126.92889329,37.51272385]]]}},{"type":"Feature","id":"seoul-building-543211","properties":{"id":"seoul-building-543211","sourceId":"0000193476314455059300000000","pnu":"1159010800103450001","name":"서울특별시 동작구 대방동","address":"서울특별시 동작구 대방동","useName":"","floors":0.0,"height":0,"heightSource":"unknown","heightRaw":0.0,"sourceDate":"2026-09-09"},"geometry":{"type":"Polygon","coordinates":[[[126.92700922,37.51174624],[126.9270071,37.51174624],[126.92699189,37.5117527],[126.92699119,37.51175383],[126.92699118,37.51175524],[126.92699206,37.51175721],[126.92699276,37.51175833],[126.92699454,37.51175946],[126.92699559,37.51176003],[126.92699737,37.51176031],[126.92699843,37.51176031],[126.92699948,37.51176031],[126.92701098,37.51175215],[126.92701168,37.51175018],[126.92701169,37.5117485],[126.9270108,37.51174737],[126.92700922,37.51174624]]]}},{"type":"Feature","id":"seoul-building-543310","properties":{"id":"seoul-building-543310","sourceId":"1999193671204457764000000000","pnu":"1159010800105050000","name":"서울특별시 동작구 대방동","address":"서울특별시 동작구 대방동","useName":"","floors":0.0,"height":0,"heightSource":"unknown","heightRaw":0.0,"sourceDate":"2026-09-09"},"geometry":{"type":"Polygon","coordinates":[[[126.92922185,37.51421324],[126.92922309,37.51420254],[126.92923582,37.51420282],[126.92923797,37.51417636],[126.92917329,37.51417154],[126.92917008,37.51420222],[126.9291828,37.51420251],[126.92918226,37.51421124],[126.92922185,37.51421324]]]}},{"type":"Feature","id":"seoul-building-543432","properties":{"id":"seoul-building-543432","sourceId":"2003193703704456069500000000","pnu":"1159010800105080000","name":"대방1차e-편한세상","address":"서울특별시 동작구 대방동","useName":"공동주택","floors":17.0,"height":41.74,"heightSource":"measured","heightRaw":41.74,"sourceDate":"2026-09-09"},"geometry":{"type":"Polygon","coordinates":[[[126.92956403,37.51232021],[126.92956207,37.51233118],[126.92955394,37.51233062],[126.92953531,37.51240072],[126.92948831,37.51239393],[126.92948086,37.51242828],[126.929501,37.51243308],[126.92949496,37.51246151],[126.92951953,37.5124649],[126.92950144,37.5125274],[126.92951009,37.51252853],[126.92950761,37.51254486],[126.92953693,37.51255276],[126.9295169,37.51262342],[126.92948492,37.51261834],[126.9294748,37.51265381],[126.92948258,37.5126555],[126.9294755,37.51268309],[126.92950482,37.51269043],[126.92950546,37.51277264],[126.92951252,37.51277321],[126.92951197,37.51280052],[126.92950684,37.51280052],[126.92950554,37.51286359],[126.92947125,37.51286413],[126.92947069,37.5128982],[126.92948165,37.51289877],[126.92948162,37.51292551],[126.92950371,37.51292553],[126.92950506,37.51299508],[126.92951108,37.51299564],[126.92951124,37.51300634],[126.92962859,37.51300754],[126.92963349,37.51268008],[126.92966081,37.51256607],[126.92961982,37.51256267],[126.92968064,37.51234253],[126.92956403,37.51232021]]]}},{"type":"Feature","id":"seoul-building-543501","properties":{"id":"seoul-building-543501","sourceId":"1994193568814457172400000000","pnu":"1159010800101010015","name":"서울특별시 동작구 대방동","address":"서울특별시 동작구 대방동","useName":"제2종근린생활시설","floors":2.0,"height":6.2,"heightSource":"measured","heightRaw":6.2,"sourceDate":"2026-09-09"},"geometry":{"type":"Polygon","coordinates":[[[126.92800047,37.5136229],[126.9279801,37.51366541],[126.92806683,37.51370488],[126.92811214,37.5136424],[126.92807911,37.5136269],[126.92801177,37.51362685],[126.92800047,37.5136229]]]}},{"type":"Feature","id":"seoul-building-543645","properties":{"id":"seoul-building-543645","sourceId":"0000193531924453754500000000","pnu":"1159010800103500001","name":"서울특별시 동작구 대방동","address":"서울특별시 동작구 대방동","useName":"","floors":0.0,"height":0,"heightSource":"unknown","heightRaw":0.0,"sourceDate":"2026-09-09"},"geometry":{"type":"Polygon","coordinates":[[[126.92756548,37.51055331],[126.92756049,37.51058992],[126.92769197,37.51060407],[126.92770437,37.51056522],[126.92756548,37.51055331]]]}},{"type":"Feature","id":"seoul-building-543669","properties":{"id":"seoul-building-543669","sourceId":"1995193663924453168000000000","pnu":"1159010800105030000","name":"대방2단지주공아파트","address":"서울특별시 동작구 대방동","useName":"공동주택","floors":15.0,"height":41.3,"heightSource":"measured","heightRaw":41.3,"sourceDate":"2026-09-09"},"geometry":{"type":"Polygon","coordinates":[[[126.92904988,37.50991618],[126.92895596,37.50999243],[126.92896639,37.51000004],[126.92897893,37.51000934],[126.92898087,37.51000681],[126.92906759,37.51007471],[126.92904583,37.51009695],[126.92906703,37.51011611],[126.92909125,37.51009613],[126.92918132,37.5101632],[126.92917867,37.51016686],[126.92919808,37.51018404],[126.92929606,37.51010611],[126.9291841,37.51002017],[126.92917261,37.51002917],[126.92915106,37.51001282],[126.92916203,37.51000241],[126.92915904,37.51000016],[126.92904988,37.50991618]]]}},{"type":"Feature","id":"seoul-building-544068","properties":{"id":"seoul-building-544068","sourceId":"1968193455204455097800000000","pnu":"1159010800103440030","name":"서울특별시 동작구 대방동","address":"서울특별시 동작구 대방동","useName":"단독주택","floors":2.0,"height":7.4,"heightSource":"estimated","heightRaw":0.0,"sourceDate":"2026-09-09"},"geometry":{"type":"Polygon","coordinates":[[[126.92681199,37.51174048],[126.92672837,37.51176662],[126.92669407,37.51177926],[126.92669936,37.51179982],[126.92669688,37.51180151],[126.92669935,37.51181023],[126.92670023,37.5118094],[126.92671559,37.51183446],[126.92682501,37.51180018],[126.92682184,37.51179201],[126.92683297,37.51178836],[126.92681199,37.51174048]]]}},{"type":"Feature","id":"seoul-building-544120","properties":{"id":"seoul-building-544120","sourceId":"0000193579524457863100000000","pnu":"1159010800100860002","name":"서울특별시 동작구 대방동","address":"서울특별시 동작구 대방동","useName":"","floors":0.0,"height":0,"heightSource":"unknown","heightRaw":0.0,"sourceDate":"2026-09-09"},"geometry":{"type":"Polygon","coordinates":[[[126.92814494,37.51426778],[126.92814315,37.51429002],[126.92818839,37.51429173],[126.92818965,37.51427118],[126.92814494,37.51426778]]]}},{"type":"Feature","id":"seoul-building-544127","properties":{"id":"seoul-building-544127","sourceId":"0000193478984454841900000000","pnu":"1159010800103450001","name":"서울특별시 동작구 대방동","address":"서울특별시 동작구 대방동","useName":"","floors":0.0,"height":0,"heightSource":"unknown","heightRaw":0.0,"sourceDate":"2026-09-09"},"geometry":{"type":"Polygon","coordinates":[[[126.92703259,37.51152213],[126.92699581,37.51153788],[126.9270357,37.51159337],[126.92706558,37.51157959],[126.92703259,37.51152213]]]}},{"type":"Feature","id":"seoul-building-544209","properties":{"id":"seoul-building-544209","sourceId":"0000193574984454051500000000","pnu":"1159010800104660005","name":"서울특별시 동작구 대방동","address":"서울특별시 동작구 대방동","useName":"","floors":0.0,"height":0,"heightSource":"unknown","heightRaw":0.0,"sourceDate":"2026-09-09"},"geometry":{"type":"Polygon","coordinates":[[[126.92806113,37.51080674],[126.92804164,37.5108591],[126.92817593,37.51088621],[126.92819259,37.51083103],[126.92806113,37.51080674]]]}},{"type":"Feature","id":"seoul-building-544396","properties":{"id":"seoul-building-544396","sourceId":"0000193487554456185000000000","pnu":"1159010800101010030","name":"서울특별시 동작구 대방동","address":"서울특별시 동작구 대방동","useName":"","floors":0.0,"height":0,"heightSource":"unknown","heightRaw":0.0,"sourceDate":"2026-09-09"},"geometry":{"type":"Polygon","coordinates":[[[126.92708017,37.51274978],[126.9270768,37.51276385],[126.92717186,37.51278616],[126.92717541,37.51276927],[126.92708017,37.51274978]]]}},{"type":"Feature","id":"seoul-building-544834","properties":{"id":"seoul-building-544834","sourceId":"0000193552884457387700000000","pnu":"1159010800105100000","name":"서울특별시 동작구 대방동","address":"서울특별시 동작구 대방동","useName":"","floors":0.0,"height":0,"heightSource":"unknown","heightRaw":0.0,"sourceDate":"2026-09-09"},"geometry":{"type":"Polygon","coordinates":[[[126.92789228,37.51383063],[126.92783642,37.51383116],[126.92783974,37.5138734],[126.92789348,37.51387202],[126.92789228,37.51383063]]]}},{"type":"Feature","id":"seoul-building-544881","properties":{"id":"seoul-building-544881","sourceId":"0000193705274455619000000000","pnu":"1159010800105080000","name":"서울특별시 동작구 대방동","address":"서울특별시 동작구 대방동","useName":"","floors":0.0,"height":0,"heightSource":"unknown","heightRaw":0.0,"sourceDate":"2026-09-09"},"geometry":{"type":"Polygon","coordinates":[[[126.92960458,37.51223211],[126.92958903,37.51223266],[126.92958354,37.51223378],[126.92957913,37.51223631],[126.92957382,37.51224138],[126.92956815,37.51225039],[126.92956708,37.51225995],[126.92956831,37.51226643],[126.92957096,37.51227263],[126.92957555,37.51228023],[126.92958562,37.51228644],[126.92958933,37.51228729],[126.92959322,37.51228813],[126.92959851,37.51228842],[126.9296123,37.51228843],[126.92961213,37.51227857],[126.92960895,37.51227462],[126.92959818,37.5122687],[126.929595,37.51226617],[126.92959324,37.5122625],[126.92959288,37.51225941],[126.92959289,37.51225631],[126.92959395,37.51225434],[126.92959713,37.51224984],[126.92960049,37.51224815],[126.92960756,37.51224731],[126.92961305,37.51224759],[126.92961817,37.5122476],[126.92961907,37.5122355],[126.92960458,37.51223211]]]}},{"type":"Feature","id":"seoul-building-545296","properties":{"id":"seoul-building-545296","sourceId":"2006193359254454984100000000","pnu":"1159010800105120000","name":"대방동경남아너스빌","address":"서울특별시 동작구 대방동","useName":"공동주택","floors":2.0,"height":7.65,"heightSource":"measured","heightRaw":7.65,"sourceDate":"2026-09-09"},"geometry":{"type":"Polygon","coordinates":[[[126.92572733,37.51163788],[126.92569233,37.51164434],[126.92569038,37.51164011],[126.92563435,37.51165472],[126.92563541,37.51165894],[126.92560395,37.51166511],[126.92563021,37.51173496],[126.92575076,37.51170519],[126.92572733,37.51163788]]]}},{"type":"Feature","id":"seoul-building-545366","properties":{"id":"seoul-building-545366","sourceId":"1958193611884455841600000000","pnu":"1159010800103390008","name":"서울특별시 동작구 대방동","address":"서울특별시 동작구 대방동","useName":"제1종근린생활시설","floors":1.0,"height":4.2,"heightSource":"estimated","heightRaw":0.0,"sourceDate":"2026-09-09"},"geometry":{"type":"Polygon","coordinates":[[[126.928497,37.51240797],[126.92847009,37.51245442],[126.92849147,37.5124626],[126.92848457,37.51247836],[126.92856336,37.51251163],[126.92860123,37.51244915],[126.928497,37.51240797]]]}},{"type":"Feature","id":"seoul-building-545377","properties":{"id":"seoul-building-545377","sourceId":"0000193706334454066900000000","pnu":"1159010800100230176","name":"서울특별시 동작구 대방동","address":"서울특별시 동작구 대방동","useName":"","floors":0.0,"height":0,"heightSource":"unknown","heightRaw":0.0,"sourceDate":"2026-09-09"},"geometry":{"type":"Polygon","coordinates":[[[126.92960624,37.5108316],[126.92956769,37.51085748],[126.92960229,37.51089016],[126.92963979,37.51086316],[126.92960624,37.5108316]]]}},{"type":"Feature","id":"seoul-building-545434","properties":{"id":"seoul-building-545434","sourceId":"1996193554944454201600000000","pnu":"1159010800103510009","name":"서울특별시 동작구 대방동","address":"서울특별시 동작구 대방동","useName":"단독주택","floors":3.0,"height":9.7,"heightSource":"measured","heightRaw":9.7,"sourceDate":"2026-09-09"},"geometry":{"type":"Polygon","coordinates":[[[126.92781238,37.51090908],[126.92779759,37.51102676],[126.92792005,37.51104204],[126.92796812,37.51104826],[126.92797417,37.51100547],[126.92797788,37.51100547],[126.9279818,37.51097394],[126.92799045,37.51097479],[126.9279972,37.51094186],[126.9279509,37.51093817],[126.92795109,37.5109345],[126.92791927,37.5109311],[126.92790514,37.51092969],[126.9279062,37.51092744],[126.92785637,37.51092234],[126.92785743,37.51091587],[126.92781238,37.51090908]]]}},{"type":"Feature","id":"seoul-building-545860","properties":{"id":"seoul-building-545860","sourceId":"0000193473944457344100000000","pnu":"1159010800100880025","name":"서울특별시 동작구 대방동","address":"서울특별시 동작구 대방동","useName":"","floors":0.0,"height":0,"heightSource":"unknown","heightRaw":0.0,"sourceDate":"2026-09-09"},"geometry":{"type":"Polygon","coordinates":[[[126.92683091,37.51372467],[126.92682858,37.51376494],[126.92686566,37.51379932],[126.92688386,37.51379904],[126.92688492,37.51380327],[126.92688845,37.5138089],[126.9268925,37.51381706],[126.9269001,37.51382383],[126.92690575,37.51382693],[126.92691388,37.51382975],[126.92692236,37.51383032],[126.92692105,37.51389733],[126.92696435,37.51389849],[126.92696452,37.5139044],[126.927049,37.51390726],[126.92705543,37.51384111],[126.92706868,37.51383998],[126.92707197,37.51373525],[126.92698572,37.51373182],[126.92698053,37.51379995],[126.92696957,37.51380022],[126.92696444,37.51380416],[126.92695438,37.51380528],[126.92693952,37.51380471],[126.92692928,37.51380329],[126.92692486,37.51379879],[126.92692328,37.51379287],[126.92691144,37.51379287],[126.92691698,37.51373121],[126.92683091,37.51372467]]]}},{"type":"Feature","id":"seoul-building-545876","properties":{"id":"seoul-building-545876","sourceId":"0000193544284453898900000000","pnu":"1159010800103500001","name":"서울특별시 동작구 대방동","address":"서울특별시 동작구 대방동","useName":"","floors":0.0,"height":0,"heightSource":"unknown","heightRaw":0.0,"sourceDate":"2026-09-09"},"geometry":{"type":"Polygon","coordinates":[[[126.92775586,37.51068745],[126.92774788,37.51072152],[126.9277871,37.51072914],[126.92779386,37.51069451],[126.92775586,37.51068745]]]}},{"type":"Feature","id":"seoul-building-545972","properties":{"id":"seoul-building-545972","sourceId":"0000193537174455987200000000","pnu":"1159010800103400004","name":"서울특별시 동작구 대방동","address":"서울특별시 동작구 대방동","useName":"","floors":0.0,"height":0,"heightSource":"unknown","heightRaw":0.0,"sourceDate":"2026-09-09"},"geometry":{"type":"Polygon","coordinates":[[[126.92783006,37.51254412],[126.92772405,37.51252013],[126.92743516,37.51245492],[126.92743393,37.51245463],[126.92738235,37.51259792],[126.92792074,37.51271959],[126.92794459,37.51272496],[126.92799457,37.51258111],[126.92792071,37.51256446],[126.92783006,37.51254412]]]}},{"type":"Feature","id":"seoul-building-545998","properties":{"id":"seoul-building-545998","sourceId":"0000193719784457981100000000","pnu":"1159010800105050000","name":"서울특별시 동작구 대방동","address":"서울특별시 동작구 대방동","useName":"","floors":0.0,"height":0,"heightSource":"unknown","heightRaw":0.0,"sourceDate":"2026-09-09"},"geometry":{"type":"Polygon","coordinates":[[[126.92972009,37.51437459],[126.92971884,37.51439458],[126.92978759,37.51439856],[126.92978883,37.51438251],[126.92972009,37.51437459]]]}},{"type":"Feature","id":"seoul-building-546065","properties":{"id":"seoul-building-546065","sourceId":"0000193537734454018300000000","pnu":"1159010800103510016","name":"서울특별시 동작구 대방동","address":"서울특별시 동작구 대방동","useName":"","floors":0.0,"height":0,"heightSource":"unknown","heightRaw":0.0,"sourceDate":"2026-09-09"},"geometry":{"type":"Polygon","coordinates":[[[126.92768454,37.5107961],[126.92767408,37.51082734],[126.92767178,37.51083635],[126.92768928,37.5108372],[126.92768964,37.51082735],[126.92770006,37.51082735],[126.92770165,37.51082314],[126.9277218,37.51082399],[126.92772642,37.51080654],[126.92768454,37.5107961]]]}},{"type":"Feature","id":"seoul-building-546281","properties":{"id":"seoul-building-546281","sourceId":"0000193570764455784000000000","pnu":"1159010800103400003","name":"서울특별시 동작구 대방동","address":"서울특별시 동작구 대방동","useName":"","floors":0.0,"height":0,"heightSource":"unknown","heightRaw":0.0,"sourceDate":"2026-09-09"},"geometry":{"type":"Polygon","coordinates":[[[126.9280533,37.51234267],[126.92801483,37.5124547],[126.92808268,37.51247051],[126.92812485,37.51236242],[126.9280533,37.51234267]]]}},{"type":"Feature","id":"seoul-building-546310","properties":{"id":"seoul-building-546310","sourceId":"1996193526644454611600000000","pnu":"1159010800103490017","name":"서울특별시 동작구 대방동","address":"서울특별시 동작구 대방동","useName":"단독주택","floors":3.0,"height":10.1,"heightSource":"measured","heightRaw":10.1,"sourceDate":"2026-09-09"},"geometry":{"type":"Polygon","coordinates":[[[126.92751668,37.51131097],[126.9275156,37.51132815],[126.92749405,37.51132813],[126.92749386,37.5113363],[126.92748802,37.51133967],[126.92748713,37.5113439],[126.92748696,37.51134897],[126.92748695,37.51135375],[126.92748677,37.51135741],[126.92748871,37.51135967],[126.92748852,37.5113684],[126.9275926,37.5113817],[126.92759259,37.51138704],[126.92763836,37.51139101],[126.92764832,37.51132823],[126.92751668,37.51131097]]]}},{"type":"Feature","id":"seoul-building-546950","properties":{"id":"seoul-building-546950","sourceId":"1989193613774456042600000000","pnu":"1159010800103390006","name":"서울특별시 동작구 대방동","address":"서울특별시 동작구 대방동","useName":"단독주택","floors":2.0,"height":7.4,"heightSource":"estimated","heightRaw":0.0,"sourceDate":"2026-09-09"},"geometry":{"type":"Polygon","coordinates":[[[126.92853626,37.51258594],[126.9284867,37.51265885],[126.92857414,37.5126955],[126.92862335,37.5126195],[126.92853626,37.51258594]]]}},{"type":"Feature","id":"seoul-building-547233","properties":{"id":"seoul-building-547233","sourceId":"1994193449714454886700000000","pnu":"1159010800103440003","name":"서울특별시 동작구 대방동","address":"서울특별시 동작구 대방동","useName":"단독주택","floors":2.0,"height":7.6,"heightSource":"measured","heightRaw":7.6,"sourceDate":"2026-09-09"},"geometry":{"type":"Polygon","coordinates":[[[126.92672789,37.51154615],[126.92663808,37.511572],[126.92667265,37.51164805],[126.92670536,37.51163652],[126.926708,37.51164074],[126.92676244,37.51162473],[126.92672789,37.51154615]]]}},{"type":"Feature","id":"seoul-building-548032","properties":{"id":"seoul-building-548032","sourceId":"2008193428364454715700000000","pnu":"1159010800103440021","name":"서울특별시 동작구 대방동","address":"서울특별시 동작구 대방동","useName":"제2종근린생활시설","floors":4.0,"height":12.1,"heightSource":"measured","heightRaw":12.1,"sourceDate":"2026-09-09"},"geometry":{"type":"Polygon","coordinates":[[[126.92650042,37.51137679],[126.92645181,37.51138971],[126.92645568,37.51140295],[126.92637649,37.51142036],[126.9264121,37.51150372],[126.92653903,37.51147142],[126.92650042,37.51137679]]]}},{"type":"Feature","id":"seoul-building-548224","properties":{"id":"seoul-building-548224","sourceId":"1989193439744454656300000000","pnu":"1159010800103440005","name":"서울특별시 동작구 대방동","address":"서울특별시 동작구 대방동","useName":"단독주택","floors":2.0,"height":7.4,"heightSource":"estimated","heightRaw":0.0,"sourceDate":"2026-09-09"},"geometry":{"type":"Polygon","coordinates":[[[126.9266392,37.51133436],[126.9265745,37.51135066],[126.92656761,37.51133797],[126.9265045,37.5113537],[126.92654417,37.51145143],[126.92667428,37.51141829],[126.9266392,37.51133436]]]}},{"type":"Feature","id":"seoul-building-548304","properties":{"id":"seoul-building-548304","sourceId":"1990193607304456158400000000","pnu":"1159010800103390005","name":"서울특별시 동작구 대방동","address":"서울특별시 동작구 대방동","useName":"단독주택","floors":3.0,"height":10.6,"heightSource":"estimated","heightRaw":0.0,"sourceDate":"2026-09-09"},"geometry":{"type":"Polygon","coordinates":[[[126.92847625,37.51267743],[126.92841129,37.51277931],[126.92846093,37.51279933],[126.92846411,37.51280299],[126.92846765,37.51280665],[126.9284717,37.51280835],[126.92848143,37.51280864],[126.92848621,37.51280808],[126.92849062,37.51280696],[126.92855257,37.51270929],[126.92847625,37.51267743]]]}},{"type":"Feature","id":"seoul-building-548307","properties":{"id":"seoul-building-548307","sourceId":"1992193592024457476700000000","pnu":"1159010800101010004","name":"서울특별시 동작구 대방동","address":"서울특별시 동작구 대방동","useName":"제1종근린생활시설","floors":2.0,"height":7.4,"heightSource":"estimated","heightRaw":0.0,"sourceDate":"2026-09-09"},"geometry":{"type":"Polygon","coordinates":[[[126.92834343,37.51388497],[126.92830136,37.51388748],[126.92830153,37.51389536],[126.92827149,37.51389619],[126.9282776,37.51397784],[126.92834051,37.51397563],[126.92833545,37.5139103],[126.92834606,37.51390975],[126.92834343,37.51388497]]]}},{"type":"Feature","id":"seoul-building-548677","properties":{"id":"seoul-building-548677","sourceId":"1987193428564454369500000000","pnu":"1159010800103440015","name":"서울특별시 동작구 대방동","address":"서울특별시 동작구 대방동","useName":"단독주택","floors":3.0,"height":8.15,"heightSource":"measured","heightRaw":8.15,"sourceDate":"2026-09-09"},"geometry":{"type":"Polygon","coordinates":[[[126.92639347,37.51114436],[126.9264042,37.51114151],[126.92641781,37.51117398],[126.92653368,37.51114316],[126.92651075,37.51108846],[126.92638415,37.51112214],[126.92639347,37.51114436]]]}},{"type":"Feature","id":"seoul-building-549069","properties":{"id":"seoul-building-549069","sourceId":"2008193424944454500100000000","pnu":"1159010800103440025","name":"서울특별시 동작구 대방동","address":"서울특별시 동작구 대방동","useName":"단독주택","floors":5.0,"height":13.4,"heightSource":"measured","heightRaw":13.4,"sourceDate":"2026-09-09"},"geometry":{"type":"Polygon","coordinates":[[[126.92641709,37.51129394],[126.92642035,37.51130148],[126.9264827,37.51128437],[126.92644292,37.51119237],[126.92635811,37.51121564],[126.92639463,37.5113001],[126.92641709,37.51129394]]]}},{"type":"Feature","id":"seoul-building-549070","properties":{"id":"seoul-building-549070","sourceId":"2015193538254454180300000000","pnu":"1159010800103510010","name":"대방파크빌","address":"서울특별시 동작구 대방동","useName":"공동주택","floors":6.0,"height":16.7,"heightSource":"measured","heightRaw":16.7,"sourceDate":"2026-09-09"},"geometry":{"type":"Polygon","coordinates":[[[126.92762861,37.51102632],[126.92775085,37.51104042],[126.92776166,37.51098094],[126.9277583,37.51098055],[126.92776086,37.51096646],[126.92776422,37.51096685],[126.92777699,37.510897],[126.92765467,37.51088293],[126.92762861,37.51102632]]]}},{"type":"Feature","id":"seoul-building-549301","properties":{"id":"seoul-building-549301","sourceId":"2015193422234454852100000000","pnu":"1159010800103440006","name":"미래winners","address":"서울특별시 동작구 대방동","useName":"공동주택","floors":5.0,"height":15.2,"heightSource":"measured","heightRaw":15.2,"sourceDate":"2026-09-09"},"geometry":{"type":"Polygon","coordinates":[[[126.92631878,37.51163922],[126.92650411,37.51158516],[126.92646153,37.51149252],[126.92636276,37.51152132],[126.92636509,37.5115264],[126.92634862,37.5115312],[126.9263463,37.51152612],[126.9262762,37.51154657],[126.92628864,37.51157364],[126.92628546,37.51157458],[126.92629732,37.51160038],[126.9263005,37.51159944],[126.92631878,37.51163922]]]}},{"type":"Feature","id":"seoul-building-549549","properties":{"id":"seoul-building-549549","sourceId":"2011193565114456062500000000","pnu":"1159010800103400001","name":"서울특별시 동작구 대방동","address":"서울특별시 동작구 대방동","useName":"제2종근린생활시설","floors":6.0,"height":18.0,"heightSource":"measured","heightRaw":18.0,"sourceDate":"2026-09-09"},"geometry":{"type":"Polygon","coordinates":[[[126.9280299,37.51254284],[126.9280118,37.51259494],[126.92797991,37.51258791],[126.9279283,37.5127364],[126.92796019,37.51274343],[126.92795567,37.51275646],[126.92800718,37.51276781],[126.92804377,37.51266253],[126.92804594,37.51266301],[126.9280836,37.51255469],[126.9280299,37.51254284]]]}},{"type":"Feature","id":"seoul-building-549598","properties":{"id":"seoul-building-549598","sourceId":"2013193380504453504400000000","pnu":"1159010800103530014","name":"서울특별시 동작구 대방동","address":"서울특별시 동작구 대방동","useName":"단독주택","floors":3.0,"height":10.5,"heightSource":"measured","heightRaw":10.5,"sourceDate":"2026-09-09"},"geometry":{"type":"Polygon","coordinates":[[[126.9258597,37.51040377],[126.92589213,37.51039581],[126.92589113,37.51039324],[126.92592032,37.51038608],[126.92592132,37.51038866],[126.92600456,37.51036826],[126.92597829,37.51030023],[126.92583342,37.51033573],[126.9258597,37.51040377]]]}},{"type":"Feature","id":"seoul-building-549664","properties":{"id":"seoul-building-549664","sourceId":"2008193433924454466100000000","pnu":"1159010800103440024","name":"서울특별시 동작구 대방동","address":"서울특별시 동작구 대방동","useName":"단독주택","floors":5.0,"height":13.5,"heightSource":"measured","heightRaw":13.5,"sourceDate":"2026-09-09"},"geometry":{"type":"Polygon","coordinates":[[[126.92651836,37.51126976],[126.92654977,37.51126133],[126.92654944,37.51126054],[126.92658535,37.51125091],[126.92658271,37.51124467],[126.92658309,37.51124456],[126.92657154,37.51121723],[126.92657117,37.51121734],[126.92656268,37.51119727],[126.92656306,37.51119717],[126.92655579,37.51117997],[126.92655542,37.51118007],[126.92654816,37.5111629],[126.92645833,37.51118699],[126.92647646,37.5112299],[126.92647609,37.51122999],[126.9264925,37.51126885],[126.92651539,37.51126272],[126.92651836,37.51126976]]]}},{"type":"Feature","id":"seoul-building-549687","properties":{"id":"seoul-building-549687","sourceId":"1982193585594456233400000000","pnu":"1159010800103390014","name":"레토하우스","address":"서울특별시 동작구 대방동","useName":"제2종근린생활시설","floors":4.0,"height":11.7,"heightSource":"measured","heightRaw":11.7,"sourceDate":"2026-09-09"},"geometry":{"type":"Polygon","coordinates":[[[126.92814836,37.51282714],[126.92828423,37.51287645],[126.92830697,37.51283667],[126.92829771,37.51283332],[126.92832045,37.51279355],[126.92819385,37.5127476],[126.92814836,37.51282714]]]}},{"type":"Feature","id":"seoul-building-549831","properties":{"id":"seoul-building-549831","sourceId":"1996193452364453513300000000","pnu":"1159010800103510006","name":"서울신길초등학교","address":"서울특별시 동작구 대방동","useName":"교육연구시설","floors":5.0,"height":17.0,"heightSource":"estimated","heightRaw":0.0,"sourceDate":"2026-09-09"},"geometry":{"type":"Polygon","coordinates":[[[126.9263754,37.51086274],[126.9266421,37.51080386],[126.92663835,37.51079304],[126.92668723,37.51078225],[126.92669144,37.51079435],[126.92668817,37.51079505],[126.92668914,37.51079781],[126.92672196,37.51079132],[126.92674187,37.51078796],[126.92674386,37.51078765],[126.92675553,37.51078588],[126.92675721,37.51078567],[126.92679216,37.51078139],[126.92680709,37.51077995],[126.92682115,37.51077881],[126.92683208,37.51077826],[126.92685154,37.51077705],[126.92685055,37.51077421],[126.9268471,37.51077437],[126.92684251,37.5107612],[126.92686207,37.51075688],[126.9269007,37.51086792],[126.92719945,37.51080196],[126.92715731,37.51068081],[126.92695198,37.51072613],[126.92693726,37.51068465],[126.92703639,37.51066277],[126.92701682,37.51060651],[126.92696684,37.51061755],[126.92695546,37.51058483],[126.92702358,37.5105698],[126.92700275,37.51050991],[126.92720515,37.51046523],[126.927163,37.51034407],[126.92695876,37.51038916],[126.92691742,37.51027033],[126.92700291,37.51025146],[126.9270019,37.51024852],[126.92699864,37.51024924],[126.92698831,37.51021955],[126.9271429,37.51018542],[126.92710075,37.51006427],[126.92689434,37.51010983],[126.92688606,37.51008603],[126.92679046,37.51010714],[126.92675439,37.51000346],[126.92685401,37.50998147],[126.9268404,37.50994236],[126.92700146,37.5099068],[126.92697156,37.50982086],[126.92655891,37.50991196],[126.92657969,37.5099717],[126.92650636,37.50998789],[126.92648985,37.5099414],[126.92607214,37.51003361],[126.92611302,37.51015113],[126.92608449,37.51015759],[126.92610365,37.51021266],[126.92654995,37.51011414],[126.92651433,37.51001175],[126.92654831,37.51000425],[126.92656716,37.51005859],[126.92668237,37.51003316],[126.92672603,37.51015398],[126.92669888,37.51015997],[126.92675744,37.5103283],[126.92674113,37.5103319],[126.92677877,37.51044008],[126.92682765,37.51042929],[126.92687627,37.51056905],[126.92681327,37.51058296],[126.9268092,37.51057127],[126.92664625,37.51060725],[126.92665031,37.51061893],[126.92658295,37.5106338],[126.92659153,37.51065847],[126.92654644,37.51066842],[126.92654283,37.51065803],[126.92632012,37.51070721],[126.9263754,37.51086274]]]}},{"type":"Feature","id":"seoul-building-550466","properties":{"id":"seoul-building-550466","sourceId":"2010193327164453894300000000","pnu":"1159010800103540001","name":"파밀리에 하늘마루","address":"서울특별시 동작구 대방동","useName":"교정및군사시설","floors":29.0,"height":82.89,"heightSource":"measured","heightRaw":82.89,"sourceDate":"2026-09-09"},"geometry":{"type":"Polygon","coordinates":[[[126.92511202,37.51082128],[126.9251941,37.51085451],[126.92520436,37.51083843],[126.92521748,37.51084373],[126.92523821,37.51081125],[126.92524326,37.51081329],[126.92525865,37.51078917],[126.9252536,37.51078712],[126.92526689,37.51076629],[126.9252785,37.51077099],[126.92530426,37.51073064],[126.92530155,37.51072404],[126.92534265,37.51071336],[126.92534535,37.51071996],[126.92539602,37.51074046],[126.92540192,37.51073121],[126.92542808,37.51074179],[126.9254255,37.51074582],[126.92545579,37.51075808],[126.92545836,37.51075406],[126.92549914,37.51077056],[126.92550582,37.51076011],[126.92552601,37.51076828],[126.92556771,37.5107029],[126.92555459,37.51069759],[126.92556126,37.51068714],[126.92553481,37.51067642],[126.92553717,37.51067273],[126.92549254,37.51065466],[126.92549019,37.51065837],[126.92545697,37.51064492],[126.92547298,37.51061983],[126.92540918,37.510594],[126.92541148,37.51059038],[126.92536625,37.51057207],[126.92535728,37.51058615],[126.92534175,37.51058062],[126.9253233,37.51060953],[126.92530301,37.51060132],[126.92528537,37.51062898],[126.92525065,37.51061492],[126.92524034,37.51063109],[126.92520329,37.51061609],[126.92519559,37.51062815],[126.92517793,37.510621],[126.92515495,37.51065702],[126.92515949,37.51065886],[126.92512707,37.51070969],[126.92515857,37.51072244],[126.92514169,37.5107489],[126.92513678,37.51074743],[126.92511437,37.51078257],[126.92511901,37.51078445],[126.92510557,37.51080551],[126.9251187,37.51081083],[126.92511202,37.51082128]]]}},{"type":"Feature","id":"seoul-building-550634","properties":{"id":"seoul-building-550634","sourceId":"2010193311384453421600000000","pnu":"1159010800103540001","name":"파밀리에 하늘마루","address":"서울특별시 동작구 대방동","useName":"교정및군사시설","floors":30.0,"height":85.69,"heightSource":"measured","heightRaw":85.69,"sourceDate":"2026-09-09"},"geometry":{"type":"Polygon","coordinates":[[[126.92535138,37.51034174],[126.92539309,37.51027635],[126.92537996,37.51027104],[126.92532545,37.51024897],[126.92533058,37.51024093],[126.92528138,37.5102199],[126.92529836,37.51019328],[126.92523455,37.51016745],[126.92523686,37.51016384],[126.92519164,37.51014552],[126.92518265,37.5101596],[126.92516752,37.51015346],[126.92514869,37.51018298],[126.92512783,37.51017565],[126.92511076,37.51020242],[126.92507604,37.51018837],[126.92506571,37.51020454],[126.92502867,37.51018954],[126.92502097,37.5102016],[126.9250033,37.51019445],[126.92498033,37.51023048],[126.92498486,37.51023232],[126.92495244,37.51028314],[126.92498394,37.51029589],[126.92496706,37.51032235],[126.92496242,37.51032047],[126.92493974,37.51035601],[126.92494439,37.5103579],[126.92493094,37.51037897],[126.92494407,37.51038428],[126.92493741,37.51039474],[126.92501948,37.51042796],[126.92502974,37.51041187],[126.92504287,37.51041719],[126.92506359,37.5103847],[126.92506864,37.51038674],[126.92508402,37.51036261],[126.92507898,37.51036057],[126.92509227,37.51033974],[126.92510388,37.51034444],[126.92512963,37.51030407],[126.92512693,37.51029749],[126.92516802,37.51028681],[126.92517073,37.51029342],[126.9252214,37.51031391],[126.92522731,37.51030466],[126.92525345,37.51031525],[126.92525089,37.51031927],[126.92528117,37.51033153],[126.92528354,37.51032781],[126.92532452,37.51034402],[126.92533119,37.51033356],[126.92535138,37.51034174]]]}},{"type":"Feature","id":"seoul-building-550636","properties":{"id":"seoul-building-550636","sourceId":"2003193615984455156800000000","pnu":"1159010800105080000","name":"대방1차e-편한세상","address":"서울특별시 동작구 대방동","useName":"공동주택","floors":1.0,"height":3.46,"heightSource":"measured","heightRaw":3.46,"sourceDate":"2026-09-09"},"geometry":{"type":"Polygon","coordinates":[[[126.92858108,37.51184392],[126.92858334,37.51184212],[126.92858108,37.51184031],[126.92857882,37.51184212],[126.92858108,37.51184392]]]}},{"type":"Feature","id":"seoul-building-550637","properties":{"id":"seoul-building-550637","sourceId":"2003193666874454948400000000","pnu":"1159010800105080000","name":"대방1차e-편한세상","address":"서울특별시 동작구 대방동","useName":"공동주택","floors":1.0,"height":3.46,"heightSource":"measured","heightRaw":3.46,"sourceDate":"2026-09-09"},"geometry":{"type":"Polygon","coordinates":[[[126.92915685,37.51165651],[126.92915911,37.51165471],[126.92915685,37.51165291],[126.92915459,37.51165471],[126.92915685,37.51165651]]]}},{"type":"Feature","id":"seoul-building-550883","properties":{"id":"seoul-building-550883","sourceId":"2018193582914455896800000000","pnu":"1159010800103400002","name":"더브라운","address":"서울특별시 동작구 대방동","useName":"단독주택","floors":4.0,"height":12.34,"heightSource":"measured","heightRaw":12.34,"sourceDate":"2026-09-09"},"geometry":{"type":"Polygon","coordinates":[[[126.92808173,37.51251395],[126.92824829,37.51256678],[126.92825833,37.51254669],[126.92830719,37.51256219],[126.92833147,37.51251364],[126.9283094,37.51250664],[126.92831316,37.51249911],[126.92813557,37.51244278],[126.92811674,37.51248045],[126.92810098,37.51247545],[126.92808173,37.51251395]]]}},{"type":"Feature","id":"seoul-building-551025","properties":{"id":"seoul-building-551025","sourceId":"2017193377964453394400000000","pnu":"1159010800103530015","name":"서울특별시 동작구 대방동","address":"서울특별시 동작구 대방동","useName":"단독주택","floors":3.0,"height":11.1,"heightSource":"measured","heightRaw":11.1,"sourceDate":"2026-09-09"},"geometry":{"type":"Polygon","coordinates":[[[126.92597076,37.51027035],[126.92595174,37.51023177],[126.92595912,37.51022947],[126.92593493,37.5101804],[126.92589651,37.51019242],[126.92589898,37.51019745],[126.9258632,37.51020866],[126.92587352,37.51022962],[126.92584616,37.51023818],[126.92584987,37.51024573],[126.92579934,37.51026154],[126.925826,37.51031564],[126.92597076,37.51027035]]]}},{"type":"Feature","id":"seoul-building-551074","properties":{"id":"seoul-building-551074","sourceId":"2003193505134454191800000000","pnu":"1159010800103510002","name":"서울특별시 동작구 대방동","address":"서울특별시 동작구 대방동","useName":"제2종근린생활시설","floors":6.0,"height":18.2,"heightSource":"measured","heightRaw":18.2,"sourceDate":"2026-09-09"},"geometry":{"type":"Polygon","coordinates":[[[126.92727546,37.51092987],[126.92727368,37.51093972],[126.92725637,37.5109383],[126.92724588,37.5109963],[126.92739784,37.51101498],[126.92740533,37.5109612],[126.9274002,37.5109612],[126.92740145,37.51094375],[126.92727546,37.51092987]]]}},{"type":"Feature","id":"seoul-building-551147","properties":{"id":"seoul-building-551147","sourceId":"2018193627914457299500000000","pnu":"1159010800105160000","name":"대방파크빌","address":"서울특별시 동작구 대방동","useName":"공동주택","floors":5.0,"height":15.8,"heightSource":"measured","heightRaw":15.8,"sourceDate":"2026-09-09"},"geometry":{"type":"Polygon","coordinates":[[[126.92853529,37.51362477],[126.92848918,37.51371],[126.92850839,37.5137166],[126.92850123,37.51372983],[126.92845605,37.51371432],[126.92844843,37.51372839],[126.92843597,37.5137241],[126.92841493,37.51376299],[126.92845337,37.51377619],[126.92844575,37.51379026],[126.92857456,37.51383448],[126.92861014,37.51376869],[126.92886267,37.51385539],[126.92886287,37.51386259],[126.92883799,37.51386303],[126.92883884,37.51389366],[126.92883319,37.51389375],[126.92883433,37.51393519],[126.92897003,37.5139328],[126.92896831,37.51387065],[126.92891856,37.51387152],[126.92891816,37.51385727],[126.92893376,37.51386262],[126.92895972,37.51381463],[126.92895203,37.51381199],[126.92896636,37.51378552],[126.92896012,37.51378338],[126.92896595,37.51377261],[126.92853529,37.51362477]]]}},{"type":"Feature","id":"seoul-building-551193","properties":{"id":"seoul-building-551193","sourceId":"2018193525174453977900000000","pnu":"1159010800103510005","name":"파크힐스","address":"서울특별시 동작구 대방동","useName":"공동주택","floors":4.0,"height":12.68,"heightSource":"measured","heightRaw":12.68,"sourceDate":"2026-09-09"},"geometry":{"type":"Polygon","coordinates":[[[126.9275241,37.51070144],[126.92746053,37.51081736],[126.9275925,37.51084703],[126.92759782,37.51083734],[126.92760093,37.51083842],[126.92761633,37.51081032],[126.92761944,37.5108114],[126.92763397,37.51078489],[126.9276288,37.5107831],[126.9276469,37.51075007],[126.9275588,37.51071942],[126.9275614,37.51071442],[126.9275241,37.51070144]]]}},{"type":"Feature","id":"seoul-building-551664","properties":{"id":"seoul-building-551664","sourceId":"2011193577104456033400000000","pnu":"1159010800103400012","name":"서울특별시 동작구 대방동","address":"서울특별시 동작구 대방동","useName":"제2종근린생활시설","floors":6.0,"height":18.0,"heightSource":"measured","heightRaw":18.0,"sourceDate":"2026-09-09"},"geometry":{"type":"Polygon","coordinates":[[[126.92812622,37.51270074],[126.92813754,37.51266306],[126.92816614,37.51266851],[126.92817246,37.51264748],[126.92820656,37.51265398],[126.92822395,37.51259615],[126.92816014,37.51258398],[126.92815671,37.51259538],[126.92813802,37.5125918],[126.92814381,37.51257253],[126.92810751,37.51256561],[126.92807012,37.51269003],[126.92812622,37.51270074]]]}},{"type":"Feature","id":"seoul-building-551684","properties":{"id":"seoul-building-551684","sourceId":"2016193567724457349500000000","pnu":"1159010800100980004","name":"티엠타운","address":"서울특별시 동작구 대방동","useName":"공동주택","floors":6.0,"height":17.3,"heightSource":"measured","heightRaw":17.3,"sourceDate":"2026-09-09"},"geometry":{"type":"Polygon","coordinates":[[[126.92799464,37.51390221],[126.92805061,37.51389577],[126.92805125,37.51389934],[126.92811059,37.51389251],[126.92809911,37.5138292],[126.92809575,37.51382959],[126.9280875,37.51378411],[126.92806848,37.51378629],[126.92806169,37.51374884],[126.92805609,37.51374949],[126.92805415,37.51373878],[126.92803288,37.51374123],[126.92802916,37.51372072],[126.92796312,37.51372832],[126.92799464,37.51390221]]]}},{"type":"Feature","id":"seoul-building-551952","properties":{"id":"seoul-building-551952","sourceId":"2016193580504457460700000000","pnu":"1159010800101010005","name":"행복채","address":"서울특별시 동작구 대방동","useName":"단독주택","floors":3.0,"height":12.5,"heightSource":"measured","heightRaw":12.5,"sourceDate":"2026-09-09"},"geometry":{"type":"Polygon","coordinates":[[[126.92811099,37.51388057],[126.92811065,37.51391706],[126.92811744,37.5139171],[126.92811712,37.51395133],[126.9281273,37.51395139],[126.92812725,37.5139568],[126.92822734,37.51395739],[126.92822739,37.51395199],[126.92823757,37.51395205],[126.9282379,37.51391781],[126.92824468,37.51391785],[126.92824502,37.51388136],[126.92811099,37.51388057]]]}},{"type":"Feature","id":"seoul-building-552001","properties":{"id":"seoul-building-552001","sourceId":"2016193618274455899700000000","pnu":"1159010800103390007","name":"서울특별시 동작구 대방동","address":"서울특별시 동작구 대방동","useName":"단독주택","floors":3.0,"height":13.3,"heightSource":"measured","heightRaw":13.3,"sourceDate":"2026-09-09"},"geometry":{"type":"Polygon","coordinates":[[[126.92854004,37.51253324],[126.92862913,37.51256546],[126.92867239,37.51248957],[126.9285833,37.51245735],[126.92854004,37.51253324]]]}},{"type":"Feature","id":"seoul-building-552146","properties":{"id":"seoul-building-552146","sourceId":"0000193441834455500600000000","pnu":"1159010800103400005","name":"청년공간 무중력지대 대방동","address":"서울특별시 동작구 대방동","useName":"수련시설","floors":2.0,"height":7.96,"heightSource":"measured","heightRaw":7.96,"sourceDate":"2026-09-09"},"geometry":{"type":"Polygon","coordinates":[[[126.92653219,37.51206171],[126.92654397,37.51209863],[126.92651721,37.51210403],[126.9265682,37.51226384],[126.9266217,37.51225301],[126.92657444,37.5121051],[126.92667742,37.51212659],[126.9266317,37.51226501],[126.92665839,37.51227061],[126.92672197,37.51209047],[126.92655893,37.5120563],[126.92653219,37.51206171]]]}},{"type":"Feature","id":"seoul-building-559951","properties":{"id":"seoul-building-559951","sourceId":"1982192930144456899500000000","pnu":"1156013200100650040","name":"서울특별시 영등포구 신길동","address":"서울특별시 영등포구 신길동","useName":"제2종근린생활시설","floors":3.0,"height":10.6,"heightSource":"estimated","heightRaw":0.0,"sourceDate":"2026-09-09"},"geometry":{"type":"Polygon","coordinates":[[[126.92091787,37.51347042],[126.92085628,37.51331216],[126.92072787,37.5133438],[126.92078516,37.51350115],[126.92091787,37.51347042]]]}},{"type":"Feature","id":"seoul-building-561827","properties":{"id":"seoul-building-561827","sourceId":"2022193432744456413100000000","pnu":"1156013200142030001","name":"신길지구대","address":"서울특별시 영등포구 신길동","useName":"제1종근린생활시설","floors":4.0,"height":17.4,"heightSource":"measured","heightRaw":17.4,"sourceDate":"2026-09-09"},"geometry":{"type":"Polygon","coordinates":[[[126.92661132,37.51295753],[126.92642441,37.51292009],[126.92640305,37.51298771],[126.92658997,37.51302516],[126.92661132,37.51295753]]]}},{"type":"Feature","id":"seoul-building-566341","properties":{"id":"seoul-building-566341","sourceId":"2015192895774458889200000000","pnu":"1156013200100640022","name":"서울특별시 영등포구 신길동","address":"서울특별시 영등포구 신길동","useName":"단독주택","floors":3.0,"height":10.3,"heightSource":"measured","heightRaw":10.3,"sourceDate":"2026-09-09"},"geometry":{"type":"Polygon","coordinates":[[[126.92038061,37.51525841],[126.92046069,37.51526739],[126.92048301,37.51514115],[126.92040293,37.51513217],[126.92039394,37.51518302],[126.9203861,37.51518214],[126.92038176,37.51520668],[126.92039162,37.51520823],[126.92038061,37.51525841]]]}},{"type":"Feature","id":"seoul-building-566595","properties":{"id":"seoul-building-566595","sourceId":"1992193149324459177100000000","pnu":"1156013200100090028","name":"서울특별시 영등포구 신길동","address":"서울특별시 영등포구 신길동","useName":"단독주택","floors":3.0,"height":9.4,"heightSource":"measured","heightRaw":9.4,"sourceDate":"2026-09-09"},"geometry":{"type":"Polygon","coordinates":[[[126.92337652,37.5154729],[126.9233154,37.51540646],[126.92322668,37.51544532],[126.92327468,37.51551644],[126.92337652,37.5154729]]]}},{"type":"Feature","id":"seoul-building-566689","properties":{"id":"seoul-building-566689","sourceId":"1997193107984458782800000000","pnu":"1156013200100080039","name":"서울특별시 영등포구 신길동","address":"서울특별시 영등포구 신길동","useName":"단독주택","floors":4.0,"height":12.0,"heightSource":"measured","heightRaw":12.0,"sourceDate":"2026-09-09"},"geometry":{"type":"Polygon","coordinates":[[[126.92280958,37.51516213],[126.92284251,37.51514927],[126.92284838,37.51515892],[126.92290564,37.51513138],[126.92284828,37.5150435],[126.92275684,37.51508146],[126.92280958,37.51516213]]]}},{"type":"Feature","id":"seoul-building-566835","properties":{"id":"seoul-building-566835","sourceId":"1990193069704454816800000000","pnu":"1156013200104520002","name":"서울특별시 영등포구 신길동","address":"서울특별시 영등포구 신길동","useName":"의료시설","floors":7.0,"height":27.3,"heightSource":"measured","heightRaw":27.3,"sourceDate":"2026-09-09"},"geometry":{"type":"Polygon","coordinates":[[[126.92238183,37.51174129],[126.92233287,37.51161782],[126.9223495,37.51161359],[126.92234544,37.5116017],[126.92275387,37.51149601],[126.92269193,37.51133775],[126.92212252,37.51147937],[126.92218615,37.51164241],[126.92215832,37.51164924],[126.92218449,37.51171638],[126.92215824,37.51172285],[126.92216354,37.51173628],[126.922189,37.51172999],[126.92221065,37.51178541],[126.92238183,37.51174129]]]}},{"type":"Feature","id":"seoul-building-568004","properties":{"id":"seoul-building-568004","sourceId":"2003193477814461406300000000","pnu":"1156011000100480000","name":"대우트럼프월드2","address":"서울특별시 영등포구 여의도동","useName":"공동주택","floors":34.0,"height":127.2,"heightSource":"measured","heightRaw":127.2,"sourceDate":"2026-09-09"},"geometry":{"type":"Polygon","coordinates":[[[126.92703112,37.51765483],[126.9270412,37.51764447],[126.9270542,37.5176526],[126.92723945,37.51745755],[126.92723198,37.51745259],[126.92723901,37.5174453],[126.92699991,37.51728972],[126.92699289,37.51729657],[126.92697729,37.51728656],[126.92678525,37.51748755],[126.92679836,37.51749557],[126.92678987,37.51750467],[126.92703112,37.51765483]]]}},{"type":"Feature","id":"seoul-building-582222","properties":{"id":"seoul-building-582222","sourceId":"1992193125754458029700000000","pnu":"1156013200100040026","name":"서울특별시 영등포구 신길동","address":"서울특별시 영등포구 신길동","useName":"공동주택","floors":3.0,"height":9.45,"heightSource":"measured","heightRaw":9.45,"sourceDate":"2026-09-09"},"geometry":{"type":"Polygon","coordinates":[[[126.92298023,37.51447607],[126.92303994,37.51449396],[126.92305428,37.51446361],[126.92306064,37.51446552],[126.92307948,37.5144238],[126.92308928,37.51442789],[126.92310459,37.51439551],[126.92300994,37.51436714],[126.92299712,37.51439737],[126.92298607,37.51439465],[126.92297316,37.51442197],[126.92300174,37.51443054],[126.92298023,37.51447607]]]}},{"type":"Feature","id":"seoul-building-583386","properties":{"id":"seoul-building-583386","sourceId":"1991193165914459027500000000","pnu":"1156013200100090022","name":"서울특별시 영등포구 신길동","address":"서울특별시 영등포구 신길동","useName":"공동주택","floors":2.0,"height":6.9,"heightSource":"estimated","heightRaw":0.0,"sourceDate":"2026-09-09"},"geometry":{"type":"Polygon","coordinates":[[[126.92358037,37.51533977],[126.92346735,37.51525221],[126.92339332,37.5153129],[126.92350634,37.51540037],[126.92358037,37.51533977]]]}},{"type":"Feature","id":"seoul-building-583634","properties":{"id":"seoul-building-583634","sourceId":"2014192953854455895600000000","pnu":"1156013200100940007","name":"서울특별시 영등포구 신길동","address":"서울특별시 영등포구 신길동","useName":"단독주택","floors":3.0,"height":10.1,"heightSource":"measured","heightRaw":10.1,"sourceDate":"2026-09-09"},"geometry":{"type":"Polygon","coordinates":[[[126.92102188,37.51245319],[126.92104857,37.51252065],[126.92106043,37.51251768],[126.92106706,37.51253443],[126.92105627,37.51253713],[126.92107208,37.5125771],[126.92115892,37.5125553],[126.92110843,37.51242768],[126.92106259,37.51243919],[126.92106394,37.51244263],[126.92102188,37.51245319]]]}},{"type":"Feature","id":"seoul-building-584792","properties":{"id":"seoul-building-584792","sourceId":"2021192862344458073100000000","pnu":"1156013200100970053","name":"판테온","address":"서울특별시 영등포구 신길동","useName":"단독주택","floors":5.0,"height":13.4,"heightSource":"measured","heightRaw":13.4,"sourceDate":"2026-09-09"},"geometry":{"type":"Polygon","coordinates":[[[126.92008006,37.51454726],[126.9201044,37.51449296],[126.92008416,37.51448721],[126.92012448,37.51439726],[126.92005843,37.51437847],[126.92005348,37.51438951],[126.92003751,37.51438497],[126.9199778,37.51451818],[126.92008006,37.51454726]]]}},{"type":"Feature","id":"seoul-building-631452","properties":{"id":"seoul-building-631452","sourceId":"1984193486604457767000000000","pnu":"1159010800100880019","name":"이투데이빌딩","address":"서울특별시 동작구 대방동","useName":"업무시설","floors":6.0,"height":27.9,"heightSource":"measured","heightRaw":27.9,"sourceDate":"2026-09-09"},"geometry":{"type":"Polygon","coordinates":[[[126.92697352,37.51429903],[126.92728934,37.51422844],[126.92727101,37.51417639],[126.92730367,37.51416908],[126.92728137,37.51410575],[126.9272487,37.51411306],[126.92724105,37.51409138],[126.92692554,37.51416283],[126.92697352,37.51429903]]]}},{"type":"Feature","id":"seoul-building-683199","properties":{"id":"seoul-building-683199","sourceId":"2006193368174454644800000000","pnu":"1159010800105120000","name":"대방동경남아너스빌","address":"서울특별시 동작구 대방동","useName":"공동주택","floors":15.0,"height":40.3,"heightSource":"measured","heightRaw":40.3,"sourceDate":"2026-09-09"},"geometry":{"type":"Polygon","coordinates":[[[126.92585367,37.5111227],[126.92576917,37.51114348],[126.9257697,37.5111463],[126.92576139,37.51114826],[126.92576315,37.51115333],[126.92571242,37.51116682],[126.92571911,37.51118343],[126.92569613,37.51118792],[126.92569243,37.51118116],[126.92548366,37.51123623],[126.92548489,37.51124129],[126.92544087,37.51125196],[126.92543964,37.51124745],[126.92533376,37.51127413],[126.92537395,37.51137102],[126.92542557,37.5113581],[126.92542627,37.51136148],[126.92546764,37.51135278],[126.92547346,37.51136123],[126.92553693,37.51134381],[126.92553481,37.51133536],[126.92557918,37.51132328],[126.92557812,37.51131877],[126.92567836,37.51129434],[126.92567924,37.51129772],[126.92572538,37.51128564],[126.9257245,37.51128057],[126.92575949,37.51127215],[126.9257743,37.51130876],[126.92577996,37.51130792],[126.92581135,37.51138509],[126.92580374,37.51138902],[126.92581662,37.51142113],[126.92580778,37.51142479],[126.92582804,37.51147689],[126.92583918,37.51147436],[126.92585417,37.51150929],[126.92585911,37.51150844],[126.92588962,37.51158702],[126.9258859,37.51158842],[126.92589647,37.51162137],[126.92588817,37.5116239],[126.9258982,37.51165347],[126.92593126,37.51164786],[126.92593778,37.51166504],[126.92590843,37.51167093],[126.92592183,37.51170839],[126.92595365,37.51170362],[126.92596634,37.5117287],[126.92600081,37.51172196],[126.92600222,37.51172505],[126.92604501,37.51171438],[126.9260443,37.51171016],[126.92605633,37.51170707],[126.92605439,37.51169665],[126.92609311,37.51168654],[126.92607812,37.51164204],[126.92608273,37.51164063],[126.92606703,37.51160937],[126.92603149,37.5116178],[126.92602497,37.51160062],[126.92602974,37.51159922],[126.92596329,37.5114339],[126.92595763,37.51143502],[126.9259437,37.51140093],[126.92594812,37.51139925],[126.92588165,37.51122971],[126.92587776,37.51122999],[126.92587495,37.51121591],[126.92589564,37.51121001],[126.92588207,37.51117396],[126.92587499,37.51117508],[126.92587077,37.51116213],[126.92588014,37.5111596],[126.92586621,37.51112608],[126.92585524,37.51112834],[126.92585367,37.5111227]]]}},{"type":"Feature","id":"seoul-building-683200","properties":{"id":"seoul-building-683200","sourceId":"2006193327944454840200000000","pnu":"1159010800105120000","name":"대방동경남아너스빌","address":"서울특별시 동작구 대방동","useName":"공동주택","floors":14.0,"height":37.7,"heightSource":"measured","heightRaw":37.7,"sourceDate":"2026-09-09"},"geometry":{"type":"Polygon","coordinates":[[[126.92532869,37.51138479],[126.92520549,37.51141512],[126.9252233,37.51145455],[126.92521852,37.51145623],[126.92523121,37.511492],[126.92522272,37.51149509],[126.92524052,37.51154212],[126.92525112,37.51154016],[126.92526577,37.51157846],[126.92526966,37.5115779],[126.92528288,37.51161592],[126.92526873,37.5116207],[126.92529007,37.51166829],[126.9252952,37.51166801],[126.92530382,37.51169562],[126.92530824,37.51169505],[126.92531865,37.51172153],[126.9254438,37.51168979],[126.92543692,37.51167374],[126.92544099,37.51167233],[126.92537488,37.51150391],[126.9253694,37.51150504],[126.92535512,37.51147209],[126.92536184,37.51147012],[126.92532869,37.51138479]]]}},{"type":"Feature","id":"seoul-building-684011","properties":{"id":"seoul-building-684011","sourceId":"1975193417344454424700000000","pnu":"1159010800103440012","name":"서울특별시 동작구 대방동","address":"서울특별시 동작구 대방동","useName":"단독주택","floors":2.0,"height":3.0,"heightSource":"measured","heightRaw":3.0,"sourceDate":"2026-09-09"},"geometry":{"type":"Polygon","coordinates":[[[126.92637132,37.51111936],[126.92632092,37.51112862],[126.92632233,37.51113509],[126.92627673,37.51114492],[126.92628713,37.511179],[126.92627953,37.51118096],[126.92628006,37.51118294],[126.92627653,37.51118349],[126.92627741,37.51118969],[126.92627015,37.51119109],[126.92628672,37.51123953],[126.92640533,37.51121173],[126.92637132,37.51111936]]]}}]}